Da,method,snapshot,time,y,mean_u,mean_v,R11,R22,R12,mean_c1,mean_c2,covariance_streamwise
1,DNS,0,0.0,0.0078125,-1.0,0.0,6.570137787900594e-13,5.708888250872606e-15,2.9582283945787943e-31,0.0,1.0,0.0
1,DNS,0,0.0,0.0234375,-1.0,2.481541837659083e-24,2.159284280930924e-12,8.29958733825044e-14,-1.5777218104420236e-30,0.0,1.0,0.0
1,DNS,0,0.0,0.0390625,-1.0,-1.8611563782443123e-24,1.5362923971006848e-11,6.247787647878083e-13,-4.733165431326071e-30,0.0,1.0,0.0
1,DNS,0,0.0,0.0546875,-1.0,8.271806125530277e-24,1.0192154865351448e-10,4.396831927449826e-12,8.835242138475332e-29,0.0,1.0,0.0
1,DNS,0,0.0,0.0703125,-1.0,-5.1285197978287716e-23,6.303984305448273e-10,2.8926798388188747e-11,-7.068193710780266e-28,0.0,1.0,0.0
1,DNS,0,0.0,0.0859375,-1.0,1.4558378780933287e-22,3.6344790664301803e-09,1.7791426980494526e-10,-8.077935669463161e-28,0.0,1.0,0.0
1,DNS,0,0.0,0.1015625,-1.0,-5.293955920339377e-23,1.9528053744216348e-08,1.0229963078191315e-09,1.6155871338926322e-26,0.0,1.0,0.0
1,DNS,0,0.0,0.1171875,-1.0,-8.470329472543003e-22,9.776123267780567e-08,5.499119087345055e-09,-2.0679515313825692e-25,0.0,1.0,0.0
1,DNS,0,0.0,0.1328125,-0.9999999999999999,7.940933880509066e-22,4.558837089398682e-07,2.7635721197783388e-08,2.0679515313825692e-25,0.0,1.0,0.0
1,DNS,0,0.0,0.1484375,-1.0,1.0587911840678754e-21,1.9796818404886703e-06,1.298404104277486e-07,-1.2407709188295415e-24,5.551115123125783e-17,1.0,0.0
1,DNS,0,0.0,0.1640625,-0.9999999999999999,0.0,8.00290523141155e-06,5.703127293818589e-07,4.963083675318166e-24,2.7755575615628914e-16,0.9999999999999999,0.0
1,DNS,0,0.0,0.1796875,-0.9999999999999964,-1.2705494208814505e-20,3.010561097862845e-05,2.341978984703462e-06,0.0,1.4432899320127035e-15,0.9999999999999984,0.0
1,DNS,0,0.0,0.1953125,-0.9999999999999841,-2.1175823681357508e-20,0.0001053432434852525,8.991294440049742e-06,6.913906431963227e-20,7.66053886991358e-15,0.9999999999999927,0.0
1,DNS,0,0.0,0.2109375,-0.9999999999999183,-1.2197274440461925e-19,0.0003426948796987711,3.227254487683245e-05,1.180552170235681e-19,4.068967385251199e-14,0.9999999999999593,0.0
1,DNS,0,0.0,0.2265625,-0.9999999999995701,0.0,0.001035848122025084,0.0001082974808861944,-9.09501627114305e-19,2.153277556260491e-13,0.9999999999997848,0.0
1,DNS,0,0.0,0.2421875,-0.9999999999977207,0.0,0.0029071872119901467,0.00033976600952790616,1.4230153513872246e-19,1.1399770016851107e-12,0.9999999999988598,0.0
1,DNS,0,0.0,0.2578125,-0.9999999999879282,-1.0842021724855044e-19,0.0075697770780033345,0.000996598262047638,2.5851445550201246e-18,6.035671962223432e-12,0.9999999999939646,0.0
1,DNS,0,0.0,0.2734375,-0.9999999999360866,2.710505431213761e-20,0.018268373725907526,0.002733008777658424,-1.1357017756785659e-17,3.195582687354204e-11,0.9999999999680443,0.0
1,DNS,0,0.0,0.2890625,-0.9999999996616218,1.0842021724855044e-19,0.04081364256742353,0.007007201548012862,-2.3174821436877657e-18,1.6918982881364286e-10,0.9999999998308101,0.0
1,DNS,0,0.0,0.3046875,-0.9999999982084519,-9.215718466126788e-19,0.08428720666599052,0.016797039314779993,6.667843360785852e-18,8.957736774561909e-10,0.9999999991042261,0.0
1,DNS,0,0.0,0.3203125,-0.9999999905146701,-2.222614453595284e-18,0.16060946403012177,0.03764498810799345,-3.550762114890027e-17,4.742664760915005e-09,0.9999999952573352,0.0
1,DNS,0,0.0,0.3359375,-0.999999949780019,-1.0842021724855044e-18,0.28172019595358677,0.07888047481424484,3.913969842672671e-17,2.5109990919869318e-08,0.9999999748900092,0.0
1,DNS,0,0.0,0.3515625,-0.9999997341108331,1.734723475976807e-18,0.45350360590081096,0.1545330234329892,7.047314121155779e-17,1.3294458278689805e-07,0.9999998670554173,0.0
1,DNS,0,0.0,0.3671875,-0.9999985922532633,0.0,0.6672611649710681,0.28305048413615147,-4.662069341687669e-17,7.038733689790356e-07,0.9999992961266313,0.0
1,DNS,0,0.0,0.3828125,-0.9999925467214335,-3.469446951953614e-18,0.8923503282805586,0.4847285160039235,-1.700029006457271e-16,3.726639284162836e-06,0.9999962733607158,0.0
1,DNS,0,0.0,0.3984375,-0.9999605393223056,2.168404344971009e-18,1.0760313198997573,0.7761156202763453,1.8908485888147197e-16,1.973033884716813e-05,0.9999802696611528,0.0
1,DNS,0,0.0,0.4140625,-0.9997910935355708,-4.7704895589362195e-18,1.1559510884441573,1.1618456921005156,-2.975050761300224e-16,0.00010445323221425219,0.999895546767786,0.0
1,DNS,0,0.0,0.4296875,-0.9988944427261546,-1.0842021724855044e-17,1.0851395337740646,1.6261683423946924,1.5785983631388945e-16,0.000552778636923601,0.9994472213630764,0.0
1,DNS,0,0.0,0.4453125,-0.9941605004152155,1.734723475976807e-17,0.8603472465065216,2.1280326409803028,2.2724877535296173e-16,0.002919749792392179,0.9970802502076079,0.0
1,DNS,0,0.0,0.4609375,-0.9694656922392504,-9.540979117872439e-18,0.5376820185019114,2.6036785875414346,-1.0399667238480959e-15,0.015267153880374416,0.9847328461196254,0.0
1,DNS,0,0.0,0.4765625,-0.8482836399575115,6.938893903907228e-18,0.22159835812546802,2.978469726437543,-2.168404344971009e-17,0.07585818002124357,0.9241418199787564,0.0
1,DNS,0,0.0,0.4921875,-0.3941185679308137,2.42861286636753e-17,0.026344701759837063,3.1856351001505194,9.014056862044484e-16,0.30294071603459277,0.6970592839654072,0.0
1,DNS,0,0.0,0.5078125,0.3941185679308137,2.42861286636753e-17,0.026344701759837063,3.1856351001505194,-9.014056862044484e-16,0.6970592839654072,0.30294071603459277,0.0
1,DNS,0,0.0,0.5234375,0.8482836399575115,6.938893903907228e-18,0.22159835812546802,2.978469726437543,2.168404344971009e-17,0.9241418199787564,0.07585818002124357,0.0
1,DNS,0,0.0,0.5390625,0.9694656922392504,-9.540979117872439e-18,0.5376820185019114,2.6036785875414346,1.0399667238480959e-15,0.9847328461196254,0.01526715388037436,0.0
1,DNS,0,0.0,0.5546875,0.9941605004152155,1.734723475976807e-17,0.8603472465065216,2.1280326409803028,-2.2724877535296173e-16,0.9970802502076079,0.002919749792392179,0.0
1,DNS,0,0.0,0.5703125,0.9988944427261546,-1.0842021724855044e-17,1.0851395337740646,1.6261683423946924,-1.5785983631388945e-16,0.9994472213630764,0.000552778636923601,0.0
1,DNS,0,0.0,0.5859375,0.9997910935355708,-4.7704895589362195e-18,1.1559510884441573,1.1618456921005156,2.975050761300224e-16,0.999895546767786,0.0001044532322143077,0.0
1,DNS,0,0.0,0.6015625,0.9999605393223056,2.168404344971009e-18,1.0760313198997573,0.7761156202763453,-1.8908485888147197e-16,0.9999802696611528,1.973033884716813e-05,0.0
1,DNS,0,0.0,0.6171875,0.9999925467214335,-3.469446951953614e-18,0.8923503282805586,0.4847285160039235,1.700029006457271e-16,0.9999962733607158,3.726639284162836e-06,0.0
1,DNS,0,0.0,0.6328125,0.9999985922532633,0.0,0.6672611649710681,0.28305048413615147,4.662069341687669e-17,0.9999992961266313,7.038733689235245e-07,0.0
1,DNS,0,0.0,0.6484375,0.9999997341108331,1.734723475976807e-18,0.45350360590081096,0.1545330234329892,-7.047314121155779e-17,0.9999998670554173,1.3294458278689805e-07,0.0
1,DNS,0,0.0,0.6640625,0.999999949780019,-1.0842021724855044e-18,0.28172019595358677,0.07888047481424484,-3.913969842672671e-17,0.9999999748900092,2.510999097538047e-08,0.0
1,DNS,0,0.0,0.6796875,0.9999999905146701,-2.222614453595284e-18,0.16060946403012177,0.03764498810799345,3.550762114890027e-17,0.9999999952573352,4.742664705403854e-09,0.0
1,DNS,0,0.0,0.6953125,0.9999999982084519,-9.215718466126788e-19,0.08428720666599052,0.016797039314779993,-6.667843360785852e-18,0.9999999991042261,8.957736774561909e-10,0.0
1,DNS,0,0.0,0.7109375,0.9999999996616218,1.0842021724855044e-19,0.04081364256742353,0.007007201548012862,2.3174821436877657e-18,0.9999999998308101,1.6918977330249163e-10,0.0
1,DNS,0,0.0,0.7265625,0.9999999999360866,2.710505431213761e-20,0.018268373725907526,0.002733008777658424,1.1357017756785659e-17,0.9999999999680443,3.1955771362390806e-11,0.0
1,DNS,0,0.0,0.7421875,0.9999999999879282,-1.0842021724855044e-19,0.0075697770780033345,0.000996598262047638,-2.5851445550201246e-18,0.9999999999939646,6.035616451072201e-12,0.0
1,DNS,0,0.0,0.7578125,0.9999999999977189,0.0,0.002907187211990146,0.00033976600952790616,-1.3637230450794235e-19,0.9999999999988598,1.1399770016851107e-12,0.0
1,DNS,0,0.0,0.7734375,0.99999999999957,0.0,0.0010358481220250806,0.00010829748088619451,1.5056010637445189e-19,0.9999999999997848,2.1538326677728037e-13,0.0
1,DNS,0,0.0,0.7890625,0.9999999999999183,-9.486769009248164e-20,0.0003426948796987733,3.227254487683251e-05,1.1106719520872013e-19,0.9999999999999593,4.063416270128073e-14,0.0
1,DNS,0,0.0,0.8046875,0.9999999999999841,-2.1175823681357508e-20,0.0001053432434852525,8.991294440049742e-06,-6.913906431963227e-20,0.9999999999999927,7.66053886991358e-15,0.0
1,DNS,0,0.0,0.8203125,0.9999999999999964,-1.2705494208814505e-20,3.010561097862845e-05,2.341978984703462e-06,0.0,0.9999999999999984,1.4432899320127035e-15,0.0
1,DNS,0,0.0,0.8359375,0.9999999999999999,0.0,8.00290523141155e-06,5.703127293818589e-07,-4.963083675318166e-24,0.9999999999999999,2.220446049250313e-16,0.0
1,DNS,0,0.0,0.8515625,1.0,1.0587911840678754e-21,1.9796818404886703e-06,1.298404104277486e-07,1.2407709188295415e-24,1.0,0.0,0.0
1,DNS,0,0.0,0.8671875,0.9999999999999999,7.940933880509066e-22,4.558837089398682e-07,2.7635721197783388e-08,-2.0679515313825692e-25,1.0,0.0,0.0
1,DNS,0,0.0,0.8828125,1.0,-8.470329472543003e-22,9.776123267780567e-08,5.499119087345055e-09,2.0679515313825692e-25,1.0,0.0,0.0
1,DNS,0,0.0,0.8984375,1.0,-5.293955920339377e-23,1.9528053744216348e-08,1.0229963078191315e-09,-1.6155871338926322e-26,1.0,0.0,0.0
1,DNS,0,0.0,0.9140625,1.0,1.4558378780933287e-22,3.6344790664301803e-09,1.7791426980494526e-10,8.077935669463161e-28,1.0,0.0,0.0
1,DNS,0,0.0,0.9296875,1.0,-5.1285197978287716e-23,6.303984305448273e-10,2.8926798388188747e-11,7.068193710780266e-28,1.0,0.0,0.0
1,DNS,0,0.0,0.9453125,1.0,8.271806125530277e-24,1.0192154865351448e-10,4.396831927449826e-12,-8.835242138475332e-29,1.0,0.0,0.0
1,DNS,0,0.0,0.9609375,1.0,-1.8611563782443123e-24,1.5362923971006848e-11,6.247787647878083e-13,4.733165431326071e-30,1.0,0.0,0.0
1,DNS,0,0.0,0.9765625,1.0,2.481541837659083e-24,2.159284280930924e-12,8.29958733825044e-14,1.5777218104420236e-30,1.0,0.0,0.0
1,DNS,0,0.0,0.9921875,1.0,0.0,6.570137787900594e-13,5.708888250872606e-15,-2.9582283945787943e-31,1.0,0.0,0.0
1,DNS,1,0.093125,0.0078125,-0.999999495827212,9.669728125855093e-17,0.0016323961892326403,4.999558861118221e-06,-1.3087982524059025e-18,1.9552296266639577e-16,0.9999999999999998,-1.7971596608822024e-31
1,DNS,1,0.093125,0.0234375,-0.999998888514561,8.272462576064399e-17,0.0016723725734023188,4.5529199284781044e-05,-3.858602773935528e-08,1.4260956979556918e-15,0.9999999999999984,-8.940724034459341e-30
1,DNS,1,0.093125,0.0390625,-0.9999971744668814,-4.6349642873755315e-17,0.0017550730488903763,0.00012949477217909323,-2.3699782143398691e-07,1.1338588485650595e-14,0.9999999999999867,-5.942723376810286e-28
1,DNS,1,0.093125,0.0546875,-0.9999930532502739,1.096128396382845e-16,0.0018862316041184713,0.00026301742848619715,-8.799592253206985e-07,8.780197032820818e-14,0.9999999999998961,-3.63574690991124e-26
1,DNS,1,0.093125,0.0703125,-0.9999836960336306,3.0921445959286586e-16,0.002075053882026583,0.000456085062179062,-2.6438618835760427e-06,6.589838161027398e-13,0.9999999999992228,-2.0823184459811395e-24
1,DNS,1,0.093125,0.0859375,-0.9999633219443926,4.391018798566293e-17,0.00233496715455924,0.0007236190573802419,-7.059631405595586e-06,4.780773467253304e-12,0.9999999999943697,-1.1103774322150143e-22
1,DNS,1,0.093125,0.1015625,-0.9999206269684066,-1.1850329745266563e-16,0.0026846767255624803,0.001087069057927445,-1.7428396940071446e-05,3.3442174627939044e-11,0.9999999999606763,-5.4886444657645635e-21
1,DNS,1,0.093125,0.1171875,-0.9998344127390765,2.651958513899544e-16,0.003149657434364444,0.0015767015197855946,-4.055786970894919e-05,2.249946912795883e-10,0.9999999997359165,-2.503560809709662e-19
1,DNS,1,0.093125,0.1328125,-0.9996666108938144,8.716985466783456e-17,0.0037644908730946444,0.0022348290968654976,-8.990351614740175e-05,1.4519658238976501e-09,0.9999999982992674,-1.0482977033290469e-17
1,DNS,1,0.093125,0.1484375,-0.9993519757158282,1.6458188978329957e-16,0.0045772341855164714,0.003120387476179758,-0.00019096547653556266,8.96029516533666e-09,0.9999999895288136,-4.004782684284345e-16
1,DNS,1,0.093125,0.1640625,-0.9987843897374342,1.474514954580286e-16,0.005658829789196721,0.004315628575091316,-0.0003900295485704273,5.268960427838319e-08,0.9999999385879567,-1.3856238367989706e-14
1,DNS,1,0.093125,0.1796875,-0.9978016535231207,-2.2963402013242984e-16,0.007124222279350482,0.0059365383251269895,-0.0007673276190756613,2.9397781547566957e-07,0.9999996583879568,-4.3031473241117944e-13
1,DNS,1,0.093125,0.1953125,-0.9961748658507991,2.688821387764051e-17,0.009177867703133044,0.008150423081297245,-0.0014549282965785567,1.5482280294776586e-06,0.9999982071419935,-1.186261203732502e-11
1,DNS,1,0.093125,0.2109375,-0.9936164051082134,1.7477339020466331e-16,0.012203353157396728,0.011207736512467837,-0.002657126595132797,7.647221530607755e-06,0.9999911800030264,-2.8629388639492615e-10
1,DNS,1,0.093125,0.2265625,-0.9898327859664846,-2.3678975447083417e-16,0.01691809747928691,0.015501411727277726,-0.0046649055978900955,3.5146744958595156e-05,0.9999596528194608,-5.945258649164544e-09
1,DNS,1,0.093125,0.2421875,-0.9846615029780822,-2.5413698923060224e-16,0.024592449340874872,0.021675264793689922,-0.007843567491825739,0.00014886133489773684,0.9998300518173344,-1.0398539944912956e-07
1,DNS,1,0.093125,0.2578125,-0.9783266623603797,-2.983724378680108e-16,0.03726194414623206,0.030808879703993423,-0.01255345180416324,0.0005743762746660155,0.9993485265589307,-1.4928187163146872e-06
1,DNS,1,0.093125,0.2734375,-0.9717834552328422,-5.898059818321144e-17,0.05773764240540992,0.044697046008540756,-0.01895137922684122,0.001992692455022622,0.997757344894984,-1.707159471124308e-05
1,DNS,1,0.093125,0.2890625,-0.9669450571615228,8.977193988179977e-17,0.08913158381816697,0.06619683370332248,-0.02666508314130002,0.00613032367589163,0.9931644555379058,-0.00015052285796816534
1,DNS,1,0.093125,0.3046875,-0.9663490568365589,-2.3071822230491534e-16,0.1337431456362157,0.09952307318069346,-0.034509945042227805,0.016504955706342958,0.9817972690520699,-0.0009906658823184437
1,DNS,1,0.093125,0.3203125,-0.9718450178573849,2.896988204881268e-16,0.19149361615901755,0.1502625477272419,-0.04066555690424368,0.03849468119660815,0.9580766497625599,-0.004734652559540061
1,DNS,1,0.093125,0.3359375,-0.9825893413539335,5.924080670460796e-16,0.2583777858318423,0.2248327443352537,-0.0436090236016015,0.07741501889836974,0.9168266528659161,-0.016163649098889336
1,DNS,1,0.093125,0.3515625,-0.9936924380708171,1.7997756063259374e-16,0.3257619661001935,0.32923983039348104,-0.04321611649552773,0.1346927289089429,0.857199073319797,-0.03952161287927471
1,DNS,1,0.093125,0.3671875,-0.9968645136986463,2.0513105103425744e-16,0.3815962186590919,0.4673260186695537,-0.04074531236706436,0.20532486833855199,0.7848001272013311,-0.07141611367655631
1,DNS,1,0.093125,0.3828125,-0.9827644441156839,2.949029909160572e-16,0.4134414124684135,0.6390360466806324,-0.03758097205619414,0.2799145867221291,0.7091841671986738,-0.10186686700952707
1,DNS,1,0.093125,0.3984375,-0.9434109063007228,2.42861286636753e-17,0.41230966624113136,0.8392750372867397,-0.034365464454958,0.34935140374659635,0.6392925848138862,-0.12493678787124476
1,DNS,1,0.093125,0.4140625,-0.8736314414676496,5.728924279413405e-16,0.37655311028866456,1.0577284747787778,-0.031304641399103175,0.4072984554493523,0.581247156458796,-0.1405959012613119
1,DNS,1,0.093125,0.4296875,-0.771589937686836,7.671814572507429e-16,0.3133505754387963,1.2797381256045086,-0.028485563342179318,0.4501971481495638,0.5383070786291244,-0.14893056442388075
1,DNS,1,0.093125,0.4453125,-0.6385406671973552,-2.0708261494473135e-16,0.23604822757401045,1.4879697062061843,-0.025777880789378906,0.4774676469137943,0.510754058711415,-0.15033216582338604
1,DNS,1,0.093125,0.4609375,-0.47817473298585533,6.158268339717665e-17,0.15998668214253214,1.664453923379153,-0.02310995917567652,0.49144070782065646,0.4962308336758984,-0.14741858781548578
1,DNS,1,0.093125,0.4765625,-0.29622851705999786,5.880712583561376e-16,0.09957302366609688,1.7927891628305326,-0.02084085450200431,0.49590560015541485,0.4911808248529476,-0.14353038110942457
1,DNS,1,0.093125,0.4921875,-0.10035092759892256,-3.903127820947816e-18,0.06619026150714899,1.8603841649980266,-0.019532168436911534,0.4947874498642934,0.49193585788818117,-0.14103211517580827
1,DNS,1,0.093125,0.5078125,0.10035092759892247,-5.204170427930421e-18,0.06619026150714898,1.8603841649980266,-0.019532168436911523,0.49193585788818117,0.49478744986429335,-0.14103211517580827
1,DNS,1,0.093125,0.5234375,0.2962285170599978,-4.536301889679351e-16,0.09957302366609683,1.7927891628305326,-0.020840854502004257,0.49118082485294773,0.49590560015541485,-0.14353038110942457
1,DNS,1,0.093125,0.5390625,0.47817473298585544,1.8214596497756474e-17,0.15998668214253214,1.6644539233791529,-0.023109959175676497,0.4962308336758985,0.4914407078206566,-0.1474185878154858
1,DNS,1,0.093125,0.5546875,0.6385406671973551,2.194425197110661e-16,0.23604822757401042,1.4879697062061843,-0.025777880789379027,0.5107540587114151,0.4774676469137943,-0.15033216582338604
1,DNS,1,0.093125,0.5703125,0.7715899376868359,-7.476658181460039e-16,0.3133505754387963,1.279738125604509,-0.028485563342179332,0.5383070786291244,0.45019714814956374,-0.14893056442388075
1,DNS,1,0.093125,0.5859375,0.8736314414676496,-5.386316392907986e-16,0.37655311028866456,1.0577284747787778,-0.03130464139910321,0.581247156458796,0.40729845544935217,-0.1405959012613119
1,DNS,1,0.093125,0.6015625,0.9434109063007226,6.418476861114186e-17,0.4123096662411313,0.8392750372867399,-0.03436546445495817,0.6392925848138863,0.3493514037465963,-0.12493678787124479
1,DNS,1,0.093125,0.6171875,0.9827644441156839,-2.220446049250313e-16,0.4134414124684134,0.6390360466806329,-0.03758097205619411,0.7091841671986738,0.27991458672212916,-0.10186686700952714
1,DNS,1,0.093125,0.6328125,0.9968645136986463,-2.2898349882893854e-16,0.381596218659092,0.4673260186695538,-0.040745312367064385,0.784800127201331,0.20532486833855207,-0.07141611367655637
1,DNS,1,0.093125,0.6484375,0.9936924380708171,-2.0122792321330962e-16,0.3257619661001936,0.32923983039348115,-0.04321611649552769,0.8571990733197968,0.13469272890894296,-0.03952161287927475
1,DNS,1,0.093125,0.6640625,0.9825893413539337,-5.752776727208087e-16,0.25837778583184245,0.22483274433525374,-0.04360902360160151,0.9168266528659159,0.07741501889836977,-0.016163649098889357
1,DNS,1,0.093125,0.6796875,0.9718450178573849,-2.907830226606123e-16,0.19149361615901767,0.15026254772724196,-0.04066555690424367,0.9580766497625597,0.03849468119660815,-0.004734652559540067
1,DNS,1,0.093125,0.6953125,0.9663490568365589,2.250532659536786e-16,0.1337431456362158,0.09952307318069348,-0.0345099450422278,0.9817972690520698,0.016504955706342958,-0.0009906658823184466
1,DNS,1,0.093125,0.7109375,0.9669450571615226,-1.0121027280152184e-16,0.08913158381816702,0.0661968337033225,-0.026665083141300023,0.993164455537906,0.006130323675891614,-0.00015052285796816564
1,DNS,1,0.093125,0.7265625,0.9717834552328419,4.038653092508504e-17,0.057737642405409954,0.04469704600854076,-0.01895137922684123,0.9977573448949839,0.001992692455022602,-1.7071594711243186e-05
1,DNS,1,0.093125,0.7421875,0.9783266623603795,2.994295349861842e-16,0.03726194414623207,0.03080887970399343,-0.012553451804163245,0.9993485265589308,0.0005743762746659958,-1.49281871631471e-06
1,DNS,1,0.093125,0.7578125,0.984661502978082,2.539337013232612e-16,0.02459244934087487,0.02167526479368993,-0.007843567491825732,0.9998300518173344,0.00014886133489771906,-1.0398539944912501e-07
1,DNS,1,0.093125,0.7734375,0.9898327859664843,2.3380819849649903e-16,0.0169180974792869,0.015501411727277726,-0.004664905597890101,0.9999596528194608,3.514674495857931e-05,-5.945258649165465e-09
1,DNS,1,0.093125,0.7890625,0.9936164051082131,-1.6978606021123e-16,0.012203353157396724,0.011207736512467844,-0.0026571265951328012,0.9999911800030264,7.647221530592678e-06,-2.862938863949767e-10
1,DNS,1,0.093125,0.8046875,0.996174865850799,-2.169420784507714e-17,0.009177867703133034,0.00815042308129725,-0.0014549282965785574,0.9999982071419936,1.5482280294620787e-06,-1.1862612037371382e-11
1,DNS,1,0.093125,0.8203125,0.9978016535231204,2.3272399632401353e-16,0.007124222279350483,0.005936538325126993,-0.000767327619075659,0.9999996583879567,2.9397781545908863e-07,-4.303147324124111e-13
1,DNS,1,0.093125,0.8359375,0.9987843897374341,-1.4964700485731175e-16,0.005658829789196726,0.0043156285750913185,-0.0003900295485704262,0.9999999385879567,5.268960426141801e-08,-1.3856238366118376e-14
1,DNS,1,0.093125,0.8515625,0.9993519757158281,-1.6475129637275043e-16,0.004577234185516482,0.0031203874761797585,-0.00019096547653556326,0.9999999895288136,8.96029514940345e-09,-4.0047826808613683e-16
1,DNS,1,0.093125,0.8671875,0.9996666108938144,-8.578664986496828e-17,0.0037644908730946457,0.002234829096865498,-8.990351614740266e-05,0.9999999982992674,1.4519658104772804e-09,-1.0482977043427019e-17
1,DNS,1,0.093125,0.8828125,0.9998344127390765,-2.6184160091882736e-16,0.0031496574343644478,0.0015767015197855952,-4.055786970895052e-05,0.9999999997359166,2.2499468123232699e-10,-2.50356077918826e-19
1,DNS,1,0.093125,0.8984375,0.9999206269684067,1.178256710948622e-16,0.002684676725562481,0.0010870690579274454,-1.742839694007167e-05,0.9999999999606763,3.344216794971159e-11,-5.488645114763694e-21
1,DNS,1,0.093125,0.9140625,0.9999633219443924,-4.45539330255762e-17,0.002334967154559239,0.0007236190573802429,-7.059631405596459e-06,0.9999999999943697,4.7807695141976385e-12,-1.1103794527444852e-22
1,DNS,1,0.093125,0.9296875,0.9999836960336307,-3.0990563847782537e-16,0.0020750538820265806,0.00045608506217906274,-2.643861883576539e-06,0.9999999999992228,6.589817214026879e-13,-2.0823399601583767e-24
1,DNS,1,0.093125,0.9453125,0.9999930532502741,-1.100465205072787e-16,0.001886231604118472,0.00026301742848619763,-8.799592253205264e-07,0.9999999999998962,8.780097030605648e-14,-3.63587357103532e-26
1,DNS,1,0.093125,0.9609375,0.9999971744668814,4.480465477796347e-17,0.001755073048890379,0.00012949477217909363,-2.369978214335706e-07,0.9999999999999867,1.1338154379855031e-14,-5.942446212019553e-28
1,DNS,1,0.093125,0.9765625,0.9999988885145609,-8.319218794752836e-17,0.0016723725734023205,4.552919928478128e-05,-3.8586027738738055e-08,0.9999999999999984,1.4259188657977641e-15,-8.966685968320388e-30
1,DNS,1,0.093125,0.9921875,0.999999495827212,-9.433490636865868e-17,0.0016323961892326442,4.9995588611182535e-06,-1.054556019331604e-18,0.9999999999999998,1.954407345007742e-16,-1.9214983619363708e-31
1,DNS,2,0.185625,0.0078125,-0.9999826484288024,1.4777675610977425e-16,0.005104069551054913,1.4305683489853791e-05,-3.1469391572865393e-18,1.1959047868989334e-09,0.9999999984051414,-6.252373857789072e-18
1,DNS,2,0.185625,0.0234375,-0.9999706450289098,1.5807667674838655e-16,0.005215222642772247,0.00012999488786412155,-2.625013065928427e-07,4.334994421033602e-09,0.999999994244652,-8.240691563493906e-17
1,DNS,2,0.185625,0.0390625,-0.9999406277356688,-6.797947621484113e-17,0.005442629423459196,0.00036810585686344497,-1.521053381099533e-06,1.8126183802298108e-08,0.9999999760403366,-1.442611218476128e-15
1,DNS,2,0.185625,0.0546875,-0.9998785282144307,1.4929463915125396e-16,0.005796416469888075,0.0007425815227719941,-5.232042418913786e-06,7.371668071330085e-08,0.9999999030159477,-2.3849961425172912e-14
1,DNS,2,0.185625,0.0703125,-0.9997578412910898,5.128276275856436e-16,0.0062914915409616416,0.0012755345212995032,-1.440421882572461e-05,2.8836166690850613e-07,0.99999962256771,-3.6417655602260773e-13
1,DNS,2,0.185625,0.0859375,-0.9995324942003287,6.938893903907228e-17,0.0069469844182662235,0.0019986896411390617,-3.502749675961168e-05,1.082154522420153e-06,0.9999985915758185,-5.108178185698006e-12
1,DNS,2,0.185625,0.1015625,-0.9991267989748147,-2.6172640443800077e-16,0.0077853362534600744,0.0029553060581141246,-7.847026075768975e-05,3.886423921538357e-06,0.9999949733416209,-6.547515280846618e-11
1,DNS,2,0.185625,0.1171875,-0.9984233856122325,4.200199216208844e-16,0.008831495678339938,0.00420259688770228,-0.0001652498726617288,1.3320121182220892e-05,0.9999828909970243,-7.623298063260441e-10
1,DNS,2,0.185625,0.1328125,-0.9972524823338282,1.1882855810441129e-16,0.010113928228903078,0.005814795564021533,-0.00033039992599335935,4.342821586202451e-05,0.9999446484863508,-8.006571620905462e-09
1,DNS,2,0.185625,0.1484375,-0.9953903276271052,2.3592239273284576e-16,0.01167141095917893,0.007887443036339918,-0.0006299264188008549,0.00013419521240982382,0.9998304375009608,-7.524232984987639e-08
1,DNS,2,0.185625,0.1640625,-0.9925805767616744,2.3505503099485736e-16,0.013572222330343262,0.010544465770903406,-0.00114603960070139,0.0003913363991641148,0.9995103333260363,-6.267000572749134e-07
1,DNS,2,0.185625,0.1796875,-0.9885975958161812,-3.716645047280309e-16,0.015952330512115483,0.013951396477209665,-0.0019854717062279814,0.0010717177841355545,0.9986737505115417,-4.5751991489707325e-06
1,DNS,2,0.185625,0.1953125,-0.9833674915075463,8.521829075736065e-17,0.019070545874612314,0.018340303199860894,-0.003260611448107779,0.0027409959176260337,0.996650422824136,-2.890182176893639e-05
1,DNS,2,0.185625,0.2109375,-0.9771405916983933,3.1008182133085427e-16,0.023357152716616418,0.02405292387881672,-0.005040401661950749,0.006506724948601363,0.9921614924802714,-0.00015570054244801824
1,DNS,2,0.185625,0.2265625,-0.9706605453562607,-3.430415673744136e-16,0.029408819209663796,0.03160488689491008,-0.0072643111179430215,0.014244183211444484,0.9831150762973309,-0.0007041578836141449
1,DNS,2,0.185625,0.2421875,-0.96521443412417,-3.642919299551295e-16,0.03788771744815419,0.04176304274182012,-0.009637370102702651,0.028578847406824433,0.9667227983174455,-0.0026314741029729847
1,DNS,2,0.185625,0.2578125,-0.9624261518772453,-4.475586568020162e-16,0.049333132880539796,0.055612180628114335,-0.011565211868193844,0.05229170029303466,0.940261057141212,-0.008013721233039046
1,DNS,2,0.185625,0.2734375,-0.9637369678049906,-4.9873299934333204e-17,0.06393757800113711,0.07457571753037842,-0.012213446414506304,0.0870539029400151,0.9024331088978856,-0.01970537454517269
1,DNS,2,0.185625,0.2890625,-0.9697034845771331,1.8604909279851256e-16,0.08131986832284399,0.10035616175812206,-0.010732314937441909,0.13210804022909228,0.8545164618520587,-0.039083295618727275
1,DNS,2,0.185625,0.3046875,-0.9794085482887078,-3.310069232598245e-16,0.10033781617883791,0.13477634699070629,-0.006566635780316988,0.18409727148000551,0.8001352880316412,-0.06317750916092524
1,DNS,2,0.185625,0.3203125,-0.9902586079179694,3.9898639947466563e-16,0.11912105503894188,0.17952803943141454,0.0003306801896366628,0.23860029440474187,0.7435191766498215,-0.08525582945892501
1,DNS,2,0.185625,0.3359375,-0.9982241741597278,9.242823520438925e-16,0.1355256131003262,0.2358643652275055,0.009519218078770417,0.292184591552297,0.6877376837177882,-0.0996996054711031
1,DNS,2,0.185625,0.3515625,-0.9983638863336923,2.8254308614972246e-16,0.14786890268362757,0.3042894728986207,0.020289616523327073,0.3430719387063659,0.6344810795594151,-0.10580949249796227
1,DNS,2,0.185625,0.3671875,-0.9854309271952183,2.5131806358213993e-16,0.15548445251503484,0.384287467431775,0.03190905084563729,0.39010588478814745,0.585153554952138,-0.10659365899547393
1,DNS,2,0.185625,0.3828125,-0.954458297991121,4.47124975933022e-16,0.15882783718751062,0.4741113235450656,0.04374635813501669,0.43159561280031855,0.5417077493302296,-0.1051410697549855
1,DNS,2,0.185625,0.3984375,-0.9013104443779059,-6.938893903907228e-17,0.15927484464819436,0.5706593529463908,0.05526154258136452,0.4653613669072968,0.5063357644337874,-0.10269492220986381
1,DNS,2,0.185625,0.4140625,-0.8231965070435474,8.803721640582296e-16,0.15879980104249258,0.6695016918550347,0.06595275454738087,0.48968003647190517,0.48056350981178686,-0.09915394541519565
1,DNS,2,0.185625,0.4296875,-0.7190926177078416,1.2904174256922474e-15,0.1594680998140403,0.7651317055932716,0.07535489781226087,0.5040507593152255,0.4646942630831751,-0.09431639365327013
1,DNS,2,0.185625,0.4453125,-0.589987340257933,-2.875304161431558e-16,0.1626445076310189,0.8514648118321037,0.0830985712852381,0.5092428022203734,0.45791609023838054,-0.08853321397906633
1,DNS,2,0.185625,0.4609375,-0.4388928951160268,1.2706849461530112e-16,0.16819247740464796,0.9225109493495831,0.08896335534463103,0.5068715059755414,0.45874856149027166,-0.08268471601486561
1,DNS,2,0.185625,0.4765625,-0.2706329150073816,8.495808223596413e-16,0.17429418238842348,0.9730770397129442,0.09286889465814269,0.49897910862373773,0.4653940451858314,-0.07789208958416297
1,DNS,2,0.185625,0.4921875,-0.0914589742334348,-1.0408340855860843e-17,0.1783079250340696,0.9993612220096556,0.09481395297877164,0.4878332876645135,0.4758370031033663,-0.07518546384735075
1,DNS,2,0.185625,0.5078125,0.0914589742334347,1.214306433183765e-17,0.17830792503406961,0.9993612220096555,0.09481395297877161,0.47583700310336624,0.48783328766451345,-0.07518546384735074
1,DNS,2,0.185625,0.5234375,0.2706329150073816,-7.645793720367777e-16,0.17429418238842354,0.9730770397129442,0.0928688946581427,0.4653940451858314,0.4989791086237377,-0.07789208958416292
1,DNS,2,0.185625,0.5390625,0.4388928951160268,3.642919299551295e-17,0.16819247740464804,0.9225109493495827,0.08896335534463097,0.4587485614902719,0.5068715059755415,-0.08268471601486559
1,DNS,2,0.185625,0.5546875,0.589987340257933,3.3133218391157016e-16,0.16264450763101895,0.8514648118321035,0.08309857128523804,0.4579160902383807,0.5092428022203737,-0.08853321397906629
1,DNS,2,0.185625,0.5703125,0.7190926177078416,-1.2455314557513475e-15,0.1594680998140404,0.7651317055932718,0.0753548978122609,0.4646942630831752,0.5040507593152255,-0.09431639365327008
1,DNS,2,0.185625,0.5859375,0.8231965070435473,-7.797582024515748e-16,0.15879980104249258,0.6695016918550349,0.06595275454738078,0.48056350981178697,0.4896800364719051,-0.09915394541519561
1,DNS,2,0.185625,0.6015625,0.9013104443779059,1.734723475976807e-16,0.15927484464819436,0.5706593529463908,0.055261542581364474,0.5063357644337874,0.4653613669072967,-0.10269492220986379
1,DNS,2,0.185625,0.6171875,0.9544582979911211,-4.0202216555762504e-16,0.1588278371875106,0.4741113235450657,0.04374635813501673,0.5417077493302296,0.43159561280031855,-0.1051410697549855
1,DNS,2,0.185625,0.6328125,0.9854309271952183,-2.8449465006019636e-16,0.15548445251503495,0.384287467431775,0.03190905084563734,0.585153554952138,0.39010588478814745,-0.10659365899547392
1,DNS,2,0.185625,0.6484375,0.9983638863336923,-2.749536709423239e-16,0.14786890268362768,0.30428947289862074,0.020289616523327097,0.6344810795594151,0.3430719387063659,-0.10580949249796225
1,DNS,2,0.185625,0.6640625,0.9982241741597279,-9.252581339991295e-16,0.13552561310032635,0.23586436522750553,0.00951921807877042,0.6877376837177882,0.292184591552297,-0.09969960547110311
1,DNS,2,0.185625,0.6796875,0.9902586079179694,-4.1362312880321994e-16,0.11912105503894196,0.17952803943141452,0.00033068018963663243,0.7435191766498215,0.2386002944047419,-0.08525582945892501
1,DNS,2,0.185625,0.6953125,0.9794085482887076,3.1626177371402164e-16,0.10033781617883794,0.13477634699070629,-0.006566635780317007,0.8001352880316411,0.18409727148000554,-0.06317750916092527
1,DNS,2,0.185625,0.7109375,0.9697034845771328,-2.2041830166630305e-16,0.08131986832284399,0.10035616175812206,-0.010732314937441916,0.8545164618520585,0.13210804022909234,-0.039083295618727296
1,DNS,2,0.185625,0.7265625,0.9637369678049905,-4.119968255444917e-18,0.0639375780011371,0.0745757175303784,-0.01221344641450631,0.9024331088978854,0.08705390294001511,-0.019705374545172703
1,DNS,2,0.185625,0.7421875,0.9624261518772451,4.3507677929127686e-16,0.04933313288053977,0.055612180628114335,-0.011565211868193847,0.9402610571412118,0.052291700293034656,-0.008013721233039056
1,DNS,2,0.185625,0.7578125,0.9652144341241697,3.6412929962925666e-16,0.03788771744815416,0.04176304274182011,-0.009637370102702646,0.9667227983174455,0.02857884740682443,-0.0026314741029729895
1,DNS,2,0.185625,0.7734375,0.9706605453562605,3.3881317890172014e-16,0.029408819209663796,0.03160488689491008,-0.007264311117943024,0.9831150762973306,0.014244183211444477,-0.0007041578836141469
1,DNS,2,0.185625,0.7890625,0.9771405916983931,-3.097565606791086e-16,0.023357152716616425,0.024052923878816735,-0.005040401661950749,0.9921614924802714,0.006506724948601352,-0.00015570054244801868
1,DNS,2,0.185625,0.8046875,0.9833674915075461,-8.058332646998512e-17,0.019070545874612304,0.0183403031998609,-0.00326061144810778,0.996650422824136,0.0027409959176260216,-2.890182176893646e-05
1,DNS,2,0.185625,0.8203125,0.9885975958161812,3.7135279660344134e-16,0.01595233051211548,0.013951396477209669,-0.001985471706227982,0.9986737505115417,0.0010717177841355417,-4.575199148970699e-06
1,DNS,2,0.185625,0.8359375,0.9925805767616742,-2.362205483302793e-16,0.013572222330343275,0.01054446577090341,-0.0011460396007013896,0.9995103333260362,0.0003913363991641021,-6.267000572748804e-07
1,DNS,2,0.185625,0.8515625,0.9953903276271052,-2.3310346708438345e-16,0.011671410959178945,0.007887443036339918,-0.0006299264188008546,0.9998304375009608,0.00013419521240981203,-7.524232984986123e-08
1,DNS,2,0.185625,0.8671875,0.9972524823338282,-1.1373280789372942e-16,0.010113928228903092,0.005814795564021533,-0.000330399925993368,0.999944648486351,4.3428215862014066e-05,-8.006571620904347e-09
1,DNS,2,0.185625,0.8828125,0.9984233856122324,-4.1246099959958704e-16,0.008831495678339938,0.004202596887702281,-0.0001652498726617371,0.9999828909970243,1.3320121182212122e-05,-7.623298063274241e-10
1,DNS,2,0.185625,0.8984375,0.9991267989748147,2.5863304011462807e-16,0.007785336253460073,0.002955306058114127,-7.847026075769446e-05,0.9999949733416209,3.886423921531375e-06,-6.547515280883856e-11
1,DNS,2,0.185625,0.9140625,0.9995324942003286,-6.633284416537877e-17,0.006946984418266228,0.0019986896411390643,-3.502749675961391e-05,0.9999985915758185,1.0821545224148992e-06,-5.1081781857568836e-12
1,DNS,2,0.185625,0.9296875,0.9997578412910897,-5.09954491828557e-16,0.006291491540961639,0.001275534521299505,-1.4404218825726107e-05,0.99999962256771,2.883616669047689e-07,-3.641765560216704e-13
1,DNS,2,0.185625,0.9453125,0.9998785282144306,-1.506431156032828e-16,0.005796416469888069,0.0007425815227719954,-5.232042418915179e-06,0.9999999030159477,7.371668071077849e-08,-2.3849961420376572e-14
1,DNS,2,0.185625,0.9609375,0.9999406277356688,6.722731095767931e-17,0.005442629423459192,0.00036810585686344606,-1.521053381099605e-06,0.9999999760403365,1.8126183800658087e-08,-1.4426112151076424e-15
1,DNS,2,0.185625,0.9765625,0.9999706450289098,-1.5963860550312348e-16,0.005215222642772244,0.00012999488786412207,-2.625013065926538e-07,0.999999994244652,4.334994419955587e-09,-8.240691476083053e-17
1,DNS,2,0.185625,0.9921875,0.9999826484288024,-1.4587559065966198e-16,0.0051040695510549084,1.4305683489853839e-05,-3.3370980539451298e-18,0.9999999984051413,1.1959047860912966e-09,-6.2523736529711526e-18
1,DNS,3,0.27875,0.0078125,-0.9998488833035921,1.7261176212327034e-16,0.00854054830296063,2.2289580303685712e-05,-3.500787171002023e-18,1.4751746235181964e-06,0.9999978448751345,-8.214592686229897e-12
1,DNS,3,0.27875,0.0234375,-0.9997808589698499,2.058899925549973e-16,0.008698580634795647,0.00020207329592081123,-7.352317327830266e-07,3.4116218962453993e-06,0.9999950561851499,-4.3744664812425345e-11
1,DNS,3,0.27875,0.0390625,-0.9996240932906191,-8.180305391403131e-17,0.009016612996174261,0.000569490243328084,-4.112671672089703e-06,9.454459904252781e-06,0.9999864129347247,-3.3402313896865635e-10
1,DNS,3,0.27875,0.0546875,-0.9993346034881045,1.5135462327897642e-16,0.009497764852285975,0.001140348333095508,-1.3455004692760089e-05,2.5904283425499888e-05,0.9999630901813819,-2.4874626616156933e-09
1,DNS,3,0.27875,0.0703125,-0.9988411101072411,6.187541798374774e-16,0.01014488617081315,0.0019385847960442753,-3.476659572471285e-05,6.837257343347185e-05,0.999903476780687,-1.7145121802675838e-08
1,DNS,3,0.27875,0.0859375,-0.9980420544179194,8.402566836762659e-17,0.010959155864626896,0.002996440483247575,-7.833951271227105e-05,0.00017304057792679215,0.9997581795483403,-1.0832346216389077e-07
1,DNS,3,0.27875,0.1015625,-0.9968082368641706,-3.5214886562329184e-16,0.011940055528111027,0.00435465530380222,-0.0001604379239616547,0.00041887489608942506,0.9994211355201845,-6.238946599844101e-07
1,DNS,3,0.27875,0.1171875,-0.9949979147063797,5.002508823848117e-16,0.013088941272484597,0.006062941199268737,-0.00030417302884185184,0.0009674437880853385,0.9986794614246876,-3.257585488454435e-06
1,DNS,3,0.27875,0.1328125,-0.9924923820222156,1.2609271266006417e-16,0.014418691487472397,0.008181446123452361,-0.0005376827170815325,0.0021263125195926987,0.9971371492850427,-1.532624469087361e-05
1,DNS,3,0.27875,0.1484375,-0.98925768076774,2.6150956400350367e-16,0.015970265308826365,0.010784535849088582,-0.0008865709686889909,0.004434647962050434,0.9941194111983517,-6.454192974609693e-05
1,DNS,3,0.27875,0.1640625,-0.9854290992361361,2.7582103268031233e-16,0.017832737750867717,0.013968679119772934,-0.0013570235840874947,0.008750423495735168,0.9885903427015852,-0.00024155294473353714
1,DNS,3,0.27875,0.1796875,-0.981398052432043,-4.445228907190568e-16,0.02015854603699734,0.01786596137564087,-0.0019076136427055763,0.016286526380210147,0.9791532600860765,-0.000797502410160414
1,DNS,3,0.27875,0.1953125,-0.9778596911394746,1.3032110113275763e-16,0.023165675160874113,0.022663297615582837,-0.002413266707239397,0.028511629166878494,0.9642268155943254,-0.0023060347760666864
1,DNS,3,0.27875,0.2109375,-0.9757662877199544,3.885780586188048e-16,0.027125622140514193,0.028624988809695127,-0.0026343252787335374,0.04683723650608819,0.942454052417758,-0.005803196535257675
1,DNS,3,0.27875,0.2265625,-0.9761435980979686,-3.7339922820400773e-16,0.032338482125656806,0.03611388018674307,-0.002213128242173188,0.0721008039171116,0.9132688110105551,-0.012653195882277512
1,DNS,3,0.27875,0.2421875,-0.9797753704157559,-4.158999533654395e-16,0.03907492945899159,0.04560458488855482,-0.0007211865272585708,0.1040275652841173,0.8773589057696112,-0.02386830155188583
1,DNS,3,0.27875,0.2578125,-0.9868314051773337,-5.077318773749617e-16,0.04743227929327978,0.05767977781626438,0.0022365324572838127,0.14100102995608513,0.8366911596025515,-0.03904856065981406
1,DNS,3,0.27875,0.2734375,-0.9965661346308554,-3.903127820947816e-18,0.05707864252719652,0.07299630661905052,0.006884992880087241,0.18040486660445484,0.7939606382615101,-0.055788500718654196
1,DNS,3,0.27875,0.2890625,-1.00720460040902,2.5435382966509934e-16,0.06699477432165804,0.09220570900251784,0.013161922362492058,0.21945378871543697,0.751720193276871,-0.07037325207194196
1,DNS,3,0.27875,0.3046875,-1.0160568909760561,-3.7399553939887475e-16,0.07547041011453437,0.11582244878048238,0.020671182658650956,0.2560581962216812,0.7116935709974974,-0.07948288016673628
1,DNS,3,0.27875,0.3203125,-1.0198089023920667,4.710316338363274e-16,0.08057629872137509,0.14405620163295987,0.028726096052162597,0.2892443412320293,0.6746137660929512,-0.08166970645058186
1,DNS,3,0.27875,0.3359375,-1.0148885096481508,1.1049646440886018e-15,0.08106388120936367,0.1766510591628403,0.036463692529186784,0.3190211667391088,0.6405119560799193,-0.07772095733866195
1,DNS,3,0.27875,0.3515625,-0.9978221272928054,2.8341044788771086e-16,0.07733261828827273,0.21278690935037148,0.042992871553185076,0.3459605567460865,0.6091166341687172,-0.07001038502797832
1,DNS,3,0.27875,0.3671875,-0.965544943051152,2.5738959574805875e-16,0.07197783179292523,0.2510880456985272,0.04754498973210616,0.370797132227873,0.5801069846888718,-0.06140452020214884
1,DNS,3,0.27875,0.3828125,-0.9156631702730302,5.219349258345218e-16,0.0695424175023298,0.2897567545895832,0.04960716234063563,0.39413374530974166,0.5532291010852209,-0.05418584017652341
1,DNS,3,0.27875,0.3984375,-0.8466696116390355,-1.704365815147213e-16,0.07535794045145668,0.3268154058530525,0.04902263222121251,0.41617506120845643,0.5284330071269141,-0.04932915151371324
1,DNS,3,0.27875,0.4140625,-0.7580983752781162,1.0219689677848365e-15,0.0936913263424117,0.36040664485646234,0.04603960490688492,0.4364725021953012,0.5060957416974001,-0.04640923574304884
1,DNS,3,0.27875,0.4296875,-0.6505960502638628,1.521786169300654e-15,0.12575503929921855,0.389074777078244,0.04128972634362839,0.4538401423022145,0.48717926702920095,-0.0441877642817254
1,DNS,3,0.27875,0.4453125,-0.5258978703206574,-4.16984155537925e-16,0.1683759614681658,0.41194434086508736,0.03568897078761797,0.46666079070893773,0.47306571029564676,-0.04154674948302917
1,DNS,3,0.27875,0.4609375,-0.3867193368115724,3.144186300207963e-18,0.2140678489717381,0.4287360391356049,0.030276938509931538,0.47361862416992007,0.4649601851999819,-0.038220973119243246
1,DNS,3,0.27875,0.4765625,-0.23658755300541512,9.36967517461973e-16,0.2528051312052999,0.4396143217968873,0.026032340596841105,0.47456938310979147,0.4630740998187868,-0.03492285265991991
1,DNS,3,0.27875,0.4921875,-0.07963447920559805,-4.0115480381963664e-17,0.27506944646906384,0.4449248317912248,0.023706993092741685,0.4710503689376569,0.46605057620834206,-0.032836960121974054
1,DNS,3,0.27875,0.5078125,0.07963447920559807,-1.8431436932253575e-17,0.27506944646906384,0.44492483179122466,0.023706993092741664,0.4660505762083419,0.47105036893765706,-0.032836960121974026
1,DNS,3,0.27875,0.5234375,0.2365875530054151,-8.487134606216529e-16,0.2528051312053,0.4396143217968872,0.026032340596841043,0.46307409981878667,0.4745693831097917,-0.03492285265991984
1,DNS,3,0.27875,0.5390625,0.38671933681157233,1.5612511283791264e-16,0.21406784897173822,0.42873603913560465,0.030276938509931437,0.464960185199982,0.47361862416992023,-0.038220973119243176
1,DNS,3,0.27875,0.5546875,0.5258978703206574,4.623038063478191e-16,0.16837596146816589,0.4119443408650872,0.03568897078761788,0.4730657102956468,0.4666607907089379,-0.04154674948302911
1,DNS,3,0.27875,0.5703125,0.6505960502638627,-1.502270530195915e-15,0.12575503929921866,0.389074777078244,0.04128972634362835,0.487179267029201,0.45384014230221453,-0.04418776428172533
1,DNS,3,0.27875,0.5859375,0.7580983752781161,-9.298117831235686e-16,0.0936913263424117,0.36040664485646234,0.046039604906884815,0.5060957416974002,0.4364725021953011,-0.04640923574304878
1,DNS,3,0.27875,0.6015625,0.8466696116390354,3.135512682828079e-16,0.0753579404514566,0.3268154058530528,0.04902263222121242,0.5284330071269143,0.4161750612084564,-0.049329151513713185
1,DNS,3,0.27875,0.6171875,0.9156631702730301,-4.497270611469872e-16,0.0695424175023298,0.2897567545895834,0.04960716234063567,0.553229101085221,0.3941337453097416,-0.054185840176523385
1,DNS,3,0.27875,0.6328125,0.965544943051152,-2.7885679876327174e-16,0.07197783179292529,0.2510880456985272,0.04754498973210618,0.580106984688872,0.37079713222787297,-0.061404520202148816
1,DNS,3,0.27875,0.6484375,0.9978221272928054,-2.727852665973529e-16,0.07733261828827276,0.21278690935037148,0.0429928715531851,0.6091166341687172,0.3459605567460865,-0.07001038502797828
1,DNS,3,0.27875,0.6640625,1.0148885096481508,-1.1015494072452725e-15,0.08106388120936382,0.1766510591628403,0.03646369252918681,0.6405119560799193,0.31902116673910874,-0.07772095733866191
1,DNS,3,0.27875,0.6796875,1.0198089023920667,-4.913604245704306e-16,0.0805762987213752,0.14405620163295985,0.028726096052162593,0.6746137660929512,0.28924434123202936,-0.08166970645058183
1,DNS,3,0.27875,0.6953125,1.016056890976056,3.4705311541260997e-16,0.07547041011453443,0.11582244878048231,0.020671182658650932,0.7116935709974974,0.25605819622168113,-0.07948288016673624
1,DNS,3,0.27875,0.7109375,1.0072046004090198,-2.738423637155263e-16,0.06699477432165803,0.09220570900251779,0.013161922362492057,0.7517201932768709,0.21945378871543686,-0.07037325207194195
1,DNS,3,0.27875,0.7265625,0.9965661346308553,-3.8407861960298995e-17,0.057078642527196494,0.07299630661905049,0.006884992880087246,0.79396063826151,0.1804048666044548,-0.05578850071865418
1,DNS,3,0.27875,0.7421875,0.9868314051773335,5.014977148831701e-16,0.04743227929327973,0.05767977781626436,0.002236532457283808,0.8366911596025515,0.14100102995608504,-0.03904856065981406
1,DNS,3,0.27875,0.7578125,0.9797753704157557,4.142872026338673e-16,0.03907492945899156,0.045604584888554824,-0.0007211865272585726,0.8773589057696111,0.10402756528411725,-0.023868301551885837
1,DNS,3,0.27875,0.7734375,0.9761435980979685,3.6922504983993854e-16,0.032338482125656806,0.03611388018674307,-0.002213128242173185,0.9132688110105551,0.0721008039171116,-0.012653195882277514
1,DNS,3,0.27875,0.7890625,0.9757662877199542,-3.846613782707009e-16,0.027125622140514203,0.028624988809695134,-0.0026343252787335326,0.942454052417758,0.04683723650608819,-0.005803196535257678
1,DNS,3,0.27875,0.8046875,0.9778596911394745,-1.2403611666413072e-16,0.02316567516087411,0.02266329761558284,-0.0024132667072393923,0.9642268155943253,0.028511629166878487,-0.0023060347760666877
1,DNS,3,0.27875,0.8203125,0.9813980524320429,4.416226499076581e-16,0.02015854603699733,0.017865961375640872,-0.0019076136427055718,0.9791532600860765,0.016286526380210144,-0.000797502410160415
1,DNS,3,0.27875,0.8359375,0.9854290992361361,-2.8097099299961847e-16,0.017832737750867727,0.013968679119772936,-0.0013570235840874969,0.9885903427015853,0.008750423495735161,-0.000241552944733537
1,DNS,3,0.27875,0.8515625,0.98925768076774,-2.508166200773654e-16,0.015970265308826375,0.010784535849088582,-0.000886570968688997,0.9941194111983516,0.004434647962050427,-6.454192974609682e-05
1,DNS,3,0.27875,0.8671875,0.9924923820222156,-1.1308228659023811e-16,0.014418691487472397,0.008181446123452358,-0.0005376827170815465,0.9971371492850428,0.002126312519592691,-1.5326244690873573e-05
1,DNS,3,0.27875,0.8828125,0.9949979147063798,-4.898764228468411e-16,0.013088941272484585,0.006062941199268736,-0.000304173028841863,0.9986794614246876,0.0009674437880853315,-3.2575854884544796e-06
1,DNS,3,0.27875,0.8984375,0.9968082368641706,3.5354477592036693e-16,0.011940055528111015,0.004354655303802222,-0.00016043792396166134,0.9994211355201846,0.0004188748960894188,-6.23894659984431e-07
1,DNS,3,0.27875,0.9140625,0.9980420544179195,-8.268396817917578e-17,0.010959155864626896,0.0029964404832475778,-7.833951271227658e-05,0.9997581795483403,0.00017304057792678692,-1.0832346216389248e-07
1,DNS,3,0.27875,0.9296875,0.998841110107241,-6.179071468902231e-16,0.010144886170813138,0.0019385847960442775,-3.476659572471603e-05,0.9999034767806869,6.837257343346766e-05,-1.7145121802676642e-08
1,DNS,3,0.27875,0.9453125,0.9993346034881043,-1.548579515488202e-16,0.00949776485228597,0.0011403483330955095,-1.3455004692763182e-05,0.9999630901813819,2.5904283425496622e-05,-2.487462661615695e-09
1,DNS,3,0.27875,0.9609375,0.999624093290619,7.753061972808062e-17,0.009016612996174251,0.0005694902433280851,-4.112671672090175e-06,0.9999864129347246,9.45445990425026e-06,-3.3402313896784804e-10
1,DNS,3,0.27875,0.9765625,0.9997808589698498,-2.0903841401994153e-16,0.008698580634795644,0.00020207329592081171,-7.352317327825536e-07,0.99999505618515,3.4116218962433927e-06,-4.374466481183827e-11
1,DNS,3,0.27875,0.9921875,0.9998488833035921,-1.6872049276358408e-16,0.00854054830296062,2.2289580303685756e-05,-3.602960520264573e-18,0.9999978448751345,1.4751746235164515e-06,-8.214592685970285e-12
1,DNS,4,0.37125,0.0078125,-0.9993916056983172,1.782767184745071e-16,0.010893316920309332,2.7189477795329566e-05,-2.6588364214312488e-18,5.947905346753522e-05,0.9999057153193049,-1.1605716067452185e-08
1,DNS,4,0.37125,0.0234375,-0.9992160641245745,2.3242584072658e-16,0.011055945772522712,0.0002460046818464611,-9.337434604493363e-07,0.00010303644235352667,0.9998384009327649,-3.4435879838471736e-08
1,DNS,4,0.37125,0.0390625,-0.9988396263278052,-9.017851569648183e-17,0.011379680631999806,0.000690529083354284,-4.998531426018353e-06,0.00021489955915394063,0.9996669846504412,-1.4782896869824408e-07
1,DNS,4,0.37125,0.0546875,-0.9982152391626646,1.3961813476182083e-16,0.011861784814684195,0.0013743898044672705,-1.5306450869431104e-05,0.00045368514778388594,0.9993053835821275,-6.487573801147831e-07
1,DNS,4,0.37125,0.0703125,-0.9972831460217662,6.74807432154978e-16,0.012499480173123613,0.0023176917178296787,-3.616813050057193e-05,0.0009307937372632899,0.9985929402763444,-2.6799512741872877e-06
1,DNS,4,0.37125,0.0859375,-0.9959880133496972,9.432558900623889e-17,0.013292941862108922,0.003546843370474723,-7.26289772951918e-05,0.0018393832547554498,0.9972574874453426,-1.0230452812350714e-05
1,DNS,4,0.37125,0.1015625,-0.994306779289339,-4.189357194483989e-16,0.014251097580368256,0.005094811601262539,-0.0001285051434859434,0.0034910159233931147,0.9948723885754656,-3.585945774222883e-05
1,DNS,4,0.37125,0.1171875,-0.992287427869674,5.367884955975732e-16,0.015400623939681581,0.007002354386465315,-0.00020192207681920046,0.0063518116839674016,0.9908214860652664,-0.00011491326980663186
1,DNS,4,0.37125,0.1328125,-0.9900937050854886,1.1861171766991419e-16,0.01679741669606679,0.009320917676331267,-0.00027745946060588804,0.011061330821217873,0.984296243998354,-0.00033532351617156664
1,DNS,4,0.37125,0.1484375,-0.9880432253977807,2.649790109554573e-16,0.01853884693238918,0.012117820753975802,-0.00031483337109000674,0.018408974566040164,0.9743559476447291,-0.0008876309240800857
1,DNS,4,0.37125,0.1640625,-0.9866187647679121,3.01950305037213e-16,0.020775051452367382,0.01548401842674908,-0.00023587867388990928,0.029241218055901512,0.9600747680713937,-0.0021241058417459627
1,DNS,4,0.37125,0.1796875,-0.9864291410383116,-4.684837587309865e-16,0.02371736091813118,0.019544172682173736,8.576143363437532e-05,0.044287576271434925,0.9407699227812414,-0.004582333239049061
1,DNS,4,0.37125,0.1953125,-0.9881019368063553,1.8062808193608504e-16,0.027637598316105537,0.024468087242967923,0.0008253944303160673,0.06392895404326551,0.9162557800992299,-0.008896523384156975
1,DNS,4,0.37125,0.2109375,-0.9921079238891822,4.391018798566293e-16,0.032839325161572404,0.030481564541218968,0.002191166098514298,0.08797975245799225,0.8870235545410551,-0.015541069344636803
1,DNS,4,0.37125,0.2265625,-0.998542991647347,-3.7112240364178817e-16,0.03956686923647875,0.03787274796553183,0.00438683447134185,0.11558559020554016,0.8542444120407839,-0.024466037419922215
1,DNS,4,0.37125,0.2421875,-1.0069176468957084,-4.0310636773011055e-16,0.047822241252792407,0.04698642574644525,0.007555773336013238,0.14531573730157857,0.8195593208294776,-0.0348339022295059
1,DNS,4,0.37125,0.2578125,-1.0160144538656337,-5.058887336817364e-16,0.05710906884037764,0.05819462335430434,0.011716098658626026,0.1754454470406211,0.7847254918545166,-0.04508923694541456
1,DNS,4,0.37125,0.2734375,-1.0238633574847318,3.209238430557093e-17,0.06621179104111133,0.07183077028926281,0.016701460848135827,0.20432540186984754,0.7512637300274978,-0.053402928916437914
1,DNS,4,0.37125,0.2890625,-1.0278576820057355,3.0075768264747893e-16,0.07319361755798202,0.08808166163410033,0.022121691852331794,0.23069926906682967,0.7202326299572048,-0.058278495357067736
1,DNS,4,0.37125,0.3046875,-1.0250016095416625,-3.467278547608643e-16,0.07578288414381967,0.10684847693365863,0.02735398020723353,0.2538861811721435,0.6921584887330388,-0.059024184688554616
1,DNS,4,0.37125,0.3203125,-1.0122537655062662,4.735795089416683e-16,0.07217743354907426,0.12761116897617322,0.03157241728710599,0.27383611167965105,0.6670579732386477,-0.05591341286911074
1,DNS,4,0.37125,0.3359375,-0.9869142257668959,1.1761425167122752e-15,0.062070453122607866,0.14934934737673042,0.03382252329197051,0.2911033387181219,0.6444815576136933,-0.05001528571706575
1,DNS,4,0.37125,0.3515625,-0.9469919966491143,2.8666305440516737e-16,0.04749544437905964,0.1705751516209043,0.03314367246196537,0.30674193989013054,0.6235784517216139,-0.04277634620854822
1,DNS,4,0.37125,0.3671875,-0.8914872898000996,2.5153490401663703e-16,0.033027476304663905,0.1895118177781968,0.028731829544956657,0.32207569846371376,0.6032571992860372,-0.0355157370476651
1,DNS,4,0.37125,0.3828125,-0.8205322279470924,5.842765507524383e-16,0.025035762643664028,0.20440821944030796,0.020119747083145713,0.33831916427074626,0.5825004603886308,-0.029060944888739875
1,DNS,4,0.37125,0.3984375,-0.7353574616605708,-2.822178254979768e-16,0.030020324942814685,0.21392861109410677,0.007340351944189421,0.35613388664720014,0.5607758956451214,-0.02368808036978757
1,DNS,4,0.37125,0.4140625,-0.6380856302563626,1.0166563771396575e-15,0.05244015163064694,0.2175178139539644,-0.00896193718013686,0.3753066445352066,0.5383580972593196,-0.019322141621144
1,DNS,4,0.37125,0.4296875,-0.5313864490990039,1.6530830523886486e-15,0.09269742080217369,0.21563077687590287,-0.027500875672735528,0.39473902957580953,0.5163544620528203,-0.015795840989580787
1,DNS,4,0.37125,0.4453125,-0.4180566882828786,-4.137315490204685e-16,0.14600872055129815,0.20973715160422074,-0.04642289480372311,0.4128239833554037,0.49634280000713715,-0.013007128743179903
1,DNS,4,0.37125,0.4609375,-0.30061062129269567,3.5887091909270197e-17,0.20276588127359824,0.20206248403585653,-0.06350720021791162,0.42811200623339535,0.4797148918346605,-0.010943239536801052
1,DNS,4,0.37125,0.4765625,-0.1809792906892813,9.729630295884917e-16,0.250642047765961,0.195098915958055,-0.07649709008664185,0.440010025386941,0.4669887100091802,-0.009613152339265685
1,DNS,4,0.37125,0.4921875,-0.06040766628412733,-5.139118297581291e-17,0.27808570385280745,0.19099535154619313,-0.08352443449494823,0.4491838830988654,0.4574244148019524,-0.008978443437328218
1,DNS,4,0.37125,0.5078125,0.06040766628412737,2.1250362580715887e-17,0.2780857038528075,0.19099535154619313,-0.08352443449494826,0.45742441480195223,0.4491838830988657,-0.0089784434373282
1,DNS,4,0.37125,0.5234375,0.18097929068928129,-8.925152283900673e-16,0.250642047765961,0.19509891595805498,-0.07649709008664186,0.46698871000918,0.4400100253869411,-0.009613152339265641
1,DNS,4,0.37125,0.5390625,0.30061062129269567,1.205632815803881e-16,0.20276588127359835,0.20206248403585642,-0.06350720021791167,0.47971489183466043,0.42811200623339557,-0.010943239536801016
1,DNS,4,0.37125,0.5546875,0.41805668828287856,4.881078180529741e-16,0.14600872055129827,0.20973715160422068,-0.04642289480372319,0.49634280000713715,0.41282398335540393,-0.013007128743179872
1,DNS,4,0.37125,0.5703125,0.5313864490990037,-1.5985476831126277e-15,0.09269742080217377,0.2156307768759029,-0.02750087567273557,0.5163544620528204,0.39473902957580964,-0.015795840989580763
1,DNS,4,0.37125,0.5859375,0.6380856302563624,-9.48026379621325e-16,0.05244015163064697,0.21751781395396452,-0.00896193718013694,0.5383580972593195,0.37530664453520657,-0.019322141621143974
1,DNS,4,0.37125,0.6015625,0.7353574616605707,4.292356400870112e-16,0.03002032494281466,0.21392861109410694,0.007340351944189354,0.5607758956451214,0.3561338866472,-0.023688080369787548
1,DNS,4,0.37125,0.6171875,0.8205322279470924,-4.8908360000821105e-16,0.025035762643664014,0.20440821944030801,0.020119747083145713,0.5825004603886309,0.33831916427074626,-0.029060944888739858
1,DNS,4,0.37125,0.6328125,0.8914872898000995,-2.7820627745978044e-16,0.03302747630466391,0.18951181777819684,0.028731829544956646,0.6032571992860374,0.32207569846371376,-0.03551573704766507
1,DNS,4,0.37125,0.6484375,0.9469919966491143,-2.5348646792711094e-16,0.04749544437905967,0.1705751516209043,0.03314367246196536,0.6235784517216139,0.30674193989013043,-0.042776346208548185
1,DNS,4,0.37125,0.6640625,0.9869142257668961,-1.1348886240492018e-15,0.06207045312260796,0.14934934737673042,0.03382252329197051,0.6444815576136935,0.2911033387181219,-0.050015285717065705
1,DNS,4,0.37125,0.6796875,1.0122537655062662,-4.836490366186275e-16,0.07217743354907438,0.1276111689761732,0.031572417287105956,0.6670579732386477,0.27383611167965105,-0.055913412869110696
1,DNS,4,0.37125,0.6953125,1.0250016095416625,3.3903001933621724e-16,0.0757828841438197,0.10684847693365859,0.027353980207233484,0.6921584887330388,0.2538861811721434,-0.05902418468855458
1,DNS,4,0.37125,0.7109375,1.0278576820057355,-3.253148618542756e-16,0.07319361755798198,0.0880816616341003,0.022121691852331784,0.7202326299572049,0.23069926906682955,-0.058278495357067694
1,DNS,4,0.37125,0.7265625,1.0238633574847316,-5.757113535898029e-17,0.06621179104111129,0.07183077028926277,0.01670146084813584,0.7512637300274978,0.2043254018698475,-0.053402928916437886
1,DNS,4,0.37125,0.7421875,1.0160144538656335,5.012164999446816e-16,0.057109068840377586,0.0581946233543043,0.011716098658626013,0.7847254918545166,0.17544544704062104,-0.045089236945414536
1,DNS,4,0.37125,0.7578125,1.0069176468957084,3.9841719333411074e-16,0.04782224125279238,0.04698642574644525,0.00755577333601323,0.8195593208294776,0.14531573730157848,-0.034833902229505886
1,DNS,4,0.37125,0.7734375,0.9985429916473466,3.777631419482619e-16,0.039566869236478765,0.03787274796553183,0.004386834471341849,0.8542444120407838,0.1155855902055401,-0.02446603741992221
1,DNS,4,0.37125,0.7890625,0.9921079238891821,-4.3129562421473366e-16,0.03283932516157241,0.030481564541218965,0.0021911660985142896,0.887023554541055,0.08797975245799221,-0.015541069344636801
1,DNS,4,0.37125,0.8046875,0.9881019368063553,-1.5989271538729977e-16,0.027637598316105537,0.02446808724296792,0.0008253944303160558,0.9162557800992299,0.06392895404326548,-0.008896523384156975
1,DNS,4,0.37125,0.8203125,0.9864291410383115,4.768931018313272e-16,0.02371736091813118,0.019544172682173733,8.576143363437557e-05,0.9407699227812414,0.04428757627143491,-0.004582333239049062
1,DNS,4,0.37125,0.8359375,0.9866187647679119,-3.0008175035557e-16,0.020775051452367396,0.015484018426749077,-0.00023587867388990766,0.9600747680713937,0.0292412180559015,-0.0021241058417459605
1,DNS,4,0.37125,0.8515625,0.9880432253977806,-2.588752915375428e-16,0.0185388469323892,0.012117820753975796,-0.00031483337109001493,0.9743559476447291,0.018408974566040157,-0.0008876309240800854
1,DNS,4,0.37125,0.8671875,0.9900937050854884,-1.12865446155741e-16,0.01679741669606679,0.00932091767633126,-0.00027745946060589834,0.9842962439983541,0.011061330821217866,-0.00033532351617156664
1,DNS,4,0.37125,0.8828125,0.992287427869674,-5.257228571746431e-16,0.015400623939681574,0.0070023543864653134,-0.00020192207681921044,0.9908214860652664,0.006351811683967396,-0.00011491326980663217
1,DNS,4,0.37125,0.8984375,0.994306779289339,4.1354181364028353e-16,0.01425109758036825,0.005094811601262539,-0.00012850514348595093,0.9948723885754657,0.00349101592339311,-3.585945774222899e-05
1,DNS,4,0.37125,0.9140625,0.9959880133496971,-8.555710393626237e-17,0.01329294186210892,0.0035468433704747234,-7.262897729519774e-05,0.9972574874453427,0.0018393832547554452,-1.0230452812350736e-05
1,DNS,4,0.37125,0.9296875,0.9972831460217662,-6.663777602639032e-16,0.01249948017312361,0.0023176917178296787,-3.616813050057657e-05,0.9985929402763444,0.0009307937372632856,-2.679951274187274e-06
1,DNS,4,0.37125,0.9453125,0.9982152391626645,-1.4198982701413287e-16,0.011861784814684187,0.0013743898044672712,-1.530645086943603e-05,0.9993053835821275,0.00045368514778388236,-6.487573801147867e-07
1,DNS,4,0.37125,0.9609375,0.9988396263278052,8.324300992436362e-17,0.011379680631999796,0.0006905290833542849,-4.9985314260197655e-06,0.9996669846504413,0.0002148995591539376,-1.4782896869824153e-07
1,DNS,4,0.37125,0.9765625,0.9992160641245744,-2.3615956195807697e-16,0.01105594577252271,0.0002460046818464614,-9.337434604497226e-07,0.9998384009327648,0.00010303644235352403,-3.4435879838469844e-08
1,DNS,4,0.37125,0.9921875,0.9993916056983172,-1.7418893747105785e-16,0.010893316920309329,2.7189477795329573e-05,-3.0530243792597188e-18,0.9999057153193049,5.9479053467532774e-05,-1.1605716067450061e-08
1,DNS,5,0.464375,0.0078125,-0.998563858622775,1.7968956943052727e-16,0.011846092738999404,2.8949030356662022e-05,-1.3421237049244389e-18,0.00048553154942955544,0.9991647307249378,-6.851211314710248e-07
1,DNS,5,0.464375,0.0234375,-0.9983245453836794,2.542047518663826e-16,0.012000018262268177,0.0002616778841774508,2.951984105649008e-07,0.0006970631808365403,0.9988145876948837,-1.3866151035160568e-06
1,DNS,5,0.464375,0.0390625,-0.9978447479631164,-9.46237446036724e-17,0.01231067211839826,0.0007332159155348991,1.6830180506684503e-06,0.0011827241570285388,0.9980177804571195,-3.903292174621475e-06
1,DNS,5,0.464375,0.0546875,-0.9971300260597049,1.210782776123187e-16,0.012785466884321466,0.0014558434402781608,5.743088498083423e-06,0.0020744900943119367,0.9965737892487517,-1.1722771406589756e-05
1,DNS,5,0.464375,0.0703125,-0.9962079294153875,7.086345399365257e-16,0.013440171671819531,0.0024484217016917486,1.5904758017804215e-05,0.003584775584343573,0.9941674784998245,-3.4066040347545755e-05
1,DNS,5,0.464375,0.0859375,-0.995148943097151,9.69276742202041e-17,0.014304732275878168,0.003737307400566453,3.934001577961598e-05,0.006016564063716787,0.9903638580864831,-9.299097519184065e-05
1,DNS,5,0.464375,0.1015625,-0.9940893856760668,-4.758563335038879e-16,0.015431119855780173,0.005358171251717855,8.994026396763011e-05,0.009764700427069156,0.984619908301173,-0.00023617144451267556
1,DNS,5,0.464375,0.1171875,-0.9932496571607432,5.540273101400928e-16,0.0169028512164233,0.007359123149978298,0.00019239130566689775,0.015298761659542966,0.9763254326468759,-0.0005557981116959054
1,DNS,5,0.464375,0.1328125,-0.9929383246105801,1.08528637465799e-16,0.018845338896795114,0.009805479021528674,0.00038687619561578494,0.02311899445066633,0.9648799013959729,-0.0012091569567380081
1,DNS,5,0.464375,0.1484375,-0.9935309752940429,2.529443668408682e-16,0.021435080407209352,0.012786311134608179,0.0007332274117200091,0.03368245710786344,0.9498006609697953,-0.0024280224395625766
1,DNS,5,0.464375,0.1640625,-0.9954141914617807,3.1908069936248395e-16,0.024902749864290828,0.016422562371201797,0.001312582186451066,0.047307198372473776,0.9308417898793122,-0.004496467221111276
1,DNS,5,0.464375,0.1796875,-0.9988905431578062,-4.83554168928535e-16,0.0295195124844309,0.02087585318547585,0.0022240734844730984,0.06407539868562437,0.9080891388874592,-0.007679734580455221
1,DNS,5,0.464375,0.1953125,-1.0040499677612407,2.0686577451023425e-16,0.03554868650417765,0.026355921972110407,0.003574147318386246,0.08376545998012958,0.8819954263152043,-0.012108786091205555
1,DNS,5,0.464375,0.2109375,-1.0106243921302673,4.569912157026401e-16,0.04314233473209478,0.03312266672522966,0.005456901557582863,0.10584032022069673,0.8533360192845549,-0.017660188010828446
1,DNS,5,0.464375,0.2265625,-1.0178527940981987,-3.7882023906643525e-16,0.05217472377554178,0.041476137340007976,0.007925259045530444,0.12950182466588944,0.8230967210524215,-0.02389431104055966
1,DNS,5,0.464375,0.2421875,-1.024389973364209,-4.163336342344337e-16,0.06203978671848767,0.05172562177962742,0.01095450334376084,0.15379645370530326,0.7923325544124391,-0.030100720980903974
1,DNS,5,0.464375,0.2578125,-1.028292279498909,-5.381979584218044e-16,0.07149294022151734,0.06412937187810802,0.014401624802553662,0.17774246046842357,0.7620414054609702,-0.035450733730071446
1,DNS,5,0.464375,0.2734375,-1.0271070174277506,3.664603343001005e-17,0.0786639630378154,0.07880221870085083,0.01796651363149736,0.20045448302661922,0.7330727173893852,-0.03920713996970655
1,DNS,5,0.464375,0.2890625,-1.018079063954068,3.3024798173908465e-16,0.08136636217263327,0.09560082106701484,0.021164918255887503,0.2212613514911509,0.7060576711129369,-0.04092010867880927
1,DNS,5,0.464375,0.3046875,-0.9984676099754084,-3.217912047936977e-16,0.07774294167763823,0.11401361357501738,0.023327596339412643,0.23981993978347682,0.6813364704744691,-0.040543817343232674
1,DNS,5,0.464375,0.3203125,-0.9659381330236553,5.188991597515624e-16,0.06711740055031382,0.13309785533320356,0.023641842628546704,0.25620294188036563,0.6588895308771958,-0.03842511675791441
1,DNS,5,0.464375,0.3359375,-0.9189649533799495,1.2201611249151867e-15,0.05073490494775937,0.1515092615576119,0.021245426614703876,0.2708984769486029,0.638330878234465,-0.03515191830863937
1,DNS,5,0.464375,0.3515625,-0.857160283415477,2.5804011705155006e-16,0.03199524166269125,0.1676522629447305,0.015366605453339278,0.28465684096201094,0.6190361511429856,-0.031318454166139764
1,DNS,5,0.464375,0.3671875,-0.781450317489774,2.5587171270657905e-16,0.01591383865443923,0.17994212538367915,0.005483230191598555,0.2981942615021874,0.6004089344695928,-0.027325615503870908
1,DNS,5,0.464375,0.3828125,-0.6940509008641024,6.032500887709347e-16,0.00786441172598966,0.18712766024976007,-0.008537436872349815,0.31188665630316104,0.5821633318390367,-0.02331463116545964
1,DNS,5,0.464375,0.3984375,-0.5982396942212357,-3.647256108241237e-16,0.01199072141210981,0.1885947810327652,-0.02634794060136319,0.3256638619059478,0.5644166696814391,-0.01924546202640097
1,DNS,5,0.464375,0.4140625,-0.49795370068133343,1.0568802777388697e-15,0.02983066815523614,0.18456955771395536,-0.047084426029331855,0.3392551096507553,0.5474433269546685,-0.015071171439953672
1,DNS,5,0.464375,0.4296875,-0.39724817469929286,1.7126057516581028e-15,0.059613885938139634,0.1761626549795961,-0.06937161636267315,0.3527182040886987,0.5311591055408365,-0.010930689348482977
1,DNS,5,0.464375,0.4453125,-0.299653139850087,-4.165504746689308e-16,0.09646205836763133,0.1652326345104273,-0.09136478991206022,0.36689333719532824,0.514692262229508,-0.007217370995168095
1,DNS,5,0.464375,0.4609375,-0.20749731042126274,5.746271514173174e-17,0.13345194900625434,0.15408231928249028,-0.11086409373251514,0.3832849605993942,0.4965275010336937,-0.004390767277444387
1,DNS,5,0.464375,0.4765625,-0.12135635157018536,1.0225110688710792e-15,0.16324768370156106,0.14503697684753347,-0.1255689413678362,0.40317690900475067,0.47540526374028585,-0.0026599568287290665
1,DNS,5,0.464375,0.4921875,-0.039869174809921845,-2.0166160408230382e-17,0.1798267065145746,0.13998516120156734,-0.13350167949309827,0.4264986110367575,0.45144689238145164,-0.0018980574667525716
1,DNS,5,0.464375,0.5078125,0.03986917480992186,-8.456776945386935e-18,0.17982670651457464,0.13998516120156734,-0.1335016794930983,0.4514468923814514,0.4264986110367577,-0.0018980574667525692
1,DNS,5,0.464375,0.5234375,0.12135635157018532,-9.58651560911683e-16,0.16324768370156106,0.1450369768475335,-0.12556894136783625,0.4754052637402856,0.4031769090047508,-0.00265995682872906
1,DNS,5,0.464375,0.5390625,0.20749731042126274,1.1888276821303556e-16,0.13345194900625446,0.15408231928249022,-0.11086409373251518,0.4965275010336936,0.3832849605993943,-0.00439076727744438
1,DNS,5,0.464375,0.5546875,0.2996531398500869,5.246454312657356e-16,0.09646205836763141,0.1652326345104273,-0.09136478991206028,0.514692262229508,0.36689333719532835,-0.0072173709951680876
1,DNS,5,0.464375,0.5703125,0.39724817469929274,-1.650779122772117e-15,0.0596138859381397,0.17616265497959618,-0.0693716163626732,0.5311591055408365,0.3527182040886987,-0.010930689348482969
1,DNS,5,0.464375,0.5859375,0.4979537006813332,-9.448279832124928e-16,0.029830668155236176,0.18456955771395547,-0.047084426029331924,0.5474433269546684,0.3392551096507552,-0.015071171439953653
1,DNS,5,0.464375,0.6015625,0.5982396942212356,5.367884955975732e-16,0.011990721412109811,0.18859478103276534,-0.026347940601363223,0.564416669681439,0.32566386190594776,-0.019245462026400942
1,DNS,5,0.464375,0.6171875,0.6940509008641025,-5.275727771314465e-16,0.007864411725989662,0.18712766024976007,-0.008537436872349804,0.5821633318390368,0.3118866563031611,-0.02331463116545962
1,DNS,5,0.464375,0.6328125,0.781450317489774,-2.797580418191503e-16,0.01591383865443923,0.17994212538367912,0.005483230191598522,0.6004089344695929,0.2981942615021874,-0.027325615503870887
1,DNS,5,0.464375,0.6484375,0.857160283415477,-2.532425224383017e-16,0.031995241662691236,0.1676522629447305,0.015366605453339238,0.6190361511429858,0.2846568409620109,-0.03131845416613975
1,DNS,5,0.464375,0.6640625,0.9189649533799495,-1.1819701033893848e-15,0.050734904947759424,0.1515092615576119,0.021245426614703883,0.638330878234465,0.2708984769486029,-0.03515191830863934
1,DNS,5,0.464375,0.6796875,0.9659381330236554,-4.982586608928696e-16,0.06711740055031391,0.1330978553332035,0.023641842628546694,0.6588895308771959,0.2562029418803656,-0.03842511675791438
1,DNS,5,0.464375,0.6953125,0.9984676099754084,3.0471840870884004e-16,0.07774294167763823,0.11401361357501737,0.023327596339412615,0.6813364704744692,0.23981993978347677,-0.04054381734323266
1,DNS,5,0.464375,0.7109375,1.0180790639540678,-3.6282825702227406e-16,0.08136636217263318,0.09560082106701487,0.021164918255887517,0.7060576711129372,0.22126135149115078,-0.04092010867880924
1,DNS,5,0.464375,0.7265625,1.0271070174277503,-5.480641981914225e-17,0.07866396303781535,0.07880221870085079,0.01796651363149739,0.7330727173893852,0.20045448302661917,-0.03920713996970653
1,DNS,5,0.464375,0.7421875,1.0282922794989087,5.305407805786255e-16,0.07149294022151728,0.064129371878108,0.014401624802553666,0.7620414054609702,0.1777424604684235,-0.03545073373007144
1,DNS,5,0.464375,0.7578125,1.0243899733642086,3.963843142607004e-16,0.062039786718487644,0.051725621779627404,0.010954503343760856,0.7923325544124391,0.1537964537053032,-0.030100720980903967
1,DNS,5,0.464375,0.7734375,1.0178527940981987,3.6911662962269e-16,0.05217472377554179,0.04147613734000797,0.007925259045530441,0.8230967210524215,0.1295018246658894,-0.023894311040559654
1,DNS,5,0.464375,0.7890625,1.010624392130267,-4.488325943546867e-16,0.04314233473209479,0.03312266672522966,0.005456901557582857,0.8533360192845549,0.10584032022069671,-0.017660188010828443
1,DNS,5,0.464375,0.8046875,1.0040499677612402,-1.8667250904769173e-16,0.03554868650417764,0.026355921972110407,0.0035741473183862303,0.8819954263152043,0.08376545998012955,-0.012108786091205552
1,DNS,5,0.464375,0.8203125,0.9988905431578061,4.845096220930378e-16,0.029519512484430896,0.020875853185475857,0.0022240734844730958,0.9080891388874593,0.06407539868562434,-0.007679734580455219
1,DNS,5,0.464375,0.8359375,0.9954141914617806,-3.211135784358943e-16,0.02490274986429086,0.0164225623712018,0.0013125821864510673,0.9308417898793123,0.047307198372473755,-0.004496467221111269
1,DNS,5,0.464375,0.8515625,0.9935309752940429,-2.485397955151458e-16,0.02143508040720937,0.012786311134608175,0.0007332274117200035,0.9498006609697954,0.033682457107863426,-0.002428022439562573
1,DNS,5,0.464375,0.8671875,0.9929383246105798,-9.776115464030233e-17,0.01884533889679512,0.009805479021528668,0.00038687619561577464,0.9648799013959729,0.023118994450666317,-0.0012091569567380073
1,DNS,5,0.464375,0.8828125,0.9932496571607432,-5.348132147645762e-16,0.0169028512164233,0.007359123149978297,0.00019239130566689084,0.976325432646876,0.015298761659542958,-0.0005557981116959056
1,DNS,5,0.464375,0.8984375,0.9940893856760668,4.743282860670411e-16,0.015431119855780173,0.005358171251717857,8.994026396762582e-05,0.9846199083011731,0.009764700427069149,-0.00023617144451267523
1,DNS,5,0.464375,0.9140625,0.995148943097151,-9.335488924868546e-17,0.014304732275878165,0.003737307400566455,3.934001577961225e-05,0.9903638580864831,0.00601656406371678,-9.299097519184042e-05
1,DNS,5,0.464375,0.9296875,0.9962079294153875,-7.001921625512421e-16,0.01344017167181953,0.00244842170169175,1.590475801780311e-05,0.9941674784998245,0.0035847755843435684,-3.406604034754569e-05
1,DNS,5,0.464375,0.9453125,0.9971300260597049,-1.2016771719402033e-16,0.012785466884321459,0.0014558434402781608,5.743088498082063e-06,0.9965737892487517,0.0020744900943119324,-1.1722771406589775e-05
1,DNS,5,0.464375,0.9609375,0.9978447479631164,9.075110996882574e-17,0.01231067211839826,0.0007332159155348998,1.683018050667238e-06,0.9980177804571195,0.0011827241570285354,-3.903292174621526e-06
1,DNS,5,0.464375,0.9765625,0.9983245453836793,-2.582169351792894e-16,0.01200001826226818,0.0002616778841774512,2.951984105650406e-07,0.9988145876948836,0.0006970631808365373,-1.3866151035160716e-06
1,DNS,5,0.464375,0.9921875,0.998563858622775,-1.7563789320645474e-16,0.011846092738999402,2.8949030356662046e-05,-1.4048372302457592e-18,0.9991647307249377,0.0004855315494295525,-6.851211314710329e-07
1,DNS,6,0.556875,0.0078125,-0.9977548025311712,1.7944562394171804e-16,0.011771925060204703,2.8502983879778138e-05,-1.334076891925523e-18,0.001641339383926754,0.9969237221285325,-7.100195297239994e-06
1,DNS,6,0.556875,0.0234375,-0.9975883603673923,2.7485880325223144e-16,0.011949108173642472,0.0002578048513096555,2.4138397612450816e-06,0.0020891847976451062,0.996126479525067,-1.1210689176717125e-05
1,DNS,6,0.556875,0.0390625,-0.99728405742379,-1.0065461918812302e-16,0.012315242407310861,0.0007233432224151733,1.2505541892545247e-05,0.0030548831433485613,0.9944212684953007,-2.3150720939389395e-05
1,DNS,6,0.556875,0.0546875,-0.9969034423737975,9.730714498057402e-17,0.012895821226139949,0.0014395810113412828,3.691799898168829e-05,0.00467715312867824,0.9915922444893093,-5.232503045094216e-05
1,DNS,6,0.556875,0.0703125,-0.9965481148192319,7.409437646765937e-16,0.013733902854299701,0.0024298015016356762,8.480938186449907e-05,0.007159244042066931,0.9873317817414291,-0.00011794786408376632
1,DNS,6,0.556875,0.0859375,-0.9963661486034907,1.0397498834135988e-16,0.014895617018975314,0.0037282846324286326,0.00016925485768808687,0.010759207028816529,0.9812647025174013,-0.0002552855811597131
1,DNS,6,0.556875,0.1015625,-0.9965529845657982,-5.3174695549551565e-16,0.01647680924301835,0.005383585455034487,0.0003088819045003385,0.0157718813306394,0.9729856468287033,-0.0005229671490539574
1,DNS,6,0.556875,0.1171875,-0.9973408932883441,5.717540156602308e-16,0.01860957083218143,0.007463087253422282,0.0005295415017945785,0.02250114390707976,0.9621086625723768,-0.0010084575021234434
1,DNS,6,0.556875,0.1328125,-0.9989710405576536,1.0289078616887437e-16,0.021465901971640427,0.010058836702042752,0.0008655877750582135,0.031223593978639504,0.9483233486685418,-0.0018267727322609623
1,DNS,6,0.556875,0.1484375,-1.0016435779150286,2.561969733583247e-16,0.02525312803927717,0.013294313963421551,0.001360061202552121,0.0421481254320422,0.9314474449149264,-0.003106960466576064
1,DNS,6,0.556875,0.1640625,-1.0054443491653733,3.3957212042246e-16,0.030192138314091538,0.01733113966000434,0.002062774618753747,0.05537836617845816,0.9114643065476713,-0.004963657278690823
1,DNS,6,0.556875,0.1796875,-1.0102517376549747,-4.921193660911705e-16,0.036466634309103,0.022373655289670755,0.003025025098353686,0.0708850644822679,0.8885373232499767,-0.0074575742407483915
1,DNS,6,0.556875,0.1953125,-1.0156334839328531,2.5478751053409354e-16,0.04413298540567735,0.028667811151276527,0.004289462272540857,0.08849243598117881,0.8630015977214055,-0.010556404901188315
1,DNS,6,0.556875,0.2109375,-1.0207502598203955,4.896257010944538e-16,0.05299109946576567,0.03648913315744904,0.005873690790499587,0.10787781590129365,0.8353418639177177,-0.014111481877553381
1,DNS,6,0.556875,0.2265625,-1.0242893565125257,-3.8250652645288596e-16,0.06244073807300002,0.046113535136014995,0.007746827199118361,0.12858171606810265,0.8061679782501119,-0.017862150303714602
1,DNS,6,0.556875,0.2421875,-1.0244564344207054,-4.200199216208844e-16,0.07138222643585698,0.05776584142436217,0.009800066095971283,0.15002944050229355,0.7761907981780589,-0.021471086143744975
1,DNS,6,0.556875,0.2578125,-1.0190532795269234,-5.43835809718729e-16,0.07825047371090481,0.07154577787840818,0.011815921840746018,0.1715744658521759,0.7461855266031494,-0.02458521618485332
1,DNS,6,0.556875,0.2734375,-1.0056612333192827,4.380176776841438e-17,0.08126821307262996,0.08734070574172842,0.013446023349290182,0.1925780910292475,0.7169205623174311,-0.026911055034277123
1,DNS,6,0.556875,0.2890625,-0.9819300854723314,3.3610267347050637e-16,0.07893870058430272,0.10474680144146994,0.014212171184181041,0.21252607370786136,0.6890438962862244,-0.028286219826432472
1,DNS,6,0.556875,0.3046875,-0.9459412146638184,-3.2569433261464553e-16,0.07066783514601854,0.12303032183769977,0.013545704766454229,0.23114881665427178,0.6629579078415866,-0.02871910351057386
1,DNS,6,0.556875,0.3203125,-0.8965797237847424,4.805184028455756e-16,0.05726670072875789,0.14116019472484298,0.010871669729644306,0.2484790470012291,0.6387515064043258,-0.028369279679866497
1,DNS,6,0.556875,0.3359375,-0.8338288829288883,1.2385925618474403e-15,0.04104299211115621,0.1579269128220469,0.0057264401554777125,0.264787444597572,0.6162544059317294,-0.027467985084089926
1,DNS,6,0.556875,0.3515625,-0.7589068665298406,3.0010716134398763e-16,0.025323318280544453,0.17213338604898817,-0.002122219290063124,0.28040035087378024,0.5952126247857391,-0.026217409861348708
1,DNS,6,0.556875,0.3671875,-0.6742032766605444,2.925177461365891e-16,0.01351858584297154,0.18281368587850538,-0.012592099965360884,0.29549225365825793,0.5754919448719757,-0.02472188959413793
1,DNS,6,0.556875,0.3828125,-0.5830246676013744,6.108395039783332e-16,0.008089644575030664,0.18942118530618623,-0.025268382040829013,0.3099927466658277,0.5571679865081012,-0.02298406809420336
1,DNS,6,0.556875,0.3984375,-0.48919768112784656,-4.3172930508372787e-16,0.009830389208470104,0.19193615665691632,-0.03945170761312361,0.3237068801815757,0.5404051179861779,-0.02097106957387948
1,DNS,6,0.556875,0.4140625,-0.3965894520626711,1.076829597712603e-15,0.017734880334221395,0.19086890802331152,-0.054248822233917415,0.33662598815447914,0.5251498604100377,-0.018724904020818556
1,DNS,6,0.556875,0.4296875,-0.30859538983255436,1.8093165854438098e-15,0.02945937315476744,0.18716447568755956,-0.06867315189182607,0.34925398101569466,0.5108128506392997,-0.016443005739173008
1,DNS,6,0.556875,0.4453125,-0.22763920911946464,-4.0679265511656126e-16,0.04215692491279827,0.18203690690130328,-0.0817323673188728,0.3626804770369355,0.49620374705252435,-0.014435037575682182
1,DNS,6,0.556875,0.4609375,-0.1547495701409851,2.3418766925686896e-17,0.053328277101911264,0.17677063647470004,-0.09249946851395577,0.3782105479904662,0.4799097533505635,-0.01295692617059427
1,DNS,6,0.556875,0.4765625,-0.08931548489333319,1.0178489995293916e-15,0.06134117441488253,0.17252501722305053,-0.100178932854279,0.3966497743233745,0.46102458943565205,-0.012072773297683763
1,DNS,6,0.556875,0.4921875,-0.02913979323111979,-3.3176586478056436e-17,0.06544988372756858,0.17016993635666586,-0.1041782516242818,0.41767593551312754,0.4397948940877242,-0.011684937337731311
1,DNS,6,0.556875,0.5078125,0.029139793231119822,2.970713952610282e-17,0.06544988372756858,0.17016993635666589,-0.10417825162428182,0.4397948940877241,0.4176759355131277,-0.011684937337731315
1,DNS,6,0.556875,0.5234375,0.08931548489333319,-9.759445855628268e-16,0.061341174414882536,0.17252501722305058,-0.10017893285427901,0.4610245894356518,0.3966497743233745,-0.012072773297683768
1,DNS,6,0.556875,0.5390625,0.15474957014098506,1.0454419448191477e-16,0.0533282771019113,0.1767706364747001,-0.09249946851395582,0.4799097533505634,0.3782105479904663,-0.01295692617059428
1,DNS,6,0.556875,0.5546875,0.22763920911946456,5.080029279180831e-16,0.042156924912798314,0.1820369069013033,-0.08173236731887287,0.49620374705252424,0.36268047703693557,-0.014435037575682196
1,DNS,6,0.556875,0.5703125,0.3085953898325542,-1.7352113669544256e-15,0.029459373154767484,0.18716447568755967,-0.06867315189182613,0.5108128506392996,0.34925398101569477,-0.01644300573917301
1,DNS,6,0.556875,0.5859375,0.39658945206267093,-9.534067329022844e-16,0.017734880334221416,0.1908689080233117,-0.054248822233917485,0.5251498604100375,0.33662598815447914,-0.018724904020818552
1,DNS,6,0.556875,0.6015625,0.4891976811278464,6.073158469177553e-16,0.0098303892084701,0.1919361566569165,-0.03945170761312364,0.5404051179861779,0.3237068801815757,-0.020971069573879467
1,DNS,6,0.556875,0.6171875,0.5830246676013744,-5.471155212904977e-16,0.00808964457503066,0.18942118530618623,-0.02526838204082901,0.5571679865081014,0.3099927466658277,-0.02298406809420335
1,DNS,6,0.556875,0.6328125,0.6742032766605444,-2.7663418430967646e-16,0.013518585842971536,0.18281368587850536,-0.012592099965360922,0.5754919448719757,0.29549225365825793,-0.024721889594137923
1,DNS,6,0.556875,0.6484375,0.7589068665298406,-2.67282940571989e-16,0.025323318280544446,0.1721333860489882,-0.00212221929006316,0.5952126247857392,0.28040035087378024,-0.026217409861348698
1,DNS,6,0.556875,0.6640625,0.8338288829288883,-1.2323041892470243e-15,0.04104299211115626,0.1579269128220469,0.0057264401554777185,0.6162544059317295,0.264787444597572,-0.02746798508408991
1,DNS,6,0.556875,0.6796875,0.8965797237847424,-4.984619488002107e-16,0.05726670072875794,0.14116019472484292,0.01087166972964429,0.6387515064043258,0.24847904700122908,-0.02836927967986648
1,DNS,6,0.556875,0.6953125,0.9459412146638183,3.0548751462494694e-16,0.0706678351460185,0.12303032183769977,0.013545704766454177,0.6629579078415868,0.23114881665427173,-0.028719103510573843
1,DNS,6,0.556875,0.7109375,0.9819300854723313,-3.6791045470579986e-16,0.07893870058430263,0.10474680144146994,0.01421217118418106,0.6890438962862244,0.21252607370786128,-0.028286219826432465
1,DNS,6,0.556875,0.7265625,1.0056612333192825,-5.15267082473736e-17,0.08126821307262991,0.0873407057417284,0.013446023349290234,0.7169205623174312,0.19257809102924744,-0.026911055034277112
1,DNS,6,0.556875,0.7421875,1.0190532795269232,5.283181661250302e-16,0.07825047371090477,0.07154577787840818,0.011815921840746035,0.7461855266031496,0.1715744658521759,-0.024585216184853317
1,DNS,6,0.556875,0.7578125,1.0244564344207052,3.942565674971976e-16,0.07138222643585694,0.05776584142436218,0.009800066095971324,0.7761907981780589,0.15002944050229355,-0.021471086143744975
1,DNS,6,0.556875,0.7734375,1.0242893565125255,3.5775961186590433e-16,0.062440738073000025,0.046113535136015,0.0077468271991183784,0.8061679782501119,0.12858171606810262,-0.017862150303714595
1,DNS,6,0.556875,0.7890625,1.0207502598203955,-4.89273335388396e-16,0.05299109946576566,0.036489133157449054,0.005873690790499596,0.8353418639177177,0.10787781590129361,-0.014111481877553376
1,DNS,6,0.556875,0.8046875,1.0156334839328527,-2.2358959302082315e-16,0.04413298540567733,0.028667811151276538,0.0042894622725408536,0.8630015977214055,0.08849243598117881,-0.01055640490118831
1,DNS,6,0.556875,0.8203125,1.0102517376549744,4.833373284940379e-16,0.036466634309103,0.022373655289670773,0.003025025098353688,0.8885373232499767,0.07088506448226789,-0.007457574240748388
1,DNS,6,0.556875,0.8359375,1.0054443491653733,-3.411848711540322e-16,0.030192138314091566,0.01733113966000435,0.0020627746187537504,0.9114643065476713,0.055378366178458156,-0.004963657278690815
1,DNS,6,0.556875,0.8515625,1.0016435779150283,-2.5538382172896057e-16,0.025253128039277192,0.013294313963421551,0.0013600612025521208,0.9314474449149263,0.04214812543204219,-0.003106960466576059
1,DNS,6,0.556875,0.8671875,0.9989710405576535,-9.161508357502512e-17,0.02146590197164042,0.010058836702042747,0.0008655877750582072,0.9483233486685418,0.03122359397863949,-0.0018267727322609601
1,DNS,6,0.556875,0.8828125,0.9973408932883441,-5.468851283288445e-16,0.018609570832181427,0.0074630872534222825,0.00052954150179457,0.9621086625723769,0.022501143907079746,-0.0010084575021234426
1,DNS,6,0.556875,0.8984375,0.9965529845657981,5.28080996899799e-16,0.01647680924301835,0.005383585455034492,0.00030888190450033195,0.9729856468287033,0.015771881330639392,-0.0005229671490539567
1,DNS,6,0.556875,0.9140625,0.9963661486034907,-9.88589093399439e-17,0.014895617018975314,0.0037282846324286373,0.00016925485768808286,0.9812647025174013,0.01075920702881652,-0.00025528558115971265
1,DNS,6,0.556875,0.9296875,0.9965481148192319,-7.300509209749034e-16,0.013733902854299707,0.0024298015016356784,8.480938186449718e-05,0.9873317817414292,0.007159244042066926,-0.00011794786408376639
1,DNS,6,0.556875,0.9453125,0.9969034423737975,-9.924515636389186e-17,0.01289582122613996,0.001439581011341284,3.691799898168678e-05,0.9915922444893093,0.004677153128678235,-5.232503045094226e-05
1,DNS,6,0.556875,0.9609375,0.99728405742379,9.397830549786462e-17,0.012315242407310866,0.0007233432224151747,1.2505541892544595e-05,0.9944212684953008,0.0030548831433485565,-2.3150720939389432e-05
1,DNS,6,0.556875,0.9765625,0.9975883603673923,-2.7791320406003045e-16,0.011949108173642484,0.0002578048513096563,2.413839761245658e-06,0.9961264795250668,0.0020891847976451023,-1.1210689176717128e-05
1,DNS,6,0.556875,0.9921875,0.9977548025311711,-1.7554122557134934e-16,0.011771925060204715,2.8502983879778226e-05,-9.11778028160051e-19,0.9969237221285325,0.00164133938392675,-7.100195297239972e-06
1,DNS,7,0.65,0.0078125,-0.9974431445849749,1.8064671666092463e-16,0.011507009557789646,2.778606997577704e-05,-6.964728408798485e-19,0.003381131434885041,0.9930478571179091,-2.7665602292022385e-05
1,DNS,7,0.65,0.0234375,-0.9974494433098567,2.9587199660771613e-16,0.01174212338583263,0.00025177680414600206,3.2087659242845346e-06,0.003984613972097684,0.9918819335872238,-3.708174978025673e-05
1,DNS,7,0.65,0.0390625,-0.9975007979001094,-1.1069026554719197e-16,0.012230378081161643,0.0007090140321111855,1.6276256607724207e-05,0.005243523870228008,0.9894662226411186,-6.089421774211594e-05
1,DNS,7,0.65,0.0546875,-0.9976735876666628,6.906367838732663e-17,0.013009181678203285,0.0014188707297100595,4.6572869017468704e-05,0.007258691794522255,0.9856405403177354,-0.00011012774897535167
1,DNS,7,0.65,0.0703125,-0.9980782345093027,7.677371108641418e-16,0.01413778156715972,0.0024125976022605234,0.0001027402085260849,0.010173644574080334,0.9801830478079157,-0.00020371153766011663
1,DNS,7,0.65,0.0859375,-0.998850747196379,1.0614339268633088e-16,0.015700178827733086,0.0037360313111668058,0.00019532018226412604,0.0141652888330964,0.9728309892747967,-0.00037051272900015487
1,DNS,7,0.65,0.1015625,-1.0001362266293186,-5.939530551418715e-16,0.01780713368088514,0.005453251751913937,0.00033742503492189895,0.0194317421608124,0.9633056347530216,-0.0006505128040329585
1,DNS,7,0.65,0.1171875,-1.0020610521297573,5.957419887264725e-16,0.020594707047398225,0.0076510414109751896,0.0005453106277425937,0.026177925985956602,0.9513388964098562,-0.0010938335114713013
1,DNS,7,0.65,0.1328125,-1.004691204302311,1.009663273127126e-16,0.024215109469675027,0.010443694124856283,0.0008385455550782006,0.03459965159976455,0.9366991768689052,-0.001756519792466743
1,DNS,7,0.65,0.1484375,-1.0079760044941903,2.662800535624399e-16,0.028813879491355693,0.013977195126331705,0.0012392146093600596,0.0448665084592771,0.9192153492033779,-0.0026928549080113295
1,DNS,7,0.65,0.1640625,-1.0116796673105384,3.6982136103480556e-16,0.03448677239694831,0.018431014263273517,0.001769274435654391,0.05710287520466034,0.8988001635283303,-0.00394529282251798
1,DNS,7,0.65,0.1796875,-1.0153075648098615,-5.044792708575052e-16,0.041212372186186896,0.02401478723721364,0.002444890429885818,0.07136547185620959,0.8754764135113974,-0.00553408151369565
1,DNS,7,0.65,0.1953125,-1.0180397905178298,2.6920739942815075e-16,0.048765049707661136,0.03095629144403845,0.003266567992540247,0.08761652187015012,0.8494083735376117,-0.0074484819059497
1,DNS,7,0.65,0.2109375,-1.0186906521540504,5.282232984349378e-16,0.05662896963706742,0.03947696713054369,0.0042045595944443515,0.10569542396124008,0.8209351238361662,-0.00964029018200031
1,DNS,7,0.65,0.2265625,-1.0157171973827277,-3.8716859579457363e-16,0.06395435246763745,0.04975270860411026,0.005180854486595509,0.1252989131317605,0.7905921075909016,-0.012019914116715453
1,DNS,7,0.65,0.2421875,-1.0072995908008302,-4.34114549863196e-16,0.06961105027178435,0.06186162529253251,0.0060522093889309875,0.14598647176367557,0.7590984421721236,-0.01445756033200343
1,DNS,7,0.65,0.2578125,-0.9915073212377348,-5.492568205811565e-16,0.07238325509608728,0.07572697942526546,0.006602416023267897,0.16722700071623076,0.7272898931102643,-0.01679578347807184
1,DNS,7,0.65,0.2734375,-0.9665455693583284,5.724587470723463e-17,0.07129757005428698,0.09107075702907957,0.006554198308105007,0.1884880508315641,0.6959978428313062,-0.018878367805560636
1,DNS,7,0.65,0.2890625,-0.9310480795699971,3.8033812210791496e-16,0.06599286402396079,0.10739742313223707,0.005608697561129399,0.20934281884597666,0.665907410631905,-0.020589482474729703
1,DNS,7,0.65,0.3046875,-0.8843559018730722,-3.0010716134398763e-16,0.05696989453258029,0.12402386834947651,0.0035113684862232665,0.22954866478273842,0.6374522618758202,-0.021883541735101653
1,DNS,7,0.65,0.3203125,-0.8267094518663985,4.623038063478191e-16,0.045566267369756955,0.1401587071344247,0.00012917944432791576,0.2490549059781439,0.6107961952015448,-0.022786366529778043
1,DNS,7,0.65,0.3359375,-0.7592953960289969,1.2611439670351388e-15,0.033615877955263426,0.15501608065469613,-0.004487550114335561,0.2679326078064249,0.5859088917095523,-0.023366606350707662
1,DNS,7,0.65,0.3515625,-0.6841282837964999,3.1181654480683108e-16,0.022916540592059255,0.16793493639882903,-0.010085620852796861,0.2862636713093768,0.5626917925300754,-0.02369635514871197
1,DNS,7,0.65,0.3671875,-0.60379321431485,3.148523108897905e-16,0.014734273279919798,0.1784724719760139,-0.016244452332488616,0.30404792976350725,0.5410868490884486,-0.023823785917353475
1,DNS,7,0.65,0.3828125,-0.5211087293600993,6.589780804366896e-16,0.009544330350248823,0.186451046825944,-0.02245755865835359,0.3211715265914246,0.5211195904365171,-0.023769561040615894
1,DNS,7,0.65,0.3984375,-0.43877695133057826,-4.822531263215524e-16,0.007075472990961395,0.19195468791302658,-0.028234065046258507,0.33744352974756303,0.5028690788128454,-0.02354477942638483
1,DNS,7,0.65,0.4140625,-0.35907518436706237,1.1108735459286478e-15,0.006580406546329982,0.19528539624165006,-0.033190117653082454,0.3526757015284556,0.4863920281083295,-0.023177887190504357
1,DNS,7,0.65,0.4296875,-0.2836231000482112,1.87436871579294e-15,0.007180299136386127,0.1968956730779059,-0.03710696860477829,0.3667650507373588,0.4716434792988545,-0.02273205405472616
1,DNS,7,0.65,0.4453125,-0.21324283298043945,-4.3368086899420177e-16,0.008141624971761716,0.1973125030455669,-0.03994420562570876,0.3797412296139845,0.45843331168910795,-0.022296650220207832
1,DNS,7,0.65,0.4609375,-0.14791848148406303,1.235990476633475e-17,0.009008875368885772,0.19706324757747998,-0.04180831559393926,0.3917602595541082,0.44643943966263133,-0.021952832407084816
1,DNS,7,0.65,0.4765625,-0.08685397745297622,1.0421351281930669e-15,0.009593352378699578,0.19660940805539334,-0.042887085675320166,0.4030568513274211,0.43526914679866463,-0.02173804940176276
1,DNS,7,0.65,0.4921875,-0.028620864436546486,-8.998878031629687e-18,0.009872543647697681,0.19629199718478668,-0.043368665174690485,0.4138922457734695,0.4245332353530217,-0.021642377770038405
1,DNS,7,0.65,0.5078125,0.0286208644365465,-1.723881454251952e-17,0.009872543647697683,0.1962919971847867,-0.04336866517469049,0.4245332353530216,0.4138922457734696,-0.021642377770038412
1,DNS,7,0.65,0.5234375,0.08685397745297621,-1.0129158796445825e-15,0.009593352378699576,0.1966094080553934,-0.04288708567532017,0.43526914679866435,0.403056851327421,-0.021738049401762757
1,DNS,7,0.65,0.5390625,0.147918481484063,1.2492041906106421e-16,0.00900887536888578,0.19706324757748006,-0.04180831559393927,0.4464394396626312,0.3917602595541082,-0.02195283240708483
1,DNS,7,0.65,0.5546875,0.21324283298043942,5.169747008954007e-16,0.00814162497176172,0.19731250304556697,-0.03994420562570879,0.45843331168910784,0.3797412296139845,-0.022296650220207853
1,DNS,7,0.65,0.5703125,0.28362310004821106,-1.8376142621456815e-15,0.007180299136386133,0.196895673077906,-0.037106968604778315,0.47164347929885436,0.3667650507373588,-0.02273205405472617
1,DNS,7,0.65,0.5859375,0.3590751843670622,-1.016168486162039e-15,0.006580406546329982,0.19528539624165026,-0.03319011765308248,0.4863920281083294,0.3526757015284556,-0.023177887190504367
1,DNS,7,0.65,0.6015625,0.4387769513305782,6.351798427506328e-16,0.007075472990961388,0.19195468791302672,-0.02823406504625851,0.5028690788128453,0.3374435297475631,-0.023544779426384842
1,DNS,7,0.65,0.6171875,0.5211087293600993,-6.382427138879043e-16,0.009544330350248816,0.186451046825944,-0.022457558658353576,0.5211195904365173,0.3211715265914247,-0.023769561040615908
1,DNS,7,0.65,0.6328125,0.60379321431485,-2.9967348047499343e-16,0.014734273279919788,0.1784724719760139,-0.016244452332488654,0.5410868490884486,0.30404792976350725,-0.02382378591735348
1,DNS,7,0.65,0.6484375,0.6841282837964998,-2.6487059073820873e-16,0.02291654059205924,0.16793493639882912,-0.01008562085279688,0.5626917925300756,0.2862636713093768,-0.02369635514871197
1,DNS,7,0.65,0.6640625,0.7592953960289968,-1.2516029879172663e-15,0.03361587795526344,0.15501608065469616,-0.004487550114335515,0.5859088917095524,0.2679326078064249,-0.02336660635070765
1,DNS,7,0.65,0.6796875,0.8267094518663984,-4.858852035993788e-16,0.04556626736975699,0.14015870713442463,0.0001291794443279399,0.610796195201545,0.2490549059781439,-0.022786366529778036
1,DNS,7,0.65,0.6953125,0.884355901873072,2.920298551589706e-16,0.056969894532580244,0.12402386834947647,0.0035113684862232383,0.6374522618758203,0.2295486647827384,-0.021883541735101646
1,DNS,7,0.65,0.7109375,0.9310480795699969,-3.8120548384590336e-16,0.06599286402396069,0.1073974231322371,0.005608697561129419,0.6659074106319051,0.20934281884597664,-0.020589482474729706
1,DNS,7,0.65,0.7265625,0.9665455693583282,-5.5077470362263625e-17,0.07129757005428686,0.09107075702907955,0.006554198308105074,0.6959978428313064,0.18848805083156406,-0.018878367805560636
1,DNS,7,0.65,0.7421875,0.9915073212377348,5.355416630992149e-16,0.07238325509608723,0.07572697942526546,0.006602416023267934,0.7272898931102645,0.16722700071623076,-0.01679578347807184
1,DNS,7,0.65,0.7578125,1.0072995908008302,3.9020436187753305e-16,0.06961105027178431,0.061861625292532536,0.006052209388931044,0.7590984421721236,0.14598647176367555,-0.014457560332003436
1,DNS,7,0.65,0.7734375,1.0157171973827275,3.6673138484322187e-16,0.06395435246763746,0.049752708604110275,0.005180854486595537,0.7905921075909017,0.1252989131317605,-0.012019914116715455
1,DNS,7,0.65,0.7890625,1.0186906521540502,-5.019585008064764e-16,0.05662896963706743,0.0394769671305437,0.004204559594444374,0.8209351238361662,0.10569542396124008,-0.00964029018200031
1,DNS,7,0.65,0.8046875,1.0180397905178298,-2.570643350963131e-16,0.04876504970766114,0.030956291444038463,0.0032665679925402554,0.8494083735376116,0.08761652187015012,-0.007448481905949699
1,DNS,7,0.65,0.8203125,1.0153075648098613,4.938676420943033e-16,0.04121237218618691,0.024014787237213654,0.0024448904298858274,0.8754764135113975,0.07136547185620959,-0.005534081513695649
1,DNS,7,0.65,0.8359375,1.011679667310538,-3.611612961820776e-16,0.034486772396948334,0.018431014263273524,0.001769274435654404,0.89880016352833,0.05710287520466034,-0.003945292822517977
1,DNS,7,0.65,0.8515625,1.0079760044941903,-2.533238376012381e-16,0.028813879491355717,0.013977195126331703,0.0012392146093600622,0.9192153492033778,0.0448665084592771,-0.0026928549080113265
1,DNS,7,0.65,0.8671875,1.0046912043023108,-8.096279723035504e-17,0.024215109469675034,0.010443694124856276,0.0008385455550781968,0.9366991768689052,0.03459965159976456,-0.0017565197924667418
1,DNS,7,0.65,0.8828125,1.0020610521297573,-5.654622549280258e-16,0.020594707047398228,0.007651041410975187,0.0005453106277425889,0.9513388964098561,0.0261779259859566,-0.0010938335114713006
1,DNS,7,0.65,0.8984375,1.0001362266293186,5.827993252924268e-16,0.017807133680885146,0.00545325175191394,0.0003374250349218946,0.9633056347530216,0.019431742160812396,-0.0006505128040329574
1,DNS,7,0.65,0.9140625,0.9988507471963788,-1.0851794367483991e-16,0.01570017882773309,0.00373603131116681,0.00019532018226412455,0.9728309892747968,0.014165288833096396,-0.0003705127290001543
1,DNS,7,0.65,0.9296875,0.9980782345093027,-7.665173834200956e-16,0.014137781567159727,0.002412597602260525,0.00010274020852608294,0.9801830478079155,0.010173644574080327,-0.00020371153766011627
1,DNS,7,0.65,0.9453125,0.9976735876666627,-7.713759644055462e-17,0.013009181678203287,0.0014188707297100606,4.657286901746741e-05,0.9856405403177354,0.0072586917945222495,-0.00011012774897535145
1,DNS,7,0.65,0.9609375,0.9975007979001094,1.0370520834765938e-16,0.012230378081161656,0.0007090140321111868,1.6276256607724085e-05,0.9894662226411186,0.005243523870228004,-6.089421774211572e-05
1,DNS,7,0.65,0.9765625,0.9974494433098566,-2.9864433544407945e-16,0.011742123385832642,0.0002517768041460027,3.20876592428543e-06,0.9918819335872238,0.00398461397209768,-3.708174978025658e-05
1,DNS,7,0.65,0.9921875,0.997443144584975,-1.761053495142207e-16,0.011507009557789657,2.778606997577712e-05,-2.9475423075469567e-19,0.9930478571179091,0.0033811314348850367,-2.7665602292022232e-05
1,MF,0,0.0,0.0078125,-1.0,0.0,6.570137787900594e-13,5.708888250872606e-15,2.9582283945787943e-31,0.0,1.0,0.0
1,MF,0,0.0,0.0234375,-1.0,2.481541837659083e-24,2.159284280930924e-12,8.29958733825044e-14,-1.5777218104420236e-30,0.0,1.0,0.0
1,MF,0,0.0,0.0390625,-1.0,-1.8611563782443123e-24,1.5362923971006848e-11,6.247787647878083e-13,-4.733165431326071e-30,0.0,1.0,0.0
1,MF,0,0.0,0.0546875,-1.0,8.271806125530277e-24,1.0192154865351448e-10,4.396831927449826e-12,8.835242138475332e-29,0.0,1.0,0.0
1,MF,0,0.0,0.0703125,-1.0,-5.1285197978287716e-23,6.303984305448273e-10,2.8926798388188747e-11,-7.068193710780266e-28,0.0,1.0,0.0
1,MF,0,0.0,0.0859375,-1.0,1.4558378780933287e-22,3.6344790664301803e-09,1.7791426980494526e-10,-8.077935669463161e-28,0.0,1.0,0.0
1,MF,0,0.0,0.1015625,-1.0,-5.293955920339377e-23,1.9528053744216348e-08,1.0229963078191315e-09,1.6155871338926322e-26,0.0,1.0,0.0
1,MF,0,0.0,0.1171875,-1.0,-8.470329472543003e-22,9.776123267780567e-08,5.499119087345055e-09,-2.0679515313825692e-25,0.0,1.0,0.0
1,MF,0,0.0,0.1328125,-0.9999999999999999,7.940933880509066e-22,4.558837089398682e-07,2.7635721197783388e-08,2.0679515313825692e-25,0.0,1.0,0.0
1,MF,0,0.0,0.1484375,-1.0,1.0587911840678754e-21,1.9796818404886703e-06,1.298404104277486e-07,-1.2407709188295415e-24,5.551115123125783e-17,1.0,0.0
1,MF,0,0.0,0.1640625,-0.9999999999999999,0.0,8.00290523141155e-06,5.703127293818589e-07,4.963083675318166e-24,2.7755575615628914e-16,0.9999999999999999,0.0
1,MF,0,0.0,0.1796875,-0.9999999999999964,-1.2705494208814505e-20,3.010561097862845e-05,2.341978984703462e-06,0.0,1.4432899320127035e-15,0.9999999999999984,0.0
1,MF,0,0.0,0.1953125,-0.9999999999999841,-2.1175823681357508e-20,0.0001053432434852525,8.991294440049742e-06,6.913906431963227e-20,7.66053886991358e-15,0.9999999999999927,0.0
1,MF,0,0.0,0.2109375,-0.9999999999999183,-1.2197274440461925e-19,0.0003426948796987711,3.227254487683245e-05,1.180552170235681e-19,4.068967385251199e-14,0.9999999999999593,0.0
1,MF,0,0.0,0.2265625,-0.9999999999995701,0.0,0.001035848122025084,0.0001082974808861944,-9.09501627114305e-19,2.153277556260491e-13,0.9999999999997848,0.0
1,MF,0,0.0,0.2421875,-0.9999999999977207,0.0,0.0029071872119901467,0.00033976600952790616,1.4230153513872246e-19,1.1399770016851107e-12,0.9999999999988598,0.0
1,MF,0,0.0,0.2578125,-0.9999999999879282,-1.0842021724855044e-19,0.0075697770780033345,0.000996598262047638,2.5851445550201246e-18,6.035671962223432e-12,0.9999999999939646,0.0
1,MF,0,0.0,0.2734375,-0.9999999999360866,2.710505431213761e-20,0.018268373725907526,0.002733008777658424,-1.1357017756785659e-17,3.195582687354204e-11,0.9999999999680443,0.0
1,MF,0,0.0,0.2890625,-0.9999999996616218,1.0842021724855044e-19,0.04081364256742353,0.007007201548012862,-2.3174821436877657e-18,1.6918982881364286e-10,0.9999999998308101,0.0
1,MF,0,0.0,0.3046875,-0.9999999982084519,-9.215718466126788e-19,0.08428720666599052,0.016797039314779993,6.667843360785852e-18,8.957736774561909e-10,0.9999999991042261,0.0
1,MF,0,0.0,0.3203125,-0.9999999905146701,-2.222614453595284e-18,0.16060946403012177,0.03764498810799345,-3.550762114890027e-17,4.742664760915005e-09,0.9999999952573352,0.0
1,MF,0,0.0,0.3359375,-0.999999949780019,-1.0842021724855044e-18,0.28172019595358677,0.07888047481424484,3.913969842672671e-17,2.5109990919869318e-08,0.9999999748900092,0.0
1,MF,0,0.0,0.3515625,-0.9999997341108331,1.734723475976807e-18,0.45350360590081096,0.1545330234329892,7.047314121155779e-17,1.3294458278689805e-07,0.9999998670554173,0.0
1,MF,0,0.0,0.3671875,-0.9999985922532633,0.0,0.6672611649710681,0.28305048413615147,-4.662069341687669e-17,7.038733689790356e-07,0.9999992961266313,0.0
1,MF,0,0.0,0.3828125,-0.9999925467214335,-3.469446951953614e-18,0.8923503282805586,0.4847285160039235,-1.700029006457271e-16,3.726639284162836e-06,0.9999962733607158,0.0
1,MF,0,0.0,0.3984375,-0.9999605393223056,2.168404344971009e-18,1.0760313198997573,0.7761156202763453,1.8908485888147197e-16,1.973033884716813e-05,0.9999802696611528,0.0
1,MF,0,0.0,0.4140625,-0.9997910935355708,-4.7704895589362195e-18,1.1559510884441573,1.1618456921005156,-2.975050761300224e-16,0.00010445323221425219,0.999895546767786,0.0
1,MF,0,0.0,0.4296875,-0.9988944427261546,-1.0842021724855044e-17,1.0851395337740646,1.6261683423946924,1.5785983631388945e-16,0.000552778636923601,0.9994472213630764,0.0
1,MF,0,0.0,0.4453125,-0.9941605004152155,1.734723475976807e-17,0.8603472465065216,2.1280326409803028,2.2724877535296173e-16,0.002919749792392179,0.9970802502076079,0.0
1,MF,0,0.0,0.4609375,-0.9694656922392504,-9.540979117872439e-18,0.5376820185019114,2.6036785875414346,-1.0399667238480959e-15,0.015267153880374416,0.9847328461196254,0.0
1,MF,0,0.0,0.4765625,-0.8482836399575115,6.938893903907228e-18,0.22159835812546802,2.978469726437543,-2.168404344971009e-17,0.07585818002124357,0.9241418199787564,0.0
1,MF,0,0.0,0.4921875,-0.3941185679308137,2.42861286636753e-17,0.026344701759837063,3.1856351001505194,9.014056862044484e-16,0.30294071603459277,0.6970592839654072,0.0
1,MF,0,0.0,0.5078125,0.3941185679308137,2.42861286636753e-17,0.026344701759837063,3.1856351001505194,-9.014056862044484e-16,0.6970592839654072,0.30294071603459277,0.0
1,MF,0,0.0,0.5234375,0.8482836399575115,6.938893903907228e-18,0.22159835812546802,2.978469726437543,2.168404344971009e-17,0.9241418199787564,0.07585818002124357,0.0
1,MF,0,0.0,0.5390625,0.9694656922392504,-9.540979117872439e-18,0.5376820185019114,2.6036785875414346,1.0399667238480959e-15,0.9847328461196254,0.01526715388037436,0.0
1,MF,0,0.0,0.5546875,0.9941605004152155,1.734723475976807e-17,0.8603472465065216,2.1280326409803028,-2.2724877535296173e-16,0.9970802502076079,0.002919749792392179,0.0
1,MF,0,0.0,0.5703125,0.9988944427261546,-1.0842021724855044e-17,1.0851395337740646,1.6261683423946924,-1.5785983631388945e-16,0.9994472213630764,0.000552778636923601,0.0
1,MF,0,0.0,0.5859375,0.9997910935355708,-4.7704895589362195e-18,1.1559510884441573,1.1618456921005156,2.975050761300224e-16,0.999895546767786,0.0001044532322143077,0.0
1,MF,0,0.0,0.6015625,0.9999605393223056,2.168404344971009e-18,1.0760313198997573,0.7761156202763453,-1.8908485888147197e-16,0.9999802696611528,1.973033884716813e-05,0.0
1,MF,0,0.0,0.6171875,0.9999925467214335,-3.469446951953614e-18,0.8923503282805586,0.4847285160039235,1.700029006457271e-16,0.9999962733607158,3.726639284162836e-06,0.0
1,MF,0,0.0,0.6328125,0.9999985922532633,0.0,0.6672611649710681,0.28305048413615147,4.662069341687669e-17,0.9999992961266313,7.038733689235245e-07,0.0
1,MF,0,0.0,0.6484375,0.9999997341108331,1.734723475976807e-18,0.45350360590081096,0.1545330234329892,-7.047314121155779e-17,0.9999998670554173,1.3294458278689805e-07,0.0
1,MF,0,0.0,0.6640625,0.999999949780019,-1.0842021724855044e-18,0.28172019595358677,0.07888047481424484,-3.913969842672671e-17,0.9999999748900092,2.510999097538047e-08,0.0
1,MF,0,0.0,0.6796875,0.9999999905146701,-2.222614453595284e-18,0.16060946403012177,0.03764498810799345,3.550762114890027e-17,0.9999999952573352,4.742664705403854e-09,0.0
1,MF,0,0.0,0.6953125,0.9999999982084519,-9.215718466126788e-19,0.08428720666599052,0.016797039314779993,-6.667843360785852e-18,0.9999999991042261,8.957736774561909e-10,0.0
1,MF,0,0.0,0.7109375,0.9999999996616218,1.0842021724855044e-19,0.04081364256742353,0.007007201548012862,2.3174821436877657e-18,0.9999999998308101,1.6918977330249163e-10,0.0
1,MF,0,0.0,0.7265625,0.9999999999360866,2.710505431213761e-20,0.018268373725907526,0.002733008777658424,1.1357017756785659e-17,0.9999999999680443,3.1955771362390806e-11,0.0
1,MF,0,0.0,0.7421875,0.9999999999879282,-1.0842021724855044e-19,0.0075697770780033345,0.000996598262047638,-2.5851445550201246e-18,0.9999999999939646,6.035616451072201e-12,0.0
1,MF,0,0.0,0.7578125,0.9999999999977189,0.0,0.002907187211990146,0.00033976600952790616,-1.3637230450794235e-19,0.9999999999988598,1.1399770016851107e-12,0.0
1,MF,0,0.0,0.7734375,0.99999999999957,0.0,0.0010358481220250806,0.00010829748088619451,1.5056010637445189e-19,0.9999999999997848,2.1538326677728037e-13,0.0
1,MF,0,0.0,0.7890625,0.9999999999999183,-9.486769009248164e-20,0.0003426948796987733,3.227254487683251e-05,1.1106719520872013e-19,0.9999999999999593,4.063416270128073e-14,0.0
1,MF,0,0.0,0.8046875,0.9999999999999841,-2.1175823681357508e-20,0.0001053432434852525,8.991294440049742e-06,-6.913906431963227e-20,0.9999999999999927,7.66053886991358e-15,0.0
1,MF,0,0.0,0.8203125,0.9999999999999964,-1.2705494208814505e-20,3.010561097862845e-05,2.341978984703462e-06,0.0,0.9999999999999984,1.4432899320127035e-15,0.0
1,MF,0,0.0,0.8359375,0.9999999999999999,0.0,8.00290523141155e-06,5.703127293818589e-07,-4.963083675318166e-24,0.9999999999999999,2.220446049250313e-16,0.0
1,MF,0,0.0,0.8515625,1.0,1.0587911840678754e-21,1.9796818404886703e-06,1.298404104277486e-07,1.2407709188295415e-24,1.0,0.0,0.0
1,MF,0,0.0,0.8671875,0.9999999999999999,7.940933880509066e-22,4.558837089398682e-07,2.7635721197783388e-08,-2.0679515313825692e-25,1.0,0.0,0.0
1,MF,0,0.0,0.8828125,1.0,-8.470329472543003e-22,9.776123267780567e-08,5.499119087345055e-09,2.0679515313825692e-25,1.0,0.0,0.0
1,MF,0,0.0,0.8984375,1.0,-5.293955920339377e-23,1.9528053744216348e-08,1.0229963078191315e-09,-1.6155871338926322e-26,1.0,0.0,0.0
1,MF,0,0.0,0.9140625,1.0,1.4558378780933287e-22,3.6344790664301803e-09,1.7791426980494526e-10,8.077935669463161e-28,1.0,0.0,0.0
1,MF,0,0.0,0.9296875,1.0,-5.1285197978287716e-23,6.303984305448273e-10,2.8926798388188747e-11,7.068193710780266e-28,1.0,0.0,0.0
1,MF,0,0.0,0.9453125,1.0,8.271806125530277e-24,1.0192154865351448e-10,4.396831927449826e-12,-8.835242138475332e-29,1.0,0.0,0.0
1,MF,0,0.0,0.9609375,1.0,-1.8611563782443123e-24,1.5362923971006848e-11,6.247787647878083e-13,4.733165431326071e-30,1.0,0.0,0.0
1,MF,0,0.0,0.9765625,1.0,2.481541837659083e-24,2.159284280930924e-12,8.29958733825044e-14,1.5777218104420236e-30,1.0,0.0,0.0
1,MF,0,0.0,0.9921875,1.0,0.0,6.570137787900594e-13,5.708888250872606e-15,-2.9582283945787943e-31,1.0,0.0,0.0
1,MF,1,0.093125,0.0078125,-1.0000013597429342,1.4475925875888232e-10,0.0016398167808566355,5.02743619267331e-06,-2.535575418529101e-13,1.999426948603482e-16,1.000001857998851,1.318862112221386e-22
1,MF,1,0.093125,0.0234375,-1.000000902870021,4.3288366475906746e-10,0.001680021209131266,4.578405469758497e-05,-3.841144234894801e-08,1.4600810297832907e-15,1.0000020035869444,1.1991598341595468e-21
1,MF,1,0.093125,0.0390625,-0.9999995097252813,7.168391645789689e-10,0.0017631995894294697,0.00013022527305261048,-2.362253411484029e-07,1.1619846729338882e-14,1.000002311519287,1.277355116359751e-20
1,MF,1,0.093125,0.0546875,-0.9999959241337094,9.938911117723936e-10,0.0018951323547966312,0.00026451845304558666,-8.7832858620046e-07,9.00585736384017e-14,1.0000028177506368,1.371719450594637e-19
1,MF,1,0.093125,0.0703125,-0.9999873955616294,1.2613713435295076e-09,0.002085102203355644,0.0004587282853736509,-2.6423481715397637e-06,6.764856646994953e-13,1.00000358307141,1.4408104533431468e-18
1,MF,1,0.093125,0.0859375,-0.9999682742480107,1.5167038810862468e-09,0.0023466539847083485,0.0007278936852380457,-7.0629476504001845e-06,4.911765432791789e-12,1.0000047040508837,1.4610695100147254e-17
1,MF,1,0.093125,0.1015625,-0.9999274747578796,1.7574297315808493e-09,0.00269866620396568,0.001093638215768654,-1.7450407802981607e-05,3.4386422678618625e-11,1.0000063344083596,1.4259997279852848e-16
1,MF,1,0.093125,0.1171875,-0.9998441687074706,1.9812305719624224e-09,0.003166864821847139,0.0015864820079973334,-4.063258159152836e-05,2.3153528665642137e-10,1.0000087286274875,1.3456323285891796e-15
1,MF,1,0.093125,0.1328125,-0.9996809273534428,2.1859510796525677e-09,0.0037861932980688623,0.002249105637601782,-9.01061471931448e-05,1.4953838643316197e-09,1.0000123336069582,1.2433144156190505e-14
1,MF,1,0.093125,0.1484375,-0.9993736308177235,2.3696196845002238e-09,0.004605230775411801,0.0031409780341985797,-0.00019145075223958577,9.23562208720575e-09,1.000017980205003,1.148068162557914e-13
1,MF,1,0.093125,0.1640625,-0.9988181595844139,2.530467555980631e-09,0.005695679684173166,0.004345126702588608,-0.00039109790759705353,5.435094305268905e-08,1.0000272647314472,1.0813702857441026e-12
1,MF,1,0.093125,0.1796875,-0.9978558393095154,2.6669456398061703e-09,0.007173614802808271,0.005978675962493976,-0.0007695344768019775,3.034709822002779e-07,1.0000432254808325,1.0392596750677869e-11
1,MF,1,0.093125,0.1953125,-0.9962638579625511,2.777739580017702e-09,0.009245239600527939,0.00821063250187432,-0.0014592561517115484,1.599290236296931e-06,1.000071214585833,9.751191892861899e-11
1,MF,1,0.093125,0.2109375,-0.993764745944737,2.8617823735754833e-09,0.012297017637628365,0.011294065024530536,-0.0026652376765689714,7.903805605729628e-06,1.0001186352265354,7.96555621040385e-10
1,MF,1,0.093125,0.2265625,-0.99008116262123,2.9182646373200616e-09,0.01705149714807594,0.015626103552325677,-0.004679448804144618,3.633966479973922e-05,1.0001872421361524,3.996026663817207e-09
1,MF,1,0.093125,0.2421875,-0.9850748345672462,2.9466424187815643e-09,0.024788749891450176,0.021857648208913893,-0.007868310316576494,0.00015393012719958825,1.0002357565912003,-2.4188525055591272e-08
1,MF,1,0.093125,0.2578125,-0.9790035521398677,2.9466424157457982e-09,0.03756243242852829,0.03108072228197347,-0.012592419272313245,0.0005937556686849523,1.0000511999337953,-9.697968003332495e-07
1,MF,1,0.093125,0.2734375,-0.9728633266739756,2.9182646446926364e-09,0.05821244004775904,0.04511190767825222,-0.01900526135838993,0.002058074359474268,0.9989060881370017,-1.4540161838493398e-05
1,MF,1,0.093125,0.2890625,-0.9686011982148742,2.861782385501707e-09,0.08987898829698493,0.06684349437887245,-0.02672384095317209,0.006320400126090244,0.9948844160271242,-0.00014332600184707335
1,MF,1,0.093125,0.3046875,-0.9687420281203594,2.7777395951965322e-09,0.13483864872879273,0.10053601063972917,-0.034547990637374126,0.01696785309993179,0.9840898113051638,-0.0009918699241610773
1,MF,1,0.093125,0.3203125,-0.9750075840531349,2.6669456748259004e-09,0.19283055202076968,0.1518060029881893,-0.04066021499185,0.039408109883756,0.9607513754082699,-0.004839418957117387
1,MF,1,0.093125,0.3359375,-0.9862571290173896,2.530467614852809e-09,0.2594024427124886,0.22701557075647671,-0.04359712929071967,0.07881516773787092,0.9196020842163799,-0.01659344824563783
1,MF,1,0.093125,0.3515625,-0.9971819342502204,2.36961977752477e-09,0.32530542607984037,0.3319241398727792,-0.04334424787635837,0.13624557203953003,0.8599566231733942,-0.040372511987418674
1,MF,1,0.093125,0.3671875,-0.9991296676584264,2.1859511809170507e-09,0.37810535405396273,0.4698538622068994,-0.04122535336435296,0.20631478888474442,0.7876963425848972,-0.07229950126014244
1,MF,1,0.093125,0.3828125,-0.9826582943201103,1.981230623136765e-09,0.4055990337774418,0.6399888515245606,-0.03856177337452032,0.2795697806168695,0.7124386668960654,-0.10226017274103423
1,MF,1,0.093125,0.3984375,-0.9400586056375875,1.7574297572764408e-09,0.3997390982039051,0.8364241412143429,-0.03585644803520006,0.3471808814863957,0.6429319479098912,-0.1247790701706075
1,MF,1,0.093125,0.4140625,-0.8667986529398113,1.5167040531491316e-09,0.3603148500386758,1.0483012592447807,-0.03320976901336573,0.40317163132932876,0.5850673164909956,-0.140129708717891
1,MF,1,0.093125,0.4296875,-0.7619248194810548,1.2613721922429683e-09,0.2958472261279069,1.2610270367266794,-0.03067425940405988,0.44434216689476613,0.5419164678563246,-0.1484241959563875
1,MF,1,0.093125,0.4453125,-0.6275679764761729,9.938931683954946e-10,0.22015550296412476,1.4581645345741547,-0.028141460182419906,0.47049624048574024,0.5135939375595842,-0.15008399368202988
1,MF,1,0.093125,0.4609375,-0.46800150347793834,7.168400656051843e-10,0.14782690840186652,1.6234371783755375,-0.025588037591891124,0.4842538024095295,0.4976699600860383,-0.14766757945479497
1,MF,1,0.093125,0.4765625,-0.2890248911404488,4.3289144122625467e-10,0.09157526636520201,1.7425784159433446,-0.023402520863333706,0.4894803217233215,0.49068281635060057,-0.14431183268721404
1,MF,1,0.093125,0.4921875,-0.0977478098804923,1.4476753996961467e-10,0.06088998357575627,1.8049788040321042,-0.022142269974568078,0.48995980783759185,0.4892219131273734,-0.14215173180691074
1,MF,1,0.093125,0.5078125,0.09774780988049245,-1.4476750787723036e-10,0.06088998357575631,1.804978804032104,-0.02214226997456807,0.4892219131273734,0.48995980783759185,-0.14215173180691076
1,MF,1,0.093125,0.5234375,0.2890248911404488,-4.328914301673925e-10,0.09157526636520202,1.7425784159433442,-0.023402520863333734,0.4906828163506006,0.4894803217233215,-0.14431183268721404
1,MF,1,0.093125,0.5390625,0.4680015034779384,-7.168400751461634e-10,0.14782690840186646,1.6234371783755375,-0.025588037591890996,0.49766996008603837,0.4842538024095295,-0.14766757945479494
1,MF,1,0.093125,0.5546875,0.627567976476173,-9.938931908384796e-10,0.22015550296412476,1.458164534574155,-0.028141460182419923,0.5135939375595842,0.47049624048574024,-0.1500839936820299
1,MF,1,0.093125,0.5703125,0.761924819481055,-1.2613721699084035e-09,0.2958472261279068,1.2610270367266794,-0.030674259404059972,0.5419164678563249,0.4443421668947661,-0.1484241959563875
1,MF,1,0.093125,0.5859375,0.8667986529398113,-1.5167040904456863e-09,0.36031485003867564,1.048301259244781,-0.03320976901336573,0.5850673164909956,0.40317163132932865,-0.14012970871789096
1,MF,1,0.093125,0.6015625,0.9400586056375875,-1.7574297945729955e-09,0.39973909820390496,0.8364241412143432,-0.03585644803520007,0.6429319479098912,0.3471808814863957,-0.12477907017060749
1,MF,1,0.093125,0.6171875,0.9826582943201104,-1.9812306344124675e-09,0.40559903377744166,0.6399888515245609,-0.038561773374520304,0.7124386668960654,0.27956978061686943,-0.10226017274103424
1,MF,1,0.093125,0.6328125,0.9991296676584265,-2.18595117050871e-09,0.37810535405396273,0.4698538622068996,-0.041225353364352874,0.7876963425848971,0.20631478888474447,-0.07229950126014249
1,MF,1,0.093125,0.6484375,0.9971819342502205,-2.36961975258812e-09,0.32530542607984037,0.33192413987277936,-0.04334424787635828,0.859956623173394,0.13624557203953006,-0.04037251198741873
1,MF,1,0.093125,0.6640625,0.9862571290173895,-2.5304676045528884e-09,0.2594024427124886,0.22701557075647677,-0.04359712929071963,0.9196020842163798,0.07881516773787096,-0.016593448245637864
1,MF,1,0.093125,0.6796875,0.9750075840531347,-2.6669456673449055e-09,0.19283055202076968,0.15180600298818936,-0.04066021499185,0.9607513754082699,0.03940810988375602,-0.004839418957117399
1,MF,1,0.093125,0.6953125,0.9687420281203591,-2.7777396052254023e-09,0.13483864872879275,0.10053601063972921,-0.034547990637374126,0.9840898113051637,0.01696785309993179,-0.0009918699241610813
1,MF,1,0.093125,0.7109375,0.9686011982148741,-2.8617823826285714e-09,0.089878988296985,0.06684349437887248,-0.026723840953172102,0.9948844160271243,0.006320400126090233,-0.0001433260018470744
1,MF,1,0.093125,0.7265625,0.9728633266739756,-2.918264639461361e-09,0.05821244004775909,0.04511190767825224,-0.019005261358389917,0.9989060881370015,0.0020580743594742507,-1.4540161838493586e-05
1,MF,1,0.093125,0.7421875,0.9790035521398676,-2.9466424178870975e-09,0.03756243242852826,0.031080722281973477,-0.012592419272313242,1.0000511999337953,0.0005937556686849334,-9.69796800333284e-07
1,MF,1,0.093125,0.7578125,0.9850748345672458,-2.946642414532847e-09,0.0247887498914502,0.021857648208913897,-0.007868310316576503,1.0002357565912003,0.00015393012719957069,-2.4188525055604096e-08
1,MF,1,0.093125,0.7734375,0.9900811626212296,-2.9182646371845363e-09,0.017051497148075953,0.015626103552325674,-0.004679448804144618,1.0001872421361524,3.6339664799723415e-05,3.996026663814776e-09
1,MF,1,0.093125,0.7890625,0.9937647459447366,-2.8617823727352266e-09,0.01229701763762834,0.011294065024530533,-0.0026652376765689697,1.0001186352265357,7.903805605714557e-06,7.965556210404544e-10
1,MF,1,0.093125,0.8046875,0.9962638579625509,-2.777739579611126e-09,0.009245239600527907,0.008210632501874322,-0.0014592561517115484,1.000071214585833,1.5992902362813518e-06,9.751191892862254e-11
1,MF,1,0.093125,0.8203125,0.9978558393095152,-2.666945641134318e-09,0.0071736148028082765,0.005978675962493979,-0.0007695344768019844,1.0000432254808325,3.0347098218369664e-07,1.039259675068267e-11
1,MF,1,0.093125,0.8359375,0.9988181595844139,-2.5304675565769423e-09,0.005695679684173163,0.00434512670258861,-0.00039109790759705727,1.0000272647314472,5.43509430357234e-08,1.0813702857453708e-12
1,MF,1,0.093125,0.8515625,0.9993736308177235,-2.369619686309486e-09,0.0046052307754118,0.0031409780341985823,-0.00019145075223958726,1.000017980205003,9.235622071272061e-09,1.1480681625471575e-13
1,MF,1,0.093125,0.8671875,0.9996809273534428,-2.185951080872295e-09,0.003786193298068862,0.002249105637601785,-9.010614719314519e-05,1.0000123336069582,1.495383850910894e-09,1.2433144154605339e-14
1,MF,1,0.093125,0.8828125,0.9998441687074706,-1.9812305722944593e-09,0.00316686482184714,0.001586482007997336,-4.063258159152873e-05,1.0000087286274875,2.3153527660895976e-10,1.3456323271456641e-15
1,MF,1,0.093125,0.8984375,0.9999274747578797,-1.7574297319399913e-09,0.002698666203965684,0.0010936382157686556,-1.7450407802982213e-05,1.0000063344083596,3.438641600031248e-11,1.4259997180569275e-16
1,MF,1,0.093125,0.9140625,0.9999682742480109,-1.516703881397955e-09,0.002346653984708359,0.0007278936852380467,-7.062947650402411e-06,1.0000047040508837,4.911761479723419e-12,1.4610694535030936e-17
1,MF,1,0.093125,0.9296875,0.9999873955616296,-1.2613713442748966e-09,0.002085102203355657,0.00045872828537365086,-2.6423481715387443e-06,1.0000035830714102,6.764835700098217e-13,1.4408101791925124e-18
1,MF,1,0.093125,0.9453125,0.9999959241337095,-9.938911122060745e-10,0.0018951323547966353,0.0002645184530455861,-8.783285861998302e-07,1.0000028177506368,9.005757362839662e-14,1.371718283533381e-19
1,MF,1,0.093125,0.9609375,0.9999995097252813,-7.168391643689047e-10,0.0017631995894294688,0.00013022527305261004,-2.3622534114838056e-07,1.000002311519287,1.1619412631345906e-14,1.277350652102827e-20
1,MF,1,0.093125,0.9765625,1.000000902870021,-4.3288366463031846e-10,0.00168002120913126,4.578405469758481e-05,-3.841144234938767e-08,1.0000020035869444,1.4599042015538493e-15,1.1991438938877366e-21
1,MF,1,0.093125,0.9921875,1.0000013597429342,-1.4475925869027265e-10,0.001639816780856635,5.027436192673294e-06,-2.5355741201864117e-13,1.000001857998851,1.998604687274994e-16,1.3187970692988942e-22
1,MF,2,0.185625,0.0078125,-0.9999957644135449,8.44423092105466e-11,0.0051315833532833205,1.4410364722152501e-05,-3.8387597438189764e-13,1.2463980631069075e-09,1.000013113735258,9.969471722944478e-15
1,MF,2,0.185625,0.0234375,-0.9999847459179142,2.5251370149048137e-10,0.005243647517959198,0.000130952513771485,-2.6146898424363345e-07,4.5221674321536365e-09,1.0000140882274304,4.2039438518332156e-14
1,MF,2,0.185625,0.0390625,-0.9999568015768434,4.1815324840948145e-10,0.005472968571577196,0.0003708543214221765,-1.5172052320346729e-06,1.8923241832489277e-08,1.0000161383170947,2.1737614008446337e-13
1,MF,2,0.185625,0.0546875,-0.9998980833776758,5.797657517915208e-10,0.0058298695770780656,0.0007482400778262058,-5.227628657307749e-06,7.701012135107018e-08,1.0000194688558024,1.1334476609858322e-12
1,MF,2,0.185625,0.0703125,-0.9997824569463971,7.357947942338711e-10,0.00632958566958983,0.0012855248773864054,-1.4416439577163112e-05,3.0142319050586294e-07,1.0000243655066,5.714652701895704e-12
1,MF,2,0.185625,0.0859375,-0.9995644372055106,8.847377296929138e-10,0.006991750873831551,0.0020148989578995208,-3.511042980988327e-05,1.131728517317297e-06,1.000031032760846,2.634895749907299e-11
1,MF,2,0.185625,0.1015625,-0.9991692707032329,1.0251601580439293e-09,0.007839563852201002,0.002980316261109104,-7.875479575585623e-05,4.065963113511688e-06,1.0000389068267026,9.444425091795319e-11
1,MF,2,0.185625,0.1171875,-0.9984811232745643,1.1557097345099576e-09,0.008899113329760372,0.004240017655423355,-0.0001660083159938198,1.3938473223172489e-05,1.0000442716706532,3.19322610439693e-11
1,MF,2,0.185625,0.1328125,-0.997332849285433,1.2751291947245974e-09,0.010200612145659017,0.005869761803753161,-0.00033213232581183157,4.544541927255886e-05,1.0000329947426825,-4.222910168125904e-09
1,MF,2,0.185625,0.1484375,-0.9955052936986974,1.3822684633187088e-09,0.011785576931082077,0.007967380554707842,-0.0006334313734410186,0.00014039883502858712,0.9999607282456768,-5.8686486201904825e-08
1,MF,2,0.185625,0.1640625,-0.9927501631749259,1.4760957332739938e-09,0.013726619082435384,0.01066030319370426,-0.0011523468216583974,0.0004092205909031927,0.999704774023049,-5.65958523547879e-07
1,MF,2,0.185625,0.1796875,-0.9888553372521143,1.5557073962391144e-09,0.016166373361312464,0.014119512315349317,-0.0019953503281336426,0.0011197221219252497,0.9989615022383226,-4.431813171277825e-06
1,MF,2,0.185625,0.1953125,-0.9837677829281491,1.6203367339279878e-09,0.01937308089992386,0.01858560976626971,-0.003273153706707034,0.0028599980264329573,0.9970617780806823,-2.907376720859759e-05
1,MF,2,0.185625,0.2109375,-0.9777657527294188,1.6693613457720302e-09,0.02378830639705693,0.02441346934541544,-0.005050123605738433,0.0067765629106139895,0.9927131113097384,-0.00015999898542913582
1,MF,2,0.185625,0.2265625,-0.971621702499123,1.7023091096468601e-09,0.030018051032240742,0.0321379104393815,-0.0072568481880229095,0.014797593021457202,0.9837889549764609,-0.0007319688448947522
1,MF,2,0.185625,0.2421875,-0.9666361818061902,1.718862706031124e-09,0.03872325283856137,0.0425511343384173,-0.009585885098163879,0.02959257203630397,0.9674556521682194,-0.002748682738010828
1,MF,2,0.185625,0.2578125,-0.9644045769975906,1.7188627019111558e-09,0.05041487691042075,0.05676577322034246,-0.011432878521056932,0.05392854681761053,0.9409714025989624,-0.00836955598302962
1,MF,2,0.185625,0.2734375,-0.9662696486185712,1.702309133065627e-09,0.06520295978489983,0.07622482228982669,-0.011968891370747279,0.08935571368174473,0.903092592337301,-0.020499376425075017
1,MF,2,0.185625,0.2890625,-0.972609268528961,1.6693613848033084e-09,0.08254336669713745,0.10262156598669729,-0.010379429058473891,0.1349046533467021,0.8552121800171577,-0.040390064630312
1,MF,2,0.185625,0.3046875,-0.9822732575112039,1.6203367552867706e-09,0.10106767049164239,0.1377118891454488,-0.006176647365830866,0.18703522505583894,0.8010370552185047,-0.06477556231168399
1,MF,2,0.185625,0.3203125,-0.9924424934168539,1.5557074001422422e-09,0.11872249538517118,0.18303499000712325,0.0006078842062166643,0.24131069527620874,0.7447438409260869,-0.0867557629093377
1,MF,2,0.185625,0.3359375,-0.9989430449087349,1.4760957729557933e-09,0.13338407489893606,0.2395955022793721,0.0094807467687339,0.29445173409276265,0.6892289132631944,-0.10090383222786944
1,MF,2,0.185625,0.3515625,-0.996827154670113,1.382268540730744e-09,0.14367162556315033,0.30757526826271453,0.019735281917840724,0.34484699595321866,0.636018611096991,-0.1068684456146019
1,MF,2,0.185625,0.3671875,-0.981008442643942,1.2751292915438514e-09,0.14939602808656138,0.3861203507753655,0.030701871124357766,0.3913869890583221,0.5864606001260286,-0.10781121123628562
1,MF,2,0.185625,0.3828125,-0.9468510490410252,1.1557098069346627e-09,0.15142140611161764,0.47321574869598276,0.04185477812152166,0.43232556990100246,0.5425415099387321,-0.1066983977962281
1,MF,2,0.185625,0.3984375,-0.890696797436265,1.0251602674399285e-09,0.15122078398655314,0.5656593473111584,0.05277471753467261,0.46542319903426016,0.5065155907698323,-0.10454398199006297
1,MF,2,0.185625,0.4140625,-0.8103105409600363,8.84737940895497e-10,0.15044013662498815,0.6591718367879722,0.06306848931422045,0.4889487230363481,0.47997687475535167,-0.10110751602759203
1,MF,2,0.185625,0.4296875,-0.705187666819387,7.357952701986248e-10,0.15049831541797942,0.7486810802277886,0.0723381582792493,0.5024449547068184,0.46331020067666795,-0.09621689070473971
1,MF,2,0.185625,0.4453125,-0.5766676341306944,5.797666118891043e-10,0.15216097869941006,0.8287729515378011,0.08021099630179536,0.5067685033587063,0.45578592715472843,-0.09035914020171437
1,MF,2,0.185625,0.4609375,-0.42784648387970203,4.181534242128637e-10,0.15522325824038624,0.8942384097345599,0.08638070818009422,0.5036600218705245,0.45597500633710886,-0.08452557522075359
1,MF,2,0.185625,0.4765625,-0.2633339520669319,2.525173408048087e-10,0.1585759295123303,0.9406180960332234,0.09062130532345142,0.4952913337097101,0.46209716024809677,-0.07983516211319076
1,MF,2,0.185625,0.4921875,-0.0889080740666575,8.444628590148495e-11,0.16075991206264628,0.9646629622806273,0.09278105590366671,0.4840002698877916,0.47216312965119855,-0.07722385520384105
1,MF,2,0.185625,0.5078125,0.08890807406665757,-8.44462937077406e-11,0.16075991206264623,0.9646629622806273,0.0927810559036667,0.47216312965119855,0.48400026988779166,-0.07722385520384106
1,MF,2,0.185625,0.5234375,0.2633339520669319,-2.5251734731002173e-10,0.1585759295123302,0.9406180960332235,0.09062130532345143,0.46209716024809677,0.4952913337097101,-0.07983516211319076
1,MF,2,0.185625,0.5390625,0.42784648387970214,-4.181534441621837e-10,0.1552232582403861,0.8942384097345599,0.08638070818009425,0.4559750063371089,0.5036600218705243,-0.08452557522075359
1,MF,2,0.185625,0.5546875,0.5766676341306944,-5.797666149248704e-10,0.15216097869940987,0.8287729515378012,0.0802109963017954,0.45578592715472854,0.5067685033587062,-0.09035914020171437
1,MF,2,0.185625,0.5703125,0.7051876668193868,-7.357953040257326e-10,0.15049831541797923,0.7486810802277886,0.07233815827924939,0.46331020067666806,0.5024449547068184,-0.09621689070473971
1,MF,2,0.185625,0.5859375,0.8103105409600364,-8.847378888537927e-10,0.1504401366249881,0.6591718367879724,0.06306848931422063,0.4799768747553518,0.48894872303634807,-0.10110751602759202
1,MF,2,0.185625,0.6015625,0.890696797436265,-1.0251602067246068e-09,0.15122078398655311,0.5656593473111586,0.05277471753467274,0.5065155907698324,0.4654231990342601,-0.10454398199006297
1,MF,2,0.185625,0.6171875,0.9468510490410253,-1.1557098012968114e-09,0.15142140611161764,0.4732157486959828,0.04185477812152175,0.5425415099387323,0.4323255699010024,-0.1066983977962281
1,MF,2,0.185625,0.6328125,0.981008442643942,-1.2751292734376751e-09,0.14939602808656133,0.3861203507753656,0.030701871124357915,0.5864606001260289,0.391386989058322,-0.10781121123628562
1,MF,2,0.185625,0.6484375,0.9968271546701128,-1.382268555259053e-09,0.14367162556315022,0.30757526826271464,0.01973528191784079,0.6360186110969911,0.34484699595321855,-0.10686844561460193
1,MF,2,0.185625,0.6640625,0.9989430449087346,-1.4760957677516229e-09,0.133384074898936,0.2395955022793722,0.009480746768733991,0.6892289132631946,0.29445173409276265,-0.10090383222786947
1,MF,2,0.185625,0.6796875,0.9924424934168536,-1.5557074037201093e-09,0.1187224953851711,0.1830349900071233,0.0006078842062167616,0.7447438409260869,0.2413106952762088,-0.08675576290933776
1,MF,2,0.185625,0.6953125,0.9822732575112036,-1.620336762930396e-09,0.10106767049164236,0.13771188914544885,-0.006176647365830758,0.8010370552185047,0.187035225055839,-0.06477556231168405
1,MF,2,0.185625,0.7109375,0.9726092685289609,-1.6693613843154174e-09,0.08254336669713751,0.10262156598669733,-0.0103794290584738,0.8552121800171577,0.13490465334670215,-0.040390064630312056
1,MF,2,0.185625,0.7265625,0.9662696486185711,-1.7023091321982653e-09,0.06520295978489989,0.07622482228982672,-0.011968891370747189,0.9030925923373009,0.08935571368174478,-0.020499376425075058
1,MF,2,0.185625,0.7421875,0.9644045769975904,-1.7188627068171706e-09,0.0504148769104208,0.05676577322034246,-0.011432878521056889,0.9409714025989622,0.053928546817610584,-0.008369555983029648
1,MF,2,0.185625,0.7578125,0.9666361818061899,-1.7188627041879803e-09,0.03872325283856139,0.0425511343384173,-0.009585885098163873,0.9674556521682192,0.029592572036303992,-0.0027486827380108396
1,MF,2,0.185625,0.7734375,0.9716217024991229,-1.702309113807486e-09,0.030018051032240763,0.032137910439381495,-0.007256848188022896,0.9837889549764609,0.01479759302145721,-0.000731968844894756
1,MF,2,0.185625,0.7890625,0.9777657527294186,-1.6693613524127685e-09,0.02378830639705698,0.024413469345415426,-0.005050123605738436,0.9927131113097384,0.006776562910613986,-0.0001599989854291369
1,MF,2,0.185625,0.8046875,0.983767782928149,-1.6203367415716131e-09,0.01937308089992387,0.018585609766269696,-0.0032731537067070384,0.9970617780806823,0.0028599980264329477,-2.907376720859785e-05
1,MF,2,0.185625,0.8203125,0.9888553372521142,-1.5557073943146555e-09,0.016166373361312467,0.014119512315349306,-0.0019953503281336586,0.9989615022383226,0.0011197221219252378,-4.431813171277903e-06
1,MF,2,0.185625,0.8359375,0.9927501631749258,-1.4760957326912351e-09,0.013726619082435373,0.010660303193704253,-0.0011523468216584152,0.9997047740230489,0.0004092205909031804,-5.659585235478853e-07
1,MF,2,0.185625,0.8515625,0.9955052936986974,-1.382268463942125e-09,0.011785576931082054,0.007967380554707835,-0.0006334313734410222,0.9999607282456769,0.0001403988350285755,-5.8686486201905116e-08
1,MF,2,0.185625,0.8671875,0.9973328492854329,-1.27512919479236e-09,0.010200612145658998,0.005869761803753158,-0.00033213232581183374,1.0000329947426825,4.544541927254848e-05,-4.222910168124263e-09
1,MF,2,0.185625,0.8828125,0.9984811232745644,-1.1557097376134863e-09,0.008899113329760355,0.004240017655423353,-0.00016600831599382208,1.0000442716706532,1.3938473223163734e-05,3.193226104396516e-11
1,MF,2,0.185625,0.8984375,0.9991692707032331,-1.02516016142952e-09,0.007839563852201,0.002980316261109104,-7.875479575585525e-05,1.0000389068267026,4.065963113504711e-06,9.444425091766462e-11
1,MF,2,0.185625,0.9140625,0.9995644372055107,-8.847377312345137e-10,0.006991750873831545,0.002014898957899521,-3.511042980987917e-05,1.000031032760846,1.131728517312044e-06,2.6348957498965605e-11
1,MF,2,0.185625,0.9296875,0.9997824569463969,-7.357947949284381e-10,0.006329585669589823,0.0012855248773864058,-1.441643957716105e-05,1.0000243655066,3.014231905021259e-07,5.714652701853558e-12
1,MF,2,0.185625,0.9453125,0.9998980833776758,-5.797657520591833e-10,0.005829869577078062,0.0007482400778262065,-5.227628657308804e-06,1.0000194688558024,7.701012134854777e-08,1.1334476609787967e-12
1,MF,2,0.185625,0.9609375,0.9999568015768434,-4.181532482332986e-10,0.005472968571577198,0.00037085432142217696,-1.517205232035945e-06,1.000016138317095,1.8923241830849196e-08,2.1737614008236058e-13
1,MF,2,0.185625,0.9765625,0.9999847459179141,-2.525137016141482e-10,0.005243647517959207,0.00013095251377148525,-2.614689842438632e-07,1.0000140882274302,4.522167431075584e-09,4.2039438517107926e-14
1,MF,2,0.185625,0.9921875,0.999995764413545,-8.444230917920638e-11,0.005131583353283337,1.4410364722152544e-05,-3.838759958753587e-13,1.0000131137352577,1.2463980622992492e-09,9.969471722263628e-15
1,MF,3,0.27875,0.0078125,-0.9998867099628249,4.92505134304334e-11,0.008565939808617919,2.2392732933741265e-05,-8.371355769062883e-13,1.5503286124534625e-06,1.0000365443402468,2.964347460000172e-11
1,MF,3,0.27875,0.0234375,-0.9998211681417877,1.4727723055864284e-10,0.008725093121384683,0.00020301943863511708,-7.396319525173351e-07,3.586358801799484e-06,1.000036625200484,5.617840350386396e-11
1,MF,3,0.27875,0.0390625,-0.9996695800673452,2.4388558728973e-10,0.009045501430379622,0.0005722200555967965,-4.140290257567203e-06,9.939528008366785e-06,1.000034042331459,-7.587515940230521e-13
1,MF,3,0.27875,0.0546875,-0.9993884554332013,3.381451924022727e-10,0.009530579497329869,0.0011460126299007924,-1.3556101863307652e-05,2.723041512977201e-05,1.0000206216307173,-1.3756498614894546e-09
1,MF,3,0.27875,0.0703125,-0.9989074581010788,4.2914827464227145e-10,0.010183698937302088,0.0019486901724603332,-3.504968229763875e-05,7.185158754150419e-05,0.9999757013040931,-1.3731133050616879e-08
1,MF,3,0.27875,0.0859375,-0.9981267703668284,5.160184259056511e-10,0.01100691027266466,0.0030130554027424854,-7.899755433527196e-05,0.000181754378112499,0.9998509498303108,-9.97937912261387e-08
1,MF,3,0.27875,0.1015625,-0.9969203483561881,5.979190369816839e-10,0.01200112423638815,0.004380720414297815,-0.00016174056688908126,0.00043964667481292426,0.9995409315731267,-6.138177863831527e-07
1,MF,3,0.27875,0.1171875,-0.9951519678904999,6.740613598971851e-10,0.01316998062640833,0.0061027542432581855,-0.0003063466941441928,0.0010144132391406249,0.9988317876169761,-3.3169789085735183e-06
1,MF,3,0.27875,0.1328125,-0.9927119828047226,7.437121015601081e-10,0.014529814450757541,0.008241425889358863,-0.0005405340839346169,0.0022266821678109797,0.9973230111807148,-1.590531301228453e-05
1,MF,3,0.27875,0.1484375,-0.9895799674212518,8.062004917819277e-10,0.016126347772275666,0.010874395070424342,-0.0008886485524209717,0.004636474863742974,0.99432956190449,-6.769558677454896e-05
1,MF,3,0.27875,0.1640625,-0.9859088265203272,8.609247325458425e-10,0.018054327926465823,0.01410311398204838,-0.0013541371790966052,0.009130485189013774,0.9887985882923045,-0.0002547487063317144
1,MF,3,0.27875,0.1796875,-0.9821083012735606,9.073577958863127e-10,0.020471487463858115,0.01806683445597912,-0.001890785946523896,0.016953214641028405,0.9793129839246424,-0.0008427359775709867
1,MF,3,0.27875,0.1953125,-0.9788845389264981,9.45052507170946e-10,0.02359822355774021,0.022961990375306524,-0.0023668194754083646,0.029594948245133403,0.9642774438868357,-0.002435263495906007
1,MF,3,0.27875,0.2109375,-0.9771804625371505,9.73645847106297e-10,0.02770093891200439,0.02906409138671038,-0.0025357520292732623,0.048459083167087566,0.942342494881022,-0.006111770224730416
1,MF,3,0.27875,0.2265625,-0.9779769833314166,9.92862445037268e-10,0.03305789241802479,0.03674664062559826,-0.0020371461798394924,0.07432829887769785,0.9129811813933336,-0.013268249710710596
1,MF,3,0.27875,0.2421875,-0.9819670677397575,1.0025172445665698e-09,0.03988474684454196,0.04648952697710223,-0.0004498221103111694,0.10682943831379789,0.8769431259059283,-0.0248916212457042
1,MF,3,0.27875,0.2578125,-0.9891870396421177,1.0025172465181337e-09,0.04817223835531095,0.05886682166679531,0.002598741065754541,0.1442391463868159,0.836245226946225,-0.04047766610203917
1,MF,3,0.27875,0.2734375,-0.9987382470189319,9.928624528435237e-10,0.057432419464057256,0.07450060940148304,0.007296063192676476,0.18388106207939478,0.7935781289952575,-0.057490728491661425
1,MF,3,0.27875,0.2890625,-1.008713962992202,9.736458450463129e-10,0.06649500655355411,0.09396828220249753,0.013536537869372492,0.22299490851612325,0.7514166717605515,-0.07216015883384633
1,MF,3,0.27875,0.3046875,-1.016361081672568,9.450525124835366e-10,0.07361710927332567,0.11766386749311523,0.0208915743977805,0.25958994416134323,0.7113561167933709,-0.08123084273280032
1,MF,3,0.27875,0.3203125,-1.0184080411829453,9.073578085714781e-10,0.0770744468903804,0.14563963878299935,0.02867141693177422,0.2928101835276096,0.6740026875264855,-0.08338377643804307
1,MF,3,0.27875,0.3359375,-1.0114439644840978,8.60924747290992e-10,0.07608681994390781,0.17747765688332515,0.036051982376722594,0.32273849778372204,0.6393151088496716,-0.07949863308055356
1,MF,3,0.27875,0.3515625,-0.9922572226381241,8.062005284821712e-10,0.07163951555250928,0.2122434531551847,0.04222453236479214,0.34993496768542154,0.6070403038739189,-0.07194296956612464
1,MF,3,0.27875,0.3671875,-0.9580982055775691,7.437121392903437e-10,0.06672747774000476,0.2485512783005288,0.04653523748906104,0.37502191831178017,0.5769851276817958,-0.0634861217406773
1,MF,3,0.27875,0.3828125,-0.9068735882570802,6.740614017473889e-10,0.0657754561217776,0.2847342567870135,0.048595949746644024,0.3984059947734252,0.5491239012158958,-0.05629271639907125
1,MF,3,0.27875,0.3984375,-0.837289584885106,5.979190985643673e-10,0.07332262707389953,0.3190795376696011,0.04835309690343048,0.42007424961053674,0.5236779338692719,-0.05129133403150498
1,MF,3,0.27875,0.4140625,-0.7489525405653318,5.160185330248257e-10,0.09236193925361172,0.35006838778123356,0.046101298098756585,0.4394481639931964,0.5012265314591877,-0.048126608765376236
1,MF,3,0.27875,0.4296875,-0.6424267540942159,4.2914846242608773e-10,0.12290767430421523,0.37655877707071017,0.04243255609223407,0.45540944399494676,0.48274373926590597,-0.045701236772363596
1,MF,3,0.27875,0.4453125,-0.5192483977214679,3.381453853902594e-10,0.16136448525912866,0.39786493495703507,0.038126721088919326,0.4666345204699167,0.4693903571978102,-0.04301277868430491
1,MF,3,0.27875,0.4609375,-0.3818936759739275,2.438854528486606e-10,0.20104963358539923,0.4137210169694139,0.034009095366068276,0.4722175930380623,0.46201367768039325,-0.039813209528478895
1,MF,3,0.27875,0.4765625,-0.23369262553793455,1.4727859730390147e-10,0.2338250999754729,0.42415302248938375,0.03081251273376769,0.47232875490803367,0.4605364469781257,-0.03672636547269889
1,MF,3,0.27875,0.4921875,-0.0786732438289682,4.9252120827916746e-11,0.2523732942009123,0.42930961709266413,0.029073812337156404,0.4685391174339879,0.46357095019856176,-0.034797580150028304
1,MF,3,0.27875,0.5078125,0.07867324382896812,-4.925208678396853e-11,0.25237329420091226,0.42930961709266413,0.02907381233715641,0.46357095019856176,0.468539117433988,-0.03479758015002832
1,MF,3,0.27875,0.5234375,0.2336926255379344,-1.472785730177728e-10,0.2338250999754729,0.4241530224893838,0.030812512733767727,0.4605364469781258,0.4723287549080337,-0.036726365472698905
1,MF,3,0.27875,0.5390625,0.38189367597392737,-2.4388544569292625e-10,0.20104963358539918,0.4137210169694138,0.03400909536606833,0.4620136776803932,0.4722175930380623,-0.0398132095284789
1,MF,3,0.27875,0.5546875,0.5192483977214678,-3.381454010027707e-10,0.1613644852591287,0.3978649349570351,0.03812672108891938,0.4693903571978102,0.46663452046991677,-0.04301277868430493
1,MF,3,0.27875,0.5703125,0.6424267540942158,-4.291484641608112e-10,0.1229076743042153,0.3765587770707103,0.04243255609223414,0.48274373926590597,0.45540944399494676,-0.045701236772363596
1,MF,3,0.27875,0.5859375,0.7489525405653317,-5.160185304227405e-10,0.09236193925361168,0.35006838778123367,0.046101298098756696,0.5012265314591878,0.4394481639931964,-0.048126608765376236
1,MF,3,0.27875,0.6015625,0.8372895848851059,-5.979190901075904e-10,0.07332262707389953,0.3190795376696012,0.048353096903430565,0.5236779338692719,0.4200742496105367,-0.05129133403150497
1,MF,3,0.27875,0.6171875,0.9068735882570802,-6.740613874359203e-10,0.06577545612177763,0.2847342567870135,0.048595949746644114,0.5491239012158959,0.3984059947734252,-0.05629271639907124
1,MF,3,0.27875,0.6328125,0.9580982055775691,-7.43712130941987e-10,0.06672747774000483,0.24855127830052892,0.046535237489061174,0.5769851276817958,0.37502191831178006,-0.0634861217406773
1,MF,3,0.27875,0.6484375,0.9922572226381241,-8.062005247416737e-10,0.07163951555250939,0.21224345315518472,0.042224532364792226,0.607040303873919,0.3499349676854214,-0.07194296956612464
1,MF,3,0.27875,0.6640625,1.0114439644840976,-8.609247544467263e-10,0.07608681994390787,0.17747765688332517,0.03605198237672264,0.6393151088496717,0.322738497783722,-0.07949863308055355
1,MF,3,0.27875,0.6796875,1.018408041182945,-9.073578051020312e-10,0.0770744468903805,0.14563963878299938,0.028671416931774246,0.6740026875264855,0.29281018352760957,-0.08338377643804308
1,MF,3,0.27875,0.6953125,1.0163610816725677,-9.450525145435207e-10,0.07361710927332574,0.11766386749311523,0.020891574397780548,0.7113561167933709,0.2595899441613433,-0.08123084273280035
1,MF,3,0.27875,0.7109375,1.008713962992202,-9.736458471876121e-10,0.06649500655355409,0.09396828220249752,0.013536537869372511,0.7514166717605515,0.22299490851612325,-0.07216015883384636
1,MF,3,0.27875,0.7265625,0.9987382470189317,-9.928624464467309e-10,0.057432419464057305,0.07450060940148304,0.007296063192676544,0.7935781289952575,0.18388106207939478,-0.05749072849166144
1,MF,3,0.27875,0.7421875,0.9891870396421176,-1.0025172500146857e-09,0.04817223835531097,0.05886682166679529,0.0025987410657545575,0.836245226946225,0.14423914638681587,-0.04047766610203919
1,MF,3,0.27875,0.7578125,0.9819670677397572,-1.0025172456846533e-09,0.039884746844541914,0.04648952697710221,-0.0004498221103111474,0.8769431259059283,0.1068294383137979,-0.024891621245704213
1,MF,3,0.27875,0.7734375,0.9779769833314164,-9.928624421099222e-10,0.03305789241802476,0.03674664062559825,-0.0020371461798394633,0.9129811813933335,0.07432829887769787,-0.013268249710710611
1,MF,3,0.27875,0.7890625,0.9771804625371503,-9.736458434471146e-10,0.027700938912004355,0.029064091386710376,-0.0025357520292732475,0.9423424948810221,0.04845908316708758,-0.006111770224730426
1,MF,3,0.27875,0.8046875,0.978884538926498,-9.450525128697836e-10,0.0235982235577402,0.022961990375306517,-0.0023668194754083525,0.9642774438868357,0.02959494824513341,-0.0024352634959060107
1,MF,3,0.27875,0.8203125,0.9821083012735605,-9.073577968349896e-10,0.02047148746385812,0.018066834455979112,-0.0018907859465238873,0.9793129839246423,0.016953214641028405,-0.0008427359775709898
1,MF,3,0.27875,0.8359375,0.9859088265203271,-8.609247330337334e-10,0.018054327926465816,0.014103113982048374,-0.0013541371790965922,0.9887985882923045,0.00913048518901377,-0.0002547487063317152
1,MF,3,0.27875,0.8515625,0.9895799674212519,-8.062004900743092e-10,0.016126347772275666,0.010874395070424338,-0.0008886485524209622,0.9943295619044901,0.0046364748637429684,-6.769558677454914e-05
1,MF,3,0.27875,0.8671875,0.9927119828047226,-7.437121024749037e-10,0.014529814450757534,0.008241425889358861,-0.0005405340839346158,0.9973230111807148,0.002226682167810974,-1.5905313012284492e-05
1,MF,3,0.27875,0.8828125,0.9951519678904999,-6.740613575873262e-10,0.013169980626408322,0.006102754243258185,-0.0003063466941441892,0.9988317876169761,0.0010144132391406184,-3.3169789085735018e-06
1,MF,3,0.27875,0.8984375,0.9969203483561881,-5.979190353248875e-10,0.012001124236388154,0.004380720414297814,-0.00016174056688908275,0.9995409315731267,0.00043964667481291835,-6.138177863831488e-07
1,MF,3,0.27875,0.9140625,0.9981267703668284,-5.160184255871667e-10,0.01100691027266465,0.003013055402742486,-7.899755433527072e-05,0.9998509498303108,0.00018175437811249396,-9.979379122613774e-08
1,MF,3,0.27875,0.9296875,0.9989074581010788,-4.2914827620758834e-10,0.010183698937302081,0.0019486901724603337,-3.504968229764043e-05,0.9999757013040932,7.185158754150007e-05,-1.3731133050617681e-08
1,MF,3,0.27875,0.9453125,0.9993884554332013,-3.3814519279190785e-10,0.00953057949732986,0.0011460126299007935,-1.3556101863306256e-05,1.0000206216307173,2.723041512976877e-05,-1.3756498614900733e-09
1,MF,3,0.27875,0.9609375,0.9996695800673452,-2.4388558802156644e-10,0.009045501430379625,0.0005722200555967974,-4.140290257566037e-06,1.000034042331459,9.939528008364278e-06,-7.587515943483263e-13
1,MF,3,0.27875,0.9765625,0.9998211681417877,-1.4727723117020062e-10,0.008725093121384683,0.00020301943863511746,-7.396319525180822e-07,1.0000366252004838,3.5863588017974837e-06,5.61784035035925e-11
1,MF,3,0.27875,0.9921875,0.999886709962825,-4.925051358332285e-11,0.008565939808617945,2.239273293374132e-05,-8.371354719271424e-13,1.0000365443402468,1.55032861245172e-06,2.964347459996272e-11
1,MF,4,0.37125,0.0078125,-0.999466922388793,2.135557473182748e-11,0.010863608997162925,2.7153281323517727e-05,-1.539569947053745e-12,6.255764609972176e-05,0.9999841416638972,-9.5165254357682e-09
1,MF,4,0.37125,0.0234375,-0.9992960891473812,6.386105896481406e-11,0.011026782321555236,0.0002456907335403363,-9.62660883666801e-07,0.00010833125962223219,0.9999211203615475,-3.125174104272283e-08
1,MF,4,0.37125,0.0390625,-0.998929763583982,1.0575152629673304e-10,0.011351837111340173,0.0006897266980440541,-5.146182568279611e-06,0.00022581898331139192,0.9997578488886079,-1.4453649470727345e-07
1,MF,4,0.37125,0.0546875,-0.9983225000170921,1.4662354680004472e-10,0.011836556244059802,0.00137304288861223,-1.572508151327632e-05,0.0004763922842986432,0.9994070265468683,-6.60101202203795e-07
1,MF,4,0.37125,0.0703125,-0.9974174813450762,1.860835057007279e-10,0.012479078701538018,0.002316032132286471,-3.7046979551525035e-05,0.0009764829853479266,0.9987053464663894,-2.7860439720328936e-06
1,MF,4,0.37125,0.0859375,-0.996164204580594,2.2375137831952274e-10,0.013281029367182211,0.0035456039058522452,-7.40940437226696e-05,0.0019274984893857827,0.9973756862696466,-1.0764167314678284e-05
1,MF,4,0.37125,0.1015625,-0.994546837899896,2.5926439803630047e-10,0.01425341490094996,0.0050955598193508315,-0.0001303732077844647,0.003653321452761463,0.9949833663736802,-3.7984151054915633e-05
1,MF,4,0.37125,0.1171875,-0.9926230610555504,2.9228056357567117e-10,0.015425564010101827,0.007007985768726066,-0.0002032300477546913,0.006636598823028028,0.9909010361337379,-0.00012213585375037362
1,MF,4,0.37125,0.1328125,-0.9905677881077595,3.2248190868968546e-10,0.016856241109648815,0.00933631862309789,-0.0002757272830672202,0.011536104641439247,0.9843073670809952,-0.0003568013860390991
1,MF,4,0.37125,0.1484375,-0.9887084962610257,3.4957757316048804e-10,0.018645090098345495,0.012150642212780473,-0.00030513800778747026,0.019159009489191248,0.9742511535237256,-0.0009439597108815158
1,MF,4,0.37125,0.1640625,-0.987531461401514,3.733066167386362e-10,0.020942429600610414,0.015545376351290373,-0.0002100365030178884,0.030361122404109424,0.9598043564034605,-0.002254659453677644
1,MF,4,0.37125,0.1796875,-0.9876355674427312,3.9344051725332535e-10,0.023954947814758622,0.019648902960189195,0.0001393297632215496,0.04586448104734397,0.9402961176975362,-0.004849691400105731
1,MF,4,0.37125,0.1953125,-0.9896174951893106,4.097853638449639e-10,0.027939920908009022,0.024633912652584532,0.0009203541172108388,0.066019727105161,0.9155684782488116,-0.009380215502777452
1,MF,4,0.37125,0.2109375,-0.9938911140803866,4.221837580052623e-10,0.03316805913364134,0.030726152264209248,0.002339881963739526,0.09058968978813874,0.8861494312912047,-0.016315265540580777
1,MF,4,0.37125,0.2265625,-1.0004706244908843,4.305162889595496e-10,0.039822536137968906,0.038207183052995426,0.004594928492381161,0.118659069873195,0.853240798307217,-0.025567350326545342
1,MF,4,0.37125,0.2421875,-1.0087706285844877,4.347027166397635e-10,0.047812206611757724,0.047403375907876785,0.007815786924592772,0.1487465382313065,0.8184899106052773,-0.03623865030549539
1,MF,4,0.37125,0.2578125,-1.0174843020837558,4.347027165313433e-10,0.05653231037221862,0.05865009512668654,0.012002656257345827,0.17910548688827438,0.7836243227893742,-0.046718614285720265
1,MF,4,0.37125,0.2734375,-1.0245869906038285,4.3051628364695893e-10,0.06469309880504899,0.07222072327853685,0.01697103397932244,0.20810082982330935,0.750100930235595,-0.05515502890197299
1,MF,4,0.37125,0.2890625,-1.0274818628791724,4.2218376017366666e-10,0.07039454259541439,0.0882191627568104,0.02231974947280648,0.23451903345301178,0.718895873857061,-0.06006534276002508
1,MF,4,0.37125,0.3046875,-1.023269452809307,4.0978535799027216e-10,0.07158172037312768,0.10645229920009071,0.02743090387999068,0.25773165640303736,0.6904598334741381,-0.060789478559860735
1,MF,4,0.37125,0.3203125,-1.009095408572964,3.934405224574958e-10,0.06685217013966632,0.12631963035459653,0.031507230333153106,0.2777262295072045,0.6647714485036229,-0.05762258850009755
1,MF,4,0.37125,0.3359375,-0.9825149432936715,3.733066286648601e-10,0.056369321863726715,0.14676983974467683,0.03365042422352323,0.2950549661167859,0.6414123454366074,-0.051630342523073455
1,MF,4,0.37125,0.3515625,-0.9418082957968239,3.4957759722977627e-10,0.04248581263097627,0.16636820325980417,0.0329800799111455,0.3107137647941148,0.6196534889616263,-0.04424093459455528
1,MF,4,0.37125,0.3671875,-0.886189620448286,3.2248193747525314e-10,0.02970229108403421,0.1834913186843813,0.028783503082668086,0.32591819775862363,0.5986075091421572,-0.0367695277747569
1,MF,4,0.37125,0.3828125,-0.8158731308191566,2.9228059675225765e-10,0.023799436445520725,0.1966244246770552,0.020674415529671544,0.3417640308959288,0.5774900522174449,-0.030074382718505578
1,MF,4,0.37125,0.3984375,-0.7319911579341137,2.592644308876263e-10,0.030290208075623097,0.20469717729031486,0.008730975194060884,0.35884780554265383,0.5559410189975615,-0.024486003749714554
1,MF,4,0.37125,0.4140625,-0.6363889041110157,2.2375142027814682e-10,0.052600904116626664,0.20737155113130576,-0.0064149852630243,0.3770036801803299,0.5342589904396817,-0.01997862939173359
1,MF,4,0.37125,0.4296875,-0.5313403054961703,1.8608357275863227e-10,0.09051272399247277,0.20519771266382575,-0.023559418382386364,0.39531005488094884,0.5133884073124482,-0.016414044428170106
1,MF,4,0.37125,0.4453125,-0.41923710796087005,1.4662352896491898e-10,0.13938886170903209,0.19957817665486932,-0.04099727171093437,0.4124208330006346,0.4945949687825695,-0.013698880268423112
1,MF,4,0.37125,0.4609375,-0.3023053508038528,1.057513601427501e-10,0.19061113352609368,0.19252143060698595,-0.0567024788159057,0.42712897884852663,0.47892029270370756,-0.011799715987654589
1,MF,4,0.37125,0.4765625,-0.18240448085208488,6.386134134526988e-11,0.2334121907616305,0.18621843867640658,-0.06862423551546426,0.4389422186310131,0.46664221126725947,-0.010662074551055618
1,MF,4,0.37125,0.4921875,-0.06095836688950802,2.1355974497497265e-11,0.25782203200720005,0.18253186431748175,-0.07506777766484789,0.44840778850289253,0.4570079866884683,-0.010157162221625847
1,MF,4,0.37125,0.5078125,0.06095836688950791,-2.1355952379772947e-11,0.25782203200720005,0.18253186431748175,-0.07506777766484789,0.4570079866884682,0.44840778850289253,-0.010157162221625844
1,MF,4,0.37125,0.5234375,0.18240448085208472,-6.386133115376946e-11,0.2334121907616305,0.18621843867640658,-0.06862423551546423,0.4666422112672594,0.4389422186310131,-0.010662074551055618
1,MF,4,0.37125,0.5390625,0.3023053508038527,-1.0575135970906924e-10,0.19061113352609366,0.19252143060698595,-0.05670247881590569,0.4789202927037076,0.42712897884852674,-0.011799715987654589
1,MF,4,0.37125,0.5546875,0.4192371079608699,-1.4662351627975356e-10,0.13938886170903214,0.19957817665486932,-0.04099727171093436,0.4945949687825695,0.4124208330006347,-0.01369888026842311
1,MF,4,0.37125,0.5703125,0.5313403054961702,-1.8608355828453327e-10,0.0905127239924728,0.20519771266382575,-0.023559418382386333,0.5133884073124482,0.39531005488094884,-0.016414044428170106
1,MF,4,0.37125,0.5859375,0.6363889041110155,-2.237514201697266e-10,0.05260090411662665,0.20737155113130573,-0.006414985263024253,0.534258990439682,0.3770036801803299,-0.019978629391733595
1,MF,4,0.37125,0.6015625,0.7319911579341136,-2.592644360917967e-10,0.030290208075623083,0.20469717729031484,0.008730975194060926,0.5559410189975615,0.3588478055426538,-0.02448600374971456
1,MF,4,0.37125,0.6171875,0.8158731308191564,-2.9228058536813484e-10,0.02379943644552073,0.19662442467705518,0.020674415529671572,0.5774900522174449,0.3417640308959288,-0.03007438271850558
1,MF,4,0.37125,0.6328125,0.8861896204482858,-3.224819103159887e-10,0.029702291084034226,0.1834913186843813,0.02878350308266812,0.5986075091421572,0.3259181977586236,-0.03676952777475691
1,MF,4,0.37125,0.6484375,0.9418082957968239,-3.4957758942352063e-10,0.04248581263097635,0.16636820325980417,0.03298007991114554,0.6196534889616263,0.3107137647941147,-0.044240934594555276
1,MF,4,0.37125,0.6640625,0.9825149432936715,-3.733066193949315e-10,0.05636932186372681,0.14676983974467683,0.033650424223523254,0.6414123454366075,0.29505496611678583,-0.051630342523073455
1,MF,4,0.37125,0.6796875,1.0090954085729638,-3.934405240905753e-10,0.06685217013966643,0.12631963035459648,0.03150723033315311,0.6647714485036231,0.2777262295072045,-0.05762258850009755
1,MF,4,0.37125,0.6953125,1.0232694528093067,-4.097853799589187e-10,0.0715817203731278,0.10645229920009067,0.02743090387999072,0.6904598334741381,0.2577316564030373,-0.060789478559860735
1,MF,4,0.37125,0.7109375,1.0274818628791724,-4.2218375448160525e-10,0.07039454259541446,0.08821916275681034,0.022319749472806467,0.718895873857061,0.23451903345301178,-0.06006534276002508
1,MF,4,0.37125,0.7265625,1.0245869906038285,-4.3051628809218784e-10,0.06469309880504909,0.07222072327853678,0.016971033979322463,0.750100930235595,0.2081008298233093,-0.05515502890197299
1,MF,4,0.37125,0.7421875,1.0174843020837558,-4.3470271121875265e-10,0.056532310372218605,0.05865009512668649,0.012002656257345824,0.7836243227893743,0.17910548688827438,-0.04671861428572028
1,MF,4,0.37125,0.7578125,1.0087706285844877,-4.3470271629586813e-10,0.047812206611757724,0.04740337590787672,0.007815786924592793,0.8184899106052773,0.1487465382313065,-0.03623865030549539
1,MF,4,0.37125,0.7734375,1.0004706244908839,-4.305162908569034e-10,0.039822536137968885,0.03820718305299538,0.004594928492381173,0.853240798307217,0.118659069873195,-0.025567350326545345
1,MF,4,0.37125,0.7890625,0.9938911140803863,-4.221837559994883e-10,0.03316805913364134,0.030726152264209203,0.002339881963739541,0.8861494312912046,0.09058968978813872,-0.016315265540580784
1,MF,4,0.37125,0.8046875,0.9896174951893105,-4.097853657423177e-10,0.027939920908009015,0.024633912652584494,0.0009203541172108607,0.9155684782488116,0.06601972710516099,-0.009380215502777458
1,MF,4,0.37125,0.8203125,0.987635567442731,-3.9344051840529016e-10,0.02395494781475859,0.019648902960189164,0.0001393297632215703,0.9402961176975362,0.04586448104734396,-0.004849691400105733
1,MF,4,0.37125,0.8359375,0.9875314614015139,-3.733066181684278e-10,0.02094242960061037,0.015545376351290349,-0.00021003650301787543,0.9598043564034604,0.030361122404109417,-0.002254659453677644
1,MF,4,0.37125,0.8515625,0.9887084962610255,-3.495775740109091e-10,0.01864509009834547,0.012150642212780454,-0.00030513800778747297,0.9742511535237257,0.019159009489191244,-0.0009439597108815154
1,MF,4,0.37125,0.8671875,0.9905677881077593,-3.22481910529441e-10,0.016856241109648777,0.009336318623097879,-0.00027572728306722024,0.9843073670809952,0.011536104641439244,-0.00035680138603909946
1,MF,4,0.37125,0.8828125,0.9926230610555504,-2.9228056200696615e-10,0.015425564010101792,0.007007985768726059,-0.0002032300477547007,0.9909010361337379,0.006636598823028025,-0.00012213585375037378
1,MF,4,0.37125,0.8984375,0.9945468378998961,-2.592643996151699e-10,0.014253414900949956,0.005095559819350827,-0.00013037320778446745,0.9949833663736802,0.0036533214527614596,-3.79841510549157e-05
1,MF,4,0.37125,0.9140625,0.996164204580594,-2.2375137950536887e-10,0.01328102936718219,0.003545603905852242,-7.409404372267706e-05,0.9973756862696466,0.0019274984893857788,-1.0764167314678385e-05
1,MF,4,0.37125,0.9296875,0.997417481345076,-1.8608350595144965e-10,0.012479078701537995,0.00231603213228647,-3.704697955153289e-05,0.9987053464663895,0.0009764829853479231,-2.786043972032931e-06
1,MF,4,0.37125,0.9453125,0.998322500017092,-1.4662354737941525e-10,0.011836556244059803,0.0013730428886122297,-1.5725081513281242e-05,0.9994070265468682,0.00047639228429864004,-6.601012022038276e-07
1,MF,4,0.37125,0.9609375,0.998929763583982,-1.0575152496858538e-10,0.01135183711134018,0.0006897266980440543,-5.146182568280192e-06,0.9997578488886079,0.0002258189833113891,-1.445364947072786e-07
1,MF,4,0.37125,0.9765625,0.999296089147381,-6.386105866665846e-11,0.011026782321555233,0.00024569073354033645,-9.626608836666003e-07,0.9999211203615475,0.00010833125962222967,-3.125174104272955e-08
1,MF,4,0.37125,0.9921875,0.9994669223887929,-2.1355574797049016e-11,0.010863608997162925,2.7153281323517747e-05,-1.5395698644680327e-12,0.999984141663897,6.255764609971938e-05,-9.51652543576818e-09
1,MF,5,0.464375,0.0078125,-0.9986918991809637,-5.385401665087587e-13,0.011672826910549359,2.8561030803384782e-05,-1.4198574867754679e-12,0.0005099783110520434,0.9992783744257832,-7.072644642836741e-07
1,MF,5,0.464375,0.0234375,-0.998461613544841,-1.6104332765335544e-12,0.011825417587802815,0.0002581819531049978,2.2680529219312375e-07,0.0007317694671940052,0.9989268273128584,-1.4477388232674814e-06
1,MF,5,0.464375,0.0390625,-0.9980013101454834,-2.666818670190793e-12,0.012133659229730755,0.0007234869761133223,1.3509529518603318e-06,0.0012406324089741434,0.9981249507374701,-4.122064376390688e-06
1,MF,5,0.464375,0.0546875,-0.9973195130596844,-3.6975233259298884e-12,0.012605483674857091,0.0014367403081373127,4.864040351418041e-06,0.0021740037927884277,0.996667652921831,-1.2472250851402911e-05
1,MF,5,0.464375,0.0703125,-0.9964483293604074,-4.692615057384081e-12,0.013257421869452087,0.00241682261217353,1.4200802257652345e-05,0.0037525709055469467,0.9942329998068037,-3.6396151007896775e-05
1,MF,5,0.464375,0.0859375,-0.9954642320544893,-5.642512011013595e-12,0.014120328581993219,0.0036901896132111927,3.672134886199251e-05,0.0062900752103094,0.9903775234448503,-9.955104543286599e-05
1,MF,5,0.464375,0.1015625,-0.9945102722165138,-6.538073468037586e-12,0.015246988541176497,0.0052927275102545275,8.680631616121881e-05,0.01019353493480147,0.9845494238770844,-0.00025295764468522106
1,MF,5,0.464375,0.1171875,-0.9938128051897784,-7.37066993810459e-12,0.016721161540710586,0.007272874832665444,0.00019004981589559658,0.015943963442482664,0.9761318285080343,-0.000594928676019864
1,MF,5,0.464375,0.1328125,-0.9936830180558338,-8.13227892144941e-12,0.018667104300695604,0.009696291717397427,0.00038802152763864475,0.02404900107151187,0.9645228227489384,-0.0012923243243196526
1,MF,5,0.464375,0.1484375,-0.9944922819388473,-8.815573162949952e-12,0.021257365712250453,0.012652139749692645,0.0007423393878077793,0.03496505662573079,0.9492467004889492,-0.0025892016362717607
1,MF,5,0.464375,0.1640625,-0.9966122537248424,-9.4139657007275e-12,0.024713578514406795,0.016260646577818387,0.0013360323363593531,0.04899793037135886,0.9300741724077015,-0.004781338997485206
1,MF,5,0.464375,0.1796875,-1.0003167578963172,-9.921695084437465e-12,0.029289284395393453,0.02068094812718463,0.002269705535674766,0.06620447409220254,0.9071154645591977,-0.008139276741360838
1,MF,5,0.464375,0.1953125,-1.0056524084779812,-1.0333880669580187e-11,0.035217352205624296,0.026116998457042347,0.003650190751428542,0.08632672863063787,0.8808494696647461,-0.012786715798614555
1,MF,5,0.464375,0.2109375,-1.0122965299798483,-1.0646537471070694e-11,0.04260383737281648,0.03281742331545543,0.0055703213443373065,0.10878615873374364,0.8520705998406768,-0.018577925352916698
1,MF,5,0.464375,0.2265625,-1.0194308509485417,-1.0856664525715765e-11,0.0512651020273373,0.041062821264048026,0.008080032626257965,0.132746470976606,0.8217673973067061,-0.025040160049106863
1,MF,5,0.464375,0.2421875,-1.0256644687896639,-1.0962243699591534e-11,0.060541724619518664,0.051132363927609725,0.011150770215106453,0.15722765548302153,0.7909753223750668,-0.03142903201280717
1,MF,5,0.464375,0.2578125,-1.029037896276651,-1.096223437545285e-11,0.06917307005925835,0.06324279238982744,0.01463702662252962,0.18123849327202413,0.7606504303477017,-0.03689180746669307
1,MF,5,0.464375,0.2734375,-1.027131252182751,-1.0856655418417516e-11,0.07535282746590838,0.07745939085266651,0.018241112180662877,0.2039015770951505,0.7315858851215067,-0.04068282207953307
1,MF,5,0.464375,0.2890625,-1.017283988245111,-1.0646539639475039e-11,0.07706924980888073,0.09359096156671884,0.021490541992952878,0.22456550495631572,0.7043585029327444,-0.042357175282497266
1,MF,5,0.464375,0.3046875,-0.9969111466536067,-1.033389866733625e-11,0.07273685138655378,0.11109636132594305,0.02374100805664843,0.2429073659158718,0.6792797512313999,-0.04187920855873192
1,MF,5,0.464375,0.3203125,-0.963874145585079,-9.92170516751767e-12,0.06196461471574877,0.12904171160159367,0.02421871635769967,0.25900679645357527,0.6563520718584492,-0.03960328250542928
1,MF,5,0.464375,0.3359375,-0.9168396814384905,-9.413956159748382e-12,0.04615606855216063,0.14614603085523462,0.022109545392439856,0.27333753713526254,0.635276467718918,-0.03612093574004088
1,MF,5,0.464375,0.3515625,-0.8555505593040421,-8.81557088612539e-12,0.02860917566872881,0.16093352593323842,0.016687694639270383,0.2866212830160674,0.615569615515924,-0.03203153416774044
1,MF,5,0.464375,0.3671875,-0.7809468209732908,-8.132281306694189e-12,0.013941229039655199,0.17197723766050693,0.007459249390350446,0.2995562260342602,0.5967896066036529,-0.027747816948297727
1,MF,5,0.464375,0.3828125,-0.6951112871045408,-7.370663541311773e-12,0.006945048015094944,0.17818484055220868,-0.005711842723418947,0.3125430827432441,0.5787611430144286,-0.023431731128701574
1,MF,5,0.464375,0.3984375,-0.6010516712697127,-6.538066529143682e-12,0.011227940344994249,0.17905857998722208,-0.02251851696984791,0.3256003295651081,0.5616191321238919,-0.019077455233226334
1,MF,5,0.464375,0.4140625,-0.502349339949155,-5.642502090563717e-12,0.028063670513017114,0.17486437374233932,-0.042168377036755675,0.3386018057725561,0.5455447322306369,-0.014690663707267418
1,MF,5,0.464375,0.4296875,-0.40269755736500584,-4.6925876812792255e-12,0.05580037602428104,0.16666475593394597,-0.06337385605320175,0.3517601462561757,0.5302744635675352,-0.010466271673486002
1,MF,5,0.464375,0.4453125,-0.30534432967180847,-3.697579135236717e-12,0.09000562849404803,0.1561962655583516,-0.08437800284100168,0.3660067490658665,0.5147319421468347,-0.00681399852230127
1,MF,5,0.464375,0.4609375,-0.21248856843783598,-2.666915299709416e-12,0.12435427676143912,0.14559863356182076,-0.103058293848616,0.3828110986595904,0.4972389414225016,-0.00414002594975403
1,MF,5,0.464375,0.4765625,-0.12476964694303178,-1.6105010120642804e-12,0.1520665934568928,0.13703258333358104,-0.11717727588632454,0.403295844451342,0.4764492375116727,-0.0025619991339784877
1,MF,5,0.464375,0.4921875,-0.041081954112949556,-5.385773207619571e-13,0.16750940119671875,0.1322561599845835,-0.12480414092517197,0.42717536417700375,0.452466648889305,-0.0018871095100239253
1,MF,5,0.464375,0.5078125,0.04108195411294931,5.385591061654593e-13,0.1675094011967187,0.1322561599845835,-0.12480414092517195,0.452466648889305,0.42717536417700375,-0.0018871095100239255
1,MF,5,0.464375,0.5234375,0.12476964694303155,1.6104806290634377e-12,0.15206659345689277,0.13703258333358107,-0.11717727588632454,0.4764492375116727,0.4032958444513419,-0.0025619991339784886
1,MF,5,0.464375,0.5390625,0.21248856843783576,2.666895784070311e-12,0.1243542767614391,0.1455986335618208,-0.10305829384861599,0.4972389414225016,0.3828110986595905,-0.004140025949754029
1,MF,5,0.464375,0.5546875,0.3053443296718083,3.697583092574647e-12,0.09000562849404803,0.1561962655583516,-0.08437800284100166,0.5147319421468347,0.36600674906586655,-0.00681399852230127
1,MF,5,0.464375,0.5703125,0.4026975573650057,4.6926145152829946e-12,0.05580037602428102,0.166664755933946,-0.06337385605320174,0.5302744635675352,0.35176014625617574,-0.010466271673486006
1,MF,5,0.464375,0.5859375,0.5023493399491548,5.642497184548886e-12,0.028063670513017103,0.17486437374233932,-0.04216837703675566,0.5455447322306369,0.33860180577255616,-0.014690663707267421
1,MF,5,0.464375,0.6015625,0.6010516712697127,6.538069022808679e-12,0.011227940344994252,0.17905857998722208,-0.022518516969847913,0.561619132123892,0.32560032956510815,-0.01907745523322634
1,MF,5,0.464375,0.6171875,0.6951112871045407,7.37066641444753e-12,0.006945048015094957,0.17818484055220868,-0.005711842723418951,0.5787611430144286,0.31254308274324416,-0.023431731128701578
1,MF,5,0.464375,0.6328125,0.7809468209732906,8.132268540213608e-12,0.01394122903965523,0.17197723766050688,0.00745924939035041,0.5967896066036529,0.2995562260342602,-0.02774781694829772
1,MF,5,0.464375,0.6484375,0.8555505593040421,8.815571956775035e-12,0.028609175668728868,0.1609335259332384,0.016687694639270348,0.6155696155159243,0.2866212830160674,-0.03203153416774045
1,MF,5,0.464375,0.6640625,0.9168396814384904,9.41396469784049e-12,0.04615606855216067,0.1461460308552346,0.02210954539243986,0.635276467718918,0.27333753713526254,-0.036120935740040876
1,MF,5,0.464375,0.6796875,0.9638741455850788,9.921691614990513e-12,0.06196461471574882,0.1290417116015936,0.02421871635769968,0.6563520718584493,0.25900679645357527,-0.03960328250542928
1,MF,5,0.464375,0.6953125,0.9969111466536066,1.0333887222227067e-11,0.07273685138655378,0.111096361325943,0.023741008056648423,0.6792797512313999,0.24290736591587175,-0.04187920855873191
1,MF,5,0.464375,0.7109375,1.017283988245111,1.0646541673201145e-11,0.0770692498088808,0.09359096156671877,0.021490541992952892,0.7043585029327446,0.22456550495631566,-0.04235717528249726
1,MF,5,0.464375,0.7265625,1.0271312521827507,1.0856654188525676e-11,0.07535282746590835,0.07745939085266647,0.01824111218066289,0.7315858851215067,0.20390157709515047,-0.04068282207953307
1,MF,5,0.464375,0.7421875,1.0290378962766509,1.0962242696704524e-11,0.06917307005925835,0.06324279238982738,0.014637026622529626,0.7606504303477017,0.18123849327202407,-0.03689180746669307
1,MF,5,0.464375,0.7578125,1.0256644687896639,1.0962244404322946e-11,0.06054172461951868,0.051132363927609684,0.011150770215106463,0.790975322375067,0.1572276554830215,-0.03142903201280716
1,MF,5,0.464375,0.7734375,1.0194308509485417,1.0856664925515316e-11,0.05126510202733727,0.04106282126404799,0.008080032626257984,0.8217673973067061,0.132746470976606,-0.02504016004910686
1,MF,5,0.464375,0.7890625,1.0122965299798483,1.0646535807497986e-11,0.042603837372816436,0.03281742331545541,0.005570321344337326,0.8520705998406768,0.10878615873374362,-0.01857792535291669
1,MF,5,0.464375,0.8046875,1.0056524084779812,1.0333879741232076e-11,0.03521735220562429,0.026116998457042327,0.0036501907514285485,0.880849469664746,0.08632672863063787,-0.012786715798614554
1,MF,5,0.464375,0.8203125,1.0003167578963175,9.921699064645284e-12,0.029289284395393446,0.02068094812718461,0.002269705535674764,0.9071154645591977,0.06620447409220254,-0.008139276741360835
1,MF,5,0.464375,0.8359375,0.9966122537248423,9.413967262656255e-12,0.02471357851440674,0.016260646577818377,0.0013360323363593488,0.9300741724077017,0.04899793037135884,-0.004781338997485203
1,MF,5,0.464375,0.8515625,0.9944922819388473,8.815575199217158e-12,0.021257365712250433,0.012652139749692641,0.0007423393878077777,0.9492467004889492,0.034965056625730774,-0.0025892016362717603
1,MF,5,0.464375,0.8671875,0.993683018055834,8.132282223183838e-12,0.01866710430069559,0.009696291717397424,0.00038802152763864036,0.9645228227489383,0.024049001071511856,-0.0012923243243196524
1,MF,5,0.464375,0.8828125,0.9938128051897785,7.370669755145474e-12,0.01672116154071057,0.007272874832665441,0.0001900498158955922,0.9761318285080345,0.01594396344248266,-0.0005949286760198644
1,MF,5,0.464375,0.8984375,0.9945102722165139,6.538076527520592e-12,0.015246988541176482,0.005292727510254527,8.680631616121478e-05,0.9845494238770844,0.010193534934801464,-0.0002529576446852216
1,MF,5,0.464375,0.9140625,0.9954642320544893,5.6425131595902716e-12,0.014120328581993195,0.0036901896132111936,3.6721348861978994e-05,0.9903775234448503,0.006290075210309397,-9.955104543286629e-05
1,MF,5,0.464375,0.9296875,0.9964483293604074,4.692613756341474e-12,0.013257421869452066,0.0024168226121735314,1.4200802257648593e-05,0.9942329998068036,0.003752570905546943,-3.6396151007896856e-05
1,MF,5,0.464375,0.9453125,0.9973195130596842,3.69752188936201e-12,0.01260548367485706,0.0014367403081373142,4.8640403514141516e-06,0.996667652921831,0.002174003792788425,-1.2472250851403006e-05
1,MF,5,0.464375,0.9609375,0.9980013101454834,2.6668194528492364e-12,0.012133659229730767,0.0007234869761133234,1.350952951857874e-06,0.9981249507374701,0.0012406324089741408,-4.122064376390775e-06
1,MF,5,0.464375,0.9765625,0.998461613544841,1.6104335501251964e-12,0.011825417587802825,0.00025818195310499826,2.2680529219208285e-07,0.9989268273128584,0.0007317694671940024,-1.4477388232675561e-06
1,MF,5,0.464375,0.9921875,0.9986918991809636,5.385399293395335e-13,0.011672826910549381,2.8561030803384837e-05,-1.419857399451665e-12,0.9992783744257832,0.0005099783110520408,-7.072644642837089e-07
1,MF,6,0.556875,0.0078125,-0.9979542064410516,-6.9828822798101865e-12,0.011351422933597402,2.7506027786729752e-05,-9.04868060007776e-13,0.0017225259929860503,0.9970286651782939,-7.581524666583504e-06
1,MF,6,0.556875,0.0234375,-0.9978022407554561,-2.0881398078210524e-11,0.011522625946815038,0.0002487903198922463,2.3032159086298655e-06,0.002191419642541312,0.9962175703587146,-1.2007487319284358e-05
1,MF,6,0.556875,0.0390625,-0.9975283723556327,-3.45788138248794e-11,0.011876701464453628,0.0006980690096465021,1.1968303758637e-05,0.0032017765014285384,0.9944823824910629,-2.4883571725932963e-05
1,MF,6,0.556875,0.0546875,-0.9971969413909074,-4.7943216535456176e-11,0.012438881788368349,0.0013893500998270968,3.548511823783145e-05,0.004897118571021947,0.9916032138257984,-5.6377035473538006e-05
1,MF,6,0.556875,0.0703125,-0.9969132401250849,-6.084590302305251e-11,0.01325166037487167,0.0023452131799737387,8.195982406256525e-05,0.007487031928866158,0.9872676640414866,-0.00012722433671103782
1,MF,6,0.556875,0.0859375,-0.9968291870703376,-7.316260591068088e-11,0.01438005756747055,0.003598940636090918,0.00016457962060407387,0.011236250360200869,0.9810966360085975,-0.0002753816339435197
1,MF,6,0.556875,0.1015625,-0.9971430415656353,-8.477471421250785e-11,0.01591789068922892,0.005197701972172184,0.00030231960676675474,0.016444928008632217,0.9726837156604036,-0.0005636974329890054
1,MF,6,0.556875,0.1171875,-0.9980872592298078,-9.557039979280618e-11,0.01799375022024815,0.007206933017839589,0.0005216806095291146,0.023418742394415007,0.9616468361746138,-0.0010853990095150987
1,MF,6,0.556875,0.1328125,-0.9998986885250045,-1.054456856032504e-10,0.02077387271624362,0.009715879947866924,0.0008580139229728737,0.03243030961183021,0.947685927273982,-0.0019620689257846347
1,MF,6,0.556875,0.1484375,-1.0027669259394012,-1.1430547128396182e-10,0.024456509488043916,0.012843921505820411,0.0013557185835650924,0.04367690877893089,0.9306356369545563,-0.003328347946775382
1,MF,6,0.556875,0.1640625,-1.0067600523536377,-1.2206443332236222e-10,0.029249022557377057,0.016746641144390326,0.002066324022114336,0.05724218119849682,0.9105008351312585,-0.0053008336201865024
1,MF,6,0.556875,0.1796875,-1.0117320717784974,-1.2864784953471597e-10,0.03531651833836793,0.021619590937595995,0.003043235968619647,0.07306950319248731,0.8874666572051013,-0.007935848323250679
1,MF,6,0.556875,0.1953125,-1.0172226717825277,-1.3399232298792058e-10,0.04269299640052122,0.02769627506008745,0.004331783920101057,0.09095132598159238,0.8618838434278132,-0.011188892233809557
1,MF,6,0.556875,0.2109375,-1.0223666001389264,-1.3804637099233685e-10,0.0511575157148737,0.03523539122308278,0.005953298950228539,0.11053353958553702,0.8342396958599863,-0.014892314949755996
1,MF,6,0.556875,0.2265625,-1.0258358762441004,-1.4077095131931339e-10,0.060101690875082825,0.04449162887161781,0.00788258367317314,0.13133101228087216,0.8051281822174875,-0.01876352013481051
1,MF,6,0.556875,0.2421875,-1.0258415806357406,-1.4213983581725514e-10,0.06844697202517996,0.05566570291593257,0.01001984347846832,0.15275392940813848,0.7752247720311893,-0.022445967586110838
1,MF,6,0.556875,0.2578125,-1.020220553863894,-1.421398292036219e-10,0.07469495671880427,0.06883427770474054,0.012161450515880896,0.1741533445840368,0.7452557368054294,-0.02557544628664534
1,MF,6,0.556875,0.2734375,-1.0066226774514955,-1.4077095153615382e-10,0.07718473468734094,0.08386949823302742,0.013978636378859242,0.19489913601430958,0.7159410758185671,-0.02785781478575178
1,MF,6,0.556875,0.2890625,-0.9827940239476246,-1.380463662218473e-10,0.07456360191353946,0.10036902215375529,0.015017559481057048,0.21449145067686898,0.6879007171404423,-0.029138518693621468
1,MF,6,0.556875,0.3046875,-0.946921709357846,-1.339923187595321e-10,0.06635631501863372,0.11762553389984629,0.014734488368295915,0.23267508132457618,0.6615478380947065,-0.02943714194525528
1,MF,6,0.556875,0.3203125,-0.8979765729328254,-1.286478527873225e-10,0.053400465743268344,0.13466284971615364,0.012572210248387353,0.249494993176639,0.6370287007140738,-0.02892290722824781
1,MF,6,0.556875,0.3359375,-0.835974474623524,-1.2206445663270893e-10,0.03789437326576134,0.15034981378695977,0.008067951951555356,0.265235632804491,0.6142674274850279,-0.027832772549255806
1,MF,6,0.556875,0.3515625,-0.7620883053645657,-1.1430546765188454e-10,0.022937130340848627,0.16357683355187386,0.0009656482025978207,0.2802455443474261,0.5931168338859342,-0.026370668806158515
1,MF,6,0.556875,0.3671875,-0.6785797357514256,-1.0544566695497304e-10,0.011678407932633614,0.17345471482366628,-0.008702348336869895,0.2947350497411244,0.5735310700566503,-0.024640838950902667
1,MF,6,0.556875,0.3828125,-0.5885646249129188,-9.557039903386466e-11,0.006395334400238012,0.17948442380212515,-0.020589464261054187,0.3086850798639706,0.555627496892547,-0.022649706575427603
1,MF,6,0.556875,0.3984375,-0.49565551974627065,-8.477471589302121e-11,0.007851706110558338,0.18165482753306988,-0.034067758828379736,0.32196781960946086,0.5395450073407817,-0.02038018149795546
1,MF,6,0.556875,0.4140625,-0.40352812498690926,-7.31625827629645e-11,0.01516452772272807,0.18044770796671136,-0.048300693140223894,0.33465378408262814,0.525130426219327,-0.017904708161744717
1,MF,6,0.556875,0.4296875,-0.31544756741083035,-6.084588605528851e-11,0.02619438623421819,0.17675412523088108,-0.062329481091914114,0.34732162898947566,0.5116361983005332,-0.01545363262055046
1,MF,6,0.556875,0.4453125,-0.23378980076399614,-4.794324030658881e-11,0.03828262952969569,0.17172459483728797,-0.07515523089975001,0.3610997434228284,0.49769607366046587,-0.013349966743540678
1,MF,6,0.556875,0.4609375,-0.15962079323657385,-3.45788157222332e-11,0.04903235718428771,0.16658456789552198,-0.08581542801367112,0.3772648171298075,0.4817548545469195,-0.011833910648567685
1,MF,6,0.556875,0.4765625,-0.09244029024960457,-2.0881465610453342e-11,0.05681563681672697,0.16244761771181726,-0.09346430872911762,0.3965188918482966,0.4628354717680845,-0.010940338468531902
1,MF,6,0.556875,0.4921875,-0.03021615985272667,-6.9829459055370524e-12,0.06083375891390274,0.16015396638333576,-0.09746234748356551,0.41838389285062455,0.44119751223345116,-0.010551100367142241
1,MF,6,0.556875,0.5078125,0.030216159852726417,6.982951543388349e-12,0.06083375891390274,0.16015396638333573,-0.0974623474835655,0.44119751223345105,0.41838389285062455,-0.010551100367142238
1,MF,6,0.556875,0.5234375,0.0924402902496043,2.0881462222321553e-11,0.056815636816726994,0.16244761771181726,-0.09346430872911765,0.4628354717680845,0.39651889184829664,-0.010940338468531902
1,MF,6,0.556875,0.5390625,0.15962079323657363,3.4578819327205426e-11,0.04903235718428775,0.16658456789552203,-0.08581542801367117,0.48175485454691946,0.37726481712980753,-0.011833910648567678
1,MF,6,0.556875,0.5546875,0.23378980076399591,4.794324410129641e-11,0.038282629529695716,0.17172459483728797,-0.07515523089975004,0.49769607366046575,0.36109974342282847,-0.013349966743540673
1,MF,6,0.556875,0.5703125,0.3154475674108302,6.08458985236135e-11,0.026194386234218194,0.1767541252308811,-0.06232948109191412,0.5116361983005332,0.3473216289894757,-0.015453632620550457
1,MF,6,0.556875,0.5859375,0.40352812498690904,7.31625981857404e-11,0.015164527722728065,0.18044770796671133,-0.04830069314022387,0.525130426219327,0.33465378408262814,-0.017904708161744713
1,MF,6,0.556875,0.6015625,0.49565551974627053,8.477472173416042e-11,0.007851706110558349,0.18165482753306988,-0.03406775882837974,0.5395450073407817,0.32196781960946086,-0.02038018149795546
1,MF,6,0.556875,0.6171875,0.5885646249129188,9.557039708230075e-11,0.006395334400238029,0.17948442380212512,-0.020589464261054194,0.555627496892547,0.30868507986397065,-0.0226497065754276
1,MF,6,0.556875,0.6328125,0.6785797357514256,1.0544568007381933e-10,0.011678407932633639,0.17345471482366626,-0.008702348336869902,0.5735310700566503,0.2947350497411244,-0.024640838950902664
1,MF,6,0.556875,0.6484375,0.7620883053645657,1.1430547984915898e-10,0.022937130340848655,0.16357683355187386,0.000965648202597813,0.5931168338859343,0.2802455443474261,-0.026370668806158508
1,MF,6,0.556875,0.6640625,0.8359744746235238,1.2206445684954936e-10,0.03789437326576138,0.15034981378695972,0.008067951951555338,0.6142674274850279,0.2652356328044909,-0.027832772549255792
1,MF,6,0.556875,0.6796875,0.8979765729328252,1.2864785500993695e-10,0.05340046574326838,0.13466284971615358,0.012572210248387315,0.6370287007140738,0.249494993176639,-0.028922907228247807
1,MF,6,0.556875,0.6953125,0.9469217093578459,1.3399231463956385e-10,0.06635631501863379,0.11762553389984626,0.014734488368295887,0.6615478380947066,0.23267508132457615,-0.029437141945255273
1,MF,6,0.556875,0.7109375,0.9827940239476243,1.380463666690807e-10,0.0745636019135395,0.10036902215375525,0.015017559481057055,0.6879007171404424,0.21449145067686892,-0.029138518693621458
1,MF,6,0.556875,0.7265625,1.0066226774514953,1.4077094337753247e-10,0.07718473468734091,0.08386949823302736,0.01397863637885924,0.7159410758185674,0.19489913601430953,-0.027857814785751774
1,MF,6,0.556875,0.7421875,1.0202205538638935,1.421398343535822e-10,0.07469495671880419,0.06883427770474052,0.012161450515880889,0.7452557368054296,0.17415334458403675,-0.025575446286645327
1,MF,6,0.556875,0.7578125,1.0258415806357402,1.421398314533414e-10,0.06844697202517987,0.05566570291593255,0.010019843478468321,0.7752247720311894,0.15275392940813842,-0.022445967586110824
1,MF,6,0.556875,0.7734375,1.0258358762441002,1.4077094906959388e-10,0.06010169087508273,0.04449162887161781,0.007882583673173148,0.8051281822174875,0.13133101228087213,-0.018763520134810495
1,MF,6,0.556875,0.7890625,1.022366600138926,1.3804636576106137e-10,0.05115751571487367,0.03523539122308277,0.005953298950228558,0.8342396958599864,0.110533539585537,-0.014892314949755986
1,MF,6,0.556875,0.8046875,1.0172226717825277,1.3399232068399096e-10,0.04269299640052118,0.027696275060087452,0.004331783920101069,0.8618838434278134,0.09095132598159233,-0.01118889223380955
1,MF,6,0.556875,0.8203125,1.0117320717784974,1.2864784629566198e-10,0.03531651833836788,0.021619590937596,0.0030432359686196615,0.8874666572051014,0.07306950319248728,-0.007935848323250675
1,MF,6,0.556875,0.8359375,1.0067600523536377,1.220644296631799e-10,0.029249022557377026,0.01674664114439033,0.0020663240221143334,0.9105008351312585,0.057242181198496805,-0.005300833620186502
1,MF,6,0.556875,0.8515625,1.0027669259394012,1.143054697254212e-10,0.024456509488043877,0.012843921505820418,0.0013557185835650818,0.9306356369545563,0.04367690877893087,-0.0033283479467753826
1,MF,6,0.556875,0.8671875,0.9998986885250045,1.0544568369234408e-10,0.020773872716243584,0.009715879947866931,0.0008580139229728682,0.9476859272739819,0.032430309611830195,-0.0019620689257846364
1,MF,6,0.556875,0.8828125,0.9980872592298078,9.557039796999128e-11,0.017993750220248114,0.007206933017839598,0.0005216806095291078,0.9616468361746138,0.023418742394414993,-0.001085399009515099
1,MF,6,0.556875,0.8984375,0.9971430415656355,8.477471488335794e-11,0.015917890689228914,0.005197701972172193,0.0003023196067667547,0.9726837156604036,0.01644492800863221,-0.0005636974329890059
1,MF,6,0.556875,0.9140625,0.996829187070338,7.316260509244706e-11,0.01438005756747058,0.003598940636090925,0.00016457962060407032,0.9810966360085976,0.011236250360200864,-0.0002753816339435205
1,MF,6,0.556875,0.9296875,0.9969132401250851,6.08458999635695e-11,0.013251660374871698,0.002345213179973743,8.195982406255796e-05,0.9872676640414866,0.007487031928866154,-0.00012722433671103845
1,MF,6,0.556875,0.9453125,0.9971969413909074,4.7943216742132215e-11,0.01243888178836837,0.001389350099827099,3.548511823782954e-05,0.9916032138257984,0.004897118571021944,-5.6377035473538385e-05
1,MF,6,0.556875,0.9609375,0.9975283723556327,3.4578813721117865e-11,0.011876701464453642,0.0006980690096465035,1.196830375863478e-05,0.9944823824910629,0.003201776501428535,-2.4883571725933088e-05
1,MF,6,0.556875,0.9765625,0.9978022407554562,2.0881397570414272e-11,0.01152262594681506,0.000248790319892247,2.303215908629296e-06,0.9962175703587146,0.0021914196425413084,-1.2007487319284486e-05
1,MF,6,0.556875,0.9921875,0.9979542064410516,6.982882267210571e-12,0.011351422933597442,2.7506027786729844e-05,-9.048679386438365e-13,0.9970286651782938,0.0017225259929860473,-7.5815246665836155e-06
1,MF,7,0.65,0.0078125,-0.9977316352263524,1.190281383791356e-12,0.010789154988494663,2.605232078812712e-05,8.313418628649812e-13,0.0035472663466910824,0.9930864854276219,-2.9914403107382542e-05
1,MF,7,0.65,0.0234375,-0.9977565579668244,3.559381068151627e-12,0.011011061729981172,0.0002360733082551296,3.074606933369376e-06,0.004177932314953174,0.9918976374226104,-4.016270343649558e-05
1,MF,7,0.65,0.0390625,-0.9978461034684594,5.894200986935206e-12,0.011472286110056084,0.0006648322167807569,1.561841955446919e-05,0.005492285357625342,0.9894358888339404,-6.60885839382456e-05
1,MF,7,0.65,0.0546875,-0.9980783084473657,8.172256708155468e-12,0.012208945820011767,0.0013305906655551628,4.4787684089445996e-05,0.007592885851375428,0.9855412726572848,-0.00011968955789759437
1,MF,7,0.65,0.0703125,-0.998565516724196,1.0371608899408663e-11,0.013278214656325135,0.002262843652092179,9.908607790808154e-05,0.01062481815486678,0.9799936614533504,-0.00022149955322186033
1,MF,7,0.65,0.0859375,-0.999445281141141,1.247107820658011e-11,0.014761093959179355,0.003504910262712688,0.00018904011545274157,0.01476520409384426,0.972534870398519,-0.0004026765007717237
1,MF,7,0.65,0.1015625,-1.0008631123206677,1.4450443066530566e-11,0.016764276367092865,0.005117419877297898,0.0003279328666071019,0.020209645573839467,0.9628948845537685,-0.0007060441843090183
1,MF,7,0.65,0.1171875,-1.002943947342363,1.6290646159518654e-11,0.019418616928034878,0.007182544066234172,0.0005324694396793065,0.02715643353332637,0.9508191832237205,-0.0011846418546630254
1,MF,7,0.65,0.1328125,-1.0057500319813881,1.797395695821158e-11,0.022870119851418867,0.009808532574580264,0.0008230884511531595,0.03578958494993559,0.9360941410689408,-0.0018965853119003936
1,MF,7,0.65,0.1484375,-1.009224796658612,1.948416807669856e-11,0.02725771102248456,0.013133613887093776,0.001223395543354544,0.046261425033955555,0.9185688770934533,-0.0028960608067534893
1,MF,7,0.65,0.1640625,-1.0131254132737468,2.0806737843076517e-11,0.03267156097161768,0.017327587002773766,0.0017578905844369695,0.058674432366661686,0.8981745950884903,-0.004221829717663134
1,MF,7,0.65,0.1796875,-1.016951087674755,2.1928922978690923e-11,0.03908841570518734,0.022588530031483464,0.002446872971674295,0.07306099723057458,0.874945075469987,-0.005885893159308955
1,MF,7,0.65,0.1953125,-1.019879533732464,2.2839932581949357e-11,0.04628877126331625,0.02913125778555805,0.0032973519579407562,0.08936002943073386,0.8490420258812387,-0.007864979858067202
1,MF,7,0.65,0.2109375,-1.0207296620101596,2.3530980278445995e-11,0.05377600784274147,0.037164052088924864,0.004289334948321521,0.10739265884012252,0.8207840637405459,-0.010096185890482206
1,MF,7,0.65,0.2265625,-1.0179724751549122,2.3995408307900257e-11,0.06073665716280352,0.04685161319838051,0.005358465307039137,0.12684586623419358,0.7906683736253826,-0.012476940976212447
1,MF,7,0.65,0.2421875,-1.009811503342851,2.4228737505876952e-11,0.06609329634510978,0.05826592383385645,0.006378840237079684,0.14727959617000605,0.7593646438904982,-0.014870574301349549
1,MF,7,0.65,0.2578125,-0.9943453532472651,2.422873989112173e-11,0.06869016577616853,0.07133277065160334,0.007153377121755048,0.1681728667039707,0.7276609760349333,-0.017121476591491106
1,MF,7,0.65,0.2734375,-0.9698061377219099,2.3995393345910276e-11,0.0676030013768241,0.08578835172517249,0.007421470772261758,0.18901104903444094,0.6963584103257208,-0.01908305820019155
1,MF,7,0.65,0.2890625,-0.9348412548063656,2.353096905695351e-11,0.06248701970268572,0.10116413172799082,0.006892077385226598,0.2093914008456972,0.6661408758314671,-0.02065286353705074
1,MF,7,0.65,0.3046875,-0.8887810710062793,2.2839934370882942e-11,0.053812572619823675,0.1168148169266168,0.005302658841670143,0.22910172584904054,0.6374724429232483,-0.021797772305170535
1,MF,7,0.65,0.3203125,-0.8318244614467091,2.1928917449259844e-11,0.04284517686239699,0.13199250763064116,0.0024918620024655114,0.24812838151779912,0.6105709755783133,-0.022552187939740197
1,MF,7,0.65,0.3359375,-0.7650875280795585,2.0806737192555214e-11,0.03133034522575935,0.14595347934862474,-0.0015376064513925667,0.2665827987372578,0.5854701286925483,-0.022988506281342632
1,MF,7,0.65,0.3515625,-0.6904962759467363,1.9484164281990957e-11,0.020994621709367868,0.15807077451268123,-0.006591582767809468,0.28458222485294415,0.56213176779567,-0.023177985897224123
1,MF,7,0.65,0.3671875,-0.6105465780591681,1.797396758339287e-11,0.013073013999830574,0.16792329043200235,-0.01230715148081441,0.30214744209605005,0.5405438855185749,-0.023164727347684363
1,MF,7,0.65,0.3828125,-0.5279851713199567,1.629065914283967e-11,0.008051818576701541,0.17534152145150997,-0.01822077207903333,0.3191683623561702,0.5207535182377928,-0.022965324865508265
1,MF,7,0.65,0.3984375,-0.4454732645618283,1.4450452336459141e-11,0.00569612725313207,0.18040568392642475,-0.02386033059955081,0.33544819972372464,0.5028263343478756,-0.02259191608101538
1,MF,7,0.65,0.4140625,-0.36528353949988435,1.2471088831761401e-11,0.005297220390926493,0.18340535200165475,-0.02883335153240198,0.3507957644540061,0.48676475744086434,-0.022083271315770266
1,MF,7,0.65,0.4296875,-0.2890639834163567,1.0371618928278759e-11,0.0059999920557341005,0.18477589809545258,-0.032888061136872836,0.36511454247784847,0.47243449093627565,-0.021520745653917393
1,MF,7,0.65,0.4453125,-0.2176878012886181,8.172265381772847e-12,0.007074285009420651,0.18502611783145775,-0.03593413281568953,0.37844351380240476,0.45954173902865836,-0.021010730361477298
1,MF,7,0.65,0.4609375,-0.15119972656342456,5.8942003838477475e-12,0.00805207300944503,0.184666948476801,-0.0380211766840375,0.3909341782291181,0.44767618659057634,-0.02063843551148118
1,MF,7,0.65,0.4765625,-0.0888621888638085,3.5593522487026297e-12,0.008725311750896341,0.18414699307568955,-0.039283448059130886,0.4027868739802739,0.43639932759760114,-0.02042729406863756
1,MF,7,0.65,0.4921875,-0.02929648340444322,1.1902495048593531e-12,0.00905392431377806,0.1837986479171605,-0.039867920907554484,0.41419421740487306,0.42533178617123557,-0.020342856145600642
1,MF,7,0.65,0.5078125,0.02929648340444304,-1.1902345428693728e-12,0.009053924313778057,0.1837986479171605,-0.03986792090755448,0.42533178617123546,0.41419421740487317,-0.020342856145600646
1,MF,7,0.65,0.5234375,0.08886218886380831,-3.559346366905844e-12,0.008725311750896341,0.1841469930756895,-0.03928344805913088,0.43639932759760103,0.402786873980274,-0.020427294068637566
1,MF,7,0.65,0.5390625,0.15119972656342434,-5.894202132123751e-12,0.008052073009445035,0.184666948476801,-0.03802117668403751,0.4476761865905763,0.39093417822911813,-0.02063843551148118
1,MF,7,0.65,0.5546875,0.2176878012886179,-8.172252208716452e-12,0.00707428500942066,0.18502611783145775,-0.03593413281568955,0.45954173902865825,0.3784435138024049,-0.021010730361477298
1,MF,7,0.65,0.5703125,0.2890639834163564,-1.0371612694116267e-11,0.005999992055734112,0.18477589809545258,-0.03288806113687286,0.47243449093627565,0.36511454247784847,-0.021520745653917393
1,MF,7,0.65,0.5859375,0.3652835394998841,-1.2471072622938922e-11,0.005297220390926512,0.18340535200165475,-0.02883335153240203,0.48676475744086434,0.3507957644540062,-0.02208327131577026
1,MF,7,0.65,0.6015625,0.4454732645618281,-1.4450457594839677e-11,0.005696127253132093,0.1804056839264248,-0.023860330599550856,0.5028263343478756,0.33544819972372464,-0.022591916081015375
1,MF,7,0.65,0.6171875,0.5279851713199566,-1.6290653586303536e-11,0.008051818576701569,0.17534152145151,-0.01822077207903338,0.5207535182377929,0.3191683623561702,-0.022965324865508265
1,MF,7,0.65,0.6328125,0.6105465780591679,-1.797395419349604e-11,0.013073013999830598,0.16792329043200235,-0.012307151480814411,0.540543885518575,0.30214744209605005,-0.023164727347684353
1,MF,7,0.65,0.6484375,0.6904962759467361,-1.9484167019601442e-11,0.020994621709367903,0.15807077451268123,-0.0065915827678094605,0.5621317677956701,0.2845822248529442,-0.023177985897224113
1,MF,7,0.65,0.6640625,0.7650875280795584,-2.0806737517815865e-11,0.03133034522575941,0.14595347934862468,-0.0015376064513925463,0.5854701286925483,0.26658279873725776,-0.022988506281342625
1,MF,7,0.65,0.6796875,0.8318244614467087,-2.1928932600985204e-11,0.04284517686239699,0.13199250763064113,0.0024918620024655283,0.6105709755783133,0.24812838151779906,-0.022552187939740183
1,MF,7,0.65,0.6953125,0.8887810710062791,-2.283993266326452e-11,0.05381257261982364,0.1168148169266168,0.005302658841670184,0.6374724429232483,0.2291017258490405,-0.021797772305170528
1,MF,7,0.65,0.7109375,0.9348412548063654,-2.35309702495759e-11,0.062487019702685685,0.10116413172799078,0.006892077385226667,0.6661408758314671,0.20939140084569716,-0.020652863537050734
1,MF,7,0.65,0.7265625,0.9698061377219096,-2.399540424214211e-11,0.06760300137682408,0.08578835172517248,0.007421470772261761,0.6963584103257208,0.18901104903444088,-0.019083058200191544
1,MF,7,0.65,0.7421875,0.994345353247265,-2.4228738102188146e-11,0.06869016577616853,0.07133277065160332,0.007153377121755023,0.7276609760349334,0.16817286670397066,-0.017121476591491103
1,MF,7,0.65,0.7578125,1.009811503342851,-2.4228735825363584e-11,0.06609329634510973,0.05826592383385644,0.006378840237079695,0.7593646438904983,0.147279596170006,-0.014870574301349545
1,MF,7,0.65,0.7734375,1.0179724751549117,-2.3995401016640647e-11,0.06073665716280348,0.04685161319838051,0.005358465307039147,0.7906683736253828,0.12684586623419353,-0.01247694097621244
1,MF,7,0.65,0.7890625,1.0207296620101594,-2.353097729689002e-11,0.05377600784274136,0.037164052088924864,0.0042893349483215295,0.8207840637405461,0.10739265884012247,-0.010096185890482202
1,MF,7,0.65,0.8046875,1.019879533732464,-2.2839924870561405e-11,0.04628877126331619,0.029131257785558057,0.0032973519579407797,0.8490420258812388,0.08936002943073382,-0.007864979858067202
1,MF,7,0.65,0.8203125,1.0169510876747547,-2.19289256620913e-11,0.039088415705187285,0.022588530031483478,0.0024468729716743314,0.874945075469987,0.07306099723057455,-0.005885893159308953
1,MF,7,0.65,0.8359375,1.0131254132737464,-2.0806741618302363e-11,0.03267156097161763,0.01732758700277378,0.0017578905844369912,0.8981745950884903,0.05867443236666166,-0.004221829717663134
1,MF,7,0.65,0.8515625,1.0092247966586119,-1.9484174058445234e-11,0.027257711022484504,0.013133613887093793,0.0012233955433545464,0.9185688770934531,0.046261425033955535,-0.002896060806753491
1,MF,7,0.65,0.8671875,1.005750031981388,-1.7973956775252462e-11,0.022870119851418826,0.009808532574580281,0.0008230884511531667,0.9360941410689408,0.03578958494993556,-0.0018965853119003945
1,MF,7,0.65,0.8828125,1.002943947342363,-1.6290644058876945e-11,0.019418616928034885,0.007182544066234187,0.000532469439679314,0.9508191832237205,0.02715643353332636,-0.0011846418546630258
1,MF,7,0.65,0.8984375,1.0008631123206677,-1.4450445597465012e-11,0.0167642763670929,0.00511741987729791,0.00032793286660710364,0.9628948845537684,0.020209645573839453,-0.0007060441843090192
1,MF,7,0.65,0.9140625,0.9994452811411412,-1.2471080832382247e-11,0.014761093959179392,0.003504910262712696,0.0001890401154527328,0.972534870398519,0.014765204093844252,-0.00040267650077172414
1,MF,7,0.65,0.9296875,0.9985655167241961,-1.0371610593474558e-11,0.013278214656325135,0.0022628436520921846,9.908607790808216e-05,0.9799936614533504,0.010624818154866773,-0.00022149955322186136
1,MF,7,0.65,0.9453125,0.9980783084473659,-8.172257975316757e-12,0.012208945820011786,0.001330590665555167,4.478768408944668e-05,0.9855412726572846,0.007592885851375423,-0.0001196895578975952
1,MF,7,0.65,0.9609375,0.9978461034684595,-5.8942017153835406e-12,0.011472286110056127,0.0006648322167807593,1.561841955446928e-05,0.9894358888339404,0.005492285357625337,-6.608858393824613e-05
1,MF,7,0.65,0.9765625,0.9977565579668246,-3.5593812739806332e-12,0.011011061729981215,0.00023607330825513043,3.0746069333693943e-06,0.9918976374226105,0.004177932314953169,-4.016270343649597e-05
1,MF,7,0.65,0.9921875,0.9977316352263527,-1.1902813075583907e-12,0.010789154988494705,2.6052320788127216e-05,8.313418226838557e-13,0.9930864854276218,0.003547266346691078,-2.991440310738288e-05
10,DNS,0,0.0,0.0078125,-1.0,0.0,6.570137787900594e-13,5.708888250872606e-15,2.9582283945787943e-31,0.0,1.0,0.0
10,DNS,0,0.0,0.0234375,-1.0,2.481541837659083e-24,2.159284280930924e-12,8.29958733825044e-14,-1.5777218104420236e-30,0.0,1.0,0.0
10,DNS,0,0.0,0.0390625,-1.0,-1.8611563782443123e-24,1.5362923971006848e-11,6.247787647878083e-13,-4.733165431326071e-30,0.0,1.0,0.0
10,DNS,0,0.0,0.0546875,-1.0,8.271806125530277e-24,1.0192154865351448e-10,4.396831927449826e-12,8.835242138475332e-29,0.0,1.0,0.0
10,DNS,0,0.0,0.0703125,-1.0,-5.1285197978287716e-23,6.303984305448273e-10,2.8926798388188747e-11,-7.068193710780266e-28,0.0,1.0,0.0
10,DNS,0,0.0,0.0859375,-1.0,1.4558378780933287e-22,3.6344790664301803e-09,1.7791426980494526e-10,-8.077935669463161e-28,0.0,1.0,0.0
10,DNS,0,0.0,0.1015625,-1.0,-5.293955920339377e-23,1.9528053744216348e-08,1.0229963078191315e-09,1.6155871338926322e-26,0.0,1.0,0.0
10,DNS,0,0.0,0.1171875,-1.0,-8.470329472543003e-22,9.776123267780567e-08,5.499119087345055e-09,-2.0679515313825692e-25,0.0,1.0,0.0
10,DNS,0,0.0,0.1328125,-0.9999999999999999,7.940933880509066e-22,4.558837089398682e-07,2.7635721197783388e-08,2.0679515313825692e-25,0.0,1.0,0.0
10,DNS,0,0.0,0.1484375,-1.0,1.0587911840678754e-21,1.9796818404886703e-06,1.298404104277486e-07,-1.2407709188295415e-24,5.551115123125783e-17,1.0,0.0
10,DNS,0,0.0,0.1640625,-0.9999999999999999,0.0,8.00290523141155e-06,5.703127293818589e-07,4.963083675318166e-24,2.7755575615628914e-16,0.9999999999999999,0.0
10,DNS,0,0.0,0.1796875,-0.9999999999999964,-1.2705494208814505e-20,3.010561097862845e-05,2.341978984703462e-06,0.0,1.4432899320127035e-15,0.9999999999999984,0.0
10,DNS,0,0.0,0.1953125,-0.9999999999999841,-2.1175823681357508e-20,0.0001053432434852525,8.991294440049742e-06,6.913906431963227e-20,7.66053886991358e-15,0.9999999999999927,0.0
10,DNS,0,0.0,0.2109375,-0.9999999999999183,-1.2197274440461925e-19,0.0003426948796987711,3.227254487683245e-05,1.180552170235681e-19,4.068967385251199e-14,0.9999999999999593,0.0
10,DNS,0,0.0,0.2265625,-0.9999999999995701,0.0,0.001035848122025084,0.0001082974808861944,-9.09501627114305e-19,2.153277556260491e-13,0.9999999999997848,0.0
10,DNS,0,0.0,0.2421875,-0.9999999999977207,0.0,0.0029071872119901467,0.00033976600952790616,1.4230153513872246e-19,1.1399770016851107e-12,0.9999999999988598,0.0
10,DNS,0,0.0,0.2578125,-0.9999999999879282,-1.0842021724855044e-19,0.0075697770780033345,0.000996598262047638,2.5851445550201246e-18,6.035671962223432e-12,0.9999999999939646,0.0
10,DNS,0,0.0,0.2734375,-0.9999999999360866,2.710505431213761e-20,0.018268373725907526,0.002733008777658424,-1.1357017756785659e-17,3.195582687354204e-11,0.9999999999680443,0.0
10,DNS,0,0.0,0.2890625,-0.9999999996616218,1.0842021724855044e-19,0.04081364256742353,0.007007201548012862,-2.3174821436877657e-18,1.6918982881364286e-10,0.9999999998308101,0.0
10,DNS,0,0.0,0.3046875,-0.9999999982084519,-9.215718466126788e-19,0.08428720666599052,0.016797039314779993,6.667843360785852e-18,8.957736774561909e-10,0.9999999991042261,0.0
10,DNS,0,0.0,0.3203125,-0.9999999905146701,-2.222614453595284e-18,0.16060946403012177,0.03764498810799345,-3.550762114890027e-17,4.742664760915005e-09,0.9999999952573352,0.0
10,DNS,0,0.0,0.3359375,-0.999999949780019,-1.0842021724855044e-18,0.28172019595358677,0.07888047481424484,3.913969842672671e-17,2.5109990919869318e-08,0.9999999748900092,0.0
10,DNS,0,0.0,0.3515625,-0.9999997341108331,1.734723475976807e-18,0.45350360590081096,0.1545330234329892,7.047314121155779e-17,1.3294458278689805e-07,0.9999998670554173,0.0
10,DNS,0,0.0,0.3671875,-0.9999985922532633,0.0,0.6672611649710681,0.28305048413615147,-4.662069341687669e-17,7.038733689790356e-07,0.9999992961266313,0.0
10,DNS,0,0.0,0.3828125,-0.9999925467214335,-3.469446951953614e-18,0.8923503282805586,0.4847285160039235,-1.700029006457271e-16,3.726639284162836e-06,0.9999962733607158,0.0
10,DNS,0,0.0,0.3984375,-0.9999605393223056,2.168404344971009e-18,1.0760313198997573,0.7761156202763453,1.8908485888147197e-16,1.973033884716813e-05,0.9999802696611528,0.0
10,DNS,0,0.0,0.4140625,-0.9997910935355708,-4.7704895589362195e-18,1.1559510884441573,1.1618456921005156,-2.975050761300224e-16,0.00010445323221425219,0.999895546767786,0.0
10,DNS,0,0.0,0.4296875,-0.9988944427261546,-1.0842021724855044e-17,1.0851395337740646,1.6261683423946924,1.5785983631388945e-16,0.000552778636923601,0.9994472213630764,0.0
10,DNS,0,0.0,0.4453125,-0.9941605004152155,1.734723475976807e-17,0.8603472465065216,2.1280326409803028,2.2724877535296173e-16,0.002919749792392179,0.9970802502076079,0.0
10,DNS,0,0.0,0.4609375,-0.9694656922392504,-9.540979117872439e-18,0.5376820185019114,2.6036785875414346,-1.0399667238480959e-15,0.015267153880374416,0.9847328461196254,0.0
10,DNS,0,0.0,0.4765625,-0.8482836399575115,6.938893903907228e-18,0.22159835812546802,2.978469726437543,-2.168404344971009e-17,0.07585818002124357,0.9241418199787564,0.0
10,DNS,0,0.0,0.4921875,-0.3941185679308137,2.42861286636753e-17,0.026344701759837063,3.1856351001505194,9.014056862044484e-16,0.30294071603459277,0.6970592839654072,0.0
10,DNS,0,0.0,0.5078125,0.3941185679308137,2.42861286636753e-17,0.026344701759837063,3.1856351001505194,-9.014056862044484e-16,0.6970592839654072,0.30294071603459277,0.0
10,DNS,0,0.0,0.5234375,0.8482836399575115,6.938893903907228e-18,0.22159835812546802,2.978469726437543,2.168404344971009e-17,0.9241418199787564,0.07585818002124357,0.0
10,DNS,0,0.0,0.5390625,0.9694656922392504,-9.540979117872439e-18,0.5376820185019114,2.6036785875414346,1.0399667238480959e-15,0.9847328461196254,0.01526715388037436,0.0
10,DNS,0,0.0,0.5546875,0.9941605004152155,1.734723475976807e-17,0.8603472465065216,2.1280326409803028,-2.2724877535296173e-16,0.9970802502076079,0.002919749792392179,0.0
10,DNS,0,0.0,0.5703125,0.9988944427261546,-1.0842021724855044e-17,1.0851395337740646,1.6261683423946924,-1.5785983631388945e-16,0.9994472213630764,0.000552778636923601,0.0
10,DNS,0,0.0,0.5859375,0.9997910935355708,-4.7704895589362195e-18,1.1559510884441573,1.1618456921005156,2.975050761300224e-16,0.999895546767786,0.0001044532322143077,0.0
10,DNS,0,0.0,0.6015625,0.9999605393223056,2.168404344971009e-18,1.0760313198997573,0.7761156202763453,-1.8908485888147197e-16,0.9999802696611528,1.973033884716813e-05,0.0
10,DNS,0,0.0,0.6171875,0.9999925467214335,-3.469446951953614e-18,0.8923503282805586,0.4847285160039235,1.700029006457271e-16,0.9999962733607158,3.726639284162836e-06,0.0
10,DNS,0,0.0,0.6328125,0.9999985922532633,0.0,0.6672611649710681,0.28305048413615147,4.662069341687669e-17,0.9999992961266313,7.038733689235245e-07,0.0
10,DNS,0,0.0,0.6484375,0.9999997341108331,1.734723475976807e-18,0.45350360590081096,0.1545330234329892,-7.047314121155779e-17,0.9999998670554173,1.3294458278689805e-07,0.0
10,DNS,0,0.0,0.6640625,0.999999949780019,-1.0842021724855044e-18,0.28172019595358677,0.07888047481424484,-3.913969842672671e-17,0.9999999748900092,2.510999097538047e-08,0.0
10,DNS,0,0.0,0.6796875,0.9999999905146701,-2.222614453595284e-18,0.16060946403012177,0.03764498810799345,3.550762114890027e-17,0.9999999952573352,4.742664705403854e-09,0.0
10,DNS,0,0.0,0.6953125,0.9999999982084519,-9.215718466126788e-19,0.08428720666599052,0.016797039314779993,-6.667843360785852e-18,0.9999999991042261,8.957736774561909e-10,0.0
10,DNS,0,0.0,0.7109375,0.9999999996616218,1.0842021724855044e-19,0.04081364256742353,0.007007201548012862,2.3174821436877657e-18,0.9999999998308101,1.6918977330249163e-10,0.0
10,DNS,0,0.0,0.7265625,0.9999999999360866,2.710505431213761e-20,0.018268373725907526,0.002733008777658424,1.1357017756785659e-17,0.9999999999680443,3.1955771362390806e-11,0.0
10,DNS,0,0.0,0.7421875,0.9999999999879282,-1.0842021724855044e-19,0.0075697770780033345,0.000996598262047638,-2.5851445550201246e-18,0.9999999999939646,6.035616451072201e-12,0.0
10,DNS,0,0.0,0.7578125,0.9999999999977189,0.0,0.002907187211990146,0.00033976600952790616,-1.3637230450794235e-19,0.9999999999988598,1.1399770016851107e-12,0.0
10,DNS,0,0.0,0.7734375,0.99999999999957,0.0,0.0010358481220250806,0.00010829748088619451,1.5056010637445189e-19,0.9999999999997848,2.1538326677728037e-13,0.0
10,DNS,0,0.0,0.7890625,0.9999999999999183,-9.486769009248164e-20,0.0003426948796987733,3.227254487683251e-05,1.1106719520872013e-19,0.9999999999999593,4.063416270128073e-14,0.0
10,DNS,0,0.0,0.8046875,0.9999999999999841,-2.1175823681357508e-20,0.0001053432434852525,8.991294440049742e-06,-6.913906431963227e-20,0.9999999999999927,7.66053886991358e-15,0.0
10,DNS,0,0.0,0.8203125,0.9999999999999964,-1.2705494208814505e-20,3.010561097862845e-05,2.341978984703462e-06,0.0,0.9999999999999984,1.4432899320127035e-15,0.0
10,DNS,0,0.0,0.8359375,0.9999999999999999,0.0,8.00290523141155e-06,5.703127293818589e-07,-4.963083675318166e-24,0.9999999999999999,2.220446049250313e-16,0.0
10,DNS,0,0.0,0.8515625,1.0,1.0587911840678754e-21,1.9796818404886703e-06,1.298404104277486e-07,1.2407709188295415e-24,1.0,0.0,0.0
10,DNS,0,0.0,0.8671875,0.9999999999999999,7.940933880509066e-22,4.558837089398682e-07,2.7635721197783388e-08,-2.0679515313825692e-25,1.0,0.0,0.0
10,DNS,0,0.0,0.8828125,1.0,-8.470329472543003e-22,9.776123267780567e-08,5.499119087345055e-09,2.0679515313825692e-25,1.0,0.0,0.0
10,DNS,0,0.0,0.8984375,1.0,-5.293955920339377e-23,1.9528053744216348e-08,1.0229963078191315e-09,-1.6155871338926322e-26,1.0,0.0,0.0
10,DNS,0,0.0,0.9140625,1.0,1.4558378780933287e-22,3.6344790664301803e-09,1.7791426980494526e-10,8.077935669463161e-28,1.0,0.0,0.0
10,DNS,0,0.0,0.9296875,1.0,-5.1285197978287716e-23,6.303984305448273e-10,2.8926798388188747e-11,7.068193710780266e-28,1.0,0.0,0.0
10,DNS,0,0.0,0.9453125,1.0,8.271806125530277e-24,1.0192154865351448e-10,4.396831927449826e-12,-8.835242138475332e-29,1.0,0.0,0.0
10,DNS,0,0.0,0.9609375,1.0,-1.8611563782443123e-24,1.5362923971006848e-11,6.247787647878083e-13,4.733165431326071e-30,1.0,0.0,0.0
10,DNS,0,0.0,0.9765625,1.0,2.481541837659083e-24,2.159284280930924e-12,8.29958733825044e-14,1.5777218104420236e-30,1.0,0.0,0.0
10,DNS,0,0.0,0.9921875,1.0,0.0,6.570137787900594e-13,5.708888250872606e-15,-2.9582283945787943e-31,1.0,0.0,0.0
10,DNS,1,0.093125,0.0078125,-0.999999495827212,9.669728125855093e-17,0.0016323961892326403,4.999558861118221e-06,-1.3087982524059025e-18,8.841120067458198e-17,0.9999999999999996,-1.1810258558417615e-31
10,DNS,1,0.093125,0.0234375,-0.999998888514561,8.272462576064399e-17,0.0016723725734023188,4.5529199284781044e-05,-3.858602773935528e-08,6.489034205691388e-16,0.9999999999999977,-6.009758564159966e-30
10,DNS,1,0.093125,0.0390625,-0.9999971744668814,-4.6349642873755315e-17,0.0017550730488903763,0.00012949477217909323,-2.3699782143398691e-07,5.190749752310358e-15,0.9999999999999805,-3.9808772965507937e-28
10,DNS,1,0.093125,0.0546875,-0.9999930532502739,1.096128396382845e-16,0.0018862316041184713,0.00026301742848619715,-8.799592253206985e-07,4.0459082813927617e-14,0.9999999999998488,-2.4496187822918877e-26
10,DNS,1,0.093125,0.0703125,-0.9999836960336306,3.0921445959286586e-16,0.002075053882026583,0.000456085062179062,-2.6438618835760427e-06,3.0584382691701366e-13,0.9999999999988696,-1.4112841296324469e-24
10,DNS,1,0.093125,0.0859375,-0.9999633219443926,4.391018798566293e-17,0.00233496715455924,0.0007236190573802419,-7.059631405595586e-06,2.2365020973138348e-12,0.9999999999918254,-7.573971379881089e-23
10,DNS,1,0.093125,0.1015625,-0.9999206269684066,-1.1850329745266563e-16,0.0026846767255624803,0.001087069057927445,-1.7428396940071446e-05,1.5783702798749966e-11,0.9999999999430178,-3.77074167878741e-21
10,DNS,1,0.093125,0.1171875,-0.9998344127390765,2.651958513899544e-16,0.003149657434364444,0.0015767015197855946,-4.055786970894919e-05,1.0725027245794202e-10,0.9999999996181721,-1.7338313608145036e-19
10,DNS,1,0.093125,0.1328125,-0.9996666108938144,8.716985466783456e-17,0.0037644908730946444,0.0022348290968654976,-8.990351614740175e-05,6.999145362027372e-10,0.9999999975472161,-7.32582565396013e-18
10,DNS,1,0.093125,0.1484375,-0.9993519757158282,1.6458188978329957e-16,0.0045772341855164714,0.003120387476179758,-0.00019096547653556266,4.374424458333698e-09,0.9999999849429431,-2.8273471113745006e-16
10,DNS,1,0.093125,0.1640625,-0.9987843897374342,1.474514954580286e-16,0.005658829789196721,0.004315628575091316,-0.0003900295485704273,2.6097369632061075e-08,0.9999999119957221,-9.896020981020687e-15
10,DNS,1,0.093125,0.1796875,-0.9978016535231207,-2.2963402013242984e-16,0.007124222279350482,0.0059365383251269895,-0.0007673276190756613,1.4803448383154907e-07,0.9999995124446251,-3.11387359913164e-13
10,DNS,1,0.093125,0.1953125,-0.9961748658507991,2.688821387764051e-17,0.009177867703133044,0.008150423081297245,-0.0014549282965785567,7.945746084095563e-07,0.9999974534885725,-8.71356174805218e-12
10,DNS,1,0.093125,0.2109375,-0.9936164051082134,1.7477339020466331e-16,0.012203353157396728,0.011207736512467837,-0.002657126595132797,4.011822445222688e-06,0.999987544603941,-2.1392862185766827e-10
10,DNS,1,0.093125,0.2265625,-0.9898327859664846,-2.3678975447083417e-16,0.01691809747928691,0.015501411727277726,-0.0046649055978900955,1.8915245841988068e-05,0.9999434213203442,-4.530811935914576e-09
10,DNS,1,0.093125,0.2421875,-0.9846615029780822,-2.5413698923060224e-16,0.024592449340874872,0.021675264793689922,-0.007843567491825739,8.254227038620039e-05,0.9997637327528229,-8.106370192994145e-08
10,DNS,1,0.093125,0.2578125,-0.9783266623603797,-2.983724378680108e-16,0.03726194414623206,0.030808879703993423,-0.01255345180416324,0.00032986683163192836,0.9991040171158966,-1.1945931093838961e-06
10,DNS,1,0.093125,0.2734375,-0.9717834552328422,-5.898059818321144e-17,0.05773764240540992,0.044697046008540756,-0.01895137922684122,0.0011928051558133504,0.9969574575957747,-1.4077925160242582e-05
10,DNS,1,0.093125,0.2890625,-0.9669450571615228,8.977193988179977e-17,0.08913158381816697,0.06619683370332248,-0.02666508314130002,0.003852730294371821,0.9908868621563861,-0.00012842351931715025
10,DNS,1,0.093125,0.3046875,-0.9663490568365589,-2.3071822230491534e-16,0.1337431456362157,0.09952307318069346,-0.034509945042227805,0.010974301585622293,0.9762666149313493,-0.0008771949413160822
10,DNS,1,0.093125,0.3203125,-0.9718450178573849,2.896988204881268e-16,0.19149361615901755,0.1502625477272419,-0.04066555690424368,0.02725071446624889,0.9468326830322006,-0.004352865341056593
10,DNS,1,0.093125,0.3359375,-0.9825893413539335,5.924080670460796e-16,0.2583777858318423,0.2248327443352537,-0.0436090236016015,0.05847246168888283,0.8978840956564291,-0.015361628906655461
10,DNS,1,0.093125,0.3515625,-0.9936924380708171,1.7997756063259374e-16,0.3257619661001935,0.32923983039348104,-0.04321611649552773,0.10804922403182096,0.8305555684426749,-0.038448463190073945
10,DNS,1,0.093125,0.3671875,-0.9968645136986463,2.0513105103425744e-16,0.3815962186590919,0.4673260186695537,-0.04074531236706436,0.1729897601355574,0.7524650189983364,-0.0702741895211913
10,DNS,1,0.093125,0.3828125,-0.9827644441156839,2.949029909160572e-16,0.4134414124684135,0.6390360466806324,-0.03758097205619414,0.24433505136762795,0.6736046318441727,-0.10057846553212346
10,DNS,1,0.093125,0.3984375,-0.9434109063007228,2.42861286636753e-17,0.41230966624113136,0.8392750372867397,-0.034365464454958,0.312404181793831,0.602345362861121,-0.12356623311653578
10,DNS,1,0.093125,0.4140625,-0.8736314414676496,5.728924279413405e-16,0.37655311028866456,1.0577284747787778,-0.031304641399103175,0.3701964500028034,0.5441451510122471,-0.13931495707149333
10,DNS,1,0.093125,0.4296875,-0.771589937686836,7.671814572507429e-16,0.3133505754387963,1.2797381256045086,-0.028485563342179318,0.41312207798227474,0.5012320084618354,-0.14767968327996583
10,DNS,1,0.093125,0.4453125,-0.6385406671973552,-2.0708261494473135e-16,0.23604822757401045,1.4879697062061843,-0.025777880789378906,0.43957137489614095,0.47285778669376166,-0.14899545832481703
10,DNS,1,0.093125,0.4609375,-0.47817473298585533,6.158268339717665e-17,0.15998668214253214,1.664453923379153,-0.02310995917567652,0.45180645527268926,0.4565965811279313,-0.14595958820015792
10,DNS,1,0.093125,0.4765625,-0.29622851705999786,5.880712583561376e-16,0.09957302366609688,1.7927891628305326,-0.02084085450200431,0.4543992915873616,0.44967451628489447,-0.14195942345157547
10,DNS,1,0.093125,0.4921875,-0.10035092759892256,-3.903127820947816e-18,0.06619026150714899,1.8603841649980266,-0.019532168436911534,0.4521151415243649,0.4492635495482527,-0.13939276285984503
10,DNS,1,0.093125,0.5078125,0.10035092759892247,-5.204170427930421e-18,0.06619026150714898,1.8603841649980266,-0.019532168436911523,0.44926354954825265,0.45211514152436494,-0.13939276285984506
10,DNS,1,0.093125,0.5234375,0.2962285170599978,-4.536301889679351e-16,0.09957302366609683,1.7927891628305326,-0.020840854502004257,0.44967451628489447,0.4543992915873616,-0.14195942345157547
10,DNS,1,0.093125,0.5390625,0.47817473298585544,1.8214596497756474e-17,0.15998668214253214,1.6644539233791529,-0.023109959175676497,0.4565965811279314,0.45180645527268937,-0.14595958820015795
10,DNS,1,0.093125,0.5546875,0.6385406671973551,2.194425197110661e-16,0.23604822757401042,1.4879697062061843,-0.025777880789379027,0.47285778669376183,0.43957137489614084,-0.14899545832481703
10,DNS,1,0.093125,0.5703125,0.7715899376868359,-7.476658181460039e-16,0.3133505754387963,1.279738125604509,-0.028485563342179332,0.5012320084618354,0.41312207798227474,-0.14767968327996583
10,DNS,1,0.093125,0.5859375,0.8736314414676496,-5.386316392907986e-16,0.37655311028866456,1.0577284747787778,-0.03130464139910321,0.5441451510122473,0.3701964500028033,-0.13931495707149333
10,DNS,1,0.093125,0.6015625,0.9434109063007226,6.418476861114186e-17,0.4123096662411313,0.8392750372867399,-0.03436546445495817,0.6023453628611211,0.312404181793831,-0.12356623311653578
10,DNS,1,0.093125,0.6171875,0.9827644441156839,-2.220446049250313e-16,0.4134414124684134,0.6390360466806329,-0.03758097205619411,0.6736046318441726,0.24433505136762798,-0.1005784655321235
10,DNS,1,0.093125,0.6328125,0.9968645136986463,-2.2898349882893854e-16,0.381596218659092,0.4673260186695538,-0.040745312367064385,0.7524650189983364,0.17298976013555745,-0.07027418952119137
10,DNS,1,0.093125,0.6484375,0.9936924380708171,-2.0122792321330962e-16,0.3257619661001936,0.32923983039348115,-0.04321611649552769,0.8305555684426749,0.10804922403182102,-0.03844846319007398
10,DNS,1,0.093125,0.6640625,0.9825893413539337,-5.752776727208087e-16,0.25837778583184245,0.22483274433525374,-0.04360902360160151,0.8978840956564291,0.05847246168888287,-0.015361628906655487
10,DNS,1,0.093125,0.6796875,0.9718450178573849,-2.907830226606123e-16,0.19149361615901767,0.15026254772724196,-0.04066555690424367,0.9468326830322005,0.02725071446624891,-0.004352865341056601
10,DNS,1,0.093125,0.6953125,0.9663490568365589,2.250532659536786e-16,0.1337431456362158,0.09952307318069348,-0.0345099450422278,0.9762666149313493,0.010974301585622296,-0.0008771949413160848
10,DNS,1,0.093125,0.7109375,0.9669450571615226,-1.0121027280152184e-16,0.08913158381816702,0.0661968337033225,-0.026665083141300023,0.9908868621563861,0.0038527302943718164,-0.00012842351931715044
10,DNS,1,0.093125,0.7265625,0.9717834552328419,4.038653092508504e-17,0.057737642405409954,0.04469704600854076,-0.01895137922684123,0.9969574575957747,0.0011928051558133428,-1.4077925160242665e-05
10,DNS,1,0.093125,0.7421875,0.9783266623603795,2.994295349861842e-16,0.03726194414623207,0.03080887970399343,-0.012553451804163245,0.9991040171158965,0.00032986683163192007,-1.1945931093839226e-06
10,DNS,1,0.093125,0.7578125,0.984661502978082,2.539337013232612e-16,0.02459244934087487,0.02167526479368993,-0.007843567491825732,0.9997637327528228,8.254227038619275e-05,-8.106370192993978e-08
10,DNS,1,0.093125,0.7734375,0.9898327859664843,2.3380819849649903e-16,0.0169180974792869,0.015501411727277726,-0.004664905597890101,0.9999434213203441,1.8915245841981224e-05,-4.530811935915122e-09
10,DNS,1,0.093125,0.7890625,0.9936164051082131,-1.6978606021123e-16,0.012203353157396724,0.011207736512467844,-0.0026571265951328012,0.999987544603941,4.011822445216168e-06,-2.1392862185764165e-10
10,DNS,1,0.093125,0.8046875,0.996174865850799,-2.169420784507714e-17,0.009177867703133034,0.00815042308129725,-0.0014549282965785574,0.9999974534885725,7.945746084028177e-07,-8.713561748047906e-12
10,DNS,1,0.093125,0.8203125,0.9978016535231204,2.3272399632401353e-16,0.007124222279350483,0.005936538325126993,-0.000767327619075659,0.9999995124446251,1.4803448382437753e-07,-3.113873599141062e-13
10,DNS,1,0.093125,0.8359375,0.9987843897374341,-1.4964700485731175e-16,0.005658829789196726,0.0043156285750913185,-0.0003900295485704262,0.9999999119957221,2.609736962472329e-08,-9.896020979879662e-15
10,DNS,1,0.093125,0.8515625,0.9993519757158281,-1.6475129637275043e-16,0.004577234185516482,0.0031203874761797585,-0.00019096547653556326,0.9999999849429431,4.374424451442256e-09,-2.827347109848332e-16
10,DNS,1,0.093125,0.8671875,0.9996666108938144,-8.578664986496828e-17,0.0037644908730946457,0.002234829096865498,-8.990351614740266e-05,0.9999999975472162,6.999145303981492e-10,-7.325825699479688e-18
10,DNS,1,0.093125,0.8828125,0.9998344127390765,-2.6184160091882736e-16,0.0031496574343644478,0.0015767015197855952,-4.055786970895052e-05,0.9999999996181721,1.0725026811229315e-10,-1.73383137869036e-19
10,DNS,1,0.093125,0.8984375,0.9999206269684067,1.178256710948622e-16,0.002684676725562481,0.0010870690579274454,-1.742839694007167e-05,0.9999999999430179,1.5783699910278097e-11,-3.770742226207432e-21
10,DNS,1,0.093125,0.9140625,0.9999633219443924,-4.45539330255762e-17,0.002334967154559239,0.0007236190573802429,-7.059631405596459e-06,0.9999999999918254,2.2365003875352738e-12,-7.573986495192176e-23
10,DNS,1,0.093125,0.9296875,0.9999836960336307,-3.0990563847782537e-16,0.0020750538820265806,0.00045608506217906274,-2.643861883576539e-06,0.9999999999988696,3.0584292091579644e-13,-1.411296592195271e-24
10,DNS,1,0.093125,0.9453125,0.9999930532502741,-1.100465205072787e-16,0.001886231604118472,0.00026301742848619763,-8.799592253205264e-07,0.9999999999998488,4.045865028360581e-14,-2.4494900963733388e-26
10,DNS,1,0.093125,0.9609375,0.9999971744668814,4.480465477796347e-17,0.001755073048890379,0.00012949477217909363,-2.369978214335706e-07,0.9999999999999805,5.190561992550131e-15,-3.9809109618052808e-28
10,DNS,1,0.093125,0.9765625,0.9999988885145609,-8.319218794752836e-17,0.0016723725734023205,4.552919928478128e-05,-3.8586027738738055e-08,0.9999999999999977,6.488269369933651e-16,-6.012748759596411e-30
10,DNS,1,0.093125,0.9921875,0.999999495827212,-9.433490636865868e-17,0.0016323961892326442,4.9995588611182535e-06,-1.054556019331604e-18,0.9999999999999996,8.837563528767942e-17,-1.2252658319237342e-31
10,DNS,2,0.185625,0.0078125,-0.9999826484288024,1.4777675610977425e-16,0.005104069551054913,1.4305683489853791e-05,-3.1469391572865393e-18,3.1129949573230726e-10,0.999999997520536,-2.5579778969273353e-18
10,DNS,2,0.185625,0.0234375,-0.9999706450289098,1.5807667674838655e-16,0.005215222642772247,0.00012999488786412155,-2.625013065928427e-07,1.1592514191273942e-09,0.999999991068909,-3.4597079212363055e-17
10,DNS,2,0.185625,0.0390625,-0.9999406277356688,-6.797947621484113e-17,0.005442629423459196,0.00036810585686344497,-1.521053381099533e-06,4.9769599356929106e-09,0.9999999628911127,-6.211278665652016e-16
10,DNS,2,0.185625,0.0546875,-0.9998785282144307,1.4929463915125396e-16,0.005796416469888075,0.0007425815227719941,-5.232042418913786e-06,2.0818455356742594e-08,0.9999998501177224,-1.0547709494956238e-14
10,DNS,2,0.185625,0.0703125,-0.9997578412910898,5.128276275856436e-16,0.0062914915409616416,0.0012755345212995032,-1.440421882572461e-05,8.397569905281052e-08,0.9999994181817422,-1.658153420098213e-13
10,DNS,2,0.185625,0.0859375,-0.9995324942003287,6.938893903907228e-17,0.0069469844182662235,0.0019986896411390617,-3.502749675961168e-05,3.25920541188276e-07,0.9999978353418373,-2.4008334569522567e-12
10,DNS,2,0.185625,0.1015625,-0.9991267989748147,-2.6172640443800077e-16,0.0077853362534600744,0.0029553060581141246,-7.847026075768975e-05,1.2145747093633458e-06,0.9999923014924086,-3.18592271058284e-11
10,DNS,2,0.185625,0.1171875,-0.9984233856122325,4.200199216208844e-16,0.008831495678339938,0.00420259688770228,-0.0001652498726617288,4.335923450499348e-06,0.9999739067992925,-3.85302064089599e-10
10,DNS,2,0.185625,0.1328125,-0.9972524823338282,1.1882855810441129e-16,0.010113928228903078,0.005814795564021533,-0.00033039992599335935,1.4788805211172583e-05,0.9999160090757,-4.219113660629213e-09
10,DNS,2,0.185625,0.1484375,-0.9953903276271052,2.3592239273284576e-16,0.01167141095917893,0.007887443036339918,-0.0006299264188008549,4.804619753274297e-05,0.9997442884860837,-4.1511616016606165e-08
10,DNS,2,0.185625,0.1640625,-0.9925805767616744,2.3505503099485736e-16,0.013572222330343262,0.010544465770903406,-0.00114603960070139,0.0001481623376874821,0.9992671592645597,-3.636866909875393e-07
10,DNS,2,0.185625,0.1796875,-0.9885975958161812,-3.716645047280309e-16,0.015952330512115483,0.013951396477209665,-0.0019854717062279814,0.0004319215314844753,0.9980339542588906,-2.8070973617784917e-06
10,DNS,2,0.185625,0.1953125,-0.9833674915075463,8.521829075736065e-17,0.019070545874612314,0.018340303199860894,-0.003260611448107779,0.0011846718426361032,0.9950940987491461,-1.8848407000791095e-05
10,DNS,2,0.185625,0.2109375,-0.9771405916983933,3.1008182133085427e-16,0.023357152716616418,0.02405292387881672,-0.005040401661950749,0.0030400654678517792,0.9886948329995218,-0.00010847679085079613
10,DNS,2,0.185625,0.2265625,-0.9706605453562607,-3.430415673744136e-16,0.029408819209663796,0.03160488689491008,-0.0072643111179430215,0.007250334973635806,0.976121228059522,-0.000526050052893894
10,DNS,2,0.185625,0.2421875,-0.96521443412417,-3.642919299551295e-16,0.03788771744815419,0.04176304274182012,-0.009637370102702651,0.01594360402134589,0.9540875549319667,-0.0021095075115787542
10,DNS,2,0.185625,0.2578125,-0.9624261518772453,-4.475586568020162e-16,0.049333132880539796,0.055612180628114335,-0.011565211868193844,0.03204044217795401,0.9200097990261311,-0.006864920667026215
10,DNS,2,0.185625,0.2734375,-0.9637369678049906,-4.9873299934333204e-17,0.06393757800113711,0.07457571753037842,-0.012213446414506304,0.058334772527786016,0.8737139784856565,-0.017857006204054303
10,DNS,2,0.185625,0.2890625,-0.9697034845771331,1.8604909279851256e-16,0.08131986832284399,0.10035616175812206,-0.010732314937441909,0.09567442069168351,0.8180828423146498,-0.03690719415384053
10,DNS,2,0.185625,0.3046875,-0.9794085482887078,-3.310069232598245e-16,0.10033781617883791,0.13477634699070629,-0.006566635780316988,0.14149726289675368,0.7575352794483893,-0.061154238259009445
10,DNS,2,0.185625,0.3203125,-0.9902586079179694,3.9898639947466563e-16,0.11912105503894188,0.17952803943141454,0.0003306801896366628,0.19069505502485284,0.6956139372699324,-0.08343434319102613
10,DNS,2,0.185625,0.3359375,-0.9982241741597278,9.242823520438925e-16,0.1355256131003262,0.2358643652275055,0.009519218078770417,0.2386560860996983,0.6342091782651895,-0.09779984645489738
10,DNS,2,0.185625,0.3515625,-0.9983638863336923,2.8254308614972246e-16,0.14786890268362757,0.3042894728986207,0.020289616523327073,0.2833720174290629,0.5747811582821121,-0.10372050490680654
10,DNS,2,0.185625,0.3671875,-0.9854309271952183,2.5131806358213993e-16,0.15548445251503484,0.384287467431775,0.03190905084563729,0.3245064432572319,0.5195541134212225,-0.10450859018912154
10,DNS,2,0.185625,0.3828125,-0.954458297991121,4.47124975933022e-16,0.15882783718751062,0.4741113235450656,0.04374635813501669,0.36115980166278083,0.47127193819269175,-0.10324852311574528
10,DNS,2,0.185625,0.3984375,-0.9013104443779059,-6.938893903907228e-17,0.15927484464819436,0.5706593529463908,0.05526154258136452,0.3911318079593492,0.43210620548583967,-0.10092935256368346
10,DNS,2,0.185625,0.4140625,-0.8231965070435474,8.803721640582296e-16,0.15879980104249258,0.6695016918550347,0.06595275454738087,0.41206649888459557,0.40294997222447726,-0.09732081058392761
10,DNS,2,0.185625,0.4296875,-0.7190926177078416,1.2904174256922474e-15,0.1594680998140403,0.7651317055932716,0.07535489781226087,0.4228688855461065,0.38351238931405607,-0.0923279635336221
10,DNS,2,0.185625,0.4453125,-0.589987340257933,-2.875304161431558e-16,0.1626445076310189,0.8514648118321037,0.0830985712852381,0.4241699452104811,0.3728432332284881,-0.08643320350850939
10,DNS,2,0.185625,0.4609375,-0.4388928951160268,1.2706849461530112e-16,0.16819247740464796,0.9225109493495831,0.08896335534463103,0.417933883044162,0.36981093855889224,-0.08052857049585932
10,DNS,2,0.185625,0.4765625,-0.2706329150073816,8.495808223596413e-16,0.17429418238842348,0.9730770397129442,0.09286889465814269,0.4068555877515507,0.3732705243136444,-0.07569118978612972
10,DNS,2,0.185625,0.4921875,-0.0914589742334348,-1.0408340855860843e-17,0.1783079250340696,0.9993612220096556,0.09481395297877164,0.3938940448805329,0.3818977603193857,-0.0729478310427844
10,DNS,2,0.185625,0.5078125,0.0914589742334347,1.214306433183765e-17,0.17830792503406961,0.9993612220096555,0.09481395297877161,0.3818977603193857,0.393894044880533,-0.07294783104278439
10,DNS,2,0.185625,0.5234375,0.2706329150073816,-7.645793720367777e-16,0.17429418238842354,0.9730770397129442,0.0928688946581427,0.3732705243136444,0.4068555877515506,-0.07569118978612968
10,DNS,2,0.185625,0.5390625,0.4388928951160268,3.642919299551295e-17,0.16819247740464804,0.9225109493495827,0.08896335534463097,0.3698109385588923,0.417933883044162,-0.08052857049585929
10,DNS,2,0.185625,0.5546875,0.589987340257933,3.3133218391157016e-16,0.16264450763101895,0.8514648118321035,0.08309857128523804,0.3728432332284882,0.4241699452104811,-0.08643320350850936
10,DNS,2,0.185625,0.5703125,0.7190926177078416,-1.2455314557513475e-15,0.1594680998140404,0.7651317055932718,0.0753548978122609,0.3835123893140561,0.4228688855461064,-0.09232796353362205
10,DNS,2,0.185625,0.5859375,0.8231965070435473,-7.797582024515748e-16,0.15879980104249258,0.6695016918550349,0.06595275454738078,0.4029499722244773,0.41206649888459546,-0.09732081058392758
10,DNS,2,0.185625,0.6015625,0.9013104443779059,1.734723475976807e-16,0.15927484464819436,0.5706593529463908,0.055261542581364474,0.4321062054858398,0.3911318079593491,-0.10092935256368342
10,DNS,2,0.185625,0.6171875,0.9544582979911211,-4.0202216555762504e-16,0.1588278371875106,0.4741113235450657,0.04374635813501673,0.47127193819269186,0.36115980166278083,-0.10324852311574527
10,DNS,2,0.185625,0.6328125,0.9854309271952183,-2.8449465006019636e-16,0.15548445251503495,0.384287467431775,0.03190905084563734,0.5195541134212225,0.3245064432572319,-0.10450859018912154
10,DNS,2,0.185625,0.6484375,0.9983638863336923,-2.749536709423239e-16,0.14786890268362768,0.30428947289862074,0.020289616523327097,0.5747811582821121,0.2833720174290629,-0.10372050490680654
10,DNS,2,0.185625,0.6640625,0.9982241741597279,-9.252581339991295e-16,0.13552561310032635,0.23586436522750553,0.00951921807877042,0.6342091782651895,0.2386560860996983,-0.0977998464548974
10,DNS,2,0.185625,0.6796875,0.9902586079179694,-4.1362312880321994e-16,0.11912105503894196,0.17952803943141452,0.00033068018963663243,0.6956139372699324,0.19069505502485284,-0.08343434319102613
10,DNS,2,0.185625,0.6953125,0.9794085482887076,3.1626177371402164e-16,0.10033781617883794,0.13477634699070629,-0.006566635780317007,0.7575352794483894,0.14149726289675368,-0.06115423825900945
10,DNS,2,0.185625,0.7109375,0.9697034845771328,-2.2041830166630305e-16,0.08131986832284399,0.10035616175812206,-0.010732314937441916,0.8180828423146498,0.09567442069168353,-0.036907194153840556
10,DNS,2,0.185625,0.7265625,0.9637369678049905,-4.119968255444917e-18,0.0639375780011371,0.0745757175303784,-0.01221344641450631,0.8737139784856564,0.05833477252778604,-0.01785700620405431
10,DNS,2,0.185625,0.7421875,0.9624261518772451,4.3507677929127686e-16,0.04933313288053977,0.055612180628114335,-0.011565211868193847,0.9200097990261311,0.032040442177954015,-0.0068649206670262225
10,DNS,2,0.185625,0.7578125,0.9652144341241697,3.6412929962925666e-16,0.03788771744815416,0.04176304274182011,-0.009637370102702646,0.954087554931967,0.015943604021345897,-0.002109507511578758
10,DNS,2,0.185625,0.7734375,0.9706605453562605,3.3881317890172014e-16,0.029408819209663796,0.03160488689491008,-0.007264311117943024,0.9761212280595221,0.007250334973635808,-0.0005260500528938952
10,DNS,2,0.185625,0.7890625,0.9771405916983931,-3.097565606791086e-16,0.023357152716616425,0.024052923878816735,-0.005040401661950749,0.9886948329995217,0.003040065467851779,-0.00010847679085079643
10,DNS,2,0.185625,0.8046875,0.9833674915075461,-8.058332646998512e-17,0.019070545874612304,0.0183403031998609,-0.00326061144810778,0.9950940987491459,0.001184671842636102,-1.8848407000791122e-05
10,DNS,2,0.185625,0.8203125,0.9885975958161812,3.7135279660344134e-16,0.01595233051211548,0.013951396477209669,-0.001985471706227982,0.9980339542588906,0.0004319215314844732,-2.807097361778478e-06
10,DNS,2,0.185625,0.8359375,0.9925805767616742,-2.362205483302793e-16,0.013572222330343275,0.01054446577090341,-0.0011460396007013896,0.9992671592645597,0.00014816233768747984,-3.6368669098752994e-07
10,DNS,2,0.185625,0.8515625,0.9953903276271052,-2.3310346708438345e-16,0.011671410959178945,0.007887443036339918,-0.0006299264188008546,0.9997442884860837,4.804619753274078e-05,-4.151161601660349e-08
10,DNS,2,0.185625,0.8671875,0.9972524823338282,-1.1373280789372942e-16,0.010113928228903092,0.005814795564021533,-0.000330399925993368,0.9999160090757001,1.4788805211170628e-05,-4.219113660630203e-09
10,DNS,2,0.185625,0.8828125,0.9984233856122324,-4.1246099959958704e-16,0.008831495678339938,0.004202596887702281,-0.0001652498726617371,0.9999739067992927,4.335923450497701e-06,-3.853020640905191e-10
10,DNS,2,0.185625,0.8984375,0.9991267989748147,2.5863304011462807e-16,0.007785336253460073,0.002955306058114127,-7.847026075769446e-05,0.9999923014924088,1.2145747093620331e-06,-3.185922710600308e-11
10,DNS,2,0.185625,0.9140625,0.9995324942003286,-6.633284416537877e-17,0.006946984418266228,0.0019986896411390643,-3.502749675961391e-05,0.9999978353418373,3.259205411872877e-07,-2.4008334569863828e-12
10,DNS,2,0.185625,0.9296875,0.9997578412910897,-5.09954491828557e-16,0.006291491540961639,0.001275534521299505,-1.4404218825726107e-05,0.9999994181817422,8.397569905210749e-08,-1.6581534201414814e-13
10,DNS,2,0.185625,0.9453125,0.9998785282144306,-1.506431156032828e-16,0.005796416469888069,0.0007425815227719954,-5.232042418915179e-06,0.9999998501177223,2.0818455356268074e-08,-1.0547709495028582e-14
10,DNS,2,0.185625,0.9609375,0.9999406277356688,6.722731095767931e-17,0.005442629423459192,0.00036810585686344606,-1.521053381099605e-06,0.9999999628911127,4.976959935384379e-09,-6.211278663102198e-16
10,DNS,2,0.185625,0.9765625,0.9999706450289098,-1.5963860550312348e-16,0.005215222642772244,0.00012999488786412207,-2.625013065926538e-07,0.999999991068909,1.159251418924588e-09,-3.4597079134660675e-17
10,DNS,2,0.185625,0.9921875,0.9999826484288024,-1.4587559065966198e-16,0.0051040695510549084,1.4305683489853839e-05,-3.3370980539451298e-18,0.999999997520536,3.1129949558036726e-10,-2.557977860887219e-18
10,DNS,3,0.27875,0.0078125,-0.9998488833035921,1.7261176212327034e-16,0.00854054830296063,2.2289580303685712e-05,-3.500787171002023e-18,2.567079011344741e-07,0.9999966264084122,-2.2873106387858085e-12
10,DNS,3,0.27875,0.0234375,-0.9997808589698499,2.058899925549973e-16,0.008698580634795647,0.00020207329592081123,-7.352317327830266e-07,6.252391658560298e-07,0.9999922698024197,-1.2836284567858841e-11
10,DNS,3,0.27875,0.0390625,-0.9996240932906191,-8.180305391403131e-17,0.009016612996174261,0.000569490243328084,-4.112671672089703e-06,1.8260144929840151e-06,0.9999787844893134,-1.0334068865097593e-10
10,DNS,3,0.27875,0.0546875,-0.9993346034881045,1.5135462327897642e-16,0.009497764852285975,0.001140348333095508,-1.3455004692760089e-05,5.279659495715916e-06,0.999942465557452,-8.123511742521418e-10
10,DNS,3,0.27875,0.0703125,-0.9988411101072411,6.187541798374774e-16,0.01014488617081315,0.0019385847960442753,-3.476659572471285e-05,1.476510821548856e-05,0.999849869315469,-5.933160751575667e-09
10,DNS,3,0.27875,0.0859375,-0.9980420544179194,8.402566836762659e-17,0.010959155864626896,0.002996440483247575,-7.833951271227105e-05,3.979411612934523e-05,0.9996249330865428,-3.9911020650351763e-08
10,DNS,3,0.27875,0.1015625,-0.9968082368641706,-3.5214886562329184e-16,0.011940055528111027,0.00435465530380222,-0.0001604379239616547,0.00010317553331342291,0.9991054361574085,-2.460479387615044e-07
10,DNS,3,0.27875,0.1171875,-0.9949979147063797,5.002508823848117e-16,0.013088941272484597,0.006062941199268737,-0.00030417302884185184,0.00025688911629525316,0.9979689067528974,-1.3831286804321151e-06
10,DNS,3,0.27875,0.1328125,-0.9924923820222156,1.2609271266006417e-16,0.014418691487472397,0.008181446123452361,-0.0005376827170815325,0.0006130030107769225,0.995623839776227,-7.048885570851006e-06
10,DNS,3,0.27875,0.1484375,-0.98925768076774,2.6150956400350367e-16,0.015970265308826365,0.010784535849088582,-0.0008865709686889909,0.0013986189919351051,0.9910833822282363,-3.235141162198881e-05
10,DNS,3,0.27875,0.1640625,-0.9854290992361361,2.7582103268031233e-16,0.017832737750867717,0.013968679119772934,-0.0013570235840874947,0.003042097501127863,0.982882016706978,-0.00013267383855650828
10,DNS,3,0.27875,0.1796875,-0.981398052432043,-4.445228907190568e-16,0.02015854603699734,0.01786596137564087,-0.0019076136427055763,0.00628395901096689,0.9691506927168333,-0.00048176970684218586
10,DNS,3,0.27875,0.1953125,-0.9778596911394746,1.3032110113275763e-16,0.023165675160874113,0.022663297615582837,-0.002413266707239397,0.012267819253760283,0.9479830056812071,-0.0015331566415135282
10,DNS,3,0.27875,0.2109375,-0.9757662877199544,3.885780586188048e-16,0.027125622140514193,0.028624988809695127,-0.0026343252787335374,0.02250132789327825,0.9181181438049479,-0.0042300474137862264
10,DNS,3,0.27875,0.2265625,-0.9761435980979686,-3.7339922820400773e-16,0.032338482125656806,0.03611388018674307,-0.002213128242173188,0.038526550099282936,0.8796945571927265,-0.010020777978231515
10,DNS,3,0.27875,0.2421875,-0.9797753704157559,-4.158999533654395e-16,0.03907492945899159,0.04560458488855482,-0.0007211865272585708,0.061223706905893,0.8345550473913868,-0.020255740001616424
10,DNS,3,0.27875,0.2578125,-0.9868314051773337,-5.077318773749617e-16,0.04743227929327978,0.05767977781626438,0.0022365324572838127,0.08999637938954749,0.7856865090360139,-0.034928162189230845
10,DNS,3,0.27875,0.2734375,-0.9965661346308554,-3.903127820947816e-18,0.05707864252719652,0.07299630661905052,0.006884992880087241,0.12245635624269123,0.7360121278997465,-0.05174302347564361
10,DNS,3,0.27875,0.2890625,-1.00720460040902,2.5435382966509934e-16,0.06699477432165804,0.09220570900251784,0.013161922362492058,0.15510337632233542,0.6873697808837694,-0.06675165167735293
10,DNS,3,0.27875,0.3046875,-1.0160568909760561,-3.7399553939887475e-16,0.07547041011453437,0.11582244878048238,0.020671182658650956,0.184719697221928,0.6403550719977442,-0.07631109096462663
10,DNS,3,0.27875,0.3203125,-1.0198089023920667,4.710316338363274e-16,0.08057629872137509,0.14405620163295987,0.028726096052162597,0.20956131994716076,0.5949307448080825,-0.07877990435697442
10,DNS,3,0.27875,0.3359375,-1.0148885096481508,1.1049646440886018e-15,0.08106388120936367,0.1766510591628403,0.036463692529186784,0.2296805740367509,0.5511713633775615,-0.07491657487818751
10,DNS,3,0.27875,0.3515625,-0.9978221272928054,2.8341044788771086e-16,0.07733261828827273,0.21278690935037148,0.042992871553185076,0.246454115211521,0.5096101926341516,-0.067186629748051
10,DNS,3,0.27875,0.3671875,-0.965544943051152,2.5738959574805875e-16,0.07197783179292523,0.2510880456985272,0.04754498973210616,0.26177022960151364,0.4710800820625124,-0.058596431820509325
10,DNS,3,0.27875,0.3828125,-0.9156631702730302,5.219349258345218e-16,0.0695424175023298,0.2897567545895832,0.04960716234063563,0.2772165897545942,0.43631194553007346,-0.05152337246405221
10,DNS,3,0.27875,0.3984375,-0.8466696116390355,-1.704365815147213e-16,0.07535794045145668,0.3268154058530525,0.04902263222121251,0.2934240932628488,0.4056820391813066,-0.04693860425729854
10,DNS,3,0.27875,0.4140625,-0.7580983752781162,1.0219689677848365e-15,0.0936913263424117,0.36040664485646234,0.04603960490688492,0.30971039054721095,0.37933363004931003,-0.04434657402382358
10,DNS,3,0.27875,0.4296875,-0.6505960502638628,1.521786169300654e-15,0.12575503929921855,0.389074777078244,0.04128972634362839,0.32421367078314717,0.35755279551013364,-0.042441826252340845
10,DNS,3,0.27875,0.4453125,-0.5258978703206574,-4.16984155537925e-16,0.1683759614681658,0.41194434086508736,0.03568897078761797,0.33461322586795383,0.34101814545466286,-0.04007025965263466
10,DNS,3,0.27875,0.4609375,-0.3867193368115724,3.144186300207963e-18,0.2140678489717381,0.4287360391356049,0.030276938509931538,0.3392537536349185,0.3305953146649804,-0.03694404363809639
10,DNS,3,0.27875,0.4765625,-0.23658755300541512,9.36967517461973e-16,0.2528051312052999,0.4396143217968873,0.026032340596841105,0.3381709967084607,0.326675713417456,-0.033762144836253324
10,DNS,3,0.27875,0.4921875,-0.07963447920559805,-4.0115480381963664e-17,0.27506944646906384,0.4449248317912248,0.023706993092741685,0.33341836694665017,0.3284185742173354,-0.03172161641776714
10,DNS,3,0.27875,0.5078125,0.07963447920559807,-1.8431436932253575e-17,0.27506944646906384,0.44492483179122466,0.023706993092741664,0.3284185742173352,0.3334183669466504,-0.03172161641776712
10,DNS,3,0.27875,0.5234375,0.2365875530054151,-8.487134606216529e-16,0.2528051312053,0.4396143217968872,0.026032340596841043,0.32667571341745577,0.33817099670846074,-0.03376214483625326
10,DNS,3,0.27875,0.5390625,0.38671933681157233,1.5612511283791264e-16,0.21406784897173822,0.42873603913560465,0.030276938509931437,0.33059531466498027,0.33925375363491855,-0.03694404363809633
10,DNS,3,0.27875,0.5546875,0.5258978703206574,4.623038063478191e-16,0.16837596146816589,0.4119443408650872,0.03568897078761788,0.3410181454546628,0.33461322586795383,-0.0400702596526346
10,DNS,3,0.27875,0.5703125,0.6505960502638627,-1.502270530195915e-15,0.12575503929921866,0.389074777078244,0.04128972634362835,0.35755279551013364,0.3242136707831471,-0.042441826252340796
10,DNS,3,0.27875,0.5859375,0.7580983752781161,-9.298117831235686e-16,0.0936913263424117,0.36040664485646234,0.046039604906884815,0.37933363004931003,0.30971039054721083,-0.04434657402382354
10,DNS,3,0.27875,0.6015625,0.8466696116390354,3.135512682828079e-16,0.0753579404514566,0.3268154058530528,0.04902263222121242,0.4056820391813066,0.2934240932628487,-0.04693860425729849
10,DNS,3,0.27875,0.6171875,0.9156631702730301,-4.497270611469872e-16,0.0695424175023298,0.2897567545895834,0.04960716234063567,0.4363119455300736,0.2772165897545941,-0.05152337246405218
10,DNS,3,0.27875,0.6328125,0.965544943051152,-2.7885679876327174e-16,0.07197783179292529,0.2510880456985272,0.04754498973210618,0.4710800820625124,0.26177022960151347,-0.05859643182050929
10,DNS,3,0.27875,0.6484375,0.9978221272928054,-2.727852665973529e-16,0.07733261828827276,0.21278690935037148,0.0429928715531851,0.5096101926341516,0.24645411521152086,-0.06718662974805095
10,DNS,3,0.27875,0.6640625,1.0148885096481508,-1.1015494072452725e-15,0.08106388120936382,0.1766510591628403,0.03646369252918681,0.5511713633775615,0.22968057403675085,-0.07491657487818748
10,DNS,3,0.27875,0.6796875,1.0198089023920667,-4.913604245704306e-16,0.0805762987213752,0.14405620163295985,0.028726096052162593,0.5949307448080825,0.2095613199471607,-0.07877990435697438
10,DNS,3,0.27875,0.6953125,1.016056890976056,3.4705311541260997e-16,0.07547041011453443,0.11582244878048231,0.020671182658650932,0.6403550719977442,0.1847196972219279,-0.0763110909646266
10,DNS,3,0.27875,0.7109375,1.0072046004090198,-2.738423637155263e-16,0.06699477432165803,0.09220570900251779,0.013161922362492057,0.6873697808837694,0.15510337632233534,-0.06675165167735289
10,DNS,3,0.27875,0.7265625,0.9965661346308553,-3.8407861960298995e-17,0.057078642527196494,0.07299630661905049,0.006884992880087246,0.7360121278997465,0.12245635624269118,-0.05174302347564358
10,DNS,3,0.27875,0.7421875,0.9868314051773335,5.014977148831701e-16,0.04743227929327973,0.05767977781626436,0.002236532457283808,0.7856865090360139,0.08999637938954745,-0.03492816218923083
10,DNS,3,0.27875,0.7578125,0.9797753704157557,4.142872026338673e-16,0.03907492945899156,0.045604584888554824,-0.0007211865272585726,0.8345550473913869,0.061223706905892974,-0.02025574000161642
10,DNS,3,0.27875,0.7734375,0.9761435980979685,3.6922504983993854e-16,0.032338482125656806,0.03611388018674307,-0.002213128242173185,0.8796945571927264,0.03852655009928293,-0.010020777978231515
10,DNS,3,0.27875,0.7890625,0.9757662877199542,-3.846613782707009e-16,0.027125622140514203,0.028624988809695134,-0.0026343252787335326,0.9181181438049479,0.02250132789327825,-0.004230047413786228
10,DNS,3,0.27875,0.8046875,0.9778596911394745,-1.2403611666413072e-16,0.02316567516087411,0.02266329761558284,-0.0024132667072393923,0.9479830056812071,0.012267819253760285,-0.0015331566415135295
10,DNS,3,0.27875,0.8203125,0.9813980524320429,4.416226499076581e-16,0.02015854603699733,0.017865961375640872,-0.0019076136427055718,0.9691506927168333,0.006283959010966891,-0.0004817697068421865
10,DNS,3,0.27875,0.8359375,0.9854290992361361,-2.8097099299961847e-16,0.017832737750867727,0.013968679119772936,-0.0013570235840874969,0.982882016706978,0.003042097501127863,-0.0001326738385565085
10,DNS,3,0.27875,0.8515625,0.98925768076774,-2.508166200773654e-16,0.015970265308826375,0.010784535849088582,-0.000886570968688997,0.9910833822282363,0.0013986189919351054,-3.2351411621988904e-05
10,DNS,3,0.27875,0.8671875,0.9924923820222156,-1.1308228659023811e-16,0.014418691487472397,0.008181446123452358,-0.0005376827170815465,0.9956238397762271,0.0006130030107769223,-7.0488855708510745e-06
10,DNS,3,0.27875,0.8828125,0.9949979147063798,-4.898764228468411e-16,0.013088941272484585,0.006062941199268736,-0.000304173028841863,0.9979689067528974,0.0002568891162952528,-1.3831286804321598e-06
10,DNS,3,0.27875,0.8984375,0.9968082368641706,3.5354477592036693e-16,0.011940055528111015,0.004354655303802222,-0.00016043792396166134,0.9991054361574085,0.00010317553331342248,-2.460479387615113e-07
10,DNS,3,0.27875,0.9140625,0.9980420544179195,-8.268396817917578e-17,0.010959155864626896,0.0029964404832475778,-7.833951271227658e-05,0.9996249330865429,3.979411612934482e-05,-3.991102065035369e-08
10,DNS,3,0.27875,0.9296875,0.998841110107241,-6.179071468902231e-16,0.010144886170813138,0.0019385847960442775,-3.476659572471603e-05,0.9998498693154689,1.4765108215488223e-05,-5.933160751575895e-09
10,DNS,3,0.27875,0.9453125,0.9993346034881043,-1.548579515488202e-16,0.00949776485228597,0.0011403483330955095,-1.3455004692763182e-05,0.999942465557452,5.279659495715652e-06,-8.123511742520961e-10
10,DNS,3,0.27875,0.9609375,0.999624093290619,7.753061972808062e-17,0.009016612996174251,0.0005694902433280851,-4.112671672090175e-06,0.9999787844893134,1.826014492983811e-06,-1.0334068865081493e-10
10,DNS,3,0.27875,0.9765625,0.9997808589698498,-2.0903841401994153e-16,0.008698580634795644,0.00020207329592081171,-7.352317327825536e-07,0.9999922698024196,6.252391658558667e-07,-1.2836284567769531e-11
10,DNS,3,0.27875,0.9921875,0.9998488833035921,-1.6872049276358408e-16,0.00854054830296062,2.2289580303685756e-05,-3.602960520264573e-18,0.9999966264084122,2.567079011343322e-07,-2.2873106387340778e-12
10,DNS,4,0.37125,0.0078125,-0.9993916056983172,1.782767184745071e-16,0.010893316920309332,2.7189477795329566e-05,-2.6588364214312488e-18,7.3457282330877815e-06,0.9998535819940705,-2.3100831924463063e-09
10,DNS,4,0.37125,0.0234375,-0.9992160641245745,2.3242584072658e-16,0.011055945772522712,0.0002460046818464611,-9.337434604493363e-07,1.3686098963423821e-05,0.9997490505893747,-7.396661998976008e-09
10,DNS,4,0.37125,0.0390625,-0.9988396263278052,-9.017851569648183e-17,0.011379680631999806,0.000690529083354284,-4.998531426018353e-06,3.092812741304352e-05,0.9994830132187004,-3.45215708786045e-08
10,DNS,4,0.37125,0.0546875,-0.9982152391626646,1.3961813476182083e-16,0.011861784814684195,0.0013743898044672705,-1.5306450869431104e-05,7.073175242279652e-05,0.9989224301867665,-1.6462491100133088e-07
10,DNS,4,0.37125,0.0703125,-0.9972831460217662,6.74807432154978e-16,0.012499480173123613,0.0023176917178296787,-3.616813050057193e-05,0.00015783140540284634,0.9978199779444838,-7.417950983470652e-07
10,DNS,4,0.37125,0.0859375,-0.9959880133496972,9.432558900623889e-17,0.013292941862108922,0.003546843370474723,-7.26289772951918e-05,0.00034127506559516107,0.9957593792561824,-3.106673479728318e-06
10,DNS,4,0.37125,0.1015625,-0.994306779289339,-4.189357194483989e-16,0.014251097580368256,0.005094811601262539,-0.0001285051434859434,0.0007135330932499436,0.9920949057453223,-1.202188280028286e-05
10,DNS,4,0.37125,0.1171875,-0.992287427869674,5.367884955975732e-16,0.015400623939681581,0.007002354386465315,-0.00020192207681920046,0.0014400988502254026,0.9859097732315245,-4.2789372954088016e-05
10,DNS,4,0.37125,0.1328125,-0.9900937050854886,1.1861171766991419e-16,0.01679741669606679,0.009320917676331267,-0.00027745946060588804,0.0027999883178938074,0.97603490149503,-0.00013939529525670125
10,DNS,4,0.37125,0.1484375,-0.9880432253977807,2.649790109554573e-16,0.01853884693238918,0.012117820753975802,-0.00031483337109000674,0.005230591982115231,0.9611775650608042,-0.0004132960421115216
10,DNS,4,0.37125,0.1640625,-0.9866187647679121,3.01950305037213e-16,0.020775051452367382,0.01548401842674908,-0.00023587867388990928,0.009356114473365196,0.9401896644888572,-0.0011082495170119597
10,DNS,4,0.37125,0.1796875,-0.9864291410383116,-4.684837587309865e-16,0.02371736091813118,0.019544172682173736,8.576143363437532e-05,0.01595909122222757,0.912441437732034,-0.0026700631996525942
10,DNS,4,0.37125,0.1953125,-0.9881019368063553,1.8062808193608504e-16,0.027637598316105537,0.024468087242967923,0.0008253944303160673,0.025843203255108155,0.8781700293110726,-0.005745036257249492
10,DNS,4,0.37125,0.2109375,-0.9921079238891822,4.391018798566293e-16,0.032839325161572404,0.030481564541218968,0.002191166098514298,0.039562325048650815,0.8386061271317136,-0.010991898294408593
10,DNS,4,0.37125,0.2265625,-0.998542991647347,-3.7112240364178817e-16,0.03956686923647875,0.03787274796553183,0.00438683447134185,0.057077847508259866,0.7957366693435035,-0.018674758841331296
10,DNS,4,0.37125,0.2421875,-1.0069176468957084,-4.0310636773011055e-16,0.047822241252792407,0.04698642574644525,0.007555773336013238,0.07751651300140933,0.7517600965293083,-0.02823850987516857
10,DNS,4,0.37125,0.2578125,-1.0160144538656337,-5.058887336817364e-16,0.05710906884037764,0.05819462335430434,0.011716098658626026,0.09922209838406768,0.7085021431979631,-0.03822886019445269
10,DNS,4,0.37125,0.2734375,-1.0238633574847318,3.209238430557093e-17,0.06621179104111133,0.07183077028926281,0.016701460848135827,0.12014958409000479,0.667087912247655,-0.04672604470439852
10,DNS,4,0.37125,0.2890625,-1.0278576820057355,3.0075768264747893e-16,0.07319361755798202,0.08808166163410033,0.022121691852331794,0.13843798148158976,0.627971342371965,-0.05205396348968768
10,DNS,4,0.37125,0.3046875,-1.0250016095416625,-3.467278547608643e-16,0.07578288414381967,0.10684847693365863,0.02735398020723353,0.15291305408207767,0.5911853616429728,-0.05335546361325794
10,DNS,4,0.37125,0.3203125,-1.0122537655062662,4.735795089416683e-16,0.07217743354907426,0.12761116897617322,0.03157241728710599,0.16336279696214528,0.5565846585211418,-0.05080056447620049
10,DNS,4,0.37125,0.3359375,-0.9869142257668959,1.1761425167122752e-15,0.062070453122607866,0.14934934737673042,0.03382252329197051,0.1705563701240761,0.5239345890196474,-0.04542337044801349
10,DNS,4,0.37125,0.3515625,-0.9469919966491143,2.8666305440516737e-16,0.04749544437905964,0.1705751516209043,0.03314367246196537,0.17602588703167243,0.4928623988631557,-0.03868783235355582
10,DNS,4,0.37125,0.3671875,-0.8914872898000996,2.5153490401663703e-16,0.033027476304663905,0.1895118177781968,0.028731829544956657,0.1816398661481153,0.4628213669704386,-0.03195046385408598
10,DNS,4,0.37125,0.3828125,-0.8205322279470924,5.842765507524383e-16,0.025035762643664028,0.20440821944030796,0.020119747083145713,0.18905041132965467,0.4332317074475392,-0.026060255239207148
10,DNS,4,0.37125,0.3984375,-0.7353574616605708,-2.822178254979768e-16,0.030020324942814685,0.21392861109410677,0.007340351944189421,0.1991764009369696,0.4038184099348908,-0.02127948113105401
10,DNS,4,0.37125,0.4140625,-0.6380856302563626,1.0166563771396575e-15,0.05244015163064694,0.2175178139539644,-0.00896193718013686,0.21190781715102705,0.37495926987513994,-0.017488486836428736
10,DNS,4,0.37125,0.4296875,-0.5313864490990039,1.6530830523886486e-15,0.09269742080217369,0.21563077687590287,-0.027500875672735528,0.2261558528451631,0.34777128532217383,-0.014466032560915108
10,DNS,4,0.37125,0.4453125,-0.4180566882828786,-4.137315490204685e-16,0.14600872055129815,0.20973715160422074,-0.04642289480372311,0.24027075159032307,0.3237895682420565,-0.012072257640662006
10,DNS,4,0.37125,0.4609375,-0.30061062129269567,3.5887091909270197e-17,0.20276588127359824,0.20206248403585653,-0.06350720021791162,0.25272531185141656,0.30432819745268164,-0.010286245744744349
10,DNS,4,0.37125,0.4765625,-0.1809792906892813,9.729630295884917e-16,0.250642047765961,0.195098915958055,-0.07649709008664185,0.26282549157790847,0.28980417620014765,-0.009130166920677538
10,DNS,4,0.37125,0.4921875,-0.06040766628412733,-5.139118297581291e-17,0.27808570385280745,0.19099535154619313,-0.08352443449494823,0.27113443161456036,0.27937496331764733,-0.008579839837998034
10,DNS,4,0.37125,0.5078125,0.06040766628412737,2.1250362580715887e-17,0.2780857038528075,0.19099535154619313,-0.08352443449494826,0.2793749633176471,0.2711344316145606,-0.008579839837998017
10,DNS,4,0.37125,0.5234375,0.18097929068928129,-8.925152283900673e-16,0.250642047765961,0.19509891595805498,-0.07649709008664186,0.2898041762001474,0.2628254915779086,-0.009130166920677495
10,DNS,4,0.37125,0.5390625,0.30061062129269567,1.205632815803881e-16,0.20276588127359835,0.20206248403585642,-0.06350720021791167,0.30432819745268147,0.25272531185141667,-0.010286245744744316
10,DNS,4,0.37125,0.5546875,0.41805668828287856,4.881078180529741e-16,0.14600872055129827,0.20973715160422068,-0.04642289480372319,0.3237895682420564,0.24027075159032318,-0.012072257640661978
10,DNS,4,0.37125,0.5703125,0.5313864490990037,-1.5985476831126277e-15,0.09269742080217377,0.2156307768759029,-0.02750087567273557,0.3477712853221737,0.2261558528451631,-0.014466032560915085
10,DNS,4,0.37125,0.5859375,0.6380856302563624,-9.48026379621325e-16,0.05244015163064697,0.21751781395396452,-0.00896193718013694,0.37495926987513994,0.21190781715102697,-0.017488486836428712
10,DNS,4,0.37125,0.6015625,0.7353574616605707,4.292356400870112e-16,0.03002032494281466,0.21392861109410694,0.007340351944189354,0.4038184099348908,0.19917640093696948,-0.021279481131053987
10,DNS,4,0.37125,0.6171875,0.8205322279470924,-4.8908360000821105e-16,0.025035762643664014,0.20440821944030801,0.020119747083145713,0.4332317074475393,0.18905041132965464,-0.026060255239207134
10,DNS,4,0.37125,0.6328125,0.8914872898000995,-2.7820627745978044e-16,0.03302747630466391,0.18951181777819684,0.028731829544956646,0.4628213669704387,0.1816398661481152,-0.031950463854085946
10,DNS,4,0.37125,0.6484375,0.9469919966491143,-2.5348646792711094e-16,0.04749544437905967,0.1705751516209043,0.03314367246196536,0.49286239886315575,0.17602588703167235,-0.03868783235355579
10,DNS,4,0.37125,0.6640625,0.9869142257668961,-1.1348886240492018e-15,0.06207045312260796,0.14934934737673042,0.03382252329197051,0.5239345890196476,0.17055637012407604,-0.045423370448013464
10,DNS,4,0.37125,0.6796875,1.0122537655062662,-4.836490366186275e-16,0.07217743354907438,0.1276111689761732,0.031572417287105956,0.5565846585211419,0.16336279696214523,-0.050800564476200454
10,DNS,4,0.37125,0.6953125,1.0250016095416625,3.3903001933621724e-16,0.0757828841438197,0.10684847693365859,0.027353980207233484,0.5911853616429729,0.15291305408207756,-0.053355463613257895
10,DNS,4,0.37125,0.7109375,1.0278576820057355,-3.253148618542756e-16,0.07319361755798198,0.0880816616341003,0.022121691852331784,0.6279713423719651,0.13843798148158964,-0.05205396348968763
10,DNS,4,0.37125,0.7265625,1.0238633574847316,-5.757113535898029e-17,0.06621179104111129,0.07183077028926277,0.01670146084813584,0.6670879122476551,0.12014958409000469,-0.046726044704398464
10,DNS,4,0.37125,0.7421875,1.0160144538656335,5.012164999446816e-16,0.057109068840377586,0.0581946233543043,0.011716098658626013,0.7085021431979631,0.0992220983840676,-0.038228860194452666
10,DNS,4,0.37125,0.7578125,1.0069176468957084,3.9841719333411074e-16,0.04782224125279238,0.04698642574644525,0.00755577333601323,0.7517600965293083,0.07751651300140927,-0.02823850987516855
10,DNS,4,0.37125,0.7734375,0.9985429916473466,3.777631419482619e-16,0.039566869236478765,0.03787274796553183,0.004386834471341849,0.7957366693435036,0.057077847508259845,-0.018674758841331282
10,DNS,4,0.37125,0.7890625,0.9921079238891821,-4.3129562421473366e-16,0.03283932516157241,0.030481564541218965,0.0021911660985142896,0.8386061271317136,0.0395623250486508,-0.010991898294408588
10,DNS,4,0.37125,0.8046875,0.9881019368063553,-1.5989271538729977e-16,0.027637598316105537,0.02446808724296792,0.0008253944303160558,0.8781700293110727,0.025843203255108145,-0.005745036257249489
10,DNS,4,0.37125,0.8203125,0.9864291410383115,4.768931018313272e-16,0.02371736091813118,0.019544172682173733,8.576143363437557e-05,0.912441437732034,0.015959091222227564,-0.0026700631996525934
10,DNS,4,0.37125,0.8359375,0.9866187647679119,-3.0008175035557e-16,0.020775051452367396,0.015484018426749077,-0.00023587867388990766,0.9401896644888574,0.009356114473365196,-0.0011082495170119595
10,DNS,4,0.37125,0.8515625,0.9880432253977806,-2.588752915375428e-16,0.0185388469323892,0.012117820753975796,-0.00031483337109001493,0.9611775650608042,0.005230591982115229,-0.00041329604211152126
10,DNS,4,0.37125,0.8671875,0.9900937050854884,-1.12865446155741e-16,0.01679741669606679,0.00932091767633126,-0.00027745946060589834,0.97603490149503,0.0027999883178938065,-0.00013939529525670117
10,DNS,4,0.37125,0.8828125,0.992287427869674,-5.257228571746431e-16,0.015400623939681574,0.0070023543864653134,-0.00020192207681921044,0.9859097732315245,0.0014400988502254024,-4.278937295408807e-05
10,DNS,4,0.37125,0.8984375,0.994306779289339,4.1354181364028353e-16,0.01425109758036825,0.005094811601262539,-0.00012850514348595093,0.9920949057453224,0.0007135330932499435,-1.2021882800282886e-05
10,DNS,4,0.37125,0.9140625,0.9959880133496971,-8.555710393626237e-17,0.01329294186210892,0.0035468433704747234,-7.262897729519774e-05,0.9957593792561823,0.00034127506559516096,-3.1066734797283216e-06
10,DNS,4,0.37125,0.9296875,0.9972831460217662,-6.663777602639032e-16,0.01249948017312361,0.0023176917178296787,-3.616813050057657e-05,0.997819977944484,0.0001578314054028462,-7.417950983470654e-07
10,DNS,4,0.37125,0.9453125,0.9982152391626645,-1.4198982701413287e-16,0.011861784814684187,0.0013743898044672712,-1.530645086943603e-05,0.9989224301867665,7.07317524227964e-05,-1.6462491100132918e-07
10,DNS,4,0.37125,0.9609375,0.9988396263278052,8.324300992436362e-17,0.011379680631999796,0.0006905290833542849,-4.9985314260197655e-06,0.9994830132187004,3.092812741304342e-05,-3.452157087860358e-08
10,DNS,4,0.37125,0.9765625,0.9992160641245744,-2.3615956195807697e-16,0.01105594577252271,0.0002460046818464614,-9.337434604497226e-07,0.9997490505893747,1.368609896342373e-05,-7.396661998974734e-09
10,DNS,4,0.37125,0.9921875,0.9993916056983172,-1.7418893747105785e-16,0.010893316920309329,2.7189477795329573e-05,-3.0530243792597188e-18,0.9998535819940705,7.345728233087695e-06,-2.310083192446032e-09
10,DNS,5,0.464375,0.0078125,-0.998563858622775,1.7968956943052727e-16,0.011846092738999404,2.8949030356662022e-05,-1.3421237049244389e-18,4.294420429125124e-05,0.9987221433797995,-9.811205067475465e-08
10,DNS,5,0.464375,0.0234375,-0.9983245453836794,2.542047518663826e-16,0.012000018262268177,0.0002616778841774508,2.951984105649008e-07,6.71695183486628e-05,0.9981846940323958,-2.1761005494647772e-07
10,DNS,5,0.464375,0.0390625,-0.9978447479631164,-9.46237446036724e-17,0.01231067211839826,0.0007332159155348991,1.6830180506684503e-06,0.00012647705535321426,0.9969615333554442,-6.846017317185565e-07
10,DNS,5,0.464375,0.0546875,-0.9971300260597049,1.210782776123187e-16,0.012785466884321466,0.0014558434402781608,5.743088498083423e-06,0.00024594178909794655,0.9947452409435378,-2.294438830140112e-06
10,DNS,5,0.464375,0.0703125,-0.9962079294153875,7.086345399365257e-16,0.013440171671819531,0.0024484217016917486,1.5904758017804215e-05,0.000471940474957195,0.9910546433904381,-7.450263325084777e-06
10,DNS,5,0.464375,0.0859375,-0.995148943097151,9.69276742202041e-17,0.014304732275878168,0.003737307400566453,3.934001577961598e-05,0.0008834166873580956,0.9852307107101244,-2.28170328161466e-05
10,DNS,5,0.464375,0.1015625,-0.9940893856760668,-4.758563335038879e-16,0.015431119855780173,0.005358171251717855,8.994026396763011e-05,0.0016072300460592988,0.9764624379201631,-6.53156551229794e-05
10,DNS,5,0.464375,0.1171875,-0.9932496571607432,5.540273101400928e-16,0.0169028512164233,0.007359123149978298,0.00019239130566689775,0.0028357163187428323,0.9638623873060757,-0.0001739010355039533
10,DNS,5,0.464375,0.1328125,-0.9929383246105801,1.08528637465799e-16,0.018845338896795114,0.009805479021528674,0.00038687619561578494,0.004841037129487978,0.9466019440747946,-0.0004288257403059459
10,DNS,5,0.464375,0.1484375,-0.9935309752940429,2.529443668408682e-16,0.021435080407209352,0.012786311134608179,0.0007332274117200091,0.00797576587111631,0.9240939697330482,-0.0009752973455769196
10,DNS,5,0.464375,0.1640625,-0.9954141914617807,3.1908069936248395e-16,0.024902749864290828,0.016422562371201797,0.001312582186451066,0.012644696960865969,0.8961792884677044,-0.002037632828445793
10,DNS,5,0.464375,0.1796875,-0.9988905431578062,-4.83554168928535e-16,0.0295195124844309,0.02087585318547585,0.0022240734844730984,0.01923436511442117,0.8632481053162561,-0.0038973655273774484
10,DNS,5,0.464375,0.1953125,-1.0040499677612407,2.0686577451023425e-16,0.03554868650417765,0.026355921972110407,0.003574147318386246,0.028000488866079525,0.8262304552011543,-0.006809563313551755
10,DNS,5,0.464375,0.2109375,-1.0106243921302673,4.569912157026401e-16,0.04314233473209478,0.03312266672522966,0.005456901557582863,0.03893962893724626,0.7864353280011045,-0.010863500898577181
10,DNS,5,0.464375,0.2265625,-1.0178527940981987,-3.7882023906643525e-16,0.05217472377554178,0.041476137340007976,0.007925259045530444,0.05169622570510755,0.7452911220916396,-0.015848735632484526
10,DNS,5,0.464375,0.2421875,-1.024389973364209,-4.163336342344337e-16,0.06203978671848767,0.05172562177962742,0.01095450334376084,0.06555767659027939,0.7040937772974153,-0.021217526205844064
10,DNS,5,0.464375,0.2578125,-1.028292279498909,-5.381979584218044e-16,0.07149294022151734,0.06412937187810802,0.014401624802553662,0.07955943257512851,0.663858377567675,-0.02619516217170198
10,DNS,5,0.464375,0.2734375,-1.0271070174277506,3.664603343001005e-17,0.0786639630378154,0.07880221870085083,0.01796651363149736,0.09267891363061526,0.6252971479933812,-0.030003709190326265
10,DNS,5,0.464375,0.2890625,-1.018079063954068,3.3024798173908465e-16,0.08136636217263327,0.09560082106701484,0.021164918255887503,0.10406980208994722,0.5888661217117332,-0.03210281705706398
10,DNS,5,0.464375,0.3046875,-0.9984676099754084,-3.217912047936977e-16,0.07774294167763823,0.11401361357501738,0.023327596339412643,0.11327993252138349,0.5547964632123757,-0.03234814064120935
10,DNS,5,0.464375,0.3203125,-0.9659381330236553,5.188991597515624e-16,0.06711740055031382,0.13309785533320356,0.023641842628546704,0.12038781046852783,0.5230743994653579,-0.03100223744856638
10,DNS,5,0.464375,0.3359375,-0.9189649533799495,1.2201611249151867e-15,0.05073490494775937,0.1515092615576119,0.021245426614703876,0.12598618795448785,0.49341858924034987,-0.02858793313776713
10,DNS,5,0.464375,0.3515625,-0.857160283415477,2.5804011705155006e-16,0.03199524166269125,0.1676522629447305,0.015366605453339278,0.13097178716649327,0.465351097347468,-0.02565124928079813
10,DNS,5,0.464375,0.3671875,-0.781450317489774,2.5587171270657905e-16,0.01591383865443923,0.17994212538367915,0.005483230191598555,0.13619038654565702,0.4384050595130622,-0.022559402900341176
10,DNS,5,0.464375,0.3828125,-0.6940509008641024,6.032500887709347e-16,0.00786441172598966,0.18712766024976007,-0.008537436872349815,0.1420971173401076,0.4123737928759831,-0.01943200204559633
10,DNS,5,0.464375,0.3984375,-0.5982396942212357,-3.647256108241237e-16,0.01199072141210981,0.1885947810327652,-0.02634794060136319,0.14864562234068596,0.38739843011617714,-0.01621299595643969
10,DNS,5,0.464375,0.4140625,-0.49795370068133343,1.0568802777388697e-15,0.02983066815523614,0.18456955771395536,-0.047084426029331855,0.15555454951795744,0.3637427668218705,-0.012835343735964747
10,DNS,5,0.464375,0.4296875,-0.39724817469929286,1.7126057516581028e-15,0.059613885938139634,0.1761626549795961,-0.06937161636267315,0.1628871479934127,0.3413280494455504,-0.009407378686966105
10,DNS,5,0.464375,0.4453125,-0.299653139850087,-4.165504746689308e-16,0.09646205836763133,0.1652326345104273,-0.09136478991206022,0.17157260477878133,0.31937152981296113,-0.0062844202225182015
10,DNS,5,0.464375,0.4609375,-0.20749731042126274,5.746271514173174e-17,0.13345194900625434,0.15408231928249028,-0.11086409373251514,0.183335241116391,0.2965777815506905,-0.003894072324196864
10,DNS,5,0.464375,0.4765625,-0.12135635157018536,1.0225110688710792e-15,0.16324768370156106,0.14503697684753347,-0.1255689413678362,0.19980132700440817,0.27202968173994335,-0.0024361873817109873
10,DNS,5,0.464375,0.4921875,-0.039869174809921845,-2.0166160408230382e-17,0.1798267065145746,0.13998516120156734,-0.13350167949309827,0.22127997358911064,0.2462282549338048,-0.001800232296518277
10,DNS,5,0.464375,0.5078125,0.03986917480992186,-8.456776945386935e-18,0.17982670651457464,0.13998516120156734,-0.1335016794930983,0.2462282549338046,0.22127997358911083,-0.001800232296518275
10,DNS,5,0.464375,0.5234375,0.12135635157018532,-9.58651560911683e-16,0.16324768370156106,0.1450369768475335,-0.12556894136783625,0.27202968173994313,0.19980132700440825,-0.0024361873817109808
10,DNS,5,0.464375,0.5390625,0.20749731042126274,1.1888276821303556e-16,0.13345194900625446,0.15408231928249022,-0.11086409373251518,0.29657778155069026,0.18333524111639107,-0.003894072324196859
10,DNS,5,0.464375,0.5546875,0.2996531398500869,5.246454312657356e-16,0.09646205836763141,0.1652326345104273,-0.09136478991206028,0.3193715298129609,0.17157260477878142,-0.006284420222518197
10,DNS,5,0.464375,0.5703125,0.39724817469929274,-1.650779122772117e-15,0.0596138859381397,0.17616265497959618,-0.0693716163626732,0.3413280494455504,0.1628871479934127,-0.0094073786869661
10,DNS,5,0.464375,0.5859375,0.4979537006813332,-9.448279832124928e-16,0.029830668155236176,0.18456955771395547,-0.047084426029331924,0.3637427668218705,0.1555545495179574,-0.012835343735964734
10,DNS,5,0.464375,0.6015625,0.5982396942212356,5.367884955975732e-16,0.011990721412109811,0.18859478103276534,-0.026347940601363223,0.38739843011617714,0.1486456223406859,-0.01621299595643967
10,DNS,5,0.464375,0.6171875,0.6940509008641025,-5.275727771314465e-16,0.007864411725989662,0.18712766024976007,-0.008537436872349804,0.4123737928759832,0.14209711734010758,-0.01943200204559632
10,DNS,5,0.464375,0.6328125,0.781450317489774,-2.797580418191503e-16,0.01591383865443923,0.17994212538367912,0.005483230191598522,0.4384050595130623,0.1361903865456569,-0.022559402900341162
10,DNS,5,0.464375,0.6484375,0.857160283415477,-2.532425224383017e-16,0.031995241662691236,0.1676522629447305,0.015366605453339238,0.4653510973474681,0.13097178716649321,-0.0256512492807981
10,DNS,5,0.464375,0.6640625,0.9189649533799495,-1.1819701033893848e-15,0.050734904947759424,0.1515092615576119,0.021245426614703883,0.4934185892403499,0.1259861879544878,-0.0285879331377671
10,DNS,5,0.464375,0.6796875,0.9659381330236554,-4.982586608928696e-16,0.06711740055031391,0.1330978553332035,0.023641842628546694,0.523074399465358,0.12038781046852776,-0.03100223744856635
10,DNS,5,0.464375,0.6953125,0.9984676099754084,3.0471840870884004e-16,0.07774294167763823,0.11401361357501737,0.023327596339412615,0.5547964632123759,0.1132799325213834,-0.03234814064120931
10,DNS,5,0.464375,0.7109375,1.0180790639540678,-3.6282825702227406e-16,0.08136636217263318,0.09560082106701487,0.021164918255887517,0.5888661217117334,0.10406980208994712,-0.03210281705706394
10,DNS,5,0.464375,0.7265625,1.0271070174277503,-5.480641981914225e-17,0.07866396303781535,0.07880221870085079,0.01796651363149739,0.6252971479933813,0.09267891363061517,-0.030003709190326237
10,DNS,5,0.464375,0.7421875,1.0282922794989087,5.305407805786255e-16,0.07149294022151728,0.064129371878108,0.014401624802553666,0.6638583775676752,0.07955943257512843,-0.026195162171701952
10,DNS,5,0.464375,0.7578125,1.0243899733642086,3.963843142607004e-16,0.062039786718487644,0.051725621779627404,0.010954503343760856,0.7040937772974154,0.06555767659027933,-0.021217526205844044
10,DNS,5,0.464375,0.7734375,1.0178527940981987,3.6911662962269e-16,0.05217472377554179,0.04147613734000797,0.007925259045530441,0.7452911220916396,0.051696225705107506,-0.015848735632484505
10,DNS,5,0.464375,0.7890625,1.010624392130267,-4.488325943546867e-16,0.04314233473209479,0.03312266672522966,0.005456901557582857,0.7864353280011045,0.03893962893724622,-0.01086350089857717
10,DNS,5,0.464375,0.8046875,1.0040499677612402,-1.8667250904769173e-16,0.03554868650417764,0.026355921972110407,0.0035741473183862303,0.8262304552011543,0.0280004888660795,-0.006809563313551748
10,DNS,5,0.464375,0.8203125,0.9988905431578061,4.845096220930378e-16,0.029519512484430896,0.020875853185475857,0.0022240734844730958,0.8632481053162562,0.019234365114421156,-0.003897365527377445
10,DNS,5,0.464375,0.8359375,0.9954141914617806,-3.211135784358943e-16,0.02490274986429086,0.0164225623712018,0.0013125821864510673,0.8961792884677044,0.01264469696086596,-0.0020376328284457904
10,DNS,5,0.464375,0.8515625,0.9935309752940429,-2.485397955151458e-16,0.02143508040720937,0.012786311134608175,0.0007332274117200035,0.9240939697330482,0.007975765871116307,-0.0009752973455769183
10,DNS,5,0.464375,0.8671875,0.9929383246105798,-9.776115464030233e-17,0.01884533889679512,0.009805479021528668,0.00038687619561577464,0.9466019440747946,0.0048410371294879745,-0.00042882574030594537
10,DNS,5,0.464375,0.8828125,0.9932496571607432,-5.348132147645762e-16,0.0169028512164233,0.007359123149978297,0.00019239130566689084,0.9638623873060757,0.00283571631874283,-0.00017390103550395325
10,DNS,5,0.464375,0.8984375,0.9940893856760668,4.743282860670411e-16,0.015431119855780173,0.005358171251717857,8.994026396762582e-05,0.9764624379201631,0.0016072300460592975,-6.531565512297939e-05
10,DNS,5,0.464375,0.9140625,0.995148943097151,-9.335488924868546e-17,0.014304732275878165,0.003737307400566455,3.934001577961225e-05,0.9852307107101244,0.0008834166873580951,-2.2817032816146544e-05
10,DNS,5,0.464375,0.9296875,0.9962079294153875,-7.001921625512421e-16,0.01344017167181953,0.00244842170169175,1.590475801780311e-05,0.9910546433904379,0.00047194047495719473,-7.450263325084759e-06
10,DNS,5,0.464375,0.9453125,0.9971300260597049,-1.2016771719402033e-16,0.012785466884321459,0.0014558434402781608,5.743088498082063e-06,0.9947452409435378,0.00024594178909794634,-2.2944388301401052e-06
10,DNS,5,0.464375,0.9609375,0.9978447479631164,9.075110996882574e-17,0.01231067211839826,0.0007332159155348998,1.683018050667238e-06,0.9969615333554441,0.00012647705535321412,-6.846017317185539e-07
10,DNS,5,0.464375,0.9765625,0.9983245453836793,-2.582169351792894e-16,0.01200001826226818,0.0002616778841774512,2.951984105650406e-07,0.9981846940323957,6.71695183486627e-05,-2.1761005494647545e-07
10,DNS,5,0.464375,0.9921875,0.998563858622775,-1.7563789320645474e-16,0.011846092738999402,2.8949030356662046e-05,-1.4048372302457592e-18,0.9987221433797995,4.294420429125118e-05,-9.811205067475418e-08
10,DNS,6,0.556875,0.0078125,-0.9977548025311712,1.7944562394171804e-16,0.011771925060204703,2.8502983879778138e-05,-1.334076891925523e-18,0.00010168615531635213,0.995384068899922,-7.1409568154154e-07
10,DNS,6,0.556875,0.0234375,-0.9975883603673923,2.7485880325223144e-16,0.011949108173642472,0.0002578048513096555,2.4138397612450816e-06,0.0001413296468249931,0.9941786243742468,-1.24036536075752e-06
10,DNS,6,0.556875,0.0390625,-0.99728405742379,-1.0065461918812302e-16,0.012315242407310861,0.0007233432224151733,1.2505541892545247e-05,0.00023239785985922068,0.9915987832118114,-2.91074060922257e-06
10,DNS,6,0.556875,0.0546875,-0.9969034423737975,9.730714498057402e-17,0.012895821226139949,0.0014395810113412828,3.691799898168829e-05,0.00040054660405578466,0.9873156379646869,-7.4831517627240945e-06
10,DNS,6,0.556875,0.0703125,-0.9965481148192319,7.409437646765937e-16,0.013733902854299701,0.0024298015016356762,8.480938186449907e-05,0.0006894015513675199,0.9808619392507298,-1.915441919164424e-05
10,DNS,6,0.556875,0.0859375,-0.9963661486034907,1.0397498834135988e-16,0.014895617018975314,0.0037282846324286326,0.00016925485768808687,0.001166308175595501,0.9716718036641802,-4.71140561721426e-05
10,DNS,6,0.556875,0.1015625,-0.9965529845657982,-5.3174695549551565e-16,0.01647680924301835,0.005383585455034487,0.0003088819045003385,0.0019288147717357114,0.9591425802697995,-0.00010988840427791779
10,DNS,6,0.556875,0.1171875,-0.9973408932883441,5.717540156602308e-16,0.01860957083218143,0.007463087253422282,0.0005295415017945785,0.0031099915099855684,0.9427175101752827,-0.00024158053183914719
10,DNS,6,0.556875,0.1328125,-0.9989710405576536,1.0289078616887437e-16,0.021465901971640427,0.010058836702042752,0.0008655877750582135,0.0048794427847136616,0.921979197474616,-0.0004987697593711572
10,DNS,6,0.556875,0.1484375,-1.0016435779150286,2.561969733583247e-16,0.02525312803927717,0.013294313963421551,0.001360061202552121,0.007435880144194519,0.8967351996270786,-0.000964474206672462
10,DNS,6,0.556875,0.1640625,-1.0054443491653733,3.3957212042246e-16,0.030192138314091538,0.01733113966000434,0.002062774618753747,0.010987342567591894,0.8670732829368051,-0.0017431776520982676
10,DNS,6,0.556875,0.1796875,-1.0102517376549747,-4.921193660911705e-16,0.036466634309103,0.022373655289670755,0.003025025098353686,0.015717560646717595,0.8333698194144263,-0.002940949333281409
10,DNS,6,0.556875,0.1953125,-1.0156334839328531,2.5478751053409354e-16,0.04413298540567735,0.028667811151276527,0.004289462272540857,0.021741699471250847,0.7962508612114776,-0.004629814390411812
10,DNS,6,0.556875,0.2109375,-1.0207502598203955,4.896257010944538e-16,0.05299109946576567,0.03648913315744904,0.005873690790499587,0.029060419655116736,0.7565244676715408,-0.00680540072775058
10,DNS,6,0.556875,0.2265625,-1.0242893565125257,-3.8250652645288596e-16,0.06244073807300002,0.046113535136014995,0.007746827199118361,0.03752564673796613,0.7151119089199753,-0.009355993681641974
10,DNS,6,0.556875,0.2421875,-1.0244564344207054,-4.200199216208844e-16,0.07138222643585698,0.05776584142436217,0.009800066095971283,0.04683328344742939,0.6729946411231945,-0.012062100104653768
10,DNS,6,0.556875,0.2578125,-1.0190532795269234,-5.43835809718729e-16,0.07825047371090481,0.07154577787840818,0.011815921840746018,0.05655705775305961,0.6311681185040331,-0.014636015424009424
10,DNS,6,0.556875,0.2734375,-1.0056612333192827,4.380176776841438e-17,0.08126821307262996,0.08734070574172842,0.013446023349290182,0.06623151464216386,0.5905739859303474,-0.01679485685478188
10,DNS,6,0.556875,0.2890625,-0.9819300854723314,3.3610267347050637e-16,0.07893870058430272,0.10474680144146994,0.014212171184181041,0.07547496482628915,0.5519927874046521,-0.01834336208157954
10,DNS,6,0.556875,0.3046875,-0.9459412146638184,-3.2569433261464553e-16,0.07066783514601854,0.12303032183769977,0.013545704766454229,0.0841134160901919,0.5159225072775068,-0.019229909725216637
10,DNS,6,0.556875,0.3203125,-0.8965797237847424,4.805184028455756e-16,0.05726670072875789,0.14116019472484298,0.010871669729644306,0.09224039305757989,0.48251285246067643,-0.019542727093718664
10,DNS,6,0.556875,0.3359375,-0.8338288829288883,1.2385925618474403e-15,0.04104299211115621,0.1579269128220469,0.0057264401554777125,0.10015656681962663,0.45162352815378404,-0.019443467830048862
10,DNS,6,0.556875,0.3515625,-0.7589068665298406,3.0010716134398763e-16,0.025323318280544453,0.17213338604898817,-0.002122219290063124,0.10819332250499729,0.42300559641695606,-0.01907561626565421
10,DNS,6,0.556875,0.3671875,-0.6742032766605444,2.925177461365891e-16,0.01351858584297154,0.18281368587850538,-0.012592099965360884,0.11650809805325817,0.39650778926697583,-0.018499451173005447
10,DNS,6,0.556875,0.3828125,-0.5830246676013744,6.108395039783332e-16,0.008089644575030664,0.18942118530618623,-0.025268382040829013,0.12498940034452125,0.37216464018679474,-0.017686937534498813
10,DNS,6,0.556875,0.3984375,-0.48919768112784656,-4.3172930508372787e-16,0.009830389208470104,0.19193615665691632,-0.03945170761312361,0.1333805841939569,0.350078821998559,-0.01658432497550099
10,DNS,6,0.556875,0.4140625,-0.3965894520626711,1.076829597712603e-15,0.017734880334221395,0.19086890802331152,-0.054248822233917415,0.14161265312237917,0.3301365253779377,-0.015218770805464838
10,DNS,6,0.556875,0.4296875,-0.30859538983255436,1.8093165854438098e-15,0.02945937315476744,0.18716447568755956,-0.06867315189182607,0.15016415734555658,0.3117230269691615,-0.01377348649432299
10,DNS,6,0.556875,0.4453125,-0.22763920911946464,-4.0679265511656126e-16,0.04215692491279827,0.18203690690130328,-0.0817323673188728,0.1601528643809631,0.29367613439655194,-0.012535701903099614
10,DNS,6,0.556875,0.4609375,-0.1547495701409851,2.3418766925686896e-17,0.053328277101911264,0.17677063647470004,-0.09249946851395577,0.1729574060727168,0.27465661143281417,-0.0117215847882961
10,DNS,6,0.556875,0.4765625,-0.08931548489333319,1.0178489995293916e-15,0.06134117441488253,0.17252501722305053,-0.100178932854279,0.1894841322407077,0.25385894735298525,-0.011336838801199385
10,DNS,6,0.556875,0.4921875,-0.02913979323111979,-3.3176586478056436e-17,0.06544988372756858,0.17016993635666586,-0.1041782516242818,0.20951726904913023,0.23163622762372685,-0.011220194669129645
10,DNS,6,0.556875,0.5078125,0.029139793231119822,2.970713952610282e-17,0.06544988372756858,0.17016993635666589,-0.10417825162428182,0.2316362276237267,0.20951726904913034,-0.011220194669129647
10,DNS,6,0.556875,0.5234375,0.08931548489333319,-9.759445855628268e-16,0.061341174414882536,0.17252501722305058,-0.10017893285427901,0.25385894735298503,0.1894841322407078,-0.01133683880119939
10,DNS,6,0.556875,0.5390625,0.15474957014098506,1.0454419448191477e-16,0.0533282771019113,0.1767706364747001,-0.09249946851395582,0.274656611432814,0.17295740607271692,-0.011721584788296113
10,DNS,6,0.556875,0.5546875,0.22763920911946456,5.080029279180831e-16,0.042156924912798314,0.1820369069013033,-0.08173236731887287,0.2936761343965518,0.16015286438096316,-0.012535701903099626
10,DNS,6,0.556875,0.5703125,0.3085953898325542,-1.7352113669544256e-15,0.029459373154767484,0.18716447568755967,-0.06867315189182613,0.31172302696916143,0.15016415734555666,-0.013773486494322997
10,DNS,6,0.556875,0.5859375,0.39658945206267093,-9.534067329022844e-16,0.017734880334221416,0.1908689080233117,-0.054248822233917485,0.3301365253779377,0.1416126531223792,-0.01521877080546484
10,DNS,6,0.556875,0.6015625,0.4891976811278464,6.073158469177553e-16,0.0098303892084701,0.1919361566569165,-0.03945170761312364,0.350078821998559,0.13338058419395693,-0.016584324975500987
10,DNS,6,0.556875,0.6171875,0.5830246676013744,-5.471155212904977e-16,0.00808964457503066,0.18942118530618623,-0.02526838204082901,0.37216464018679485,0.12498940034452125,-0.017686937534498806
10,DNS,6,0.556875,0.6328125,0.6742032766605444,-2.7663418430967646e-16,0.013518585842971536,0.18281368587850536,-0.012592099965360922,0.39650778926697594,0.11650809805325812,-0.018499451173005436
10,DNS,6,0.556875,0.6484375,0.7589068665298406,-2.67282940571989e-16,0.025323318280544446,0.1721333860489882,-0.00212221929006316,0.42300559641695623,0.10819332250499725,-0.019075616265654193
10,DNS,6,0.556875,0.6640625,0.8338288829288883,-1.2323041892470243e-15,0.04104299211115626,0.1579269128220469,0.0057264401554777185,0.45162352815378415,0.10015656681962658,-0.019443467830048848
10,DNS,6,0.556875,0.6796875,0.8965797237847424,-4.984619488002107e-16,0.05726670072875794,0.14116019472484292,0.01087166972964429,0.48251285246067654,0.09224039305757983,-0.019542727093718647
10,DNS,6,0.556875,0.6953125,0.9459412146638183,3.0548751462494694e-16,0.0706678351460185,0.12303032183769977,0.013545704766454177,0.5159225072775069,0.08411341609019182,-0.019229909725216612
10,DNS,6,0.556875,0.7109375,0.9819300854723313,-3.6791045470579986e-16,0.07893870058430263,0.10474680144146994,0.01421217118418106,0.5519927874046522,0.07547496482628908,-0.018343362081579523
10,DNS,6,0.556875,0.7265625,1.0056612333192825,-5.15267082473736e-17,0.08126821307262991,0.0873407057417284,0.013446023349290234,0.5905739859303474,0.06623151464216379,-0.01679485685478186
10,DNS,6,0.556875,0.7421875,1.0190532795269232,5.283181661250302e-16,0.07825047371090477,0.07154577787840818,0.011815921840746035,0.6311681185040332,0.05655705775305956,-0.01463601542400941
10,DNS,6,0.556875,0.7578125,1.0244564344207052,3.942565674971976e-16,0.07138222643585694,0.05776584142436218,0.009800066095971324,0.6729946411231947,0.04683328344742935,-0.012062100104653754
10,DNS,6,0.556875,0.7734375,1.0242893565125255,3.5775961186590433e-16,0.062440738073000025,0.046113535136015,0.0077468271991183784,0.7151119089199753,0.0375256467379661,-0.009355993681641963
10,DNS,6,0.556875,0.7890625,1.0207502598203955,-4.89273335388396e-16,0.05299109946576566,0.036489133157449054,0.005873690790499596,0.7565244676715408,0.029060419655116715,-0.006805400727750573
10,DNS,6,0.556875,0.8046875,1.0156334839328527,-2.2358959302082315e-16,0.04413298540567733,0.028667811151276538,0.0042894622725408536,0.7962508612114775,0.021741699471250833,-0.004629814390411808
10,DNS,6,0.556875,0.8203125,1.0102517376549744,4.833373284940379e-16,0.036466634309103,0.022373655289670773,0.003025025098353688,0.8333698194144263,0.015717560646717588,-0.002940949333281406
10,DNS,6,0.556875,0.8359375,1.0054443491653733,-3.411848711540322e-16,0.030192138314091566,0.01733113966000435,0.0020627746187537504,0.867073282936805,0.010987342567591886,-0.0017431776520982645
10,DNS,6,0.556875,0.8515625,1.0016435779150283,-2.5538382172896057e-16,0.025253128039277192,0.013294313963421551,0.0013600612025521208,0.8967351996270786,0.007435880144194513,-0.0009644742066724601
10,DNS,6,0.556875,0.8671875,0.9989710405576535,-9.161508357502512e-17,0.02146590197164042,0.010058836702042747,0.0008655877750582072,0.9219791974746159,0.004879442784713658,-0.0004987697593711564
10,DNS,6,0.556875,0.8828125,0.9973408932883441,-5.468851283288445e-16,0.018609570832181427,0.0074630872534222825,0.00052954150179457,0.9427175101752827,0.003109991509985566,-0.0002415805318391469
10,DNS,6,0.556875,0.8984375,0.9965529845657981,5.28080996899799e-16,0.01647680924301835,0.005383585455034492,0.00030888190450033195,0.9591425802697995,0.00192881477173571,-0.00010988840427791758
10,DNS,6,0.556875,0.9140625,0.9963661486034907,-9.88589093399439e-17,0.014895617018975314,0.0037282846324286373,0.00016925485768808286,0.97167180366418,0.0011663081755955,-4.7114056172142495e-05
10,DNS,6,0.556875,0.9296875,0.9965481148192319,-7.300509209749034e-16,0.013733902854299707,0.0024298015016356784,8.480938186449718e-05,0.9808619392507298,0.0006894015513675194,-1.915441919164419e-05
10,DNS,6,0.556875,0.9453125,0.9969034423737975,-9.924515636389186e-17,0.01289582122613996,0.001439581011341284,3.691799898168678e-05,0.9873156379646869,0.0004005466040557844,-7.483151762724072e-06
10,DNS,6,0.556875,0.9609375,0.99728405742379,9.397830549786462e-17,0.012315242407310866,0.0007233432224151747,1.2505541892544595e-05,0.9915987832118113,0.00023239785985922052,-2.910740609222565e-06
10,DNS,6,0.556875,0.9765625,0.9975883603673923,-2.7791320406003045e-16,0.011949108173642484,0.0002578048513096563,2.413839761245658e-06,0.9941786243742468,0.00014132964682499297,-1.2403653607575146e-06
10,DNS,6,0.556875,0.9921875,0.9977548025311711,-1.7554122557134934e-16,0.011771925060204715,2.8502983879778226e-05,-9.11778028160051e-19,0.995384068899922,0.00010168615531635204,-7.140956815415322e-07
10,DNS,7,0.65,0.0078125,-0.9974431445849749,1.8064671666092463e-16,0.011507009557789646,2.778606997577704e-05,-6.964728408798485e-19,0.00013932987868609773,0.9898060555617101,-1.8507132898009003e-06
10,DNS,7,0.65,0.0234375,-0.9974494433098567,2.9587199660771613e-16,0.01174212338583263,0.00025177680414600206,3.2087659242845346e-06,0.00017826096150663968,0.9880755805766328,-2.7138162186865968e-06
10,DNS,7,0.65,0.0390625,-0.9975007979001094,-1.1069026554719197e-16,0.012230378081161643,0.0007090140321111855,1.6276256607724207e-05,0.00026427344867641816,0.9844869722195669,-5.085138571004274e-06
10,DNS,7,0.65,0.0546875,-0.9976735876666628,6.906367838732663e-17,0.013009181678203285,0.0014188707297100595,4.6572869017468704e-05,0.00041460895997619675,0.9787964574831894,-1.0571536039714785e-05
10,DNS,7,0.65,0.0703125,-0.9980782345093027,7.677371108641418e-16,0.01413778156715972,0.0024125976022605234,0.0001027402085260849,0.0006574152641097906,0.9706668184979451,-2.2432658944967206e-05
10,DNS,7,0.65,0.0859375,-0.998850747196379,1.0614339268633088e-16,0.015700178827733086,0.0037360313111668058,0.00019532018226412604,0.0010342634949727335,0.959699963936673,-4.6724460159450104e-05
10,DNS,7,0.65,0.1015625,-1.0001362266293186,-5.939530551418715e-16,0.01780713368088514,0.005453251751913937,0.00033742503492189895,0.0016030257662385762,0.9454769183584477,-9.390912894543431e-05
10,DNS,7,0.65,0.1171875,-1.0020610521297573,5.957419887264725e-16,0.020594707047398225,0.0076510414109751896,0.0005453106277425937,0.002440524740221324,0.9276014951641209,-0.00018075106482102376
10,DNS,7,0.65,0.1328125,-1.004691204302311,1.009663273127126e-16,0.024215109469675027,0.010443694124856283,0.0008385455550782006,0.0036440622243065395,0.9057435874934472,-0.0003319893769933033
10,DNS,7,0.65,0.1484375,-1.0079760044941903,2.662800535624399e-16,0.028813879491355693,0.013977195126331705,0.0012392146093600596,0.005330619857078965,0.8796794606011796,-0.0005809101389342331
10,DNS,7,0.65,0.1640625,-1.0116796673105384,3.6982136103480556e-16,0.03448677239694831,0.018431014263273517,0.001769274435654391,0.00763228104390765,0.8493295693675773,-0.0009677514873106161
10,DNS,7,0.65,0.1796875,-1.0153075648098615,-5.044792708575052e-16,0.041212372186186896,0.02401478723721364,0.002444890429885818,0.010686393679954113,0.8147973353351419,-0.0015350904718504522
10,DNS,7,0.65,0.1953125,-1.0180397905178298,2.6920739942815075e-16,0.048765049707661136,0.03095629144403845,0.003266567992540247,0.014619497985337026,0.7764113496527985,-0.002320025462343285
10,DNS,7,0.65,0.2109375,-1.0186906521540504,5.282232984349378e-16,0.05662896963706742,0.03947696713054369,0.0042045595944443515,0.019525700939414053,0.73476540081434,-0.0033439042351042373
10,DNS,7,0.65,0.2265625,-1.0157171973827277,-3.8716859579457363e-16,0.06395435246763745,0.04975270860411026,0.005180854486595509,0.025443671275583397,0.6907368657347244,-0.004601523676112608
10,DNS,7,0.65,0.2421875,-1.0072995908008302,-4.34114549863196e-16,0.06961105027178435,0.06186162529253251,0.0060522093889309875,0.03234138555524512,0.645453355963693,-0.0060534984998209295
10,DNS,7,0.65,0.2578125,-0.9915073212377348,-5.492568205811565e-16,0.07238325509608728,0.07572697942526546,0.006602416023267897,0.040121032488502094,0.6001839248825356,-0.00762746960782201
10,DNS,7,0.65,0.2734375,-0.9665455693583284,5.724587470723463e-17,0.07129757005428698,0.09107075702907957,0.006554198308105007,0.048652232586139,0.5561620245858812,-0.009232979084945667
10,DNS,7,0.65,0.2890625,-0.9310480795699971,3.8033812210791496e-16,0.06599286402396079,0.10739742313223707,0.005608697561129399,0.057826419088091344,0.5143910108740195,-0.01078752684325304
10,DNS,7,0.65,0.3046875,-0.8843559018730722,-3.0010716134398763e-16,0.05696989453258029,0.12402386834947651,0.0035113684862232665,0.06760556112642263,0.4755091582195042,-0.012240635557116809
10,DNS,7,0.65,0.3203125,-0.8267094518663985,4.623038063478191e-16,0.045566267369756955,0.1401587071344247,0.00012917944432791576,0.07803154464995626,0.4397728338733572,-0.013580114004823108
10,DNS,7,0.65,0.3359375,-0.7592953960289969,1.2611439670351388e-15,0.033615877955263426,0.15501608065469613,-0.004487550114335561,0.08918099850715797,0.40715728241028537,-0.014816378261400377
10,DNS,7,0.65,0.3515625,-0.6841282837964999,3.1181654480683108e-16,0.022916540592059255,0.16793493639882903,-0.010085620852796861,0.10108500621375342,0.377513127434452,-0.015956640705402998
10,DNS,7,0.65,0.3671875,-0.60379321431485,3.148523108897905e-16,0.014734273279919798,0.1784724719760139,-0.016244452332488616,0.11365786707132017,0.35069678639626145,-0.01698654117133907
10,DNS,7,0.65,0.3828125,-0.5211087293600993,6.589780804366896e-16,0.009544330350248823,0.186451046825944,-0.02245755865835359,0.12667575722664515,0.32662382107173765,-0.01787039561996244
10,DNS,7,0.65,0.3984375,-0.43877695133057826,-4.822531263215524e-16,0.007075472990961395,0.19195468791302658,-0.028234065046258507,0.13981951294779144,0.3052450620130736,-0.018570056060323845
10,DNS,7,0.65,0.4140625,-0.35907518436706237,1.1108735459286478e-15,0.006580406546329982,0.19528539624165006,-0.033190117653082454,0.15276309919164865,0.2864794257715224,-0.019071771506544474
10,DNS,7,0.65,0.4296875,-0.2836231000482112,1.87436871579294e-15,0.007180299136386127,0.1968956730779059,-0.03710696860477829,0.16526574332112864,0.27014417188262424,-0.019403199077702014
10,DNS,7,0.65,0.4453125,-0.21324283298043945,-4.3368086899420177e-16,0.008141624971761716,0.1973125030455669,-0.03994420562570876,0.17722288256512542,0.2559149646402488,-0.01962438954518194
10,DNS,7,0.65,0.4609375,-0.14791848148406303,1.235990476633475e-17,0.009008875368885772,0.19706324757747998,-0.04180831559393926,0.18865623178103522,0.2433354118895583,-0.019793107946143463
10,DNS,7,0.65,0.4765625,-0.08685397745297622,1.0421351281930669e-15,0.009593352378699578,0.19660940805539334,-0.042887085675320166,0.19966581061694993,0.23187810608819348,-0.019929411583909908
10,DNS,7,0.65,0.4921875,-0.028620864436546486,-8.998878031629687e-18,0.009872543647697681,0.19629199718478668,-0.043368665174690485,0.2103938788001843,0.2210348683797365,-0.02001204092846735
10,DNS,7,0.65,0.5078125,0.0286208644365465,-1.723881454251952e-17,0.009872543647697683,0.1962919971847867,-0.04336866517469049,0.2210348683797364,0.21039387880018437,-0.020012040928467353
10,DNS,7,0.65,0.5234375,0.08685397745297621,-1.0129158796445825e-15,0.009593352378699576,0.1966094080553934,-0.04288708567532017,0.23187810608819334,0.19966581061694993,-0.019929411583909908
10,DNS,7,0.65,0.5390625,0.147918481484063,1.2492041906106421e-16,0.00900887536888578,0.19706324757748006,-0.04180831559393927,0.2433354118895582,0.18865623178103527,-0.01979310794614348
10,DNS,7,0.65,0.5546875,0.21324283298043942,5.169747008954007e-16,0.00814162497176172,0.19731250304556697,-0.03994420562570879,0.2559149646402488,0.17722288256512547,-0.019624389545181965
10,DNS,7,0.65,0.5703125,0.28362310004821106,-1.8376142621456815e-15,0.007180299136386133,0.196895673077906,-0.037106968604778315,0.2701441718826242,0.1652657433211287,-0.019403199077702025
10,DNS,7,0.65,0.5859375,0.3590751843670622,-1.016168486162039e-15,0.006580406546329982,0.19528539624165026,-0.03319011765308248,0.2864794257715224,0.15276309919164865,-0.019071771506544478
10,DNS,7,0.65,0.6015625,0.4387769513305782,6.351798427506328e-16,0.007075472990961388,0.19195468791302672,-0.02823406504625851,0.3052450620130736,0.1398195129477915,-0.018570056060323855
10,DNS,7,0.65,0.6171875,0.5211087293600993,-6.382427138879043e-16,0.009544330350248816,0.186451046825944,-0.022457558658353576,0.3266238210717377,0.12667575722664515,-0.017870395619962447
10,DNS,7,0.65,0.6328125,0.60379321431485,-2.9967348047499343e-16,0.014734273279919788,0.1784724719760139,-0.016244452332488654,0.35069678639626156,0.11365786707132014,-0.016986541171339076
10,DNS,7,0.65,0.6484375,0.6841282837964998,-2.6487059073820873e-16,0.02291654059205924,0.16793493639882912,-0.01008562085279688,0.3775131274344521,0.10108500621375341,-0.015956640705402994
10,DNS,7,0.65,0.6640625,0.7592953960289968,-1.2516029879172663e-15,0.03361587795526344,0.15501608065469616,-0.004487550114335515,0.4071572824102854,0.08918099850715794,-0.01481637826140037
10,DNS,7,0.65,0.6796875,0.8267094518663984,-4.858852035993788e-16,0.04556626736975699,0.14015870713442463,0.0001291794443279399,0.4397728338733573,0.07803154464995624,-0.013580114004823101
10,DNS,7,0.65,0.6953125,0.884355901873072,2.920298551589706e-16,0.056969894532580244,0.12402386834947647,0.0035113684862232383,0.47550915821950435,0.06760556112642258,-0.012240635557116802
10,DNS,7,0.65,0.7109375,0.9310480795699969,-3.8120548384590336e-16,0.06599286402396069,0.1073974231322371,0.005608697561129419,0.5143910108740197,0.0578264190880913,-0.010787526843253032
10,DNS,7,0.65,0.7265625,0.9665455693583282,-5.5077470362263625e-17,0.07129757005428686,0.09107075702907955,0.006554198308105074,0.5561620245858813,0.04865223258613896,-0.009232979084945662
10,DNS,7,0.65,0.7421875,0.9915073212377348,5.355416630992149e-16,0.07238325509608723,0.07572697942526546,0.006602416023267934,0.6001839248825357,0.040121032488502066,-0.007627469607822006
10,DNS,7,0.65,0.7578125,1.0072995908008302,3.9020436187753305e-16,0.06961105027178431,0.061861625292532536,0.006052209388931044,0.645453355963693,0.0323413855552451,-0.006053498499820927
10,DNS,7,0.65,0.7734375,1.0157171973827275,3.6673138484322187e-16,0.06395435246763746,0.049752708604110275,0.005180854486595537,0.6907368657347245,0.025443671275583384,-0.004601523676112605
10,DNS,7,0.65,0.7890625,1.0186906521540502,-5.019585008064764e-16,0.05662896963706743,0.0394769671305437,0.004204559594444374,0.73476540081434,0.01952570093941404,-0.0033439042351042347
10,DNS,7,0.65,0.8046875,1.0180397905178298,-2.570643350963131e-16,0.04876504970766114,0.030956291444038463,0.0032665679925402554,0.7764113496527985,0.014619497985337015,-0.0023200254623432833
10,DNS,7,0.65,0.8203125,1.0153075648098613,4.938676420943033e-16,0.04121237218618691,0.024014787237213654,0.0024448904298858274,0.8147973353351419,0.01068639367995411,-0.0015350904718504509
10,DNS,7,0.65,0.8359375,1.011679667310538,-3.611612961820776e-16,0.034486772396948334,0.018431014263273524,0.001769274435654404,0.8493295693675774,0.007632281043907646,-0.0009677514873106148
10,DNS,7,0.65,0.8515625,1.0079760044941903,-2.533238376012381e-16,0.028813879491355717,0.013977195126331703,0.0012392146093600622,0.8796794606011796,0.0053306198570789625,-0.0005809101389342326
10,DNS,7,0.65,0.8671875,1.0046912043023108,-8.096279723035504e-17,0.024215109469675034,0.010443694124856276,0.0008385455550781968,0.9057435874934472,0.0036440622243065373,-0.00033198937699330293
10,DNS,7,0.65,0.8828125,1.0020610521297573,-5.654622549280258e-16,0.020594707047398228,0.007651041410975187,0.0005453106277425889,0.9276014951641209,0.002440524740221322,-0.00018075106482102357
10,DNS,7,0.65,0.8984375,1.0001362266293186,5.827993252924268e-16,0.017807133680885146,0.00545325175191394,0.0003374250349218946,0.9454769183584477,0.001603025766238575,-9.39091289454341e-05
10,DNS,7,0.65,0.9140625,0.9988507471963788,-1.0851794367483991e-16,0.01570017882773309,0.00373603131116681,0.00019532018226412455,0.959699963936673,0.0010342634949727328,-4.672446015944997e-05
10,DNS,7,0.65,0.9296875,0.9980782345093027,-7.665173834200956e-16,0.014137781567159727,0.002412597602260525,0.00010274020852608294,0.970666818497945,0.0006574152641097903,-2.2432658944967132e-05
10,DNS,7,0.65,0.9453125,0.9976735876666627,-7.713759644055462e-17,0.013009181678203287,0.0014188707297100606,4.657286901746741e-05,0.9787964574831893,0.0004146089599761964,-1.0571536039714745e-05
10,DNS,7,0.65,0.9609375,0.9975007979001094,1.0370520834765938e-16,0.012230378081161656,0.0007090140321111868,1.6276256607724085e-05,0.9844869722195668,0.000264273448676418,-5.085138571004245e-06
10,DNS,7,0.65,0.9765625,0.9974494433098566,-2.9864433544407945e-16,0.011742123385832642,0.0002517768041460027,3.20876592428543e-06,0.9880755805766328,0.00017826096150663952,-2.7138162186865765e-06
10,DNS,7,0.65,0.9921875,0.997443144584975,-1.761053495142207e-16,0.011507009557789657,2.778606997577712e-05,-2.9475423075469567e-19,0.9898060555617101,0.00013932987868609764,-1.8507132898008808e-06
10,MF,0,0.0,0.0078125,-1.0,0.0,6.570137787900594e-13,5.708888250872606e-15,2.9582283945787943e-31,0.0,1.0,0.0
10,MF,0,0.0,0.0234375,-1.0,2.481541837659083e-24,2.159284280930924e-12,8.29958733825044e-14,-1.5777218104420236e-30,0.0,1.0,0.0
10,MF,0,0.0,0.0390625,-1.0,-1.8611563782443123e-24,1.5362923971006848e-11,6.247787647878083e-13,-4.733165431326071e-30,0.0,1.0,0.0
10,MF,0,0.0,0.0546875,-1.0,8.271806125530277e-24,1.0192154865351448e-10,4.396831927449826e-12,8.835242138475332e-29,0.0,1.0,0.0
10,MF,0,0.0,0.0703125,-1.0,-5.1285197978287716e-23,6.303984305448273e-10,2.8926798388188747e-11,-7.068193710780266e-28,0.0,1.0,0.0
10,MF,0,0.0,0.0859375,-1.0,1.4558378780933287e-22,3.6344790664301803e-09,1.7791426980494526e-10,-8.077935669463161e-28,0.0,1.0,0.0
10,MF,0,0.0,0.1015625,-1.0,-5.293955920339377e-23,1.9528053744216348e-08,1.0229963078191315e-09,1.6155871338926322e-26,0.0,1.0,0.0
10,MF,0,0.0,0.1171875,-1.0,-8.470329472543003e-22,9.776123267780567e-08,5.499119087345055e-09,-2.0679515313825692e-25,0.0,1.0,0.0
10,MF,0,0.0,0.1328125,-0.9999999999999999,7.940933880509066e-22,4.558837089398682e-07,2.7635721197783388e-08,2.0679515313825692e-25,0.0,1.0,0.0
10,MF,0,0.0,0.1484375,-1.0,1.0587911840678754e-21,1.9796818404886703e-06,1.298404104277486e-07,-1.2407709188295415e-24,5.551115123125783e-17,1.0,0.0
10,MF,0,0.0,0.1640625,-0.9999999999999999,0.0,8.00290523141155e-06,5.703127293818589e-07,4.963083675318166e-24,2.7755575615628914e-16,0.9999999999999999,0.0
10,MF,0,0.0,0.1796875,-0.9999999999999964,-1.2705494208814505e-20,3.010561097862845e-05,2.341978984703462e-06,0.0,1.4432899320127035e-15,0.9999999999999984,0.0
10,MF,0,0.0,0.1953125,-0.9999999999999841,-2.1175823681357508e-20,0.0001053432434852525,8.991294440049742e-06,6.913906431963227e-20,7.66053886991358e-15,0.9999999999999927,0.0
10,MF,0,0.0,0.2109375,-0.9999999999999183,-1.2197274440461925e-19,0.0003426948796987711,3.227254487683245e-05,1.180552170235681e-19,4.068967385251199e-14,0.9999999999999593,0.0
10,MF,0,0.0,0.2265625,-0.9999999999995701,0.0,0.001035848122025084,0.0001082974808861944,-9.09501627114305e-19,2.153277556260491e-13,0.9999999999997848,0.0
10,MF,0,0.0,0.2421875,-0.9999999999977207,0.0,0.0029071872119901467,0.00033976600952790616,1.4230153513872246e-19,1.1399770016851107e-12,0.9999999999988598,0.0
10,MF,0,0.0,0.2578125,-0.9999999999879282,-1.0842021724855044e-19,0.0075697770780033345,0.000996598262047638,2.5851445550201246e-18,6.035671962223432e-12,0.9999999999939646,0.0
10,MF,0,0.0,0.2734375,-0.9999999999360866,2.710505431213761e-20,0.018268373725907526,0.002733008777658424,-1.1357017756785659e-17,3.195582687354204e-11,0.9999999999680443,0.0
10,MF,0,0.0,0.2890625,-0.9999999996616218,1.0842021724855044e-19,0.04081364256742353,0.007007201548012862,-2.3174821436877657e-18,1.6918982881364286e-10,0.9999999998308101,0.0
10,MF,0,0.0,0.3046875,-0.9999999982084519,-9.215718466126788e-19,0.08428720666599052,0.016797039314779993,6.667843360785852e-18,8.957736774561909e-10,0.9999999991042261,0.0
10,MF,0,0.0,0.3203125,-0.9999999905146701,-2.222614453595284e-18,0.16060946403012177,0.03764498810799345,-3.550762114890027e-17,4.742664760915005e-09,0.9999999952573352,0.0
10,MF,0,0.0,0.3359375,-0.999999949780019,-1.0842021724855044e-18,0.28172019595358677,0.07888047481424484,3.913969842672671e-17,2.5109990919869318e-08,0.9999999748900092,0.0
10,MF,0,0.0,0.3515625,-0.9999997341108331,1.734723475976807e-18,0.45350360590081096,0.1545330234329892,7.047314121155779e-17,1.3294458278689805e-07,0.9999998670554173,0.0
10,MF,0,0.0,0.3671875,-0.9999985922532633,0.0,0.6672611649710681,0.28305048413615147,-4.662069341687669e-17,7.038733689790356e-07,0.9999992961266313,0.0
10,MF,0,0.0,0.3828125,-0.9999925467214335,-3.469446951953614e-18,0.8923503282805586,0.4847285160039235,-1.700029006457271e-16,3.726639284162836e-06,0.9999962733607158,0.0
10,MF,0,0.0,0.3984375,-0.9999605393223056,2.168404344971009e-18,1.0760313198997573,0.7761156202763453,1.8908485888147197e-16,1.973033884716813e-05,0.9999802696611528,0.0
10,MF,0,0.0,0.4140625,-0.9997910935355708,-4.7704895589362195e-18,1.1559510884441573,1.1618456921005156,-2.975050761300224e-16,0.00010445323221425219,0.999895546767786,0.0
10,MF,0,0.0,0.4296875,-0.9988944427261546,-1.0842021724855044e-17,1.0851395337740646,1.6261683423946924,1.5785983631388945e-16,0.000552778636923601,0.9994472213630764,0.0
10,MF,0,0.0,0.4453125,-0.9941605004152155,1.734723475976807e-17,0.8603472465065216,2.1280326409803028,2.2724877535296173e-16,0.002919749792392179,0.9970802502076079,0.0
10,MF,0,0.0,0.4609375,-0.9694656922392504,-9.540979117872439e-18,0.5376820185019114,2.6036785875414346,-1.0399667238480959e-15,0.015267153880374416,0.9847328461196254,0.0
10,MF,0,0.0,0.4765625,-0.8482836399575115,6.938893903907228e-18,0.22159835812546802,2.978469726437543,-2.168404344971009e-17,0.07585818002124357,0.9241418199787564,0.0
10,MF,0,0.0,0.4921875,-0.3941185679308137,2.42861286636753e-17,0.026344701759837063,3.1856351001505194,9.014056862044484e-16,0.30294071603459277,0.6970592839654072,0.0
10,MF,0,0.0,0.5078125,0.3941185679308137,2.42861286636753e-17,0.026344701759837063,3.1856351001505194,-9.014056862044484e-16,0.6970592839654072,0.30294071603459277,0.0
10,MF,0,0.0,0.5234375,0.8482836399575115,6.938893903907228e-18,0.22159835812546802,2.978469726437543,2.168404344971009e-17,0.9241418199787564,0.07585818002124357,0.0
10,MF,0,0.0,0.5390625,0.9694656922392504,-9.540979117872439e-18,0.5376820185019114,2.6036785875414346,1.0399667238480959e-15,0.9847328461196254,0.01526715388037436,0.0
10,MF,0,0.0,0.5546875,0.9941605004152155,1.734723475976807e-17,0.8603472465065216,2.1280326409803028,-2.2724877535296173e-16,0.9970802502076079,0.002919749792392179,0.0
10,MF,0,0.0,0.5703125,0.9988944427261546,-1.0842021724855044e-17,1.0851395337740646,1.6261683423946924,-1.5785983631388945e-16,0.9994472213630764,0.000552778636923601,0.0
10,MF,0,0.0,0.5859375,0.9997910935355708,-4.7704895589362195e-18,1.1559510884441573,1.1618456921005156,2.975050761300224e-16,0.999895546767786,0.0001044532322143077,0.0
10,MF,0,0.0,0.6015625,0.9999605393223056,2.168404344971009e-18,1.0760313198997573,0.7761156202763453,-1.8908485888147197e-16,0.9999802696611528,1.973033884716813e-05,0.0
10,MF,0,0.0,0.6171875,0.9999925467214335,-3.469446951953614e-18,0.8923503282805586,0.4847285160039235,1.700029006457271e-16,0.9999962733607158,3.726639284162836e-06,0.0
10,MF,0,0.0,0.6328125,0.9999985922532633,0.0,0.6672611649710681,0.28305048413615147,4.662069341687669e-17,0.9999992961266313,7.038733689235245e-07,0.0
10,MF,0,0.0,0.6484375,0.9999997341108331,1.734723475976807e-18,0.45350360590081096,0.1545330234329892,-7.047314121155779e-17,0.9999998670554173,1.3294458278689805e-07,0.0
10,MF,0,0.0,0.6640625,0.999999949780019,-1.0842021724855044e-18,0.28172019595358677,0.07888047481424484,-3.913969842672671e-17,0.9999999748900092,2.510999097538047e-08,0.0
10,MF,0,0.0,0.6796875,0.9999999905146701,-2.222614453595284e-18,0.16060946403012177,0.03764498810799345,3.550762114890027e-17,0.9999999952573352,4.742664705403854e-09,0.0
10,MF,0,0.0,0.6953125,0.9999999982084519,-9.215718466126788e-19,0.08428720666599052,0.016797039314779993,-6.667843360785852e-18,0.9999999991042261,8.957736774561909e-10,0.0
10,MF,0,0.0,0.7109375,0.9999999996616218,1.0842021724855044e-19,0.04081364256742353,0.007007201548012862,2.3174821436877657e-18,0.9999999998308101,1.6918977330249163e-10,0.0
10,MF,0,0.0,0.7265625,0.9999999999360866,2.710505431213761e-20,0.018268373725907526,0.002733008777658424,1.1357017756785659e-17,0.9999999999680443,3.1955771362390806e-11,0.0
10,MF,0,0.0,0.7421875,0.9999999999879282,-1.0842021724855044e-19,0.0075697770780033345,0.000996598262047638,-2.5851445550201246e-18,0.9999999999939646,6.035616451072201e-12,0.0
10,MF,0,0.0,0.7578125,0.9999999999977189,0.0,0.002907187211990146,0.00033976600952790616,-1.3637230450794235e-19,0.9999999999988598,1.1399770016851107e-12,0.0
10,MF,0,0.0,0.7734375,0.99999999999957,0.0,0.0010358481220250806,0.00010829748088619451,1.5056010637445189e-19,0.9999999999997848,2.1538326677728037e-13,0.0
10,MF,0,0.0,0.7890625,0.9999999999999183,-9.486769009248164e-20,0.0003426948796987733,3.227254487683251e-05,1.1106719520872013e-19,0.9999999999999593,4.063416270128073e-14,0.0
10,MF,0,0.0,0.8046875,0.9999999999999841,-2.1175823681357508e-20,0.0001053432434852525,8.991294440049742e-06,-6.913906431963227e-20,0.9999999999999927,7.66053886991358e-15,0.0
10,MF,0,0.0,0.8203125,0.9999999999999964,-1.2705494208814505e-20,3.010561097862845e-05,2.341978984703462e-06,0.0,0.9999999999999984,1.4432899320127035e-15,0.0
10,MF,0,0.0,0.8359375,0.9999999999999999,0.0,8.00290523141155e-06,5.703127293818589e-07,-4.963083675318166e-24,0.9999999999999999,2.220446049250313e-16,0.0
10,MF,0,0.0,0.8515625,1.0,1.0587911840678754e-21,1.9796818404886703e-06,1.298404104277486e-07,1.2407709188295415e-24,1.0,0.0,0.0
10,MF,0,0.0,0.8671875,0.9999999999999999,7.940933880509066e-22,4.558837089398682e-07,2.7635721197783388e-08,-2.0679515313825692e-25,1.0,0.0,0.0
10,MF,0,0.0,0.8828125,1.0,-8.470329472543003e-22,9.776123267780567e-08,5.499119087345055e-09,2.0679515313825692e-25,1.0,0.0,0.0
10,MF,0,0.0,0.8984375,1.0,-5.293955920339377e-23,1.9528053744216348e-08,1.0229963078191315e-09,-1.6155871338926322e-26,1.0,0.0,0.0
10,MF,0,0.0,0.9140625,1.0,1.4558378780933287e-22,3.6344790664301803e-09,1.7791426980494526e-10,8.077935669463161e-28,1.0,0.0,0.0
10,MF,0,0.0,0.9296875,1.0,-5.1285197978287716e-23,6.303984305448273e-10,2.8926798388188747e-11,7.068193710780266e-28,1.0,0.0,0.0
10,MF,0,0.0,0.9453125,1.0,8.271806125530277e-24,1.0192154865351448e-10,4.396831927449826e-12,-8.835242138475332e-29,1.0,0.0,0.0
10,MF,0,0.0,0.9609375,1.0,-1.8611563782443123e-24,1.5362923971006848e-11,6.247787647878083e-13,4.733165431326071e-30,1.0,0.0,0.0
10,MF,0,0.0,0.9765625,1.0,2.481541837659083e-24,2.159284280930924e-12,8.29958733825044e-14,1.5777218104420236e-30,1.0,0.0,0.0
10,MF,0,0.0,0.9921875,1.0,0.0,6.570137787900594e-13,5.708888250872606e-15,-2.9582283945787943e-31,1.0,0.0,0.0
10,MF,1,0.093125,0.0078125,-1.0000013597429347,1.4475925873855353e-10,0.0016398167808566537,5.027436192673351e-06,-2.535574681610437e-13,9.037527236219043e-17,1.000001857998851,6.003130191047763e-23
10,MF,1,0.093125,0.0234375,-1.000000902870021,4.328836646777523e-10,0.0016800212091312773,4.578405469758528e-05,-3.841144234924807e-08,6.640827915787832e-16,1.0000020035869435,5.489591479828763e-22
10,MF,1,0.093125,0.0390625,-0.9999995097252813,7.168391644163385e-10,0.0017631995894294775,0.00013022527305261116,-2.3622534114850153e-07,5.317032412059101e-15,1.0000023115192809,5.88010719115342e-21
10,MF,1,0.093125,0.0546875,-0.9999959241337093,9.93891111501343e-10,0.0018951323547966388,0.00026451845304558774,-8.783285862004195e-07,4.147824125053139e-14,1.0000028177505884,6.352998586818903e-20
10,MF,1,0.093125,0.0703125,-0.9999873955616296,1.2613713439631885e-09,0.00208510220335566,0.0004587282853736528,-2.642348171539391e-06,3.138006266625363e-13,1.0000035830710474,6.718532764569016e-19
10,MF,1,0.093125,0.0859375,-0.9999682742480109,1.5167038810862468e-09,0.0023466539847083676,0.0007278936852380489,-7.062947650399542e-06,2.29649978193502e-12,1.0000047040482685,6.865344787986593e-18
10,MF,1,0.093125,0.1015625,-0.9999274747578799,1.7574297311471684e-09,0.002698666203965699,0.0010936382157686584,-1.7450407802982942e-05,1.621985037115277e-11,1.0000063343901933,6.758552505774199e-17
10,MF,1,0.093125,0.1171875,-0.9998441687074707,1.9812305741308267e-09,0.0031668648218471564,0.0015864820079973395,-4.063258159152849e-05,1.1030033501526967e-10,1.0000087285062524,6.43970829726028e-16
10,MF,1,0.093125,0.1328125,-0.9996809273534428,2.1859510820378125e-09,0.0037861932980688723,0.0022491056376017903,-9.010614719314521e-05,7.203822069181654e-10,1.0000123328319566,6.0144197259340836e-15
10,MF,1,0.093125,0.1484375,-0.9993736308177235,2.3696196858012664e-09,0.004605230775411813,0.0031409780341985884,-0.00019145075223958913,4.505827985499303e-09,1.0000179754752092,5.617515261666495e-14
10,MF,1,0.093125,0.1640625,-0.9988181595844139,2.530467554896429e-09,0.005695679684173187,0.004345126702588619,-0.00039109790759705304,2.6901524569741917e-08,1.0000272372820285,5.346047734393342e-13
10,MF,1,0.093125,0.1796875,-0.9978558393095154,2.66694563958933e-09,0.007173614802808297,0.005978675962493989,-0.0007695344768019769,1.5270444758500724e-07,1.000043074714298,5.157723787547267e-12
10,MF,1,0.093125,0.1953125,-0.9962638579625509,2.7777395808850636e-09,0.00924523960052793,0.008210632501874334,-0.0014592561517115512,8.201657405376563e-07,1.0000704354613374,4.755612480870779e-11
10,MF,1,0.093125,0.2109375,-0.993764745944737,2.861782374442845e-09,0.012297017637628358,0.011294065024530543,-0.002665237676568969,4.1432214109846215e-06,1.0001148746423407,3.5365101803795313e-10
10,MF,1,0.093125,0.2265625,-0.9900811626212299,2.9182646403558277e-09,0.017051497148075925,0.015626103552325674,-0.0046794488041446165,1.9541747171390427e-05,1.000170444218524,7.712617541862763e-10
10,MF,1,0.093125,0.2421875,-0.9850748345672462,2.94664241661316e-09,0.02478874989145019,0.02185764820891388,-0.007868310316576506,8.528473793887161e-05,1.0001671112019397,-3.8008544730849435e-08
10,MF,1,0.093125,0.2578125,-0.9790035521398677,2.9466424118426704e-09,0.037562432428528233,0.031080722281973422,-0.012592419272313256,0.00034073213136737277,0.9997981763964774,-9.139920069559244e-07
10,MF,1,0.093125,0.2734375,-0.9728633266739757,2.918264639488466e-09,0.05821244004775897,0.045111907678252114,-0.01900526135838993,0.0012310799909960282,0.9980790937685236,-1.2801678202692856e-05
10,MF,1,0.093125,0.2890625,-0.9686011982148742,2.8617823861522285e-09,0.08987898829698476,0.06684349437887224,-0.02672384095317207,0.003970027411462485,0.9925340433124972,-0.000125991800367099
10,MF,1,0.093125,0.3046875,-0.9687420281203596,2.777739600617543e-09,0.13483864872879245,0.1005360106397288,-0.03454799063737392,0.011278704568302354,0.9784006627735364,-0.0008907587996831752
10,MF,1,0.093125,0.3203125,-0.9750075840531358,2.6669456723322355e-09,0.1928305520207697,0.15180600298818878,-0.04066021499184955,0.02789663927221042,0.949239904796729,-0.004478525364326918
10,MF,1,0.093125,0.3359375,-0.9862571290173905,2.5304676146359686e-09,0.259402442712489,0.2270155707564761,-0.04359712929071932,0.05953759427694287,0.9003245107554608,-0.01581454695689053
10,MF,1,0.093125,0.3515625,-0.9971819342502208,2.36961976755011e-09,0.3253054260798409,0.33192413987277847,-0.043344247876359016,0.1092926736411872,0.833003724775067,-0.039311766747536885
10,MF,1,0.093125,0.3671875,-0.9991296676584254,2.1859511679066246e-09,0.37810535405396284,0.4698538622068985,-0.041225353364354955,0.17373973635175294,0.7551212900519295,-0.07113981965771701
10,MF,1,0.093125,0.3828125,-0.9826582943201094,1.9812306218357223e-09,0.40559903377744216,0.6399888515245592,-0.03856177337452266,0.24378857669820486,0.6766574629774298,-0.10091889357170658
10,MF,1,0.093125,0.3984375,-0.9400586056375881,1.7574297737563138e-09,0.39973909820390674,0.8364241412143414,-0.03585644803520138,0.31007107453563576,0.605822140959163,-0.12332518108875305
10,MF,1,0.093125,0.4140625,-0.8667986529398151,1.5167040770015794e-09,0.36031485003868,1.04830125924478,-0.03320976901336601,0.36602447356761586,0.5479201587293163,-0.13872500674869925
10,MF,1,0.093125,0.4296875,-0.7619248194810637,1.26137219809766e-09,0.2958472261279156,1.261027036726682,-0.030674259404059177,0.4074538860981083,0.5050281870597022,-0.1470030145969783
10,MF,1,0.093125,0.4453125,-0.627567976476187,9.93893179020676e-10,0.2201555029641373,1.458164534574164,-0.028141460182418337,0.43314133682815903,0.4762390339020427,-0.14853256459943828
10,MF,1,0.093125,0.4609375,-0.46800150347795444,7.16840022020257e-10,0.14782690840187895,1.6234371783755566,-0.02558803759189003,0.4455979539162609,0.4590141115928168,-0.14595418458863013
10,MF,1,0.093125,0.4765625,-0.2890248911404586,4.328913679341878e-10,0.09157526636520892,1.7425784159433726,-0.023402520863334917,0.4493611936383715,0.4505636882656908,-0.14245649543330252
10,MF,1,0.093125,0.4921875,-0.09774780988049123,1.4476748402478257e-10,0.060889983575758644,1.8049788040321364,-0.02214226997457657,0.4489224189450321,0.44818452423481603,-0.14021191250734183
10,MF,1,0.093125,0.5078125,0.09774780988049117,-1.4476747838693127e-10,0.060889983575758685,1.8049788040321362,-0.022142269974576568,0.448184524234816,0.4489224189450321,-0.14021191250734183
10,MF,1,0.093125,0.5234375,0.2890248911404585,-4.32891395472923e-10,0.09157526636520893,1.7425784159433726,-0.02340252086333482,0.45056368826569093,0.44936119363837146,-0.14245649543330252
10,MF,1,0.093125,0.5390625,0.46800150347795433,-7.168400525947582e-10,0.14782690840187898,1.6234371783755566,-0.025588037591889906,0.4590141115928169,0.4455979539162609,-0.14595418458863013
10,MF,1,0.093125,0.5546875,0.6275679764761868,-9.938932038489057e-10,0.22015550296413713,1.4581645345741645,-0.028141460182418268,0.47623903390204275,0.433141336828159,-0.14853256459943825
10,MF,1,0.093125,0.5703125,0.7619248194810637,-1.2613722020007878e-09,0.29584722612791553,1.2610270367266823,-0.030674259404059098,0.5050281870597022,0.4074538860981082,-0.1470030145969783
10,MF,1,0.093125,0.5859375,0.8667986529398151,-1.5167040861088776e-09,0.36031485003867986,1.0483012592447802,-0.03320976901336593,0.5479201587293163,0.3660244735676158,-0.13872500674869925
10,MF,1,0.093125,0.6015625,0.9400586056375881,-1.757429739929206e-09,0.3997390982039066,0.8364241412143416,-0.03585644803520137,0.6058221409591629,0.31007107453563576,-0.12332518108875305
10,MF,1,0.093125,0.6171875,0.9826582943201096,-1.9812306205346797e-09,0.4055990337774422,0.6399888515245593,-0.03856177337452267,0.6766574629774298,0.24378857669820486,-0.10091889357170661
10,MF,1,0.093125,0.6328125,0.9991296676584256,-2.185951172677114e-09,0.3781053540539629,0.4698538622068987,-0.04122535336435499,0.7551212900519294,0.173739736351753,-0.07113981965771705
10,MF,1,0.093125,0.6484375,0.9971819342502208,-2.369619746082907e-09,0.325305426079841,0.3319241398727787,-0.043344247876358946,0.8330037247750668,0.10929267364118724,-0.03931176674753693
10,MF,1,0.093125,0.6640625,0.9862571290173905,-2.530467604336048e-09,0.25940244271248897,0.2270155707564762,-0.043597129290719266,0.9003245107554607,0.05953759427694292,-0.01581454695689055
10,MF,1,0.093125,0.6796875,0.9750075840531354,-2.6669456642549293e-09,0.19283055202076965,0.15180600298818886,-0.040660214991849505,0.9492399047967289,0.027896639272210443,-0.004478525364326927
10,MF,1,0.093125,0.6953125,0.9687420281203594,-2.777739605604873e-09,0.13483864872879248,0.10053601063972886,-0.03454799063737389,0.9784006627735363,0.011278704568302359,-0.0008907587996831773
10,MF,1,0.093125,0.7109375,0.9686011982148741,-2.861782389946936e-09,0.08987898829698485,0.06684349437887228,-0.026723840953172054,0.9925340433124972,0.00397002741146248,-0.0001259918003670994
10,MF,1,0.093125,0.7265625,0.9728633266739755,-2.9182646408437186e-09,0.05821244004775904,0.04511190767825213,-0.019005261358389924,0.9980790937685236,0.0012310799909960209,-1.280167820269294e-05
10,MF,1,0.093125,0.7421875,0.9790035521398673,-2.946642414580281e-09,0.03756243242852821,0.03108072228197343,-0.012592419272313254,0.9997981763964774,0.00034073213136736463,-9.139920069559336e-07
10,MF,1,0.093125,0.7578125,0.9850748345672459,-2.9466424138958783e-09,0.024788749891450183,0.021857648208913883,-0.007868310316576494,1.0001671112019395,8.528473793886405e-05,-3.8008544730847986e-08
10,MF,1,0.093125,0.7734375,0.9900811626212298,-2.918264637943478e-09,0.017051497148075953,0.015626103552325674,-0.004679448804144604,1.000170444218524,1.9541747171383603e-05,7.712617541872092e-10
10,MF,1,0.093125,0.7890625,0.993764745944737,-2.8617823725861488e-09,0.01229701763762837,0.011294065024530536,-0.0026652376765689597,1.0001148746423407,4.143221410978106e-06,3.5365101803785165e-10
10,MF,1,0.093125,0.8046875,0.9962638579625509,-2.7777395792384315e-09,0.009245239600527932,0.008210632501874322,-0.001459256151711544,1.0000704354613374,8.201657405309188e-07,4.7556124808721134e-11
10,MF,1,0.093125,0.8203125,0.9978558393095154,-2.6669456393182793e-09,0.007173614802808289,0.005978675962493981,-0.0007695344768019789,1.000043074714298,1.527044475778358e-07,5.1577237875529716e-12
10,MF,1,0.093125,0.8359375,0.9988181595844139,-2.530467554950639e-09,0.005695679684173172,0.004345126702588614,-0.000391097907597057,1.0000272372820287,2.6901524562404005e-08,5.346047734379737e-13
10,MF,1,0.093125,0.8515625,0.9993736308177235,-2.3696196833821403e-09,0.004605230775411806,0.0031409780341985867,-0.00019145075223959236,1.0000179754752092,4.505827978607693e-09,5.61751526157699e-14
10,MF,1,0.093125,0.8671875,0.9996809273534428,-2.1859510802963128e-09,0.0037861932980688753,0.0022491056376017894,-9.010614719314787e-05,1.0000123328319568,7.203822011134445e-10,6.014419725174568e-15
10,MF,1,0.093125,0.8828125,0.9998441687074706,-1.981230573243136e-09,0.003166864821847148,0.0015864820079973395,-4.063258159152703e-05,1.0000087285062524,1.1030033066954565e-10,6.439708290978638e-16
10,MF,1,0.093125,0.8984375,0.9999274747578797,-1.7574297326379464e-09,0.0026986662039656896,0.0010936382157686589,-1.745040780298043e-05,1.0000063343901933,1.6219847482652623e-11,6.758552462796498e-17
10,MF,1,0.093125,0.9140625,0.9999682742480108,-1.5167038810252604e-09,0.0023466539847083676,0.0007278936852380495,-7.062947650400713e-06,1.0000047040482687,2.2964980721536197e-12,6.8653445435850856e-18
10,MF,1,0.093125,0.9296875,0.9999873955616294,-1.2613713441190426e-09,0.0020851022033556666,0.0004587282853736532,-2.642348171540098e-06,1.0000035830710474,3.137997206669292e-13,6.718531578852118e-19
10,MF,1,0.093125,0.9453125,0.9999959241337094,-9.93891112036668e-10,0.00189513235479665,0.00026451845304558774,-8.783285862012735e-07,1.0000028177505884,4.147780872589854e-14,6.352993538862564e-20
10,MF,1,0.093125,0.9609375,0.9999995097252813,-7.168391649584396e-10,0.0017631995894294848,0.00013022527305261078,-2.3622534114819845e-07,1.0000023115192809,5.316844655830214e-15,5.880087882302176e-21
10,MF,1,0.093125,0.9765625,1.0000009028700207,-4.328836646574235e-10,0.0016800212091312731,4.5784054697584983e-05,-3.841144234908253e-08,1.0000020035869435,6.640063097557846e-16,5.489522534623411e-22
10,MF,1,0.093125,0.9921875,1.0000013597429342,-1.4475925853018343e-10,0.0016398167808566403,5.027436192673307e-06,-2.535575004806446e-13,1.0000018579988508,9.033970787583082e-17,6.002848868320486e-23
10,MF,2,0.185625,0.0078125,-0.999995764413545,8.444230931896682e-11,0.0051315833532834705,1.4410364722152862e-05,-3.8387620990999654e-13,3.2448717743834974e-10,1.0000131128133474,2.6475002989752236e-15
10,MF,2,0.185625,0.0234375,-0.9999847459179143,2.5251370216810773e-10,0.005243647517959354,0.0001309525137714882,-2.6146898424426195e-07,1.2095729168918093e-09,1.0000140849148362,1.1446471068903415e-14
10,MF,2,0.185625,0.0390625,-0.9999568015768434,4.181532494394735e-10,0.0054729685715773566,0.0003708543214221855,-1.517205232036641e-06,5.197391858434611e-09,1.0000161245912451,6.0503220309923e-14
10,MF,2,0.185625,0.0546875,-0.999898083377676,5.797657529841432e-10,0.005829869577078229,0.0007482400778262243,-5.227628657311292e-06,2.175710005503141e-08,1.0000194136027813,3.212024215761815e-13
10,MF,2,0.185625,0.0703125,-0.9997824569463971,7.357947962938552e-10,0.006329585669589985,0.0012855248773864356,-1.4416439577161731e-05,8.782228247397141e-08,1.0000241519056923,1.625081984988683e-12
10,MF,2,0.185625,0.0859375,-0.9995644372055106,8.847377335960416e-10,0.006991750873831732,0.002014898957899566,-3.511042980988164e-05,3.4105302531029545e-07,1.000030242085354,7.122959444633115e-12
10,MF,2,0.185625,0.1015625,-0.9991692707032329,1.0251601642238817e-09,0.007839563852201217,0.0029803162611091692,-7.875479575585227e-05,1.27158235166441e-06,1.0000361124459407,1.7686299593252208e-11
10,MF,2,0.185625,0.1171875,-0.9984811232745642,1.1557097394972876e-09,0.008899113329760604,0.004240017655423446,-0.00016600831599382113,4.540996605911496e-06,1.000034874194036,-1.3672666848046658e-10
10,MF,2,0.185625,0.1328125,-0.9973328492854328,1.2751292007961296e-09,0.010200612145659253,0.005869761803753282,-0.0003321323258118255,1.5490904514319526e-05,1.0000030402279243,-3.0601060035849955e-09
10,MF,2,0.185625,0.1484375,-0.9955052936986974,1.3822684657039536e-09,0.011785576931082328,0.007967380554707998,-0.0006334313734410223,5.0325033774901804e-05,0.9998706544444231,-3.6937288044426495e-08
10,MF,2,0.185625,0.1640625,-0.9927501631749259,1.4760957369602812e-09,0.013726619082435706,0.010660303193704465,-0.001152346821658414,0.00015514227913650993,0.9994506957112823,-3.527520804587815e-07
10,MF,2,0.185625,0.1796875,-0.9888553372521142,1.5557073992748804e-09,0.01616637336131288,0.014119512315349577,-0.0019953503281336733,0.00045198536220237087,0.9982937654785997,-2.8417044171766645e-06
10,MF,2,0.185625,0.1953125,-0.9837677829281493,1.6203367428184456e-09,0.019373080899924372,0.018585609766270047,-0.003273153706707099,0.0012384319067788728,0.9954402119610286,-1.952561930507445e-05
10,MF,2,0.185625,0.2109375,-0.9777657527294188,1.669361356180371e-09,0.02378830639705761,0.02441346934541587,-0.005050123605738533,0.0031731977194100164,0.9891097461185352,-0.0001137798377071882
10,MF,2,0.185625,0.2265625,-0.971621702499123,1.7023091157183923e-09,0.030018051032241526,0.032137910439382064,-0.007256848188023014,0.007551678728722295,0.9765430406837279,-0.0005549284091692057
10,MF,2,0.185625,0.2421875,-0.96663618180619,1.718862707982688e-09,0.038723252838562316,0.042551134338418034,-0.009585885098164028,0.016557978020010914,0.95442105815193,-0.00222706682629481
10,MF,2,0.185625,0.2578125,-0.9644045769975904,1.7188627084163688e-09,0.050414876910421846,0.05676577322034339,-0.011432878521057118,0.03314765765211207,0.9201905134334709,-0.007224367644484887
10,MF,2,0.185625,0.2734375,-0.966269648618571,1.7023091324151057e-09,0.06520295978490108,0.07622482228982788,-0.011968891370747543,0.060060281960059914,0.8737971606156278,-0.01867172702416368
10,MF,2,0.185625,0.2890625,-0.9726092685289607,1.6693613787317763e-09,0.08254336669713874,0.10262156598669878,-0.010379429058474245,0.09795096013779958,0.8182584868082731,-0.03825885854033727
10,MF,2,0.185625,0.3046875,-0.9822732575112032,1.6203367529015258e-09,0.10106767049164359,0.13771188914545057,-0.006176647365831429,0.144008257876929,0.7580100880396194,-0.06279752901956687
10,MF,2,0.185625,0.3203125,-0.9924424934168532,1.555707412556357e-09,0.11872249538517246,0.18303499000712534,0.0006078842062160325,0.1930308553983694,0.696464001048279,-0.08494761805438261
10,MF,2,0.185625,0.3359375,-0.9989430449087351,1.4760957865083205e-09,0.13338407489893817,0.23959550227937462,0.009480746768733415,0.24057891994966618,0.6353560991201348,-0.09898278861318566
10,MF,2,0.185625,0.3515625,-0.9968271546701145,1.3822685289129402e-09,0.1436716255631535,0.30757526826271786,0.01973528191784051,0.284912831304199,0.5760844464480122,-0.10474188104123519
10,MF,2,0.185625,0.3671875,-0.9810084426439449,1.2751292513199508e-09,0.14939602808656555,0.38612035077537027,0.03070187112435798,0.3258149141507574,0.5208885252185078,-0.10568208202485442
10,MF,2,0.185625,0.3828125,-0.9468510490410297,1.1557098038988967e-09,0.15142140611162258,0.4732157486959896,0.041854778121522204,0.3623064633315636,0.47252240336933843,-0.10474593289135518
10,MF,2,0.185625,0.3984375,-0.8906967974362707,1.0251602435874807e-09,0.15122078398655853,0.5656593473111678,0.05277471753467358,0.3920428516583717,0.43313524339398957,-0.10268556236717585
10,MF,2,0.185625,0.4140625,-0.8103105409600433,8.84737938943933e-10,0.1504401366249944,0.6591718367879849,0.06306848931422147,0.41258564365603806,0.40361379537508674,-0.09913416929483042
10,MF,2,0.185625,0.4296875,-0.7051876668193948,7.357952990384026e-10,0.1504983154179872,0.7486810802278046,0.07233815827925001,0.42285957825592047,0.3837248242258143,-0.09402902394091457
10,MF,2,0.185625,0.4453125,-0.5766676341307028,5.797666452825312e-10,0.1521609786994197,0.8287729515378206,0.08021099630179582,0.42360187121615034,0.3726192950122176,-0.08799817473921888
10,MF,2,0.185625,0.4609375,-0.4278464838797096,4.18153459774695e-10,0.15522325824039568,0.8942384097345826,0.08638070818009469,0.41692208322129787,0.36923706768792897,-0.0820648354918444
10,MF,2,0.185625,0.4765625,-0.2633339520669361,2.5251734731002173e-10,0.15857592951233607,0.9406180960332489,0.09062130532345201,0.4056239931525112,0.3724298196909359,-0.07731497428558895
10,MF,2,0.185625,0.4921875,-0.08890807406665582,8.444628850357017e-11,0.16075991206264775,0.964662962280654,0.0927810559036675,0.39267400118455986,0.3808368609479752,-0.07466903376660489
10,MF,2,0.185625,0.5078125,0.08890807406665593,-8.444625467646238e-11,0.1607599120626477,0.9646629622806541,0.0927810559036675,0.3808368609479752,0.39267400118455986,-0.07466903376660489
10,MF,2,0.185625,0.5234375,0.2633339520669362,-2.525173516468304e-10,0.158575929512336,0.9406180960332489,0.09062130532345197,0.372429819690936,0.4056239931525112,-0.07731497428558896
10,MF,2,0.185625,0.5390625,0.42784648387970964,-4.181534875302706e-10,0.15522325824039562,0.8942384097345828,0.08638070818009469,0.36923706768792897,0.4169220832212978,-0.08206483549184437
10,MF,2,0.185625,0.5546875,0.5766676341307028,-5.79766639210999e-10,0.15216097869941958,0.8287729515378209,0.08021099630179578,0.37261929501221763,0.42360187121615034,-0.08799817473921887
10,MF,2,0.185625,0.5703125,0.7051876668193948,-7.357952797396039e-10,0.15049831541798714,0.7486810802278048,0.07233815827924997,0.38372482422581433,0.42285957825592047,-0.09402902394091456
10,MF,2,0.185625,0.5859375,0.8103105409600432,-8.847379304871561e-10,0.1504401366249943,0.6591718367879851,0.0630684893142215,0.4036137953750868,0.412585643656038,-0.0991341692948304
10,MF,2,0.185625,0.6015625,0.8906967974362705,-1.025160225806565e-09,0.15122078398655858,0.565659347311168,0.05277471753467364,0.4331352433939896,0.3920428516583717,-0.10268556236717583
10,MF,2,0.185625,0.6171875,0.9468510490410298,-1.1557098099704288e-09,0.15142140611162266,0.47321574869598965,0.041854778121522315,0.47252240336933843,0.3623064633315635,-0.10474593289135516
10,MF,2,0.185625,0.6328125,0.9810084426439449,-1.2751292712692708e-09,0.1493960280865657,0.3861203507753703,0.030701871124358075,0.5208885252185078,0.32581491415075736,-0.1056820820248544
10,MF,2,0.185625,0.6484375,0.9968271546701144,-1.3822685183961791e-09,0.1436716255631536,0.3075752682627179,0.019735281917840616,0.5760844464480122,0.284912831304199,-0.10474188104123516
10,MF,2,0.185625,0.6640625,0.9989430449087349,-1.476095777292602e-09,0.13338407489893822,0.23959550227937465,0.009480746768733495,0.6353560991201348,0.24057891994966624,-0.09898278861318566
10,MF,2,0.185625,0.6796875,0.9924424934168531,-1.5557074162968546e-09,0.11872249538517252,0.1830349900071253,0.0006078842062160578,0.696464001048279,0.19303085539836945,-0.08494761805438264
10,MF,2,0.185625,0.6953125,0.9822732575112031,-1.6203367587020075e-09,0.10106767049164367,0.13771188914545054,-0.0061766473658314,0.7580100880396194,0.14400825787692906,-0.06279752901956688
10,MF,2,0.185625,0.7109375,0.9726092685289605,-1.669361384613573e-09,0.08254336669713876,0.10262156598669875,-0.010379429058474204,0.818258486808273,0.09795096013779961,-0.03825885854033728
10,MF,2,0.185625,0.7265625,0.9662696486185709,-1.702309142064505e-09,0.0652029597849011,0.07622482228982783,-0.011968891370747504,0.8737971606156278,0.06006028196005994,-0.018671727024163694
10,MF,2,0.185625,0.7421875,0.9644045769975903,-1.718862705516128e-09,0.05041487691042183,0.05676577322034336,-0.011432878521057102,0.9201905134334709,0.033147657652112084,-0.007224367644484894
10,MF,2,0.185625,0.7578125,0.9666361818061899,-1.7188627066274352e-09,0.038723252838562344,0.042551134338418,-0.009585885098164023,0.95442105815193,0.01655797802001092,-0.002227066826294811
10,MF,2,0.185625,0.7734375,0.9716217024991229,-1.7023091136177506e-09,0.030018051032241547,0.032137910439382036,-0.007256848188023018,0.976543040683728,0.007551678728722297,-0.0005549284091692061
10,MF,2,0.185625,0.7890625,0.9777657527294187,-1.6693613493092398e-09,0.023788306397057618,0.024413469345415852,-0.005050123605738531,0.9891097461185352,0.003173197719410016,-0.00011377983770718843
10,MF,2,0.185625,0.8046875,0.983767782928149,-1.6203367426016052e-09,0.019373080899924348,0.01858560976627003,-0.003273153706707101,0.9954402119610285,0.001238431906778871,-1.952561930507455e-05
10,MF,2,0.185625,0.8203125,0.988855337252114,-1.5557073976079196e-09,0.016166373361312873,0.014119512315349565,-0.0019953503281336916,0.9982937654785997,0.00045198536220236865,-2.841704417176716e-06
10,MF,2,0.185625,0.8359375,0.9927501631749258,-1.4760957336737933e-09,0.01372661908243569,0.010660303193704455,-0.0011523468216584278,0.9994506957112823,0.00015514227913650762,-3.5275208045878556e-07
10,MF,2,0.185625,0.8515625,0.9955052936986974,-1.382268463942125e-09,0.011785576931082346,0.007967380554707991,-0.0006334313734410262,0.9998706544444232,5.03250337748996e-05,-3.6937288044429215e-08
10,MF,2,0.185625,0.8671875,0.9973328492854328,-1.2751291991562738e-09,0.010200612145659253,0.005869761803753275,-0.0003321323258118317,1.0000030402279243,1.5490904514317574e-05,-3.060106003585295e-09
10,MF,2,0.185625,0.8828125,0.9984811232745643,-1.15570973883999e-09,0.00889911332976059,0.00424001765542344,-0.0001660083159938239,1.0000348741940361,4.540996605909847e-06,-1.367266684802376e-10
10,MF,2,0.185625,0.8984375,0.9991692707032329,-1.025160162301964e-09,0.007839563852201204,0.0029803162611091658,-7.875479575585043e-05,1.0000361124459407,1.2715823516630973e-06,1.768629959330752e-11
10,MF,2,0.185625,0.9140625,0.9995644372055106,-8.847377335486077e-10,0.006991750873831727,0.002014898957899563,-3.5110429809878695e-05,1.000030242085354,3.4105302530930717e-07,7.122959444669253e-12
10,MF,2,0.185625,0.9296875,0.9997824569463971,-7.357947963887229e-10,0.006329585669589988,0.0012855248773864332,-1.4416439577158631e-05,1.0000241519056923,8.782228247326838e-08,1.6250819850020916e-12
10,MF,2,0.185625,0.9453125,0.9998980833776758,-5.797657528316773e-10,0.005829869577078221,0.0007482400778262225,-5.227628657308406e-06,1.0000194136027813,2.175710005455688e-08,3.212024215779647e-13
10,MF,2,0.185625,0.9609375,0.9999568015768433,-4.1815324933444143e-10,0.00547296857157734,0.00037085432142218487,-1.517205232037105e-06,1.0000161245912453,5.197391858126067e-09,6.05032203098723e-14
10,MF,2,0.185625,0.9765625,0.999984745917914,-2.525137020156418e-10,0.005243647517959339,0.00013095251377148804,-2.614689842452284e-07,1.0000140849148362,1.209572916688998e-09,1.1446471068729824e-14
10,MF,2,0.185625,0.9921875,0.9999957644135447,-8.444230923426352e-11,0.005131583353283454,1.4410364722152845e-05,-3.838760913783235e-13,1.0000131128133474,3.244871772864072e-10,2.6475002988433205e-15
10,MF,3,0.27875,0.0078125,-0.9998867099628252,4.925051353885362e-11,0.008565939808618292,2.2392732933742095e-05,-8.371355231196961e-13,2.7033565659667927e-07,1.000035264347291,4.439503395030563e-12
10,MF,3,0.27875,0.0234375,-0.9998211681417878,1.472772309923237e-10,0.00872509312138505,0.00020301943863512456,-7.396319525173893e-07,6.587325561300097e-07,1.0000336975742385,5.564551193311579e-12
10,MF,3,0.27875,0.0390625,-0.9996695800673452,2.4388558831972204e-10,0.009045501430379984,0.0005722200555968173,-4.140290257567396e-06,1.9243776246847803e-06,1.0000260271810757,-4.12743831791848e-11
10,MF,3,0.27875,0.0546875,-0.9993884554332013,3.381451929443738e-10,0.009530579497330268,0.0011460126299008343,-1.3556101863305246e-05,5.564664606074782e-06,0.9999989558801938,-6.132691777272374e-10
10,MF,3,0.27875,0.0703125,-0.9989074581010787,4.2914827572647363e-10,0.010183698937302522,0.0019486901724604048,-3.504968229763302e-05,1.5561342278015503e-05,0.9999194110588296,-5.425381310334801e-09
10,MF,3,0.27875,0.0859375,-0.9981267703668284,5.160184274235341e-10,0.011006910272665123,0.003013055402742597,-7.899755433526778e-05,4.193081883187969e-05,0.9997111262710302,-3.957376044275194e-08
10,MF,3,0.27875,0.1015625,-0.9969203483561881,5.979190371985244e-10,0.012001124236388671,0.004380720414297977,-0.0001617405668890849,0.00010867138428049503,0.9992099562825945,-2.537598837641804e-07
10,MF,3,0.27875,0.1171875,-0.9951519678904998,6.740613594635042e-10,0.013169980626408933,0.006102754243258414,-0.0003063466941441975,0.00027040772923533245,0.9980877821070709,-1.4562146606705337e-06
10,MF,3,0.27875,0.1328125,-0.9927119828047226,7.437121006927463e-10,0.01452981445075819,0.008241425889359173,-0.0005405340839346308,0.0006447178044262486,0.9957410468173303,-7.5042919709843156e-06
10,MF,3,0.27875,0.1484375,-0.9895799674212518,8.062004891798424e-10,0.016126347772276388,0.010874395070424748,-0.0008886485524209959,0.0014693377276682655,0.9911624247684157,-3.4637719315768435e-05
10,MF,3,0.27875,0.1640625,-0.9859088265203271,8.609247310279594e-10,0.018054327926466582,0.014103113982048901,-0.0013541371790966416,0.003191296639965738,0.9828593997432574,-0.00014235662501437527
10,MF,3,0.27875,0.1796875,-0.9821083012735605,9.073577997894405e-10,0.020471487463859,0.01806683445597978,-0.001890785946523928,0.00657993659197996,0.9689397058755959,-0.0005166918605664849
10,MF,3,0.27875,0.1953125,-0.978884538926498,9.45052508688829e-10,0.02359822355774124,0.022961990375307353,-0.002366819475408414,0.01281535783946117,0.9474978534811671,-0.0016399532892073614
10,MF,3,0.27875,0.2109375,-0.9771804625371503,9.73645842118967e-10,0.027700938912005584,0.02906409138671142,-0.0025357520292733074,0.023436220728902817,0.9173196324428434,-0.0045041095411356
10,MF,3,0.27875,0.2265625,-0.9779769833314164,9.928624393994168e-10,0.033057892418026126,0.03674664062559954,-0.002037146179839533,0.03998341845143019,0.8786363009670755,-0.010604128184419193
10,MF,3,0.27875,0.2421875,-0.9819670677397575,1.0025172439160485e-09,0.03988474684454359,0.046489526977103804,-0.00044982211031117204,0.06327590190461055,0.8333895894967549,-0.02127768029790355
10,MF,3,0.27875,0.2578125,-0.9891870396421177,1.0025172386034578e-09,0.0481722383553128,0.05886682166679724,0.0025987410657545896,0.09259953101479365,0.7846056115742222,-0.03640409447691725
10,MF,3,0.27875,0.2734375,-0.9987382470189319,9.928624473140926e-10,0.05743241946405943,0.0745006094014854,0.007296063192676693,0.1254515221714959,0.7351485890873835,-0.05352961884326395
10,MF,3,0.27875,0.2890625,-1.0087139629922022,9.736458468894565e-10,0.0664950065535567,0.0939682822025004,0.013536537869372787,0.15830395486992632,0.6867257181143849,-0.06863100172555764
10,MF,3,0.27875,0.3046875,-1.0163610816725686,9.450525131340579e-10,0.07361710927332876,0.11766386749311875,0.020891574397781023,0.1880307590601239,0.6397969316921865,-0.07813421103743581
10,MF,3,0.27875,0.3203125,-1.0184080411829468,9.073577939076437e-10,0.07707444689038402,0.1456396387830037,0.0286714169317749,0.2130451539890414,0.5942376579879558,-0.08054111661021368
10,MF,3,0.27875,0.3359375,-1.0114439644840996,8.609247349852973e-10,0.07608681994391162,0.17747765688333056,0.036051982376723385,0.23352471481263087,0.5501013258786213,-0.07671558515229912
10,MF,3,0.27875,0.3515625,-0.992257222638127,8.062005071775985e-10,0.07163951555251294,0.21224345315519133,0.042224532364793024,0.25085968875515396,0.5079650249436931,-0.06912337222247135
10,MF,3,0.27875,0.3671875,-0.9580982055775726,7.437121301830454e-10,0.06672747774000798,0.24855127830053686,0.04653523748906198,0.2668088790592231,0.46877208842928003,-0.060670161257395556
10,MF,3,0.27875,0.3828125,-0.9068735882570849,6.740613927485109e-10,0.0657754561217802,0.28473425678702297,0.04859594974664487,0.282715127052181,0.4334330334946913,-0.05360484915476664
10,MF,3,0.27875,0.3984375,-0.8372895848851112,5.97919085445521e-10,0.07332262707390175,0.3190795376696121,0.04835309690343096,0.29894113442255416,0.4025448186813265,-0.04884635268471658
10,MF,3,0.27875,0.4140625,-0.7489525405653377,5.16018513726027e-10,0.0923619392536145,0.35006838778124616,0.04610129809875635,0.3146479980291044,0.37642636549512953,-0.04597575534566412
10,MF,3,0.27875,0.4296875,-0.6424267540942225,4.2914845890243067e-10,0.12290767430421987,0.37655877707072416,0.04243255609223298,0.3280437426668403,0.35537803793783007,-0.04384201358957393
10,MF,3,0.27875,0.4453125,-0.519248397721475,3.381453915160017e-10,0.16136448525913616,0.39786493495705033,0.03812672108891742,0.3371174712339734,0.3398733079618956,-0.04141470800929292
10,MF,3,0.27875,0.4609375,-0.3818936759739344,2.4388541983470444e-10,0.20104963358540956,0.4137210169694304,0.03400909536606561,0.34063163728542867,0.330427721927788,-0.038421881279159034
10,MF,3,0.27875,0.4765625,-0.2336926255379394,1.472785791977252e-10,0.233825099975485,0.42415302248940145,0.03081251273376407,0.338917365274811,0.32712505734492753,-0.03546599949216214
10,MF,3,0.27875,0.4921875,-0.07867324382896917,4.925209589126678e-11,0.2523732942009256,0.42930961709268256,0.029073812337151707,0.3340177684097795,0.32904960117436155,-0.033594118265840495
10,MF,3,0.27875,0.5078125,0.07867324382896916,-4.9252086133447226e-11,0.2523732942009255,0.42930961709268256,0.02907381233715174,0.32904960117436155,0.3340177684097795,-0.033594118265840495
10,MF,3,0.27875,0.5234375,0.23369262553793935,-1.4727857518617715e-10,0.2338250999754849,0.4241530224894016,0.030812512733764195,0.3271250573449276,0.338917365274811,-0.03546599949216214
10,MF,3,0.27875,0.5390625,0.3818936759739343,-2.438854352845854e-10,0.20104963358540937,0.41372101696943053,0.03400909536606572,0.3304277219277881,0.34063163728542856,-0.038421881279159034
10,MF,3,0.27875,0.5546875,0.5192483977214748,-3.381454118447924e-10,0.16136448525913596,0.39786493495705055,0.038126721088917494,0.33987330796189563,0.33711747123397334,-0.04141470800929292
10,MF,3,0.27875,0.5703125,0.6424267540942225,-4.2914845201774687e-10,0.12290767430421978,0.37655877707072427,0.04243255609223302,0.35537803793783007,0.3280437426668402,-0.04384201358957393
10,MF,3,0.27875,0.5859375,0.7489525405653379,-5.16018522182804e-10,0.09236193925361444,0.35006838778124627,0.046101298098756405,0.3764263654951296,0.31464799802910437,-0.045975755345664115
10,MF,3,0.27875,0.6015625,0.8372895848851114,-5.979190970464843e-10,0.0733226270739018,0.3190795376696123,0.048353096903431037,0.4025448186813265,0.2989411344225541,-0.048846352684716585
10,MF,3,0.27875,0.6171875,0.9068735882570846,-6.740614004463463e-10,0.06577545612178021,0.2847342567870231,0.04859594974664491,0.4334330334946913,0.28271512705218105,-0.05360484915476663
10,MF,3,0.27875,0.6328125,0.9580982055775727,-7.437121248704548e-10,0.06672747774000803,0.24855127830053694,0.046535237489062034,0.46877208842928,0.2668088790592231,-0.06067016125739554
10,MF,3,0.27875,0.6484375,0.9922572226381269,-8.062004995881833e-10,0.07163951555251297,0.21224345315519136,0.04222453236479303,0.507965024943693,0.25085968875515396,-0.06912337222247134
10,MF,3,0.27875,0.6640625,1.0114439644840996,-8.609247466404707e-10,0.07608681994391166,0.17747765688333056,0.03605198237672343,0.5501013258786212,0.23352471481263087,-0.07671558515229909
10,MF,3,0.27875,0.6796875,1.0184080411829466,-9.073578052104514e-10,0.07707444689038404,0.14563963878300373,0.02867141693177492,0.5942376579879558,0.21304515398904136,-0.08054111661021368
10,MF,3,0.27875,0.6953125,1.0163610816725686,-9.450525071167358e-10,0.07361710927332889,0.11766386749311875,0.02089157439778106,0.6397969316921863,0.18803075906012384,-0.0781342110374358
10,MF,3,0.27875,0.7109375,1.0087139629922022,-9.736458482176042e-10,0.06649500655355675,0.09396828220250039,0.013536537869372811,0.6867257181143848,0.15830395486992632,-0.06863100172555761
10,MF,3,0.27875,0.7265625,0.9987382470189317,-9.928624454167388e-10,0.05743241946405944,0.07450060940148538,0.007296063192676703,0.7351485890873835,0.1254515221714959,-0.05352961884326394
10,MF,3,0.27875,0.7421875,0.9891870396421175,-1.0025172429131615e-09,0.04817223835531282,0.05886682166679723,0.0025987410657545987,0.7846056115742222,0.09259953101479365,-0.03640409447691724
10,MF,3,0.27875,0.7578125,0.9819670677397574,-1.0025172404669303e-09,0.039884746844543614,0.04648952697710379,-0.0004498221103111788,0.8333895894967548,0.06327590190461058,-0.02127768029790355
10,MF,3,0.27875,0.7734375,0.9779769833314162,-9.928624421370272e-10,0.033057892418026154,0.03674664062559953,-0.0020371461798395336,0.8786363009670755,0.03998341845143019,-0.01060412818441919
10,MF,3,0.27875,0.7890625,0.9771804625371503,-9.736458422544923e-10,0.027700938912005584,0.029064091386711403,-0.0025357520292733126,0.9173196324428434,0.023436220728902817,-0.0045041095411356
10,MF,3,0.27875,0.8046875,0.978884538926498,-9.45052507353905e-10,0.023598223557741212,0.02296199037530734,-0.0023668194754084292,0.9474978534811671,0.01281535783946117,-0.0016399532892073616
10,MF,3,0.27875,0.8203125,0.9821083012735605,-9.073578007855513e-10,0.020471487463858982,0.018066834455979768,-0.0018907859465239424,0.9689397058755957,0.00657993659197996,-0.000516691860566485
10,MF,3,0.27875,0.8359375,0.985908826520327,-8.609247384005342e-10,0.018054327926466586,0.014103113982048898,-0.0013541371790966445,0.9828593997432574,0.0031912966399657372,-0.00014235662501437533
10,MF,3,0.27875,0.8515625,0.9895799674212518,-8.06200491971663e-10,0.016126347772276357,0.010874395070424746,-0.0008886485524210038,0.9911624247684157,0.0014693377276682646,-3.463771931576842e-05
10,MF,3,0.27875,0.8671875,0.9927119828047227,-7.437121010925459e-10,0.014529814450758185,0.008241425889359172,-0.0005405340839346243,0.9957410468173303,0.0006447178044262479,-7.504291970984293e-06
10,MF,3,0.27875,0.8828125,0.9951519678904999,-6.74061358070135e-10,0.013169980626408933,0.006102754243258412,-0.00030634669414419534,0.998087782107071,0.0002704077292353318,-1.4562146606705256e-06
10,MF,3,0.27875,0.8984375,0.9969203483561881,-5.979190375915476e-10,0.012001124236388671,0.0043807204142979755,-0.0001617405668890881,0.9992099562825946,0.0001086713842804945,-2.5375988376417435e-07
10,MF,3,0.27875,0.9140625,0.9981267703668284,-5.160184261970304e-10,0.011006910272665114,0.003013055402742596,-7.899755433527116e-05,0.9997111262710301,4.193081883187924e-05,-3.9573760442749e-08
10,MF,3,0.27875,0.9296875,0.9989074581010786,-4.291482765531778e-10,0.010183698937302508,0.0019486901724604041,-3.504968229763635e-05,0.9999194110588299,1.5561342278015157e-05,-5.425381310333669e-09
10,MF,3,0.27875,0.9453125,0.9993884554332014,-3.3814519251408105e-10,0.009530579497330273,0.0011460126299008338,-1.355610186330261e-05,0.9999989558801938,5.564664606074515e-06,-6.132691777267267e-10
10,MF,3,0.27875,0.9609375,0.9996695800673452,-2.4388558767936513e-10,0.009045501430379983,0.0005722200555968173,-4.140290257566584e-06,1.0000260271810757,1.9243776246845753e-06,-4.127438317913184e-11
10,MF,3,0.27875,0.9765625,0.9998211681417877,-1.4727723100587623e-10,0.008725093121385046,0.00020301943863512462,-7.396319525165141e-07,1.0000336975742385,6.587325561298464e-07,5.564551193320906e-12
10,MF,3,0.27875,0.9921875,0.999886709962825,-4.9250513734941745e-11,0.008565939808618299,2.2392732933742105e-05,-8.371353782241226e-13,1.000035264347291,2.703356565965373e-07,4.439503395036789e-12
10,MF,4,0.37125,0.0078125,-0.9994669223887929,2.1355574738603743e-11,0.010863608997163376,2.715328132351881e-05,-1.5395696573684771e-12,7.7587945724952e-06,0.9999293428123699,-2.140802500862199e-09
10,MF,4,0.37125,0.0234375,-0.9992960891473812,6.386105844981803e-11,0.011026782321555701,0.0002456907335403461,-9.626608836674855e-07,1.445629199573911e-05,0.999827245393921,-7.280133047446993e-09
10,MF,4,0.37125,0.0390625,-0.9989297635839819,1.0575152510411065e-10,0.011351837111340642,0.0006897266980440814,-5.146182568276934e-06,3.2665789359419354e-05,0.999564695694656,-3.55626789213533e-08
10,MF,4,0.37125,0.0546875,-0.9983225000170921,1.4662354701688515e-10,0.011836556244060317,0.0013730428886122841,-1.572508151327451e-05,7.468864872660346e-05,0.9990053229112965,-1.738333133049151e-07
10,MF,4,0.37125,0.0703125,-0.997417481345076,1.860835038575842e-10,0.012479078701538537,0.0023160321322865623,-3.7046979551518706e-05,0.00016660082880397948,0.9978954643098458,-7.937687662268265e-07
10,MF,4,0.37125,0.0859375,-0.9961642045805938,2.2375137880741372e-10,0.013281029367182808,0.0035456039058523858,-7.409404372266836e-05,0.0003600595997456912,0.9958082473800067,-3.3486255179961714e-06
10,MF,4,0.37125,0.1015625,-0.9945468378998958,2.592643996083936e-10,0.014253414900950587,0.0050955598193510344,-0.00013037320778446458,0.0007523281724987576,0.9920823730934181,-1.3007531834508315e-05
10,MF,4,0.37125,0.1171875,-0.9926230610555502,2.922805614072668e-10,0.015425564010102484,0.007007985768726344,-0.0002032300477547052,0.0015171724732691077,0.9857816097839798,-4.636894857569204e-05
10,MF,4,0.37125,0.1328125,-0.9905677881077594,3.224819056539194e-10,0.016856241109649568,0.009336318623098264,-0.0002757272830672269,0.0029468349733572223,0.9757180974129145,-0.00015103710606832464
10,MF,4,0.37125,0.1484375,-0.9887084962610257,3.495775702331422e-10,0.018645090098346362,0.01215064221278096,-0.0003051380077874824,0.005497794670431882,0.9605899387049686,-0.0004471366937777364
10,MF,4,0.37125,0.1640625,-0.9875314614015143,3.7330661261866793e-10,0.020942429600611396,0.015545376351291,-0.00021003650301787855,0.009817948684517307,0.9392611826838724,-0.0011956907320154406
10,MF,4,0.37125,0.1796875,-0.9876355674427313,3.934405113986336e-10,0.023954947814759764,0.01964890296018999,0.0001393297632215828,0.01671246860446031,0.9111441052546585,-0.002869486302061013
10,MF,4,0.37125,0.1953125,-0.9896174951893107,4.0978536167655955e-10,0.02793992090801034,0.024633912652585528,0.0009203541172109252,0.026995391101352115,0.8765441422450113,-0.006143755752052435
10,MF,4,0.37125,0.2109375,-0.9938911140803868,4.2218375019900667e-10,0.033168059133642944,0.03072615226421049,0.0023398819637396786,0.04120514986656683,0.8367648913696446,-0.011687844503780319
10,MF,4,0.37125,0.2265625,-1.0004706244908848,4.305162853816824e-10,0.039822536137970856,0.03820718305299697,0.004594928492381419,0.05925567773416646,0.7938374061682039,-0.019736181065402328
10,MF,4,0.37125,0.2421875,-1.0087706285844886,4.3470270113567244e-10,0.04781220661176014,0.0474033759078787,0.007815786924593199,0.08020582636625284,0.7499491987402432,-0.029664285084830037
10,MF,4,0.37125,0.2578125,-1.0174843020837572,4.347027076408855e-10,0.0565323103722216,0.058650095126688936,0.012002656257346431,0.1023397962487174,0.7068586321498411,-0.03994226814316499
10,MF,4,0.37125,0.2734375,-1.0245869906038299,4.305162860322037e-10,0.06469309880505256,0.07222072327853982,0.016971033979323265,0.12359045663432563,0.6655905570466387,-0.048609459589888854
10,MF,4,0.37125,0.2890625,-1.0274818628791742,4.2218375757158144e-10,0.07039454259541847,0.08821916275681409,0.02231974947280748,0.14212167685226332,0.6264985172563428,-0.0539961392778178
10,MF,4,0.37125,0.3046875,-1.023269452809309,4.0978536937439497e-10,0.07158172037313218,0.10645229920009527,0.02743090387999188,0.15681465384989457,0.5895428309210268,-0.055277138648657714
10,MF,4,0.37125,0.3203125,-1.0090954085729662,3.934405063028834e-10,0.06685217013967087,0.1263196303546021,0.031507230333154446,0.16751012147398603,0.5545553404704362,-0.05264776486418756
10,MF,4,0.37125,0.3359375,-0.9825149432936735,3.7330660405347077e-10,0.0563693218637308,0.14676983974468355,0.03365042422352457,0.1749916944511148,0.5213490737709664,-0.04714413793031165
10,MF,4,0.37125,0.3515625,-0.9418082957968259,3.495775822677863e-10,0.042485812630979475,0.166368203259812,0.032980079911146716,0.18074471202902231,0.48968443619656155,-0.04021997753124666
10,MF,4,0.37125,0.3671875,-0.8861896204482873,3.224819222422126e-10,0.029702291084036096,0.18349131868439023,0.028783503082668926,0.18653314639373078,0.45922245777728915,-0.03323773822730302
10,MF,4,0.37125,0.3828125,-0.8158731308191574,2.922805945838533e-10,0.02379943644552142,0.19662442467706498,0.02067441552967165,0.1938822002010066,0.42960822152254496,-0.027084831811251077
10,MF,4,0.37125,0.3984375,-0.7319911579341136,2.5926441625089697e-10,0.030290208075623194,0.2046971772903252,0.008730975194059866,0.20361962212041818,0.4007128355753465,-0.0220791023329927
10,MF,4,0.37125,0.4140625,-0.6363889041110148,2.2375140358143336e-10,0.05260090411662728,0.20737155113131625,-0.006414985263026647,0.21563998462635353,0.3728952948857249,-0.018145280080384903
10,MF,4,0.37125,0.4296875,-0.531340305496169,1.8608354435253535e-10,0.09051272399247527,0.20519771266383616,-0.023559418382390368,0.22898953070840286,0.3470678831399212,-0.015085278991818836
10,MF,4,0.37125,0.4453125,-0.4192371079608683,1.4662350131776358e-10,0.13938886170903755,0.1995781766548793,-0.0409972717109401,0.24226281129012905,0.324436947072083,-0.012765302073231594
10,MF,4,0.37125,0.4609375,-0.3023053508038509,1.0575134279551535e-10,0.19061113352610243,0.1925214306069953,-0.05670247881591309,0.25419155276389777,0.30598286661909757,-0.011144536060001164
10,MF,4,0.37125,0.4765625,-0.18240448085208344,6.386133223797164e-11,0.2334121907616425,0.1862184386764154,-0.06862423551547306,0.264216996626745,0.29191698926300785,-0.01018267859912974
10,MF,4,0.37125,0.4921875,-0.06095836688950758,2.1355963872315975e-11,0.25782203200721443,0.18253186431749022,-0.07506777766485759,0.2728145916484451,0.2814147898340278,-0.009764028867995732
10,MF,4,0.37125,0.5078125,0.060958366889507495,-2.1355971678571617e-11,0.2578220320072143,0.1825318643174902,-0.07506777766485759,0.2814147898340278,0.2728145916484451,-0.009764028867995732
10,MF,4,0.37125,0.5234375,0.18240448085208336,-6.386134763364248e-11,0.2334121907616424,0.1862184386764154,-0.06862423551547304,0.2919169892630079,0.264216996626745,-0.010182678599129745
10,MF,4,0.37125,0.5390625,0.3023053508038509,-1.0575134344603665e-10,0.19061113352610243,0.1925214306069954,-0.05670247881591309,0.30598286661909757,0.2541915527638977,-0.011144536060001167
10,MF,4,0.37125,0.5546875,0.4192371079608683,-1.4662350088408271e-10,0.13938886170903753,0.19957817665487937,-0.040997271710940114,0.32443694707208304,0.24226281129012905,-0.0127653020732316
10,MF,4,0.37125,0.5703125,0.5313403054961688,-1.8608355134563936e-10,0.09051272399247526,0.2051977126638362,-0.0235594183823904,0.34706788313992126,0.22898953070840286,-0.015085278991818843
10,MF,4,0.37125,0.5859375,0.6363889041110149,-2.2375140477405575e-10,0.05260090411662728,0.20737155113131633,-0.006414985263026649,0.3728952948857249,0.21563998462635348,-0.018145280080384903
10,MF,4,0.37125,0.6015625,0.7319911579341137,-2.59264420262445e-10,0.030290208075623236,0.20469717729032527,0.008730975194059878,0.4007128355753465,0.20361962212041815,-0.022079102332992692
10,MF,4,0.37125,0.6171875,0.8158731308191574,-2.9228057528505463e-10,0.02379943644552142,0.19662442467706506,0.020674415529671662,0.429608221522545,0.19388220020100658,-0.027084831811251063
10,MF,4,0.37125,0.6328125,0.8861896204482875,-3.2248191812224436e-10,0.02970229108403613,0.18349131868439028,0.02878350308266893,0.45922245777728915,0.18653314639373075,-0.033237738227303
10,MF,4,0.37125,0.6484375,0.9418082957968259,-3.4957757879833934e-10,0.042485812630979516,0.16636820325981205,0.03298007991114678,0.48968443619656155,0.1807447120290223,-0.04021997753124665
10,MF,4,0.37125,0.6640625,0.9825149432936737,-3.733065985240397e-10,0.056369321863730865,0.1467698397446836,0.03365042422352463,0.5213490737709664,0.17499169445111473,-0.047144137930311636
10,MF,4,0.37125,0.6796875,1.0090954085729662,-3.9344050579466364e-10,0.06685217013967092,0.12631963035460217,0.03150723033315447,0.5545553404704362,0.16751012147398597,-0.05264776486418755
10,MF,4,0.37125,0.6953125,1.0232694528093087,-4.0978536567455506e-10,0.07158172037313229,0.1064522992000953,0.02743090387999192,0.5895428309210268,0.15681465384989454,-0.055277138648657693
10,MF,4,0.37125,0.7109375,1.0274818628791742,-4.2218375572843775e-10,0.07039454259541855,0.08821916275681412,0.02231974947280749,0.6264985172563426,0.1421216768522633,-0.05399613927781779
10,MF,4,0.37125,0.7265625,1.0245869906038299,-4.3051629199531566e-10,0.06469309880505264,0.07222072327853982,0.016971033979323202,0.6655905570466387,0.12359045663432561,-0.04860945958988884
10,MF,4,0.37125,0.7421875,1.0174843020837572,-4.3470271117809507e-10,0.05653231037222162,0.05865009512668893,0.012002656257346396,0.7068586321498409,0.10233979624871739,-0.039942268143164976
10,MF,4,0.37125,0.7578125,1.0087706285844886,-4.3470270862174963e-10,0.04781220661176017,0.04740337590787869,0.007815786924593176,0.7499491987402431,0.08020582636625281,-0.029664285084830024
10,MF,4,0.37125,0.7734375,1.0004706244908848,-4.305162893119153e-10,0.03982253613797089,0.03820718305299695,0.004594928492381393,0.7938374061682039,0.05925567773416646,-0.01973618106540232
10,MF,4,0.37125,0.7890625,0.9938911140803868,-4.22183752367411e-10,0.03316805913364299,0.03072615226421047,0.002339881963739656,0.8367648913696446,0.04120514986656682,-0.01168784450378032
10,MF,4,0.37125,0.8046875,0.9896174951893106,-4.0978536727375326e-10,0.02793992090801036,0.024633912652585507,0.0009203541172108983,0.8765441422450113,0.026995391101352115,-0.006143755752052437
10,MF,4,0.37125,0.8203125,0.9876355674427312,-3.9344051620978076e-10,0.023954947814759733,0.019648902960189972,0.00013932976322155735,0.9111441052546585,0.01671246860446031,-0.002869486302061014
10,MF,4,0.37125,0.8359375,0.987531461401514,-3.7330661287616595e-10,0.02094242960061138,0.015545376351290989,-0.00021003650301790037,0.9392611826838722,0.009817948684517306,-0.0011956907320154412
10,MF,4,0.37125,0.8515625,0.9887084962610257,-3.4957757191365554e-10,0.01864509009834634,0.01215064221278095,-0.0003051380077874957,0.9605899387049687,0.0054977946704318804,-0.0004471366937777367
10,MF,4,0.37125,0.8671875,0.9905677881077593,-3.2248190343215196e-10,0.01685624110964955,0.009336318623098257,-0.0002757272830672361,0.9757180974129145,0.002946834973357222,-0.00015103710606832472
10,MF,4,0.37125,0.8828125,0.9926230610555503,-2.922805619188747e-10,0.01542556401010248,0.007007985768726339,-0.00020323004775470524,0.9857816097839799,0.0015171724732691073,-4.6368948575691994e-05
10,MF,4,0.37125,0.8984375,0.994546837899896,-2.592644000454626e-10,0.014253414900950582,0.005095559819351029,-0.00013037320778446496,0.9920823730934181,0.0007523281724987573,-1.3007531834508307e-05
10,MF,4,0.37125,0.9140625,0.9961642045805938,-2.2375137824837197e-10,0.013281029367182812,0.0035456039058523814,-7.409404372267267e-05,0.9958082473800067,0.0003600595997456909,-3.348625517996156e-06
10,MF,4,0.37125,0.9296875,0.997417481345076,-1.8608350375255212e-10,0.01247907870153853,0.0023160321322865584,-3.704697955152297e-05,0.9978954643098458,0.0001666008288039793,-7.937687662268171e-07
10,MF,4,0.37125,0.9453125,0.9983225000170921,-1.4662354668484824e-10,0.01183655624406031,0.0013730428886122824,-1.572508151327811e-05,0.9990053229112965,7.468864872660331e-05,-1.7383331330491007e-07
10,MF,4,0.37125,0.9609375,0.9989297635839818,-1.0575152531417482e-10,0.011351837111340614,0.0006897266980440804,-5.146182568278029e-06,0.999564695694656,3.266578935941923e-05,-3.5562678921348834e-08
10,MF,4,0.37125,0.9765625,0.999296089147381,-6.386105809406419e-11,0.011026782321555675,0.0002456907335403458,-9.626608836667246e-07,0.9998272453939211,1.4456291995739012e-05,-7.280133047445808e-09
10,MF,4,0.37125,0.9921875,0.9994669223887926,-2.1355574880905278e-11,0.010863608997163359,2.7153281323518774e-05,-1.5395696434983126e-12,0.9999293428123701,7.75879457249511e-06,-2.1408025008616276e-09
10,MF,5,0.464375,0.0078125,-0.9986918991809639,-5.385396820059129e-13,0.011672826910549841,2.8561030803385965e-05,-1.4198574723759078e-12,4.5449756984688486e-05,0.9988138458717157,-1.0472106118741901e-07
10,MF,5,0.464375,0.0234375,-0.9984616135448412,-1.6104332087709186e-12,0.01182541758780326,0.00025818195310500823,2.2680529219461622e-07,7.110270346358634e-05,0.9982661605491281,-2.340835672691029e-07
10,MF,5,0.464375,0.0390625,-0.9980013101454837,-2.6668179112492724e-12,0.012133659229731216,0.0007234869761133506,1.3509529518621173e-06,0.0001339023858434069,0.9970182207143397,-7.42204573119913e-07
10,MF,5,0.464375,0.0546875,-0.9973195130596844,-3.697520886475e-12,0.012605483674857521,0.0014367403081373676,4.8640403514197996e-06,0.0002603878636282883,0.9947540369926711,-2.5002872508652625e-06
10,MF,5,0.464375,0.0703125,-0.9964483293604076,-4.692610801890554e-12,0.01325742186945257,0.0024168226121736203,1.4200802257653321e-05,0.0004996201488404625,0.9909800490500976,-8.142491252029406e-06
10,MF,5,0.464375,0.0859375,-0.9954642320544894,-5.6425093547182725e-12,0.014120328581993708,0.003690189613211328,3.6721348861994444e-05,0.0009350443876793089,0.9850224926222211,-2.497228840917368e-05
10,MF,5,0.464375,0.1015625,-0.994510272216514,-6.538071028582698e-12,0.015246988541177058,0.005292727510254719,8.680631616122616e-05,0.0017005757895513398,0.9760564647318358,-7.150600631349644e-05
10,MF,5,0.464375,0.1171875,-0.9938128051897788,-7.370666360237421e-12,0.01672116154071126,0.007272874832665708,0.00019004981589561176,0.002998809297655016,0.9631866743632088,-0.000190259745154658
10,MF,5,0.464375,0.1328125,-0.993683018055834,-8.132277620406803e-12,0.018667104300696347,0.009696291717397783,0.00038802152763868394,0.005115428926526409,0.9455892506039563,-0.000468457562118191
10,MF,5,0.464375,0.1484375,-0.9944922819388478,-8.815571753487128e-12,0.02125736571225139,0.012652139749693113,0.0007423393878078414,0.00841845769973985,0.9227001015629632,-0.0010629349452049765
10,MF,5,0.464375,0.1640625,-0.996612253724843,-9.413958328152727e-12,0.024713578514407863,0.016260646577818998,0.0013360323363594503,0.013326503112282347,0.8944027451486323,-0.0022137141083279984
10,MF,5,0.464375,0.1796875,-1.0003167578963181,-9.921687603442475e-12,0.029289284395394792,0.020680948127185413,0.0022697055356749015,0.020232394629895067,0.8611433850968992,-0.00421760425849676
10,MF,5,0.464375,0.1953125,-1.005652408477982,-1.0333875248569324e-11,0.03521735220562596,0.026116998457043357,0.0036501907514287415,0.029384089408821704,0.8239068304429416,-0.007335732723837951
10,MF,5,0.464375,0.2109375,-1.0122965299798499,-1.0646542892081556e-11,0.042603837372818545,0.03281742331545673,0.0055703213443375945,0.04075275738843211,0.7840371984953796,-0.01164517076980458
10,MF,5,0.464375,0.2265625,-1.0194308509485435,-1.0856663875194461e-11,0.05126510202733994,0.041062821264049684,0.008080032626258334,0.053943008103503054,0.7429639344336199,-0.016903046900565384
10,MF,5,0.464375,0.2421875,-1.0256644687896657,-1.0962233399670895e-11,0.06054172461952188,0.05113236392761185,0.01115077021510696,0.06819865285790531,0.7019463197499698,-0.022518278405040528
10,MF,5,0.464375,0.2578125,-1.029037896276653,-1.0962234158612416e-11,0.06917307005926213,0.06324279238983016,0.014637026622530226,0.08252180296878733,0.6619337400444858,-0.027677875855925155
10,MF,5,0.464375,0.2734375,-1.027131252182753,-1.0856652816332302e-11,0.07535282746591257,0.07745939085266994,0.018241112180663627,0.09587683712852738,0.6235611451549052,-0.03158292703429223
10,MF,5,0.464375,0.2890625,-1.0172839882451132,-1.0646541807879384e-11,0.07706924980888516,0.09359096156672309,0.021490541992953728,0.10742459525408765,0.5872175932305379,-0.03369074557936855
10,MF,5,0.464375,0.3046875,-0.9969111466536081,-1.0333883054824966e-11,0.07273685138655801,0.11109636132594823,0.02374100805664929,0.11672841455114788,0.5531007998666962,-0.03386518138662464
10,MF,5,0.464375,0.3203125,-0.9638741455850799,-9.921697361262027e-12,0.06196461471575252,0.12904171160159983,0.024218716357700454,0.12387185243949464,0.5212171278443869,-0.032378007358218844
10,MF,5,0.464375,0.3359375,-0.91683968143849,-9.413970688057494e-12,0.046156068552163344,0.1461460308552417,0.02210954539244033,0.12942718349046947,0.49136611407414077,-0.0297591492547222
10,MF,5,0.464375,0.3515625,-0.8555505593040406,-8.815571753487128e-12,0.02860917566873049,0.16093352593324636,0.016687694639270327,0.13424544996399532,0.46319378246386544,-0.026563066028427264
10,MF,5,0.464375,0.3671875,-0.7809468209732875,-8.132281523534624e-12,0.013941229039655927,0.17197723766051554,0.007459249390349681,0.13912238617162365,0.43635576674102783,-0.023170339909144688
10,MF,5,0.464375,0.3828125,-0.6951112871045357,-7.370671781248284e-12,0.006945048015095144,0.17818484055221767,-0.0057118427234204554,0.14449454388719113,0.4107126041583855,-0.01972083682864951
10,MF,5,0.464375,0.3984375,-0.6010516712697063,-6.5380535187176125e-12,0.011227940344994561,0.17905857998723113,-0.0225185169698503,0.15036436918363283,0.3863831717424262,-0.016192068604394427
10,MF,5,0.464375,0.4140625,-0.5023493399491475,-5.642484743328957e-12,0.028063670513018203,0.1748643737423482,-0.042168377036759075,0.1565797445680503,0.36352267102614055,-0.012571040794109901
10,MF,5,0.464375,0.4296875,-0.4026975573649981,-4.692613051610062e-12,0.05580037602428346,0.16666475593395452,-0.06337385605320621,0.1633794018393747,0.3418937191507437,-0.009026077382585635
10,MF,5,0.464375,0.4453125,-0.30534432967180136,-3.69758650781149e-12,0.09000562849405211,0.15619626555835958,-0.0843780028410071,0.17183313615629514,0.32055832923727295,-0.005933697826904583
10,MF,5,0.464375,0.4609375,-0.2124885684378301,-2.6669055418898635e-12,0.12435427676144455,0.14559863356182828,-0.10305829384862222,0.1836923794896897,0.2981202222526098,-0.003671696176403518
10,MF,5,0.464375,0.4765625,-0.12476964694302788,-1.6104888689999486e-12,0.15206659345689888,0.13703258333358817,-0.11717727588633126,0.20048711037165723,0.27364050343199536,-0.002350097686685448
10,MF,5,0.464375,0.4921875,-0.04108195411294821,-5.385852354378162e-13,0.16750940119672514,0.1322561599845904,-0.12480414092517891,0.22237182576758652,0.24766311047989065,-0.0017928560387978848
10,MF,5,0.464375,0.5078125,0.041081954112948224,5.385498904469932e-13,0.16750940119672517,0.1322561599845904,-0.12480414092517891,0.24766311047989065,0.22237182576758652,-0.0017928560387978855
10,MF,5,0.464375,0.5234375,0.12476964694302793,1.6104843153508241e-12,0.15206659345689894,0.1370325833335882,-0.11717727588633128,0.27364050343199536,0.20048711037165723,-0.0023500976866854487
10,MF,5,0.464375,0.5390625,0.21248856843783018,2.666906626092036e-12,0.12435427676144464,0.1455986335618283,-0.10305829384862228,0.2981202222526098,0.1836923794896897,-0.003671696176403519
10,MF,5,0.464375,0.5546875,0.3053443296718014,3.697586670441816e-12,0.09000562849405218,0.15619626555835966,-0.08437800284100715,0.3205583292372729,0.1718331361562951,-0.005933697826904583
10,MF,5,0.464375,0.5703125,0.40269755736499824,4.692617496838969e-12,0.05580037602428353,0.16666475593395458,-0.06337385605320624,0.3418937191507436,0.16337940183937466,-0.009026077382585637
10,MF,5,0.464375,0.5859375,0.5023493399491477,5.642479810209072e-12,0.02806367051301821,0.1748643737423483,-0.042168377036759075,0.36352267102614055,0.1565797445680503,-0.012571040794109898
10,MF,5,0.464375,0.6015625,0.6010516712697063,6.538066664668954e-12,0.011227940344994566,0.17905857998723126,-0.022518516969850313,0.3863831717424262,0.15036436918363283,-0.01619206860439442
10,MF,5,0.464375,0.6171875,0.6951112871045357,7.370682298009357e-12,0.0069450480150951245,0.17818484055221778,-0.005711842723420429,0.4107126041583855,0.14449454388719107,-0.019720836828649495
10,MF,5,0.464375,0.6328125,0.7809468209732875,8.132294439093003e-12,0.013941229039655927,0.17197723766051565,0.007459249390349725,0.43635576674102783,0.1391223861716236,-0.02317033990914467
10,MF,5,0.464375,0.6484375,0.8555505593040407,8.815578909221466e-12,0.028609175668730523,0.16093352593324645,0.01668769463927037,0.46319378246386544,0.13424544996399526,-0.02656306602842724
10,MF,5,0.464375,0.6640625,0.9168396814384903,9.413953422137897e-12,0.04615606855216342,0.1461460308552418,0.022109545392440325,0.4913661140741408,0.12942718349046944,-0.02975914925472218
10,MF,5,0.464375,0.6796875,0.9638741455850799,9.92167914666553e-12,0.061964614715752556,0.12904171160159986,0.024218716357700433,0.5212171278443869,0.12387185243949461,-0.03237800735821883
10,MF,5,0.464375,0.6953125,0.9969111466536085,1.0333880479844806e-11,0.07273685138655807,0.11109636132594827,0.023741008056649276,0.5531007998666961,0.11672841455114782,-0.03386518138662462
10,MF,5,0.464375,0.7109375,1.0172839882451132,1.0646531640942918e-11,0.07706924980888522,0.09359096156672311,0.021490541992953707,0.5872175932305377,0.10742459525408762,-0.033690745579368526
10,MF,5,0.464375,0.7265625,1.0271312521827531,1.0856655872427175e-11,0.07535282746591264,0.07745939085266995,0.018241112180663602,0.6235611451549052,0.09587683712852738,-0.031582927034292226
10,MF,5,0.464375,0.7421875,1.029037896276653,1.0962241531187189e-11,0.06917307005926215,0.06324279238983016,0.014637026622530198,0.6619337400444858,0.08252180296878732,-0.027677875855925144
10,MF,5,0.464375,0.7578125,1.0256644687896657,1.0962238549631215e-11,0.0605417246195219,0.05113236392761186,0.011150770215106935,0.7019463197499698,0.06819865285790531,-0.022518278405040525
10,MF,5,0.464375,0.7734375,1.0194308509485432,1.085666211336593e-11,0.05126510202733998,0.041062821264049684,0.008080032626258308,0.7429639344336199,0.05394300810350304,-0.016903046900565374
10,MF,5,0.464375,0.7890625,1.0122965299798499,1.0646537338933554e-11,0.042603837372818615,0.03281742331545672,0.005570321344337588,0.7840371984953796,0.040752757388432106,-0.011645170769804574
10,MF,5,0.464375,0.8046875,1.005652408477982,1.033387533666075e-11,0.035217352205626,0.02611699845704335,0.0036501907514287207,0.8239068304429417,0.0293840894088217,-0.007335732723837947
10,MF,5,0.464375,0.8203125,1.0003167578963181,9.921690578645702e-12,0.02928928439539479,0.020680948127185406,0.0022697055356748863,0.8611433850968992,0.02023239462989506,-0.0042176042584967585
10,MF,5,0.464375,0.8359375,0.996612253724843,9.413963784738973e-12,0.024713578514407857,0.01626064657781899,0.0013360323363594316,0.8944027451486322,0.013326503112282343,-0.002213714108327997
10,MF,5,0.464375,0.8515625,0.9944922819388478,8.815577938521709e-12,0.021257365712251376,0.012652139749693106,0.0007423393878078309,0.9227001015629632,0.008418457699739847,-0.0010629349452049757
10,MF,5,0.464375,0.8671875,0.993683018055834,8.1322815743566e-12,0.018667104300696378,0.009696291717397778,0.00038802152763867006,0.9455892506039563,0.005115428926526407,-0.00046845756211819073
10,MF,5,0.464375,0.8828125,0.9938128051897788,7.370664903340752e-12,0.01672116154071128,0.007272874832665701,0.0001900498158956033,0.9631866743632088,0.002998809297655014,-0.00019025974515465778
10,MF,5,0.464375,0.8984375,0.994510272216514,6.5380731427769345e-12,0.015246988541177075,0.005292727510254712,8.680631616122464e-05,0.9760564647318357,0.0017005757895513388,-7.150600631349639e-05
10,MF,5,0.464375,0.9140625,0.9954642320544893,5.642514162477281e-12,0.014120328581993717,0.003690189613211322,3.672134886199797e-05,0.9850224926222211,0.0009350443876793083,-2.4972288409173643e-05
10,MF,5,0.464375,0.9296875,0.9964483293604075,4.692613451409613e-12,0.013257421869452578,0.0024168226121736146,1.4200802257653518e-05,0.9909800490500977,0.0004996201488404621,-8.142491252029365e-06
10,MF,5,0.464375,0.9453125,0.9973195130596844,3.697521298133013e-12,0.012605483674857521,0.001436740308137363,4.864040351417696e-06,0.9947540369926713,0.0002603878636282881,-2.5002872508652413e-06
10,MF,5,0.464375,0.9609375,0.9980013101454834,2.6668183076606917e-12,0.012133659229731204,0.0007234869761133474,1.3509529518585322e-06,0.9970182207143397,0.00013390238584340674,-7.42204573119901e-07
10,MF,5,0.464375,0.9765625,0.9984616135448411,1.610433860986288e-12,0.011825417587803234,0.00025818195310500677,2.2680529219279902e-07,0.9982661605491282,7.110270346358624e-05,-2.340835672690963e-07
10,MF,5,0.464375,0.9921875,0.9986918991809635,5.385401391919462e-13,0.011672826910549775,2.8561030803385768e-05,-1.4198576184626214e-12,0.9988138458717158,4.5449756984688404e-05,-1.0472106118741563e-07
10,MF,6,0.556875,0.0078125,-0.9979542064410518,-6.982882466157435e-12,0.01135142293359789,2.7506027786730928e-05,-9.048679808101954e-13,0.00010806007890340382,0.9954141992642117,-7.826086380944282e-07
10,MF,6,0.556875,0.0234375,-0.9978022407554561,-2.0881397678410973e-11,0.01152262594681552,0.0002487903198922568,2.3032159086291675e-06,0.00015027138007073747,0.9941764220962443,-1.363514937617903e-06
10,MF,6,0.556875,0.0390625,-0.9975283723556327,-3.457881406882489e-11,0.011876701464454104,0.000698069009646531,1.196830375863493e-05,0.0002472492480167485,0.9915278552376517,-3.21089156355827e-06
10,MF,6,0.556875,0.0546875,-0.9971969413909076,-4.794321642703596e-11,0.012438881788368862,0.0013893500998271538,3.548511823783156e-05,0.0004263254579686532,0.9871324207127461,-8.276003394639316e-06
10,MF,6,0.556875,0.0703125,-0.9969132401250853,-6.084590142385431e-11,0.01325166037487224,0.0023452131799738354,8.195982406256552e-05,0.0007339396297040881,0.9805145717423257,-2.121655658542425e-05
10,MF,6,0.556875,0.0859375,-0.9968291870703383,-7.31626066696224e-11,0.014380057567471193,0.003598940636091068,0.00016457962060408238,0.0012416766481287474,0.9711020622965272,-5.222135719950789e-05
10,MF,6,0.556875,0.1015625,-0.9971430415656357,-8.477471648933241e-11,0.015917890689229604,0.005197701972172402,0.00030231960676677637,0.0020529641918716553,0.9582917518436456,-0.0001217888528000115
10,MF,6,0.556875,0.1171875,-0.9980872592298082,-9.557040011806683e-11,0.017993750220248933,0.007206933017839893,0.0005216806095291494,0.00330831197801336,0.941536405758216,-0.0002675193398742779
10,MF,6,0.556875,0.1328125,-0.9998986885250052,-1.0544568712113345e-10,0.02077387271624459,0.009715879947867337,0.0008580139229729251,0.00518563949117627,0.9204412571533334,-0.0005514489793668233
10,MF,6,0.556875,0.1484375,-1.0027669259394023,-1.1430547068765062e-10,0.024456509488045113,0.012843921505820968,0.001355718583565172,0.007891259557616884,0.8948499877332494,-0.0010638276150694208
10,MF,6,0.556875,0.1640625,-1.0067600523536389,-1.2206443343078244e-10,0.029249022557378518,0.01674664114439106,0.0020663240221144496,0.01163754378787129,0.8648961977206415,-0.0019167041086636622
10,MF,6,0.556875,0.1796875,-1.011732071778499,-1.2864784790841272e-10,0.03531651833836977,0.021619590937596973,0.0030432359686198207,0.01660624141611379,0.8310033954287381,-0.0032210572655627413
10,MF,6,0.556875,0.1953125,-1.0172226717825295,-1.3399231854269167e-10,0.042692996400523486,0.02769627506008873,0.004331783920101265,0.02290183913960095,0.7938343565858337,-0.005047350761032431
10,MF,6,0.556875,0.2109375,-1.0223666001389282,-1.3804635971663426e-10,0.05115751571487649,0.03523539122308443,0.005953298950228815,0.030505420755406694,0.7542115770298691,-0.007380462694905572
10,MF,6,0.556875,0.2265625,-1.0258358762441024,-1.407709456814621e-10,0.06010169087508599,0.04449162887161995,0.007882583673173453,0.03924344723158045,0.7130406171682098,-0.010089334289234971
10,MF,6,0.556875,0.2421875,-1.0258415806357422,-1.4213983223938798e-10,0.06844697202518352,0.05566570291593528,0.010019843478468645,0.0487862166583737,0.6712570592814391,-0.012931219670951158
10,MF,6,0.556875,0.2578125,-1.0202205538638955,-1.421398348414732e-10,0.07469495671880813,0.06883427770474393,0.012161450515881252,0.05868780458347656,0.6297901968048835,-0.015598226071618704
10,MF,6,0.556875,0.2734375,-1.0066226774514966,-1.4077095023511121e-10,0.07718473468734476,0.08386949823303155,0.013978636378859516,0.06847205791306246,0.5895139977173333,-0.017795917949884513
10,MF,6,0.556875,0.2890625,-0.9827940239476247,-1.3804636296924078e-10,0.07456360191354293,0.10036902215376027,0.015017559481057131,0.077753156017026,0.5511624224806109,-0.019327201117759797
10,MF,6,0.556875,0.3046875,-0.9469217093578453,-1.3399233328784121e-10,0.06635631501863654,0.1176255338998521,0.014734488368295709,0.08635286868644532,0.5152256254565852,-0.0201449554823161
10,MF,6,0.556875,0.3203125,-0.8979765729328231,-1.2864786709879117e-10,0.05340046574327045,0.13466284971616022,0.012572210248386808,0.09435400223049417,0.48188770976793643,-0.02034334220543016
10,MF,6,0.556875,0.3359375,-0.8359744746235203,-1.220644514285385e-10,0.03789437326576274,0.15034981378696705,0.008067951951554336,0.10203881569196854,0.4510706103725113,-0.02008786704719943
10,MF,6,0.556875,0.3515625,-0.7620883053645605,-1.1430546808556541e-10,0.022937130340849494,0.16357683355188168,0.0009656482025961611,0.10971807963315303,0.42258936917166556,-0.01952267485472092
10,MF,6,0.556875,0.3671875,-0.6785797357514189,-1.0544568213380345e-10,0.01167840793263426,0.17345471482367447,-0.00870234833687215,0.11753731047069865,0.39633333078622834,-0.01870765529339296
10,MF,6,0.556875,0.3828125,-0.5885646249129113,-9.557039708230075e-11,0.006395334400238769,0.17948442380213353,-0.020589464261056973,0.12539688448012876,0.37233930150870875,-0.01762003312990783
10,MF,6,0.556875,0.3984375,-0.49565551974626243,-8.477473584234119e-11,0.007851706110559359,0.18165482753307838,-0.0340677588283829,0.13309203395764097,0.3506692216889657,-0.016225943875426186
10,MF,6,0.556875,0.4140625,-0.4035281249869007,-7.316260835013577e-11,0.01516452772272929,0.18044770796671983,-0.048300693140227155,0.1406519437260207,0.33112858586272387,-0.014589204320141616
10,MF,6,0.556875,0.4296875,-0.31544756741082197,-6.08459029688424e-11,0.026194386234219345,0.17675412523088951,-0.062329481091917216,0.1486813512844155,0.31299592059547743,-0.012932538992957508
10,MF,6,0.556875,0.4453125,-0.23378980076398814,-4.794325136545097e-11,0.038282629529696424,0.17172459483729632,-0.07515523089975276,0.15841003796113193,0.29500636819877313,-0.011561797868799979
10,MF,6,0.556875,0.4609375,-0.15962079323656714,-3.457885757243706e-11,0.04903235718428793,0.16658456789553033,-0.08581542801367362,0.17127284232717138,0.2757628797442866,-0.010680688695524885
10,MF,6,0.556875,0.4765625,-0.09244029024959999,-2.088147905456028e-11,0.056815636816726904,0.1624476177118256,-0.09346430872912007,0.1881608144454217,0.2544773943652122,-0.010267141085157428
10,MF,6,0.556875,0.4921875,-0.030216159852724966,-6.982948290781832e-12,0.06083375891390268,0.16015396638334406,-0.09746234748356808,0.2087815619993419,0.23159518138216958,-0.010139553909983516
10,MF,6,0.556875,0.5078125,0.030216159852725032,6.982933979313155e-12,0.06083375891390265,0.16015396638334406,-0.09746234748356807,0.23159518138216953,0.2087815619993419,-0.010139553909983515
10,MF,6,0.556875,0.5234375,0.09244029024960004,2.088145119056445e-11,0.05681563681672688,0.16244761771182564,-0.09346430872912004,0.25447739436521216,0.18816081444542174,-0.010267141085157428
10,MF,6,0.556875,0.5390625,0.15962079323656717,3.457885342536375e-11,0.04903235718428792,0.16658456789553036,-0.0858154280136736,0.27576287974428654,0.1712728423271714,-0.010680688695524883
10,MF,6,0.556875,0.5546875,0.2337898007639882,4.7943253235699715e-11,0.038282629529696424,0.17172459483729638,-0.07515523089975276,0.29500636819877313,0.15841003796113196,-0.011561797868799977
10,MF,6,0.556875,0.5703125,0.31544756741082197,6.084588215216069e-11,0.026194386234219345,0.17675412523088957,-0.06232948109191722,0.31299592059547743,0.1486813512844155,-0.012932538992957505
10,MF,6,0.556875,0.5859375,0.40352812498690077,7.316260173650252e-11,0.015164527722729295,0.18044770796671988,-0.048300693140227176,0.33112858586272387,0.14065194372602066,-0.014589204320141609
10,MF,6,0.556875,0.6015625,0.49565551974626243,8.477473235934171e-11,0.007851706110559346,0.18165482753307843,-0.034067758828382894,0.35066922168896564,0.13309203395764097,-0.016225943875426176
10,MF,6,0.556875,0.6171875,0.5885646249129113,9.557039502231662e-11,0.006395334400238766,0.17948442380213359,-0.020589464261056973,0.37233930150870875,0.1253968844801287,-0.01762003312990782
10,MF,6,0.556875,0.6328125,0.6785797357514192,1.0544566928600771e-10,0.01167840793263426,0.17345471482367453,-0.008702348336872175,0.39633333078622834,0.11753731047069862,-0.018707655293392945
10,MF,6,0.556875,0.6484375,0.7620883053645606,1.1430546217666357e-10,0.022937130340849512,0.16357683355188177,0.0009656482025961729,0.42258936917166556,0.10971807963315298,-0.019522674854720905
10,MF,6,0.556875,0.6640625,0.8359744746235205,1.2206443147921853e-10,0.037894373265762796,0.15034981378696707,0.008067951951554322,0.4510706103725113,0.10203881569196849,-0.020087867047199413
10,MF,6,0.556875,0.6796875,0.8979765729328232,1.2864785392573477e-10,0.053400465743270537,0.13466284971616024,0.012572210248386801,0.4818877097679365,0.09435400223049414,-0.020343342205430145
10,MF,6,0.556875,0.6953125,0.9469217093578455,1.3399231884084727e-10,0.06635631501863665,0.11762553389985211,0.014734488368295703,0.5152256254565852,0.08635286868644527,-0.020144955482316082
10,MF,6,0.556875,0.7109375,0.9827940239476249,1.3804636142425268e-10,0.07456360191354294,0.10036902215376028,0.015017559481057142,0.5511624224806109,0.07775315601702597,-0.01932720111775978
10,MF,6,0.556875,0.7265625,1.0066226774514966,1.4077094784986643e-10,0.07718473468734471,0.08386949823303157,0.013978636378859498,0.5895139977173333,0.06847205791306243,-0.0177959179498845
10,MF,6,0.556875,0.7421875,1.0202205538638953,1.421398191747518e-10,0.0746949567188081,0.06883427770474394,0.012161450515881212,0.6297901968048835,0.058687804583476534,-0.015598226071618693
10,MF,6,0.556875,0.7578125,1.0258415806357424,1.4213983066729483e-10,0.06844697202518349,0.05566570291593528,0.010019843478468623,0.6712570592814391,0.04878621665837368,-0.01293121967095115
10,MF,6,0.556875,0.7734375,1.0258358762441022,1.4077094866301806e-10,0.06010169087508597,0.044491628871619955,0.007882583673173415,0.7130406171682098,0.039243447231580436,-0.01008933428923496
10,MF,6,0.556875,0.7890625,1.0223666001389278,1.3804636191214366e-10,0.05115751571487649,0.035235391223084445,0.005953298950228761,0.7542115770298691,0.030505420755406683,-0.007380462694905567
10,MF,6,0.556875,0.8046875,1.0172226717825292,1.3399231545271548e-10,0.0426929964005235,0.027696275060088732,0.0043317839201012405,0.7938343565858337,0.022901839139600942,-0.005047350761032427
10,MF,6,0.556875,0.8203125,1.0117320717784988,1.2864784511659212e-10,0.03531651833836978,0.021619590937596973,0.003043235968619799,0.8310033954287381,0.016606241416113787,-0.003221057265562738
10,MF,6,0.556875,0.8359375,1.0067600523536386,1.2206443404064616e-10,0.02924902255737853,0.016746641144391068,0.0020663240221144292,0.8648961977206415,0.011637543787871282,-0.00191670410866366
10,MF,6,0.556875,0.8515625,1.002766925939402,1.1430547091804358e-10,0.02445650948804512,0.01284392150582097,0.0013557185835651616,0.8948499877332494,0.007891259557616881,-0.0010638276150694193
10,MF,6,0.556875,0.8671875,0.9998986885250052,1.0544568511535943e-10,0.020773872716244583,0.00971587994786734,0.0008580139229729189,0.9204412571533334,0.005185639491176267,-0.0005514489793668224
10,MF,6,0.556875,0.8828125,0.9980872592298082,9.557039814617413e-11,0.017993750220248964,0.007206933017839893,0.0005216806095291491,0.9415364057582161,0.0033083119780133578,-0.0002675193398742773
10,MF,6,0.556875,0.8984375,0.9971430415656357,8.477471404310126e-11,0.015917890689229622,0.005197701972172402,0.000302319606766766,0.9582917518436456,0.002052964191871654,-0.00012178885280001121
10,MF,6,0.556875,0.9140625,0.9968291870703382,7.316260667639867e-11,0.014380057567471205,0.003598940636091067,0.0001645796206040774,0.9711020622965274,0.0012416766481287461,-5.2221357199507765e-05
10,MF,6,0.556875,0.9296875,0.9969132401250852,6.084590100880816e-11,0.013251660374872232,0.002345213179973834,8.195982406256381e-05,0.9805145717423257,0.0007339396297040873,-2.121655658542419e-05
10,MF,6,0.556875,0.9453125,0.9971969413909076,4.79432170013243e-11,0.012438881788368855,0.0013893500998271532,3.548511823783103e-05,0.9871324207127461,0.00042632545796865277,-8.276003394639303e-06
10,MF,6,0.556875,0.9609375,0.9975283723556329,3.4578813770245776e-11,0.011876701464454117,0.0006980690096465305,1.1968303758636052e-05,0.9915278552376519,0.00024724924801674826,-3.210891563558255e-06
10,MF,6,0.556875,0.9765625,0.9978022407554562,2.088139809536294e-11,0.01152262594681552,0.0002487903198922564,2.3032159086288575e-06,0.9941764220962445,0.00015027138007073728,-1.3635149376178974e-06
10,MF,6,0.556875,0.9921875,0.9979542064410517,6.9828824265586446e-12,0.011351422933597869,2.750602778673086e-05,-9.048678801456236e-13,0.9954141992642118,0.00010806007890340367,-7.826086380944195e-07
10,MF,7,0.65,0.0078125,-0.9977316352263526,1.1902815311750888e-12,0.010789154988495312,2.6052320788128666e-05,8.313419388861882e-13,0.00014888521325833088,0.9896881042941899,-2.0598172399886295e-06
10,MF,7,0.65,0.0234375,-0.9977565579668246,3.5593814272935967e-12,0.011011061729981834,0.00023607330825514353,3.0746069333703425e-06,0.0001905776695085086,0.9879102827771669,-3.028057608529566e-06
10,MF,7,0.65,0.0390625,-0.9978461034684597,5.894202321859131e-12,0.011472286110056825,0.0006648322167807971,1.561841955447096e-05,0.0002826656238659077,0.984226269100182,-5.691508660191018e-06
10,MF,7,0.65,0.0546875,-0.9980783084473663,8.17225936445079e-12,0.012208945820012574,0.001330590665555245,4.478768408945285e-05,0.000443527438838053,0.9783919142447486,-1.1860463802318506e-05
10,MF,7,0.65,0.0703125,-0.9985655167241967,1.0371610268213906e-11,0.013278214656326006,0.00226284365209232,9.908607790808953e-05,0.0007030714808834475,0.9700719147793689,-2.5203479667560655e-05
10,MF,7,0.65,0.0859375,-0.9994452811411416,1.2471079805778315e-11,0.014761093959180361,0.0035049102627129096,0.00018904011545273848,0.0011052522857045303,0.9588749185903819,-5.2520001792241775e-05
10,MF,7,0.65,0.1015625,-1.0008631123206686,1.4450445939666323e-11,0.016764276367094023,0.005117419877298227,0.0003279328666071148,0.001710826671287084,0.9443960656512196,-0.0001055056353884914
10,MF,7,0.65,0.1171875,-1.0029439473423638,1.629064656609447e-11,0.019418616928036224,0.007182544066234638,0.0005324694396793333,0.0025996574292370097,0.9262624071196359,-0.00020276656592452206
10,MF,7,0.65,0.1328125,-1.005750031981389,1.797395571137908e-11,0.022870119851420415,0.009808532574580909,0.0008230884511532046,0.0038715710067393984,0.9041761271257508,-0.0003714469826007696
10,MF,7,0.65,0.1484375,-1.0092247966586132,1.9484169594581602e-11,0.027257711022486406,0.013133613887094645,0.0012233955433545956,0.005644524240844736,0.8779519763003499,-0.0006474148095029181
10,MF,7,0.65,0.1640625,-1.0131254132737477,2.0806743372507597e-11,0.03267156097161988,0.017327587002774918,0.001757890584437065,0.008048739236815101,0.8475489019586525,-0.001072788093958662
10,MF,7,0.65,0.1796875,-1.0169510876747563,2.192892899601298e-11,0.039088415705189956,0.022588530031484977,0.0024468729716744346,0.011215657004110393,0.8130997352435323,-0.0016899835711255513
10,MF,7,0.65,0.1953125,-1.0198795337324655,2.2839926781467734e-11,0.04628877126331933,0.02913125778556,0.0032973519579409197,0.015261273073019992,0.7749432695235348,-0.002532491765103529
10,MF,7,0.65,0.2109375,-1.0207296620101611,2.35309702495759e-11,0.053776007842744944,0.03716405208892736,0.004289334948321675,0.020265102850145912,0.7336565077505788,-0.003613910657350713
10,MF,7,0.65,0.2265625,-1.0179724751549135,2.399540538055439e-11,0.06073665716280731,0.04685161319838364,0.005358465307039298,0.026249192932695696,0.6900717003238934,-0.004918024912717249
10,MF,7,0.65,0.2421875,-1.0098115033428514,2.4228737289036517e-11,0.06609329634511357,0.05826592383386031,0.006378840237079776,0.03316588657160717,0.645250934292107,-0.006393879533578017
10,MF,7,0.65,0.2578125,-0.994345353247265,2.4228740650063252e-11,0.06869016577617224,0.07133277065160801,0.007153377121755007,0.04090570105822569,0.6003938103891948,-0.007960548730226912
10,MF,7,0.65,0.2734375,-0.9698061377219087,2.3995407548958736e-11,0.06760300137682748,0.085788351725178,0.0074214707722615285,0.049332446634286695,0.5566798079255715,-0.009524538688402608
10,MF,7,0.65,0.2890625,-0.9348412548063632,2.353098401894349e-11,0.062487019702688607,0.1011641317279972,0.006892077385226134,0.058338238512582845,0.515087713498356,-0.011005941938240085
10,MF,7,0.65,0.3046875,-0.8887810710062758,2.283994033399489e-11,0.053812572619826055,0.116814816926624,0.005302658841669286,0.06789212349073102,0.4762628405649404,-0.012360439004907893
10,MF,7,0.65,0.3203125,-0.8318244614467039,2.1928922002908968e-11,0.04284517686239879,0.13199250763064913,0.002491862002464236,0.07804862793390886,0.4404912219944233,-0.013582763525030773
10,MF,7,0.65,0.3359375,-0.7650875280795524,2.080674478197042e-11,0.03133034522576084,0.14595347934863334,-0.0015376064513942839,0.08889978857025704,0.40778711852554667,-0.014688671172783158
10,MF,7,0.65,0.3515625,-0.6904962759467294,1.9484167968278343e-11,0.02099462170936915,0.15807077451269047,-0.006591582767811517,0.10048964528816764,0.3780391882308924,-0.015687799185417045
10,MF,7,0.65,0.3671875,-0.6105465780591608,1.797395262140289e-11,0.013073013999831733,0.16792329043201215,-0.012307151480816698,0.1127386366614781,0.3511350800840023,-0.016565647863850338
10,MF,7,0.65,0.3828125,-0.5279851713199495,1.6290636591434482e-11,0.008051818576702553,0.17534152145152027,-0.018220772079035687,0.1254247589843559,0.3270099148659786,-0.017286672244660573
10,MF,7,0.65,0.3984375,-0.4454732645618218,1.4450453203820879e-11,0.005696127253132857,0.18040568392643547,-0.023860330599553028,0.13823796036946118,0.3056160949936132,-0.017818058677645465
10,MF,7,0.65,0.4140625,-0.36528353949987885,1.2471099673783126e-11,0.005297220390926992,0.18340535200166586,-0.028833351532403902,0.15088226598689103,0.2868512589737513,-0.018160355093669395
10,MF,7,0.65,0.4296875,-0.2890639834163523,1.0371617627236152e-11,0.0059999920557342245,0.18477589809546396,-0.032888061136874196,0.16317067423649623,0.2704906226949264,-0.018362284181648827
10,MF,7,0.65,0.4453125,-0.2176878012886146,8.172250528203084e-12,0.007074285009420323,0.18502611783146944,-0.035934132815690106,0.17506045948966997,0.2561586847159271,-0.018501947421173108
10,MF,7,0.65,0.4609375,-0.15119972656342184,5.894185421857767e-12,0.008052073009444206,0.18466694847681298,-0.03802117668403712,0.18661533898372193,0.24335734734518394,-0.01864020740155615
10,MF,7,0.65,0.4765625,-0.08886218886380672,3.559358103394361e-12,0.008725311750895097,0.18414699307570165,-0.03928344805912963,0.19793361144913652,0.23154606506646727,-0.018780871336989746
10,MF,7,0.65,0.4921875,-0.029296483404442547,1.1902470111943564e-12,0.009053924313776586,0.1837986479171728,-0.039867920907552694,0.2091065598663926,0.22024412863275664,-0.01887581004827156
10,MF,7,0.65,0.5078125,0.0292964834044426,-1.1902562269128225e-12,0.009053924313776586,0.18379864791717282,-0.039867920907552694,0.2202441286327566,0.2091065598663926,-0.01887581004827156
10,MF,7,0.65,0.5234375,0.08886218886380676,-3.559370409089019e-12,0.0087253117508951,0.1841469930757017,-0.03928344805912964,0.23154606506646727,0.19793361144913652,-0.018780871336989746
10,MF,7,0.65,0.5390625,0.15119972656342187,-5.894206787416829e-12,0.00805207300944421,0.18466694847681303,-0.03802117668403713,0.24335734734518394,0.18661533898372196,-0.01864020740155615
10,MF,7,0.65,0.5546875,0.21768780128861465,-8.172257114731282e-12,0.007074285009420328,0.1850261178314695,-0.03593413281569013,0.25615868471592707,0.17506045948967,-0.018501947421173108
10,MF,7,0.65,0.5703125,0.2890639834163523,-1.0371620229321366e-11,0.005999992055734232,0.18477589809546405,-0.03288806113687423,0.2704906226949264,0.16317067423649623,-0.018362284181648824
10,MF,7,0.65,0.5859375,0.3652835394998789,-1.2471107480038768e-11,0.005297220390926999,0.1834053520016659,-0.02883335153240395,0.2868512589737513,0.15088226598689103,-0.018160355093669395
10,MF,7,0.65,0.6015625,0.4454732645618218,-1.4450458462201415e-11,0.005696127253132859,0.18040568392643558,-0.023860330599553073,0.3056160949936131,0.13823796036946115,-0.01781805867764546
10,MF,7,0.65,0.6171875,0.5279851713199497,-1.629066152808445e-11,0.008051818576702542,0.17534152145152038,-0.018220772079035722,0.3270099148659785,0.1254247589843559,-0.017286672244660562
10,MF,7,0.65,0.6328125,0.6105465780591609,-1.797396248764266e-11,0.01307301399983173,0.16792329043201226,-0.012307151480816736,0.35113508008400224,0.11273863666147808,-0.01656564786385033
10,MF,7,0.65,0.6484375,0.6904962759467295,-1.9484171058254535e-11,0.020994621709369166,0.15807077451269055,-0.006591582767811535,0.37803918823089233,0.10048964528816763,-0.015687799185417035
10,MF,7,0.65,0.6640625,0.7650875280795525,-2.0806730172346147e-11,0.031330345225760864,0.14595347934863345,-0.0015376064513943112,0.40778711852554667,0.08889978857025702,-0.01468867117278315
10,MF,7,0.65,0.6796875,0.8318244614467041,-2.1928920295290547e-11,0.04284517686239886,0.1319925076306492,0.002491862002464185,0.44049122199442325,0.07804862793390883,-0.013582763525030767
10,MF,7,0.65,0.6953125,0.888781071006276,-2.2839926618837408e-11,0.05381257261982608,0.11681481692662407,0.005302658841669277,0.4762628405649404,0.06789212349073101,-0.012360439004907884
10,MF,7,0.65,0.7109375,0.9348412548063633,-2.353098206737958e-11,0.06248701970268871,0.10116413172799724,0.006892077385226115,0.515087713498356,0.05833823851258281,-0.011005941938240074
10,MF,7,0.65,0.7265625,0.9698061377219088,-2.3995404513192653e-11,0.06760300137682759,0.08578835172517804,0.00742147077226152,0.5566798079255715,0.04933244663428667,-0.009524538688402598
10,MF,7,0.65,0.7421875,0.9943453532472653,-2.422874547476292e-11,0.06869016577617232,0.07133277065160802,0.0071533771217549705,0.6003938103891949,0.04090570105822567,-0.007960548730226901
10,MF,7,0.65,0.7578125,1.0098115033428519,-2.4228749296575577e-11,0.0660932963451136,0.058265923833860325,0.006378840237079748,0.6452509342921071,0.033165886571607156,-0.00639387953357801
10,MF,7,0.65,0.7734375,1.0179724751549133,-2.399540329346521e-11,0.060736657162807225,0.04685161319838364,0.005358465307039266,0.6900717003238934,0.02624919293269568,-0.004918024912717244
10,MF,7,0.65,0.7890625,1.0207296620101611,-2.353097310915913e-11,0.05377600784274493,0.03716405208892737,0.004289334948321634,0.7336565077505788,0.020265102850145905,-0.003613910657350709
10,MF,7,0.65,0.8046875,1.0198795337324655,-2.2839937731909676e-11,0.04628877126331936,0.029131257785560007,0.0032973519579408655,0.7749432695235348,0.015261273073019983,-0.0025324917651035252
10,MF,7,0.65,0.8203125,1.0169510876747565,-2.1928932529834437e-11,0.03908841570519002,0.022588530031484977,0.002446872971674405,0.8130997352435323,0.011215657004110386,-0.0016899835711255487
10,MF,7,0.65,0.8359375,1.0131254132737477,-2.0806740898324358e-11,0.03267156097161994,0.017327587002774918,0.0017578905844370524,0.8475489019586525,0.008048739236815095,-0.0010727880939586602
10,MF,7,0.65,0.8515625,1.0092247966586132,-1.94841694556682e-11,0.027257711022486395,0.013133613887094643,0.0012233955433545972,0.8779519763003499,0.005644524240844733,-0.0006474148095029168
10,MF,7,0.65,0.8671875,1.005750031981389,-1.7973954767784377e-11,0.022870119851420408,0.009808532574580905,0.0008230884511531997,0.9041761271257509,0.0038715710067393954,-0.00037144698260076887
10,MF,7,0.65,0.8828125,1.0029439473423638,-1.6290646369582825e-11,0.019418616928036217,0.007182544066234637,0.0005324694396793364,0.9262624071196359,0.002599657429237007,-0.00020276656592452166
10,MF,7,0.65,0.8984375,1.0008631123206684,-1.445044476059646e-11,0.016764276367094034,0.005117419877298225,0.0003279328666071199,0.9443960656512198,0.0017108266712870823,-0.00010550563538849117
10,MF,7,0.65,0.9140625,0.9994452811411416,-1.2471081076327736e-11,0.014761093959180363,0.0035049102627129087,0.00018904011545274046,0.958874918590382,0.001105252285704529,-5.2520001792241653e-05
10,MF,7,0.65,0.9296875,0.9985655167241965,-1.0371610878077628e-11,0.013278214656326025,0.0022628436520923186,9.90860779080884e-05,0.9700719147793689,0.0007030714808834468,-2.5203479667560594e-05
10,MF,7,0.65,0.9453125,0.9980783084473661,-8.172258431020482e-12,0.012208945820012557,0.0013305906655552441,4.4787684089447866e-05,0.9783919142447486,0.00044352743883805247,-1.186046380231847e-05
10,MF,7,0.65,0.9609375,0.9978461034684594,-5.894202411644623e-12,0.011472286110056807,0.0006648322167807968,1.5618419554469575e-05,0.9842262691001821,0.0002826656238659073,-5.691508660190999e-06
10,MF,7,0.65,0.9765625,0.9977565579668244,-3.5593811867362397e-12,0.011011061729981841,0.00023607330825514342,3.0746069333705102e-06,0.9879102827771667,0.00019057766950850835,-3.028057608529546e-06
10,MF,7,0.65,0.9921875,0.9977316352263523,-1.1902813651566311e-12,0.010789154988495298,2.605232078812864e-05,8.313418282425094e-13,0.98968810429419,0.00014888521325833067,-2.0598172399886193e-06
100,DNS,0,0.0,0.0078125,-1.0,0.0,6.570137787900594e-13,5.708888250872606e-15,2.9582283945787943e-31,0.0,1.0,0.0
100,DNS,0,0.0,0.0234375,-1.0,2.481541837659083e-24,2.159284280930924e-12,8.29958733825044e-14,-1.5777218104420236e-30,0.0,1.0,0.0
100,DNS,0,0.0,0.0390625,-1.0,-1.8611563782443123e-24,1.5362923971006848e-11,6.247787647878083e-13,-4.733165431326071e-30,0.0,1.0,0.0
100,DNS,0,0.0,0.0546875,-1.0,8.271806125530277e-24,1.0192154865351448e-10,4.396831927449826e-12,8.835242138475332e-29,0.0,1.0,0.0
100,DNS,0,0.0,0.0703125,-1.0,-5.1285197978287716e-23,6.303984305448273e-10,2.8926798388188747e-11,-7.068193710780266e-28,0.0,1.0,0.0
100,DNS,0,0.0,0.0859375,-1.0,1.4558378780933287e-22,3.6344790664301803e-09,1.7791426980494526e-10,-8.077935669463161e-28,0.0,1.0,0.0
100,DNS,0,0.0,0.1015625,-1.0,-5.293955920339377e-23,1.9528053744216348e-08,1.0229963078191315e-09,1.6155871338926322e-26,0.0,1.0,0.0
100,DNS,0,0.0,0.1171875,-1.0,-8.470329472543003e-22,9.776123267780567e-08,5.499119087345055e-09,-2.0679515313825692e-25,0.0,1.0,0.0
100,DNS,0,0.0,0.1328125,-0.9999999999999999,7.940933880509066e-22,4.558837089398682e-07,2.7635721197783388e-08,2.0679515313825692e-25,0.0,1.0,0.0
100,DNS,0,0.0,0.1484375,-1.0,1.0587911840678754e-21,1.9796818404886703e-06,1.298404104277486e-07,-1.2407709188295415e-24,5.551115123125783e-17,1.0,0.0
100,DNS,0,0.0,0.1640625,-0.9999999999999999,0.0,8.00290523141155e-06,5.703127293818589e-07,4.963083675318166e-24,2.7755575615628914e-16,0.9999999999999999,0.0
100,DNS,0,0.0,0.1796875,-0.9999999999999964,-1.2705494208814505e-20,3.010561097862845e-05,2.341978984703462e-06,0.0,1.4432899320127035e-15,0.9999999999999984,0.0
100,DNS,0,0.0,0.1953125,-0.9999999999999841,-2.1175823681357508e-20,0.0001053432434852525,8.991294440049742e-06,6.913906431963227e-20,7.66053886991358e-15,0.9999999999999927,0.0
100,DNS,0,0.0,0.2109375,-0.9999999999999183,-1.2197274440461925e-19,0.0003426948796987711,3.227254487683245e-05,1.180552170235681e-19,4.068967385251199e-14,0.9999999999999593,0.0
100,DNS,0,0.0,0.2265625,-0.9999999999995701,0.0,0.001035848122025084,0.0001082974808861944,-9.09501627114305e-19,2.153277556260491e-13,0.9999999999997848,0.0
100,DNS,0,0.0,0.2421875,-0.9999999999977207,0.0,0.0029071872119901467,0.00033976600952790616,1.4230153513872246e-19,1.1399770016851107e-12,0.9999999999988598,0.0
100,DNS,0,0.0,0.2578125,-0.9999999999879282,-1.0842021724855044e-19,0.0075697770780033345,0.000996598262047638,2.5851445550201246e-18,6.035671962223432e-12,0.9999999999939646,0.0
100,DNS,0,0.0,0.2734375,-0.9999999999360866,2.710505431213761e-20,0.018268373725907526,0.002733008777658424,-1.1357017756785659e-17,3.195582687354204e-11,0.9999999999680443,0.0
100,DNS,0,0.0,0.2890625,-0.9999999996616218,1.0842021724855044e-19,0.04081364256742353,0.007007201548012862,-2.3174821436877657e-18,1.6918982881364286e-10,0.9999999998308101,0.0
100,DNS,0,0.0,0.3046875,-0.9999999982084519,-9.215718466126788e-19,0.08428720666599052,0.016797039314779993,6.667843360785852e-18,8.957736774561909e-10,0.9999999991042261,0.0
100,DNS,0,0.0,0.3203125,-0.9999999905146701,-2.222614453595284e-18,0.16060946403012177,0.03764498810799345,-3.550762114890027e-17,4.742664760915005e-09,0.9999999952573352,0.0
100,DNS,0,0.0,0.3359375,-0.999999949780019,-1.0842021724855044e-18,0.28172019595358677,0.07888047481424484,3.913969842672671e-17,2.5109990919869318e-08,0.9999999748900092,0.0
100,DNS,0,0.0,0.3515625,-0.9999997341108331,1.734723475976807e-18,0.45350360590081096,0.1545330234329892,7.047314121155779e-17,1.3294458278689805e-07,0.9999998670554173,0.0
100,DNS,0,0.0,0.3671875,-0.9999985922532633,0.0,0.6672611649710681,0.28305048413615147,-4.662069341687669e-17,7.038733689790356e-07,0.9999992961266313,0.0
100,DNS,0,0.0,0.3828125,-0.9999925467214335,-3.469446951953614e-18,0.8923503282805586,0.4847285160039235,-1.700029006457271e-16,3.726639284162836e-06,0.9999962733607158,0.0
100,DNS,0,0.0,0.3984375,-0.9999605393223056,2.168404344971009e-18,1.0760313198997573,0.7761156202763453,1.8908485888147197e-16,1.973033884716813e-05,0.9999802696611528,0.0
100,DNS,0,0.0,0.4140625,-0.9997910935355708,-4.7704895589362195e-18,1.1559510884441573,1.1618456921005156,-2.975050761300224e-16,0.00010445323221425219,0.999895546767786,0.0
100,DNS,0,0.0,0.4296875,-0.9988944427261546,-1.0842021724855044e-17,1.0851395337740646,1.6261683423946924,1.5785983631388945e-16,0.000552778636923601,0.9994472213630764,0.0
100,DNS,0,0.0,0.4453125,-0.9941605004152155,1.734723475976807e-17,0.8603472465065216,2.1280326409803028,2.2724877535296173e-16,0.002919749792392179,0.9970802502076079,0.0
100,DNS,0,0.0,0.4609375,-0.9694656922392504,-9.540979117872439e-18,0.5376820185019114,2.6036785875414346,-1.0399667238480959e-15,0.015267153880374416,0.9847328461196254,0.0
100,DNS,0,0.0,0.4765625,-0.8482836399575115,6.938893903907228e-18,0.22159835812546802,2.978469726437543,-2.168404344971009e-17,0.07585818002124357,0.9241418199787564,0.0
100,DNS,0,0.0,0.4921875,-0.3941185679308137,2.42861286636753e-17,0.026344701759837063,3.1856351001505194,9.014056862044484e-16,0.30294071603459277,0.6970592839654072,0.0
100,DNS,0,0.0,0.5078125,0.3941185679308137,2.42861286636753e-17,0.026344701759837063,3.1856351001505194,-9.014056862044484e-16,0.6970592839654072,0.30294071603459277,0.0
100,DNS,0,0.0,0.5234375,0.8482836399575115,6.938893903907228e-18,0.22159835812546802,2.978469726437543,2.168404344971009e-17,0.9241418199787564,0.07585818002124357,0.0
100,DNS,0,0.0,0.5390625,0.9694656922392504,-9.540979117872439e-18,0.5376820185019114,2.6036785875414346,1.0399667238480959e-15,0.9847328461196254,0.01526715388037436,0.0
100,DNS,0,0.0,0.5546875,0.9941605004152155,1.734723475976807e-17,0.8603472465065216,2.1280326409803028,-2.2724877535296173e-16,0.9970802502076079,0.002919749792392179,0.0
100,DNS,0,0.0,0.5703125,0.9988944427261546,-1.0842021724855044e-17,1.0851395337740646,1.6261683423946924,-1.5785983631388945e-16,0.9994472213630764,0.000552778636923601,0.0
100,DNS,0,0.0,0.5859375,0.9997910935355708,-4.7704895589362195e-18,1.1559510884441573,1.1618456921005156,2.975050761300224e-16,0.999895546767786,0.0001044532322143077,0.0
100,DNS,0,0.0,0.6015625,0.9999605393223056,2.168404344971009e-18,1.0760313198997573,0.7761156202763453,-1.8908485888147197e-16,0.9999802696611528,1.973033884716813e-05,0.0
100,DNS,0,0.0,0.6171875,0.9999925467214335,-3.469446951953614e-18,0.8923503282805586,0.4847285160039235,1.700029006457271e-16,0.9999962733607158,3.726639284162836e-06,0.0
100,DNS,0,0.0,0.6328125,0.9999985922532633,0.0,0.6672611649710681,0.28305048413615147,4.662069341687669e-17,0.9999992961266313,7.038733689235245e-07,0.0
100,DNS,0,0.0,0.6484375,0.9999997341108331,1.734723475976807e-18,0.45350360590081096,0.1545330234329892,-7.047314121155779e-17,0.9999998670554173,1.3294458278689805e-07,0.0
100,DNS,0,0.0,0.6640625,0.999999949780019,-1.0842021724855044e-18,0.28172019595358677,0.07888047481424484,-3.913969842672671e-17,0.9999999748900092,2.510999097538047e-08,0.0
100,DNS,0,0.0,0.6796875,0.9999999905146701,-2.222614453595284e-18,0.16060946403012177,0.03764498810799345,3.550762114890027e-17,0.9999999952573352,4.742664705403854e-09,0.0
100,DNS,0,0.0,0.6953125,0.9999999982084519,-9.215718466126788e-19,0.08428720666599052,0.016797039314779993,-6.667843360785852e-18,0.9999999991042261,8.957736774561909e-10,0.0
100,DNS,0,0.0,0.7109375,0.9999999996616218,1.0842021724855044e-19,0.04081364256742353,0.007007201548012862,2.3174821436877657e-18,0.9999999998308101,1.6918977330249163e-10,0.0
100,DNS,0,0.0,0.7265625,0.9999999999360866,2.710505431213761e-20,0.018268373725907526,0.002733008777658424,1.1357017756785659e-17,0.9999999999680443,3.1955771362390806e-11,0.0
100,DNS,0,0.0,0.7421875,0.9999999999879282,-1.0842021724855044e-19,0.0075697770780033345,0.000996598262047638,-2.5851445550201246e-18,0.9999999999939646,6.035616451072201e-12,0.0
100,DNS,0,0.0,0.7578125,0.9999999999977189,0.0,0.002907187211990146,0.00033976600952790616,-1.3637230450794235e-19,0.9999999999988598,1.1399770016851107e-12,0.0
100,DNS,0,0.0,0.7734375,0.99999999999957,0.0,0.0010358481220250806,0.00010829748088619451,1.5056010637445189e-19,0.9999999999997848,2.1538326677728037e-13,0.0
100,DNS,0,0.0,0.7890625,0.9999999999999183,-9.486769009248164e-20,0.0003426948796987733,3.227254487683251e-05,1.1106719520872013e-19,0.9999999999999593,4.063416270128073e-14,0.0
100,DNS,0,0.0,0.8046875,0.9999999999999841,-2.1175823681357508e-20,0.0001053432434852525,8.991294440049742e-06,-6.913906431963227e-20,0.9999999999999927,7.66053886991358e-15,0.0
100,DNS,0,0.0,0.8203125,0.9999999999999964,-1.2705494208814505e-20,3.010561097862845e-05,2.341978984703462e-06,0.0,0.9999999999999984,1.4432899320127035e-15,0.0
100,DNS,0,0.0,0.8359375,0.9999999999999999,0.0,8.00290523141155e-06,5.703127293818589e-07,-4.963083675318166e-24,0.9999999999999999,2.220446049250313e-16,0.0
100,DNS,0,0.0,0.8515625,1.0,1.0587911840678754e-21,1.9796818404886703e-06,1.298404104277486e-07,1.2407709188295415e-24,1.0,0.0,0.0
100,DNS,0,0.0,0.8671875,0.9999999999999999,7.940933880509066e-22,4.558837089398682e-07,2.7635721197783388e-08,-2.0679515313825692e-25,1.0,0.0,0.0
100,DNS,0,0.0,0.8828125,1.0,-8.470329472543003e-22,9.776123267780567e-08,5.499119087345055e-09,2.0679515313825692e-25,1.0,0.0,0.0
100,DNS,0,0.0,0.8984375,1.0,-5.293955920339377e-23,1.9528053744216348e-08,1.0229963078191315e-09,-1.6155871338926322e-26,1.0,0.0,0.0
100,DNS,0,0.0,0.9140625,1.0,1.4558378780933287e-22,3.6344790664301803e-09,1.7791426980494526e-10,8.077935669463161e-28,1.0,0.0,0.0
100,DNS,0,0.0,0.9296875,1.0,-5.1285197978287716e-23,6.303984305448273e-10,2.8926798388188747e-11,7.068193710780266e-28,1.0,0.0,0.0
100,DNS,0,0.0,0.9453125,1.0,8.271806125530277e-24,1.0192154865351448e-10,4.396831927449826e-12,-8.835242138475332e-29,1.0,0.0,0.0
100,DNS,0,0.0,0.9609375,1.0,-1.8611563782443123e-24,1.5362923971006848e-11,6.247787647878083e-13,4.733165431326071e-30,1.0,0.0,0.0
100,DNS,0,0.0,0.9765625,1.0,2.481541837659083e-24,2.159284280930924e-12,8.29958733825044e-14,1.5777218104420236e-30,1.0,0.0,0.0
100,DNS,0,0.0,0.9921875,1.0,0.0,6.570137787900594e-13,5.708888250872606e-15,-2.9582283945787943e-31,1.0,0.0,0.0
100,DNS,1,0.093125,0.0078125,-0.999999495827212,9.669728125855093e-17,0.0016323961892326403,4.999558861118221e-06,-1.3087982524059025e-18,5.004530488291227e-20,0.9999999999999996,-8.889401691131814e-35
100,DNS,1,0.093125,0.0234375,-0.999998888514561,8.272462576064399e-17,0.0016723725734023188,4.5529199284781044e-05,-3.858602773935528e-08,4.1910512471825816e-19,0.999999999999997,-5.3396266897039055e-33
100,DNS,1,0.093125,0.0390625,-0.9999971744668814,-4.6349642873755315e-17,0.0017550730488903763,0.00012949477217909323,-2.3699782143398691e-07,3.818369362171288e-18,0.9999999999999754,-4.023280569093361e-31
100,DNS,1,0.093125,0.0546875,-0.9999930532502739,1.096128396382845e-16,0.0018862316041184713,0.00026301742848619715,-8.799592253206985e-07,3.425728842371681e-17,0.9999999999998084,-2.8577001783432505e-29
100,DNS,1,0.093125,0.0703125,-0.9999836960336306,3.0921445959286586e-16,0.002075053882026583,0.000456085062179062,-2.6438618835760427e-06,3.019426691307272e-16,0.999999999998564,-1.9268073198576624e-27
100,DNS,1,0.093125,0.0859375,-0.9999633219443926,4.391018798566293e-17,0.00233496715455924,0.0007236190573802419,-7.059631405595586e-06,2.612137133663356e-15,0.9999999999895914,-1.229224012842517e-25
100,DNS,1,0.093125,0.1015625,-0.9999206269684066,-1.1850329745266563e-16,0.0026846767255624803,0.001087069057927445,-1.7428396940071446e-05,2.216150262583222e-14,0.9999999999272564,-7.399444314182223e-24
100,DNS,1,0.093125,0.1171875,-0.9998344127390765,2.651958513899544e-16,0.003149657434364444,0.0015767015197855946,-4.055786970894919e-05,1.8421433424843123e-13,0.9999999995111062,-4.1897822799105823e-22
100,DNS,1,0.093125,0.1328125,-0.9996666108938144,8.716985466783456e-17,0.0037644908730946444,0.0022348290968654976,-8.990351614740175e-05,1.4985295417645761e-12,0.9999999968488003,-2.2232140772382044e-20
100,DNS,1,0.093125,0.1484375,-0.9993519757158282,1.6458188978329957e-16,0.0045772341855164714,0.003120387476179758,-0.00019096547653556266,1.1911945840249781e-11,0.9999999805804305,-1.1004712082608566e-18
100,DNS,1,0.093125,0.1640625,-0.9987843897374342,1.474514954580286e-16,0.005658829789196721,0.004315628575091316,-0.0003900295485704273,9.235151472163876e-11,0.999999885990704,-5.052630685367152e-17
100,DNS,1,0.093125,0.1796875,-0.9978016535231207,-2.2963402013242984e-16,0.007124222279350482,0.0059365383251269895,-0.0007673276190756613,6.965737719154892e-10,0.999999365106715,-2.136512936378765e-15
100,DNS,1,0.093125,0.1953125,-0.9961748658507991,2.688821387764051e-17,0.009177867703133044,0.008150423081297245,-0.0014549282965785567,5.09499206154321e-09,0.9999966640089561,-8.245721336713581e-14
100,DNS,1,0.093125,0.2109375,-0.9936164051082134,1.7477339020466331e-16,0.012203353157396728,0.011207736512467837,-0.002657126595132797,3.598710983448827e-08,0.9999835687686057,-2.871499080829573e-12
100,DNS,1,0.093125,0.2265625,-0.9898327859664846,-2.3678975447083417e-16,0.01691809747928691,0.015501411727277726,-0.0046649055978900955,2.441355530285261e-07,0.9999247502100551,-8.892468507227295e-11
100,DNS,1,0.093125,0.2421875,-0.9846615029780822,-2.5413698923060224e-16,0.024592449340874872,0.021675264793689922,-0.007843567491825739,1.5798756487875307e-06,0.9996827703580854,-2.404393306422582e-09
100,DNS,1,0.093125,0.2578125,-0.9783266623603797,-2.983724378680108e-16,0.03726194414623206,0.030808879703993423,-0.01255345180416324,9.669484640185717e-06,0.9987838197689048,-5.548259777910133e-08
100,DNS,1,0.093125,0.2734375,-0.9717834552328422,-5.898059818321144e-17,0.05773764240540992,0.044697046008540756,-0.01895137922684122,5.537041010771333e-05,0.9958200228500691,-1.0623360035191332e-06
100,DNS,1,0.093125,0.2890625,-0.9669450571615228,8.977193988179977e-17,0.08913158381816697,0.06619683370332248,-0.02666508314130002,0.0002923773176004325,0.9873265091796148,-1.6293128221146213e-05
100,DNS,1,0.093125,0.3046875,-0.9663490568365589,-2.3071822230491534e-16,0.1337431456362157,0.09952307318069346,-0.034509945042227805,0.0013929910295447279,0.9666853043752717,-0.0001910411395806019
100,DNS,1,0.093125,0.3203125,-0.9718450178573849,2.896988204881268e-16,0.19149361615901755,0.1502625477272419,-0.04066555690424368,0.005782113580468168,0.9253640821464197,-0.001604791174913372
100,DNS,1,0.093125,0.3359375,-0.9825893413539335,5.924080670460796e-16,0.2583777858318423,0.2248327443352537,-0.0436090236016015,0.019840482604250084,0.8592521165717963,-0.008868305757152736
100,DNS,1,0.093125,0.3515625,-0.9936924380708171,1.7997756063259374e-16,0.3257619661001935,0.32923983039348104,-0.04321611649552773,0.05302819776873738,0.7755345421795914,-0.029834427049942068
100,DNS,1,0.093125,0.3671875,-0.9968645136986463,2.0513105103425744e-16,0.3815962186590919,0.4673260186695537,-0.04074531236706436,0.1074619614761824,0.6869372203389614,-0.061644060104517125
100,DNS,1,0.093125,0.3828125,-0.9827644441156839,2.949029909160572e-16,0.4134414124684135,0.6390360466806324,-0.03758097205619414,0.17267877718404923,0.601948357660594,-0.09046634201367632
100,DNS,1,0.093125,0.3984375,-0.9434109063007228,2.42861286636753e-17,0.41230966624113136,0.8392750372867397,-0.034365464454958,0.23887438518253734,0.5288155662498273,-0.11302265593668248
100,DNS,1,0.093125,0.4140625,-0.8736314414676496,5.728924279413405e-16,0.37655311028866456,1.0577284747787778,-0.031304641399103175,0.2990031846250135,0.47295188563445734,-0.129943806348858
100,DNS,1,0.093125,0.4296875,-0.771589937686836,7.671814572507429e-16,0.3133505754387963,1.2797381256045086,-0.028485563342179318,0.344213825884303,0.43232375636386355,-0.1386917972259033
100,DNS,1,0.093125,0.4453125,-0.6385406671973552,-2.0708261494473135e-16,0.23604822757401045,1.4879697062061843,-0.025777880789378906,0.3699366989299043,0.40322311072752504,-0.13958319336163189
100,DNS,1,0.093125,0.4609375,-0.47817473298585533,6.158268339717665e-17,0.15998668214253214,1.664453923379153,-0.02310995917567652,0.37891979144408794,0.38370991729932985,-0.1358536658042068
100,DNS,1,0.093125,0.4765625,-0.29622851705999786,5.880712583561376e-16,0.09957302366609688,1.7927891628305326,-0.02084085450200431,0.37771430120517746,0.3729895259027103,-0.13115643772422142
100,DNS,1,0.093125,0.4921875,-0.10035092759892256,-3.903127820947816e-18,0.06619026150714899,1.8603841649980266,-0.019532168436911534,0.3729794656702956,0.3701278736941835,-0.12815740995502967
100,DNS,1,0.093125,0.5078125,0.10035092759892247,-5.204170427930421e-18,0.06619026150714898,1.8603841649980266,-0.019532168436911523,0.37012787369418343,0.3729794656702957,-0.12815740995502967
100,DNS,1,0.093125,0.5234375,0.2962285170599978,-4.536301889679351e-16,0.09957302366609683,1.7927891628305326,-0.020840854502004257,0.3729895259027103,0.37771430120517746,-0.1311564377242214
100,DNS,1,0.093125,0.5390625,0.47817473298585544,1.8214596497756474e-17,0.15998668214253214,1.6644539233791529,-0.023109959175676497,0.38370991729932996,0.378919791444088,-0.13585366580420685
100,DNS,1,0.093125,0.5546875,0.6385406671973551,2.194425197110661e-16,0.23604822757401042,1.4879697062061843,-0.025777880789379027,0.40322311072752515,0.3699366989299042,-0.13958319336163189
100,DNS,1,0.093125,0.5703125,0.7715899376868359,-7.476658181460039e-16,0.3133505754387963,1.279738125604509,-0.028485563342179332,0.43232375636386366,0.34421382588430294,-0.13869179722590327
100,DNS,1,0.093125,0.5859375,0.8736314414676496,-5.386316392907986e-16,0.37655311028866456,1.0577284747787778,-0.03130464139910321,0.47295188563445734,0.2990031846250135,-0.129943806348858
100,DNS,1,0.093125,0.6015625,0.9434109063007226,6.418476861114186e-17,0.4123096662411313,0.8392750372867399,-0.03436546445495817,0.5288155662498273,0.2388743851825373,-0.1130226559366825
100,DNS,1,0.093125,0.6171875,0.9827644441156839,-2.220446049250313e-16,0.4134414124684134,0.6390360466806329,-0.03758097205619411,0.6019483576605941,0.1726787771840493,-0.09046634201367638
100,DNS,1,0.093125,0.6328125,0.9968645136986463,-2.2898349882893854e-16,0.381596218659092,0.4673260186695538,-0.040745312367064385,0.6869372203389613,0.10746196147618248,-0.06164406010451717
100,DNS,1,0.093125,0.6484375,0.9936924380708171,-2.0122792321330962e-16,0.3257619661001936,0.32923983039348115,-0.04321611649552769,0.7755345421795912,0.05302819776873744,-0.029834427049942106
100,DNS,1,0.093125,0.6640625,0.9825893413539337,-5.752776727208087e-16,0.25837778583184245,0.22483274433525374,-0.04360902360160151,0.8592521165717963,0.01984048260425011,-0.008868305757152754
100,DNS,1,0.093125,0.6796875,0.9718450178573849,-2.907830226606123e-16,0.19149361615901767,0.15026254772724196,-0.04066555690424367,0.9253640821464197,0.005782113580468177,-0.0016047911749133756
100,DNS,1,0.093125,0.6953125,0.9663490568365589,2.250532659536786e-16,0.1337431456362158,0.09952307318069348,-0.0345099450422278,0.9666853043752717,0.00139299102954473,-0.0001910411395806025
100,DNS,1,0.093125,0.7109375,0.9669450571615226,-1.0121027280152184e-16,0.08913158381816702,0.0661968337033225,-0.026665083141300023,0.9873265091796148,0.00029237731760043306,-1.629312822114625e-05
100,DNS,1,0.093125,0.7265625,0.9717834552328419,4.038653092508504e-17,0.057737642405409954,0.04469704600854076,-0.01895137922684123,0.9958200228500691,5.537041010771344e-05,-1.062336003519136e-06
100,DNS,1,0.093125,0.7421875,0.9783266623603795,2.994295349861842e-16,0.03726194414623207,0.03080887970399343,-0.012553451804163245,0.998783819768905,9.669484640185734e-06,-5.548259777910152e-08
100,DNS,1,0.093125,0.7578125,0.984661502978082,2.539337013232612e-16,0.02459244934087487,0.02167526479368993,-0.007843567491825732,0.9996827703580855,1.5798756487875321e-06,-2.4043933064223564e-09
100,DNS,1,0.093125,0.7734375,0.9898327859664843,2.3380819849649903e-16,0.0169180974792869,0.015501411727277726,-0.004664905597890101,0.9999247502100552,2.441355530285249e-07,-8.892468507226278e-11
100,DNS,1,0.093125,0.7890625,0.9936164051082131,-1.6978606021123e-16,0.012203353157396724,0.011207736512467844,-0.0026571265951328012,0.9999835687686056,3.598710983448684e-08,-2.871499080828786e-12
100,DNS,1,0.093125,0.8046875,0.996174865850799,-2.169420784507714e-17,0.009177867703133034,0.00815042308129725,-0.0014549282965785574,0.9999966640089561,5.0949920615416745e-09,-8.245721336692662e-14
100,DNS,1,0.093125,0.8203125,0.9978016535231204,2.3272399632401353e-16,0.007124222279350483,0.005936538325126993,-0.000767327619075659,0.9999993651067152,6.965737719138474e-10,-2.1365129363579092e-15
100,DNS,1,0.093125,0.8359375,0.9987843897374341,-1.4964700485731175e-16,0.005658829789196726,0.0043156285750913185,-0.0003900295485704262,0.999999885990704,9.235151471995765e-11,-5.0526306847815795e-17
100,DNS,1,0.093125,0.8515625,0.9993519757158281,-1.6475129637275043e-16,0.004577234185516482,0.0031203874761797585,-0.00019096547653556326,0.9999999805804305,1.191194583867081e-11,-1.1004712074729233e-18
100,DNS,1,0.093125,0.8671875,0.9996666108938144,-8.578664986496828e-17,0.0037644908730946457,0.002234829096865498,-8.990351614740266e-05,0.9999999968488003,1.49852954043461e-12,-2.223214083556374e-20
100,DNS,1,0.093125,0.8828125,0.9998344127390765,-2.6184160091882736e-16,0.0031496574343644478,0.0015767015197855952,-4.055786970895052e-05,0.9999999995111061,1.8421433325274068e-13,-4.1897824085614622e-22
100,DNS,1,0.093125,0.8984375,0.9999206269684067,1.178256710948622e-16,0.002684676725562481,0.0010870690579274454,-1.742839694007167e-05,0.9999999999272563,2.2161501964015325e-14,-7.399446704614476e-24
100,DNS,1,0.093125,0.9140625,0.9999633219443924,-4.45539330255762e-17,0.002334967154559239,0.0007236190573802429,-7.059631405596459e-06,0.9999999999895914,2.612136741912959e-15,-1.2292280877948227e-25
100,DNS,1,0.093125,0.9296875,0.9999836960336307,-3.0990563847782537e-16,0.0020750538820265806,0.00045608506217906274,-2.643861883576539e-06,0.999999999998564,3.019424615446408e-16,-1.9268461101695216e-27
100,DNS,1,0.093125,0.9453125,0.9999930532502741,-1.100465205072787e-16,0.001886231604118472,0.00026301742848619763,-8.799592253205264e-07,0.9999999999998084,3.4257189320914724e-17,-2.8577781069010646e-29
100,DNS,1,0.093125,0.9609375,0.9999971744668814,4.480465477796347e-17,0.001755073048890379,0.00012949477217909363,-2.369978214335706e-07,0.9999999999999754,3.818326342028125e-18,-4.024274028716258e-31
100,DNS,1,0.093125,0.9765625,0.9999988885145609,-8.319218794752836e-17,0.0016723725734023205,4.552919928478128e-05,-3.8586027738738055e-08,0.999999999999997,4.1908760054652217e-19,-5.360019262447914e-33
100,DNS,1,0.093125,0.9921875,0.999999495827212,-9.433490636865868e-17,0.0016323961892326442,4.9995588611182535e-06,-1.054556019331604e-18,0.9999999999999996,5.003715602273149e-20,-9.093927722076721e-35
100,DNS,2,0.185625,0.0078125,-0.9999826484288024,1.4777675610977425e-16,0.005104069551054913,1.4305683489853791e-05,-3.1469391572865393e-18,1.7236667966977444e-14,0.9999999972092538,-1.771351280878719e-22
100,DNS,2,0.185625,0.0234375,-0.9999706450289098,1.5807667674838655e-16,0.005215222642772247,0.00012999488786412155,-2.625013065928427e-07,9.574697720530601e-14,0.9999999899097534,-3.600794167946578e-21
100,DNS,2,0.185625,0.0390625,-0.9999406277356688,-6.797947621484113e-17,0.005442629423459196,0.00036810585686344497,-1.521053381099533e-06,5.986447398642535e-13,0.9999999579147515,-9.485016156676142e-20
100,DNS,2,0.185625,0.0546875,-0.9998785282144307,1.4929463915125396e-16,0.005796416469888075,0.0007425815227719941,-5.232042418913786e-06,3.688684174519794e-12,0.9999998293029557,-2.3919524956762227e-18
100,DNS,2,0.185625,0.0703125,-0.9997578412910898,5.128276275856436e-16,0.0062914915409616416,0.0012755345212995032,-1.440421882572461e-05,2.2312424276304583e-11,0.9999993342283555,-5.689679292467562e-17
100,DNS,2,0.185625,0.0859375,-0.9995324942003287,6.938893903907228e-17,0.0069469844182662235,0.0019986896411390617,-3.502749675961168e-05,1.3240313132540123e-10,0.9999975095536991,-1.2722158795997163e-15
100,DNS,2,0.185625,0.1015625,-0.9991267989748147,-2.6172640443800077e-16,0.0077853362534600744,0.0029553060581141246,-7.847026075768975e-05,7.701986571429979e-10,0.999991087687898,-2.6649457786031146e-14
100,DNS,2,0.185625,0.1171875,-0.9984233856122325,4.200199216208844e-16,0.008831495678339938,0.00420259688770228,-0.0001652498726617288,4.387917974791606e-09,0.9999695752637601,-5.208718992664027e-13
100,DNS,2,0.185625,0.1328125,-0.9972524823338282,1.1882855810441129e-16,0.010113928228903078,0.005814795564021533,-0.00033039992599335935,2.4454302688628884e-08,0.9999012447247917,-9.453897644901698e-12
100,DNS,2,0.185625,0.1484375,-0.9953903276271052,2.3592239273284576e-16,0.01167141095917893,0.007887443036339918,-0.0006299264188008549,1.3311413204051677e-07,0.9996963754026831,-1.5841834249240526e-10
100,DNS,2,0.185625,0.1640625,-0.9925805767616744,2.3505503099485736e-16,0.013572222330343262,0.010544465770903406,-0.00114603960070139,7.062217616547671e-07,0.9991197031486339,-2.4331927295334233e-09
100,DNS,2,0.185625,0.1796875,-0.9885975958161812,-3.716645047280309e-16,0.015952330512115483,0.013951396477209665,-0.0019854717062279814,3.6402501158238963e-06,0.997605672977522,-3.3937323749305504e-08
100,DNS,2,0.185625,0.1953125,-0.9833674915075463,8.521829075736065e-17,0.019070545874612314,0.018340303199860894,-0.003260611448107779,1.8137360243907014e-05,0.9939275642667538,-4.244491642619107e-07
100,DNS,2,0.185625,0.2109375,-0.9771405916983933,3.1008182133085427e-16,0.023357152716616418,0.02405292387881672,-0.005040401661950749,8.658834360296535e-05,0.9857413558752729,-4.674758971729892e-06
100,DNS,2,0.185625,0.2265625,-0.9706605453562607,-3.430415673744136e-16,0.029408819209663796,0.03160488689491008,-0.0072643111179430215,0.0003900756513089041,0.9692609687371951,-4.412441572284547e-05
100,DNS,2,0.185625,0.2421875,-0.96521443412417,-3.642919299551295e-16,0.03788771744815419,0.04176304274182012,-0.009637370102702651,0.0016161550019045037,0.9397601059125255,-0.0003424945822717657
100,DNS,2,0.185625,0.2578125,-0.9624261518772453,-4.475586568020162e-16,0.049333132880539796,0.055612180628114335,-0.011565211868193844,0.0059188123086576765,0.8938881691568349,-0.00205901637404889
100,DNS,2,0.185625,0.2734375,-0.9637369678049906,-4.9873299934333204e-17,0.06393757800113711,0.07457571753037842,-0.012213446414506304,0.018177769787127394,0.8335569757449978,-0.008899374814774388
100,DNS,2,0.185625,0.2890625,-0.9697034845771331,1.8604909279851256e-16,0.08131986832284399,0.10035616175812206,-0.010732314937441909,0.04445547354477511,0.7668638951677413,-0.026037464648857013
100,DNS,2,0.185625,0.3046875,-0.9794085482887078,-3.310069232598245e-16,0.10033781617883791,0.13477634699070629,-0.006566635780316988,0.0848173869269769,0.7008554034786125,-0.051786851416697324
100,DNS,2,0.185625,0.3203125,-0.9902586079179694,3.9898639947466563e-16,0.11912105503894188,0.17952803943141454,0.0003306801896366628,0.13025176604270106,0.6351706482877806,-0.07563710249851197
100,DNS,2,0.185625,0.3359375,-0.9982241741597278,9.242823520438925e-16,0.1355256131003262,0.2358643652275055,0.009519218078770417,0.1716140875247487,0.56716717969024,-0.08944739428337993
100,DNS,2,0.185625,0.3515625,-0.9983638863336923,2.8254308614972246e-16,0.14786890268362757,0.3042894728986207,0.020289616523327073,0.20730345237023426,0.4987125932232835,-0.09374523648912723
100,DNS,2,0.185625,0.3671875,-0.9854309271952183,2.5131806358213993e-16,0.15548445251503484,0.384287467431775,0.03190905084563729,0.2409371113146383,0.43598478147862885,-0.09431720466455033
100,DNS,2,0.185625,0.3828125,-0.954458297991121,4.47124975933022e-16,0.15882783718751062,0.4741113235450656,0.04374635813501669,0.273728715179292,0.38384085170920285,-0.09455655417245555
100,DNS,2,0.185625,0.3984375,-0.9013104443779059,-6.938893903907228e-17,0.15927484464819436,0.5706593529463908,0.05526154258136452,0.3017905732537853,0.3427649707802758,-0.0935092041875778
100,DNS,2,0.185625,0.4140625,-0.8231965070435474,8.803721640582296e-16,0.15879980104249258,0.6695016918550347,0.06595275454738087,0.3203448308468821,0.31122830418676384,-0.08995700980278568
100,DNS,2,0.185625,0.4296875,-0.7190926177078416,1.2904174256922474e-15,0.1594680998140403,0.7651317055932716,0.07535489781226087,0.32740444680372516,0.28804795057167476,-0.08435811017432829
100,DNS,2,0.185625,0.4453125,-0.589987340257933,-2.875304161431558e-16,0.1626445076310189,0.8514648118321037,0.0830985712852381,0.32399821532630735,0.2726715033443143,-0.0780530898164703
100,DNS,2,0.185625,0.4609375,-0.4388928951160268,1.2706849461530112e-16,0.16819247740464796,0.9225109493495831,0.08896335534463103,0.31284022946308854,0.2647172849778187,-0.07217959919104544
100,DNS,2,0.185625,0.4765625,-0.2706329150073816,8.495808223596413e-16,0.17429418238842348,0.9730770397129442,0.09286889465814269,0.297444817536324,0.2638597540984178,-0.06749201631200646
100,DNS,2,0.185625,0.4921875,-0.0914589742334348,-1.0408340855860843e-17,0.1783079250340696,0.9993612220096556,0.09481395297877164,0.28184868284593145,0.26985239828478425,-0.06478782564721494
100,DNS,2,0.185625,0.5078125,0.0914589742334347,1.214306433183765e-17,0.17830792503406961,0.9993612220096555,0.09481395297877161,0.26985239828478425,0.2818486828459315,-0.06478782564721494
100,DNS,2,0.185625,0.5234375,0.2706329150073816,-7.645793720367777e-16,0.17429418238842354,0.9730770397129442,0.0928688946581427,0.2638597540984177,0.297444817536324,-0.06749201631200644
100,DNS,2,0.185625,0.5390625,0.4388928951160268,3.642919299551295e-17,0.16819247740464804,0.9225109493495827,0.08896335534463097,0.2647172849778187,0.3128402294630885,-0.07217959919104544
100,DNS,2,0.185625,0.5546875,0.589987340257933,3.3133218391157016e-16,0.16264450763101895,0.8514648118321035,0.08309857128523804,0.2726715033443143,0.32399821532630724,-0.0780530898164703
100,DNS,2,0.185625,0.5703125,0.7190926177078416,-1.2455314557513475e-15,0.1594680998140404,0.7651317055932718,0.0753548978122609,0.28804795057167476,0.32740444680372505,-0.08435811017432826
100,DNS,2,0.185625,0.5859375,0.8231965070435473,-7.797582024515748e-16,0.15879980104249258,0.6695016918550349,0.06595275454738078,0.31122830418676384,0.320344830846882,-0.08995700980278565
100,DNS,2,0.185625,0.6015625,0.9013104443779059,1.734723475976807e-16,0.15927484464819436,0.5706593529463908,0.055261542581364474,0.3427649707802758,0.3017905732537851,-0.09350920418757777
100,DNS,2,0.185625,0.6171875,0.9544582979911211,-4.0202216555762504e-16,0.1588278371875106,0.4741113235450657,0.04374635813501673,0.3838408517092029,0.2737287151792919,-0.09455655417245556
100,DNS,2,0.185625,0.6328125,0.9854309271952183,-2.8449465006019636e-16,0.15548445251503495,0.384287467431775,0.03190905084563734,0.43598478147862885,0.2409371113146383,-0.09431720466455032
100,DNS,2,0.185625,0.6484375,0.9983638863336923,-2.749536709423239e-16,0.14786890268362768,0.30428947289862074,0.020289616523327097,0.4987125932232835,0.20730345237023423,-0.09374523648912722
100,DNS,2,0.185625,0.6640625,0.9982241741597279,-9.252581339991295e-16,0.13552561310032635,0.23586436522750553,0.00951921807877042,0.5671671796902399,0.17161408752474874,-0.08944739428337994
100,DNS,2,0.185625,0.6796875,0.9902586079179694,-4.1362312880321994e-16,0.11912105503894196,0.17952803943141452,0.00033068018963663243,0.6351706482877806,0.1302517660427011,-0.07563710249851198
100,DNS,2,0.185625,0.6953125,0.9794085482887076,3.1626177371402164e-16,0.10033781617883794,0.13477634699070629,-0.006566635780317007,0.7008554034786125,0.08481738692697693,-0.05178685141669734
100,DNS,2,0.185625,0.7109375,0.9697034845771328,-2.2041830166630305e-16,0.08131986832284399,0.10035616175812206,-0.010732314937441916,0.7668638951677413,0.04445547354477514,-0.026037464648857027
100,DNS,2,0.185625,0.7265625,0.9637369678049905,-4.119968255444917e-18,0.0639375780011371,0.0745757175303784,-0.01221344641450631,0.8335569757449978,0.018177769787127408,-0.008899374814774397
100,DNS,2,0.185625,0.7421875,0.9624261518772451,4.3507677929127686e-16,0.04933313288053977,0.055612180628114335,-0.011565211868193847,0.8938881691568348,0.005918812308657682,-0.0020590163740488924
100,DNS,2,0.185625,0.7578125,0.9652144341241697,3.6412929962925666e-16,0.03788771744815416,0.04176304274182011,-0.009637370102702646,0.9397601059125255,0.0016161550019045054,-0.0003424945822717664
100,DNS,2,0.185625,0.7734375,0.9706605453562605,3.3881317890172014e-16,0.029408819209663796,0.03160488689491008,-0.007264311117943024,0.9692609687371951,0.0003900756513089045,-4.4124415722845586e-05
100,DNS,2,0.185625,0.7890625,0.9771405916983931,-3.097565606791086e-16,0.023357152716616425,0.024052923878816735,-0.005040401661950749,0.9857413558752729,8.658834360296545e-05,-4.674758971729904e-06
100,DNS,2,0.185625,0.8046875,0.9833674915075461,-8.058332646998512e-17,0.019070545874612304,0.0183403031998609,-0.00326061144810778,0.9939275642667538,1.813736024390704e-05,-4.24449164261911e-07
100,DNS,2,0.185625,0.8203125,0.9885975958161812,3.7135279660344134e-16,0.01595233051211548,0.013951396477209669,-0.001985471706227982,0.997605672977522,3.6402501158239023e-06,-3.3937323749305126e-08
100,DNS,2,0.185625,0.8359375,0.9925805767616742,-2.362205483302793e-16,0.013572222330343275,0.01054446577090341,-0.0011460396007013896,0.9991197031486339,7.062217616547684e-07,-2.4331927295333484e-09
100,DNS,2,0.185625,0.8515625,0.9953903276271052,-2.3310346708438345e-16,0.011671410959178945,0.007887443036339918,-0.0006299264188008546,0.9996963754026831,1.3311413204051704e-07,-1.584183424923917e-10
100,DNS,2,0.185625,0.8671875,0.9972524823338282,-1.1373280789372942e-16,0.010113928228903092,0.005814795564021533,-0.000330399925993368,0.9999012447247916,2.445430268862893e-08,-9.453897644902108e-12
100,DNS,2,0.185625,0.8828125,0.9984233856122324,-4.1246099959958704e-16,0.008831495678339938,0.004202596887702281,-0.0001652498726617371,0.9999695752637602,4.387917974791613e-09,-5.208718992668125e-13
100,DNS,2,0.185625,0.8984375,0.9991267989748147,2.5863304011462807e-16,0.007785336253460073,0.002955306058114127,-7.847026075769446e-05,0.999991087687898,7.701986571429993e-10,-2.6649457786110193e-14
100,DNS,2,0.185625,0.9140625,0.9995324942003286,-6.633284416537877e-17,0.006946984418266228,0.0019986896411390643,-3.502749675961391e-05,0.999997509553699,1.3240313132540143e-10,-1.2722158796058357e-15
100,DNS,2,0.185625,0.9296875,0.9997578412910897,-5.09954491828557e-16,0.006291491540961639,0.001275534521299505,-1.4404218825726107e-05,0.9999993342283555,2.2312424276304586e-11,-5.689679292533695e-17
100,DNS,2,0.185625,0.9453125,0.9998785282144306,-1.506431156032828e-16,0.005796416469888069,0.0007425815227719954,-5.232042418915179e-06,0.9999998293029556,3.688684174519774e-12,-2.391952495532255e-18
100,DNS,2,0.185625,0.9609375,0.9999406277356688,6.722731095767931e-17,0.005442629423459192,0.00036810585686344606,-1.521053381099605e-06,0.9999999579147514,5.986447398642376e-13,-9.48501615149475e-20
100,DNS,2,0.185625,0.9765625,0.9999706450289098,-1.5963860550312348e-16,0.005215222642772244,0.00012999488786412207,-2.625013065926538e-07,0.9999999899097534,9.574697720529495e-14,-3.600794151762234e-21
100,DNS,2,0.185625,0.9921875,0.9999826484288024,-1.4587559065966198e-16,0.0051040695510549084,1.4305683489853839e-05,-3.3370980539451298e-18,0.9999999972092538,1.7236667966969038e-14,-1.7713512522809938e-22
100,DNS,3,0.27875,0.0078125,-0.9998488833035921,1.7261176212327034e-16,0.00854054830296063,2.2289580303685712e-05,-3.500787171002023e-18,5.441746950813002e-12,0.9999963697059527,-5.965788685870726e-17
100,DNS,3,0.27875,0.0234375,-0.9997808589698499,2.058899925549973e-16,0.008698580634795647,0.00020207329592081123,-7.352317327830266e-07,2.4167484047345263e-11,0.9999916445874213,-6.179900019696545e-16
100,DNS,3,0.27875,0.0390625,-0.9996240932906191,-8.180305391403131e-17,0.009016612996174261,0.000569490243328084,-4.112671672089703e-06,1.241062530719605e-10,0.9999769585989267,-8.851912852685083e-15
100,DNS,3,0.27875,0.0546875,-0.9993346034881045,1.5135462327897642e-16,0.009497764852285975,0.001140348333095508,-1.3455004692760089e-05,6.320424644255695e-10,0.9999371865299989,-1.240182755550982e-13
100,DNS,3,0.27875,0.0703125,-0.9988411101072411,6.187541798374774e-16,0.01014488617081315,0.0019385847960442753,-3.476659572471285e-05,3.171763019404862e-09,0.9998351073790166,-1.6458278996112062e-12
100,DNS,3,0.27875,0.0859375,-0.9980420544179194,8.402566836762659e-17,0.010959155864626896,0.002996440483247575,-7.833951271227105e-05,1.567065438978597e-08,0.9995851546410679,-2.0571757322395498e-11
100,DNS,3,0.27875,0.1015625,-0.9968082368641706,-3.5214886562329184e-16,0.011940055528111027,0.00435465530380222,-0.0001604379239616547,7.61534200496672e-08,0.9990023367775152,-2.412607836821483e-10
100,DNS,3,0.27875,0.1171875,-0.9949979147063797,5.002508823848117e-16,0.013088941272484597,0.006062941199268737,-0.00030417302884185184,3.63451182480724e-07,0.9977123810877847,-2.642862934601108e-09
100,DNS,3,0.27875,0.1328125,-0.9924923820222156,1.2609271266006417e-16,0.014418691487472397,0.008181446123452361,-0.0005376827170815325,1.6991687861825481e-06,0.9950125359342363,-2.6881008441399646e-08
100,DNS,3,0.27875,0.1484375,-0.98925768076774,2.6150956400350367e-16,0.015970265308826365,0.010784535849088582,-0.0008865709686889909,7.746757848147156e-06,0.9896925099941494,-2.5174497602002566e-07
100,DNS,3,0.27875,0.1640625,-0.9854290992361361,2.7582103268031233e-16,0.017832737750867717,0.013968679119772934,-0.0013570235840874947,3.418027252962349e-05,0.9798740994783797,-2.144377932006883e-06
100,DNS,3,0.27875,0.1796875,-0.981398052432043,-4.445228907190568e-16,0.02015854603699734,0.01786596137564087,-0.0019076136427055763,0.00014412264696781819,0.9630108563528341,-1.6314275838332336e-05
100,DNS,3,0.27875,0.1953125,-0.9778596911394746,1.3032110113275763e-16,0.023165675160874113,0.022663297615582837,-0.002413266707239397,0.0005694714461496699,0.9362846578735964,-0.00010792746340822882
100,DNS,3,0.27875,0.2109375,-0.9757662877199544,3.885780586188048e-16,0.027125622140514193,0.028624988809695127,-0.0026343252787335374,0.0020495869409837926,0.8976664028526535,-0.0005977139051593951
100,DNS,3,0.27875,0.2265625,-0.9761435980979686,-3.7339922820400773e-16,0.032338482125656806,0.03611388018674307,-0.002213128242173188,0.00647413844026498,0.8476421455337084,-0.00263749606763854
100,DNS,3,0.27875,0.2421875,-0.9797753704157559,-4.158999533654395e-16,0.03907492945899159,0.04560458488855482,-0.0007211865272585708,0.017226212031346444,0.7905575525168402,-0.00880105742742748
100,DNS,3,0.27875,0.2578125,-0.9868314051773337,-5.077318773749617e-16,0.04743227929327978,0.05767977781626438,0.0022365324572838127,0.03741105279716881,0.7331011824436351,-0.02152923541546306
100,DNS,3,0.27875,0.2734375,-0.9965661346308554,-3.903127820947816e-18,0.05707864252719652,0.07299630661905052,0.006884992880087241,0.0660383106881647,0.6795940823452198,-0.03923768986635977
100,DNS,3,0.27875,0.2890625,-1.00720460040902,2.5435382966509934e-16,0.06699477432165804,0.09220570900251784,0.013161922362492058,0.09727925900738657,0.6295456635688206,-0.05635819676469357
100,DNS,3,0.27875,0.3046875,-1.0160568909760561,-3.7399553939887475e-16,0.07547041011453437,0.11582244878048238,0.020671182658650956,0.1244019344189761,0.5800373091947923,-0.06778249453616461
100,DNS,3,0.27875,0.3203125,-1.0198089023920667,4.710316338363274e-16,0.08057629872137509,0.14405620163295987,0.028726096052162597,0.14327027908596218,0.528639703946884,-0.07132741061448417
100,DNS,3,0.27875,0.3359375,-1.0148885096481508,1.1049646440886018e-15,0.08106388120936367,0.1766510591628403,0.036463692529186784,0.15327531152045137,0.4747661008612618,-0.06760200025296417
100,DNS,3,0.27875,0.3515625,-0.9978221272928054,2.8341044788771086e-16,0.07733261828827273,0.21278690935037148,0.042992871553185076,0.1570002010924031,0.4201562785150337,-0.059302190730738884
100,DNS,3,0.27875,0.3671875,-0.965544943051152,2.5738959574805875e-16,0.07197783179292523,0.2510880456985272,0.04754498973210616,0.15917043898711453,0.3684802914481133,-0.05022189970831346
100,DNS,3,0.27875,0.3828125,-0.9156631702730302,5.219349258345218e-16,0.0695424175023298,0.2897567545895832,0.04960716234063563,0.16445158581773278,0.32354694159321207,-0.04348377661948716
100,DNS,3,0.27875,0.3984375,-0.8466696116390355,-1.704365815147213e-16,0.07535794045145668,0.3268154058530525,0.04902263222121251,0.17492727838300126,0.28718522430145893,-0.040013328944316945
100,DNS,3,0.27875,0.4140625,-0.7580983752781162,1.0219689677848365e-15,0.0936913263424117,0.36040664485646234,0.04603960490688492,0.1891578844020683,0.25878112390416735,-0.038766663588374606
100,DNS,3,0.27875,0.4296875,-0.6505960502638628,1.521786169300654e-15,0.12575503929921855,0.389074777078244,0.04128972634362839,0.20322518367482265,0.2365643084018091,-0.03804571471329957
100,DNS,3,0.27875,0.4453125,-0.5258978703206574,-4.16984155537925e-16,0.1683759614681658,0.41194434086508736,0.03568897078761797,0.2127985040394706,0.2192034236261797,-0.036598542739635385
100,DNS,3,0.27875,0.4609375,-0.3867193368115724,3.144186300207963e-18,0.2140678489717381,0.4287360391356049,0.030276938509931538,0.21523363510259064,0.20657519613265252,-0.03409961224272835
100,DNS,3,0.27875,0.4765625,-0.23658755300541512,9.36967517461973e-16,0.2528051312052999,0.4396143217968873,0.026032340596841105,0.2110364533171804,0.19954117002617572,-0.031183753203221566
100,DNS,3,0.27875,0.4921875,-0.07963447920559805,-4.0115480381963664e-17,0.27506944646906384,0.4449248317912248,0.023706993092741685,0.20392989297159222,0.19893010024227745,-0.029151869319089502
100,DNS,3,0.27875,0.5078125,0.07963447920559807,-1.8431436932253575e-17,0.27506944646906384,0.44492483179122466,0.023706993092741664,0.19893010024227728,0.20392989297159236,-0.02915186931908948
100,DNS,3,0.27875,0.5234375,0.2365875530054151,-8.487134606216529e-16,0.2528051312053,0.4396143217968872,0.026032340596841043,0.19954117002617547,0.2110364533171804,-0.031183753203221518
100,DNS,3,0.27875,0.5390625,0.38671933681157233,1.5612511283791264e-16,0.21406784897173822,0.42873603913560465,0.030276938509931437,0.2065751961326524,0.21523363510259064,-0.03409961224272831
100,DNS,3,0.27875,0.5546875,0.5258978703206574,4.623038063478191e-16,0.16837596146816589,0.4119443408650872,0.03568897078761788,0.21920342362617962,0.2127985040394706,-0.036598542739635344
100,DNS,3,0.27875,0.5703125,0.6505960502638627,-1.502270530195915e-15,0.12575503929921866,0.389074777078244,0.04128972634362835,0.23656430840180898,0.20322518367482256,-0.03804571471329953
100,DNS,3,0.27875,0.5859375,0.7580983752781161,-9.298117831235686e-16,0.0936913263424117,0.36040664485646234,0.046039604906884815,0.25878112390416735,0.1891578844020682,-0.03876666358837458
100,DNS,3,0.27875,0.6015625,0.8466696116390354,3.135512682828079e-16,0.0753579404514566,0.3268154058530528,0.04902263222121242,0.287185224301459,0.17492727838300112,-0.0400133289443169
100,DNS,3,0.27875,0.6171875,0.9156631702730301,-4.497270611469872e-16,0.0695424175023298,0.2897567545895834,0.04960716234063567,0.32354694159321207,0.16445158581773267,-0.04348377661948713
100,DNS,3,0.27875,0.6328125,0.965544943051152,-2.7885679876327174e-16,0.07197783179292529,0.2510880456985272,0.04754498973210618,0.36848029144811334,0.1591704389871144,-0.05022189970831342
100,DNS,3,0.27875,0.6484375,0.9978221272928054,-2.727852665973529e-16,0.07733261828827276,0.21278690935037148,0.0429928715531851,0.4201562785150338,0.15700020109240298,-0.05930219073073885
100,DNS,3,0.27875,0.6640625,1.0148885096481508,-1.1015494072452725e-15,0.08106388120936382,0.1766510591628403,0.03646369252918681,0.4747661008612619,0.15327531152045137,-0.06760200025296416
100,DNS,3,0.27875,0.6796875,1.0198089023920667,-4.913604245704306e-16,0.0805762987213752,0.14405620163295985,0.028726096052162593,0.528639703946884,0.14327027908596213,-0.07132741061448414
100,DNS,3,0.27875,0.6953125,1.016056890976056,3.4705311541260997e-16,0.07547041011453443,0.11582244878048231,0.020671182658650932,0.5800373091947923,0.12440193441897605,-0.06778249453616458
100,DNS,3,0.27875,0.7109375,1.0072046004090198,-2.738423637155263e-16,0.06699477432165803,0.09220570900251779,0.013161922362492057,0.6295456635688206,0.09727925900738654,-0.05635819676469355
100,DNS,3,0.27875,0.7265625,0.9965661346308553,-3.8407861960298995e-17,0.057078642527196494,0.07299630661905049,0.006884992880087246,0.6795940823452198,0.06603831068816467,-0.039237689866359754
100,DNS,3,0.27875,0.7421875,0.9868314051773335,5.014977148831701e-16,0.04743227929327973,0.05767977781626436,0.002236532457283808,0.7331011824436352,0.03741105279716879,-0.02152923541546305
100,DNS,3,0.27875,0.7578125,0.9797753704157557,4.142872026338673e-16,0.03907492945899156,0.045604584888554824,-0.0007211865272585726,0.7905575525168402,0.017226212031346437,-0.00880105742742748
100,DNS,3,0.27875,0.7734375,0.9761435980979685,3.6922504983993854e-16,0.032338482125656806,0.03611388018674307,-0.002213128242173185,0.8476421455337084,0.00647413844026498,-0.002637496067638541
100,DNS,3,0.27875,0.7890625,0.9757662877199542,-3.846613782707009e-16,0.027125622140514203,0.028624988809695134,-0.0026343252787335326,0.8976664028526534,0.0020495869409837926,-0.0005977139051593953
100,DNS,3,0.27875,0.8046875,0.9778596911394745,-1.2403611666413072e-16,0.02316567516087411,0.02266329761558284,-0.0024132667072393923,0.9362846578735964,0.0005694714461496699,-0.00010792746340822893
100,DNS,3,0.27875,0.8203125,0.9813980524320429,4.416226499076581e-16,0.02015854603699733,0.017865961375640872,-0.0019076136427055718,0.9630108563528342,0.0001441226469678182,-1.6314275838332356e-05
100,DNS,3,0.27875,0.8359375,0.9854290992361361,-2.8097099299961847e-16,0.017832737750867727,0.013968679119772936,-0.0013570235840874969,0.9798740994783797,3.418027252962351e-05,-2.144377932006885e-06
100,DNS,3,0.27875,0.8515625,0.98925768076774,-2.508166200773654e-16,0.015970265308826375,0.010784535849088582,-0.000886570968688997,0.9896925099941494,7.746757848147159e-06,-2.517449760200257e-07
100,DNS,3,0.27875,0.8671875,0.9924923820222156,-1.1308228659023811e-16,0.014418691487472397,0.008181446123452358,-0.0005376827170815465,0.9950125359342363,1.6991687861825494e-06,-2.6881008441399695e-08
100,DNS,3,0.27875,0.8828125,0.9949979147063798,-4.898764228468411e-16,0.013088941272484585,0.006062941199268736,-0.000304173028841863,0.9977123810877847,3.6345118248072417e-07,-2.642862934601138e-09
100,DNS,3,0.27875,0.8984375,0.9968082368641706,3.5354477592036693e-16,0.011940055528111015,0.004354655303802222,-0.00016043792396166134,0.9990023367775152,7.615342004966723e-08,-2.412607836821484e-10
100,DNS,3,0.27875,0.9140625,0.9980420544179195,-8.268396817917578e-17,0.010959155864626896,0.0029964404832475778,-7.833951271227658e-05,0.9995851546410679,1.567065438978598e-08,-2.0571757322395133e-11
100,DNS,3,0.27875,0.9296875,0.998841110107241,-6.179071468902231e-16,0.010144886170813138,0.0019385847960442775,-3.476659572471603e-05,0.9998351073790166,3.171763019404864e-09,-1.6458278996111119e-12
100,DNS,3,0.27875,0.9453125,0.9993346034881043,-1.548579515488202e-16,0.00949776485228597,0.0011403483330955095,-1.3455004692763182e-05,0.9999371865299989,6.320424644255698e-10,-1.240182755550357e-13
100,DNS,3,0.27875,0.9609375,0.999624093290619,7.753061972808062e-17,0.009016612996174251,0.0005694902433280851,-4.112671672090175e-06,0.9999769585989267,1.2410625307196053e-10,-8.851912852650806e-15
100,DNS,3,0.27875,0.9765625,0.9997808589698498,-2.0903841401994153e-16,0.008698580634795644,0.00020207329592081171,-7.352317327825536e-07,0.9999916445874213,2.4167484047345273e-11,-6.179900019616172e-16
100,DNS,3,0.27875,0.9921875,0.9998488833035921,-1.6872049276358408e-16,0.00854054830296062,2.2289580303685756e-05,-3.602960520264573e-18,0.9999963697059528,5.441746950813004e-12,-5.965788685649483e-17
100,DNS,4,0.37125,0.0078125,-0.9993916056983172,1.782767184745071e-16,0.010893316920309332,2.7189477795329566e-05,-2.6588364214312488e-18,9.030121695315447e-11,0.9998462363561385,-3.5263796642026556e-14
100,DNS,4,0.37125,0.0234375,-0.9992160641245745,2.3242584072658e-16,0.011055945772522712,0.0002460046818464611,-9.337434604493363e-07,3.524672560929897e-10,0.9997353648428786,-2.397733036894546e-13
100,DNS,4,0.37125,0.0390625,-0.9988396263278052,-9.017851569648183e-17,0.011379680631999806,0.000690529083354284,-4.998531426018353e-06,1.6164863880339266e-09,0.9994520867077736,-2.3020563951218743e-12
100,DNS,4,0.37125,0.0546875,-0.9982152391626646,1.3961813476182083e-16,0.011861784814684195,0.0013743898044672705,-1.5306450869431104e-05,7.38392153920336e-09,0.9988517058182652,-2.220483439158121e-11
100,DNS,4,0.37125,0.0703125,-0.9972831460217662,6.74807432154978e-16,0.012499480173123613,0.0023176917178296787,-3.616813050057193e-05,3.328981969134097e-08,0.9976621798289007,-2.047363957052035e-10
100,DNS,4,0.37125,0.0859375,-0.9959880133496972,9.432558900623889e-17,0.013292941862108922,0.003546843370474723,-7.26289772951918e-05,1.4784118204351447e-07,0.9954182520317694,-1.7847617606282823e-09
100,DNS,4,0.37125,0.1015625,-0.994306779289339,-4.189357194483989e-16,0.014251097580368256,0.005094811601262539,-0.0001285051434859434,6.450031273937278e-07,0.9913820176552,-1.462113670107307e-08
100,DNS,4,0.37125,0.1171875,-0.992287427869674,5.367884955975732e-16,0.015400623939681581,0.007002354386465315,-0.00020192207681920046,2.752201119952474e-06,0.984472426582419,-1.1178828528457919e-07
100,DNS,4,0.37125,0.1328125,-0.9900937050854886,1.1861171766991419e-16,0.01679741669606679,0.009320917676331267,-0.00027745946060588804,1.1404981162370827e-05,0.9732463181582987,-7.901132481059423e-07
100,DNS,4,0.37125,0.1484375,-0.9880432253977807,2.649790109554573e-16,0.01853884693238918,0.012117820753975802,-0.00031483337109000674,4.541495359519641e-05,0.9559923880322841,-5.094152209242423e-06
100,DNS,4,0.37125,0.1640625,-0.9866187647679121,3.01950305037213e-16,0.020775051452367382,0.01548401842674908,-0.00023587867388990928,0.00017116559467552516,0.9310047156101677,-2.941710222713444e-05
100,DNS,4,0.37125,0.1796875,-0.9864291410383116,-4.684837587309865e-16,0.02371736091813118,0.019544172682173736,8.576143363437532e-05,0.000598272111601803,0.8970806186214082,-0.00014849659271153745
100,DNS,4,0.37125,0.1953125,-0.9881019368063553,1.8062808193608504e-16,0.027637598316105537,0.024468087242967923,0.0008253944303160673,0.001890386351113163,0.8542172124070777,-0.0006354556381760332
100,DNS,4,0.37125,0.2109375,-0.9921079238891822,4.391018798566293e-16,0.032839325161572404,0.030481564541218968,0.002191166098514298,0.005245537109936612,0.8042893391929995,-0.002225640653325268
100,DNS,4,0.37125,0.2265625,-0.998542991647347,-3.7112240364178817e-16,0.03956686923647875,0.03787274796553183,0.00438683447134185,0.012436448667970291,0.751095270503214,-0.006179248482262657
100,DNS,4,0.37125,0.2421875,-1.0069176468957084,-4.0310636773011055e-16,0.047822241252792407,0.04698642574644525,0.007555773336013238,0.02476362094495501,0.699007204472854,-0.01340002080531616
100,DNS,4,0.37125,0.2578125,-1.0160144538656337,-5.058887336817364e-16,0.05710906884037764,0.05819462335430434,0.011716098658626026,0.041468914683733586,0.650748959497629,-0.023009791123213007
100,DNS,4,0.37125,0.2734375,-1.0238633574847318,3.209238430557093e-17,0.06621179104111133,0.07183077028926281,0.016701460848135827,0.05951945896611156,0.6064577871237616,-0.03244815890529793
100,DNS,4,0.37125,0.2890625,-1.0278576820057355,3.0075768264747893e-16,0.07319361755798202,0.08808166163410033,0.022121691852331794,0.07518905227224758,0.5647224131626227,-0.039148047491408246
100,DNS,4,0.37125,0.3046875,-1.0250016095416625,-3.467278547608643e-16,0.07578288414381967,0.10684847693365863,0.02735398020723353,0.08572455361370962,0.5239968611746046,-0.04174722660194394
100,DNS,4,0.37125,0.3203125,-1.0122537655062662,4.735795089416683e-16,0.07217743354907426,0.12761116897617322,0.03157241728710599,0.0901033398659486,0.48332520142494517,-0.040257258051638295
100,DNS,4,0.37125,0.3359375,-0.9869142257668959,1.1761425167122752e-15,0.062070453122607866,0.14934934737673042,0.03382252329197051,0.08910012773449376,0.44247834663006513,-0.03575126469886957
100,DNS,4,0.37125,0.3515625,-0.9469919966491143,2.8666305440516737e-16,0.04749544437905964,0.1705751516209043,0.03314367246196537,0.08492140726655611,0.4017579190980394,-0.029857052807613582
100,DNS,4,0.37125,0.3671875,-0.8914872898000996,2.5153490401663703e-16,0.033027476304663905,0.1895118177781968,0.028731829544956657,0.08043105908661063,0.361612559908934,-0.02410979616544764
100,DNS,4,0.37125,0.3828125,-0.8205322279470924,5.842765507524383e-16,0.025035762643664028,0.20440821944030796,0.020119747083145713,0.07817426329282005,0.32235555941070454,-0.019432389911233923
100,DNS,4,0.37125,0.3984375,-0.7353574616605708,-2.822178254979768e-16,0.030020324942814685,0.21392861109410677,0.007340351944189421,0.0796421356396159,0.28428414463753715,-0.0160576142865144
100,DNS,4,0.37125,0.4140625,-0.6380856302563626,1.0166563771396575e-15,0.05244015163064694,0.2175178139539644,-0.00896193718013686,0.08498943990660818,0.2480408926307211,-0.013756410839402041
100,DNS,4,0.37125,0.4296875,-0.5313864490990039,1.6530830523886486e-15,0.09269742080217369,0.21563077687590287,-0.027500875672735528,0.09316040602917171,0.21477583850618245,-0.012097926911320995
100,DNS,4,0.37125,0.4453125,-0.4180566882828786,-4.137315490204685e-16,0.14600872055129815,0.20973715160422074,-0.04642289480372311,0.10241807634139263,0.18593689299312605,-0.010718197355697331
100,DNS,4,0.37125,0.4609375,-0.30061062129269567,3.5887091909270197e-17,0.20276588127359824,0.20206248403585653,-0.06350720021791162,0.11117592938163304,0.1627788149828982,-0.009518328486106203
100,DNS,4,0.37125,0.4765625,-0.1809792906892813,9.729630295884917e-16,0.250642047765961,0.195098915958055,-0.07649709008664185,0.11877571045458102,0.14575439507682025,-0.00862601149863418
100,DNS,4,0.37125,0.4921875,-0.06040766628412733,-5.139118297581291e-17,0.27808570385280745,0.19099535154619313,-0.08352443449494823,0.12583348461971441,0.13407401632280147,-0.00817108945497152
100,DNS,4,0.37125,0.5078125,0.06040766628412737,2.1250362580715887e-17,0.2780857038528075,0.19099535154619313,-0.08352443449494826,0.1340740163228012,0.1258334846197146,-0.008171089454971506
100,DNS,4,0.37125,0.5234375,0.18097929068928129,-8.925152283900673e-16,0.250642047765961,0.19509891595805498,-0.07649709008664186,0.14575439507681995,0.1187757104545811,-0.008626011498634146
100,DNS,4,0.37125,0.5390625,0.30061062129269567,1.205632815803881e-16,0.20276588127359835,0.20206248403585642,-0.06350720021791167,0.16277881498289798,0.11117592938163308,-0.009518328486106177
100,DNS,4,0.37125,0.5546875,0.41805668828287856,4.881078180529741e-16,0.14600872055129827,0.20973715160422068,-0.04642289480372319,0.18593689299312588,0.10241807634139266,-0.010718197355697314
100,DNS,4,0.37125,0.5703125,0.5313864490990037,-1.5985476831126277e-15,0.09269742080217377,0.2156307768759029,-0.02750087567273557,0.2147758385061824,0.09316040602917168,-0.01209792691132098
100,DNS,4,0.37125,0.5859375,0.6380856302563624,-9.48026379621325e-16,0.05244015163064697,0.21751781395396452,-0.00896193718013694,0.2480408926307211,0.08498943990660814,-0.013756410839402032
100,DNS,4,0.37125,0.6015625,0.7353574616605707,4.292356400870112e-16,0.03002032494281466,0.21392861109410694,0.007340351944189354,0.2842841446375372,0.07964213563961584,-0.016057614286514386
100,DNS,4,0.37125,0.6171875,0.8205322279470924,-4.8908360000821105e-16,0.025035762643664014,0.20440821944030801,0.020119747083145713,0.32235555941070465,0.07817426329281997,-0.01943238991123391
100,DNS,4,0.37125,0.6328125,0.8914872898000995,-2.7820627745978044e-16,0.03302747630466391,0.18951181777819684,0.028731829544956646,0.36161255990893404,0.08043105908661054,-0.024109796165447617
100,DNS,4,0.37125,0.6484375,0.9469919966491143,-2.5348646792711094e-16,0.04749544437905967,0.1705751516209043,0.03314367246196536,0.40175791909803943,0.084921407266556,-0.029857052807613547
100,DNS,4,0.37125,0.6640625,0.9869142257668961,-1.1348886240492018e-15,0.06207045312260796,0.14934934737673042,0.03382252329197051,0.4424783466300652,0.08910012773449368,-0.035751264698869537
100,DNS,4,0.37125,0.6796875,1.0122537655062662,-4.836490366186275e-16,0.07217743354907438,0.1276111689761732,0.031572417287105956,0.48332520142494517,0.09010333986594851,-0.04025725805163825
100,DNS,4,0.37125,0.6953125,1.0250016095416625,3.3903001933621724e-16,0.0757828841438197,0.10684847693365859,0.027353980207233484,0.5239968611746048,0.08572455361370951,-0.04174722660194389
100,DNS,4,0.37125,0.7109375,1.0278576820057355,-3.253148618542756e-16,0.07319361755798198,0.0880816616341003,0.022121691852331784,0.5647224131626228,0.07518905227224748,-0.0391480474914082
100,DNS,4,0.37125,0.7265625,1.0238633574847316,-5.757113535898029e-17,0.06621179104111129,0.07183077028926277,0.01670146084813584,0.6064577871237617,0.05951945896611149,-0.0324481589052979
100,DNS,4,0.37125,0.7421875,1.0160144538656335,5.012164999446816e-16,0.057109068840377586,0.0581946233543043,0.011716098658626013,0.650748959497629,0.04146891468373354,-0.023009791123212983
100,DNS,4,0.37125,0.7578125,1.0069176468957084,3.9841719333411074e-16,0.04782224125279238,0.04698642574644525,0.00755577333601323,0.699007204472854,0.02476362094495499,-0.01340002080531615
100,DNS,4,0.37125,0.7734375,0.9985429916473466,3.777631419482619e-16,0.039566869236478765,0.03787274796553183,0.004386834471341849,0.751095270503214,0.012436448667970283,-0.006179248482262654
100,DNS,4,0.37125,0.7890625,0.9921079238891821,-4.3129562421473366e-16,0.03283932516157241,0.030481564541218965,0.0021911660985142896,0.8042893391929994,0.00524553710993661,-0.0022256406533252672
100,DNS,4,0.37125,0.8046875,0.9881019368063553,-1.5989271538729977e-16,0.027637598316105537,0.02446808724296792,0.0008253944303160558,0.8542172124070777,0.0018903863511131617,-0.0006354556381760329
100,DNS,4,0.37125,0.8203125,0.9864291410383115,4.768931018313272e-16,0.02371736091813118,0.019544172682173733,8.576143363437557e-05,0.8970806186214082,0.0005982721116018026,-0.00014849659271153743
100,DNS,4,0.37125,0.8359375,0.9866187647679119,-3.0008175035557e-16,0.020775051452367396,0.015484018426749077,-0.00023587867388990766,0.9310047156101677,0.0001711655946755251,-2.941710222713443e-05
100,DNS,4,0.37125,0.8515625,0.9880432253977806,-2.588752915375428e-16,0.0185388469323892,0.012117820753975796,-0.00031483337109001493,0.9559923880322841,4.541495359519638e-05,-5.09415220924242e-06
100,DNS,4,0.37125,0.8671875,0.9900937050854884,-1.12865446155741e-16,0.01679741669606679,0.00932091767633126,-0.00027745946060589834,0.9732463181582987,1.140498116237082e-05,-7.901132481059419e-07
100,DNS,4,0.37125,0.8828125,0.992287427869674,-5.257228571746431e-16,0.015400623939681574,0.0070023543864653134,-0.00020192207681921044,0.984472426582419,2.7522011199524725e-06,-1.1178828528457924e-07
100,DNS,4,0.37125,0.8984375,0.994306779289339,4.1354181364028353e-16,0.01425109758036825,0.005094811601262539,-0.00012850514348595093,0.9913820176552,6.450031273937274e-07,-1.4621136701073096e-08
100,DNS,4,0.37125,0.9140625,0.9959880133496971,-8.555710393626237e-17,0.01329294186210892,0.0035468433704747234,-7.262897729519774e-05,0.9954182520317693,1.478411820435144e-07,-1.7847617606282817e-09
100,DNS,4,0.37125,0.9296875,0.9972831460217662,-6.663777602639032e-16,0.01249948017312361,0.0023176917178296787,-3.616813050057657e-05,0.9976621798289007,3.328981969134095e-08,-2.0473639570520317e-10
100,DNS,4,0.37125,0.9453125,0.9982152391626645,-1.4198982701413287e-16,0.011861784814684187,0.0013743898044672712,-1.530645086943603e-05,0.9988517058182653,7.383921539203355e-09,-2.2204834391580695e-11
100,DNS,4,0.37125,0.9609375,0.9988396263278052,8.324300992436362e-17,0.011379680631999796,0.0006905290833542849,-4.9985314260197655e-06,0.9994520867077736,1.6164863880339248e-09,-2.3020563951216982e-12
100,DNS,4,0.37125,0.9765625,0.9992160641245744,-2.3615956195807697e-16,0.01105594577252271,0.0002460046818464614,-9.337434604497226e-07,0.9997353648428786,3.524672560929893e-10,-2.3977330368937566e-13
100,DNS,4,0.37125,0.9921875,0.9993916056983172,-1.7418893747105785e-16,0.010893316920309329,2.7189477795329573e-05,-3.0530243792597188e-18,0.9998462363561386,9.030121695315436e-11,-3.526379664200688e-14
100,DNS,5,0.464375,0.0078125,-0.998563858622775,1.7968956943052727e-16,0.011846092738999404,2.8949030356662022e-05,-1.3421237049244389e-18,2.6956117363194564e-10,0.9986791994450693,-7.761744572084842e-13
100,DNS,5,0.464375,0.0234375,-0.9983245453836794,2.542047518663826e-16,0.012000018262268177,0.0002616778841774508,2.951984105649008e-07,9.462987789372045e-10,0.9981175254603459,-3.910951106413523e-12
100,DNS,5,0.464375,0.0390625,-0.9978447479631164,-9.46237446036724e-17,0.01231067211839826,0.0007332159155348991,1.6830180506684503e-06,3.953939310409422e-09,0.9968350602540303,-2.7654839981013657e-11
100,DNS,5,0.464375,0.0546875,-0.9971300260597049,1.210782776123187e-16,0.012785466884321466,0.0014558434402781608,5.743088498083423e-06,1.6508923230616665e-08,0.9944993156633631,-2.012830810350012e-10
100,DNS,5,0.464375,0.0703125,-0.9962079294153875,7.086345399365257e-16,0.013440171671819531,0.0024484217016917486,1.5904758017804215e-05,6.800855811013027e-08,0.9905827709240389,-1.4183583775828917e-09
100,DNS,5,0.464375,0.0859375,-0.995148943097151,9.69276742202041e-17,0.014304732275878168,0.003737307400566453,3.934001577961598e-05,2.7532813133529864e-07,0.9843475693508977,-9.498808390298126e-09
100,DNS,5,0.464375,0.1015625,-0.9940893856760668,-4.758563335038879e-16,0.015431119855780173,0.005358171251717855,8.994026396763011e-05,1.089926687562294e-06,0.9748562978007915,-5.986605070964202e-08
100,DNS,5,0.464375,0.1171875,-0.9932496571607432,5.540273101400928e-16,0.0169028512164233,0.007359123149978298,0.00019239130566689775,4.189061357094986e-06,0.96103086004869,-3.5177135842669103e-07
100,DNS,5,0.464375,0.1328125,-0.9929383246105801,1.08528637465799e-16,0.018845338896795114,0.009805479021528674,0.00038687619561578494,1.548155109054222e-05,0.9417763884963971,-1.9056502758698784e-06
100,DNS,5,0.464375,0.1484375,-0.9935309752940429,2.529443668408682e-16,0.021435080407209352,0.012786311134608179,0.0007332274117200091,5.4332611315204655e-05,0.9161725364732471,-9.3866953416605e-06
100,DNS,5,0.464375,0.1640625,-0.9954141914617807,3.1908069936248395e-16,0.024902749864290828,0.016422562371201797,0.001312582186451066,0.000178310120139546,0.883712901626978,-4.1343036441499714e-05
100,DNS,5,0.464375,0.1796875,-0.9988905431578062,-4.83554168928535e-16,0.0295195124844309,0.02087585318547585,0.0022240734844730984,0.0005375259956455544,0.8445512661974806,-0.00015969167903560343
100,DNS,5,0.464375,0.1953125,-1.0040499677612407,2.0686577451023425e-16,0.03554868650417765,0.026355921972110407,0.003574147318386246,0.0014599562108042652,0.7996899225458791,-0.0005296170085523935
100,DNS,5,0.464375,0.2109375,-1.0106243921302673,4.569912157026401e-16,0.04314233473209478,0.03312266672522966,0.005456901557582863,0.003506501959565785,0.7510022010234239,-0.0014775082806075745
100,DNS,5,0.464375,0.2265625,-1.0178527940981987,-3.7882023906643525e-16,0.05217472377554178,0.041476137340007976,0.007925259045530444,0.007338646465891204,0.7009335428524233,-0.0034147618536941966
100,DNS,5,0.464375,0.2421875,-1.024389973364209,-4.163336342344337e-16,0.06203978671848767,0.05172562177962742,0.01095450334376084,0.013295123650737258,0.6518312243578731,-0.006511606938513398
100,DNS,5,0.464375,0.2578125,-1.028292279498909,-5.381979584218044e-16,0.07149294022151734,0.06412937187810802,0.014401624802553662,0.02093416392120396,0.6052331089137506,-0.010352726539182757
100,DNS,5,0.464375,0.2734375,-1.0271070174277506,3.664603343001005e-17,0.0786639630378154,0.07880221870085083,0.01796651363149736,0.02903809459550994,0.5616563289582759,-0.014031713489491268
100,DNS,5,0.464375,0.2890625,-1.018079063954068,3.3024798173908465e-16,0.08136636217263327,0.09560082106701484,0.021164918255887503,0.036168145199385375,0.5209644648211715,-0.016664924895988614
100,DNS,5,0.464375,0.3046875,-0.9984676099754084,-3.217912047936977e-16,0.07774294167763823,0.11401361357501738,0.023327596339412643,0.04133263685890272,0.48284916754989504,-0.01783995347254877
100,DNS,5,0.464375,0.3203125,-0.9659381330236553,5.188991597515624e-16,0.06711740055031382,0.13309785533320356,0.023641842628546704,0.04434505054816276,0.4470316395449929,-0.01770403472317672
100,DNS,5,0.464375,0.3359375,-0.9189649533799495,1.2201611249151867e-15,0.05073490494775937,0.1515092615576119,0.021245426614703876,0.045737521543175993,0.413169922829038,-0.01673970261330667
100,DNS,5,0.464375,0.3515625,-0.857160283415477,2.5804011705155006e-16,0.03199524166269125,0.1676522629447305,0.015366605453339278,0.046337525517070446,0.38071683569804515,-0.015426993170830343
100,DNS,5,0.464375,0.3671875,-0.781450317489774,2.5587171270657905e-16,0.01591383865443923,0.17994212538367915,0.005483230191598555,0.04677560696869845,0.34899027993610376,-0.014013878268164012
100,DNS,5,0.464375,0.3828125,-0.6940509008641024,6.032500887709347e-16,0.00786441172598966,0.18712766024976007,-0.008537436872349815,0.04718946129328361,0.31746613682915925,-0.012498465498608976
100,DNS,5,0.464375,0.3984375,-0.5982396942212357,-3.647256108241237e-16,0.01199072141210981,0.1885947810327652,-0.02634794060136319,0.0472486713976584,0.28600147917314966,-0.010758228593014355
100,DNS,5,0.464375,0.4140625,-0.49795370068133343,1.0568802777388697e-15,0.02983066815523614,0.18456955771395536,-0.047084426029331855,0.04653286958946459,0.25472108689337775,-0.008725408576149146
100,DNS,5,0.464375,0.4296875,-0.39724817469929286,1.7126057516581028e-15,0.059613885938139634,0.1761626549795961,-0.06937161636267315,0.0451996456236267,0.22364054707576447,-0.006536195295965025
100,DNS,5,0.464375,0.4453125,-0.299653139850087,-4.165504746689308e-16,0.09646205836763133,0.1652326345104273,-0.09136478991206022,0.04459025320497912,0.1923891782391589,-0.004534584173427503
100,DNS,5,0.464375,0.4609375,-0.20749731042126274,5.746271514173174e-17,0.13345194900625434,0.15408231928249028,-0.11086409373251514,0.04723072594296954,0.16047326637726905,-0.0030515013207844882
100,DNS,5,0.464375,0.4765625,-0.12135635157018536,1.0225110688710792e-15,0.16324768370156106,0.14503697684753347,-0.1255689413678362,0.056034005739062615,0.12826236047459783,-0.002167586281124938
100,DNS,5,0.464375,0.4921875,-0.039869174809921845,-2.0166160408230382e-17,0.1798267065145746,0.13998516120156734,-0.13350167949309827,0.07300209784255113,0.0979503791872453,-0.0017704790131484697
100,DNS,5,0.464375,0.5078125,0.03986917480992186,-8.456776945386935e-18,0.17982670651457464,0.13998516120156734,-0.1335016794930983,0.09795037918724506,0.0730020978425513,-0.0017704790131484686
100,DNS,5,0.464375,0.5234375,0.12135635157018532,-9.58651560911683e-16,0.16324768370156106,0.1450369768475335,-0.12556894136783625,0.12826236047459755,0.05603400573906274,-0.0021675862811249367
100,DNS,5,0.464375,0.5390625,0.20749731042126274,1.1888276821303556e-16,0.13345194900625446,0.15408231928249022,-0.11086409373251518,0.16047326637726883,0.04723072594296962,-0.00305150132078449
100,DNS,5,0.464375,0.5546875,0.2996531398500869,5.246454312657356e-16,0.09646205836763141,0.1652326345104273,-0.09136478991206028,0.19238917823915874,0.04459025320497918,-0.004534584173427506
100,DNS,5,0.464375,0.5703125,0.39724817469929274,-1.650779122772117e-15,0.0596138859381397,0.17616265497959618,-0.0693716163626732,0.22364054707576442,0.04519964562362672,-0.006536195295965028
100,DNS,5,0.464375,0.5859375,0.4979537006813332,-9.448279832124928e-16,0.029830668155236176,0.18456955771395547,-0.047084426029331924,0.2547210868933777,0.04653286958946458,-0.008725408576149141
100,DNS,5,0.464375,0.6015625,0.5982396942212356,5.367884955975732e-16,0.011990721412109811,0.18859478103276534,-0.026347940601363223,0.2860014791731496,0.04724867139765837,-0.01075822859301434
100,DNS,5,0.464375,0.6171875,0.6940509008641025,-5.275727771314465e-16,0.007864411725989662,0.18712766024976007,-0.008537436872349804,0.31746613682915925,0.047189461293283566,-0.012498465498608963
100,DNS,5,0.464375,0.6328125,0.781450317489774,-2.797580418191503e-16,0.01591383865443923,0.17994212538367912,0.005483230191598522,0.3489902799361038,0.04677560696869838,-0.014013878268163991
100,DNS,5,0.464375,0.6484375,0.857160283415477,-2.532425224383017e-16,0.031995241662691236,0.1676522629447305,0.015366605453339238,0.38071683569804526,0.046337525517070356,-0.015426993170830319
100,DNS,5,0.464375,0.6640625,0.9189649533799495,-1.1819701033893848e-15,0.050734904947759424,0.1515092615576119,0.021245426614703883,0.4131699228290381,0.045737521543175924,-0.016739702613306644
100,DNS,5,0.464375,0.6796875,0.9659381330236554,-4.982586608928696e-16,0.06711740055031391,0.1330978553332035,0.023641842628546694,0.447031639544993,0.04434505054816268,-0.01770403472317669
100,DNS,5,0.464375,0.6953125,0.9984676099754084,3.0471840870884004e-16,0.07774294167763823,0.11401361357501737,0.023327596339412615,0.4828491675498951,0.041332636858902636,-0.017839953472548735
100,DNS,5,0.464375,0.7109375,1.0180790639540678,-3.6282825702227406e-16,0.08136636217263318,0.09560082106701487,0.021164918255887517,0.5209644648211716,0.0361681451993853,-0.01666492489598858
100,DNS,5,0.464375,0.7265625,1.0271070174277503,-5.480641981914225e-17,0.07866396303781535,0.07880221870085079,0.01796651363149739,0.5616563289582759,0.029038094595509878,-0.014031713489491237
100,DNS,5,0.464375,0.7421875,1.0282922794989087,5.305407805786255e-16,0.07149294022151728,0.064129371878108,0.014401624802553666,0.6052331089137506,0.020934163921203914,-0.010352726539182735
100,DNS,5,0.464375,0.7578125,1.0243899733642086,3.963843142607004e-16,0.062039786718487644,0.051725621779627404,0.010954503343760856,0.6518312243578732,0.013295123650737234,-0.006511606938513386
100,DNS,5,0.464375,0.7734375,1.0178527940981987,3.6911662962269e-16,0.05217472377554179,0.04147613734000797,0.007925259045530441,0.7009335428524233,0.007338646465891191,-0.0034147618536941905
100,DNS,5,0.464375,0.7890625,1.010624392130267,-4.488325943546867e-16,0.04314233473209479,0.03312266672522966,0.005456901557582857,0.751002201023424,0.003506501959565779,-0.0014775082806075717
100,DNS,5,0.464375,0.8046875,1.0040499677612402,-1.8667250904769173e-16,0.03554868650417764,0.026355921972110407,0.0035741473183862303,0.7996899225458791,0.0014599562108042626,-0.0005296170085523926
100,DNS,5,0.464375,0.8203125,0.9988905431578061,4.845096220930378e-16,0.029519512484430896,0.020875853185475857,0.0022240734844730958,0.8445512661974806,0.0005375259956455535,-0.0001596916790356032
100,DNS,5,0.464375,0.8359375,0.9954141914617806,-3.211135784358943e-16,0.02490274986429086,0.0164225623712018,0.0013125821864510673,0.883712901626978,0.00017831012013954576,-4.134303644149964e-05
100,DNS,5,0.464375,0.8515625,0.9935309752940429,-2.485397955151458e-16,0.02143508040720937,0.012786311134608175,0.0007332274117200035,0.9161725364732471,5.4332611315204574e-05,-9.38669534166048e-06
100,DNS,5,0.464375,0.8671875,0.9929383246105798,-9.776115464030233e-17,0.01884533889679512,0.009805479021528668,0.00038687619561577464,0.9417763884963972,1.5481551090542198e-05,-1.9056502758698744e-06
100,DNS,5,0.464375,0.8828125,0.9932496571607432,-5.348132147645762e-16,0.0169028512164233,0.007359123149978297,0.00019239130566689084,0.9610308600486899,4.18906135709498e-06,-3.5177135842669034e-07
100,DNS,5,0.464375,0.8984375,0.9940893856760668,4.743282860670411e-16,0.015431119855780173,0.005358171251717857,8.994026396762582e-05,0.9748562978007913,1.0899266875622925e-06,-5.986605070964182e-08
100,DNS,5,0.464375,0.9140625,0.995148943097151,-9.335488924868546e-17,0.014304732275878165,0.003737307400566455,3.934001577961225e-05,0.9843475693508976,2.753281313352982e-07,-9.498808390298081e-09
100,DNS,5,0.464375,0.9296875,0.9962079294153875,-7.001921625512421e-16,0.01344017167181953,0.00244842170169175,1.590475801780311e-05,0.9905827709240388,6.800855811013016e-08,-1.4183583775828859e-09
100,DNS,5,0.464375,0.9453125,0.9971300260597049,-1.2016771719402033e-16,0.012785466884321459,0.0014558434402781608,5.743088498082063e-06,0.994499315663363,1.650892323061664e-08,-2.0128308103499984e-10
100,DNS,5,0.464375,0.9609375,0.9978447479631164,9.075110996882574e-17,0.01231067211839826,0.0007332159155348998,1.683018050667238e-06,0.9968350602540302,3.953939310409415e-09,-2.765483998101339e-11
100,DNS,5,0.464375,0.9765625,0.9983245453836793,-2.582169351792894e-16,0.01200001826226818,0.0002616778841774512,2.951984105650406e-07,0.9981175254603458,9.462987789372029e-10,-3.910951106413484e-12
100,DNS,5,0.464375,0.9921875,0.998563858622775,-1.7563789320645474e-16,0.011846092738999402,2.8949030356662046e-05,-1.4048372302457592e-18,0.9986791994450694,2.6956117363194523e-10,-7.761744572084836e-13
100,DNS,6,0.556875,0.0078125,-0.9977548025311712,1.7944562394171804e-16,0.011771925060204703,2.8502983879778138e-05,-1.334076891925523e-18,1.9254598910926397e-10,0.9952823829371518,-1.7304315506156621e-12
100,DNS,6,0.556875,0.0234375,-0.9975883603673923,2.7485880325223144e-16,0.011949108173642472,0.0002578048513096555,2.4138397612450816e-06,6.057256537777711e-10,0.9940372953331474,-6.870961695946455e-12
100,DNS,6,0.556875,0.0390625,-0.99728405742379,-1.0065461918812302e-16,0.012315242407310861,0.0007233432224151733,1.2505541892545247e-05,2.2979107210457576e-09,0.9913663876498628,-3.7612428985362134e-11
100,DNS,6,0.556875,0.0546875,-0.9969034423737975,9.730714498057402e-17,0.012895821226139949,0.0014395810113412828,3.691799898168829e-05,8.747751234595056e-09,0.9869151001083822,-2.156177630700466e-10
100,DNS,6,0.556875,0.0703125,-0.9965481148192319,7.409437646765937e-16,0.013733902854299701,0.0024298015016356762,8.480938186449907e-05,3.285728181147169e-08,0.980172570556644,-1.2149210025259065e-09
100,DNS,6,0.556875,0.0859375,-0.9963661486034907,1.0397498834135988e-16,0.014895617018975314,0.0037282846324286326,0.00016925485768808687,1.211297559555746e-07,0.9705056166183406,-6.568606564428064e-09
100,DNS,6,0.556875,0.1015625,-0.9965529845657982,-5.3174695549551565e-16,0.01647680924301835,0.005383585455034487,0.0003088819045003385,4.35790493152481e-07,0.9572142012885569,-3.3640802301289937e-08
100,DNS,6,0.556875,0.1171875,-0.9973408932883441,5.717540156602308e-16,0.01860957083218143,0.007463087253422282,0.0005295415017945785,1.5192649213399204e-06,0.9396090379302184,-1.6158653634608714e-07
100,DNS,6,0.556875,0.1328125,-0.9989710405576536,1.0289078616887437e-16,0.021465901971640427,0.010058836702042752,0.0008655877750582135,5.088570485096529e-06,0.9171048432603874,-7.208157328434368e-07
100,DNS,6,0.556875,0.1484375,-1.0016435779150286,2.561969733583247e-16,0.02525312803927717,0.013294313963421551,0.001360061202552121,1.621243984787834e-05,0.8893155319227319,-2.9550082346625793e-06
100,DNS,6,0.556875,0.1640625,-1.0054443491653733,3.3957212042246e-16,0.030192138314091538,0.01733113966000434,0.002062774618753747,4.859723335727597e-05,0.8561345376025704,-1.1008640403051678e-05
100,DNS,6,0.556875,0.1796875,-1.0102517376549747,-4.921193660911705e-16,0.036466634309103,0.022373655289670755,0.003025025098353686,0.0001354748994111788,0.8177877336671199,-3.68402666972032e-05
100,DNS,6,0.556875,0.1953125,-1.0156334839328531,2.5478751053409354e-16,0.04413298540567735,0.028667811151276527,0.004289462272540857,0.000347238357045048,0.7748564000972716,-0.00010950292300419122
100,DNS,6,0.556875,0.2109375,-1.0207502598203955,4.896257010944538e-16,0.05299109946576567,0.03648913315744904,0.005873690790499587,0.0008099105891902927,0.7282739586056143,-0.000286207951052834
100,DNS,6,0.556875,0.2265625,-1.0242893565125257,-3.8250652645288596e-16,0.06244073807300002,0.046113535136014995,0.007746827199118361,0.0017053899044518935,0.6792916520864611,-0.0006529261317407702
100,DNS,6,0.556875,0.2421875,-1.0244564344207054,-4.200199216208844e-16,0.07138222643585698,0.05776584142436217,0.009800066095971283,0.0032282764852544586,0.6293896341610196,-0.001296154436888036
100,DNS,6,0.556875,0.2578125,-1.0190532795269234,-5.43835809718729e-16,0.07825047371090481,0.07154577787840818,0.011815921840746018,0.005499314359644465,0.5801103751106179,-0.0022461951843967707
100,DNS,6,0.556875,0.2734375,-1.0056612333192827,4.380176776841438e-17,0.08126821307262996,0.08734070574172842,0.013446023349290182,0.008489227485160997,0.5328316987733446,-0.003433897419802428
100,DNS,6,0.556875,0.2890625,-0.9819300854723314,3.3610267347050637e-16,0.07893870058430272,0.10474680144146994,0.014212171184181041,0.012027653197339288,0.4885454757757023,-0.00471174645269366
100,DNS,6,0.556875,0.3046875,-0.9459412146638184,-3.2569433261464553e-16,0.07066783514601854,0.12303032183769977,0.013545704766454229,0.01590877085268477,0.4477178620399997,-0.005930817601410518
100,DNS,6,0.556875,0.3203125,-0.8965797237847424,4.805184028455756e-16,0.05726670072875789,0.14116019472484298,0.010871669729644306,0.020012585369677736,0.41028504477277433,-0.0070054104761919506
100,DNS,6,0.556875,0.3359375,-0.8338288829288883,1.2385925618474403e-15,0.04104299211115621,0.1579269128220469,0.0057264401554777125,0.024339678835766557,0.375806640169924,-0.007914983493591085
100,DNS,6,0.556875,0.3515625,-0.7589068665298406,3.0010716134398763e-16,0.025323318280544453,0.17213338604898817,-0.002122219290063124,0.02892374298708459,0.34373601689904343,-0.008656644922893315
100,DNS,6,0.556875,0.3671875,-0.6742032766605444,2.925177461365891e-16,0.01351858584297154,0.18281368587850538,-0.012592099965360884,0.033678495422242785,0.3136781866359605,-0.00919561326631388
100,DNS,6,0.556875,0.3828125,-0.5830246676013744,6.108395039783332e-16,0.008089644575030664,0.18942118530618623,-0.025268382040829013,0.03831010334160678,0.2854853431838804,-0.009455836155773395
100,DNS,6,0.556875,0.3984375,-0.48919768112784656,-4.3172930508372787e-16,0.009830389208470104,0.19193615665691632,-0.03945170761312361,0.042453163578052844,0.259151401382655,-0.009375404074473149
100,DNS,6,0.556875,0.4140625,-0.3965894520626711,1.076829597712603e-15,0.017734880334221395,0.19086890802331152,-0.054248822233917415,0.04608020808984009,0.2346040803453987,-0.009009311767306245
100,DNS,6,0.556875,0.4296875,-0.30859538983255436,1.8093165854438098e-15,0.02945937315476744,0.18716447568755956,-0.06867315189182607,0.04995443520456176,0.21151330482816671,-0.008589602286794257
100,DNS,6,0.556875,0.4453125,-0.22763920911946464,-4.0679265511656126e-16,0.04215692491279827,0.18203690690130328,-0.0817323673188728,0.05567747089380247,0.18920074090939137,-0.00843296469412853
100,DNS,6,0.556875,0.4609375,-0.1547495701409851,2.3418766925686896e-17,0.053328277101911264,0.17677063647470004,-0.09249946851395577,0.06508994990861083,0.16678915526870816,-0.008708579162803633
100,DNS,6,0.556875,0.4765625,-0.08931548489333319,1.0178489995293916e-15,0.06134117441488253,0.17252501722305053,-0.100178932854279,0.0793406509213328,0.1437154660336104,-0.009263337963556008
100,DNS,6,0.556875,0.4921875,-0.02913979323111979,-3.3176586478056436e-17,0.06544988372756858,0.17016993635666586,-0.1041782516242818,0.09825019801573041,0.12036915659032708,-0.009705130661663716
100,DNS,6,0.556875,0.5078125,0.029139793231119822,2.970713952610282e-17,0.06544988372756858,0.17016993635666589,-0.10417825162428182,0.12036915659032693,0.09825019801573057,-0.00970513066166372
100,DNS,6,0.556875,0.5234375,0.08931548489333319,-9.759445855628268e-16,0.061341174414882536,0.17252501722305058,-0.10017893285427901,0.1437154660336102,0.07934065092133295,-0.009263337963556016
100,DNS,6,0.556875,0.5390625,0.15474957014098506,1.0454419448191477e-16,0.0533282771019113,0.1767706364747001,-0.09249946851395582,0.16678915526870802,0.06508994990861094,-0.008708579162803647
100,DNS,6,0.556875,0.5546875,0.22763920911946456,5.080029279180831e-16,0.042156924912798314,0.1820369069013033,-0.08173236731887287,0.18920074090939126,0.05567747089380256,-0.008432964694128544
100,DNS,6,0.556875,0.5703125,0.3085953898325542,-1.7352113669544256e-15,0.029459373154767484,0.18716447568755967,-0.06867315189182613,0.2115133048281666,0.04995443520456182,-0.008589602286794264
100,DNS,6,0.556875,0.5859375,0.39658945206267093,-9.534067329022844e-16,0.017734880334221416,0.1908689080233117,-0.054248822233917485,0.23460408034539862,0.046080208089840105,-0.009009311767306247
100,DNS,6,0.556875,0.6015625,0.4891976811278464,6.073158469177553e-16,0.0098303892084701,0.1919361566569165,-0.03945170761312364,0.25915140138265497,0.04245316357805283,-0.009375404074473143
100,DNS,6,0.556875,0.6171875,0.5830246676013744,-5.471155212904977e-16,0.00808964457503066,0.18942118530618623,-0.02526838204082901,0.2854853431838804,0.03831010334160675,-0.009455836155773386
100,DNS,6,0.556875,0.6328125,0.6742032766605444,-2.7663418430967646e-16,0.013518585842971536,0.18281368587850536,-0.012592099965360922,0.3136781866359606,0.03367849542224274,-0.009195613266313865
100,DNS,6,0.556875,0.6484375,0.7589068665298406,-2.67282940571989e-16,0.025323318280544446,0.1721333860489882,-0.00212221929006316,0.3437360168990435,0.028923742987084528,-0.008656644922893298
100,DNS,6,0.556875,0.6640625,0.8338288829288883,-1.2323041892470243e-15,0.04104299211115626,0.1579269128220469,0.0057264401554777185,0.37580664016992404,0.024339678835766494,-0.007914983493591064
100,DNS,6,0.556875,0.6796875,0.8965797237847424,-4.984619488002107e-16,0.05726670072875794,0.14116019472484292,0.01087166972964429,0.4102850447727744,0.02001258536967768,-0.0070054104761919315
100,DNS,6,0.556875,0.6953125,0.9459412146638183,3.0548751462494694e-16,0.0706678351460185,0.12303032183769977,0.013545704766454177,0.44771786203999975,0.015908770852684724,-0.005930817601410501
100,DNS,6,0.556875,0.7109375,0.9819300854723313,-3.6791045470579986e-16,0.07893870058430263,0.10474680144146994,0.01421217118418106,0.4885454757757024,0.012027653197339247,-0.004711746452693642
100,DNS,6,0.556875,0.7265625,1.0056612333192825,-5.15267082473736e-17,0.08126821307262991,0.0873407057417284,0.013446023349290234,0.5328316987733447,0.008489227485160969,-0.0034338974198024163
100,DNS,6,0.556875,0.7421875,1.0190532795269232,5.283181661250302e-16,0.07825047371090477,0.07154577787840818,0.011815921840746035,0.580110375110618,0.005499314359644448,-0.0022461951843967634
100,DNS,6,0.556875,0.7578125,1.0244564344207052,3.942565674971976e-16,0.07138222643585694,0.05776584142436218,0.009800066095971324,0.6293896341610197,0.0032282764852544477,-0.0012961544368880317
100,DNS,6,0.556875,0.7734375,1.0242893565125255,3.5775961186590433e-16,0.062440738073000025,0.046113535136015,0.0077468271991183784,0.6792916520864611,0.0017053899044518882,-0.0006529261317407681
100,DNS,6,0.556875,0.7890625,1.0207502598203955,-4.89273335388396e-16,0.05299109946576566,0.036489133157449054,0.005873690790499596,0.7282739586056144,0.0008099105891902903,-0.0002862079510528331
100,DNS,6,0.556875,0.8046875,1.0156334839328527,-2.2358959302082315e-16,0.04413298540567733,0.028667811151276538,0.0042894622725408536,0.7748564000972716,0.0003472383570450471,-0.00010950292300419088
100,DNS,6,0.556875,0.8203125,1.0102517376549744,4.833373284940379e-16,0.036466634309103,0.022373655289670773,0.003025025098353688,0.8177877336671199,0.0001354748994111784,-3.6840266697203086e-05
100,DNS,6,0.556875,0.8359375,1.0054443491653733,-3.411848711540322e-16,0.030192138314091566,0.01733113966000435,0.0020627746187537504,0.8561345376025703,4.859723335727584e-05,-1.1008640403051642e-05
100,DNS,6,0.556875,0.8515625,1.0016435779150283,-2.5538382172896057e-16,0.025253128039277192,0.013294313963421551,0.0013600612025521208,0.8893155319227319,1.6212439847878294e-05,-2.95500823466257e-06
100,DNS,6,0.556875,0.8671875,0.9989710405576535,-9.161508357502512e-17,0.02146590197164042,0.010058836702042747,0.0008655877750582072,0.9171048432603874,5.0885704850965154e-06,-7.208157328434347e-07
100,DNS,6,0.556875,0.8828125,0.9973408932883441,-5.468851283288445e-16,0.018609570832181427,0.0074630872534222825,0.00052954150179457,0.9396090379302183,1.5192649213399166e-06,-1.6158653634608664e-07
100,DNS,6,0.556875,0.8984375,0.9965529845657981,5.28080996899799e-16,0.01647680924301835,0.005383585455034492,0.00030888190450033195,0.9572142012885569,4.3579049315247986e-07,-3.364080230128982e-08
100,DNS,6,0.556875,0.9140625,0.9963661486034907,-9.88589093399439e-17,0.014895617018975314,0.0037282846324286373,0.00016925485768808286,0.9705056166183406,1.2112975595557428e-07,-6.568606564428037e-09
100,DNS,6,0.556875,0.9296875,0.9965481148192319,-7.300509209749034e-16,0.013733902854299707,0.0024298015016356784,8.480938186449718e-05,0.9801725705566441,3.2857281811471614e-08,-1.2149210025259028e-09
100,DNS,6,0.556875,0.9453125,0.9969034423737975,-9.924515636389186e-17,0.01289582122613996,0.001439581011341284,3.691799898168678e-05,0.9869151001083823,8.747751234595036e-09,-2.1561776307004646e-10
100,DNS,6,0.556875,0.9609375,0.99728405742379,9.397830549786462e-17,0.012315242407310866,0.0007233432224151747,1.2505541892544595e-05,0.9913663876498628,2.2979107210457526e-09,-3.7612428985362134e-11
100,DNS,6,0.556875,0.9765625,0.9975883603673923,-2.7791320406003045e-16,0.011949108173642484,0.0002578048513096563,2.413839761245658e-06,0.9940372953331474,6.057256537777697e-10,-6.87096169594646e-12
100,DNS,6,0.556875,0.9921875,0.9977548025311711,-1.7554122557134934e-16,0.011771925060204715,2.8502983879778226e-05,-9.11778028160051e-19,0.9952823829371517,1.9254598910926358e-10,-1.7304315506156544e-12
100,DNS,7,0.65,0.0078125,-0.9974431445849749,1.8064671666092463e-16,0.011507009557789646,2.778606997577704e-05,-6.964728408798485e-19,3.717024565521817e-11,0.9896667257201943,-6.388952751292168e-13
100,DNS,7,0.65,0.0234375,-0.9974494433098567,2.9587199660771613e-16,0.01174212338583263,0.00025177680414600206,3.2087659242845346e-06,1.0467822658108871e-10,0.9878973197198044,-2.077658343134827e-12
100,DNS,7,0.65,0.0390625,-0.9975007979001094,-1.1069026554719197e-16,0.012230378081161643,0.0007090140321111855,1.6276256607724207e-05,3.6064319204611484e-10,0.9842226991315337,-9.137688844082368e-12
100,DNS,7,0.65,0.0546875,-0.9976735876666628,6.906367838732663e-17,0.013009181678203285,0.0014188707297100595,4.6572869017468704e-05,1.2568211383696021e-09,0.9783818497800344,-4.2558962467131925e-11
100,DNS,7,0.65,0.0703125,-0.9980782345093027,7.677371108641418e-16,0.01413778156715972,0.0024125976022605234,0.0001027402085260849,4.33934183943376e-09,0.9700094075731771,-1.9810912353619436e-10
100,DNS,7,0.65,0.0859375,-0.998850747196379,1.0614339268633088e-16,0.015700178827733086,0.0037360313111668058,0.00019532018226412604,1.4764582605575574e-08,0.9586657152062831,-8.98881854359301e-10
100,DNS,7,0.65,0.1015625,-1.0001362266293186,-5.939530551418715e-16,0.01780713368088514,0.005453251751913937,0.00033742503492189895,4.92814928003699e-08,0.9438739418737019,-3.920188076410104e-09
100,DNS,7,0.65,0.1171875,-1.0020610521297573,5.957419887264725e-16,0.020594707047398225,0.0076510414109751896,0.0005453106277425937,1.6056263864619303e-07,0.9251611309865382,-1.6280232045639186e-08
100,DNS,7,0.65,0.1328125,-1.004691204302311,1.009663273127126e-16,0.024215109469675027,0.010443694124856283,0.0008385455550782006,5.078708742506942e-07,0.902100033140015,-6.39087437299656e-08
100,DNS,7,0.65,0.1484375,-1.0079760044941903,2.662800535624399e-16,0.028813879491355693,0.013977195126331705,0.0012392146093600596,1.5508053050162682e-06,0.8743503915494055,-2.356183665919533e-07
100,DNS,7,0.65,0.1640625,-1.0116796673105384,3.6982136103480556e-16,0.03448677239694831,0.018431014263273517,0.001769274435654391,4.545817005928523e-06,0.8417018341406757,-8.111832588486012e-07
100,DNS,7,0.65,0.1796875,-1.0153075648098615,-5.044792708575052e-16,0.041212372186186896,0.02401478723721364,0.002444890429885818,1.2723595369118833e-05,0.804123665250557,-2.595228675222733e-06
100,DNS,7,0.65,0.1953125,-1.0180397905178298,2.6920739942815075e-16,0.048765049707661136,0.03095629144403845,0.003266567992540247,3.3846045705839e-05,0.7618256977131673,-7.687176812076092e-06
100,DNS,7,0.65,0.2109375,-1.0186906521540504,5.282232984349378e-16,0.05662896963706742,0.03947696713054369,0.0042045595944443515,8.523829217348164e-05,0.7153249381670995,-2.103306466425301e-05
100,DNS,7,0.65,0.2265625,-1.0157171973827277,-3.8716859579457363e-16,0.06395435246763745,0.04975270860411026,0.005180854486595509,0.00020265645502382836,0.665495850914165,-5.312095919109318e-05
100,DNS,7,0.65,0.2421875,-1.0072995908008302,-4.34114549863196e-16,0.06961105027178435,0.06186162529253251,0.0060522093889309875,0.00045406749032820767,0.6135660378987761,-0.00012392290627472527
100,DNS,7,0.65,0.2578125,-0.9915073212377348,-5.492568205811565e-16,0.07238325509608728,0.07572697942526546,0.006602416023267897,0.0009580566658910872,0.5610209490599245,-0.0002674806045985961
100,DNS,7,0.65,0.2734375,-0.9665455693583284,5.724587470723463e-17,0.07129757005428698,0.09107075702907957,0.006554198308105007,0.0019037987346951567,0.5094135907344373,-0.0005353522094582515
100,DNS,7,0.65,0.2890625,-0.9310480795699971,3.8033812210791496e-16,0.06599286402396079,0.10739742313223707,0.005608697561129399,0.0035654426089401763,0.46013003439486844,-0.0009958428715495927
100,DNS,7,0.65,0.3046875,-0.8843559018730722,-3.0010716134398763e-16,0.05696989453258029,0.12402386834947651,0.0035113684862232665,0.006298955876159253,0.4142025529692409,-0.0017254353606635311
100,DNS,7,0.65,0.3203125,-0.8267094518663985,4.623038063478191e-16,0.045566267369756955,0.1401587071344247,0.00012917944432791576,0.010505600908965336,0.3722468901323663,-0.0027901224408134534
100,DNS,7,0.65,0.3359375,-0.7592953960289969,1.2611439670351388e-15,0.033615877955263426,0.15501608065469613,-0.004487550114335561,0.01654859358645038,0.3345248774895778,-0.0042179427747286845
100,DNS,7,0.65,0.3515625,-0.6841282837964999,3.1181654480683108e-16,0.022916540592059255,0.16793493639882903,-0.010085620852796861,0.02462824655705228,0.30105636777775086,-0.005970444489896772
100,DNS,7,0.65,0.3671875,-0.60379321431485,3.148523108897905e-16,0.014734273279919798,0.1784724719760139,-0.016244452332488616,0.034659200022578364,0.27169811934751975,-0.00792892489111219
100,DNS,7,0.65,0.3828125,-0.5211087293600993,6.589780804366896e-16,0.009544330350248823,0.186451046825944,-0.02245755865835359,0.04622574822138235,0.24617381206647487,-0.009912675602603673
100,DNS,7,0.65,0.3984375,-0.43877695133057826,-4.822531263215524e-16,0.007075472990961395,0.19195468791302658,-0.028234065046258507,0.0586722102146254,0.22409775927990766,-0.011730477822448786
100,DNS,7,0.65,0.4140625,-0.35907518436706237,1.1108735459286478e-15,0.006580406546329982,0.19528539624165006,-0.033190117653082454,0.07130655705481134,0.20502288363468518,-0.013241505633466353
100,DNS,7,0.65,0.4296875,-0.2836231000482112,1.87436871579294e-15,0.007180299136386127,0.1968956730779059,-0.03710696860477829,0.08361559186437933,0.18849402042587493,-0.014392575521233075
100,DNS,7,0.65,0.4453125,-0.21324283298043945,-4.3368086899420177e-16,0.008141624971761716,0.1973125030455669,-0.03994420562570876,0.09537658424119633,0.1740686663163198,-0.015213342609778923
100,DNS,7,0.65,0.4609375,-0.14791848148406303,1.235990476633475e-17,0.009008875368885772,0.19706324757747998,-0.04180831559393926,0.1066176306402294,0.1612968107487525,-0.01577467038293168
100,DNS,7,0.65,0.4765625,-0.08685397745297622,1.0421351281930669e-15,0.009593352378699578,0.19660940805539334,-0.042887085675320166,0.11748540244781043,0.14969769791905402,-0.01613617725537412
100,DNS,7,0.65,0.4921875,-0.028620864436546486,-8.998878031629687e-18,0.009872543647697681,0.19629199718478668,-0.043368665174690485,0.12814436804202012,0.13878535762157232,-0.01631877512471877
100,DNS,7,0.65,0.5078125,0.0286208644365465,-1.723881454251952e-17,0.009872543647697683,0.1962919971847867,-0.04336866517469049,0.13878535762157224,0.1281443680420202,-0.016318775124718774
100,DNS,7,0.65,0.5234375,0.08685397745297621,-1.0129158796445825e-15,0.009593352378699576,0.1966094080553934,-0.04288708567532017,0.1496976979190539,0.11748540244781053,-0.016136177255374126
100,DNS,7,0.65,0.5390625,0.147918481484063,1.2492041906106421e-16,0.00900887536888578,0.19706324757748006,-0.04180831559393927,0.16129681074875246,0.1066176306402295,-0.01577467038293169
100,DNS,7,0.65,0.5546875,0.21324283298043942,5.169747008954007e-16,0.00814162497176172,0.19731250304556697,-0.03994420562570879,0.17406866631631973,0.0953765842411964,-0.01521334260977894
100,DNS,7,0.65,0.5703125,0.28362310004821106,-1.8376142621456815e-15,0.007180299136386133,0.196895673077906,-0.037106968604778315,0.1884940204258749,0.08361559186437942,-0.01439257552123309
100,DNS,7,0.65,0.5859375,0.3590751843670622,-1.016168486162039e-15,0.006580406546329982,0.19528539624165026,-0.03319011765308248,0.20502288363468513,0.07130655705481138,-0.013241505633466363
100,DNS,7,0.65,0.6015625,0.4387769513305782,6.351798427506328e-16,0.007075472990961388,0.19195468791302672,-0.02823406504625851,0.22409775927990766,0.05867221021462546,-0.011730477822448798
100,DNS,7,0.65,0.6171875,0.5211087293600993,-6.382427138879043e-16,0.009544330350248816,0.186451046825944,-0.022457558658353576,0.24617381206647493,0.046225748221382375,-0.009912675602603681
100,DNS,7,0.65,0.6328125,0.60379321431485,-2.9967348047499343e-16,0.014734273279919788,0.1784724719760139,-0.016244452332488654,0.2716981193475198,0.03465920002257837,-0.007928924891112191
100,DNS,7,0.65,0.6484375,0.6841282837964998,-2.6487059073820873e-16,0.02291654059205924,0.16793493639882912,-0.01008562085279688,0.301056367777751,0.02462824655705227,-0.005970444489896769
100,DNS,7,0.65,0.6640625,0.7592953960289968,-1.2516029879172663e-15,0.03361587795526344,0.15501608065469616,-0.004487550114335515,0.33452487748957793,0.01654859358645036,-0.004217942774728679
100,DNS,7,0.65,0.6796875,0.8267094518663984,-4.858852035993788e-16,0.04556626736975699,0.14015870713442463,0.0001291794443279399,0.37224689013236634,0.01050560090896532,-0.002790122440813448
100,DNS,7,0.65,0.6953125,0.884355901873072,2.920298551589706e-16,0.056969894532580244,0.12402386834947647,0.0035113684862232383,0.414202552969241,0.006298955876159241,-0.0017254353606635272
100,DNS,7,0.65,0.7109375,0.9310480795699969,-3.8120548384590336e-16,0.06599286402396069,0.1073974231322371,0.005608697561129419,0.4601300343948686,0.003565442608940167,-0.0009958428715495901
100,DNS,7,0.65,0.7265625,0.9665455693583282,-5.5077470362263625e-17,0.07129757005428686,0.09107075702907955,0.006554198308105074,0.5094135907344375,0.0019037987346951506,-0.0005353522094582499
100,DNS,7,0.65,0.7421875,0.9915073212377348,5.355416630992149e-16,0.07238325509608723,0.07572697942526546,0.006602416023267934,0.5610209490599247,0.0009580566658910839,-0.0002674806045985952
100,DNS,7,0.65,0.7578125,1.0072995908008302,3.9020436187753305e-16,0.06961105027178431,0.061861625292532536,0.006052209388931044,0.6135660378987762,0.00045406749032820604,-0.0001239229062747248
100,DNS,7,0.65,0.7734375,1.0157171973827275,3.6673138484322187e-16,0.06395435246763746,0.049752708604110275,0.005180854486595537,0.6654958509141651,0.0002026564550238276,-5.312095919109296e-05
100,DNS,7,0.65,0.7890625,1.0186906521540502,-5.019585008064764e-16,0.05662896963706743,0.0394769671305437,0.004204559594444374,0.7153249381670996,8.52382921734813e-05,-2.1033064664252922e-05
100,DNS,7,0.65,0.8046875,1.0180397905178298,-2.570643350963131e-16,0.04876504970766114,0.030956291444038463,0.0032665679925402554,0.7618256977131673,3.384604570583888e-05,-7.687176812076061e-06
100,DNS,7,0.65,0.8203125,1.0153075648098613,4.938676420943033e-16,0.04121237218618691,0.024014787237213654,0.0024448904298858274,0.8041236652505569,1.2723595369118789e-05,-2.595228675222723e-06
100,DNS,7,0.65,0.8359375,1.011679667310538,-3.611612961820776e-16,0.034486772396948334,0.018431014263273524,0.001769274435654404,0.8417018341406757,4.545817005928507e-06,-8.111832588485982e-07
100,DNS,7,0.65,0.8515625,1.0079760044941903,-2.533238376012381e-16,0.028813879491355717,0.013977195126331703,0.0012392146093600622,0.8743503915494055,1.5508053050162632e-06,-2.356183665919524e-07
100,DNS,7,0.65,0.8671875,1.0046912043023108,-8.096279723035504e-17,0.024215109469675034,0.010443694124856276,0.0008385455550781968,0.902100033140015,5.078708742506926e-07,-6.390874372996538e-08
100,DNS,7,0.65,0.8828125,1.0020610521297573,-5.654622549280258e-16,0.020594707047398228,0.007651041410975187,0.0005453106277425889,0.9251611309865384,1.6056263864619256e-07,-1.628023204563914e-08
100,DNS,7,0.65,0.8984375,1.0001362266293186,5.827993252924268e-16,0.017807133680885146,0.00545325175191394,0.0003374250349218946,0.943873941873702,4.928149280036976e-08,-3.920188076410094e-09
100,DNS,7,0.65,0.9140625,0.9988507471963788,-1.0851794367483991e-16,0.01570017882773309,0.00373603131116681,0.00019532018226412455,0.958665715206283,1.4764582605575531e-08,-8.988818543592982e-10
100,DNS,7,0.65,0.9296875,0.9980782345093027,-7.665173834200956e-16,0.014137781567159727,0.002412597602260525,0.00010274020852608294,0.9700094075731771,4.339341839433748e-09,-1.981091235361935e-10
100,DNS,7,0.65,0.9453125,0.9976735876666627,-7.713759644055462e-17,0.013009181678203287,0.0014188707297100606,4.657286901746741e-05,0.9783818497800343,1.2568211383695986e-09,-4.255896246713172e-11
100,DNS,7,0.65,0.9609375,0.9975007979001094,1.0370520834765938e-16,0.012230378081161656,0.0007090140321111868,1.6276256607724085e-05,0.9842226991315337,3.606431920461139e-10,-9.137688844082292e-12
100,DNS,7,0.65,0.9765625,0.9974494433098566,-2.9864433544407945e-16,0.011742123385832642,0.0002517768041460027,3.20876592428543e-06,0.9878973197198044,1.0467822658108844e-10,-2.0776583431348086e-12
100,DNS,7,0.65,0.9921875,0.997443144584975,-1.761053495142207e-16,0.011507009557789657,2.778606997577712e-05,-2.9475423075469567e-19,0.9896667257201942,3.7170245655218066e-11,-6.388952751292105e-13
100,MF,0,0.0,0.0078125,-1.0,0.0,6.570137787900594e-13,5.708888250872606e-15,2.9582283945787943e-31,0.0,1.0,0.0
100,MF,0,0.0,0.0234375,-1.0,2.481541837659083e-24,2.159284280930924e-12,8.29958733825044e-14,-1.5777218104420236e-30,0.0,1.0,0.0
100,MF,0,0.0,0.0390625,-1.0,-1.8611563782443123e-24,1.5362923971006848e-11,6.247787647878083e-13,-4.733165431326071e-30,0.0,1.0,0.0
100,MF,0,0.0,0.0546875,-1.0,8.271806125530277e-24,1.0192154865351448e-10,4.396831927449826e-12,8.835242138475332e-29,0.0,1.0,0.0
100,MF,0,0.0,0.0703125,-1.0,-5.1285197978287716e-23,6.303984305448273e-10,2.8926798388188747e-11,-7.068193710780266e-28,0.0,1.0,0.0
100,MF,0,0.0,0.0859375,-1.0,1.4558378780933287e-22,3.6344790664301803e-09,1.7791426980494526e-10,-8.077935669463161e-28,0.0,1.0,0.0
100,MF,0,0.0,0.1015625,-1.0,-5.293955920339377e-23,1.9528053744216348e-08,1.0229963078191315e-09,1.6155871338926322e-26,0.0,1.0,0.0
100,MF,0,0.0,0.1171875,-1.0,-8.470329472543003e-22,9.776123267780567e-08,5.499119087345055e-09,-2.0679515313825692e-25,0.0,1.0,0.0
100,MF,0,0.0,0.1328125,-0.9999999999999999,7.940933880509066e-22,4.558837089398682e-07,2.7635721197783388e-08,2.0679515313825692e-25,0.0,1.0,0.0
100,MF,0,0.0,0.1484375,-1.0,1.0587911840678754e-21,1.9796818404886703e-06,1.298404104277486e-07,-1.2407709188295415e-24,5.551115123125783e-17,1.0,0.0
100,MF,0,0.0,0.1640625,-0.9999999999999999,0.0,8.00290523141155e-06,5.703127293818589e-07,4.963083675318166e-24,2.7755575615628914e-16,0.9999999999999999,0.0
100,MF,0,0.0,0.1796875,-0.9999999999999964,-1.2705494208814505e-20,3.010561097862845e-05,2.341978984703462e-06,0.0,1.4432899320127035e-15,0.9999999999999984,0.0
100,MF,0,0.0,0.1953125,-0.9999999999999841,-2.1175823681357508e-20,0.0001053432434852525,8.991294440049742e-06,6.913906431963227e-20,7.66053886991358e-15,0.9999999999999927,0.0
100,MF,0,0.0,0.2109375,-0.9999999999999183,-1.2197274440461925e-19,0.0003426948796987711,3.227254487683245e-05,1.180552170235681e-19,4.068967385251199e-14,0.9999999999999593,0.0
100,MF,0,0.0,0.2265625,-0.9999999999995701,0.0,0.001035848122025084,0.0001082974808861944,-9.09501627114305e-19,2.153277556260491e-13,0.9999999999997848,0.0
100,MF,0,0.0,0.2421875,-0.9999999999977207,0.0,0.0029071872119901467,0.00033976600952790616,1.4230153513872246e-19,1.1399770016851107e-12,0.9999999999988598,0.0
100,MF,0,0.0,0.2578125,-0.9999999999879282,-1.0842021724855044e-19,0.0075697770780033345,0.000996598262047638,2.5851445550201246e-18,6.035671962223432e-12,0.9999999999939646,0.0
100,MF,0,0.0,0.2734375,-0.9999999999360866,2.710505431213761e-20,0.018268373725907526,0.002733008777658424,-1.1357017756785659e-17,3.195582687354204e-11,0.9999999999680443,0.0
100,MF,0,0.0,0.2890625,-0.9999999996616218,1.0842021724855044e-19,0.04081364256742353,0.007007201548012862,-2.3174821436877657e-18,1.6918982881364286e-10,0.9999999998308101,0.0
100,MF,0,0.0,0.3046875,-0.9999999982084519,-9.215718466126788e-19,0.08428720666599052,0.016797039314779993,6.667843360785852e-18,8.957736774561909e-10,0.9999999991042261,0.0
100,MF,0,0.0,0.3203125,-0.9999999905146701,-2.222614453595284e-18,0.16060946403012177,0.03764498810799345,-3.550762114890027e-17,4.742664760915005e-09,0.9999999952573352,0.0
100,MF,0,0.0,0.3359375,-0.999999949780019,-1.0842021724855044e-18,0.28172019595358677,0.07888047481424484,3.913969842672671e-17,2.5109990919869318e-08,0.9999999748900092,0.0
100,MF,0,0.0,0.3515625,-0.9999997341108331,1.734723475976807e-18,0.45350360590081096,0.1545330234329892,7.047314121155779e-17,1.3294458278689805e-07,0.9999998670554173,0.0
100,MF,0,0.0,0.3671875,-0.9999985922532633,0.0,0.6672611649710681,0.28305048413615147,-4.662069341687669e-17,7.038733689790356e-07,0.9999992961266313,0.0
100,MF,0,0.0,0.3828125,-0.9999925467214335,-3.469446951953614e-18,0.8923503282805586,0.4847285160039235,-1.700029006457271e-16,3.726639284162836e-06,0.9999962733607158,0.0
100,MF,0,0.0,0.3984375,-0.9999605393223056,2.168404344971009e-18,1.0760313198997573,0.7761156202763453,1.8908485888147197e-16,1.973033884716813e-05,0.9999802696611528,0.0
100,MF,0,0.0,0.4140625,-0.9997910935355708,-4.7704895589362195e-18,1.1559510884441573,1.1618456921005156,-2.975050761300224e-16,0.00010445323221425219,0.999895546767786,0.0
100,MF,0,0.0,0.4296875,-0.9988944427261546,-1.0842021724855044e-17,1.0851395337740646,1.6261683423946924,1.5785983631388945e-16,0.000552778636923601,0.9994472213630764,0.0
100,MF,0,0.0,0.4453125,-0.9941605004152155,1.734723475976807e-17,0.8603472465065216,2.1280326409803028,2.2724877535296173e-16,0.002919749792392179,0.9970802502076079,0.0
100,MF,0,0.0,0.4609375,-0.9694656922392504,-9.540979117872439e-18,0.5376820185019114,2.6036785875414346,-1.0399667238480959e-15,0.015267153880374416,0.9847328461196254,0.0
100,MF,0,0.0,0.4765625,-0.8482836399575115,6.938893903907228e-18,0.22159835812546802,2.978469726437543,-2.168404344971009e-17,0.07585818002124357,0.9241418199787564,0.0
100,MF,0,0.0,0.4921875,-0.3941185679308137,2.42861286636753e-17,0.026344701759837063,3.1856351001505194,9.014056862044484e-16,0.30294071603459277,0.6970592839654072,0.0
100,MF,0,0.0,0.5078125,0.3941185679308137,2.42861286636753e-17,0.026344701759837063,3.1856351001505194,-9.014056862044484e-16,0.6970592839654072,0.30294071603459277,0.0
100,MF,0,0.0,0.5234375,0.8482836399575115,6.938893903907228e-18,0.22159835812546802,2.978469726437543,2.168404344971009e-17,0.9241418199787564,0.07585818002124357,0.0
100,MF,0,0.0,0.5390625,0.9694656922392504,-9.540979117872439e-18,0.5376820185019114,2.6036785875414346,1.0399667238480959e-15,0.9847328461196254,0.01526715388037436,0.0
100,MF,0,0.0,0.5546875,0.9941605004152155,1.734723475976807e-17,0.8603472465065216,2.1280326409803028,-2.2724877535296173e-16,0.9970802502076079,0.002919749792392179,0.0
100,MF,0,0.0,0.5703125,0.9988944427261546,-1.0842021724855044e-17,1.0851395337740646,1.6261683423946924,-1.5785983631388945e-16,0.9994472213630764,0.000552778636923601,0.0
100,MF,0,0.0,0.5859375,0.9997910935355708,-4.7704895589362195e-18,1.1559510884441573,1.1618456921005156,2.975050761300224e-16,0.999895546767786,0.0001044532322143077,0.0
100,MF,0,0.0,0.6015625,0.9999605393223056,2.168404344971009e-18,1.0760313198997573,0.7761156202763453,-1.8908485888147197e-16,0.9999802696611528,1.973033884716813e-05,0.0
100,MF,0,0.0,0.6171875,0.9999925467214335,-3.469446951953614e-18,0.8923503282805586,0.4847285160039235,1.700029006457271e-16,0.9999962733607158,3.726639284162836e-06,0.0
100,MF,0,0.0,0.6328125,0.9999985922532633,0.0,0.6672611649710681,0.28305048413615147,4.662069341687669e-17,0.9999992961266313,7.038733689235245e-07,0.0
100,MF,0,0.0,0.6484375,0.9999997341108331,1.734723475976807e-18,0.45350360590081096,0.1545330234329892,-7.047314121155779e-17,0.9999998670554173,1.3294458278689805e-07,0.0
100,MF,0,0.0,0.6640625,0.999999949780019,-1.0842021724855044e-18,0.28172019595358677,0.07888047481424484,-3.913969842672671e-17,0.9999999748900092,2.510999097538047e-08,0.0
100,MF,0,0.0,0.6796875,0.9999999905146701,-2.222614453595284e-18,0.16060946403012177,0.03764498810799345,3.550762114890027e-17,0.9999999952573352,4.742664705403854e-09,0.0
100,MF,0,0.0,0.6953125,0.9999999982084519,-9.215718466126788e-19,0.08428720666599052,0.016797039314779993,-6.667843360785852e-18,0.9999999991042261,8.957736774561909e-10,0.0
100,MF,0,0.0,0.7109375,0.9999999996616218,1.0842021724855044e-19,0.04081364256742353,0.007007201548012862,2.3174821436877657e-18,0.9999999998308101,1.6918977330249163e-10,0.0
100,MF,0,0.0,0.7265625,0.9999999999360866,2.710505431213761e-20,0.018268373725907526,0.002733008777658424,1.1357017756785659e-17,0.9999999999680443,3.1955771362390806e-11,0.0
100,MF,0,0.0,0.7421875,0.9999999999879282,-1.0842021724855044e-19,0.0075697770780033345,0.000996598262047638,-2.5851445550201246e-18,0.9999999999939646,6.035616451072201e-12,0.0
100,MF,0,0.0,0.7578125,0.9999999999977189,0.0,0.002907187211990146,0.00033976600952790616,-1.3637230450794235e-19,0.9999999999988598,1.1399770016851107e-12,0.0
100,MF,0,0.0,0.7734375,0.99999999999957,0.0,0.0010358481220250806,0.00010829748088619451,1.5056010637445189e-19,0.9999999999997848,2.1538326677728037e-13,0.0
100,MF,0,0.0,0.7890625,0.9999999999999183,-9.486769009248164e-20,0.0003426948796987733,3.227254487683251e-05,1.1106719520872013e-19,0.9999999999999593,4.063416270128073e-14,0.0
100,MF,0,0.0,0.8046875,0.9999999999999841,-2.1175823681357508e-20,0.0001053432434852525,8.991294440049742e-06,-6.913906431963227e-20,0.9999999999999927,7.66053886991358e-15,0.0
100,MF,0,0.0,0.8203125,0.9999999999999964,-1.2705494208814505e-20,3.010561097862845e-05,2.341978984703462e-06,0.0,0.9999999999999984,1.4432899320127035e-15,0.0
100,MF,0,0.0,0.8359375,0.9999999999999999,0.0,8.00290523141155e-06,5.703127293818589e-07,-4.963083675318166e-24,0.9999999999999999,2.220446049250313e-16,0.0
100,MF,0,0.0,0.8515625,1.0,1.0587911840678754e-21,1.9796818404886703e-06,1.298404104277486e-07,1.2407709188295415e-24,1.0,0.0,0.0
100,MF,0,0.0,0.8671875,0.9999999999999999,7.940933880509066e-22,4.558837089398682e-07,2.7635721197783388e-08,-2.0679515313825692e-25,1.0,0.0,0.0
100,MF,0,0.0,0.8828125,1.0,-8.470329472543003e-22,9.776123267780567e-08,5.499119087345055e-09,2.0679515313825692e-25,1.0,0.0,0.0
100,MF,0,0.0,0.8984375,1.0,-5.293955920339377e-23,1.9528053744216348e-08,1.0229963078191315e-09,-1.6155871338926322e-26,1.0,0.0,0.0
100,MF,0,0.0,0.9140625,1.0,1.4558378780933287e-22,3.6344790664301803e-09,1.7791426980494526e-10,8.077935669463161e-28,1.0,0.0,0.0
100,MF,0,0.0,0.9296875,1.0,-5.1285197978287716e-23,6.303984305448273e-10,2.8926798388188747e-11,7.068193710780266e-28,1.0,0.0,0.0
100,MF,0,0.0,0.9453125,1.0,8.271806125530277e-24,1.0192154865351448e-10,4.396831927449826e-12,-8.835242138475332e-29,1.0,0.0,0.0
100,MF,0,0.0,0.9609375,1.0,-1.8611563782443123e-24,1.5362923971006848e-11,6.247787647878083e-13,4.733165431326071e-30,1.0,0.0,0.0
100,MF,0,0.0,0.9765625,1.0,2.481541837659083e-24,2.159284280930924e-12,8.29958733825044e-14,1.5777218104420236e-30,1.0,0.0,0.0
100,MF,0,0.0,0.9921875,1.0,0.0,6.570137787900594e-13,5.708888250872606e-15,-2.9582283945787943e-31,1.0,0.0,0.0
100,MF,1,0.093125,0.0078125,-1.0000013597429345,1.4475925830487266e-10,0.0016398167808566561,5.027436192673323e-06,-2.5355747405056966e-13,5.1122632523652614e-20,1.0000018579988508,3.9109402219278977e-26
100,MF,1,0.093125,0.0234375,-1.0000009028700207,4.328836633224996e-10,0.001680021209131275,4.578405469758501e-05,-3.841144234891603e-08,4.2861841986847635e-19,1.0000020035869428,4.0309667895120624e-25
100,MF,1,0.093125,0.0390625,-0.9999995097252813,7.168391620853039e-10,0.001763199589429487,0.00013022527305261053,-2.362253411481496e-07,3.909086341299027e-18,1.0000023115192753,4.850869961175265e-24
100,MF,1,0.093125,0.0546875,-0.9999959241337094,9.938911085739972e-10,0.0018951323547966477,0.00026451845304558704,-8.783285862002431e-07,3.510796668067435e-17,1.000002817750547,5.955997475538748e-23
100,MF,1,0.093125,0.0703125,-0.9999873955616295,1.2613713396263798e-09,0.0020851022033556684,0.00045872828537365184,-2.6423481715395054e-06,3.097753696691493e-16,1.000003583070734,7.264789299243811e-22
100,MF,1,0.093125,0.0859375,-0.9999682742480109,1.516703875231555e-09,0.002346653984708372,0.0007278936852380472,-7.062947650401555e-06,2.682901519536513e-15,1.0000047040459745,8.702544576579092e-21
100,MF,1,0.093125,0.1015625,-0.9999274747578797,1.757429725400897e-09,0.0026986662039656917,0.0010936382157686554,-1.7450407802981275e-05,2.2788200142758797e-14,1.000006334373996,1.021720402936805e-19
100,MF,1,0.093125,0.1171875,-0.9998441687074706,1.9812305654572093e-09,0.0031668648218471543,0.0015864820079973343,-4.0632581591528585e-05,1.8964805693181629e-13,1.0000087283961419,1.182238454122435e-18
100,MF,1,0.093125,0.1328125,-0.9996809273534426,2.1859510716294717e-09,0.0037861932980688823,0.002249105637601781,-9.010614719314147e-05,1.5445806378838732e-12,1.0000123321131191,1.3671494374154202e-17
100,MF,1,0.093125,0.1484375,-0.9993736308177235,2.3696196753929255e-09,0.004605230775411832,0.003140978034198577,-0.00019145075223958873,1.2292671419158651e-11,1.0000179709816739,1.6145584108744251e-16
100,MF,1,0.093125,0.1640625,-0.9988181595844139,2.530467546439652e-09,0.005695679684173189,0.004345126702588601,-0.000391097907597055,9.541431079655354e-11,1.0000272104759185,1.9846835262062625e-15
100,MF,1,0.093125,0.1796875,-0.9978558393095154,2.666945629180989e-09,0.007173614802808327,0.005978675962493963,-0.0007695344768019795,7.204729858554438e-10,1.0000429227303236,2.5127707175208896e-14
100,MF,1,0.093125,0.1953125,-0.996263857962551,2.77773956917568e-09,0.00924523960052798,0.008210632501874295,-0.0014592561517115493,5.275162339209827e-09,1.0000696205707593,3.0169843062030494e-13
100,MF,1,0.093125,0.2109375,-0.993764745944737,2.8617823636008233e-09,0.012297017637628424,0.011294065024530493,-0.0026652376765689714,3.729284493819275e-08,1.0001107687137747,2.5617145131299176e-12
100,MF,1,0.093125,0.2265625,-0.9900811626212298,2.9182646269117207e-09,0.017051497148076012,0.015626103552325608,-0.004679448804144615,2.5317645295056704e-07,1.0001511556478058,-1.6428108275303568e-11
100,MF,1,0.093125,0.2421875,-0.9850748345672462,2.9466424014343295e-09,0.024788749891450287,0.02185764820891379,-0.007868310316576494,1.6392289186468422e-06,1.0000834656929196,-1.5579986700781945e-09
100,MF,1,0.093125,0.2578125,-0.9790035521398678,2.946642399265925e-09,0.03756243242852837,0.031080722281973294,-0.012592419272313249,1.003547260031301e-05,0.9994674797377117,-4.782231432011156e-08
100,MF,1,0.093125,0.2734375,-0.9728633266739757,2.9182646316822103e-09,0.058212440047759134,0.04511190767825192,-0.01900526135838991,5.7464124213209994e-05,0.996905477901747,-1.0256714291491943e-06
100,MF,1,0.093125,0.2890625,-0.9686011982148743,2.8617823696723554e-09,0.08987898829698486,0.06684349437887194,-0.02672384095317195,0.00030328191163171497,0.9888672978126902,-1.6559852496659875e-05
100,MF,1,0.093125,0.3046875,-0.96874202812036,2.777739580017702e-09,0.13483864872879275,0.10053601063972833,-0.034547990637373516,0.0014429690233050097,0.9685649272286144,-0.0001986309791255373
100,MF,1,0.093125,0.3203125,-0.9750075840531368,2.6669456587797083e-09,0.1928305520207708,0.15180600298818822,-0.04066021499184883,0.005971149863125132,0.9273144153878405,-0.0016792969721221305
100,MF,1,0.093125,0.3359375,-0.9862571290173919,2.530467583953047e-09,0.25940244271249113,0.22701557075647558,-0.04359712929071883,0.02036748846119026,0.8611544049401356,-0.009233448623837019
100,MF,1,0.093125,0.3515625,-0.9971819342502223,2.369619743480822e-09,0.32530542607984436,0.33192413987277825,-0.0433442478763596,0.05392829479743298,0.777639345932105,-0.030664485118197693
100,MF,1,0.093125,0.3671875,-0.9991296676584255,2.1859511533783155e-09,0.378105354053967,0.4698538622068985,-0.04122535336435811,0.10806816956506535,0.6894497232664818,-0.06242504105038149
100,MF,1,0.093125,0.3828125,-0.9826582943201102,1.9812306274735736e-09,0.4055990337774482,0.6399888515245601,-0.038561773374525765,0.17196961093281643,0.6048384972137135,-0.09062536277346367
100,MF,1,0.093125,0.3984375,-0.9400586056375928,1.7574297355923973e-09,0.3997390982039165,0.8364241412143445,-0.03585644803520159,0.23634875316326837,0.5320998195888147,-0.11259272791798655
100,MF,1,0.093125,0.4140625,-0.8667986529398248,1.516704071363728e-09,0.3603148500386938,1.0483012592447887,-0.03320976901336379,0.29470711657081466,0.4766028017347633,-0.12912803699564412
100,MF,1,0.093125,0.4296875,-0.76192481948108,1.261372229539523e-09,0.2958472261279341,1.2610270367267,-0.03067425940405398,0.33865546935627655,0.4362297703202438,-0.13775303872811923
100,MF,1,0.093125,0.4453125,-0.6275679764762083,9.93893197994214e-10,0.2201555029641582,1.4581645345741956,-0.028141460182410843,0.3641245577583106,0.4072222548346231,-0.13887078762321214
100,MF,1,0.093125,0.4609375,-0.46800150347797465,7.168400174666079e-10,0.14782690840189688,1.6234371783756028,-0.025588037591882412,0.3740869747240663,0.387503132403049,-0.13566834423932275
100,MF,1,0.093125,0.4765625,-0.2890248911404689,4.3289144924935075e-10,0.09157526636521851,1.7425784159434308,-0.023402520863329602,0.37483736320277067,0.37603985783211724,-0.13156889653883275
100,MF,1,0.093125,0.4921875,-0.09774780988048976,1.4476749573416603e-10,0.06088998357576143,1.8049788040321995,-0.022142269974576023,0.37244868695179123,0.37171079224188586,-0.12895220992634718
100,MF,1,0.093125,0.5078125,0.0977478098804896,-1.447674653765052e-10,0.06088998357576143,1.8049788040321995,-0.022142269974576037,0.37171079224188597,0.3724486869517911,-0.12895220992634715
100,MF,1,0.093125,0.5234375,0.2890248911404688,-4.328913408291335e-10,0.09157526636521848,1.742578415943431,-0.023402520863329668,0.37603985783211735,0.3748373632027705,-0.13156889653883275
100,MF,1,0.093125,0.5390625,0.46800150347797453,-7.168400144308418e-10,0.14782690840189683,1.623437178375603,-0.02558803759188238,0.3875031324030491,0.37408697472406627,-0.13566834423932278
100,MF,1,0.093125,0.5546875,0.6275679764762082,-9.93893150072478e-10,0.2201555029641581,1.458164534574196,-0.028141460182410705,0.40722225483462315,0.36412455775831043,-0.13887078762321212
100,MF,1,0.093125,0.5703125,0.76192481948108,-1.2613722167459374e-09,0.2958472261279338,1.2610270367267002,-0.030674259404053952,0.4362297703202439,0.33865546935627644,-0.1377530387281192
100,MF,1,0.093125,0.5859375,0.866798652939825,-1.5167040765678985e-09,0.36031485003869357,1.0483012592447891,-0.03320976901336385,0.4766028017347633,0.29470711657081455,-0.1291280369956441
100,MF,1,0.093125,0.6015625,0.940058605637593,-1.757429736459759e-09,0.39973909820391634,0.8364241412143452,-0.035856448035201646,0.5320998195888147,0.23634875316326837,-0.11259272791798655
100,MF,1,0.093125,0.6171875,0.9826582943201103,-1.9812305841054867e-09,0.40559903377744805,0.6399888515245604,-0.03856177337452577,0.6048384972137135,0.17196961093281649,-0.09062536277346371
100,MF,1,0.093125,0.6328125,0.9991296676584257,-2.1859511358142403e-09,0.37810535405396695,0.46985386220689906,-0.04122535336435809,0.6894497232664817,0.10806816956506547,-0.0624250410503816
100,MF,1,0.093125,0.6484375,0.9971819342502224,-2.3696197278683107e-09,0.32530542607984425,0.3319241398727786,-0.04334424787635958,0.777639345932105,0.053928294797433135,-0.030664485118197804
100,MF,1,0.093125,0.6640625,0.9862571290173922,-2.530467583953047e-09,0.25940244271249135,0.22701557075647588,-0.04359712929071882,0.8611544049401354,0.020367488461190346,-0.009233448623837076
100,MF,1,0.093125,0.6796875,0.9750075840531368,-2.6669456508108223e-09,0.192830552020771,0.15180600298818842,-0.04066021499184885,0.9273144153878403,0.0059711498631251645,-0.0016792969721221456
100,MF,1,0.093125,0.6953125,0.96874202812036,-2.7777395894773658e-09,0.13483864872879303,0.10053601063972847,-0.03454799063737352,0.9685649272286143,0.0014429690233050182,-0.00019863097912553931
100,MF,1,0.093125,0.7109375,0.9686011982148741,-2.861782377478611e-09,0.08987898829698501,0.066843494378872,-0.026723840953171978,0.9888672978126902,0.0003032819116317169,-1.6559852496660085e-05
100,MF,1,0.093125,0.7265625,0.9728633266739755,-2.9182646344198208e-09,0.05821244004775921,0.04511190767825196,-0.019005261358389938,0.996905477901747,5.7464124213210393e-05,-1.0256714291492082e-06
100,MF,1,0.093125,0.7421875,0.9790035521398675,-2.946642403169053e-09,0.0375624324285284,0.03108072228197331,-0.012592419272313252,0.9994674797377118,1.0035472600313076e-05,-4.7822314320112846e-08
100,MF,1,0.093125,0.7578125,0.9850748345672458,-2.9466424039822046e-09,0.024788749891450294,0.0218576482089138,-0.007868310316576504,1.0000834656929198,1.6392289186468524e-06,-1.5579986700782408e-09
100,MF,1,0.093125,0.7734375,0.9900811626212294,-2.918264627643557e-09,0.01705149714807601,0.015626103552325618,-0.004679448804144621,1.0001511556478058,2.5317645295056726e-07,-1.6428108275305113e-11
100,MF,1,0.093125,0.7890625,0.9937647459447365,-2.861782362381096e-09,0.012297017637628398,0.011294065024530502,-0.0026652376765689666,1.0001107687137747,3.7292844938191525e-08,2.5617145131321366e-12
100,MF,1,0.093125,0.8046875,0.9962638579625507,-2.777739570537709e-09,0.009245239600527935,0.008210632501874305,-0.0014592561517115478,1.0000696205707593,5.275162339208321e-09,3.0169843062008694e-13
100,MF,1,0.093125,0.8203125,0.9978558393095152,-2.6669456319185995e-09,0.007173614802808297,0.005978675962493975,-0.0007695344768019838,1.0000429227303236,7.20472985853806e-10,2.512770717516381e-14
100,MF,1,0.093125,0.8359375,0.9988181595844139,-2.5304675471714885e-09,0.005695679684173195,0.004345126702588613,-0.000391097907597062,1.0000272104759187,9.541431079487303e-11,1.9846835262049766e-15
100,MF,1,0.093125,0.8515625,0.9993736308177233,-2.369619676307721e-09,0.00460523077541183,0.0031409780341985875,-0.00019145075223959057,1.0000179709816739,1.2292671417579788e-11,1.6145584108876861e-16
100,MF,1,0.093125,0.8671875,0.9996809273534427,-2.1859510738334514e-09,0.0037861932980688853,0.0022491056376017908,-9.01061471931453e-05,1.0000123321131191,1.5445806365539338e-12,1.367149437413515e-17
100,MF,1,0.093125,0.8828125,0.9998441687074705,-1.981230567225814e-09,0.0031668648218471642,0.0015864820079973417,-4.063258159153037e-05,1.0000087283961419,1.896480559361367e-13,1.1822384539864158e-18
100,MF,1,0.093125,0.8984375,0.9999274747578797,-1.7574297273253558e-09,0.002698666203965707,0.0010936382157686606,-1.7450407802983982e-05,1.000006334373996,2.2788199480949245e-14,1.0217204019511587e-19
100,MF,1,0.093125,0.9140625,0.9999682742480109,-1.5167038774812746e-09,0.002346653984708385,0.0007278936852380504,-7.062947650401693e-06,1.0000047040459745,2.682901127791746e-15,8.702544520530745e-21
100,MF,1,0.093125,0.9296875,0.9999873955616295,-1.261371341198473e-09,0.002085102203355671,0.00045872828537365395,-2.642348171538729e-06,1.000003583070734,3.0977516208695806e-16,7.26478902763934e-22
100,MF,1,0.093125,0.9453125,0.9999959241337093,-9.938911096446469e-10,0.0018951323547966494,0.0002645184530455886,-8.783285861993584e-07,1.000002817750547,3.5107867580171934e-17,5.955996318996257e-23
100,MF,1,0.093125,0.9609375,0.9999995097252812,-7.168391627459896e-10,0.0017631995894294913,0.00013022527305261164,-2.3622534114797547e-07,1.0000023115192755,3.909043322318644e-18,4.850865537616993e-24
100,MF,1,0.093125,0.9765625,1.0000009028700207,-4.328836633902622e-10,0.0016800212091312844,4.578405469758543e-05,-3.841144234895293e-08,1.0000020035869426,4.2860089621897566e-19,4.030950994103237e-25
100,MF,1,0.093125,0.9921875,1.0000013597429345,-1.44759258236263e-10,0.0016398167808566659,5.027436192673368e-06,-2.5355746861102996e-13,1.0000018579988508,5.1114483918150934e-20,3.910875771432105e-26
100,MF,2,0.185625,0.0078125,-0.9999957644135451,8.444230915633649e-11,0.005131583353283547,1.4410364722152998e-05,-3.838762517322483e-13,1.83504056323336e-14,1.0000131124888785,1.882205240041153e-19
100,MF,2,0.185625,0.0234375,-0.9999847459179143,2.525137016531117e-10,0.005243647517959433,0.00013095251377148948,-2.614689842441658e-07,1.0210058850639673e-13,1.0000140837053653,1.18191292456921e-18
100,MF,2,0.185625,0.0390625,-0.9999568015768434,4.1815324889737243e-10,0.005472968571577421,0.000370854321422189,-1.5172052320357113e-06,6.392603263248282e-13,1.0000161193944925,8.826297297347697e-18
100,MF,2,0.185625,0.0546875,-0.9998980833776758,5.797657526588826e-10,0.00582986957707831,0.0007482400778262311,-5.2276286573069374e-06,3.9440734950329135e-12,1.0000193918496254,6.692453715420785e-17
100,MF,2,0.185625,0.0703125,-0.9997824569463971,7.35794796185435e-10,0.006329585669590076,0.001285524877386448,-1.4416439577162009e-05,2.388624190822201e-11,1.0000240641072957,4.898469913226589e-16
100,MF,2,0.185625,0.0859375,-0.9995644372055106,8.847377328371001e-10,0.006991750873831817,0.0020148989578995854,-3.511042980987942e-05,1.4190097664941396e-10,1.00002990117423,3.061555313400825e-15
100,MF,2,0.185625,0.1015625,-0.999169270703233,1.0251601619470571e-09,0.007839563852201324,0.0029803162611091974,-7.875479575585907e-05,8.262833774440441e-10,1.0000348416898728,7.422900127583684e-15
100,MF,2,0.185625,0.1171875,-0.9984811232745643,1.1557097392804472e-09,0.008899113329760702,0.004240017655423482,-0.0001660083159938225,4.711620272322594e-09,1.0000303379090507,-2.6357189927353695e-13
100,MF,2,0.185625,0.1328125,-0.9973328492854328,1.2751291988445657e-09,0.010200612145659394,0.005869761803753333,-0.00033213232581183645,2.6277920108497975e-08,0.9999875756013304,-7.752601337884264e-12
100,MF,2,0.185625,0.1484375,-0.9955052936986972,1.3822684631018683e-09,0.011785576931082495,0.007967380554708067,-0.0006334313734410354,1.4312403978103575e-07,0.9998204725346891,-1.5179404431753187e-10
100,MF,2,0.185625,0.1640625,-0.9927501631749258,1.476095738911845e-09,0.013726619082435877,0.010660303193704548,-0.001152346821658433,7.596237414930114e-07,0.9992963130558901,-2.494941224911782e-09
100,MF,2,0.185625,0.1796875,-0.988855337252114,1.555707400575923e-09,0.016166373361313047,0.014119512315349681,-0.0019953503281337015,3.916104574342689e-06,0.9978456962209796,-3.601183987214391e-08
100,MF,2,0.185625,0.1953125,-0.9837677829281489,1.62033673999952e-09,0.01937308089992456,0.01858560976627017,-0.0032731537067071034,1.9508370738252696e-05,0.9942212884250085,-4.5890702434286345e-07
100,MF,2,0.185625,0.2109375,-0.9777657527294186,1.6693613449046685e-09,0.023788306397057826,0.024413469345416015,-0.005050123605738531,9.306940395531589e-05,0.9860296178031311,-5.105197162203162e-06
100,MF,2,0.185625,0.2265625,-0.9716217024991229,1.7023091074784558e-09,0.030018051032241855,0.03213791043938223,-0.007256848188023036,0.0004186092197173997,0.9694099711748376,-4.837700524560415e-05
100,MF,2,0.185625,0.2421875,-0.9666361818061899,1.718862704513241e-09,0.03872325283856272,0.042551134338418235,-0.009585885098164057,0.0017289238420958868,0.9395920039742525,-0.0003749045930573035
100,MF,2,0.185625,0.2578125,-0.9644045769975904,1.7188627023448366e-09,0.05041487691042232,0.056765773220343624,-0.01143287852105721,0.006296017035398825,0.8933388728172033,-0.0022367912534426966
100,MF,2,0.185625,0.2734375,-0.9662696486185709,1.702309136535074e-09,0.06520295978490159,0.07622482228982815,-0.011968891370747643,0.019162048477727102,0.8328989271340512,-0.00953419005417574
100,MF,2,0.185625,0.2890625,-0.9726092685289607,1.6693613763465315e-09,0.08254336669713933,0.10262156598669908,-0.010379429058474453,0.046296266504450255,0.7666037931760841,-0.027391431402779044
100,MF,2,0.185625,0.3046875,-0.9822732575112035,1.620336741517403e-09,0.10106767049164442,0.1377118891454509,-0.006176647365831635,0.0871917572732605,0.70119358743757,-0.053527208976105245
100,MF,2,0.185625,0.3203125,-0.9924424934168544,1.5557074103879527e-09,0.11872249538517388,0.18303499000712578,0.0006078842062160585,0.1324551708695686,0.635888316521554,-0.07714369581869082
100,MF,2,0.185625,0.3359375,-0.9989430449087381,1.4760957662337398e-09,0.13338407489894105,0.23959550227937548,0.009480746768734217,0.17327532732479578,0.5680525064977456,-0.0904833113273093
100,MF,2,0.185625,0.3515625,-0.9968271546701197,1.3822685216487857e-09,0.14367162556315807,0.30757526826271975,0.01973528191784231,0.2086466103916417,0.49981822553826266,-0.09457030935803673
100,MF,2,0.185625,0.3671875,-0.9810084426439523,1.2751292584756851e-09,0.1493960280865711,0.38612035077537393,0.030701871124360597,0.24244639427160228,0.43752000534240004,-0.0953471917738744
100,MF,2,0.185625,0.3828125,-0.9468510490410385,1.155709826016621e-09,0.15142140611162797,0.4732157486959956,0.04185477812152529,0.2756691425623746,0.38588508260335314,-0.0959629991702215
100,MF,2,0.185625,0.3984375,-0.8906967974362799,1.0251602405517146e-09,0.15122078398656344,0.5656593473111768,0.05277471753467666,0.3040890894822239,0.34518148122112424,-0.09521654471509551
100,MF,2,0.185625,0.4140625,-0.8103105409600523,8.847379400281352e-10,0.1504401366249995,0.6591718367879967,0.06306848931422375,0.3227226457785721,0.31375079750091156,-0.09177864925689888
100,MF,2,0.185625,0.4296875,-0.7051876668194029,7.357953083625413e-10,0.15049831541799355,0.748681080227819,0.07233815827925076,0.3295232223877089,0.2903884683608362,-0.08605264050614536
100,MF,2,0.185625,0.4453125,-0.5766676341307094,5.797666624129255e-10,0.15216097869942738,0.8287729515378375,0.08021099630179498,0.325676500103775,0.27469392390294683,-0.07946898625023865
100,MF,2,0.185625,0.4609375,-0.42784648387971425,4.181534844945045e-10,0.15522325824040373,0.8942384097346012,0.08638070818009314,0.31426887485943233,0.2665838593289182,-0.07344715225676157
100,MF,2,0.185625,0.4765625,-0.26333395206693827,2.525173438405748e-10,0.1585759295123442,0.9406180960332684,0.09062130532345027,0.29906616564813715,0.2658719921887613,-0.06892589523647674
100,MF,2,0.185625,0.4921875,-0.08890807406665603,8.444629197301712e-11,0.16075991206265744,0.9646629622806743,0.09278105590366648,0.2838791030271082,0.27204196279120707,-0.06649116869906624
100,MF,2,0.185625,0.5078125,0.08890807406665593,-8.444627636050583e-11,0.1607599120626575,0.9646629622806743,0.09278105590366649,0.2720419627912072,0.2838791030271081,-0.06649116869906624
100,MF,2,0.185625,0.5234375,0.2633339520669382,-2.52517310013467e-10,0.15857592951234423,0.9406180960332685,0.09062130532345028,0.2658719921887614,0.299066165648137,-0.06892589523647674
100,MF,2,0.185625,0.5390625,0.427846483879714,-4.181534467642689e-10,0.15522325824040373,0.8942384097346014,0.08638070818009312,0.26658385932891826,0.3142688748594321,-0.07344715225676156
100,MF,2,0.185625,0.5546875,0.5766676341307093,-5.797666574255955e-10,0.15216097869942735,0.8287729515378377,0.08021099630179496,0.2746939239029469,0.3256765001037749,-0.07946898625023863
100,MF,2,0.185625,0.5703125,0.7051876668194028,-7.357953187708821e-10,0.1504983154179934,0.7486810802278193,0.07233815827925075,0.2903884683608362,0.32952322238770876,-0.08605264050614533
100,MF,2,0.185625,0.5859375,0.8103105409600524,-8.847379261503474e-10,0.1504401366249995,0.659171836787997,0.06306848931422379,0.3137507975009116,0.322722645778572,-0.09177864925689885
100,MF,2,0.185625,0.6015625,0.89069679743628,-1.0251602318780972e-09,0.15122078398656344,0.5656593473111771,0.052774717534676746,0.34518148122112424,0.30408908948222385,-0.0952165447150955
100,MF,2,0.185625,0.6171875,0.9468510490410386,-1.1557098320881531e-09,0.15142140611162797,0.4732157486959958,0.041854778121525354,0.3858850826033531,0.2756691425623746,-0.0959629991702215
100,MF,2,0.185625,0.6328125,0.9810084426439525,-1.275129277340803e-09,0.1493960280865712,0.38612035077537404,0.030701871124360687,0.4375200053424,0.2424463942716023,-0.0953471917738744
100,MF,2,0.185625,0.6484375,0.9968271546701197,-1.3822685027836679e-09,0.1436716255631582,0.30757526826271986,0.019735281917842414,0.4998182255382626,0.20864661039164173,-0.09457030935803673
100,MF,2,0.185625,0.6640625,0.9989430449087381,-1.476095762330612e-09,0.13338407489894105,0.23959550227937554,0.009480746768734262,0.5680525064977455,0.17327532732479578,-0.0904833113273093
100,MF,2,0.185625,0.6796875,0.9924424934168543,-1.5557074096832213e-09,0.11872249538517385,0.1830349900071258,0.000607884206216111,0.6358883165215539,0.1324551708695687,-0.07714369581869089
100,MF,2,0.185625,0.6953125,0.9822732575112034,-1.6203367423847648e-09,0.10106767049164436,0.13771188914545096,-0.006176647365831584,0.7011935874375698,0.08719175727326062,-0.05352720897610533
100,MF,2,0.185625,0.7109375,0.9726092685289605,-1.6693613717657773e-09,0.0825433666971393,0.10262156598669911,-0.010379429058474447,0.7666037931760838,0.04629626650445036,-0.027391431402779116
100,MF,2,0.185625,0.7265625,0.9662696486185709,-1.7023091333366776e-09,0.06520295978490162,0.07622482228982817,-0.011968891370747631,0.832898927134051,0.01916204847772716,-0.009534190054175776
100,MF,2,0.185625,0.7421875,0.9644045769975903,-1.7188627096767538e-09,0.05041487691042233,0.05676577322034365,-0.01143287852105718,0.8933388728172031,0.006296017035398849,-0.002236791253442709
100,MF,2,0.185625,0.7578125,0.9666361818061898,-1.7188627047300814e-09,0.03872325283856272,0.04255113433841824,-0.009585885098164052,0.9395920039742524,0.0017289238420958941,-0.00037490459305730586
100,MF,2,0.185625,0.7734375,0.9716217024991229,-1.7023091114628987e-09,0.030018051032241845,0.03213791043938223,-0.007256848188023026,0.9694099711748375,0.00041860921971740173,-4.837700524560451e-05
100,MF,2,0.185625,0.7890625,0.9777657527294185,-1.6693613517893523e-09,0.023788306397057837,0.024413469345416015,-0.00505012360573854,0.9860296178031311,9.306940395531635e-05,-5.1051971622032095e-06
100,MF,2,0.185625,0.8046875,0.983767782928149,-1.6203367434418619e-09,0.01937308089992455,0.01858560976627017,-0.0032731537067071078,0.9942212884250085,1.950837073825279e-05,-4.589070243428693e-07
100,MF,2,0.185625,0.8203125,0.9888553372521139,-1.5557073969099645e-09,0.016166373361313036,0.014119512315349681,-0.001995350328133705,0.9978456962209794,3.916104574342709e-06,-3.6011839872144606e-08
100,MF,2,0.185625,0.8359375,0.9927501631749256,-1.4760957348528632e-09,0.013726619082435866,0.010660303193704552,-0.0011523468216584278,0.9992963130558901,7.596237414930156e-07,-2.4949412249118888e-09
100,MF,2,0.185625,0.8515625,0.9955052936986972,-1.3822684647010666e-09,0.011785576931082484,0.007967380554708069,-0.0006334313734410301,0.9998204725346892,1.4312403978103655e-07,-1.5179404431754645e-10
100,MF,2,0.185625,0.8671875,0.9973328492854325,-1.2751291973673402e-09,0.010200612145659382,0.005869761803753337,-0.0003321323258118281,0.9999875756013304,2.627792010849813e-08,-7.752601337884676e-12
100,MF,2,0.185625,0.8828125,0.9984811232745643,-1.1557097411168146e-09,0.008899113329760708,0.004240017655423487,-0.00016600831599381668,1.0000303379090507,4.7116202723226236e-09,-2.6357189927358405e-13
100,MF,2,0.185625,0.8984375,0.9991692707032329,-1.0251601624967815e-09,0.007839563852201335,0.0029803162611092,-7.875479575584799e-05,1.0000348416898728,8.262833774440491e-10,7.42290012758618e-15
100,MF,2,0.185625,0.9140625,0.9995644372055108,-8.847377323051634e-10,0.00699175087383184,0.002014898957899587,-3.5110429809873376e-05,1.00002990117423,1.4190097664941484e-10,3.0615553134009088e-15
100,MF,2,0.185625,0.9296875,0.9997824569463971,-7.357947957720829e-10,0.006329585669590089,0.0012855248773864488,-1.441643957715584e-05,1.0000240641072957,2.3886241908222136e-11,4.898469913211429e-16
100,MF,2,0.185625,0.9453125,0.9998980833776756,-5.797657536549933e-10,0.00582986957707831,0.0007482400778262317,-5.2276286573084934e-06,1.0000193918496252,3.944073495032915e-12,6.692453715420468e-17
100,MF,2,0.185625,0.9609375,0.9999568015768432,-4.181532497037478e-10,0.005472968571577428,0.0003708543214221894,-1.5172052320372618e-06,1.0000161193944923,6.392603263248156e-13,8.826297297308364e-18
100,MF,2,0.185625,0.9765625,0.9999847459179141,-2.5251370182421235e-10,0.0052436475179594225,0.0001309525137714898,-2.614689842447649e-07,1.0000140837053653,1.0210058850638622e-13,1.1819129245687777e-18
100,MF,2,0.185625,0.9921875,0.9999957644135448,-8.444230927915627e-11,0.00513158335328355,1.4410364722153059e-05,-3.8387622806826535e-13,1.0000131124888787,1.8350405632325297e-14,1.8822052400289152e-19
100,MF,3,0.27875,0.0078125,-0.9998867099628251,4.925051349141977e-11,0.00856593980861838,2.239273293374224e-05,-8.371355332840915e-13,5.963756600968811e-12,1.0000349940175988,1.2652538355049994e-16
100,MF,3,0.27875,0.0234375,-0.9998211681417877,1.4727723061285294e-10,0.008725093121385129,0.00020301943863512594,-7.396319525177874e-07,2.65214793068477e-11,1.0000330388682042,2.70224551123617e-16
100,MF,3,0.27875,0.0390625,-0.9996695800673453,2.4388558712709965e-10,0.009045501430380071,0.0005722200555968213,-4.140290257565949e-06,1.3634741428144132e-10,1.0000241029397987,-4.018205892192731e-15
100,MF,3,0.27875,0.0546875,-0.9993884554332015,3.3814519337805465e-10,0.009530579497330355,0.0011460126299008425,-1.3556101863305094e-05,6.950970792265253e-10,0.9999933919106854,-1.0167028795667915e-13
100,MF,3,0.27875,0.0703125,-0.998907458101079,4.2914827518437254e-10,0.010183698937302614,0.0019486901724604184,-3.504968229763718e-05,3.4915122594712486e-09,0.9999038532080649,-1.6108878061619024e-12
100,MF,3,0.27875,0.0859375,-0.9981267703668286,5.160184241709276e-10,0.011006910272665234,0.0030130554027426185,-7.899755433527205e-05,1.7265501365406874e-08,0.9996692127177014,-2.1682574238271685e-11
100,MF,3,0.27875,0.1015625,-0.9969203483561881,5.979190380658861e-10,0.012001124236388772,0.0043807204142980085,-0.00016174056688909153,8.396910884112285e-08,0.9991013688674268,-2.6359243918268944e-10
100,MF,3,0.27875,0.1171875,-0.9951519678904999,6.740613575119403e-10,0.013169980626409023,0.006102754243258456,-0.000306346694144202,4.0101297342188297e-07,0.9978177753908181,-2.943358862709039e-09
100,MF,3,0.27875,0.1328125,-0.9927119828047225,7.437120999338048e-10,0.014529814450758304,0.008241425889359225,-0.0005405340839346277,1.875621992346844e-06,0.9950982046349165,-3.026126876020329e-08
100,MF,3,0.27875,0.1484375,-0.9895799674212516,8.062004892882627e-10,0.016126347772276513,0.010874395070424814,-0.0008886485524209951,8.552288261264958e-06,0.9897016393290513,-2.8508250956900815e-07
100,MF,3,0.27875,0.1640625,-0.9859088265203269,8.609247349310872e-10,0.018054327926466718,0.014103113982048984,-0.001354137179096636,3.771782074927011e-05,0.9797058209241266,-2.4345118481656656e-06
100,MF,3,0.27875,0.1796875,-0.9821083012735603,9.073577948021105e-10,0.02047148746385915,0.018066834455979872,-0.0018907859465239298,0.00015881808216766972,0.962518587365945,-1.8513217567924926e-05
100,MF,3,0.27875,0.1953125,-0.9788845389264978,9.450525028341372e-10,0.023598223557741407,0.02296199037530746,-0.0023668194754084128,0.0006257144503148458,0.935308210092307,-0.00012201842361577581
100,MF,3,0.27875,0.2109375,-0.9771804625371503,9.73645845588414e-10,0.0277009389120058,0.02906409138671154,-0.002535752029273296,0.0022404098253539094,0.8961238215397701,-0.000670519498319475
100,MF,3,0.27875,0.2265625,-0.9779769833314165,9.928624378815337e-10,0.03305789241802647,0.03674664062559969,-0.002037146179839489,0.007019563950609425,0.8456724464669941,-0.002921653534720859
100,MF,3,0.27875,0.2421875,-0.9819670677397576,1.002517237193995e-09,0.039884746844544086,0.046489526977103984,-0.00044982211031109777,0.01846819337578407,0.7885818809690043,-0.009582597262552332
100,MF,3,0.27875,0.2578125,-0.9891870396421186,1.0025172382781972e-09,0.04817223835531372,0.058866821666797506,0.0025987410657548125,0.03958209639207763,0.7315881769529753,-0.022994264363635428
100,MF,3,0.27875,0.2734375,-0.9987382470189334,9.928624374478529e-10,0.057432419464060955,0.07450060940148583,0.007296063192677033,0.06899450582026875,0.6786915727380479,-0.04119931038554479
100,MF,3,0.27875,0.2890625,-1.0087139629922046,9.736458475399778e-10,0.06649500655355897,0.09396828220250111,0.013536537869373411,0.10064090199615372,0.6290626652429234,-0.058450817476649715
100,MF,3,0.27875,0.3046875,-1.016361081672572,9.450524929678975e-10,0.07361710927333207,0.11766386749312,0.020891574397781967,0.1279108131232585,0.5796769857580213,-0.06977168728984157
100,MF,3,0.27875,0.3203125,-1.018408041182951,9.073578018494247e-10,0.07707444689038798,0.14563963878300573,0.028671416931776085,0.14696414587094458,0.5281566498728976,-0.0731753424271539
100,MF,3,0.27875,0.3359375,-1.0114439644841045,8.609247362592349e-10,0.07608681994391568,0.1774776568833336,0.03605198237672472,0.15746056923304544,0.4740371803023501,-0.06941096173361871
100,MF,3,0.27875,0.3515625,-0.9922572226381314,8.06200506906548e-10,0.07163951555251628,0.21224345315519566,0.04222453236479419,0.16210134584756494,0.41920668203962735,-0.06123969352899235
100,MF,3,0.27875,0.3671875,-0.9580982055775765,7.437121002590655e-10,0.0667274777400101,0.2485512783005425,0.04653523748906274,0.16545154213304802,0.36741475150677283,-0.05239060623592298
100,MF,3,0.27875,0.3828125,-0.9068735882570875,6.740613710644675e-10,0.06577545612178116,0.2847342567870298,0.04859594974664502,0.17170304387946062,0.3224209503257265,-0.04575843768984707
100,MF,3,0.27875,0.3984375,-0.8372895848851123,5.979190933601969e-10,0.07332262707390205,0.31907953766961983,0.048353096903430245,0.18244240475950163,0.2860460890220635,-0.04209296580538879
100,MF,3,0.27875,0.4140625,-0.748952540565337,5.160185300974798e-10,0.09236193925361522,0.3500683877812542,0.046101298098754934,0.19610291737057656,0.2578812848403604,-0.04045663135027672
100,MF,3,0.27875,0.4296875,-0.6424267540942197,4.2914845689665665e-10,0.12290767430422214,0.3765587770707321,0.042432556092230886,0.20906030662397407,0.23639460189859157,-0.03940890174636313
100,MF,3,0.27875,0.4453125,-0.5192483977214704,3.3814540344222557e-10,0.16136448525914063,0.39786493495705777,0.038126721088914704,0.21748421662469875,0.22024005335595448,-0.037867359604578155
100,MF,3,0.27875,0.4609375,-0.38189367597392865,2.4388544569292625e-10,0.2010496335854168,0.4137210169694366,0.03400909536606231,0.2192043672972715,0.2090004519424138,-0.03552795002548919
100,MF,3,0.27875,0.4765625,-0.23369262553793507,1.4727857952298584e-10,0.23382509997549505,0.42415302248940656,0.030812512733760886,0.21491854860555282,0.20312624067751428,-0.03292389773834693
100,MF,3,0.27875,0.4921875,-0.07867324382896891,4.92520872176494e-11,0.25237329420093774,0.429309617092687,0.029073812337149806,0.20807128728461152,0.2031031200497751,-0.031148846487513177
100,MF,3,0.27875,0.5078125,0.07867324382896873,-4.925211323850154e-11,0.25237329420093774,0.429309617092687,0.029073812337149833,0.20310312004977518,0.20807128728461147,-0.031148846487513173
100,MF,3,0.27875,0.5234375,0.2336926255379349,-1.4727859990598668e-10,0.23382509997549494,0.42415302248940656,0.03081251273376088,0.20312624067751434,0.2149185486055527,-0.03292389773834693
100,MF,3,0.27875,0.5390625,0.3818936759739286,-2.438854352845854e-10,0.2010496335854168,0.41372101696943664,0.034009095366062336,0.20900045194241385,0.21920436729727144,-0.03552795002548918
100,MF,3,0.27875,0.5546875,0.5192483977214704,-3.381454092427072e-10,0.16136448525914066,0.39786493495705777,0.03812672108891473,0.22024005335595456,0.21748421662469866,-0.037867359604578155
100,MF,3,0.27875,0.5703125,0.6424267540942198,-4.2914844941566166e-10,0.12290767430422223,0.37655877707073215,0.04243255609223092,0.2363946018985916,0.20906030662397404,-0.039408901746363134
100,MF,3,0.27875,0.5859375,0.748952540565337,-5.160185334585066e-10,0.0923619392536153,0.35006838778125426,0.04610129809875494,0.25788128484036044,0.1961029173705765,-0.040456631350276696
100,MF,3,0.27875,0.6015625,0.8372895848851123,-5.979191074548251e-10,0.07332262707390211,0.3190795376696197,0.04835309690343023,0.2860460890220635,0.18244240475950158,-0.04209296580538877
100,MF,3,0.27875,0.6171875,0.9068735882570874,-6.740613939411333e-10,0.06577545612178122,0.2847342567870298,0.048595949746644995,0.3224209503257264,0.17170304387946056,-0.045758437689847026
100,MF,3,0.27875,0.6328125,0.9580982055775765,-7.437121378808809e-10,0.06672747774001009,0.24855127830054244,0.0465352374890627,0.3674147515067727,0.16545154213304797,-0.05239060623592294
100,MF,3,0.27875,0.6484375,0.9922572226381315,-8.062005091291624e-10,0.0716395155525163,0.21224345315519563,0.042224532364794155,0.41920668203962724,0.16210134584756491,-0.06123969352899232
100,MF,3,0.27875,0.6640625,1.0114439644841045,-8.60924745773109e-10,0.07608681994391571,0.1774776568833336,0.036051982376724696,0.47403718030235,0.15746056923304544,-0.06941096173361869
100,MF,3,0.27875,0.6796875,1.0184080411829508,-9.073578070535951e-10,0.07707444689038802,0.1456396387830057,0.028671416931776154,0.5281566498728973,0.14696414587094456,-0.07317534242715389
100,MF,3,0.27875,0.6953125,1.016361081672572,-9.450525065204246e-10,0.07361710927333207,0.11766386749311997,0.020891574397781994,0.5796769857580212,0.12791081312325853,-0.06977168728984157
100,MF,3,0.27875,0.7109375,1.0087139629922046,-9.73645843148959e-10,0.06649500655355897,0.0939682822025011,0.01353653786937345,0.6290626652429232,0.10064090199615373,-0.05845081747664972
100,MF,3,0.27875,0.7265625,0.9987382470189333,-9.928624402125684e-10,0.057432419464060934,0.07450060940148581,0.0072960631926770585,0.6786915727380478,0.06899450582026878,-0.041199310385544786
100,MF,3,0.27875,0.7421875,0.9891870396421185,-1.00251723974187e-09,0.04817223835531366,0.05886682166679749,0.0025987410657548346,0.7315881769529752,0.03958209639207765,-0.022994264363635435
100,MF,3,0.27875,0.7578125,0.9819670677397576,-1.002517231976272e-09,0.03988474684454404,0.046489526977103984,-0.0004498221103110847,0.7885818809690042,0.018468193375784085,-0.009582597262552337
100,MF,3,0.27875,0.7734375,0.9779769833314162,-9.92862438477845e-10,0.033057892418026466,0.036746640625599694,-0.002037146179839483,0.845672446466994,0.007019563950609433,-0.002921653534720863
100,MF,3,0.27875,0.7890625,0.9771804625371503,-9.736458435555349e-10,0.0277009389120058,0.029064091386711552,-0.002535752029273294,0.89612382153977,0.0022404098253539124,-0.0006705194983194762
100,MF,3,0.27875,0.8046875,0.9788845389264977,-9.45052500564089e-10,0.02359822355774141,0.022961990375307464,-0.0023668194754083993,0.935308210092307,0.0006257144503148469,-0.00012201842361577616
100,MF,3,0.27875,0.8203125,0.9821083012735603,-9.073577914817414e-10,0.020471487463859135,0.01806683445597988,-0.0018907859465239355,0.962518587365945,0.00015881808216767004,-1.8513217567924984e-05
100,MF,3,0.27875,0.8359375,0.9859088265203269,-8.60924731583613e-10,0.018054327926466718,0.014103113982048986,-0.0013541371790966403,0.9797058209241264,3.771782074927019e-05,-2.4345118481656745e-06
100,MF,3,0.27875,0.8515625,0.9895799674212516,-8.062004911178538e-10,0.016126347772276523,0.010874395070424816,-0.0008886485524210022,0.9897016393290513,8.552288261264981e-06,-2.8508250956900985e-07
100,MF,3,0.27875,0.8671875,0.9927119828047225,-7.437120990596668e-10,0.014529814450758325,0.008241425889359225,-0.0005405340839346256,0.9950982046349164,1.8756219923468492e-06,-3.026126876020353e-08
100,MF,3,0.27875,0.8828125,0.9951519678904998,-6.740613611211477e-10,0.013169980626409047,0.0061027542432584535,-0.00030634669414420423,0.9978177753908181,4.0101297342188414e-07,-2.9433588627090425e-09
100,MF,3,0.27875,0.8984375,0.996920348356188,-5.979190375339494e-10,0.012001124236388777,0.004380720414298007,-0.00016174056688909074,0.9991013688674268,8.39691088411231e-08,-2.6359243918268644e-10
100,MF,3,0.27875,0.9140625,0.9981267703668284,-5.16018425004408e-10,0.011006910272665241,0.003013055402742617,-7.899755433526766e-05,0.9996692127177014,1.726550136540693e-08,-2.1682574238272422e-11
100,MF,3,0.27875,0.9296875,0.9989074581010787,-4.291482745067462e-10,0.010183698937302617,0.0019486901724604178,-3.504968229763732e-05,0.9999038532080647,3.49151225947126e-09,-1.6108878061619929e-12
100,MF,3,0.27875,0.9453125,0.9993884554332013,-3.3814519187372414e-10,0.009530579497330351,0.0011460126299008416,-1.3556101863303227e-05,0.9999933919106854,6.950970792265276e-10,-1.0167028795672166e-13
100,MF,3,0.27875,0.9609375,0.9996695800673452,-2.438855869610812e-10,0.009045501430380062,0.0005722200555968212,-4.140290257565149e-06,1.0000241029397987,1.3634741428144186e-10,-4.018205892201848e-15
100,MF,3,0.27875,0.9765625,0.9998211681417876,-1.4727723058913602e-10,0.00872509312138512,0.00020301943863512586,-7.39631952517417e-07,1.0000330388682042,2.652147930684781e-11,2.7022455112370436e-16
100,MF,3,0.27875,0.9921875,0.9998867099628249,-4.925051356892329e-11,0.008565939808618361,2.2392732933742237e-05,-8.371354882325266e-13,1.0000349940175985,5.963756600968838e-12,1.2652538354995008e-16
100,MF,4,0.37125,0.0078125,-0.9994669223887926,2.135557437268551e-11,0.010863608997163435,2.715328132351892e-05,-1.5395695413249633e-12,1.0162189310857695e-10,0.9999215841194207,-3.490426998162575e-14
100,MF,4,0.37125,0.0234375,-0.999296089147381,6.386105817876749e-11,0.01102678232155574,0.00024569073354034697,-9.626608836665266e-07,3.9749132193988187e-10,0.9998127894994182,-2.535437792843761e-13
100,MF,4,0.37125,0.0390625,-0.9989297635839819,1.057515251312157e-10,0.011351837111340685,0.0006897266980440836,-5.146182568277734e-06,1.8263677256666793e-09,0.9995320317316669,-2.5543168236216483e-12
100,MF,4,0.37125,0.0546875,-0.9983225000170922,1.4662354707109526e-10,0.011836556244060381,0.0013730428886122885,-1.5725081513274137e-05,8.35753340294084e-09,0.9989306426201083,-2.5288426525497432e-11
100,MF,4,0.37125,0.0703125,-0.9974174813450762,1.860835043996853e-10,0.012479078701538611,0.0023160321322865697,-3.704697955151831e-05,3.7744443719760956e-08,0.9977289012254957,-2.3660216323688145e-10
100,MF,4,0.37125,0.0859375,-0.9961642045805938,2.2375137837373285e-10,0.013281029367182857,0.003545603905852397,-7.409404372265924e-05,1.678971109276306e-07,0.9954483556773922,-2.0807655403652623e-09
100,MF,4,0.37125,0.1015625,-0.9945468378998961,2.5926440421625285e-10,0.014253414900950653,0.005095559819351051,-0.0001303732077844516,7.335537510835696e-07,0.991330778474709,-1.7139347578142246e-08
100,MF,4,0.37125,0.1171875,-0.9926230610555504,2.9228056395514193e-10,0.015425564010102569,0.007007985768726367,-0.00020323004775469431,3.1334457729603286e-06,0.9842675707565545,-1.3146069699492932e-07
100,MF,4,0.37125,0.1328125,-0.9905677881077595,3.22481904461297e-10,0.01685624110964965,0.009336318623098293,-0.00027572728306722236,1.2991364690605063e-05,0.9727842538043723,-9.303643229432744e-07
100,MF,4,0.37125,0.1484375,-0.9887084962610257,3.4957756893209957e-10,0.01864509009834646,0.012150642212780996,-0.00030513800778747785,5.170999561349874e-05,0.9551438540303595,-5.994573617724125e-06
100,MF,4,0.37125,0.1640625,-0.987531461401514,3.733066160881149e-10,0.020942429600611517,0.015545376351291045,-0.00021003650301785792,0.000194538289830086,0.9296377722895207,-3.451562506186531e-05
100,MF,4,0.37125,0.1796875,-0.9876355674427314,3.9344051541018166e-10,0.023954947814759972,0.019648902960190052,0.0001393297632216098,0.0006774134109734316,0.8951090500616853,-0.00017322306675134525
100,MF,4,0.37125,0.1953125,-0.9896174951893111,4.0978536308602237e-10,0.02793992090801068,0.024633912652585615,0.0009203541172109582,0.002127013320567272,0.8516757644649772,-0.0007342831211866286
100,MF,4,0.37125,0.2109375,-0.9938911140803872,4.221837577884219e-10,0.03316805913364344,0.030726152264210622,0.0023398819637397436,0.00584793110888099,0.8014076726130068,-0.002536920404631558
100,MF,4,0.37125,0.2265625,-1.0004706244908856,4.3051628624904414e-10,0.039822536137971654,0.03820718305299718,0.004594928492381531,0.013700564823178508,0.7482822932586171,-0.0069226302870092765
100,MF,4,0.37125,0.2421875,-1.0087706285844897,4.347027123029548e-10,0.04781220661176138,0.04740337590787905,0.007815786924593376,0.026922307720115158,0.6966656800959028,-0.014734783705937237
100,MF,4,0.37125,0.2578125,-1.017484302083759,4.3470270319565657e-10,0.05653231037222346,0.058650095126689505,0.012002656257346726,0.0445303265435406,0.6490491624468804,-0.024884551837729002
100,MF,4,0.37125,0.2734375,-1.0245869906038325,4.30516281695395e-10,0.06469309880505512,0.07222072327854076,0.016971033979323612,0.06330282571835849,0.605302926133302,-0.03466405521259697
100,MF,4,0.37125,0.2890625,-1.027481862879177,4.221837584389432e-10,0.0703945425954216,0.08821916275681553,0.02231974947280792,0.0794911956335517,0.5638680360406363,-0.041515752348019144
100,MF,4,0.37125,0.3046875,-1.0232694528093118,4.097853689407141e-10,0.07158172037313555,0.10645229920009738,0.02743090387999237,0.09042057362229566,0.5231487506967287,-0.04414659879780534
100,MF,4,0.37125,0.3203125,-1.009095408572969,3.934405063028834e-10,0.06685217013967396,0.12631963035460503,0.03150723033315485,0.09512921738871419,0.48217443638864466,-0.04260476396939887
100,MF,4,0.37125,0.3359375,-0.9825149432936757,3.733066011261249e-10,0.05636932186373313,0.14676983974468732,0.033650424223524864,0.09437431127753323,0.44073169060090556,-0.03794514599731331
100,MF,4,0.37125,0.3515625,-0.9418082957968266,3.495775733773285e-10,0.04248581263098076,0.16636820325981663,0.0329800799111468,0.09029293055582636,0.39923265472678904,-0.03176331455223547
100,MF,4,0.37125,0.3671875,-0.8861896204482866,3.2248193053635923e-10,0.02970229108403637,0.1834913186843955,0.02878350308266859,0.08571825024858142,0.35840756163535625,-0.02562520396369094
100,MF,4,0.37125,0.3828125,-0.8158731308191546,2.922805983785609e-10,0.023799436445521092,0.19662442467707064,0.020674415529670767,0.08325035033503242,0.3189763716595133,-0.02056772833261332
100,MF,4,0.37125,0.3984375,-0.7319911579341085,2.5926442178032805e-10,0.030290208075623142,0.20469717729033082,0.008730975194058369,0.08444557288260182,0.2815387863401726,-0.01693162667808878
100,MF,4,0.37125,0.4140625,-0.6363889041110075,2.2375142125392877e-10,0.05260090411662856,0.2073715511313214,-0.006414985263028783,0.08945685291839986,0.24671216318010827,-0.01450815318838912
100,MF,4,0.37125,0.4296875,-0.5313403054961591,1.8608354982775632e-10,0.09051272399247853,0.2051977126638403,-0.02355941838239315,0.0972292076064003,0.21530756003993892,-0.012830736470555408
100,MF,4,0.37125,0.4453125,-0.41923710796085706,1.4662349925777945e-10,0.1393888617090432,0.19957817665488214,-0.040997271710943375,0.10615202298428617,0.18832615876790687,-0.01151239221572973
100,MF,4,0.37125,0.4609375,-0.30230535080383986,1.057513588417075e-10,0.19061113352611003,0.19252143060699672,-0.05670247881591656,0.11485983205891226,0.16665114591536426,-0.010448996744451294
100,MF,4,0.37125,0.4765625,-0.1824044808520756,6.386131228865166e-11,0.2334121907616508,0.18621843867641563,-0.06862423551547603,0.12280126142473538,0.15050125406178066,-0.009733917284540802
100,MF,4,0.37125,0.4921875,-0.06095836688950565,2.135596452283728e-11,0.2578220320072221,0.18253186431748983,-0.07506777766485948,0.13040951269390172,0.13900971087976122,-0.009409922411415163
100,MF,4,0.37125,0.5078125,0.06095836688950565,-2.135596994384814e-11,0.2578220320072221,0.18253186431748983,-0.07506777766485948,0.13900971087976122,0.13040951269390172,-0.009409922411415163
100,MF,4,0.37125,0.5234375,0.1824044808520756,-6.386133982738684e-11,0.23341219076165085,0.18621843867641563,-0.06862423551547603,0.15050125406178072,0.12280126142473535,-0.009733917284540806
100,MF,4,0.37125,0.5390625,0.30230535080383986,-1.0575134041027057e-10,0.19061113352611012,0.19252143060699667,-0.05670247881591657,0.16665114591536428,0.11485983205891225,-0.010448996744451294
100,MF,4,0.37125,0.5546875,0.419237107960857,-1.4662350847349792e-10,0.1393888617090432,0.1995781766548821,-0.04099727171094339,0.18832615876790687,0.10615202298428615,-0.011512392215729729
100,MF,4,0.37125,0.5703125,0.531340305496159,-1.8608355394772458e-10,0.09051272399247853,0.20519771266384024,-0.023559418382393164,0.2153075600399389,0.09722920760640029,-0.012830736470555403
100,MF,4,0.37125,0.5859375,0.6363889041110073,-2.2375140282249184e-10,0.05260090411662856,0.20737155113132133,-0.00641498526302884,0.24671216318010825,0.08945685291839983,-0.014508153188389113
100,MF,4,0.37125,0.6015625,0.7319911579341085,-2.5926442373189196e-10,0.03029020807562314,0.20469717729033077,0.008730975194058316,0.2815387863401726,0.08444557288260181,-0.01693162667808877
100,MF,4,0.37125,0.6171875,0.8158731308191544,-2.922805831997305e-10,0.023799436445521086,0.1966244246770706,0.020674415529670784,0.31897637165951326,0.08325035033503239,-0.020567728332613302
100,MF,4,0.37125,0.6328125,0.8861896204482864,-3.224819385052452e-10,0.029702291084036374,0.18349131868439547,0.0287835030826686,0.35840756163535614,0.08571825024858139,-0.025625203963690918
100,MF,4,0.37125,0.6484375,0.9418082957968266,-3.495775797741213e-10,0.042485812630980765,0.16636820325981658,0.03298007991114678,0.399232654726789,0.09029293055582632,-0.031763314552235446
100,MF,4,0.37125,0.6640625,0.9825149432936755,-3.7330660692660653e-10,0.05636932186373312,0.14676983974468727,0.033650424223524836,0.44073169060090545,0.09437431127753321,-0.03794514599731327
100,MF,4,0.37125,0.6796875,1.009095408572969,-3.934405106532446e-10,0.06685217013967394,0.126319630354605,0.03150723033315482,0.4821744363886445,0.09512921738871416,-0.042604763969398836
100,MF,4,0.37125,0.6953125,1.0232694528093118,-4.097853636010184e-10,0.07158172037313558,0.10645229920009736,0.02743090387999238,0.5231487506967287,0.09042057362229564,-0.0441465987978053
100,MF,4,0.37125,0.7109375,1.027481862879177,-4.221837599839313e-10,0.07039454259542166,0.08821916275681549,0.02231974947280791,0.5638680360406361,0.07949119563355164,-0.041515752348019117
100,MF,4,0.37125,0.7265625,1.024586990603832,-4.305162858153633e-10,0.06469309880505511,0.07222072327854072,0.016971033979323612,0.6053029261333018,0.06330282571835846,-0.03466405521259694
100,MF,4,0.37125,0.7421875,1.017484302083759,-4.3470270405624204e-10,0.05653231037222342,0.05865009512668948,0.012002656257346728,0.6490491624468804,0.04453032654354057,-0.024884551837728978
100,MF,4,0.37125,0.7578125,1.0087706285844895,-4.347027102412766e-10,0.047812206611761374,0.047403375907879026,0.007815786924593358,0.6966656800959028,0.026922307720115137,-0.014734783705937223
100,MF,4,0.37125,0.7734375,1.0004706244908852,-4.3051628235946885e-10,0.03982253613797168,0.038207183052997154,0.004594928492381515,0.7482822932586171,0.013700564823178496,-0.00692263028700927
100,MF,4,0.37125,0.7890625,0.9938911140803872,-4.221837479221821e-10,0.033168059133643485,0.030726152264210597,0.002339881963739734,0.8014076726130068,0.005847931108880985,-0.0025369204046315555
100,MF,4,0.37125,0.8046875,0.9896174951893109,-4.0978536232708085e-10,0.02793992090801067,0.024633912652585594,0.0009203541172109663,0.8516757644649771,0.0021270133205672707,-0.0007342831211866281
100,MF,4,0.37125,0.8203125,0.9876355674427313,-3.9344051948949233e-10,0.02395494781475995,0.019648902960190034,0.0001393297632216135,0.8951090500616852,0.0006774134109734311,-0.00017322306675134508
100,MF,4,0.37125,0.8359375,0.987531461401514,-3.733066185750036e-10,0.020942429600611514,0.01554537635129103,-0.00021003650301784676,0.9296377722895207,0.0001945382898300859,-3.45156250618653e-05
100,MF,4,0.37125,0.8515625,0.9887084962610255,-3.4957757464110163e-10,0.018645090098346438,0.012150642212780983,-0.00030513800778746907,0.9551438540303595,5.170999561349872e-05,-5.9945736177241205e-06
100,MF,4,0.37125,0.8671875,0.9905677881077593,-3.224819055514284e-10,0.016856241109649638,0.009336318623098283,-0.00027572728306722507,0.9727842538043725,1.2991364690605061e-05,-9.303643229432756e-07
100,MF,4,0.37125,0.8828125,0.9926230610555502,-2.922805608533073e-10,0.015425564010102552,0.00700798576872636,-0.00020323004775469613,0.9842675707565546,3.1334457729603286e-06,-1.3146069699492948e-07
100,MF,4,0.37125,0.8984375,0.9945468378998958,-2.592643983480086e-10,0.014253414900950638,0.005095559819351045,-0.00013037320778446182,0.991330778474709,7.335537510835696e-07,-1.713934757814229e-08
100,MF,4,0.37125,0.9140625,0.9961642045805936,-2.2375137683213289e-10,0.013281029367182853,0.0035456039058523936,-7.40940437226701e-05,0.9954483556773922,1.6789711092763063e-07,-2.0807655403652677e-09
100,MF,4,0.37125,0.9296875,0.9974174813450759,-1.8608350363735564e-10,0.012479078701538587,0.002316032132286567,-3.704697955152389e-05,0.9977289012254957,3.774444371976097e-08,-2.366021632368813e-10
100,MF,4,0.37125,0.9453125,0.9983225000170919,-1.4662354668484824e-10,0.01183655624406036,0.0013730428886122874,-1.5725081513276634e-05,0.9989306426201083,8.357533402940843e-09,-2.528842652549749e-11
100,MF,4,0.37125,0.9609375,0.9989297635839818,-1.0575152570380998e-10,0.011351837111340666,0.0006897266980440832,-5.146182568279684e-06,0.9995320317316669,1.8263677256666797e-09,-2.554316823621632e-12
100,MF,4,0.37125,0.9765625,0.999296089147381,-6.386105821095474e-11,0.011026782321555725,0.00024569073354034686,-9.62660883666744e-07,0.9998127894994182,3.9749132193988203e-10,-2.5354377928432857e-13
100,MF,4,0.37125,0.9921875,0.9994669223887928,-2.135557482669517e-11,0.010863608997163432,2.7153281323518906e-05,-1.5395695769003471e-12,0.9999215841194207,1.01621893108577e-10,-3.4904269981615675e-14
100,MF,5,0.464375,0.0078125,-0.9986918991809637,-5.38540064864805e-13,0.011672826910549907,2.8561030803386063e-05,-1.4198577082745836e-12,3.1701198341586804e-10,0.9987683964317495,-9.25384949400457e-13
100,MF,5,0.464375,0.0234375,-0.9984616135448412,-1.6104338321871678e-12,0.011825417587803345,0.00025818195310500937,2.2680529219277138e-07,1.1174667790747373e-09,0.9981950589631403,-4.717288228630801e-12
100,MF,5,0.464375,0.0390625,-0.9980013101454837,-2.666819266501988e-12,0.012133659229731326,0.0007234869761133546,1.3509529518614871e-06,4.686361677404016e-09,0.9968843230148727,-3.372241110711479e-11
100,MF,5,0.464375,0.0546875,-0.9973195130596846,-3.697521726731684e-12,0.012605483674857667,0.001436740308137377,4.864040351420362e-06,1.96358849520094e-08,0.9944936687649539,-2.4745318480181686e-10
100,MF,5,0.464375,0.0703125,-0.9964483293604076,-4.692615436854841e-12,0.013257421869452706,0.002416822612173638,1.420080225765608e-05,8.116263881685569e-08,0.9904805100639411,-1.7542327501875734e-09
100,MF,5,0.464375,0.0859375,-0.9954642320544896,-5.642515046779678e-12,0.014120328581993878,0.0036901896132113575,3.6721348861994146e-05,3.2960184560303543e-07,0.9840877778364636,-1.1801015035183974e-08
100,MF,5,0.464375,0.1015625,-0.9945102722165142,-6.538074389609433e-12,0.015246988541177238,0.0052927275102547635,8.680631616124315e-05,1.308249806914475e-06,0.9743571971922159,-7.461356076832907e-08
100,MF,5,0.464375,0.1171875,-0.9938128051897788,-7.370667444439594e-12,0.016721161540711436,0.007272874832665772,0.00019004981589562745,5.038082373067673e-06,0.9601929031481244,-4.3925355099595736e-07
100,MF,5,0.464375,0.1328125,-0.9936830180558343,-8.132279517760604e-12,0.01866710430069661,0.009696291717397871,0.0003880215276386872,1.8637178355650583e-05,0.9404924588560873,-2.3804609572502314e-06
100,MF,5,0.464375,0.1484375,-0.9944922819388481,-8.815579234482118e-12,0.021257365712251675,0.012652139749693233,0.0007423393878078521,6.537855945937924e-05,0.9143470224231283,-1.1708237628671967e-05
100,MF,5,0.464375,0.1640625,-0.9966122537248433,-9.413968736493583e-12,0.024713578514408283,0.01626064657781916,0.0013360323363594525,0.0002140701788788802,0.8812903122158635,-5.1373254163923805e-05
100,MF,5,0.464375,0.1796875,-1.0003167578963188,-9.921698011783331e-12,0.029289284395395358,0.020680948127185638,0.002269705535674931,0.0006423580971720503,0.8415533485650496,-0.0001971155342213444
100,MF,5,0.464375,0.1953125,-1.005652408477983,-1.0333882837984532e-11,0.03521735220562676,0.026116998457043676,0.0036501907514287914,0.0017319548698156698,0.7962546959050956,-0.0006471567646095596
100,MF,5,0.464375,0.2109375,-1.0122965299798505,-1.0646541807879384e-11,0.04260383737281964,0.03281742331545717,0.005570321344337624,0.004117771291511958,0.747402212399947,-0.0017806999570947671
100,MF,5,0.464375,0.2265625,-1.0194308509485444,-1.08566773193014e-11,0.05126510202734144,0.04106282126405032,0.008080032626258407,0.0085108214966855,0.6975317478286424,-0.004046785459879163
100,MF,5,0.464375,0.2421875,-1.0256644687896674,-1.0962249012182179e-11,0.06054172461952383,0.05113236392761276,0.01115077021510703,0.015209979619055815,0.6489576465133124,-0.007578563732556132
100,MF,5,0.464375,0.2578125,-1.0290378962766549,-1.0962248036400224e-11,0.06917307005926449,0.06324279238983141,0.014637026622530303,0.023639137722847293,0.6030510748010567,-0.011847621827653339
100,MF,5,0.464375,0.2734375,-1.0271312521827547,-1.0856669729886192e-11,0.07535282746591514,0.07745939085267167,0.018241112180663693,0.03243305614798531,0.5601173641771221,-0.015839476226803213
100,MF,5,0.464375,0.2890625,-1.0172839882451148,-1.0646542892081556e-11,0.07706924980888767,0.09359096156672533,0.02149054199295366,0.04006803771764491,0.519861035696997,-0.01862770393748836
100,MF,5,0.464375,0.3046875,-0.9969111466536094,-1.0333889776878435e-11,0.07273685138656019,0.11109636132595109,0.02374100805664909,0.045533757695564184,0.4819061430140328,-0.019809967969798156
100,MF,5,0.464375,0.3203125,-0.9638741455850799,-9.92168977184682e-12,0.06196461471575397,0.1290417116016033,0.02421871635769996,0.048653937642731494,0.44599921305043905,-0.019561580557115064
100,MF,5,0.464375,0.3359375,-0.9168396814384887,-9.413958761833596e-12,0.04615606855216395,0.14614603085524572,0.022109545392439443,0.049969130341703985,0.4119080609279881,-0.018394030052169427
100,MF,5,0.464375,0.3515625,-0.8555505593040373,-8.815560477784534e-12,0.028609175668730315,0.16093352593325072,0.01668769463926898,0.05029987184507205,0.3792482043472961,-0.016812429450430544
100,MF,5,0.464375,0.3671875,-0.7809468209732824,-8.13228087301332e-12,0.0139412290396554,0.17197723766052,0.007459249390347725,0.05025201695051852,0.34748539752200475,-0.015080998043312597
100,MF,5,0.464375,0.3828125,-0.6951112871045286,-7.370679153823056e-12,0.00694504801509505,0.17818484055222195,-0.005711842723423054,0.04994203659079162,0.31616009686381386,-0.013208491296542913
100,MF,5,0.464375,0.3984375,-0.6010516712696973,-6.5380591565689095e-12,0.011227940344995614,0.179058579987235,-0.02251851696985349,0.049082158903853784,0.2851009614642494,-0.01109881158167474
100,MF,5,0.464375,0.4140625,-0.5023493399491372,-5.642503391606324e-12,0.02806367051302098,0.17486437374235142,-0.04216837703676281,0.04742091785714499,0.2543638443166342,-0.008745729234255935
100,MF,5,0.464375,0.4296875,-0.40269755736498714,-4.692615003173972e-12,0.055800376024287945,0.16666475593395697,-0.06337385605321014,0.045385264613716926,0.22389958192628692,-0.006362539769942303
100,MF,5,0.464375,0.4453125,-0.30534432967179015,-3.697596699311911e-12,0.09000562849405722,0.15619626555836139,-0.0843780028410107,0.044535578235089385,0.19326077131705655,-0.004326924581478351
100,MF,5,0.464375,0.4609375,-0.21248856843781966,-2.666901855602477e-12,0.12435427676144835,0.1455986335618295,-0.10305829384862483,0.0474062650273532,0.16183410779102617,-0.002921049151510558
100,MF,5,0.464375,0.4765625,-0.12476964694302027,-1.6104900616223383e-12,0.15206659345690032,0.137032583333589,-0.1171772758863326,0.0567082033162082,0.12986159637703254,-0.002132377907421605
100,MF,5,0.464375,0.4921875,-0.04108195411294602,-5.385664787402322e-13,0.16750940119672536,0.13225615998459103,-0.12480414092517955,0.0741881566984422,0.09947944141092582,-0.0017878884172376377
100,MF,5,0.464375,0.5078125,0.04108195411294598,5.385579135430696e-13,0.1675094011967254,0.132256159984591,-0.12480414092517952,0.09947944141092578,0.07418815669844221,-0.0017878884172376377
100,MF,5,0.464375,0.5234375,0.12476964694302017,1.6104849658721276e-12,0.15206659345690032,0.137032583333589,-0.11717727588633259,0.12986159637703248,0.05670820331620822,-0.0021323779074216044
100,MF,5,0.464375,0.5390625,0.2124885684378196,2.6669045661079083e-12,0.1243542767614483,0.14559863356182948,-0.1030582938486248,0.16183410779102614,0.04740626502735321,-0.002921049151510557
100,MF,5,0.464375,0.5546875,0.30534432967179015,3.6976041803069015e-12,0.09000562849405715,0.15619626555836136,-0.08437800284101066,0.19326077131705652,0.04453557823508939,-0.004326924581478349
100,MF,5,0.464375,0.5703125,0.40269755736498697,4.692619611033205e-12,0.05580037602428789,0.16666475593395697,-0.06337385605321011,0.22389958192628684,0.045385264613716926,-0.006362539769942299
100,MF,5,0.464375,0.5859375,0.5023493399491371,5.642492603794708e-12,0.028063670513020944,0.17486437374235142,-0.04216837703676278,0.2543638443166342,0.04742091785714497,-0.008745729234255928
100,MF,5,0.464375,0.6015625,0.6010516712696972,6.538080461141599e-12,0.0112279403449956,0.179058579987235,-0.02251851696985349,0.2851009614642493,0.04908215890385377,-0.011098811581674731
100,MF,5,0.464375,0.6171875,0.6951112871045284,7.370682298009357e-12,0.006945048015095047,0.17818484055222192,-0.005711842723423055,0.31616009686381374,0.04994203659079159,-0.0132084912965429
100,MF,5,0.464375,0.6328125,0.7809468209732822,8.13227568239542e-12,0.013941229039655414,0.17197723766051995,0.007459249390347743,0.3474853975220047,0.05025201695051848,-0.015080998043312581
100,MF,5,0.464375,0.6484375,0.8555505593040371,8.815567321810748e-12,0.028609175668730325,0.16093352593325067,0.01668769463926898,0.379248204347296,0.050299871845072015,-0.016812429450430526
100,MF,5,0.464375,0.6640625,0.9168396814384885,9.413955942907948e-12,0.04615606855216395,0.1461460308552457,0.022109545392439416,0.41190806092798804,0.04996913034170394,-0.018394030052169406
100,MF,5,0.464375,0.6796875,0.9638741455850799,9.921696006009312e-12,0.06196461471575401,0.12904171160160327,0.024218716357699954,0.44599921305043894,0.048653937642731446,-0.019561580557115037
100,MF,5,0.464375,0.6953125,0.996911146653609,1.0333885351978319e-11,0.07273685138656022,0.11109636132595105,0.023741008056649075,0.4819061430140327,0.04553375769556414,-0.019809967969798135
100,MF,5,0.464375,0.7109375,1.0172839882451146,1.064655026211523e-11,0.07706924980888774,0.0935909615667253,0.021490541992953652,0.5198610356969968,0.04006803771764486,-0.018627703937488332
100,MF,5,0.464375,0.7265625,1.0271312521827547,1.0856655892755966e-11,0.07535282746591522,0.07745939085267162,0.01824111218066367,0.560117364177122,0.03243305614798527,-0.015839476226803186
100,MF,5,0.464375,0.7421875,1.0290378962766549,1.0962239881167008e-11,0.06917307005926451,0.06324279238983137,0.014637026622530278,0.6030510748010566,0.02363913772284726,-0.011847621827653317
100,MF,5,0.464375,0.7578125,1.025664468789667,1.0962250597827856e-11,0.060541724619523826,0.05113236392761271,0.011150770215106994,0.6489576465133123,0.015209979619055786,-0.007578563732556115
100,MF,5,0.464375,0.7734375,1.0194308509485444,1.085666359059139e-11,0.05126510202734143,0.04106282126405028,0.008080032626258385,0.6975317478286422,0.008510821496685483,-0.004046785459879153
100,MF,5,0.464375,0.7890625,1.0122965299798503,1.0646539346401639e-11,0.04260383737281966,0.03281742331545714,0.005570321344337614,0.7474022123999469,0.004117771291511948,-0.0017806999570947617
100,MF,5,0.464375,0.8046875,1.0056524084779825,1.0333881456473795e-11,0.03521735220562676,0.02611699845704364,0.0036501907514287692,0.7962546959050956,0.001731954869815665,-0.0006471567646095576
100,MF,5,0.464375,0.8203125,1.0003167578963184,9.921697563279385e-12,0.029289284395395375,0.02068094812718561,0.0022697055356749236,0.8415533485650496,0.0006423580971720486,-0.00019711553422134374
100,MF,5,0.464375,0.8359375,0.9966122537248429,9.413966691756048e-12,0.024713578514408245,0.016260646577819136,0.0013360323363594538,0.8812903122158633,0.00021407017887887952,-5.1373254163923636e-05
100,MF,5,0.464375,0.8515625,0.9944922819388478,8.815575504149019e-12,0.02125736571225168,0.01265213974969321,0.0007423393878078498,0.9143470224231283,6.537855945937905e-05,-1.1708237628671928e-05
100,MF,5,0.464375,0.8671875,0.9936830180558339,8.132285658749472e-12,0.01866710430069659,0.009696291717397852,0.00038802152763868915,0.9404924588560873,1.8637178355650525e-05,-2.3804609572502237e-06
100,MF,5,0.464375,0.8828125,0.9938128051897783,7.37066783407475e-12,0.016721161540711404,0.007272874832665758,0.00019004981589562127,0.9601929031481243,5.03808237306766e-06,-4.3925355099595577e-07
100,MF,5,0.464375,0.8984375,0.9945102722165138,6.538073827179556e-12,0.01524698854117722,0.005292727510254754,8.68063161612365e-05,0.974357197192216,1.3082498069144715e-06,-7.461356076832882e-08
100,MF,5,0.464375,0.9140625,0.9954642320544892,5.642512780119511e-12,0.014120328581993863,0.0036901896132113506,3.6721348861990595e-05,0.9840877778364636,3.2960184560303463e-07,-1.1801015035183941e-08
100,MF,5,0.464375,0.9296875,0.9964483293604073,4.6926135056197214e-12,0.013257421869452687,0.002416822612173633,1.4200802257651238e-05,0.9904805100639412,8.116263881685549e-08,-1.7542327501875666e-09
100,MF,5,0.464375,0.9453125,0.9973195130596841,3.6975233242358225e-12,0.012605483674857632,0.0014367403081373743,4.864040351421308e-06,0.9944936687649539,1.9635884952009354e-08,-2.474531848018147e-10
100,MF,5,0.464375,0.9609375,0.9980013101454834,2.666818206016738e-12,0.012133659229731308,0.0007234869761133533,1.3509529518612332e-06,0.9968843230148727,4.6863616774040065e-09,-3.372241110711446e-11
100,MF,5,0.464375,0.9765625,0.998461613544841,1.610434052415734e-12,0.011825417587803328,0.00025818195310500883,2.2680529219276556e-07,0.9981950589631403,1.1174667790747352e-09,-4.717288228630687e-12
100,MF,5,0.464375,0.9921875,0.9986918991809635,5.385400551239262e-13,0.011672826910549884,2.8561030803386005e-05,-1.4198573647233141e-12,0.9987683964317495,3.170119834158675e-10,-9.2538494940043e-13
100,MF,6,0.556875,0.0078125,-0.997954206441052,-6.9828822459288686e-12,0.011351422933597814,2.7506027786730725e-05,-9.048679316822844e-13,2.4348118357422763e-10,0.9953061394288126,-2.271650971486094e-12
100,MF,6,0.556875,0.0234375,-0.9978022407554565,-2.088139719729626e-11,0.011522625946815464,0.0002487903198922551,2.3032159086306024e-06,7.711947722651636e-10,0.994026151487398,-9.10131432848343e-12
100,MF,6,0.556875,0.0390625,-0.9975283723556331,-3.457881279488734e-11,0.011876701464454053,0.0006980690096465265,1.1968303758636775e-05,2.9435443126023465e-09,0.9912806089332228,-5.023718424371124e-11
100,MF,6,0.556875,0.0546875,-0.9971969413909079,-4.7943216399930905e-11,0.012438881788368817,0.0013893500998271454,3.54851182378355e-05,1.1269836755960004e-08,0.9867061065246809,-2.900970747642569e-10
100,MF,6,0.556875,0.0703125,-0.9969132401250855,-6.084590052938751e-11,0.013251660374872153,0.002345213179973821,8.195982406257135e-05,4.256005532443692e-08,0.9797806746727798,-1.6449680815651962e-09
100,MF,6,0.556875,0.0859375,-0.9968291870703384,-7.316260585647077e-11,0.014380057567471117,0.0035989406360910463,0.000164579620604089,1.5767867235561344e-07,0.969860543327227,-8.941686120513958e-09
100,MF,6,0.556875,0.1015625,-0.9971430415656359,-8.477471291146524e-11,0.015917890689229573,0.005197701972172373,0.0003023196067667886,5.697197167948938e-07,0.9562393573717218,-4.5993799709604e-08
100,MF,6,0.556875,0.1171875,-0.9980872592298087,-9.557039887123434e-11,0.017993750220248926,0.007206933017839857,0.0005216806095291464,1.992850125230382e-06,0.9382300866306609,-2.216163004915537e-07
100,MF,6,0.556875,0.1328125,-0.9998986885250056,-1.0544568647061214e-10,0.020773872716244618,0.009715879947867297,0.0008580139229729387,6.688951488711194e-06,0.9152623066141119,-9.902776333289952e-07
100,MF,6,0.556875,0.1484375,-1.0027669259394025,-1.1430547480761888e-10,0.024456509488045154,0.012843921505820925,0.0013557185835651824,2.1322916844366256e-05,0.8869800510931103,-4.059484313764324e-06
100,MF,6,0.556875,0.1640625,-1.0067600523536395,-1.2206443115395788e-10,0.029249022557378664,0.016746641144391027,0.0020663240221144466,6.382661714846914e-05,0.8533224805507533,-1.5091008973961966e-05
100,MF,6,0.556875,0.1796875,-1.0117320717784997,-1.2864784704105098e-10,0.03531651833837002,0.021619590937596952,0.0030432359686197925,0.00017727117085582255,0.8145744251845459,-5.0269622517296395e-05
100,MF,6,0.556875,0.1953125,-1.0172226717825301,-1.3399231962689384e-10,0.04269299640052379,0.02769627506008874,0.0043317839201012075,0.0004514933891169078,0.7713840108366665,-0.00014830649041394926
100,MF,6,0.556875,0.2109375,-1.0223666001389289,-1.3804636015031513e-10,0.051157515714876846,0.0352353912230845,0.005953298950228684,0.001043443247184739,0.7247495995232196,-0.0003835097031714104
100,MF,6,0.556875,0.2265625,-1.025835876244103,-1.4077094611514296e-10,0.06010169087508637,0.04449162887162007,0.007882583673173278,0.0021708699732514575,0.6759680399116926,-0.000862739113689685
100,MF,6,0.556875,0.2421875,-1.025841580635743,-1.4213982811941972e-10,0.06844697202518382,0.055665702915935505,0.010019843478468389,0.004050269471406491,0.6265211120964834,-0.0016837981098570486
100,MF,6,0.556875,0.2578125,-1.0202205538638958,-1.4213982118052582e-10,0.07469495671880816,0.06883427770474425,0.012161450515880875,0.006788208117555832,0.5778906003411134,-0.0028625442213918956
100,MF,6,0.556875,0.2734375,-1.0066226774514968,-1.407709400436108e-10,0.07718473468734441,0.08386949823303194,0.013978636378858995,0.010300206428036834,0.5313421462345235,-0.004288402618289382
100,MF,6,0.556875,0.2890625,-0.9827940239476243,-1.3804635668086818e-10,0.07456360191354203,0.1003690221537607,0.015017559481056486,0.014340043980775617,0.4877493104465669,-0.0057651814250253225
100,MF,6,0.556875,0.3046875,-0.9469217093578435,-1.339923068333082e-10,0.06635631501863498,0.11762553389985245,0.014734488368294782,0.018632308069359033,0.44750506484163416,-0.007110342169738718
100,MF,6,0.556875,0.3203125,-0.8979765729328201,-1.2864784324634337e-10,0.05340046574326824,0.13466284971616033,0.012572210248385614,0.023002649061935422,0.41053635660140336,-0.008225082857008187
100,MF,6,0.556875,0.3359375,-0.835974474623516,-1.2206443494866548e-10,0.03789437326576016,0.1503498137869667,0.008067951951552882,0.027400347460231247,0.37643214214267834,-0.009086311233725898
100,MF,6,0.556875,0.3515625,-0.7620883053645553,-1.1430545399093717e-10,0.02293713034084708,0.1635768335518808,0.0009656482025944933,0.031795939192306784,0.3446672287326107,-0.00968833470231893
100,MF,6,0.556875,0.3671875,-0.6785797357514126,-1.0544566543709e-10,0.011678407932632511,0.1734547148236727,-0.008702348336873963,0.036034215866138336,0.31483023618336275,-0.009993183615901676
100,MF,6,0.556875,0.3828125,-0.5885646249129044,-9.557039144444945e-11,0.006395334400238112,0.1794844238021308,-0.02058946426105878,0.039784826452911995,0.2867272434831002,-0.009932890295123774
100,MF,6,0.556875,0.3984375,-0.49565551974625544,-8.477472716872381e-11,0.00785170611055996,0.18165482753307466,-0.034067758828384434,0.042731447331026434,0.2603086350638665,-0.009478107350932723
100,MF,6,0.556875,0.4140625,-0.4035281249868942,-7.316259187026275e-11,0.015164527722730956,0.1804477079667151,-0.04830069314022807,0.045006000385731756,0.2354826425238307,-0.00874053895641282
100,MF,6,0.556875,0.4296875,-0.31544756741081653,-6.084585743235116e-11,0.02619438623422156,0.1767541252308838,-0.06232948109191726,0.047602119539838554,0.2119166888521316,-0.008013174412248643
100,MF,6,0.556875,0.4453125,-0.23378980076398448,-4.794324963072749e-11,0.03828262952969854,0.17172459483728977,-0.07515523089975182,0.05233594191669408,0.18893227215534636,-0.007649458041717874
100,MF,6,0.556875,0.4609375,-0.15962079323656556,-3.4578846296734467e-11,0.0490323571842895,0.16658456789552312,-0.08581542801367188,0.061178290734451315,0.16566832815230698,-0.007816162325294003
100,MF,6,0.556875,0.4765625,-0.09244029024959954,-2.0881441107484244e-11,0.0568156368167278,0.16244761771181793,-0.0934643087291179,0.07531958152411004,0.14163616144434835,-0.008329436029580386
100,MF,6,0.556875,0.4921875,-0.030216159852723926,-6.982928991983162e-12,0.06083375891390329,0.1601539663833362,-0.09746234748356597,0.09456044512887199,0.11737406451186193,-0.008761629863844331
100,MF,6,0.556875,0.5078125,0.03021615985272383,6.982908012671124e-12,0.06083375891390329,0.16015396638333618,-0.09746234748356597,0.11737406451186183,0.09456044512887207,-0.008761629863844333
100,MF,6,0.556875,0.5234375,0.09244029024959942,2.0881453873964825e-11,0.05681563681672777,0.16244761771181793,-0.09346430872911787,0.14163616144434824,0.07531958152411011,-0.008329436029580386
100,MF,6,0.556875,0.5390625,0.15962079323656542,3.457885642047225e-11,0.04903235718428947,0.16658456789552312,-0.08581542801367185,0.16566832815230687,0.06117829073445136,-0.007816162325294002
100,MF,6,0.556875,0.5546875,0.23378980076398437,4.794323743345305e-11,0.038282629529698506,0.17172459483728975,-0.07515523089975179,0.18893227215534625,0.05233594191669411,-0.007649458041717873
100,MF,6,0.556875,0.5703125,0.31544756741081637,6.084588052585743e-11,0.02619438623422153,0.17675412523088374,-0.062329481091917216,0.2119166888521315,0.04760211953983857,-0.008013174412248636
100,MF,6,0.556875,0.5859375,0.40352812498689417,7.316259683048769e-11,0.015164527722730935,0.18044770796671503,-0.048300693140228036,0.2354826425238306,0.045006000385731756,-0.008740538956412813
100,MF,6,0.556875,0.6015625,0.4956555197462553,8.47747241194052e-11,0.007851706110559955,0.1816548275330746,-0.0340677588283844,0.26030863506386637,0.04273144733102642,-0.009478107350932713
100,MF,6,0.556875,0.6171875,0.5885646249129042,9.557038439713533e-11,0.006395334400238137,0.17948442380213075,-0.020589464261058777,0.2867272434831001,0.03978482645291197,-0.00993289029512376
100,MF,6,0.556875,0.6328125,0.6785797357514125,1.0544566072081055e-10,0.011678407932632532,0.1734547148236726,-0.008702348336873982,0.3148302361833627,0.036034215866138294,-0.009993183615901659
100,MF,6,0.556875,0.6484375,0.7620883053645551,1.143054580024852e-10,0.02293713034084709,0.16357683355188068,0.0009656482025944713,0.34466722873261063,0.03179593919230675,-0.009688334702318915
100,MF,6,0.556875,0.6640625,0.8359744746235159,1.2206444944986954e-10,0.037894373265760166,0.15034981378696666,0.008067951951552875,0.3764321421426783,0.027400347460231213,-0.009086311233725882
100,MF,6,0.556875,0.6796875,0.89797657293282,1.2864783823190833e-10,0.05340046574326821,0.13466284971616027,0.012572210248385625,0.41053635660140325,0.023002649061935384,-0.00822508285700817
100,MF,6,0.556875,0.6953125,0.9469217093578435,1.3399230401438256e-10,0.06635631501863501,0.11762553389985239,0.014734488368294794,0.44750506484163405,0.018632308069358998,-0.007110342169738702
100,MF,6,0.556875,0.7109375,0.982794023947624,1.3804635857822198e-10,0.07456360191354208,0.10036902215376063,0.0150175594810565,0.48774931044656683,0.014340043980775583,-0.005765181425025306
100,MF,6,0.556875,0.7265625,1.0066226774514964,1.4077093843086006e-10,0.07718473468734446,0.08386949823303189,0.013978636378859008,0.5313421462345235,0.01030020642803681,-0.004288402618289368
100,MF,6,0.556875,0.7421875,1.0202205538638953,1.4213981819896984e-10,0.07469495671880816,0.06883427770474419,0.012161450515880853,0.5778906003411133,0.006788208117555811,-0.0028625442213918847
100,MF,6,0.556875,0.7578125,1.0258415806357426,1.4213982380971608e-10,0.0684469720251838,0.05566570291593545,0.01001984347846838,0.6265211120964834,0.004050269471406477,-0.0016837981098570417
100,MF,6,0.556875,0.7734375,1.0258358762441027,1.4077094302516677e-10,0.0601016908750863,0.04449162887162004,0.007882583673173245,0.6759680399116926,0.002170869973251449,-0.0008627391136896811
100,MF,6,0.556875,0.7890625,1.0223666001389284,1.3804635586771655e-10,0.051157515714876756,0.03523539122308446,0.00595329895022865,0.7247495995232196,0.0010434432471847343,-0.00038350970317140845
100,MF,6,0.556875,0.8046875,1.0172226717825297,1.3399231233563423e-10,0.042692996400523736,0.027696275060088718,0.004331783920101167,0.7713840108366665,0.0004514933891169058,-0.00014830649041394845
100,MF,6,0.556875,0.8203125,1.0117320717784992,1.2864784128122694e-10,0.03531651833836995,0.02161959093759693,0.0030432359686197626,0.8145744251845459,0.00017727117085582174,-5.0269622517296097e-05
100,MF,6,0.556875,0.8359375,1.006760052353639,1.220644274270129e-10,0.029249022557378636,0.016746641144391013,0.0020663240221144323,0.8533224805507533,6.382661714846881e-05,-1.509100897396187e-05
100,MF,6,0.556875,0.8515625,1.002766925939402,1.1430547485505272e-10,0.024456509488045113,0.012843921505820916,0.0013557185835651776,0.8869800510931103,2.1322916844366145e-05,-4.059484313764297e-06
100,MF,6,0.556875,0.8671875,0.9998986885250052,1.0544568572522315e-10,0.020773872716244583,0.009715879947867294,0.0008580139229729369,0.915262306614112,6.688951488711157e-06,-9.902776333289886e-07
100,MF,6,0.556875,0.8828125,0.9980872592298082,9.557039389745687e-11,0.017993750220248912,0.007206933017839856,0.000521680609529154,0.9382300866306609,1.992850125230372e-06,-2.216163004915523e-07
100,MF,6,0.556875,0.8984375,0.9971430415656357,8.477471203732724e-11,0.01591789068922958,0.005197701972172371,0.0003023196067667883,0.9562393573717218,5.697197167948907e-07,-4.5993799709603725e-08
100,MF,6,0.556875,0.9140625,0.9968291870703381,7.316260394895258e-11,0.014380057567471138,0.0035989406360910437,0.000164579620604089,0.969860543327227,1.5767867235561264e-07,-8.941686120513905e-09
100,MF,6,0.556875,0.9296875,0.9969132401250852,6.084590049889433e-11,0.013251660374872163,0.0023452131799738193,8.195982406256776e-05,0.9797806746727797,4.25600553244367e-08,-1.6449680815651838e-09
100,MF,6,0.556875,0.9453125,0.9971969413909076,4.794321653715024e-11,0.012438881788368807,0.0013893500998271432,3.548511823783456e-05,0.9867061065246809,1.126983675595995e-08,-2.900970747642545e-10
100,MF,6,0.556875,0.9609375,0.9975283723556327,3.4578812738559646e-11,0.011876701464454043,0.0006980690096465254,1.1968303758635647e-05,0.9912806089332227,2.9435443126023325e-09,-5.02371842437107e-11
100,MF,6,0.556875,0.9765625,0.9978022407554561,2.0881397256588565e-11,0.011522625946815438,0.00024879031989225476,2.303215908630283e-06,0.994026151487398,7.711947722651601e-10,-9.101314328483317e-12
100,MF,6,0.556875,0.9921875,0.9979542064410516,6.982882235446836e-12,0.01135142293359781,2.7506027786730684e-05,-9.048679225369756e-13,0.9953061394288126,2.434811835742266e-10,-2.271650971486072e-12
100,MF,7,0.65,0.0078125,-0.997731635226353,1.1902812093025688e-12,0.010789154988495376,2.6052320788128835e-05,8.31341834065861e-13,5.1760017521199454e-11,0.9895392191327447,-9.38908529775138e-13
100,MF,7,0.65,0.0234375,-0.9977565579668248,3.559381163019317e-12,0.011011061729981887,0.000236073308255145,3.0746069333705217e-06,1.4690527289687593e-10,0.9877197052546263,-3.0850993728398444e-12
100,MF,7,0.65,0.0390625,-0.9978461034684598,5.894203074024388e-12,0.011472286110056858,0.0006648322167808005,1.56184195544719e-05,5.095388829911974e-10,0.9839436039859385,-1.369123446225279e-11
100,MF,7,0.65,0.0546875,-0.9980783084473663,8.172257304466662e-12,0.012208945820012602,0.001330590665555251,4.478768408945317e-05,1.7860608155802163e-09,0.9779483885920875,-6.426284909619368e-11
100,MF,7,0.65,0.0703125,-0.9985655167241967,1.0371610146241161e-11,0.013278214656326079,0.0022628436520923303,9.908607790809281e-05,6.197302243669935e-09,0.9693688494959511,-3.011384109945912e-10
100,MF,7,0.65,0.0859375,-0.9994452811411418,1.2471077190140574e-11,0.014761093959180438,0.003504910262712926,0.00018904011545275328,2.1168402636194135e-08,0.957769687473308,-1.3738328863290364e-09
100,MF,7,0.65,0.1015625,-1.0008631123206686,1.445044485546415e-11,0.016764276367094134,0.005117419877298253,0.0003279328666071325,7.083188820927474e-08,0.9426853098121328,-6.015707902335064e-09
100,MF,7,0.65,0.1171875,-1.0029439473423643,1.6290645996888328e-11,0.01941861692803643,0.00718254406623468,0.0005324694396793412,2.30932923818637e-07,0.92366298062374,-2.5039958879670627e-08
100,MF,7,0.65,0.1328125,-1.0057500319813895,1.7973954410336473e-11,0.022870119851420664,0.009808532574580975,0.0008230884511532059,7.293031685885671e-07,0.9003052854227244,-9.83098377476628e-08
100,MF,7,0.65,0.1484375,-1.0092247966586139,1.9484167859858126e-11,0.027257711022486694,0.013133613887094745,0.0012233955433545757,2.217233338459423e-06,0.8723096692935344,-3.6154203750832403e-07
100,MF,7,0.65,0.1640625,-1.0131254132737484,2.0806743914608683e-11,0.03267156097162023,0.017327587002775063,0.001757890584437038,6.449013094808028e-06,0.8395066117357839,-1.23752205482879e-06
100,MF,7,0.65,0.1796875,-1.016951087674757,2.1928931652308303e-11,0.03908841570519034,0.022588530031485178,0.002446872971674385,1.7839019198879567e-05,0.8019019172596401,-3.9203266494601955e-06
100,MF,7,0.65,0.1953125,-1.0198795337324662,2.2839933882991964e-11,0.04628877126331965,0.02913125778556027,0.003297351957940836,4.668003011930716e-05,0.7597286764818167,-1.144061115820485e-05
100,MF,7,0.65,0.2109375,-1.0207296620101614,2.353097610426763e-11,0.053776007842745166,0.03716405208892771,0.004289334948321543,0.00011504776984537085,0.7135064526716087,-3.065549087451358e-05
100,MF,7,0.65,0.2265625,-1.0179724751549135,2.399540223636809e-11,0.06073665716280738,0.04685161319838407,0.005358465307039166,0.00026623818370098684,0.664088745576349,-7.530109414792279e-05
100,MF,7,0.65,0.2421875,-1.0098115033428514,2.422873403643e-11,0.06609329634511335,0.05826592383386081,0.00637884023707957,0.0005776010784145659,0.612662648800449,-0.00016960636657622664
100,MF,7,0.65,0.2578125,-0.9943453532472643,2.4228741625845207e-11,0.06869016577617143,0.07133277065160853,0.0071533771217546435,0.0011748757597592897,0.5606629850923103,-0.0003510420814292928
100,MF,7,0.65,0.2734375,-0.969806137721907,2.3995403320570263e-11,0.0676030013768261,0.08578835172517849,0.007421470772261026,0.002244355013860098,0.5095917163067424,-0.0006701824003660973
100,MF,7,0.65,0.2890625,-0.9348412548063607,2.353097296008133e-11,0.062487019702686664,0.10116413172799754,0.006892077385225465,0.004038112027387554,0.46078758701475353,-0.0011860007910420084
100,MF,7,0.65,0.3046875,-0.8887810710062727,2.2839915831025792e-11,0.05381257261982368,0.1168148169266241,0.005302658841668514,0.0068661523209843,0.4152368693967746,-0.001956029517185692
100,MF,7,0.65,0.3203125,-0.8318244614467003,2.1928926339717658e-11,0.042845176862396264,0.13199250763064885,0.002491862002463356,0.011065810528588063,0.373508404590675,-0.003021765528480434
100,MF,7,0.65,0.3359375,-0.7650875280795484,2.0806739577799993e-11,0.03133034522575838,0.14595347934863254,-0.001537606451395146,0.016936126347263256,0.33582345630412397,-0.004390359096721572
100,MF,7,0.65,0.3515625,-0.6904962759467251,1.9484185315513103e-11,0.02099462170936694,0.15807077451268906,-0.0065915827678123175,0.024635864599822886,0.30218540754411904,-0.00601610481777436
100,MF,7,0.65,0.3671875,-0.6105465780591569,1.7973957391892448e-11,0.01307301399982994,0.16792329043201,-0.012307151480817282,0.03407794728719737,0.2724743907112814,-0.007791533770021597
100,MF,7,0.65,0.3828125,-0.5279851713199463,1.6290646349254034e-11,0.008051818576701225,0.1753415214515173,-0.01822077207903596,0.044889937764941754,0.2464750936480823,-0.009562217058809261
100,MF,7,0.65,0.3984375,-0.4454732645618197,1.4450470767896073e-11,0.00569612725313198,0.1804056839264317,-0.02386033059955288,0.05650012447805243,0.22387825910363085,-0.011169463326547134
100,MF,7,0.65,0.4140625,-0.36528353949987824,1.247110422743225e-11,0.005297220390926493,0.1834053520016612,-0.0288333515324034,0.06833176603138241,0.2043007590195139,-0.012502724386285061
100,MF,7,0.65,0.4296875,-0.28906398341635353,1.0371628035577007e-11,0.005999992055734071,0.18477589809545855,-0.03288806113687359,0.08000044323829364,0.18732039169777154,-0.013531009087969937
100,MF,7,0.65,0.4453125,-0.21768780128861773,8.172264622831327e-12,0.007074285009420566,0.18502611783146328,-0.0359341328156899,0.09139328415673603,0.1724915093837603,-0.014293320692899635
100,MF,7,0.65,0.4609375,-0.15119972656342656,5.894191384969716e-12,0.008052073009444853,0.18466694847680618,-0.038021176684037664,0.10258904030553456,0.15933104866745934,-0.014852587944387066
100,MF,7,0.65,0.4765625,-0.08886218886381121,3.5593661264904375e-12,0.008725311750895921,0.18414699307569443,-0.039283448059130574,0.1137014975883749,0.14731395120590843,-0.015242984554381415
100,MF,7,0.65,0.4921875,-0.029296483404443525,1.1902561184926053e-12,0.009053924313777193,0.18379864791716533,-0.03986792090755301,0.12479265774548305,0.13593022651189401,-0.015451969254202905
100,MF,7,0.65,0.5078125,0.029296483404443383,-1.190261647923685e-12,0.009053924313777191,0.18379864791716533,-0.03986792090755301,0.1359302265118939,0.12479265774548318,-0.015451969254202905
100,MF,7,0.65,0.5234375,0.08886218886381106,-3.559367481743153e-12,0.00872531175089592,0.18414699307569443,-0.039283448059130574,0.1473139512059083,0.11370149758837503,-0.015242984554381417
100,MF,7,0.65,0.5390625,0.1511997265634264,-5.894204679998856e-12,0.008052073009444844,0.18466694847680618,-0.03802117668403765,0.15933104866745923,0.10258904030553465,-0.014852587944387066
100,MF,7,0.65,0.5546875,0.2176878012886176,-8.17227275434762e-12,0.00707428500942056,0.18502611783146328,-0.03593413281568988,0.17249150938376012,0.0913932841567361,-0.014293320692899633
100,MF,7,0.65,0.5703125,0.2890639834163534,-1.037163779339656e-11,0.005999992055734068,0.18477589809545855,-0.03288806113687358,0.18732039169777143,0.08000044323829367,-0.013531009087969934
100,MF,7,0.65,0.5859375,0.36528353949987813,-1.2471090620694986e-11,0.005297220390926501,0.18340535200166116,-0.028833351532403396,0.20430075901951372,0.06833176603138241,-0.01250272438628505
100,MF,7,0.65,0.6015625,0.4454732645618195,-1.4450452011198489e-11,0.005696127253131995,0.18040568392643164,-0.02386033059955287,0.22387825910363074,0.05650012447805241,-0.01116946332654712
100,MF,7,0.65,0.6171875,0.5279851713199462,-1.629065442656022e-11,0.00805181857670125,0.1753415214515172,-0.01822077207903598,0.24647509364808218,0.044889937764941726,-0.009562217058809244
100,MF,7,0.65,0.6328125,0.6105465780591567,-1.7973964168156026e-11,0.013073013999829967,0.16792329043200993,-0.012307151480817279,0.2724743907112813,0.03407794728719732,-0.007791533770021579
100,MF,7,0.65,0.6484375,0.690496275946725,-1.9484167371967148e-11,0.020994621709366966,0.15807077451268897,-0.006591582767812283,0.30218540754411893,0.024635864599822838,-0.006016104817774343
100,MF,7,0.65,0.6640625,0.7650875280795482,-2.0806744538024932e-11,0.03133034522575841,0.1459534793486325,-0.0015376064513951079,0.3358234563041239,0.016936126347263217,-0.004390359096721556
100,MF,7,0.65,0.6796875,0.8318244614466999,-2.1928916066902074e-11,0.042845176862396306,0.13199250763064874,0.0024918620024634323,0.37350840459067497,0.011065810528588028,-0.0030217655284804227
100,MF,7,0.65,0.6953125,0.8887810710062723,-2.283991203631819e-11,0.05381257261982374,0.11681481692662402,0.005302658841668553,0.41523686939677457,0.006866152320984276,-0.001956029517185684
100,MF,7,0.65,0.7109375,0.9348412548063603,-2.3530969599054596e-11,0.06248701970268671,0.10116413172799744,0.006892077385225482,0.46078758701475353,0.0040381120273875375,-0.0011860007910420027
100,MF,7,0.65,0.7265625,0.9698061377219066,-2.3995395080633752e-11,0.06760300137682612,0.08578835172517842,0.007421470772261057,0.5095917163067425,0.0022443550138600875,-0.0006701824003660939
100,MF,7,0.65,0.7421875,0.9943453532472637,-2.4228744011089987e-11,0.0686901657761714,0.07133277065160845,0.007153377121754641,0.5606629850923104,0.0011748757597592843,-0.0003510420814292908
100,MF,7,0.65,0.7578125,1.009811503342851,-2.4228731109084134e-11,0.06609329634511318,0.05826592383386076,0.006378840237079523,0.6126626488004491,0.0005776010784145629,-0.0001696063665762257
100,MF,7,0.65,0.7734375,1.0179724751549128,-2.3995395731155056e-11,0.060736657162807225,0.04685161319838403,0.0053584653070391005,0.664088745576349,0.0002662381837009855,-7.530109414792233e-05
100,MF,7,0.65,0.7890625,1.020729662010161,-2.3530975006512932e-11,0.05377600784274508,0.03716405208892769,0.004289334948321527,0.7135064526716087,0.00011504776984537022,-3.0655490874513384e-05
100,MF,7,0.65,0.8046875,1.0198795337324658,-2.283993228379376e-11,0.046288771263319595,0.029131257785560253,0.003297351957940812,0.7597286764818169,4.66800301193069e-05,-1.1440611158204777e-05
100,MF,7,0.65,0.8203125,1.0169510876747565,-2.1928930059886362e-11,0.03908841570519028,0.022588530031485168,0.002446872971674372,0.8019019172596402,1.783901919887946e-05,-3.920326649460169e-06
100,MF,7,0.65,0.8359375,1.013125413273748,-2.0806744907331297e-11,0.03267156097162021,0.017327587002775056,0.0017578905844370255,0.8395066117357839,6.449013094807985e-06,-1.2375220548287804e-06
100,MF,7,0.65,0.8515625,1.0092247966586132,-1.94841709904919e-11,0.027257711022486655,0.013133613887094742,0.0012233955433545802,0.8723096692935344,2.217233338459409e-06,-3.6154203750832107e-07
100,MF,7,0.65,0.8671875,1.0057500319813888,-1.797395286873651e-11,0.022870119851420602,0.009808532574580975,0.0008230884511532013,0.9003052854227244,7.293031685885621e-07,-9.830983774766197e-08
100,MF,7,0.65,0.8828125,1.0029439473423638,-1.6290644268941116e-11,0.019418616928036377,0.0071825440662346834,0.0005324694396793335,0.92366298062374,2.309329238186354e-07,-2.5039958879670405e-08
100,MF,7,0.65,0.8984375,1.0008631123206682,-1.4450446376735324e-11,0.01676427636709411,0.005117419877298256,0.0003279328666071178,0.942685309812133,7.08318882092742e-08,-6.015707902335009e-09
100,MF,7,0.65,0.9140625,0.9994452811411414,-1.2471080127650835e-11,0.014761093959180412,0.0035049102627129304,0.00018904011545274092,0.9577696874733082,2.1168402636193983e-08,-1.373832886329024e-09
100,MF,7,0.65,0.9296875,0.9985655167241965,-1.0371610169958084e-11,0.013278214656326079,0.0022628436520923337,9.908607790808942e-05,0.9693688494959511,6.197302243669888e-09,-3.011384109945882e-10
100,MF,7,0.65,0.9453125,0.998078308447366,-8.1722581718284e-12,0.012208945820012633,0.0013305906655552533,4.4787684089450685e-05,0.9779483885920875,1.786060815580203e-09,-6.426284909619298e-11
100,MF,7,0.65,0.9609375,0.9978461034684595,-5.894201769593649e-12,0.011472286110056868,0.0006648322167808014,1.5618419554470828e-05,0.9839436039859386,5.095388829911936e-10,-1.3691234462252629e-11
100,MF,7,0.65,0.9765625,0.9977565579668246,-3.5593808157358088e-12,0.011011061729981918,0.00023607330825514515,3.074606933370278e-06,0.9877197052546263,1.4690527289687482e-10,-3.0850993728397947e-12
100,MF,7,0.65,0.9921875,0.9977316352263526,-1.1902811436575154e-12,0.010789154988495383,2.6052320788128835e-05,8.313418263366853e-13,0.9895392191327448,5.176001752119907e-11,-9.389085297751263e-13
