step,time,relative_divergence,max_divergence,scalar_mass_error,scalar_mass,scalar_minimum,scalar_maximum,invariant_13_mass,invariant_13_error,invariant_23_mass,invariant_23_error,c1_mass,c1_minimum,c1_maximum,c1_positive_cells,c1_negative_cells,c1_zero_cells,c1_positive_fraction,c1_negative_fraction,c1_zero_fraction,c1_material_negative_cells,c1_material_negative_fraction,c1_positive_integral,c1_negative_integral,c2_mass,c2_minimum,c2_maximum,c2_positive_cells,c2_negative_cells,c2_zero_cells,c2_positive_fraction,c2_negative_fraction,c2_zero_fraction,c2_material_negative_cells,c2_material_negative_fraction,c2_positive_integral,c2_negative_integral,c3_mass,c3_minimum,c3_maximum,c3_positive_cells,c3_negative_cells,c3_zero_cells,c3_positive_fraction,c3_negative_fraction,c3_zero_fraction,c3_material_negative_cells,c3_material_negative_fraction,c3_positive_integral,c3_negative_integral,reaction_rate_mean,reaction_rate_minimum,reaction_negative_rate_fraction,wall_normal_velocity,pressure_mean
0,0.0,1.4315223072678227e-16,1.1368683772161603e-13,0.0,0.3333333333333333,0.0,1.0,0.5,0.0,0.5,0.0,0.5,0.0,1.0,3520,0,576,0.859375,0.0,0.140625,0,0.0,0.5,0.0,0.5,0.0,1.0,3456,0,640,0.84375,0.0,0.15625,0,0.0,0.5,0.0,0.0,0.0,0.0,0,0,4096,0.0,0.0,1.0,0,0.0,0.0,0.0,0.09371808988697142,0.0,0.0,0.0,0.0
1,0.000625,1.534338836226062e-16,1.1368683772161603e-13,1.1102230246251565e-16,0.3333136498876113,0.0,1.0,0.5,0.0,0.49999999999999994,1.1102230246251565e-16,0.49994094966283387,0.0,1.0,3776,0,320,0.921875,0.0,0.078125,0,0.0,0.49994094966283387,0.0,0.49994094966283387,0.0,1.0,3712,0,384,0.90625,0.0,0.09375,0,0.0,0.49994094966283387,0.0,5.905033716616001e-05,0.0,0.0013702803185104747,3264,0,832,0.796875,0.0,0.203125,0,0.0,5.905033716616001e-05,0.0,0.0952339722762047,0.0,0.0,0.0,5.551115123125783e-17
2,0.00125,1.6325628705700973e-16,1.2789769243681803e-13,2.220446049250313e-16,0.33329365613743717,0.0,1.0,0.5,0.0,0.5000000000000001,2.220446049250313e-16,0.49988096841231144,0.0,1.0,4032,0,64,0.984375,0.0,0.015625,0,0.0,0.49988096841231144,0.0,0.4998809684123114,0.0,1.0,3968,0,128,0.96875,0.0,0.03125,0,0.0,0.4998809684123114,0.0,0.00011903158768861985,0.0,0.0028121644126010772,3776,0,320,0.921875,0.0,0.078125,0,0.0,0.00011903158768861985,0.0,0.09669761527827317,0.0,0.0,0.0,2.7755575615628914e-17
3,0.001875,1.701161363602179e-16,1.4210854715202004e-13,0.0,0.33327336259965556,1.5391355219590194e-36,1.0,0.5,0.0,0.5,0.0,0.49982008779896664,7.381762782173188e-33,1.0,4096,0,0,1.0,0.0,0.0,0,0.0,0.49982008779896664,0.0,0.49982008779896664,1.5271539643958647e-34,1.0,4096,0,0,1.0,0.0,0.0,0,0.0,0.49982008779896664,0.0,0.0001799122010334199,1.5391355219590194e-36,0.004283620190570755,4096,0,0,1.0,0.0,0.0,0,0.0,0.0001799122010334199,0.0,0.09811248758197186,1.5271539643958646e-33,0.0,0.0,0.0
4,0.0025,1.7799190007626302e-16,1.4210854715202004e-13,0.0,0.33325277909766887,9.561679427257566e-35,1.0,0.5,0.0,0.5,0.0,0.4997583372930065,1.3165393439183138e-31,1.0,4096,0,0,1.0,0.0,0.0,0,0.0,0.4997583372930065,0.0,0.4997583372930065,4.689159443102054e-33,1.0,4096,0,0,1.0,0.0,0.0,0,0.0,0.4997583372930065,0.0,0.00024166270699351182,9.561679427257566e-35,0.005745897024732129,4096,0,0,1.0,0.0,0.0,0,0.0,0.00024166270699351182,0.0,0.09948178244833278,4.689159443102054e-32,0.0,0.0,1.3877787807814457e-17
5,0.003125,1.8623032991069282e-16,1.4210854715202004e-13,0.0,0.33323191481587555,1.4410638655533632e-33,1.0,0.5,0.0,0.5,0.0,0.4996957444476267,1.0464811703849802e-30,1.0,4096,0,0,1.0,0.0,0.0,0,0.0,0.4996957444476267,0.0,0.4996957444476267,5.037965568570462e-32,1.0,4096,0,0,1.0,0.0,0.0,0,0.0,0.4996957444476267,0.0,0.0003042555523732823,1.4410638655533632e-33,0.007164119709928696,4096,0,0,1.0,0.0,0.0,0,0.0,0.0003042555523732823,0.0,0.10080844537470607,5.037965568570462e-31,0.0,0.0,0.0
6,0.00375,1.928873437836783e-16,1.7053025658242404e-13,0.0,0.3332107783486935,1.1662475435326066e-32,1.0,0.5,0.0,0.5,0.0,0.4996323350460805,5.4099717471155294e-30,1.0,4096,0,0,1.0,0.0,0.0,0,0.0,0.4996323350460805,0.0,0.4996323350460805,3.2329601554857194e-31,1.0,4096,0,0,1.0,0.0,0.0,0,0.0,0.4996323350460805,0.0,0.0003676649539195244,1.1662475435326066e-32,0.008513804423824519,4096,0,0,1.0,0.0,0.0,0,0.0,0.0003676649539195244,0.0,0.10209519849438525,3.232960155485719e-30,0.0,0.0,5.551115123125783e-17
7,0.004375,2.0196722101404942e-16,1.4210854715202004e-13,0.0,0.33318937774480245,6.502676026482059e-32,1.0,0.5,0.0,0.5,0.0,0.49956813323440735,2.1217211502317256e-29,1.0,4096,0,0,1.0,0.0,0.0,0,0.0,0.49956813323440735,0.0,0.49956813323440735,1.5052300158633376e-30,1.0,4096,0,0,1.0,0.0,0.0,0,0.0,0.49956813323440735,0.0,0.0004318667655926786,6.502676026482059e-32,0.009823845950920961,4096,0,0,1.0,0.0,0.0,0,0.0,0.0004318667655926786,0.0,0.10334456213045877,1.5052300158633376e-29,0.0,0.0,2.7755575615628914e-17
8,0.005,2.0930018721107485e-16,1.4210854715202004e-13,0.0,0.33316772054716154,2.8123358434912606e-31,1.0,0.5,0.0,0.5,0.0,0.4995031616414847,6.846453150536551e-29,1.0,4096,0,0,1.0,0.0,0.0,0,0.0,0.4995031616414847,0.0,0.4995031616414846,5.6073608554086884e-30,1.0,4096,0,0,1.0,0.0,0.0,0,0.0,0.4995031616414846,0.0,0.0004968383585153364,2.8123358434912606e-31,0.011113246311660363,4096,0,0,1.0,0.0,0.0,0,0.0,0.0004968383585153364,0.0,0.10455887386507694,5.607360855408688e-29,0.0,0.0,2.7755575615628914e-17
9,0.005625,2.1664287956171732e-16,1.7053025658242404e-13,1.1102230246251565e-16,0.33314581382928493,1.0094463441278333e-30,1.0,0.49999999999999994,1.1102230246251565e-16,0.5,0.0,0.4994374414878548,1.9089875620112158e-28,1.0,4096,0,0,1.0,0.0,0.0,0,0.0,0.4994374414878548,0.0,0.4994374414878548,1.7703228036415666e-29,1.0,4096,0,0,1.0,0.0,0.0,0,0.0,0.4994374414878548,0.0,0.0005625585121452305,1.0094463441278333e-30,0.012376180831702317,4096,0,0,1.0,0.0,0.0,0,0.0,0.0005625585121452305,0.0,0.10574030543703047,1.7703228036415667e-28,0.0,0.0,4.163336342344337e-17
10,0.00625,2.2577866071806053e-16,1.7053025658242404e-13,0.0,0.3331236642281992,3.1388456226693442e-30,1.0,0.5,0.0,0.5,0.0,0.4993709926845976,4.7498474913898535e-28,1.0,4096,0,0,1.0,0.0,0.0,0,0.0,0.4993709926845976,0.0,0.4993709926845976,4.9162536984786053e-29,1.0,4096,0,0,1.0,0.0,0.0,0,0.0,0.4993709926845976,0.0,0.0006290073154023416,3.1388456226693442e-30,0.013614824122269125,4096,0,0,1.0,0.0,0.0,0,0.0,0.0006290073154023416,0.0,0.10689087773954042,4.9162536984786055e-28,0.0,0.0,2.7755575615628914e-17
11,0.006875,2.324082737741988e-16,1.7053025658242404e-13,2.220446049250313e-16,0.3331012779744539,8.705789609850361e-30,1.0,0.5000000000000001,2.220446049250313e-16,0.5,0.0,0.4993038339233616,1.0785375843779862e-27,1.0,4096,0,0,1.0,0.0,0.0,0,0.0,0.4993038339233616,0.0,0.4993038339233616,1.2320687483185043e-28,1.0,4096,0,0,1.0,0.0,0.0,0,0.0,0.4993038339233616,0.0,0.0006961660766384351,8.705789609850361e-30,0.014833486721078135,4096,0,0,1.0,0.0,0.0,0,0.0,0.0006961660766384351,0.0,0.10801247415500073,1.2320687483185043e-27,0.0,0.0,1.3877787807814457e-17
12,0.0075,2.409813691973828e-16,1.7763568394002505e-13,0.0,0.33307866091950816,2.1992551451276793e-29,1.0,0.5,0.0,0.5,0.0,0.4992359827585245,2.271724815045145e-27,1.0,4096,0,0,1.0,0.0,0.0,0,0.0,0.4992359827585245,0.0,0.4992359827585245,2.8385220727416606e-28,1.0,4096,0,0,1.0,0.0,0.0,0,0.0,0.4992359827585245,0.0,0.000764017241475572,2.1992551451276793e-29,0.016032851275721773,4096,0,0,1.0,0.0,0.0,0,0.0,0.000764017241475572,0.0,0.10910685243299847,2.8385220727416608e-27,0.0,0.0,1.3877787807814457e-17
13,0.008125,2.4795969500578037e-16,1.8474111129762605e-13,0.0,0.3330558185607798,5.139512570416755e-29,1.0,0.5,0.0,0.5,0.0,0.4991674556823394,4.493347704372395e-27,1.0,4096,0,0,1.0,0.0,0.0,0,0.0,0.4991674556823394,0.0,0.4991674556823394,6.09564919389226e-28,1.0,4096,0,0,1.0,0.0,0.0,0,0.0,0.4991674556823394,0.0,0.0008325443176606291,5.139512570416755e-29,0.017216269510995655,4096,0,0,1.0,0.0,0.0,0,0.0,0.0008325443176606291,0.0,0.11017565529145046,6.0956491938922596e-27,0.0,0.0,1.3877787807814457e-17
14,0.00875,2.565030817402214e-16,1.9184653865522705e-13,0.0,0.3330327560646041,1.124389272017158e-28,1.0,0.5,0.0,0.5,0.0,0.49909826819381214,8.425459655037427e-27,1.0,4096,0,0,1.0,0.0,0.0,0,0.0,0.49909826819381214,0.0,0.49909826819381214,1.2332321371801901e-27,1.0,4096,0,0,1.0,0.0,0.0,0,0.0,0.49909826819381214,0.0,0.0009017318061878663,1.124389272017158e-28,0.018381611979635507,4096,0,0,1.0,0.0,0.0,0,0.0,0.0009017318061878663,0.0,0.11122041989754008,1.2332321371801901e-26,0.0,0.0,1.3877787807814457e-17
15,0.009375,2.659030827727412e-16,2.1316282072803006e-13,0.0,0.3330094782873223,2.324421614205358e-28,1.0,0.5,0.0,0.5,0.0,0.49902843486196696,1.5089479700778807e-26,1.0,4096,0,0,1.0,0.0,0.0,0,0.0,0.49902843486196696,0.0,0.49902843486196696,2.3703275426879733e-27,1.0,4096,0,0,1.0,0.0,0.0,0,0.0,0.49902843486196696,0.0,0.0009715651380330315,2.324421614205358e-28,0.01950980134099804,4096,0,0,1.0,0.0,0.0,0,0.0,0.0009715651380330315,0.0,0.11224258636486698,2.3703275426879733e-26,0.0,0.0,1.3877787807814457e-17
16,0.01,2.7017983403052314e-16,1.9895196601282805e-13,0.0,0.3329859897946926,4.574677272995573e-28,1.0,0.5,0.0,0.5,0.0,0.49895796938407794,2.5967014812283364e-26,1.0,4096,0,0,1.0,0.0,0.0,0,0.0,0.49895796938407794,0.0,0.4989579693840779,4.3574359372278826e-27,1.0,4096,0,0,1.0,0.0,0.0,0,0.0,0.4989579693840779,0.0,0.0010420306159220835,4.574677272995573e-28,0.02059971884340564,4096,0,0,1.0,0.0,0.0,0,0.0,0.0010420306159220835,0.0,0.11324350538548242,4.3574359372278826e-26,0.0,0.0,2.7755575615628914e-17
17,0.010625,2.7444330891318374e-16,1.8829382497642655e-13,0.0,0.33296229487979107,8.623659611602375e-28,1.0,0.5,0.0,0.5,0.0,0.4988868846393732,4.314862398883676e-26,1.0,4096,0,0,1.0,0.0,0.0,0,0.0,0.4988868846393732,0.0,0.4988868846393732,7.70357924835424e-27,1.0,4096,0,0,1.0,0.0,0.0,0,0.0,0.4988868846393732,0.0,0.0011131153606268322,8.623659611602375e-28,0.02174294799974427,4096,0,0,1.0,0.0,0.0,0,0.0,0.0011131153606268322,0.0,0.11422444509999703,7.70357924835424e-26,0.0,0.0,4.163336342344337e-17
18,0.01125,2.7968192690557224e-16,1.8829382497642655e-13,1.1102230246251565e-16,0.33293839757955335,1.564892380865169e-27,1.0,0.5,0.0,0.49999999999999994,1.1102230246251565e-16,0.49881519273866004,6.951374729666721e-26,1.0,4096,0,0,1.0,0.0,0.0,0,0.0,0.49881519273866004,0.0,0.49881519273866004,1.3157060186183675e-26,1.0,4096,0,0,1.0,0.0,0.0,0,0.0,0.49881519273866004,0.0,0.0011848072613399806,1.564892380865169e-27,0.022864183989031468,4096,0,0,1.0,0.0,0.0,0,0.0,0.0011848072613399806,0.0,0.11518659729546579,1.3157060186183675e-25,0.0,0.0,5.551115123125783e-17
19,0.011875,2.8708597591290966e-16,2.1316282072803006e-13,1.1102230246251565e-16,0.3329143016900885,-3.840252648502968e-05,1.0,0.49999999999999994,1.1102230246251565e-16,0.5,0.0,0.4987429050702656,1.0894499199954823e-25,1.0,4096,0,0,1.0,0.0,0.0,0,0.0,0.4987429050702656,0.0,0.4987429050702656,2.179080485900407e-26,1.0,4096,0,0,1.0,0.0,0.0,0,0.0,0.4987429050702656,0.0,0.0012570949297343696,-3.840252648502968e-05,0.023962029042242986,4092,4,0,0.9990234375,0.0009765625,0.0,4,0.0009765625,0.001257124891910134,-2.996217576436811e-08,0.1161310830090629,2.1790804859004067e-25,0.0,0.0,0.0
20,0.0125,2.934375418258071e-16,2.0961010704922955e-13,0.0,0.33289001078088104,-6.575866370545059e-05,1.0,0.5,0.0,0.5,0.0,0.49867003234264323,1.6657992343847118e-25,1.0,4096,0,0,1.0,0.0,0.0,0,0.0,0.49867003234264323,0.0,0.49867003234264323,3.510944072329633e-26,1.0,4096,0,0,1.0,0.0,0.0,0,0.0,0.49867003234264323,0.0,0.0013299676573567552,-6.575866370545059e-05,0.025048526191561768,4092,4,0,0.9990234375,0.0009765625,0.0,4,0.0009765625,0.0013300259669585504,-5.8309601795307126e-08,0.11705895760544757,3.5109440723296326e-25,0.0,0.0,0.0
21,0.013125,2.9992603672439935e-16,2.2737367544323206e-13,2.220446049250313e-16,0.33286552820798465,-8.12336470574575e-05,1.0,0.5000000000000001,2.220446049250313e-16,0.5000000000000001,2.220446049250313e-16,0.49859658462395395,2.4910345779243454e-25,1.0,4096,0,0,1.0,0.0,0.0,0,0.0,0.49859658462395395,0.0,0.49859658462395395,5.518159043897948e-26,1.0,4096,0,0,1.0,0.0,0.0,0,0.0,0.49859658462395395,0.0,0.0014034153760460887,-8.12336470574575e-05,0.026114984977442364,4090,6,0,0.99853515625,0.00146484375,0.0,6,0.00146484375,0.001403497292069322,-8.191602323312735e-08,0.11797121538700409,5.518159043897948e-25,0.0,0.0,0.0
22,0.01375,3.070029530973397e-16,2.4513724383723456e-13,0.0,0.33284085712629974,-8.573417975533615e-05,1.0,0.5,0.0,0.5,0.0,0.49852257137889916,3.650839042992739e-25,1.0,4096,0,0,1.0,0.0,0.0,0,0.0,0.49852257137889916,0.0,0.49852257137889916,8.480109544471914e-26,1.0,4096,0,0,1.0,0.0,0.0,0,0.0,0.49852257137889916,0.0,0.0014774286211008559,-8.573417975533615e-05,0.027159391271232798,4090,6,0,0.99853515625,0.00146484375,0.0,6,0.00146484375,0.0014775229619499576,-9.434084910159352e-08,0.11886879378863228,8.480109544471915e-25,0.0,0.0,5.551115123125783e-17
23,0.014375,3.13107789436985e-16,2.5579538487363607e-13,2.220446049250313e-16,0.3328160005010166,-0.0014765161128870803,1.0002962764306826,0.5000000000000001,2.220446049250313e-16,0.5000000000000001,2.220446049250313e-16,0.4984480015030498,-0.0014765161128870645,1.0002962764306824,4094,2,0,0.99951171875,0.00048828125,0.0,2,0.00048828125,0.4984485987055148,-5.972024650161118e-07,0.4984480015030498,-0.0014765161128870803,1.0002962764306826,4094,2,0,0.99951171875,0.00048828125,0.0,2,0.00048828125,0.4984485987055148,-5.972024650160923e-07,0.001551998496950264,-8.034589933268196e-05,0.02818179000366401,4088,8,0,0.998046875,0.001953125,0.0,8,0.001953125,0.0015520951829154513,-9.668596518693807e-08,0.11975257720230523,-0.014769535698108516,0.0009765625,0.0,0.0
24,0.015,3.181700830920936e-16,2.4868995751603507e-13,0.0,0.3327909611182965,-0.0028701773379575662,1.0023154062161987,0.5,0.0,0.5,0.0,0.4983728833548895,-0.002870177337957547,1.0023154062161985,4093,3,0,0.999267578125,0.000732421875,0.0,3,0.000732421875,0.49837419264972227,-1.3092948328146793e-06,0.4983728833548895,-0.0028701773379575662,1.0023154062161987,4093,3,0,0.999267578125,0.000732421875,0.0,3,0.000732421875,0.49837419264972227,-1.309294832814665e-06,0.001627116645110537,-6.714489535910484e-05,0.029182286101536094,4088,8,0,0.998046875,0.001953125,0.0,8,0.001953125,0.0016272010533122543,-8.440820171726613e-08,0.12062340047104736,-0.028768229644074654,0.00146484375,0.0,2.7755575615628914e-17
25,0.015625,3.2373886053801533e-16,2.5934809855243657e-13,0.0,0.3327657415952564,-0.003911678481243135,1.0039168193861658,0.5,0.0,0.5,0.0,0.4982972247857692,-0.003911678481243113,1.0039168193861656,4093,3,0,0.999267578125,0.000732421875,0.0,3,0.000732421875,0.49829937527774226,-2.150491973054891e-06,0.4982972247857692,-0.003911678481243135,1.0039168193861658,4093,3,0,0.999267578125,0.000732421875,0.0,3,0.000732421875,0.49829937527774226,-2.1504919730548793e-06,0.0017027752142308337,-4.8469010990039356e-05,0.03016103748502405,4086,10,0,0.99755859375,0.00244140625,0.0,10,0.00244140625,0.0017028338341904762,-5.8619959642493994e-08,0.12148205208718567,-0.03926999819350915,0.00146484375,0.0,1.3877787807814457e-17
26,0.01625,3.301245099430891e-16,2.7000623958883807e-13,0.0,0.3327403443893155,-0.004651016976355639,1.0051483891034279,0.5,0.0,0.5,0.0,0.49822103316794625,-0.004651016976355615,1.0051483891034276,4092,4,0,0.9990234375,0.0009765625,0.0,4,0.0009765625,0.49822409587661953,-3.0627086732798105e-06,0.4982210331679463,-0.004651016976355639,1.0051483891034279,4092,4,0,0.9990234375,0.0009765625,0.0,4,0.0009765625,0.4982240958766196,-3.0627086732798156e-06,0.0017789668320537535,-0.0002486860635358794,0.031118248745030375,4086,10,0,0.99755859375,0.00244140625,0.0,10,0.00244140625,0.0017791957859578022,-2.289539040489133e-07,0.1223292771255734,-0.046749622214765654,0.001953125,0.0,0.0
27,0.016875,3.358536306764789e-16,2.504663143554353e-13,2.220446049250313e-16,0.3327147718069555,-0.005133594049174026,1.0060548934337628,0.49999999999999994,1.1102230246251565e-16,0.5000000000000001,2.220446049250313e-16,0.49814431542086657,-0.0051335940491740025,1.0060548934337625,4092,4,0,0.9990234375,0.0009765625,0.0,4,0.0009765625,0.49814803560176524,-3.720180898619724e-06,0.49814431542086657,-0.005133594049174026,1.0060548934337628,4092,4,0,0.9990234375,0.0009765625,0.0,4,0.0009765625,0.49814803560176524,-3.7201808986197278e-06,0.0018556845791334264,-0.00046064969229415,0.032054165448419124,4092,4,0,0.9990234375,0.0009765625,0.0,4,0.0009765625,0.001856105930692069,-4.2135155864288354e-07,0.12316577993887856,-0.05164677414073972,0.001953125,0.0,2.7755575615628914e-17
28,0.0175,3.4232885277449346e-16,2.575717417130363e-13,0.0,0.33268902601194333,-0.005400394000431375,1.0066780024037831,0.5,0.0,0.5,0.0,0.49806707803582995,-0.005400394000431351,1.0066780024037827,4092,4,0,0.9990234375,0.0009765625,0.0,4,0.0009765625,0.49807123430477385,-4.156268943901357e-06,0.49806707803582995,-0.005400394000431375,1.0066780024037831,4092,4,0,0.9990234375,0.0009765625,0.0,4,0.0009765625,0.49807123430477385,-4.156268943901361e-06,0.001932921964170118,-0.0006388042016756059,0.0329690690202381,4090,6,0,0.99853515625,0.00146484375,0.0,6,0.00146484375,0.0019336120994131699,-6.901352430515109e-07,0.12399222663888954,-0.05436457844547629,0.001953125,0.0,2.7755575615628914e-17
29,0.018125,3.484710764153444e-16,2.3447910280083306e-13,0.0,0.33266310903305524,-0.00548818964225883,1.0070562930998581,0.5,0.0,0.5,0.0,0.4979893270991656,-0.005488189642258808,1.007056293099858,4092,4,0,0.9990234375,0.0009765625,0.0,4,0.0009765625,0.4979937332481258,-4.406148960187536e-06,0.49798932709916566,-0.00548818964225883,1.0070562930998581,4092,4,0,0.9990234375,0.0009765625,0.0,4,0.0009765625,0.49799373324812585,-4.40614896018754e-06,0.0020106729008343704,-0.0007840517287994178,0.03395048556913939,4088,8,0,0.998046875,0.001953125,0.0,8,0.001953125,0.0020116790958848033,-1.0061950504324036e-06,0.12480924738504376,-0.05526915916962213,0.001953125,0.0,1.3877787807814457e-17
30,0.01875,3.54363836721349e-16,2.4868995751603507e-13,0.0,0.3326370227713446,-0.005469987477383165,1.0072252900321959,0.5,0.0,0.5,0.0,0.4979110683140338,-0.005469987477383165,1.0072252900321956,4092,4,0,0.9990234375,0.0009765625,0.0,4,0.0009765625,0.4979155696607338,-4.50134669997387e-06,0.4979110683140338,-0.005469987477383133,1.0072252900321959,4092,4,0,0.9990234375,0.0009765625,0.0,4,0.0009765625,0.4979155696607338,-4.501346699973873e-06,0.0020889316859661836,-0.0008977612905014486,0.03497179640934464,4084,12,0,0.9970703125,0.0029296875,0.0,12,0.0029296875,0.002090203851199845,-1.2721652336613968e-06,0.12561743849898033,-0.05509466891051612,0.001953125,0.0,0.0
31,0.019375,3.6246577683571357e-16,2.5579538487363607e-13,0.0,0.3326107690069847,-0.005342786614644916,1.0072805288109823,0.5,0.0,0.5,0.0,0.49783230702095416,-0.005342786614644916,1.0072805288109823,4090,6,0,0.99853515625,0.00146484375,0.0,6,0.00146484375,0.49783677787511643,-4.470854162250588e-06,0.4978323070209542,-0.005342786614644888,1.0072805288109823,4090,6,0,0.99853515625,0.00146484375,0.0,6,0.00146484375,0.4978367778751165,-4.470854162250583e-06,0.0021676929790458224,-0.0009816806359626358,0.035984016464504456,4084,12,0,0.9970703125,0.0029296875,0.0,12,0.0029296875,0.002169174645720556,-1.4816666747334553e-06,0.12641736442180412,-0.05381684926523769,0.0029296875,0.0,2.7755575615628914e-17
32,0.02,3.6773359380650434e-16,2.3803181647963356e-13,0.0,0.3325843494057191,-0.005117002058102586,1.0071888099852495,0.5,0.0,0.5,0.0,0.4977530482171574,-0.005117002058102586,1.0071888099852495,4089,7,0,0.998291015625,0.001708984375,0.0,7,0.001708984375,0.4977574133461818,-4.365129024451118e-06,0.4977530482171573,-0.005117002058102562,1.0071888099852495,4089,7,0,0.998291015625,0.001708984375,0.0,7,0.001708984375,0.4977574133461818,-4.3651290244511155e-06,0.002246951782842667,-0.0010378534887818633,0.03698722064157096,4084,12,0,0.9970703125,0.0029296875,0.0,12,0.0029296875,0.0022485894185982325,-1.6376357555656406e-06,0.1272095595288918,-0.051537872135924166,0.00341796875,0.0,2.7755575615628914e-17
33,0.020625,3.7602807729058506e-16,2.637889906509372e-13,0.0,0.3325577655249476,-0.004815284064149477,1.0069692411520341,0.5,0.0,0.5,0.0,0.4976732965748427,-0.004815284064149477,1.0069692411520341,4089,7,0,0.998291015625,0.001708984375,0.0,7,0.001708984375,0.4976774905031931,-4.193928350392832e-06,0.4976732965748427,-0.004815284064149456,1.0069692411520341,4089,7,0,0.998291015625,0.001708984375,0.0,7,0.001708984375,0.4976774905031931,-4.193928350392833e-06,0.0023267034251572777,-0.0010769785439423158,0.03798147912411577,4084,12,0,0.9970703125,0.0029296875,0.0,12,0.0029296875,0.0023284472902999603,-1.7438651426826466e-06,0.12799452981543394,-0.048488429400080815,0.00341796875,0.0,1.3877787807814457e-17
34,0.02125,3.8097815349482984e-16,2.8066438062523957e-13,0.0,0.33253101881947345,-0.004457332882339692,1.006646143922162,0.5,0.0,0.5,0.0,0.49759305645842034,-0.004457332882339692,1.006646143922162,4088,8,0,0.998046875,0.001953125,0.0,8,0.001953125,0.4975969969569121,-3.940498491751338e-06,0.49759305645842034,-0.004457332882339674,1.006646143922162,4088,8,0,0.998046875,0.001953125,0.0,8,0.001953125,0.4975969969569121,-3.940498491751339e-06,0.0024069435415796214,-0.001094405519911107,0.03896685738862786,4084,12,0,0.9970703125,0.0029296875,0.0,12,0.0029296875,0.002408748029106866,-1.8044875272445433e-06,0.12877275446446804,-0.04486956958184707,0.00390625,0.0,1.3877787807814457e-17
35,0.021875000000000002,3.8451720064297833e-16,2.7977620220553945e-13,0.0,0.3325041106469356,-0.00406013698138666,1.0062413368756753,0.5,0.0,0.5,0.0,0.4975123319408067,-0.00406013698138666,1.0062413368756753,4086,10,0,0.99755859375,0.00244140625,0.0,10,0.00244140625,0.49751675164937004,-4.419708563376636e-06,0.4975123319408067,-0.0040601369813866445,1.0062413368756753,4086,10,0,0.99755859375,0.00244140625,0.0,10,0.00244140625,0.49751675164937004,-4.419708563376645e-06,0.0024876680591933596,-0.0010905999471442843,0.03994341627799814,4084,12,0,0.9970703125,0.0029296875,0.0,12,0.0029296875,0.002489491918058191,-1.8238588648313466e-06,0.12954468730788787,-0.04085477664048881,0.0048828125,0.0,2.7755575615628914e-17
36,0.0225,3.9262143887899e-16,2.6556534749033744e-13,0.0,0.3324770422729459,-0.0036382071998235805,1.0057742587952991,0.5,0.0,0.5,0.0,0.4974311268188378,-0.0036382071998235805,1.005774258795299,4086,10,0,0.99755859375,0.00244140625,0.0,10,0.00244140625,0.4974360213208813,-4.8945020435950764e-06,0.4974311268188377,-0.0036382071998235666,1.0057742587952991,4086,10,0,0.99755859375,0.00244140625,0.0,10,0.00244140625,0.4974360213208813,-4.894502043595089e-06,0.0025688731811622893,-0.0010680257977376706,0.04091121212454213,4082,14,0,0.99658203125,0.00341796875,0.0,14,0.00341796875,0.0025706797010280847,-1.806519865794956e-06,0.13031075818979676,-0.036592151497462824,0.0048828125,0.0,2.7755575615628914e-17
37,0.023125,3.972106843150883e-16,2.717825964282383e-13,0.0,0.33244981487595315,-0.004696671022372329,1.0052620994451815,0.5,0.0,0.5,0.0,0.49734944462785946,-0.004696671022372315,1.0052620994451813,4085,11,0,0.997314453125,0.002685546875,0.0,11,0.002685546875,0.4973546844482429,-5.239820383481509e-06,0.49734944462785946,-0.004696671022372329,1.0052620994451815,4085,11,0,0.997314453125,0.002685546875,0.0,11,0.002685546875,0.49735468444824293,-5.239820383481519e-06,0.00265055537214057,-0.0010291474807341626,0.04187029691544199,4082,14,0,0.99658203125,0.00341796875,0.0,14,0.00341796875,0.002652312693584058,-1.7573214434882752e-06,0.1310713742405864,-0.04714529027659469,0.00537109375,0.0,2.7755575615628914e-17
38,0.02375,4.0388134220919774e-16,2.859934511434403e-13,0.0,0.3324224295518489,-0.005608985908886843,1.0055550234581938,0.5,0.0,0.5,0.0,0.4972672886555467,-0.005608985908886825,1.0055550234581938,4085,11,0,0.997314453125,0.002685546875,0.0,11,0.002685546875,0.4972729007169743,-5.612061427575655e-06,0.4972672886555467,-0.005608985908886843,1.0055550234581936,4085,11,0,0.997314453125,0.002685546875,0.0,11,0.002685546875,0.4972729007169743,-5.612061427575667e-06,0.002732711344453323,-0.0009763882123110921,0.04282071849403428,4082,14,0,0.99658203125,0.00341796875,0.0,14,0.00341796875,0.0027343915548552183,-1.6802104018951478e-06,0.1318269210692521,-0.05640143957187388,0.00537109375,0.0,2.7755575615628914e-17
39,0.024375,4.100711660920207e-16,2.8332891588433995e-13,0.0,0.33239488731833383,-0.0062588203906442244,1.0069420726874303,0.5,0.0,0.5,0.0,0.4971846619550014,-0.006258820390644203,1.0069420726874303,4085,11,0,0.997314453125,0.002685546875,0.0,11,0.002685546875,0.4971906976199516,-6.03566495022023e-06,0.4971846619550014,-0.0062588203906442244,1.00694207268743,4085,11,0,0.997314453125,0.002685546875,0.0,11,0.002685546875,0.49719069761995155,-6.035664950220246e-06,0.0028153380449986638,-0.0009120949889995716,0.043762520790916894,4076,20,0,0.9951171875,0.0048828125,0.0,20,0.0048828125,0.002817176565292882,-1.8385202942182503e-06,0.1325777638806865,-0.06302269576733648,0.00537109375,0.0,2.7755575615628914e-17
40,0.025,4.16187987736959e-16,2.913225216616411e-13,0.0,0.332367189119058,-0.006682825880795745,1.0080026019230863,0.5,0.0,0.5,0.0,0.49710156735717387,-0.006682825880795721,1.0080026019230863,4085,11,0,0.997314453125,0.002685546875,0.0,11,0.002685546875,0.49710789026416236,-6.322906988508735e-06,0.49710156735717387,-0.006682825880795745,1.008002601923086,4085,11,0,0.997314453125,0.002685546875,0.0,11,0.002685546875,0.4971078902641624,-6.322906988508751e-06,0.002898432642826174,-0.0008385098252088009,0.044695744079387166,4076,20,0,0.9951171875,0.0048828125,0.0,20,0.0048828125,0.002900487991079822,-2.0553482536483792e-06,0.13332424852401364,-0.06736305876041053,0.00537109375,0.0,1.3877787807814457e-17
41,0.025625000000000002,4.200345654464661e-16,2.9309887850104133e-13,0.0,0.3323393358275499,-0.006914399927227243,1.0087735617262616,0.5,0.0,0.5,0.0,0.4970180074826495,-0.006914399927227216,1.0087735617262616,4085,11,0,0.997314453125,0.002685546875,0.0,11,0.002685546875,0.4970244183758276,-6.410893178090986e-06,0.49701800748264957,-0.006914399927227243,1.0087735617262614,4085,11,0,0.997314453125,0.002685546875,0.0,11,0.002685546875,0.4970244183758276,-6.410893178091004e-06,0.0029819925173504903,-0.0009295808995171688,0.0456204252502458,4076,20,0,0.9951171875,0.0048828125,0.0,20,0.0048828125,0.002984195621015872,-2.203103665381364e-06,0.13406670247742156,-0.0697506384178883,0.00537109375,0.0,1.3877787807814457e-17
42,0.02625,4.249909082710251e-16,3.090860900556436e-13,0.0,0.33231132825094606,-0.007055097515164287,1.0092896245598422,0.5,0.0,0.5,0.0,0.4969339847528382,-0.007055097515164245,1.0092896245598422,4085,11,0,0.997314453125,0.002685546875,0.0,11,0.002685546875,0.49694031987203174,-6.335119193533526e-06,0.4969339847528382,-0.007055097515164287,1.009289624559842,4085,11,0,0.997314453125,0.002685546875,0.0,11,0.002685546875,0.49694031987203174,-6.335119193533543e-06,0.003066015247161851,-0.0011529067896445398,0.04653659810150104,4074,22,0,0.99462890625,0.00537109375,0.0,22,0.00537109375,0.0030683965093802426,-2.381262218391575e-06,0.13480543577441628,-0.07119907556435322,0.00537109375,0.0,0.0
43,0.026875,4.33519034244876e-16,3.197442310920451e-13,0.0,0.3322831671335339,-0.007070947157853108,1.009611490773241,0.5,0.0,0.5,0.0,0.49684950140060163,-0.007070947157853067,1.0096114907732396,4085,11,0,0.997314453125,0.002685546875,0.0,11,0.002685546875,0.49685562842591846,-6.127025316884164e-06,0.49684950140060163,-0.007070947157853108,1.009611490773241,4085,11,0,0.997314453125,0.002685546875,0.0,11,0.002685546875,0.49685562842591846,-6.127025316884182e-06,0.0031504985993984153,-0.0013324128039310145,0.04744429363898019,4072,24,0,0.994140625,0.005859375,0.0,24,0.005859375,0.003153034145944215,-2.535546545799983e-06,0.13554074187594556,-0.07138909501218878,0.00537109375,0.0,0.0
44,0.0275,4.392611665224225e-16,3.055333763768431e-13,2.220446049250313e-16,0.3322548531601174,-0.006966331446672566,1.0098328658617048,0.5000000000000001,2.220446049250313e-16,0.5,0.0,0.4967645594803522,-0.006966331446672525,1.0098328658617033,4086,10,0,0.99755859375,0.00244140625,0.0,10,0.00244140625,0.4967703931288681,-5.833648515916143e-06,0.49676455948035214,-0.006966331446672566,1.0098328658617048,4086,10,0,0.99755859375,0.00244140625,0.0,10,0.00244140625,0.4967703931288681,-5.833648515916158e-06,0.003235440519647809,-0.001470915258069321,0.048343540384298174,4072,24,0,0.994140625,0.005859375,0.0,24,0.005859375,0.0032381630541458485,-2.722534498039103e-06,0.13627289849241458,-0.07034830449335863,0.0048828125,0.0,1.3877787807814457e-17
45,0.028125,4.463355949895612e-16,3.0464519795714295e-13,0.0,0.33222638695921747,-0.0067635333398942685,1.009878352449981,0.5,0.0,0.5,0.0,0.49667916087765235,-0.006763533339894228,1.0098783524499795,4087,9,0,0.997802734375,0.002197265625,0.0,9,0.002197265625,0.4966846945116784,-5.533634026127788e-06,0.49667916087765235,-0.0067635333398942685,1.009878352449981,4087,9,0,0.997802734375,0.002197265625,0.0,9,0.002197265625,0.4966846945116784,-5.533634026127796e-06,0.0033208391223477286,-0.0015714289693232752,0.04923436468704344,4072,24,0,0.994140625,0.005859375,0.0,24,0.005859375,0.003323668074266124,-2.8289519183953355e-06,0.1370021683592424,-0.06830345906032931,0.00439453125,0.0,1.3877787807814457e-17
46,0.02875,4.531549535584975e-16,3.090860900556436e-13,0.0,0.33219776910611415,-0.0064823653989584595,1.0097737497699515,0.5,0.0,0.5,0.0,0.49659330731834245,-0.00648236539895842,1.00977374976995,4088,8,0,0.998046875,0.001953125,0.0,8,0.001953125,0.4965985776120562,-5.270293713785266e-06,0.49659330731834245,-0.0064823653989584595,1.0097737497699515,4088,8,0,0.998046875,0.001953125,0.0,8,0.001953125,0.49659857761205617,-5.270293713785278e-06,0.0034066926816576125,-0.0016456921854961283,0.05011679103841901,4074,22,0,0.99462890625,0.00537109375,0.0,22,0.00537109375,0.0034095624173802385,-2.8697357226261297e-06,0.1377287999692669,-0.06545722416285261,0.00390625,0.0,0.0
47,0.029375000000000002,4.575568231220091e-16,3.197442310920451e-13,0.0,0.3321690001257415,-0.0061403304331274005,1.00954274327854,0.5,0.0,0.5,0.0,0.4965070003772246,-0.0061403304331273615,1.0095427432785384,4088,8,0,0.998046875,0.001953125,0.0,8,0.001953125,0.49651198624666426,-4.985869439652721e-06,0.4965070003772246,-0.0061403304331274005,1.00954274327854,4088,8,0,0.998046875,0.001953125,0.0,8,0.001953125,0.49651198624666426,-4.985869439652733e-06,0.003492999622775381,-0.001701206422705932,0.050990842383922,4074,22,0,0.99462890625,0.00537109375,0.0,22,0.00537109375,0.003495856268441595,-2.8566456662136104e-06,0.13845302826501055,-0.06198926030096132,0.00390625,0.0,2.7755575615628914e-17
48,0.03,4.631431331056683e-16,3.2951419370874646e-13,0.0,0.3321400804954417,-0.005752783816258118,1.0092069608160033,0.5,0.0,0.5,0.0,0.496420241486325,-0.005752783816258081,1.0092069608160017,4089,7,0,0.998291015625,0.001708984375,0.0,7,0.001708984375,0.49642528893287385,-5.047446548797734e-06,0.496420241486325,-0.005752783816258118,1.0092069608160033,4089,7,0,0.998291015625,0.001708984375,0.0,7,0.001708984375,0.4964252889328738,-5.0474465487977306e-06,0.003579758513675016,-0.0017270884998721904,0.0518565404329578,4076,20,0,0.9951171875,0.0048828125,0.0,20,0.0048828125,0.003582548809891669,-2.7902962166531713e-06,0.13917507529354678,-0.05805749471437335,0.00341796875,0.0,6.938893903907228e-17
49,0.030625,4.666697365192312e-16,3.170796958329447e-13,0.0,0.33211101064758586,-0.0053330953777660575,1.0087860403126978,0.5,0.0,0.5,0.0,0.49633303194275763,-0.005333095377766022,1.0087860403126963,4088,8,0,0.998046875,0.001953125,0.0,8,0.001953125,0.496338471515433,-5.439572675288208e-06,0.4963330319427576,-0.0053330953777660575,1.0087860403126978,4088,8,0,0.998046875,0.001953125,0.0,8,0.001953125,0.4963384715154329,-5.439572675288185e-06,0.0036669680572423984,-0.0017264724674655597,0.05273029914094581,4076,20,0,0.9951171875,0.0048828125,0.0,20,0.0048828125,0.0036696928941501684,-2.724836907770442e-06,0.13989515082647028,-0.053799521687465636,0.00390625,0.0,0.0
50,0.03125,4.725055275788844e-16,3.019806626980426e-13,0.0,0.3320817909720706,-0.00489280907752528,1.008297707175095,0.5,0.0,0.5,0.0,0.4962453729162117,-0.004892809077525246,1.0082977071750934,4088,8,0,0.998046875,0.001953125,0.0,8,0.001953125,0.4962510780474944,-5.70513128269216e-06,0.4962453729162117,-0.00489280907752528,1.008297707175095,4088,8,0,0.998046875,0.001953125,0.0,8,0.001953125,0.4962510780474944,-5.70513128269214e-06,0.003754627083788333,-0.0017024490487845365,0.05360159075794335,4078,18,0,0.99560546875,0.00439453125,0.0,18,0.00439453125,0.0037572872664387138,-2.66018265038044e-06,0.1406134529472577,-0.049334081745142234,0.00390625,0.0,1.3877787807814457e-17
51,0.031875,4.781756652348609e-16,3.099742684753437e-13,0.0,0.33205242181869365,-0.004962560062296146,1.0077578595683203,0.5,0.0,0.5,0.0,0.496157265456081,-0.004962560062296146,1.0077578595683188,4086,10,0,0.99755859375,0.00244140625,0.0,10,0.00244140625,0.4961631829933521,-5.9175372710935835e-06,0.49615726545608096,-0.0049625600622960845,1.0077578595683203,4086,10,0,0.99755859375,0.00244140625,0.0,10,0.00244140625,0.4961631829933521,-5.917537271093542e-06,0.0038427345439190196,-0.00165803030340494,0.054467731879997115,4080,16,0,0.99609375,0.00390625,0.0,16,0.00390625,0.003845318196630845,-2.583652711825789e-06,0.14133016860811393,-0.049823095446773616,0.0048828125,0.0,2.7755575615628914e-17
52,0.0325,4.840878993463235e-16,3.241851231905457e-13,0.0,0.33202290349941815,-0.00563207405116942,1.007180659913755,0.5,0.0,0.5,0.0,0.4960687104982545,-0.00563207405116942,1.0071806599137534,4086,10,0,0.99755859375,0.00244140625,0.0,10,0.00244140625,0.4960748572918907,-6.146793636264913e-06,0.4960687104982545,-0.005632074051169364,1.007180659913755,4086,10,0,0.99755859375,0.00244140625,0.0,10,0.00244140625,0.4960748572918907,-6.146793636264875e-06,0.003931289501745532,-0.0015961198768436457,0.05532887796748569,4082,14,0,0.99658203125,0.00341796875,0.0,14,0.00341796875,0.003933781086512557,-2.491584767024471e-06,0.14204547415822563,-0.05663532053829103,0.0048828125,0.0,2.7755575615628914e-17
53,0.033125,4.864597752925141e-16,3.161915174132446e-13,0.0,0.3319932362905283,-0.00610565044641672,1.006879921615516,0.5,0.0,0.5,0.0,0.495979708871585,-0.00610565044641672,1.006879921615516,4086,10,0,0.99755859375,0.00244140625,0.0,10,0.00244140625,0.495985931831664,-6.222960078995558e-06,0.495979708871585,-0.006105650446416669,1.0068799216155153,4086,10,0,0.99755859375,0.00244140625,0.0,10,0.00244140625,0.495985931831664,-6.222960078995525e-06,0.004020291128414986,-0.001519488549862624,0.056185179559407994,4080,16,0,0.99609375,0.00390625,0.0,16,0.00390625,0.004022861002882653,-2.5698744676687676e-06,0.1427595358451892,-0.061476568428998034,0.0048828125,0.0,5.551115123125783e-17
54,0.03375,4.916779759142303e-16,3.055333763768431e-13,0.0,0.3319634204346843,-0.0064093115651297685,1.0078933482238632,0.5,0.0,0.5,0.0,0.49589026130405284,-0.0064093115651297685,1.0078933482238632,4086,10,0,0.99755859375,0.00244140625,0.0,10,0.00244140625,0.4958964323845732,-6.171080520332112e-06,0.4958902613040529,-0.006409311565129722,1.0078933482238626,4086,10,0,0.99755859375,0.00244140625,0.0,10,0.00244140625,0.4958964323845732,-6.171080520332082e-06,0.004109738695947128,-0.0014307547514720298,0.05703678220215561,4080,16,0,0.99609375,0.00390625,0.0,16,0.00390625,0.004112515818820592,-2.777122873462982e-06,0.14347251029123928,-0.06459902493188567,0.0048828125,0.0,1.3877787807814457e-17
55,0.034375,4.971879746273751e-16,3.241851231905457e-13,0.0,0.33193345614287967,-0.006566902021511983,1.0086547112929767,0.5,0.0,0.5,0.0,0.49580036842863895,-0.006566902021511983,1.0086547112929767,4085,11,0,0.997314453125,0.002685546875,0.0,11,0.002685546875,0.4958064801459216,-6.111717282668685e-06,0.4958003684286389,-0.00656690202151194,1.008654711292976,4085,11,0,0.997314453125,0.002685546875,0.0,11,0.002685546875,0.4958064801459216,-6.111717282668665e-06,0.004199631571361112,-0.0013323696642742477,0.0578838263872222,4080,16,0,0.99609375,0.00390625,0.0,16,0.00390625,0.004202568051965335,-2.9364806042225817e-06,0.14418454494577854,-0.0662373666259743,0.00537109375,0.0,1.3877787807814457e-17
56,0.035,5.034462950931061e-16,3.3084646133829665e-13,0.0,0.33190334359630735,-0.0066001656606058095,1.0091913862274942,0.5,0.0,0.5,0.0,0.495710030788922,-0.0066001656606058095,1.0091913862274942,4085,11,0,0.997314453125,0.002685546875,0.0,11,0.002685546875,0.49571607253201,-6.0417430880439065e-06,0.495710030788922,-0.006600165660605771,1.0091913862274935,4085,11,0,0.997314453125,0.002685546875,0.0,11,0.002685546875,0.49571607253201005,-6.041743088043888e-06,0.004289969211078036,-0.0012956102834436433,0.05872644749750435,4078,18,0,0.99560546875,0.00439453125,0.0,18,0.00439453125,0.004292999725345631,-3.0305142675948884e-06,0.14489577851559454,-0.06660830332357878,0.00537109375,0.0,2.7755575615628914e-17
57,0.035625000000000004,5.092227027814131e-16,3.310685059432217e-13,0.0,0.3318730829481381,-0.006528832510310905,1.0095291655157956,0.5,0.0,0.5,0.0,0.4956192488444143,-0.006528832510310905,1.0095291655157956,4085,11,0,0.997314453125,0.002685546875,0.0,11,0.002685546875,0.49562511503191736,-5.8661875030926315e-06,0.4956192488444143,-0.006528832510310871,1.009529165515795,4085,11,0,0.997314453125,0.002685546875,0.0,11,0.002685546875,0.49562511503191736,-5.8661875030926145e-06,0.004380751155585752,-0.0015001665027417725,0.05956477576193438,4076,20,0,0.9951171875,0.0048828125,0.0,20,0.0048828125,0.0043839025452506375,-3.151389664884878e-06,0.14560634137404677,-0.0659104683592656,0.00537109375,0.0,1.3877787807814457e-17
58,0.03625,5.155094007724122e-16,3.206324095117452e-13,0.0,0.33184267432521564,-0.006380992798800171,1.009692238382565,0.5,0.0,0.5,0.0,0.4955280229756469,-0.006380992798800171,1.009692238382565,4085,11,0,0.997314453125,0.002685546875,0.0,11,0.002685546875,0.49553362827251857,-5.605296871669496e-06,0.4955280229756469,-0.006380992798800146,1.0096922383825644,4085,11,0,0.997314453125,0.002685546875,0.0,11,0.002685546875,0.4955336282725185,-5.6052968716694835e-06,0.004471977024353145,-0.0016607624230370798,0.06039893621825384,4076,20,0,0.9951171875,0.0048828125,0.0,20,0.0048828125,0.004475209063374561,-3.232039021416605e-06,0.14631635595041245,-0.0644014275267758,0.00537109375,0.0,0.0
59,0.036875,5.209469101618367e-16,3.084199562408685e-13,2.220446049250313e-16,0.33181211782967274,-0.006248954225226888,1.0097031850556213,0.5,0.0,0.5000000000000001,2.220446049250313e-16,0.4954363534890182,-0.006248954225226888,1.0097031850556213,4086,10,0,0.99755859375,0.00244140625,0.0,10,0.00244140625,0.4954416344464753,-5.280957457145958e-06,0.49543635348901816,-0.006248954225226867,1.0097031850556206,4086,10,0,0.99755859375,0.00244140625,0.0,10,0.00244140625,0.4954416344464753,-5.280957457145945e-06,0.004563646510981841,-0.0017806919322708834,0.06122904868379012,4076,20,0,0.9951171875,0.0048828125,0.0,20,0.0048828125,0.004566892630288842,-3.2461193070014882e-06,0.1470259371004956,-0.06308077958506411,0.0048828125,0.0,2.7755575615628914e-17
60,0.0375,5.273338438922983e-16,3.219646771412954e-13,0.0,0.331781413540472,-0.00604937708912789,1.0095829843061987,0.5,0.0,0.5,0.0,0.4953442406214161,-0.00604937708912789,1.0095829843061987,4086,10,0,0.99755859375,0.00244140625,0.0,10,0.00244140625,0.4953492058525818,-4.9652311657626284e-06,0.495344240621416,-0.006049377089127873,1.009582984306198,4086,10,0,0.99755859375,0.00244140625,0.0,10,0.00244140625,0.49534920585258174,-4.9652311657626166e-06,0.004655759378583972,-0.0018633051801170066,0.062055227734138185,4076,20,0,0.9951171875,0.0048828125,0.0,20,0.0048828125,0.004658960606996578,-3.201228412606637e-06,0.14773519245952552,-0.06106895390550399,0.0048828125,0.0,0.0
61,0.038125,5.336162293120805e-16,3.219646771412954e-13,0.0,0.331750561514875,-0.005795540739009177,1.009429615607476,0.5,0.0,0.5,0.0,0.49525168454462487,-0.005795540739009177,1.009429615607476,4086,10,0,0.99755859375,0.00244140625,0.0,10,0.00244140625,0.4952562911615136,-4.606616888796569e-06,0.4952516845446248,-0.005795540739009164,1.0094296156074754,4086,10,0,0.99755859375,0.00244140625,0.0,10,0.00244140625,0.49525629116151365,-4.6066168887965595e-06,0.0047483154553752075,-0.0019119648537207832,0.06287758268967827,4074,22,0,0.99462890625,0.00537109375,0.0,22,0.00537109375,0.0047514442020242555,-3.1287466490482465e-06,0.14844422277830166,-0.05850190460415497,0.0048828125,0.0,1.3877787807814457e-17
62,0.03875,5.374432622840679e-16,3.1730174043786974e-13,0.0,0.3317195617898424,-0.005499240521245611,1.00924397501659,0.5,0.0,0.5,0.0,0.4951586853695272,-0.005499240521245611,1.00924397501659,4086,10,0,0.99755859375,0.00244140625,0.0,10,0.00244140625,0.4951631349769099,-4.4496073827681314e-06,0.4951586853695272,-0.005499240521245601,1.0092439750165894,4086,10,0,0.99755859375,0.00244140625,0.0,10,0.00244140625,0.4951631349769099,-4.449607382768114e-06,0.004841314630472875,-0.001930007262633336,0.0636962176098793,4076,20,0,0.9951171875,0.0048828125,0.0,20,0.0048828125,0.004844393985738666,-3.0793552657917195e-06,0.1491531222434762,-0.05550075363234221,0.0048828125,0.0,2.7755575615628914e-17
63,0.039375,5.412990447318555e-16,3.2374103398069565e-13,0.0,0.33168841438337016,-0.005170888747003784,1.008967920655852,0.5,0.0,0.5,0.0,0.49506524315011047,-0.005170888747003784,1.008967920655852,4086,10,0,0.99755859375,0.00244140625,0.0,10,0.00244140625,0.4950696320489412,-4.388898830759079e-06,0.4950652431501105,-0.005170888747003777,1.0089679206558513,4086,10,0,0.99755859375,0.00244140625,0.0,10,0.00244140625,0.4950696320489413,-4.3888988307590625e-06,0.004934756849889527,-0.001920708189905915,0.06451123129534823,4076,20,0,0.9951171875,0.0048828125,0.0,20,0.0048828125,0.004937774605504129,-3.0177556146021048e-06,0.1498619787828092,-0.05217260867007148,0.0048828125,0.0,1.3877787807814457e-17
64,0.04,5.471920556469121e-16,3.448352714485736e-13,0.0,0.3316571192957624,-0.004819615008650309,1.0086167481734358,0.5,0.0,0.5,0.0,0.49497135788728724,-0.004819615008650309,1.0086167481734358,4086,10,0,0.99755859375,0.00244140625,0.0,10,0.00244140625,0.49497572551372376,-4.367626436515221e-06,0.49497135788728724,-0.004819615008650305,1.0086167481734352,4086,10,0,0.99755859375,0.00244140625,0.0,10,0.00244140625,0.49497572551372376,-4.3676264365152e-06,0.0050286421127127955,-0.0018985665823925404,0.0653227172975896,4076,20,0,0.9951171875,0.0048828125,0.0,20,0.0048828125,0.005031550439917236,-2.9083272044411083e-06,0.15057087435617558,-0.04861144417472757,0.0048828125,0.0,4.163336342344337e-17
65,0.040625,5.528407142178049e-16,3.5837999234900053e-13,0.0,0.33162567651084573,-0.00445336490781732,1.008204389312862,0.5,0.0,0.5,0.0,0.49487702953253715,-0.00445336490781732,1.008204389312862,4086,10,0,0.99755859375,0.00244140625,0.0,10,0.00244140625,0.4948815356160501,-4.506083512972528e-06,0.49487702953253715,-0.004453364907817317,1.0082043893128614,4086,10,0,0.99755859375,0.00244140625,0.0,10,0.00244140625,0.4948815356160501,-4.506083512972503e-06,0.005122970467462861,-0.001875512202522183,0.06613076393643705,4076,20,0,0.9951171875,0.0048828125,0.0,20,0.0048828125,0.0051257282435555485,-2.7577760926879603e-06,0.15127988523305586,-0.044899020472732885,0.0048828125,0.0,0.0
66,0.04125,5.581420735400845e-16,3.652633751016765e-13,0.0,0.3315940859971269,-0.004492750097699909,1.0077434644121879,0.5,0.0,0.5,0.0,0.4947822579913807,-0.004492750097699909,1.0077434644121879,4086,10,0,0.99755859375,0.00244140625,0.0,10,0.00244140625,0.49478701617415527,-4.7581827745094395e-06,0.4947822579913807,-0.004492750097699887,1.0077434644121872,4086,10,0,0.99755859375,0.00244140625,0.0,10,0.00244140625,0.49478701617415527,-4.758182774509418e-06,0.00521774200861932,-0.0018322340036785126,0.06693545432511248,4078,18,0,0.99560546875,0.00439453125,0.0,18,0.00439453125,0.005220341017503391,-2.5990088840706786e-06,0.15198908225719626,-0.04507743630497694,0.0048828125,0.0,2.7755575615628914e-17
67,0.041875,5.632024256198398e-16,3.6903813338540203e-13,0.0,0.33156234770889675,-0.004952322579922645,1.007245339657786,0.5,0.0,0.5,0.0,0.4946870431266904,-0.004952322579922645,1.007245339657786,4086,10,0,0.99755859375,0.00244140625,0.0,10,0.00244140625,0.49469192481935864,-4.881692668242766e-06,0.4946870431266904,-0.004952322579922623,1.0072453396577854,4086,10,0,0.99755859375,0.00244140625,0.0,10,0.00244140625,0.49469192481935864,-4.881692668242746e-06,0.005312956873309613,-0.0017714832611162076,0.06773686640285712,4078,18,0,0.99560546875,0.00439453125,0.0,18,0.00439453125,0.005315384276478253,-2.427403168639734e-06,0.1526985310990836,-0.04975677502516635,0.0048828125,0.0,4.163336342344337e-17
68,0.0425,5.689097692373674e-16,3.714806240395774e-13,0.0,0.3315304615872828,-0.00527397207939999,1.0067201880695056,0.5,0.0,0.5,0.0,0.4945913847618484,-0.00527397207939999,1.0067201880695056,4087,9,0,0.997802734375,0.002197265625,0.0,9,0.002197265625,0.4945962808029364,-4.896041088016694e-06,0.4945913847618484,-0.005273972079399969,1.006720188069505,4087,9,0,0.997802734375,0.002197265625,0.0,9,0.002197265625,0.4945962808029364,-4.896041088016679e-06,0.005408615238151608,-0.0016958669514484843,0.06853507297506577,4080,16,0,0.99609375,0.00390625,0.0,16,0.00390625,0.005411008071073364,-2.392832921755859e-06,0.15340829249684074,-0.053047965835111476,0.00439453125,0.0,1.3877787807814457e-17
69,0.043125000000000004,5.737055299323899e-16,3.6837199957062694e-13,0.0,0.33149842756125225,-0.005475268551962436,1.006746001915572,0.5,0.0,0.5,0.0,0.49449528268375675,-0.005475268551962436,1.006746001915572,4087,9,0,0.997802734375,0.002197265625,0.0,9,0.002197265625,0.4945001030343439,-4.820350587083648e-06,0.49449528268375675,-0.005475268551962417,1.006746001915572,4087,9,0,0.997802734375,0.002197265625,0.0,9,0.002197265625,0.49450010303434383,-4.820350587083634e-06,0.005504717316243274,-0.0016078367466613862,0.06933014176083926,4082,14,0,0.99658203125,0.00341796875,0.0,14,0.00341796875,0.005507136475543549,-2.4191593002747197e-06,0.15411842248611451,-0.05512204724102246,0.00439453125,0.0,0.0
70,0.043750000000000004,5.792067748519017e-16,3.490541189421492e-13,0.0,0.33146624554856907,-0.0055723621820894425,1.0074416438511475,0.5,0.0,0.5,0.0,0.49439873664570727,-0.0055723621820894425,1.0074416438511475,4087,9,0,0.997802734375,0.002197265625,0.0,9,0.002197265625,0.49440340460515353,-4.667959446246748e-06,0.49439873664570727,-0.005572362182089425,1.0074416438511475,4087,9,0,0.997802734375,0.002197265625,0.0,9,0.002197265625,0.49440340460515353,-4.667959446246738e-06,0.005601263354292725,-0.0015096811065987569,0.07012213544785253,4080,16,0,0.99609375,0.00390625,0.0,16,0.00390625,0.005603675680163831,-2.412325871106473e-06,0.15482897261949477,-0.056138297168581555,0.00439453125,0.0,1.3877787807814457e-17
71,0.044375,5.860144128799895e-16,3.5349501104064984e-13,0.0,0.3314339154567059,-0.005580035715469704,1.0079521352108847,0.5,0.0,0.5,0.0,0.49430174637011776,-0.005580035715469704,1.0079521352108847,4088,8,0,0.998046875,0.001953125,0.0,8,0.001953125,0.49430619947041177,-4.453100293995553e-06,0.49430174637011776,-0.0055800357154696875,1.0079521352108847,4088,8,0,0.998046875,0.001953125,0.0,8,0.001953125,0.4943061994704117,-4.4531002939955465e-06,0.005698253629882284,-0.0014035201825940676,0.07091111175441661,4080,16,0,0.99609375,0.00390625,0.0,16,0.00390625,0.005700761194482002,-2.5075645997178028e-06,0.1555399901759718,-0.05624408913960685,0.00390625,0.0,0.0
72,0.045,5.943133948756956e-16,3.455014052633487e-13,0.0,0.33140143718371323,-0.005511761782277986,1.0082969482791777,0.5,0.0,0.5,0.0,0.4942043115511396,-0.005511761782277986,1.0082969482791777,4089,7,0,0.998291015625,0.001708984375,0.0,7,0.001708984375,0.4942085221401952,-4.2105890556591566e-06,0.4942043115511396,-0.00551176178227797,1.0082969482791777,4089,7,0,0.998291015625,0.001708984375,0.0,7,0.001708984375,0.4942085221401953,-4.210589055659152e-06,0.005795688448860447,-0.001392593248449759,0.07169712349859368,4080,16,0,0.99609375,0.00390625,0.0,16,0.00390625,0.005798235403481806,-2.546954621359681e-06,0.15625151836091358,-0.05557492584712695,0.00341796875,0.0,0.0
73,0.045625,5.992288462345023e-16,3.490541189421492e-13,0.0,0.331368810619048,-0.005379764073666421,1.0084944475227402,0.5,0.0,0.5,0.0,0.494106431857144,-0.005379764073666421,1.0084944475227402,4089,7,0,0.998291015625,0.001708984375,0.0,7,0.001708984375,0.49411040412283397,-3.972265690003913e-06,0.494106431857144,-0.005379764073666406,1.0084944475227402,4089,7,0,0.998291015625,0.001708984375,0.0,7,0.001708984375,0.49411040412283397,-3.972265690003911e-06,0.005893568142856008,-0.0015573417245367592,0.07248021867420398,4080,16,0,0.99609375,0.00390625,0.0,16,0.00390625,0.005896196052333894,-2.6279094778854783e-06,0.15696359649701558,-0.05425462197274904,0.00341796875,0.0,0.0
74,0.04625,6.041183276242206e-16,3.4350300381902343e-13,0.0,0.33133603564436376,-0.005195081336856594,1.0085618815555848,0.5,0.0,0.5,0.0,0.4940081069330913,-0.005195081336856594,1.0085618815555848,4089,7,0,0.998291015625,0.001708984375,0.0,7,0.001708984375,0.4940118074948851,-3.7005617939068064e-06,0.49400810693309116,-0.00519508133685658,1.0085618815555848,4089,7,0,0.998291015625,0.001708984375,0.0,7,0.001708984375,0.4940118074948851,-3.7005617939068042e-06,0.0059918930669088065,-0.0016834001093640064,0.07326044053354372,4080,16,0,0.99609375,0.00390625,0.0,16,0.00390625,0.005994536716567446,-2.643649658639377e-06,0.1576762602066536,-0.052395610079343895,0.00341796875,0.0,1.3877787807814457e-17
75,0.046875,6.10392138882739e-16,3.552713678800501e-13,0.0,0.3313031121342627,-0.004967633255730209,1.0085153837821534,0.5,0.0,0.5,0.0,0.49390933640278817,-0.004967633255730209,1.0085153837821534,4089,7,0,0.998291015625,0.001708984375,0.0,7,0.001708984375,0.49391274012743924,-3.403724651117252e-06,0.49390933640278817,-0.004967633255730195,1.0085153837821534,4089,7,0,0.998291015625,0.001708984375,0.0,7,0.001708984375,0.49391274012743924,-3.40372465111725e-06,0.006090663597211866,-0.0017738752632115357,0.07403782767661338,4082,14,0,0.99658203125,0.00341796875,0.0,14,0.00341796875,0.0060933158977244835,-2.652300512616537e-06,0.1583895415860454,-0.05009934559391739,0.00341796875,0.0,2.7755575615628914e-17
76,0.0475,6.172229803030223e-16,3.339550858072471e-13,0.0,0.3312700399570134,-0.004706287382778352,1.0083699809100044,0.5,0.0,0.5,0.0,0.49381011987104007,-0.004706287382778352,1.0083699809100044,4089,7,0,0.998291015625,0.001708984375,0.0,7,0.001708984375,0.4938132088481101,-3.0889770700350757e-06,0.4938101198710401,-0.004706287382778339,1.0083699809100044,4089,7,0,0.998291015625,0.001708984375,0.0,7,0.001708984375,0.49381320884811014,-3.0889770700350744e-06,0.006189880128959942,-0.0018318467636129513,0.0748124141466372,4082,14,0,0.99658203125,0.00341796875,0.0,14,0.00341796875,0.006192498219624768,-2.618090664826194e-06,0.15910346937160774,-0.04745678918329202,0.00341796875,0.0,0.0
77,0.048125,6.212792552447721e-16,3.2507330161024584e-13,0.0,0.33123681897523344,-0.004418926383729082,1.0081396085238923,0.5,0.0,0.5,0.0,0.49371045692570037,-0.004418926383729082,1.0081396085238923,4090,6,0,0.99853515625,0.00146484375,0.0,6,0.00146484375,0.49371321988690875,-2.762961208416582e-06,0.49371045692570037,-0.0044189263837290695,1.0081396085238923,4090,6,0,0.99853515625,0.00146484375,0.0,6,0.00146484375,0.49371321988690875,-2.7629612084165826e-06,0.006289543074299672,-0.0018603410700815083,0.07558422953163592,4082,14,0,0.99658203125,0.00341796875,0.0,14,0.00341796875,0.006292081999354892,-2.5389250552195826e-06,0.1598180690988732,-0.04454894714588535,0.0029296875,0.0,1.3877787807814457e-17
78,0.04875,6.267220518291972e-16,3.375077994860476e-13,2.220446049250313e-16,0.33120344904654103,-0.004112514947375732,1.0078371329226468,0.5000000000000001,2.220446049250313e-16,0.5,0.0,0.4936103471396232,-0.004112514947375732,1.0078371329226468,4091,5,0,0.998779296875,0.001220703125,0.0,5,0.001220703125,0.49361294314196286,-2.5960023397027798e-06,0.49361034713962315,-0.004112514947375721,1.0078371329226468,4091,5,0,0.998779296875,0.001220703125,0.0,5,0.001220703125,0.49361294314196286,-2.596002339702779e-06,0.006389652860376837,-0.0018623089876354671,0.07635329907179828,4082,14,0,0.99658203125,0.00341796875,0.0,14,0.00341796875,0.0063920733128535485,-2.420452476712148e-06,0.160533363254315,-0.04144745273664687,0.00244140625,0.0,5.551115123125783e-17
79,0.049375,6.307424534460258e-16,3.304023721284466e-13,0.0,0.33116993002417455,-0.0037931657994983436,1.0074743784378724,0.5,0.0,0.5,0.0,0.4935097900725236,-0.0037931657994983436,1.0074743784378724,4091,5,0,0.998779296875,0.001220703125,0.0,5,0.001220703125,0.4935123627732986,-2.5727007749037943e-06,0.4935097900725236,-0.0037931657994983332,1.0074743784378724,4091,5,0,0.998779296875,0.001220703125,0.0,5,0.001220703125,0.4935123627732985,-2.5727007749037947e-06,0.006490209927476372,-0.0018406063191869129,0.07711964377238016,4084,12,0,0.9970703125,0.0029296875,0.0,12,0.0029296875,0.00649247913037692,-2.2692029005480864e-06,0.16124937142040852,-0.03821517356161389,0.00244140625,0.0,0.0
80,0.05,6.352058507993791e-16,3.375077994860476e-13,0.0,0.331136261757583,-0.00346620434089071,1.0070621594780405,0.5,0.0,0.5,0.0,0.493408785272749,-0.00346620434089071,1.0070621594780405,4092,4,0,0.9990234375,0.0009765625,0.0,4,0.0009765625,0.493411301135086,-2.515862336991528e-06,0.493408785272749,-0.0034662043408907003,1.0070621594780405,4092,4,0,0.9990234375,0.0009765625,0.0,4,0.0009765625,0.493411301135086,-2.5158623369915275e-06,0.0065912147272510135,-0.0017979775685747843,0.07788328052184591,4086,10,0,0.99755859375,0.00244140625,0.0,10,0.00244140625,0.00659332672991688,-2.112002665866103e-06,0.1619661104142429,-0.03490683228729556,0.001953125,0.0,1.3877787807814457e-17
81,0.050625,6.39629738882329e-16,3.410605131648481e-13,0.0,0.33110244409298845,-0.0031778020198494398,1.006610316571967,0.5,0.0,0.5,0.0,0.4933073322789654,-0.0031778020198494398,1.006610316571967,4091,5,0,0.998779296875,0.001220703125,0.0,5,0.001220703125,0.49330991561025284,-2.583331287522838e-06,0.49330733227896534,-0.003177802019849433,1.006610316571967,4091,5,0,0.998779296875,0.001220703125,0.0,5,0.001220703125,0.49330991561025284,-2.583331287522832e-06,0.006692667721034641,-0.00173704253343454,0.07864422221495272,4088,8,0,0.998046875,0.001953125,0.0,8,0.001953125,0.006694635011870186,-1.9672908355465494e-06,0.16268359441998015,-0.03197330416598935,0.00244140625,0.0,0.0
82,0.051250000000000004,6.442178822107923e-16,3.4017233474514796e-13,0.0,0.33106847687392116,-0.003051247665305369,1.0061277557209038,0.5,0.0,0.5,0.0,0.4932054306217635,-0.0030512476653053546,1.0061277557209038,4091,5,0,0.998779296875,0.001220703125,0.0,5,0.001220703125,0.4932080508166189,-2.620194855398822e-06,0.4932054306217635,-0.003051247665305369,1.0061277557209038,4091,5,0,0.998779296875,0.001220703125,0.0,5,0.001220703125,0.49320805081661884,-2.6201948553988183e-06,0.006794569378236548,-0.0016602856097635717,0.07940247788046684,4088,8,0,0.998046875,0.001953125,0.0,8,0.001953125,0.0067964051235064465,-1.8357452698976883e-06,0.1634018351154456,-0.030531693428246718,0.00244140625,0.0,0.0
83,0.051875000000000004,6.513450475169992e-16,3.517186542012496e-13,0.0,0.331034359941729,-0.0034209800299656733,1.0056224904075532,0.5,0.0,0.5,0.0,0.493103079825187,-0.0034209800299656585,1.0056224904075532,4091,5,0,0.998779296875,0.001220703125,0.0,5,0.001220703125,0.49310568109862823,-2.6012734412627196e-06,0.49310307982518686,-0.0034209800299656733,1.0056224904075532,4091,5,0,0.998779296875,0.001220703125,0.0,5,0.001220703125,0.4931056810986282,-2.6012734412627163e-06,0.0068969201748130884,-0.0015700476174975077,0.08015805281319008,4088,8,0,0.998046875,0.001953125,0.0,8,0.001953125,0.006898604910401859,-1.6847355887695263e-06,0.1641208417931173,-0.03427422698156437,0.00244140625,0.0,0.0
84,0.0525,6.564495436316256e-16,3.481659405224491e-13,0.0,0.33100009313606227,-0.00369184801777144,1.0051016856523178,0.5,0.0,0.5,0.0,0.4930002794081868,-0.0036918480177714247,1.0051016856523178,4090,6,0,0.99853515625,0.00146484375,0.0,6,0.00146484375,0.49300285186551596,-2.5724573291501667e-06,0.49300027940818675,-0.00369184801777144,1.0051016856523178,4090,6,0,0.99853515625,0.00146484375,0.0,6,0.00146484375,0.4930028518655159,-2.572457329150168e-06,0.006999720591813236,-0.00146851994817972,0.08091094870996571,4090,6,0,0.99853515625,0.00146484375,0.0,6,0.00146484375,0.007001257716994902,-1.5371251816658266e-06,0.1648406214757727,-0.037026924428951356,0.0029296875,0.0,2.7755575615628914e-17
85,0.053125,6.621046749695574e-16,3.446132268436486e-13,0.0,0.3309656762953351,-0.0038755691315701004,1.004643134124707,0.5,0.0,0.5,0.0,0.4928970288860052,-0.003875569131570085,1.0046431341247066,4090,6,0,0.99853515625,0.00146484375,0.0,6,0.00146484375,0.49289960572528324,-2.5768392780703893e-06,0.4928970288860052,-0.0038755691315701004,1.004643134124707,4090,6,0,0.99853515625,0.00146484375,0.0,6,0.00146484375,0.49289960572528324,-2.576839278070392e-06,0.007102971113994831,-0.0013577408314049487,0.08166116380932548,4090,6,0,0.99853515625,0.00146484375,0.0,6,0.00146484375,0.007104369655811881,-1.3985418170498907e-06,0.16556117902703416,-0.03890329759690268,0.0029296875,0.0,2.7755575615628914e-17
86,0.05375,6.667986716047064e-16,3.446132268436486e-13,0.0,0.3309311092571639,-0.0039829544915265655,1.0045127785717385,0.5,0.0,0.5,0.0,0.49279332777149165,-0.00398295449152655,1.0045127785717383,4091,5,0,0.998779296875,0.001220703125,0.0,5,0.001220703125,0.4927958998009267,-2.5720294350478246e-06,0.4927933277714916,-0.0039829544915265655,1.0045127785717385,4091,5,0,0.998779296875,0.001220703125,0.0,5,0.001220703125,0.4927958998009267,-2.5720294350478276e-06,0.007206672228508378,-0.001239593515675986,0.08240869303443338,4088,8,0,0.998046875,0.001953125,0.0,8,0.001953125,0.007208048510689022,-1.376282180644966e-06,0.16628251725704785,-0.04000928683208135,0.00244140625,0.0,1.3877787807814457e-17
87,0.054375,6.712691408631122e-16,3.481659405224491e-13,1.1102230246251565e-16,0.33089639185878483,-0.0040239439824983365,1.0050648881689375,0.5,0.0,0.49999999999999994,1.1102230246251565e-16,0.49268917557635455,-0.004023943982498321,1.0050648881689372,4091,5,0,0.998779296875,0.001220703125,0.0,5,0.001220703125,0.49269171245050336,-2.5368741487658406e-06,0.49268917557635455,-0.0040239439824983365,1.0050648881689375,4091,5,0,0.998779296875,0.001220703125,0.0,5,0.001220703125,0.49269171245050336,-2.5368741487658445e-06,0.007310824423645434,-0.001115806161172926,0.08315352813897718,4088,8,0,0.998046875,0.001953125,0.0,8,0.001953125,0.007312163399718236,-1.33897607280129e-06,0.16700463702351526,-0.04044324808767759,0.00244140625,0.0,2.7755575615628914e-17
88,0.055,6.7650873979338535e-16,3.481659405224491e-13,0.0,0.33086152393745044,-0.004007643595384805,1.0054792819455078,0.5,0.0,0.5,0.0,0.4925845718123513,-0.004007643595384789,1.0054792819455076,4091,5,0,0.998779296875,0.001220703125,0.0,5,0.001220703125,0.4925870325149804,-2.460702629127095e-06,0.4925845718123513,-0.004007643595384805,1.0054792819455078,4091,5,0,0.998779296875,0.001220703125,0.0,5,0.001220703125,0.4925870325149804,-2.4607026291271e-06,0.0074154281876487455,-0.001008116518232092,0.0838956578556558,4090,6,0,0.99853515625,0.00146484375,0.0,6,0.00146484375,0.007416762117795012,-1.3339301462672566e-06,0.16772753732828866,-0.040296026045810264,0.00244140625,0.0,2.7755575615628914e-17
89,0.055625,6.823822794675844e-16,3.481659405224491e-13,0.0,0.3308265053308062,-0.003942364412249821,1.005769525651374,0.5,0.0,0.5,0.0,0.49247951599241857,-0.003942364412249805,1.0057695256513737,4091,5,0,0.998779296875,0.001220703125,0.0,5,0.001220703125,0.4924818662511292,-2.350258710653593e-06,0.49247951599241857,-0.003942364412249821,1.005769525651374,4091,5,0,0.998779296875,0.001220703125,0.0,5,0.001220703125,0.4924818662511292,-2.350258710653599e-06,0.007520484007581414,-0.0009135806195619727,0.08463506804690864,4090,6,0,0.99853515625,0.00146484375,0.0,6,0.00146484375,0.00752179138374579,-1.3073761643768554e-06,0.16845121540973176,-0.03965109984853359,0.00244140625,0.0,2.7755575615628914e-17
90,0.05625,6.893666197806368e-16,3.552713678800501e-13,0.0,0.3307913358772492,-0.003835662735224553,1.0059484274788102,0.5,0.0,0.5,0.0,0.49237400763174743,-0.0038356627352245367,1.00594842747881,4091,5,0,0.998779296875,0.001220703125,0.0,5,0.001220703125,0.49237621923118813,-2.211599440639698e-06,0.49237400763174755,-0.003835662735224553,1.0059484274788102,4091,5,0,0.998779296875,0.001220703125,0.0,5,0.001220703125,0.49237621923118813,-2.2115994406397045e-06,0.0076259923682525255,-0.0010563823717927297,0.08537174185753328,4088,8,0,0.998046875,0.001953125,0.0,8,0.001953125,0.007627290816768903,-1.298448516376349e-06,0.16917566683103535,-0.0385847889683821,0.00244140625,0.0,1.3877787807814457e-17
91,0.056875,6.943259531267138e-16,3.552713678800501e-13,0.0,0.33075601541626776,-0.00369438090833762,1.0060280381155147,0.5,0.0,0.5,0.0,0.4922680462488033,-0.0036943809083376036,1.0060280381155144,4091,5,0,0.998779296875,0.001220703125,0.0,5,0.001220703125,0.4922700963893052,-2.0501405018598836e-06,0.4922680462488032,-0.00369438090833762,1.0060280381155147,4091,5,0,0.998779296875,0.001220703125,0.0,5,0.001220703125,0.49227009638930513,-2.0501405018598913e-06,0.0077319537511967565,-0.0011668286035884587,0.08610565986883831,4088,8,0,0.998046875,0.001953125,0.0,8,0.001953125,0.007733243355802974,-1.2896046062169297e-06,0.16990088556467142,-0.03716650777266309,0.00244140625,0.0,1.3877787807814457e-17
92,0.0575,7.008478912567661e-16,3.481659405224491e-13,1.1102230246251565e-16,0.3307205437887648,-0.0035246884290507647,1.0060196555144154,0.49999999999999994,1.1102230246251565e-16,0.5,0.0,0.4921616313662944,-0.003524688429050748,1.0060196555144152,4091,5,0,0.998779296875,0.001220703125,0.0,5,0.001220703125,0.4921635020669595,-1.870700665101696e-06,0.4921616313662944,-0.0035246884290507647,1.0060196555144154,4091,5,0,0.998779296875,0.001220703125,0.0,5,0.001220703125,0.4921635020669595,-1.8707006651017036e-06,0.007838368633705598,-0.0012474835426822563,0.08683680025398119,4088,8,0,0.998046875,0.001953125,0.0,8,0.001953125,0.007839619282329582,-1.2506486239852715e-06,0.1706268640731592,-0.03545905839189296,0.00244140625,0.0,2.7755575615628914e-17
93,0.058125,7.062070889717511e-16,3.481659405224491e-13,0.0,0.33068492083736406,-0.0033321229920441624,1.0059338339221922,0.5,0.0,0.5,0.0,0.49205476251209207,-0.0033321229920441455,1.005933833922192,4092,4,0,0.9990234375,0.0009765625,0.0,4,0.0009765625,0.4920564713233027,-1.7088112106727443e-06,0.49205476251209207,-0.0033321229920441624,1.0059338339221922,4092,4,0,0.9990234375,0.0009765625,0.0,4,0.0009765625,0.4920564713233027,-1.7088112106727539e-06,0.007945237487907956,-0.0013008554650739924,0.087565138934144,4088,8,0,0.998046875,0.001953125,0.0,8,0.001953125,0.007946422423411491,-1.1849355035365844e-06,0.17135359338630773,-0.0335189525648727,0.001953125,0.0,1.3877787807814457e-17
94,0.058750000000000004,7.12330350791083e-16,3.623767952376511e-13,0.0,0.3306491464067007,-0.0031216311514153158,1.0057803967142689,0.5,0.0,0.5,0.0,0.49194743922010203,-0.003121631151415299,1.0057803967142687,4092,4,0,0.9990234375,0.0009765625,0.0,4,0.0009765625,0.49194898912550356,-1.5499054015470145e-06,0.49194743922010203,-0.0031216311514153158,1.0057803967142689,4092,4,0,0.9990234375,0.0009765625,0.0,4,0.0009765625,0.49194898912550356,-1.5499054015470242e-06,0.008052560779897964,-0.0013293827814267864,0.08829064973520517,4086,10,0,0.99755859375,0.00244140625,0.0,10,0.00244140625,0.008053674854639353,-1.1140747413884622e-06,0.17208106317509456,-0.031396754178661154,0.001953125,0.0,0.0
95,0.059375000000000004,7.168510243675571e-16,3.623767952376511e-13,0.0,0.3306132203436974,-0.0028976083287174347,1.005568452593811,0.5,0.0,0.5,0.0,0.49183966103109206,-0.0028976083287174177,1.0055684525938107,4093,3,0,0.999267578125,0.000732421875,0.0,3,0.000732421875,0.4918410700888418,-1.4090577497433046e-06,0.49183966103109206,-0.0028976083287174347,1.005568452593811,4093,3,0,0.999267578125,0.000732421875,0.0,3,0.000732421875,0.4918410700888418,-1.4090577497433156e-06,0.008160338968907962,-0.0013354221325467036,0.08901330454457082,4086,10,0,0.99755859375,0.00244140625,0.0,10,0.00244140625,0.008161383043755166,-1.0440748472033783e-06,0.17280926182232942,-0.029137435233313285,0.00146484375,0.0,1.3877787807814457e-17
96,0.06,7.21388889529507e-16,3.623767952376511e-13,2.220446049250313e-16,0.3305771424978251,-0.002663937933016417,1.0053064147255177,0.5,0.0,0.5000000000000001,2.220446049250313e-16,0.4917314274934753,-0.0026639379330164006,1.0053064147255175,4093,3,0,0.999267578125,0.000732421875,0.0,3,0.000732421875,0.4917326982027843,-1.2707093089829286e-06,0.4917314274934753,-0.002663937933016417,1.0053064147255177,4093,3,0,0.999267578125,0.000732421875,0.0,3,0.000732421875,0.4917326982027843,-1.2707093089829394e-06,0.00826857250652467,-0.0013212383962506098,0.0897330734678363,4088,8,0,0.998046875,0.001953125,0.0,8,0.001953125,0.008269537195547058,-9.646890223881177e-07,0.17353817649024794,-0.0267807389249204,0.00146484375,0.0,2.7755575615628914e-17
97,0.060625,7.265886013706267e-16,3.765876499528531e-13,0.0,0.33054091272135117,-0.0024240293952928977,1.005002022391199,0.5,0.0,0.5,0.0,0.4916227381640534,-0.0024240293952928816,1.0050020223911988,4093,3,0,0.999267578125,0.000732421875,0.0,3,0.000732421875,0.49162386296592997,-1.1248018765943074e-06,0.4916227381640534,-0.0024240293952928977,1.005002022391199,4093,3,0,0.999267578125,0.000732421875,0.0,3,0.000732421875,0.49162386296592997,-1.1248018765943184e-06,0.00837726183594668,-0.0012889964979530119,0.09044992498495642,4088,8,0,0.998046875,0.001953125,0.0,8,0.001953125,0.008378159406378533,-8.975704318519206e-07,0.174267793185171,-0.02436154444605077,0.00146484375,0.0,1.3877787807814457e-17
98,0.06125,7.303978267964817e-16,3.907985046680551e-13,0.0,0.3305045308695728,-0.0021808549530070434,1.0046623647727635,0.5,0.0,0.5,0.0,0.4915135926087185,-0.0021808549530070278,1.0046623647727633,4093,3,0,0.999267578125,0.000732421875,0.0,3,0.000732421875,0.49151456628710005,-9.736783815210704e-07,0.4915135926087185,-0.0021808549530070434,1.0046623647727635,4093,3,0,0.999267578125,0.000732421875,0.0,3,0.000732421875,0.49151456628710005,-9.736783815210815e-07,0.008486407391281495,-0.0012407549098781788,0.09116382610561148,4090,6,0,0.99853515625,0.00146484375,0.0,6,0.00146484375,0.008487240631908288,-8.332406267928743e-07,0.17499809681936176,-0.021910228943144497,0.00146484375,0.0,0.0
99,0.061875,7.35856552118522e-16,3.907985046680551e-13,0.0,0.3304679968010399,-0.0019369850514687839,1.0042939064888594,0.5,0.0,0.5,0.0,0.49140399040311966,-0.0019369850514687685,1.0042939064888592,4091,5,0,0.998779296875,0.001220703125,0.0,5,0.001220703125,0.4914048935787817,-9.031756620506879e-07,0.49140399040311966,-0.0019369850514687839,1.0042939064888594,4091,5,0,0.998779296875,0.001220703125,0.0,5,0.001220703125,0.4914048935787817,-9.031756620506712e-07,0.008596009596880352,-0.0011784607186952631,0.09187474252346543,4090,6,0,0.99853515625,0.00146484375,0.0,6,0.00146484375,0.008596778510632778,-7.689137524258804e-07,0.17572907127020368,-0.01945302284150109,0.00244140625,0.0,2.7755575615628914e-17
100,0.0625,7.404567810266616e-16,3.979039320256561e-13,0.0,0.33043131037776363,-0.0016946222568390743,1.003902514533531,0.5,0.0,0.5,0.0,0.4912939311332908,-0.0016946222568390594,1.0039025145335307,4091,5,0,0.998779296875,0.001220703125,0.0,5,0.001220703125,0.4912948673126878,-9.361793970588798e-07,0.4912939311332908,-0.0016946222568390743,1.003902514533531,4091,5,0,0.998779296875,0.001220703125,0.0,5,0.001220703125,0.4912948673126878,-9.361793970588649e-07,0.008706068866709271,-0.0011039461383458525,0.09258263876902321,4090,6,0,0.99853515625,0.00146484375,0.0,6,0.00146484375,0.008706753547263489,-6.846805542162725e-07,0.17646069943681886,-0.017012355448252334,0.00244140625,0.0,1.3877787807814457e-17
101,0.063125,7.464651328554324e-16,3.836930773104541e-13,0.0,0.3303944714654151,-0.0014556336011812261,1.003493486288485,0.5,0.0,0.5,0.0,0.4911834143962453,-0.0014556336011812116,1.0034934862884848,4092,4,0,0.9990234375,0.0009765625,0.0,4,0.0009765625,0.49118435582073416,-9.41424488855058e-07,0.49118341439624535,-0.0014556336011812261,1.003493486288485,4092,4,0,0.9990234375,0.0009765625,0.0,4,0.0009765625,0.4911843558207342,-9.414244888550422e-07,0.008816585603754677,-0.0010189263436518325,0.09328747836080463,4092,4,0,0.9990234375,0.0009765625,0.0,4,0.0009765625,0.008817181543894666,-5.959401399897238e-07,0.17719296329424036,-0.014607188372080105,0.001953125,0.0,1.3877787807814457e-17
102,0.06375,7.507132202977163e-16,3.907985046680551e-13,0.0,0.3303574799335126,-0.001221581303061382,1.003071578304519,0.5,0.0,0.5,0.0,0.49107243980053783,-0.001221581303061368,1.0030715783045188,4092,4,0,0.9990234375,0.0009765625,0.0,4,0.0009765625,0.491073401235799,-9.61435261141459e-07,0.49107243980053783,-0.001221581303061382,1.003071578304519,4092,4,0,0.9990234375,0.0009765625,0.0,4,0.0009765625,0.491073401235799,-9.614352611414449e-07,0.008927560199462163,-0.0009249985007287695,0.09398922395456386,4092,4,0,0.9990234375,0.0009765625,0.0,4,0.0009765625,0.008928091999694156,-5.318002319939955e-07,0.17792584394524613,-0.012253334856890712,0.001953125,0.0,1.3877787807814457e-17
103,0.064375,7.561900825661002e-16,3.836930773104541e-13,0.0,0.3303203356555977,-0.0013283455172226084,1.0026410355719926,0.5,0.0,0.5,0.0,0.49096100696679307,-0.0013283455172226084,1.0026410355719924,4092,4,0,0.9990234375,0.0009765625,0.0,4,0.0009765625,0.49096195976158524,-9.527947921571407e-07,0.49096100696679307,-0.0013283455172225672,1.0026410355719926,4092,4,0,0.9990234375,0.0009765625,0.0,4,0.0009765625,0.49096195976158524,-9.527947921571279e-07,0.009038993033206951,-0.0008236418720668972,0.09468783749029537,4092,4,0,0.9990234375,0.0009765625,0.0,4,0.0009765625,0.009039452021236474,-4.5898802952289076e-07,0.17865932166995743,-0.0132600191115172,0.001953125,0.0,0.0
104,0.065,7.605031287466632e-16,3.907985046680551e-13,2.220446049250313e-16,0.33028303850940177,-0.0014281846493895856,1.0022056210246377,0.5,0.0,0.5000000000000001,2.220446049250313e-16,0.4908491155282053,-0.0014281846493895856,1.0022056210246375,4092,4,0,0.9990234375,0.0009765625,0.0,4,0.0009765625,0.4908500350289865,-9.195007811517667e-07,0.49084911552820537,-0.0014281846493895477,1.0022056210246377,4092,4,0,0.9990234375,0.0009765625,0.0,4,0.0009765625,0.4908500350289865,-9.195007811517555e-07,0.009150884471794673,-0.0007162188771696317,0.09538328033677965,4092,4,0,0.9990234375,0.0009765625,0.0,4,0.0009765625,0.00915126331513701,-3.788433423369388e-07,0.17939337597330085,-0.014265631533261809,0.001953125,0.0,2.7755575615628914e-17
105,0.065625,7.661891620841638e-16,4.050093593832571e-13,0.0,0.33024558837700296,-0.0014972379994899815,1.0017686450452092,0.5,0.0,0.5,0.0,0.4907367651310089,-0.0014972379994899815,1.001768645045209,4092,4,0,0.9990234375,0.0009765625,0.0,4,0.0009765625,0.490737630309847,-8.651788381117065e-07,0.49073676513100883,-0.0014972379994899459,1.0017686450452092,4092,4,0,0.9990234375,0.0009765625,0.0,4,0.0009765625,0.49073763030984696,-8.651788381116964e-07,0.009263234868991162,-0.0006039769936622435,0.09607551343343437,4094,2,0,0.99951171875,0.00048828125,0.0,2,0.00048828125,0.009263529779632598,-2.9491064143664134e-07,0.18012798563042673,-0.014963925334950732,0.001953125,0.0,0.0
106,0.06625,7.705893067681502e-16,4.050093593832571e-13,0.0,0.33020798514497335,-0.0015557294746121769,1.0013329947652514,0.5,0.0,0.5,0.0,0.49062395543492,-0.0015557294746121769,1.0013329947652512,4093,3,0,0.999267578125,0.000732421875,0.0,3,0.000732421875,0.4906247861756346,-8.307407145883192e-07,0.49062395543492,-0.0015557294746121443,1.0013329947652514,4093,3,0,0.999267578125,0.000732421875,0.0,3,0.000732421875,0.49062478617563454,-8.307407145883063e-07,0.009376044565080031,-0.00048805138861842475,0.0967644974292502,4094,2,0,0.99951171875,0.00048828125,0.0,2,0.00048828125,0.00937628287142213,-2.3830634209883923e-07,0.1808631287301741,-0.01555617606275896,0.00146484375,0.0,1.3877787807814457e-17
107,0.066875,7.764549886296771e-16,4.050093593832571e-13,0.0,0.33017022870451773,-0.0015769190935817866,1.0009011629743951,0.5,0.0,0.5,0.0,0.4905106861135532,-0.0015769190935817866,1.000901162974395,4093,3,0,0.999267578125,0.000732421875,0.0,3,0.000732421875,0.49051146801540196,-7.819018487885061e-07,0.49051068611355314,-0.0015769190935817567,1.0009011629743951,4093,3,0,0.999267578125,0.000732421875,0.0,3,0.000732421875,0.49051146801540196,-7.819018487884943e-07,0.009489313886446828,-0.0003694681753320045,0.09745019281860301,4094,2,0,0.99951171875,0.00048828125,0.0,2,0.00048828125,0.009489494290829313,-1.8040438248632935e-07,0.18159878271666718,-0.015774256683631173,0.00146484375,0.0,2.7755575615628914e-17
108,0.0675,7.810739901500591e-16,4.121147867408581e-13,0.0,0.33013231895160383,-0.001565679085610157,1.0006236372736028,0.5,0.0,0.5,0.0,0.49039695685481144,-0.001565679085610157,1.0006236372736028,4094,2,0,0.99951171875,0.00048828125,0.0,2,0.00048828125,0.4903976822127982,-7.25357986820634e-07,0.49039695685481144,-0.0015656790856101296,1.0006236372736022,4094,2,0,0.99951171875,0.00048828125,0.0,2,0.00048828125,0.4903976822127982,-7.253579868206207e-07,0.009603043145188606,-0.0002491481967317868,0.0981325600737484,4094,2,0,0.99951171875,0.00048828125,0.0,2,0.00048828125,0.00960316479958154,-1.2165439293544183e-07,0.1823349244291246,-0.01566655501446443,0.0009765625,0.0,1.3877787807814457e-17
109,0.068125,7.87201402934736e-16,4.121147867408581e-13,0.0,0.3300942557870841,-0.0015264558512294898,1.0008436523387372,0.5,0.0,0.5,0.0,0.4902827673612522,-0.0015264558512294898,1.0008436523387372,4094,2,0,0.99951171875,0.00048828125,0.0,2,0.00048828125,0.4902834623471449,-6.94985892731548e-07,0.4902827673612522,-0.0015264558512294646,1.0008436523387365,4094,2,0,0.99951171875,0.00048828125,0.0,2,0.00048828125,0.4902834623471449,-6.949858927315357e-07,0.009717232638747863,-0.00012791124296117074,0.09881155977381709,4094,2,0,0.99951171875,0.00048828125,0.0,2,0.00048828125,0.009717295095409464,-6.245666160213321e-08,0.18307153013995942,-0.015277436492783576,0.0009765625,0.0,2.7755575615628914e-17
110,0.06875,7.90925359191094e-16,4.050093593832571e-13,0.0,0.3300560391168101,-0.0014632940663496228,1.0009891801742539,0.5,0.0,0.5,0.0,0.49016811735043025,-0.0014632940663496228,1.0009891801742539,4094,2,0,0.99951171875,0.00048828125,0.0,2,0.00048828125,0.49016877052009333,-6.53169663046543e-07,0.49016811735043025,-0.0014632940663495998,1.0009891801742532,4094,2,0,0.99951171875,0.00048828125,0.0,2,0.00048828125,0.49016877052009333,-6.531696630465318e-07,0.009831882649569763,-6.480617197340808e-06,0.09948715273014401,4094,2,0,0.99951171875,0.00048828125,0.0,2,0.00048828125,0.00983188581393363,-3.1643638658881597e-09,0.18380857559124356,-0.014647415278291581,0.0009765625,0.0,2.7755575615628914e-17
111,0.069375,7.974896974915063e-16,4.050093593832571e-13,0.0,0.3300176688517395,-0.001379860506310333,1.0010676331299482,0.5,0.0,0.5,0.0,0.4900530065552184,-0.001379860506310333,1.0010676331299482,4094,2,0,0.99951171875,0.00048828125,0.0,2,0.00048828125,0.4900536082665001,-6.017112817167983e-07,0.4900530065552184,-0.0013798605063103121,1.0010676331299475,4094,2,0,0.99951171875,0.00048828125,0.0,2,0.00048828125,0.4900536082665001,-6.01711281716788e-07,0.00994699344478166,1.2930757454429992e-19,0.10015930010777709,4096,0,0,1.0,0.0,0.0,0,0.0,0.00994699344478166,0.0,0.1845460360296075,-0.01381333691101576,0.0009765625,0.0,2.7755575615628914e-17
112,0.07,8.017430202533552e-16,4.121147867408581e-13,0.0,0.3299791449080353,-0.0012794674618459376,1.0010859532332028,0.5,0.0,0.5,0.0,0.489937434724106,-0.0012794674618459376,1.0010859532332028,4094,2,0,0.99951171875,0.00048828125,0.0,2,0.00048828125,0.48993797696026675,-5.422361607633319e-07,0.489937434724106,-0.001279467461845919,1.0010859532332022,4094,2,0,0.99951171875,0.00048828125,0.0,2,0.00048828125,0.4899379769602668,-5.422361607633227e-07,0.01006256527589396,1.4223663952083434e-19,0.10082796354302535,4096,0,0,1.0,0.0,0.0,0,0.0,0.01006256527589396,0.0,0.1852838862396424,-0.012808569036729061,0.0009765625,0.0,1.3877787807814457e-17
113,0.07062500000000001,8.056490836288304e-16,4.050093593832571e-13,0.0,0.3299404672071596,-0.0011650956366357455,1.0010506228544316,0.5,0.0,0.5,0.0,0.4898214016214787,-0.0011650956366357455,1.0010506228544316,4094,2,0,0.99951171875,0.00048828125,0.0,2,0.00048828125,0.48982187782602127,-4.762045426004728e-07,0.48982140162147864,-0.0011650956366357286,1.001050622854431,4094,2,0,0.99951171875,0.00048828125,0.0,2,0.00048828125,0.4898218778260212,-4.7620454260046436e-07,0.010178598378521406,1.5633366237097603e-19,0.10149310525691935,4096,0,0,1.0,0.0,0.0,0,0.0,0.010178598378521406,0.0,0.18602210057586976,-0.011663197127391927,0.0009765625,0.0,2.7755575615628914e-17
114,0.07125000000000001,8.093643824987702e-16,4.050093593832571e-13,0.0,0.3299016356759587,-0.001039416432690475,1.0009676768670088,0.5,0.0,0.5,0.0,0.4897049070278761,-0.001039416432690475,1.0009676768670088,4094,2,0,0.99951171875,0.00048828125,0.0,2,0.00048828125,0.4897053119504829,-4.049226068081307e-07,0.4897049070278761,-0.0010394164326904597,1.0009676768670082,4094,2,0,0.99951171875,0.00048828125,0.0,2,0.00048828125,0.4897053119504829,-4.04922606808123e-07,0.010295092972123927,1.7165717075224737e-19,0.10215468816447024,4096,0,0,1.0,0.0,0.0,0,0.0,0.010295092972123927,0.0,0.18676065299333855,-0.010404222519275778,0.0009765625,0.0,5.551115123125783e-17
115,0.07187500000000001,8.15561444123986e-16,3.907985046680551e-13,0.0,0.3298626502467446,-0.000904813545210071,1.000842716091017,0.5,0.0,0.5,0.0,0.48958795074023387,-0.000904813545210071,1.000842716091017,4094,2,0,0.99951171875,0.00048828125,0.0,2,0.00048828125,0.489588280293475,-3.2955324110466885e-07,0.48958795074023387,-0.0009048135452100571,1.0008427160910163,4094,2,0,0.99951171875,0.00048828125,0.0,2,0.00048828125,0.489588280293475,-3.295532411046618e-07,0.010412049259766173,1.8838519297275125e-19,0.10281267597962697,4096,0,0,1.0,0.0,0.0,0,0.0,0.010412049259766173,0.0,0.18749951707690998,-0.00905576046143989,0.0009765625,0.0,0.0
116,0.0725,8.220545129625014e-16,3.979039320256561e-13,0.0,0.32982351085736833,-0.0007634038027458704,1.000680921820406,0.5,0.0,0.5,0.0,0.48947053257210504,-0.0007634038027458704,1.000680921820406,4094,2,0,0.99951171875,0.00048828125,0.0,2,0.00048828125,0.4894707836985484,-2.511264433686312e-07,0.489470532572105,-0.0007634038027458579,1.0006809218204051,4094,2,0,0.99951171875,0.00048828125,0.0,2,0.00048828125,0.4894707836985484,-2.511264433686248e-07,0.01052946742789498,2.0664040639954912e-19,0.10346703331584388,4096,0,0,1.0,0.0,0.0,0,0.0,0.01052946742789498,0.0,0.18823866606928477,-0.007639236210529403,0.0009765625,0.0,0.0
117,0.073125,8.289480084662988e-16,3.979039320256561e-13,0.0,0.32978421745128866,-0.0006170572015256452,1.0004870712441298,0.5,0.0,0.5,0.0,0.48935265235386605,-0.0006170572015256452,1.0004870712441298,4094,2,0,0.99951171875,0.00048828125,0.0,2,0.00048828125,0.48935282290319415,-1.7054932808324349e-07,0.48935265235386605,-0.0006170572015256338,1.000487071244129,4094,2,0,0.99951171875,0.00048828125,0.0,2,0.00048828125,0.48935282290319415,-1.705493280832376e-07,0.010647347646133965,2.265561920549881e-19,0.10411772578218366,4096,0,0,1.0,0.0,0.0,0,0.0,0.010647347646133965,0.0,0.18897807289782645,-0.006173577523444909,0.0009765625,0.0,4.163336342344337e-17
118,0.07375,8.336985646473018e-16,4.121147867408581e-13,0.0,0.3297447699776352,-0.0004674160946798924,1.000265553583304,0.5,0.0,0.5,0.0,0.4892343099329055,-0.0004674160946798924,1.000265553583304,4095,1,0,0.999755859375,0.000244140625,0.0,1,0.000244140625,0.48923442404816303,-1.1411525749020811e-07,0.4892343099329055,-0.0004674160946798822,1.0002655535833032,4095,1,0,0.999755859375,0.000244140625,0.0,1,0.000244140625,0.48923442404816303,-1.1411525749020562e-07,0.010765690067094507,2.4827766953255656e-19,0.10476472007489307,4096,0,0,1.0,0.0,0.0,0,0.0,0.010765690067094507,0.0,0.18971771020023215,-0.004675402186987282,0.00048828125,0.0,2.7755575615628914e-17
119,0.074375,8.398681790414373e-16,4.121147867408581e-13,0.0,0.32970516839126585,-0.00031591350787662424,1.0000203867782638,0.5,0.0,0.5,0.0,0.48911550517379754,-0.00031591350787662424,1.0000203867782638,4095,1,0,0.999755859375,0.000244140625,0.0,1,0.000244140625,0.48911558230111885,-7.712732125894147e-08,0.4891155051737976,-0.0003159135078766151,1.0000203867782629,4095,1,0,0.999755859375,0.000244140625,0.0,1,0.000244140625,0.48911558230111885,-7.712732125893923e-08,0.010884494826202459,2.7196285955773977e-19,0.10540798406440094,4096,0,0,1.0,0.0,0.0,0,0.0,0.010884494826202459,0.0,0.19045755034909878,-0.0031591994833525955,0.00048828125,0.0,1.3877787807814457e-17
120,0.075,8.450334312628337e-16,4.192202140984591e-13,0.0,0.32966541265282007,-0.00016379056257148324,1.0000000000000002,0.5,0.0,0.5,0.0,0.4889962379584602,-0.00016379056257148324,1.0000000000000002,4095,1,0,0.999755859375,0.000244140625,0.0,1,0.000244140625,0.4889962779463905,-3.9987930315303526e-08,0.48899623795846014,-0.00016379056257147498,1.0,4095,1,0,0.999755859375,0.000244140625,0.0,1,0.000244140625,0.4889962779463905,-3.998793031530151e-08,0.011003762041539838,2.9778399491123816e-19,0.1060474868776995,4096,0,0,1.0,0.0,0.0,0,0.0,0.011003762041539838,0.0,0.1911975654754316,-0.0016375047230424065,0.00048828125,0.0,0.0
121,0.075625,8.531046405135884e-16,4.263256414560601e-13,0.0,0.3296255027287664,-1.2112996757375472e-05,1.0000000000000002,0.5,0.0,0.5,0.0,0.4888765081862991,-1.2112996757375472e-05,1.0000000000000002,4095,1,0,0.999755859375,0.000244140625,0.0,1,0.000244140625,0.48887651114357367,-2.957274598968621e-09,0.4888765081862991,-1.2112996757368045e-05,1.0,4095,1,0,0.999755859375,0.000244140625,0.0,1,0.000244140625,0.4888765111435737,-2.957274598966808e-09,0.011123491813700932,3.2592900436129213e-19,0.10668319897608182,4096,0,0,1.0,0.0,0.0,0,0.0,0.011123491813700932,0.0,0.1919377274911388,-0.00012106618342105728,0.00048828125,0.0,1.3877787807814457e-17
122,0.07625,8.574802306827916e-16,4.227729277772596e-13,0.0,0.329585438591446,3.1183464021355724e-19,1.0000000000000002,0.5,0.0,0.5,0.0,0.4887563157743379,3.2743077147116084e-19,1.0000000000000002,4096,0,0,1.0,0.0,0.0,0,0.0,0.4887563157743379,0.0,0.4887563157743379,3.1183464021355724e-19,1.0,4096,0,0,1.0,0.0,0.0,0,0.0,0.4887563157743379,0.0,0.011243684225662132,3.5660319895605134e-19,0.10731509222821872,4096,0,0,1.0,0.0,0.0,0,0.0,0.011243684225662132,0.0,0.1926780081105554,3.1183464021355726e-18,0.0,0.0,0.0
123,0.076875,8.610661100456549e-16,4.334310688136611e-13,0.0,0.3295452202191117,3.3710846285923432e-19,1.0000000000000002,0.5,0.0,0.5,0.0,0.4886356606573351,3.5323542946145346e-19,1.0000000000000002,4096,0,0,1.0,0.0,0.0,0,0.0,0.4886356606573351,0.0,0.4886356606573351,3.3710846285923432e-19,1.0,4096,0,0,1.0,0.0,0.0,0,0.0,0.4886356606573351,0.0,0.011364339342664925,3.900311956557767e-19,0.1079431399785699,4096,0,0,1.0,0.0,0.0,0,0.0,0.011364339342664925,0.0,0.19341837887103575,3.3710846285923432e-18,0.0,0.0,1.3877787807814457e-17
124,0.0775,8.660460785097801e-16,4.476419235288631e-13,0.0,0.3295048475959628,3.643403808290965e-19,1.0000000000000002,0.5,0.0,0.5,0.0,0.4885145427878885,3.8100783837690834e-19,1.0000000000000002,4096,0,0,1.0,0.0,0.0,0,0.0,0.4885145427878885,0.0,0.4885145427878885,3.643403808290965e-19,1.0,4096,0,0,1.0,0.0,0.0,0,0.0,0.4885145427878885,0.0,0.011485457212111496,4.2645912001571037e-19,0.10856731711113321,4096,0,0,1.0,0.0,0.0,0,0.0,0.011485457212111496,0.0,0.19415881115265402,3.643403808290965e-18,0.0,0.0,1.3877787807814457e-17
125,0.078125,8.716433048124624e-16,4.547473508864641e-13,0.0,0.32946432071217596,3.93613838097566e-19,1.0000000000000002,0.5,0.0,0.5,0.0,0.4883929621365277,4.108927053740911e-19,1.0000000000000002,4096,0,0,1.0,0.0,0.0,0,0.0,0.4883929621365277,0.0,0.48839296213652766,3.93613838097566e-19,1.0,4096,0,0,1.0,0.0,0.0,0,0.0,0.48839296213652766,0.0,0.011607037863472346,4.661023798312033e-19,0.10918760010854703,4096,0,0,1.0,0.0,0.0,0,0.0,0.011607037863472346,0.0,0.19489927619704878,3.9361383809756604e-18,0.0,0.0,2.7755575615628914e-17
126,0.07875,8.752007969311061e-16,4.405364961712621e-13,0.0,0.32942363956393156,4.246397863484043e-19,1.0000000000000002,0.5,0.0,0.5,0.0,0.48827091869179456,4.424797808987914e-19,1.0000000000000002,4096,0,0,1.0,0.0,0.0,0,0.0,0.48827091869179456,0.0,0.48827091869179456,4.246397863484043e-19,1.0,4096,0,0,1.0,0.0,0.0,0,0.0,0.48827091869179456,0.0,0.011729081308205463,5.08653427635794e-19,0.10980396710656906,4096,0,0,1.0,0.0,0.0,0,0.0,0.011729081308205463,0.0,0.19563974512544802,4.246397863484043e-18,0.0,0.0,0.0
127,0.079375,8.809352225488684e-16,4.334310688136611e-13,0.0,0.3293828041534379,4.579687840326056e-19,1.0000000000000002,0.5,0.0,0.5,0.0,0.4881484124603136,4.76379318069086e-19,1.0000000000000002,4096,0,0,1.0,0.0,0.0,0,0.0,0.4881484124603136,0.0,0.4881484124603136,4.579687840326056e-19,1.0,4096,0,0,1.0,0.0,0.0,0,0.0,0.4881484124603136,0.0,0.011851587539686475,5.548823261540549e-19,0.11041639794396461,4096,0,0,1.0,0.0,0.0,0,0.0,0.011851587539686475,0.0,0.1963801889559063,4.579687840326056e-18,0.0,0.0,2.7755575615628914e-17
128,0.08,8.870138085759692e-16,4.4231285301066237e-13,0.0,0.3293418144889502,4.937699286088592e-19,1.0000000000000002,0.5,0.0,0.5,0.0,0.4880254434668507,5.12760325217307e-19,1.0000000000000002,4096,0,0,1.0,0.0,0.0,0,0.0,0.4880254434668507,0.0,0.4880254434668507,4.937699286088592e-19,1.0,4096,0,0,1.0,0.0,0.0,0,0.0,0.4880254434668507,0.0,0.011974556533149355,6.050998926139695e-19,0.1110248742078455,4096,0,0,1.0,0.0,0.0,0,0.0,0.011974556533149355,0.0,0.19712057861978866,4.937699286088592e-18,0.0,0.0,1.3877787807814457e-17
129,0.080625,8.939407750391225e-16,4.4586556668946287e-13,2.220446049250313e-16,0.3293006705847876,5.322262367408984e-19,1.0000000000000002,0.5000000000000001,2.220446049250313e-16,0.5000000000000001,2.220446049250313e-16,0.4879020117543628,5.51805724813931e-19,1.0000000000000002,4096,0,0,1.0,0.0,0.0,0,0.0,0.4879020117543628,0.0,0.4879020117543628,5.322262367408984e-19,1.0,4096,0,0,1.0,0.0,0.0,0,0.0,0.4879020117543628,0.0,0.012097988245637226,6.596447649141214e-19,0.11162937927450903,4096,0,0,1.0,0.0,0.0,0,0.0,0.012097988245637226,0.0,0.19786088497752924,5.3222623674089836e-18,0.0,0.0,6.938893903907228e-17
130,0.08125,8.988898732872202e-16,4.511946372076636e-13,0.0,0.3292593724613458,5.73536183228272e-19,1.0000000000000002,0.5,0.0,0.5,0.0,0.4877781173840373,5.937138925354617e-19,1.0000000000000002,4096,0,0,1.0,0.0,0.0,0,0.0,0.4877781173840373,0.0,0.4877781173840373,5.73536183228272e-19,1.0,4096,0,0,1.0,0.0,0.0,0,0.0,0.4877781173840373,0.0,0.012221882615962739,7.18886429615577e-19,0.11222989834583419,4096,0,0,1.0,0.0,0.0,0,0.0,0.012221882615962739,0.0,0.1986010788336965,5.73536183228272e-18,0.0,0.0,0.0
131,0.081875,9.054238425389862e-16,4.565237077258644e-13,0.0,0.3292179201451075,6.179154733545499e-19,1.0000000000000002,0.5,0.0,0.5,0.0,0.4876537604353223,6.387004297525121e-19,1.0000000000000002,4096,0,0,1.0,0.0,0.0,0,0.0,0.4876537604353223,0.0,0.4876537604353223,6.179154733545499e-19,1.0,4096,0,0,1.0,0.0,0.0,0,0.0,0.4876537604353223,0.0,0.01234623956467772,7.832286860809794e-19,0.11282641848129932,4096,0,0,1.0,0.0,0.0,0,0.0,0.01234623956467772,0.0,0.19934113095139094,6.179154733545499e-18,0.0,0.0,1.3877787807814457e-17
132,0.0825,9.101675049090854e-16,4.600764214046649e-13,0.0,0.32917631366864947,6.65599089854884e-19,1.0000000000000002,0.5,0.0,0.5,0.0,0.48752894100594846,6.870002106397136e-19,1.0000000000000002,4096,0,0,1.0,0.0,0.0,0,0.0,0.48752894100594846,0.0,0.48752894100594846,6.65599089854884e-19,1.0,4096,0,0,1.0,0.0,0.0,0,0.0,0.48752894100594846,0.0,0.012471058994051563,8.5311362325244035e-19,0.11341892862569229,4096,0,0,1.0,0.0,0.0,0,0.0,0.012471058994051563,0.0,0.20008101206600398,6.6559908985488395e-18,0.0,0.0,2.7755575615628914e-17
133,0.083125,9.169716864465487e-16,4.600764214046649e-13,0.0,0.3291345530706473,7.168436631425407e-19,1.0000000000000002,0.5,0.0,0.5,0.0,0.48740365921194195,7.388697525467799e-19,1.0000000000000002,4096,0,0,1.0,0.0,0.0,0,0.0,0.48740365921194195,0.0,0.48740365921194195,7.168436631425407e-19,1.0,4096,0,0,1.0,0.0,0.0,0,0.0,0.48740365921194195,0.0,0.012596340788058071,9.290261998897422e-19,0.1140074196325908,4096,0,0,1.0,0.0,0.0,0,0.0,0.012596340788058071,0.0,0.20082069289836185,7.168436631425408e-18,0.0,0.0,2.7755575615628914e-17
134,0.08375,9.22529671698391e-16,4.565237077258644e-13,0.0,0.3290926383958766,7.719302221738593e-19,1.0000000000000002,0.5,0.0,0.5,0.0,0.48727791518762975,7.945899670099002e-19,1.0000000000000002,4096,0,0,1.0,0.0,0.0,0,0.0,0.48727791518762975,0.0,0.4872779151876297,7.719302221738593e-19,1.0,4096,0,0,1.0,0.0,0.0,0,0.0,0.4872779151876297,0.0,0.01272208481237028,1.0114995360823299e-18,0.11459188428369586,4096,0,0,1.0,0.0,0.0,0,0.0,0.01272208481237028,0.0,0.2015601441672809,7.719302221738592e-18,0.0,0.0,1.3877787807814457e-17
135,0.084375,9.256568475129116e-16,4.583000645652646e-13,0.0,0.32905056969521235,8.311673935895749e-19,1.0000000000000002,0.5,0.0,0.5,0.0,0.487151709085637,8.544693590411319e-19,1.0000000000000002,4096,0,0,1.0,0.0,0.0,0,0.0,0.487151709085637,0.0,0.487151709085637,8.311673935895749e-19,1.0,4096,0,0,1.0,0.0,0.0,0,0.0,0.487151709085637,0.0,0.012848290914363007,1.1011210439777652e-18,0.11517231730410758,4096,0,0,1.0,0.0,0.0,0,0.0,0.012848290914363007,0.0,0.20229933660155633,8.311673935895749e-18,0.0,0.0,1.3877787807814457e-17
136,0.085,9.299892248794931e-16,4.636291350834654e-13,0.0,0.32900834702562576,8.948951287978563e-19,1.0000000000000002,0.5,0.0,0.5,0.0,0.48702504107687733,9.188477543608742e-19,1.0000000000000002,4096,0,0,1.0,0.0,0.0,0,0.0,0.48702504107687733,0.0,0.48702504107687733,8.948951287978563e-19,1.0,4096,0,0,1.0,0.0,0.0,0,0.0,0.48702504107687733,0.0,0.012974958923122667,1.19853954949117e-18,0.11574871537363696,4096,0,0,1.0,0.0,0.0,0,0.0,0.012974958923122667,0.0,0.2030382409514072,8.948951287978562e-18,0.0,0.0,0.0
137,0.085625,9.355154755174116e-16,4.671818487622659e-13,0.0,0.32896597045017867,9.626446619364486e-19,1.0000000000000002,0.5,0.0,0.5,0.0,0.48689791135053595,9.873687018518272e-19,1.0000000000000002,4096,0,0,1.0,0.0,0.0,0,0.0,0.48689791135053595,0.0,0.4868979113505359,9.626446619364486e-19,1.0,4096,0,0,1.0,0.0,0.0,0,0.0,0.4868979113505359,0.0,0.01310208864946412,1.303594343017383e-18,0.11632107713425223,4096,0,0,1.0,0.0,0.0,0,0.0,0.01310208864946412,0.0,0.20377682799940017,9.626446619364486e-18,0.0,0.0,2.7755575615628914e-17
138,0.08625000000000001,9.407872735656337e-16,4.689582056016661e-13,0.0,0.32892344003801527,1.034077893472575e-18,1.0000000000000002,0.5,0.0,0.5,0.0,0.48677032011404586,1.0594716549362156e-18,1.0000000000000002,4096,0,0,1.0,0.0,0.0,0,0.0,0.48677032011404586,0.0,0.48677032011404586,1.034077893472575e-18,1.0,4096,0,0,1.0,0.0,0.0,0,0.0,0.48677032011404586,0.0,0.013229679885954162,1.415562117634569e-18,0.11688940319376266,4096,0,0,1.0,0.0,0.0,0,0.0,0.013229679885954162,0.0,0.2045150685708709,1.034077893472575e-17,0.0,0.0,1.3877787807814457e-17
139,0.08687500000000001,9.451351394564057e-16,4.636291350834654e-13,2.220446049250313e-16,0.3288807558643529,1.1106006448286887e-18,1.0000000000000002,0.5000000000000001,2.220446049250313e-16,0.5000000000000001,2.220446049250313e-16,0.4866422675930586,1.1366721498935068e-18,1.0000000000000002,4096,0,0,1.0,0.0,0.0,0,0.0,0.4866422675930586,0.0,0.4866422675930586,1.1106006448286887e-18,1.0,4096,0,0,1.0,0.0,0.0,0,0.0,0.4866422675930586,0.0,0.013357732406941386,1.5367732446649774e-18,0.11745369612584615,4096,0,0,1.0,0.0,0.0,0,0.0,0.013357732406941386,0.0,0.2052529335438645,1.1106006448286886e-17,0.0,0.0,1.3877787807814457e-17
140,0.08750000000000001,9.508259527762288e-16,4.760636329592671e-13,0.0,0.3288379180104693,1.1925907882982109e-18,1.0000000000000002,0.5,0.0,0.5,0.0,0.4865137540314079,1.2193479151155211e-18,1.0000000000000002,4096,0,0,1.0,0.0,0.0,0,0.0,0.4865137540314079,0.0,0.48651375403140784,1.1925907882982109e-18,1.0,4096,0,0,1.0,0.0,0.0,0,0.0,0.48651375403140784,0.0,0.013486245968592124,1.6680018976286512e-18,0.11801396046653091,4096,0,0,1.0,0.0,0.0,0,0.0,0.013486245968592124,0.0,0.20599039385861273,1.192590788298211e-17,0.0,0.0,2.7755575615628914e-17
141,0.088125,9.544752491332203e-16,4.760636329592671e-13,0.0,0.3287949265636893,1.280460852620032e-18,1.0000000000000002,0.5,0.0,0.5,0.0,0.48638477969106786,1.3079113320744058e-18,1.0000000000000002,4096,0,0,1.0,0.0,0.0,0,0.0,0.48638477969106786,0.0,0.48638477969106786,1.280460852620032e-18,1.0,4096,0,0,1.0,0.0,0.0,0,0.0,0.48638477969106786,0.0,0.013615220308932138,1.8100961745154284e-18,0.11857020270724423,4096,0,0,1.0,0.0,0.0,0,0.0,0.013615220308932138,0.0,0.2067274205265665,1.280460852620032e-17,0.0,0.0,0.0
142,0.08875,9.605740105812919e-16,4.831690603168681e-13,0.0,0.32875178161736873,1.3746624689953541e-18,1.0000000000000002,0.5,0.0,0.5,0.0,0.4862553448521062,1.4028138814947902e-18,1.0000000000000002,4096,0,0,1.0,0.0,0.0,0,0.0,0.4862553448521062,0.0,0.4862553448521062,1.3746624689953541e-18,1.0,4096,0,0,1.0,0.0,0.0,0,0.0,0.4862553448521062,0.0,0.013744655147893855,1.963987245847606e-18,0.11912243128454408,4096,0,0,1.0,0.0,0.0,0,0.0,0.013744655147893855,0.0,0.20746398463900145,1.3746624689953541e-17,0.0,0.0,1.3877787807814457e-17
143,0.089375,9.670527838025059e-16,4.849454171562684e-13,0.0,0.3287084832708771,1.4756915346120026e-18,1.0000000000000002,0.5,0.0,0.5,0.0,0.4861254498126312,1.504551307033232e-18,1.0000000000000002,4096,0,0,1.0,0.0,0.0,0,0.0,0.4861254498126312,0.0,0.4861254498126312,1.4756915346120026e-18,1.0,4096,0,0,1.0,0.0,0.0,0,0.0,0.4861254498126312,0.0,0.013874550187368846,2.1306999465812713e-18,0.11967065656665182,4096,0,0,1.0,0.0,0.0,0,0.0,0.013874550187368846,0.0,0.20820005737521208,1.4756915346120025e-17,0.0,0.0,0.0
144,0.09,9.734730928629366e-16,4.902744876744691e-13,0.0,0.3286650316295783,1.5840942172609395e-18,1.0000000000000002,0.5,0.0,0.5,0.0,0.48599509488873477,1.6136696200494864e-18,1.0000000000000002,4096,0,0,1.0,0.0,0.0,0,0.0,0.48599509488873477,0.0,0.48599509488873477,1.5840942172609395e-18,1.0,4096,0,0,1.0,0.0,0.0,0,0.0,0.48599509488873477,0.0,0.014004905111265276,2.3113650665598026e-18,0.12021489083690604,4096,0,0,1.0,0.0,0.0,0,0.0,0.014004905111265276,0.0,0.20893561001031177,1.5840942172609396e-17,0.0,0.0,1.3877787807814457e-17
145,0.090625,9.797337358254001e-16,4.920508445138694e-13,0.0,0.32862142680481,1.7004739455746662e-18,1.0000000000000002,0.5,0.0,0.5,0.0,0.4858642804144299,1.7307720899990952e-18,1.0000000000000002,4096,0,0,1.0,0.0,0.0,0,0.0,0.4858642804144299,0.0,0.4858642804144299,1.7004739455746662e-18,1.0,4096,0,0,1.0,0.0,0.0,0,0.0,0.4858642804144299,0.0,0.014135719585570146,2.5072336397220746e-18,0.12075514827425936,4096,0,0,1.0,0.0,0.0,0,0.0,0.014135719585570146,0.0,0.2096706139226528,1.700473945574666e-17,0.0,0.0,0.0
146,0.09125,9.824007795963553e-16,4.884981308350689e-13,0.0,0.32857766891386136,1.825499553753828e-18,1.0000000000000002,0.5,0.0,0.5,0.0,0.485733006741584,1.856527389313425e-18,1.0000000000000002,4096,0,0,1.0,0.0,0.0,0,0.0,0.485733006741584,0.0,0.485733006741584,1.825499553753828e-18,1.0,4096,0,0,1.0,0.0,0.0,0,0.0,0.485733006741584,0.0,0.014266993258416039,2.7196935856279454e-18,0.12129144493094134,4096,0,0,1.0,0.0,0.0,0,0.0,0.014266993258416039,0.0,0.2104050406008816,1.8254995537538278e-17,0.0,0.0,0.0
147,0.091875,9.872501592982256e-16,4.902744876744691e-13,0.0,0.3285337580799493,1.9599147778944255e-18,1.0000000000000002,0.5,0.0,0.5,0.0,0.4856012742398479,1.991679089879388e-18,1.0000000000000002,4096,0,0,1.0,0.0,0.0,0,0.0,0.4856012742398479,0.0,0.48560127423984784,1.9599147778944255e-18,1.0,4096,0,0,1.0,0.0,0.0,0,0.0,0.48560127423984784,0.0,0.014398725760152152,2.9502891193899276e-18,0.12182379870741158,4096,0,0,1.0,0.0,0.0,0,0.0,0.014398725760152152,0.0,0.21113886165064344,1.9599147778944254e-17,0.0,0.0,1.3877787807814457e-17
148,0.0925,9.9212741844135e-16,4.867217739956686e-13,0.0,0.3284896944321935,2.1045493337751766e-18,1.0000000000000002,0.5,0.0,0.5,0.0,0.4854690832965806,2.1370567409782184e-18,1.0000000000000002,4096,0,0,1.0,0.0,0.0,0,0.0,0.4854690832965806,0.0,0.48546908329658056,2.1045493337751766e-18,1.0,4096,0,0,1.0,0.0,0.0,0,0.0,0.48546908329658056,0.0,0.014530916703419454,3.2007434192884597e-18,0.12235222932472807,4096,0,0,1.0,0.0,0.0,0,0.0,0.014530916703419454,0.0,0.21187204880094918,2.1045493337751767e-17,0.0,0.0,0.0
149,0.093125,9.965730232486248e-16,4.849454171562684e-13,0.0,0.32844547810559016,2.2542914712319703e-18,1.0000000000000002,0.5,0.0,0.5,0.0,0.48533643431677037,2.2877323757023673e-18,1.0000000000000002,4096,0,0,1.0,0.0,0.0,0,0.0,0.48533643431677037,0.0,0.4853364343167704,2.2542914712319703e-18,1.0,4096,0,0,1.0,0.0,0.0,0,0.0,0.4853364343167704,0.0,0.014663565683229664,3.4654869547131382e-18,0.12287675829445573,4096,0,0,1.0,0.0,0.0,0,0.0,0.014663565683229664,0.0,0.21260457391021828,2.2542914712319704e-17,0.0,0.0,1.3877787807814457e-17
150,0.09375,1.0020324474818844e-15,4.938272013532696e-13,0.0,0.32840110924098403,2.413114328978053e-18,1.0000000000000002,0.5,0.0,0.5,0.0,0.48520332772295205,2.4473148490003128e-18,1.0000000000000002,4096,0,0,1.0,0.0,0.0,0,0.0,0.48520332772295205,0.0,0.48520332772295205,2.413114328978053e-18,1.0,4096,0,0,1.0,0.0,0.0,0,0.0,0.48520332772295205,0.0,0.014796672277047958,3.747852772495863e-18,0.12339740888624105,4096,0,0,1.0,0.0,0.0,0,0.0,0.014796672277047958,0.0,0.21333640897200945,2.4131143289780533e-17,0.0,0.0,0.0
151,0.094375,1.0064091772648379e-15,4.956035581926699e-13,0.0,0.3283565879850403,2.5829667785882635e-18,1.0000000000000002,0.5,0.0,0.5,0.0,0.4850697639551209,2.6179330002042805e-18,1.0000000000000002,4096,0,0,1.0,0.0,0.0,0,0.0,0.4850697639551209,0.0,0.4850697639551209,2.5829667785882635e-18,1.0,4096,0,0,1.0,0.0,0.0,0,0.0,0.4850697639551209,0.0,0.014930236044879142,4.052775500709043e-18,0.12391420609317802,4096,0,0,1.0,0.0,0.0,0,0.0,0.014930236044879142,0.0,0.2140675261204512,2.5829667785882635e-17,0.0,0.0,1.3877787807814457e-17
152,0.095,1.0122198240525687e-15,4.991562718714704e-13,2.220446049250313e-16,0.32831191449021435,2.7647018242332113e-18,1.0000000000000002,0.5000000000000001,2.220446049250313e-16,0.5000000000000001,2.220446049250313e-16,0.48493574347064294,2.8004396554925627e-18,1.0000000000000002,4096,0,0,1.0,0.0,0.0,0,0.0,0.48493574347064294,0.0,0.48493574347064294,2.7647018242332113e-18,1.0,4096,0,0,1.0,0.0,0.0,0,0.0,0.48493574347064294,0.0,0.015064256529357119,4.382173296939992e-18,0.1244271765950903,4096,0,0,1.0,0.0,0.0,0,0.0,0.015064256529357119,0.0,0.2147978976353839,2.7647018242332112e-17,0.0,0.0,0.0
153,0.095625,1.0176868617161874e-15,5.027089855502709e-13,0.0,0.3282670889147209,2.959260496036582e-18,1.0000000000000002,0.5,0.0,0.5,0.0,0.4848012667441625,2.995775665393424e-18,1.0000000000000002,4096,0,0,1.0,0.0,0.0,0,0.0,0.4848012667441625,0.0,0.4848012667441626,2.959260496036582e-18,1.0,4096,0,0,1.0,0.0,0.0,0,0.0,0.4848012667441626,0.0,0.01519873325583751,4.738163617039603e-18,0.12493634871985429,4096,0,0,1.0,0.0,0.0,0,0.0,0.01519873325583751,0.0,0.21552749594722437,2.959260496036582e-17,0.0,0.0,1.3877787807814457e-17
154,0.09625,1.0220675188153087e-15,5.080380560684716e-13,0.0,0.3282221114225023,3.1676842066718985e-18,1.0000000000000002,0.5,0.0,0.5,0.0,0.4846663342675068,3.204982261526621e-18,1.0000000000000002,4096,0,0,1.0,0.0,0.0,0,0.0,0.4846663342675068,0.0,0.4846663342675068,3.1676842066718985e-18,1.0,4096,0,0,1.0,0.0,0.0,0,0.0,0.4846663342675068,0.0,0.015333665732493191,5.123090361803204e-18,0.1254727430169612,4096,0,0,1.0,0.0,0.0,0,0.0,0.015333665732493191,0.0,0.21625629364156296,3.1676842066718985e-17,0.0,0.0,0.0
155,0.096875,1.0262280468078085e-15,5.080380560684716e-13,2.220446049250313e-16,0.32817698218319574,3.39112910512131e-18,1.0000000000000002,0.5000000000000001,2.220446049250313e-16,0.5000000000000001,2.220446049250313e-16,0.4845309465495873,3.4292154105049563e-18,1.0000000000000002,4096,0,0,1.0,0.0,0.0,0,0.0,0.4845309465495873,0.0,0.48453094654958734,3.39112910512131e-18,1.0,4096,0,0,1.0,0.0,0.0,0,0.0,0.48453094654958734,0.0,0.01546905345041268,5.539555433974423e-18,0.12603640105415992,4096,0,0,1.0,0.0,0.0,0,0.0,0.01546905345041268,0.0,0.21698426346350463,3.39112910512131e-17,0.0,0.0,4.163336342344337e-17
156,0.0975,1.0318305420549483e-15,5.080380560684716e-13,0.0,0.3281317013720996,3.6308827548921826e-18,1.0000000000000002,0.5,0.0,0.5,0.0,0.48439510411629894,3.669762492291534e-18,1.0000000000000002,4096,0,0,1.0,0.0,0.0,0,0.0,0.48439510411629894,0.0,0.48439510411629894,3.6308827548921826e-18,1.0,4096,0,0,1.0,0.0,0.0,0,0.0,0.48439510411629894,0.0,0.015604895883701082,5.9904554589599705e-18,0.1265969222821004,4096,0,0,1.0,0.0,0.0,0,0.0,0.015604895883701082,0.0,0.21771137832176196,3.6308827548921826e-17,0.0,0.0,1.3877787807814457e-17
157,0.098125,1.0359934250449756e-15,5.080380560684716e-13,0.0,0.3280862691701388,3.888383515749457e-18,1.0000000000000002,0.5,0.0,0.5,0.0,0.4842588075104164,3.928061682070594e-18,1.0000000000000002,4096,0,0,1.0,0.0,0.0,0,0.0,0.4842588075104164,0.0,0.4842588075104164,3.888383515749457e-18,1.0,4096,0,0,1.0,0.0,0.0,0,0.0,0.4842588075104164,0.0,0.015741192489583604,6.479024549207595e-18,0.1271543615609522,4096,0,0,1.0,0.0,0.0,0,0.0,0.015741192489583604,0.0,0.218437611292511,3.888383515749457e-17,0.0,0.0,1.3877787807814457e-17
158,0.09875,1.041061380120967e-15,5.115907697472721e-13,0.0,0.32804068576382955,4.1652430675442904e-18,1.0000000000000002,0.5,0.0,0.5,0.0,0.48412205729148866,4.205724474212331e-18,1.0000000000000002,4096,0,0,1.0,0.0,0.0,0,0.0,0.48412205729148866,0.0,0.4841220572914887,4.1652430675442904e-18,1.0,4096,0,0,1.0,0.0,0.0,0,0.0,0.4841220572914887,0.0,0.015877942708511335,7.008884139120848e-18,0.1277087726672332,4096,0,0,1.0,0.0,0.0,0,0.0,0.015877942708511335,0.0,0.2191629356230186,4.1652430675442906e-17,0.0,0.0,1.3877787807814457e-17
159,0.099375,1.0465126204831967e-15,5.098144129078719e-13,0.0,0.3279949513452436,4.463272583094196e-18,1.0,0.5,0.0,0.5,0.0,0.4839848540357308,4.5045618552868535e-18,1.0,4096,0,0,1.0,0.0,0.0,0,0.0,0.4839848540357308,0.0,0.48398485403573077,4.463272583094196e-18,1.0,4096,0,0,1.0,0.0,0.0,0,0.0,0.48398485403573077,0.0,0.016015145964269263,7.584101087758644e-18,0.12826771389474453,4096,0,0,1.0,0.0,0.0,0,0.0,0.016015145964269263,0.0,0.21988732473504946,4.463272583094196e-17,0.0,0.0,1.3877787807814457e-17
160,0.1,1.0523100684971558e-15,5.098144129078719e-13,0.0,0.3279490661119712,4.784513135531473e-18,1.0,0.5,0.0,0.5,0.0,0.48384719833591366,4.826614711543971e-18,1.0,4096,0,0,1.0,0.0,0.0,0,0.0,0.48384719833591366,0.0,0.48384719833591366,4.784513135531473e-18,1.0,4096,0,0,1.0,0.0,0.0,0,0.0,0.48384719833591366,0.0,0.016152801664086357,8.209255443932393e-18,0.1288410819330195,4096,0,0,1.0,0.0,0.0,0,0.0,0.016152801664086357,0.0,0.2206107522280616,4.784513135531473e-17,0.0,0.0,1.3877787807814457e-17
161,0.100625,1.0586543471753007e-15,5.186961971048731e-13,0.0,0.3279030302670842,5.108331623100042e-18,1.0,0.5,0.0,0.5,0.0,0.4837090908012525,5.151524961942683e-18,1.0,4096,0,0,1.0,0.0,0.0,0,0.0,0.4837090908012525,0.0,0.4837090908012525,5.108331623100042e-18,1.0,4096,0,0,1.0,0.0,0.0,0,0.0,0.4837090908012525,0.0,0.016290909198747545,8.859541113625683e-18,0.12940691304504082,4096,0,0,1.0,0.0,0.0,0,0.0,0.016290909198747545,0.0,0.2213331918821986,5.108331623100042e-17,0.0,0.0,1.3877787807814457e-17
162,0.10125,1.0627994951390163e-15,5.258016244624741e-13,2.220446049250313e-16,0.3278568440190974,5.4528202206336695e-18,1.0,0.5000000000000001,2.220446049250313e-16,0.5,0.0,0.4835705320572924,5.496839273824499e-18,1.0,4096,0,0,1.0,0.0,0.0,0,0.0,0.4835705320572924,0.0,0.4835705320572924,5.4528202206336695e-18,1.0,4096,0,0,1.0,0.0,0.0,0,0.0,0.4835705320572924,0.0,0.016429467942707554,9.549563529394904e-18,0.12996520850997378,4096,0,0,1.0,0.0,0.0,0,0.0,0.016429467942707554,0.0,0.2220546176610857,5.4528202206336697e-17,0.0,0.0,0.0
163,0.10187500000000001,1.066184052557876e-15,5.222489107836736e-13,0.0,0.32781050758193125,5.820985641700841e-18,1.0,0.5,0.0,0.5,0.0,0.48343152274579365,5.865834257442998e-18,1.0,4096,0,0,1.0,0.0,0.0,0,0.0,0.48343152274579365,0.0,0.48343152274579365,5.820985641700841e-18,1.0,4096,0,0,1.0,0.0,0.0,0,0.0,0.48343152274579365,0.0,0.016568477254206397,1.0293610051168458e-17,0.13051597544945462,4096,0,0,1.0,0.0,0.0,0,0.0,0.016568477254206397,0.0,0.22277500371443787,5.820985641700841e-17,0.0,0.0,0.0
164,0.10250000000000001,1.0701507204991167e-15,5.275779813018744e-13,0.0,0.3277640211748712,6.2147686917389194e-18,1.0,0.5,0.0,0.5,0.0,0.48329206352461357,6.260450526012201e-18,1.0,4096,0,0,1.0,0.0,0.0,0,0.0,0.48329206352461357,0.0,0.48329206352461357,6.2147686917389194e-18,1.0,4096,0,0,1.0,0.0,0.0,0,0.0,0.48329206352461357,0.0,0.016707936475386438,1.109642309035228e-17,0.13105922672013562,4096,0,0,1.0,0.0,0.0,0,0.0,0.016707936475386438,0.0,0.22349432438048644,6.21476869173892e-17,0.0,0.0,1.3877787807814457e-17
165,0.10312500000000001,1.076121386050267e-15,5.275779813018744e-13,0.0,0.32771738502252973,6.6363301195250026e-18,1.0,0.5,0.0,0.5,0.0,0.48315215506758913,6.6828486360337165e-18,1.0,4096,0,0,1.0,0.0,0.0,0,0.0,0.48315215506758913,0.0,0.4831521550675891,6.6363301195250026e-18,1.0,4096,0,0,1.0,0.0,0.0,0,0.0,0.4831521550675891,0.0,0.016847844932410948,1.1963277094852986e-17,0.1315949808011089,4096,0,0,1.0,0.0,0.0,0,0.0,0.016847844932410948,0.0,0.22421255418823188,6.636330119525003e-17,0.0,0.0,1.3877787807814457e-17
166,0.10375000000000001,1.0825412052327327e-15,5.293543381412746e-13,0.0,0.3276705993548054,7.088082535637209e-18,1.0,0.5,0.0,0.5,0.0,0.4830117980644161,7.135441005876265e-18,1.0,4096,0,0,1.0,0.0,0.0,0,0.0,0.4830117980644161,0.0,0.483011798064416,7.088082535637209e-18,1.0,4096,0,0,1.0,0.0,0.0,0,0.0,0.483011798064416,0.0,0.016988201935583983,1.2900054657994322e-17,0.1321232616765102,4096,0,0,1.0,0.0,0.0,0,0.0,0.016988201935583983,0.0,0.2249296678595289,7.088082535637208e-17,0.0,0.0,4.163336342344337e-17
167,0.104375,1.08825243246271e-15,5.346834086594754e-13,0.0,0.3276236644068428,7.572727331603732e-18,1.0,0.5,0.0,0.5,0.0,0.4828709932205285,7.620928835040166e-18,1.0,4096,0,0,1.0,0.0,0.0,0,0.0,0.4828709932205285,0.0,0.4828709932205285,7.572727331603732e-18,1.0,4096,0,0,1.0,0.0,0.0,0,0.0,0.4828709932205285,0.0,0.017129006779471528,1.3913334842462337e-17,0.1326440987136033,4096,0,0,1.0,0.0,0.0,0,0.0,0.017129006779471528,0.0,0.22564564031100992,7.572727331603732e-17,0.0,0.0,1.3877787807814457e-17
168,0.105,1.0940380422861975e-15,5.346834086594754e-13,2.220446049250313e-16,0.32757658041899207,8.093297372030915e-18,1.0,0.5,0.0,0.5000000000000001,2.220446049250313e-16,0.4827297412569762,8.142344796397988e-18,1.0,4096,0,0,1.0,0.0,0.0,0,0.0,0.4827297412569762,0.0,0.4827297412569762,8.093297372030915e-18,1.0,4096,0,0,1.0,0.0,0.0,0,0.0,0.4827297412569762,0.0,0.017270258743023792,1.501049570518033e-17,0.13315752653664506,4096,0,0,1.0,0.0,0.0,0,0.0,0.017270258743023792,0.0,0.22636044665585478,8.093297372030915e-17,0.0,0.0,2.7755575615628914e-17
169,0.105625,1.1010697617115424e-15,5.400124791776761e-13,0.0,0.32752934763676717,8.653206345939282e-18,1.0,0.5,0.0,0.5,0.0,0.48258804291030144,8.703102387640288e-18,1.0,4096,0,0,1.0,0.0,0.0,0,0.0,0.48258804291030144,0.0,0.4825880429103014,8.653206345939282e-18,1.0,4096,0,0,1.0,0.0,0.0,0,0.0,0.4825880429103014,0.0,0.01741195708969858,1.6199833321647147e-17,0.1336635848968292,4096,0,0,1.0,0.0,0.0,0,0.0,0.01741195708969858,0.0,0.2270740622054102,8.653206345939282e-17,0.0,0.0,1.3877787807814457e-17
170,0.10625,1.1068145150109797e-15,5.382361223382759e-13,0.0,0.3274819663108048,9.256305793335364e-18,1.0,0.5,0.0,0.5,0.0,0.4824458989324144,9.307052957954227e-18,1.0,4096,0,0,1.0,0.0,0.0,0,0.0,0.4824458989324144,0.0,0.48244589893241446,9.256305793335364e-18,1.0,4096,0,0,1.0,0.0,0.0,0,0.0,0.48244589893241446,0.0,0.017554101067585592,1.7490699967718683e-17,0.13416231853860514,4096,0,0,1.0,0.0,0.0,0,0.0,0.017554101067585592,0.0,0.2277864624706669,9.256305793335364e-17,0.0,0.0,0.0
171,0.106875,1.1101512947117181e-15,5.382361223382759e-13,0.0,0.32743443669682276,9.906950970772459e-18,1.0,0.5,0.0,0.5,0.0,0.48230331009046834,9.958551573688214e-18,1.0,4096,0,0,1.0,0.0,0.0,0,0.0,0.48230331009046834,0.0,0.48230331009046834,9.906950970772459e-18,1.0,4096,0,0,1.0,0.0,0.0,0,0.0,0.48230331009046834,0.0,0.01769668990953164,1.8893664529676232e-17,0.13466303327217763,4096,0,0,1.0,0.0,0.0,0,0.0,0.01769668990953164,0.0,0.22849762316359853,9.906950970772458e-17,0.0,0.0,2.7755575615628914e-17
172,0.1075,1.1154229367144964e-15,5.453415496958769e-13,0.0,0.3273867590555778,1.0610076887619594e-17,1.0,0.5,0.0,0.5,0.0,0.4821602771667333,1.0662533054721806e-17,1.0,4096,0,0,1.0,0.0,0.0,0,0.0,0.4821602771667333,0.0,0.4821602771667334,1.0610076887619594e-17,1.0,4096,0,0,1.0,0.0,0.0,0,0.0,0.4821602771667334,0.0,0.01783972283326665,2.0420698687180385e-17,0.13518008607153223,4096,0,0,1.0,0.0,0.0,0,0.0,0.01783972283326665,0.0,0.22920752019836876,1.0610076887619594e-16,0.0,0.0,0.0
173,0.108125,1.120553789789523e-15,5.471179065352771e-13,0.0,0.32733893365282324,1.1366057177456326e-17,1.0,0.5,0.0,0.5,0.0,0.48201680095846966,1.1419753592593187e-17,1.0,4096,0,0,1.0,0.0,0.0,0,0.0,0.48201680095846966,0.0,0.48201680095846966,1.1366057177456326e-17,1.0,4096,0,0,1.0,0.0,0.0,0,0.0,0.48201680095846966,0.0,0.01798319904153036,2.2085392956805542e-17,0.135694787353122,4096,0,0,1.0,0.0,0.0,0,0.0,0.01798319904153036,0.0,0.22991612969241076,1.1366057177456324e-16,0.0,0.0,2.7755575615628914e-17
174,0.10875,1.1262423885602366e-15,5.400124791776761e-13,2.220446049250313e-16,0.3272909607592668,1.2106947014492954e-17,1.0,0.5,0.0,0.5000000000000001,2.220446049250313e-16,0.48187288227780034,1.2161509076525469e-17,1.0,4096,0,0,1.0,0.0,0.0,0,0.0,0.48187288227780034,0.0,0.48187288227780034,1.2106947014492954e-17,1.0,4096,0,0,1.0,0.0,0.0,0,0.0,0.48187288227780034,0.0,0.01812711772219968,2.3780132493560842e-17,0.136207173893602,4096,0,0,1.0,0.0,0.0,0,0.0,0.01812711772219968,0.0,0.2306234279673845,1.210694701449295e-16,0.0,0.0,0.0
175,0.109375,1.1326182966154498e-15,5.400124791776761e-13,0.0,0.3272428406505277,1.2898890886884036e-17,1.0,0.5,0.0,0.5,0.0,0.4817285219515834,1.2954320124033474e-17,1.0,4096,0,0,1.0,0.0,0.0,0,0.0,0.4817285219515834,0.0,0.48172852195158333,1.2898890886884036e-17,1.0,4096,0,0,1.0,0.0,0.0,0,0.0,0.48172852195158333,0.0,0.018271478048416608,2.5570344554449254e-17,0.13671728150104145,4096,0,0,1.0,0.0,0.0,0,0.0,0.018271478048416608,0.0,0.23132939155001722,1.2898890886884034e-16,0.0,0.0,0.0
176,0.11,1.138052395553595e-15,5.364597654988756e-13,0.0,0.32719457360709453,1.3746312978801211e-17,1.0,0.5,0.0,0.5,0.0,0.4815837208212835,1.3802610729431143e-17,1.0,4096,0,0,1.0,0.0,0.0,0,0.0,0.4815837208212835,0.0,0.4815837208212835,1.3746312978801211e-17,1.0,4096,0,0,1.0,0.0,0.0,0,0.0,0.4815837208212835,0.0,0.01841627917871661,2.750117409522349e-17,0.1372251450318398,4096,0,0,1.0,0.0,0.0,0,0.0,0.01841627917871661,0.0,0.23203399717283013,1.374631297880121e-16,0.0,0.0,2.7755575615628914e-17
177,0.110625,1.142360338004815e-15,5.400124791776761e-13,0.0,0.32714615991428087,1.4654164897348677e-17,1.0,0.5,0.0,0.5,0.0,0.4814384797428426,1.471133231112019e-17,1.0,4096,0,0,1.0,0.0,0.0,0,0.0,0.4814384797428426,0.0,0.48143847974284254,1.4654164897348677e-17,1.0,4096,0,0,1.0,0.0,0.0,0,0.0,0.48143847974284254,0.0,0.01856152025715746,2.95857105911136e-17,0.13773298045260274,4096,0,0,1.0,0.0,0.0,0,0.0,0.01856152025715746,0.0,0.2327372217747578,1.4654164897348674e-16,0.0,0.0,2.7755575615628914e-17
178,0.11125,1.1475052029201373e-15,5.435651928564766e-13,0.0,0.32709759986218384,1.562800152272708e-17,1.0,0.5,0.0,0.5,0.0,0.4812927995865516,1.5686039561839888e-17,1.0,4096,0,0,1.0,0.0,0.0,0,0.0,0.4812927995865516,0.0,0.4812927995865516,1.562800152272708e-17,1.0,4096,0,0,1.0,0.0,0.0,0,0.0,0.4812927995865516,0.0,0.018707200413448408,3.1838619765662075e-17,0.1382640605154557,4096,0,0,1.0,0.0,0.0,0,0.0,0.018707200413448408,0.0,0.23343904250166286,1.562800152272708e-16,0.0,0.0,4.163336342344337e-17
179,0.111875,1.1508292551424564e-15,5.471179065352771e-13,0.0,0.3270488937456401,1.667406818279223e-17,1.0,0.5,0.0,0.5,0.0,0.4811466812369204,1.673297762330878e-17,1.0,4096,0,0,1.0,0.0,0.0,0,0.0,0.4811466812369204,0.0,0.48114668123692045,1.667406818279223e-17,1.0,4096,0,0,1.0,0.0,0.0,0,0.0,0.48114668123692045,0.0,0.018853318763079628,3.42763725785019e-17,0.13879285240334266,4096,0,0,1.0,0.0,0.0,0,0.0,0.018853318763079628,0.0,0.23413943670675097,1.6674068182792226e-16,0.0,0.0,1.3877787807814457e-17
180,0.1125,1.155433428388934e-15,5.435651928564766e-13,0.0,0.32700004186418274,1.7799400794854083e-17,1.0,0.5,0.0,0.5,0.0,0.4810001255925481,1.7859182228103717e-17,1.0,4096,0,0,1.0,0.0,0.0,0,0.0,0.4810001255925481,0.0,0.48100012559254807,1.7799400794854083e-17,1.0,4096,0,0,1.0,0.0,0.0,0,0.0,0.48100012559254807,0.0,0.018999874407451954,3.69175096045699e-17,0.139319336133113,4096,0,0,1.0,0.0,0.0,0,0.0,0.018999874407451954,0.0,0.23483838195089038,1.779940079485408e-16,0.0,0.0,1.3877787807814457e-17
181,0.113125,1.1592413837013886e-15,5.435651928564766e-13,0.0,0.3269510445219978,1.9011940844060096e-17,1.0,0.5,0.0,0.5,0.0,0.4808531335659934,1.907259467812033e-17,1.0,4096,0,0,1.0,0.0,0.0,0,0.0,0.4808531335659934,0.0,0.4808531335659933,1.9011940844060096e-17,1.0,4096,0,0,1.0,0.0,0.0,0,0.0,0.4808531335659933,0.0,0.01914686643400669,3.9782946210542024e-17,0.13984349282721792,4096,0,0,1.0,0.0,0.0,0,0.0,0.01914686643400669,0.0,0.23553585600283883,1.9011940844060092e-16,0.0,0.0,1.3877787807814457e-17
182,0.11375,1.1642103449284331e-15,5.471179065352771e-13,0.0,0.32690190202788144,2.0320667323586505e-17,1.0,0.5,0.0,0.5,0.0,0.4807057060836444,2.0382193784838572e-17,1.0,4096,0,0,1.0,0.0,0.0,0,0.0,0.4807057060836444,0.0,0.4807057060836444,2.0320667323586505e-17,1.0,4096,0,0,1.0,0.0,0.0,0,0.0,0.4807057060836444,0.0,0.01929429391635564,4.289632472628772e-17,0.1403653047282945,4096,0,0,1.0,0.0,0.0,0,0.0,0.01929429391635564,0.0,0.23623183683938268,2.0320667323586502e-16,0.0,0.0,2.7755575615628914e-17
183,0.114375,1.1689363177250434e-15,5.471179065352771e-13,0.0,0.3268526146951963,2.1735748050677533e-17,1.0,0.5,0.0,0.5,0.0,0.48055784408558894,2.1798147185433294e-17,1.0,4096,0,0,1.0,0.0,0.0,0,0.0,0.48055784408558894,0.0,0.4805578440855889,2.1735748050677533e-17,1.0,4096,0,0,1.0,0.0,0.0,0,0.0,0.4805578440855889,0.0,0.01944215591441112,4.628442071104394e-17,0.14088475521140384,4096,0,0,1.0,0.0,0.0,0,0.0,0.01944215591441112,0.0,0.2369263026453915,2.173574805067753e-16,0.0,0.0,0.0
184,0.115,1.1761630476736384e-15,5.435651928564766e-13,0.0,0.326803182841828,2.326871309827815e-17,1.0,0.5,0.0,0.5,0.0,0.480409548525484,2.3331984774475516e-17,1.0,4096,0,0,1.0,0.0,0.0,0,0.0,0.480409548525484,0.0,0.480409548525484,2.326871309827815e-17,1.0,4096,0,0,1.0,0.0,0.0,0,0.0,0.480409548525484,0.0,0.019590451474515994,4.997761144012434e-17,0.14140182879399701,4096,0,0,1.0,0.0,0.0,0,0.0,0.019590451474515994,0.0,0.23761923181379108,2.3268713098278147e-16,0.0,0.0,4.163336342344337e-17
185,0.115625,1.182062449912532e-15,5.471179065352771e-13,0.0,0.3267536067901421,2.493265344899215e-17,1.0,0.5,0.0,0.5,0.0,0.4802608203704263,2.4996797357956217e-17,1.0,4096,0,0,1.0,0.0,0.0,0,0.0,0.4802608203704263,0.0,0.48026082037042633,2.493265344899215e-17,1.0,4096,0,0,1.0,0.0,0.0,0,0.0,0.48026082037042633,0.0,0.019739179629573722,5.401041590436236e-17,0.14191651114368453,4096,0,0,1.0,0.0,0.0,0,0.0,0.019739179629573722,0.0,0.23831060294545897,2.4932653448992144e-16,0.0,0.0,2.7755575615628914e-17
186,0.11625,1.1865187126903488e-15,5.506706202140776e-13,0.0,0.3267038868669406,2.6742448391236363e-17,1.0,0.5,0.0,0.5,0.0,0.4801116606008218,2.6807464049503438e-17,1.0,4096,0,0,1.0,0.0,0.0,0,0.0,0.4801116606008218,0.0,0.4801116606008218,2.6742448391236363e-17,1.0,4096,0,0,1.0,0.0,0.0,0,0.0,0.4801116606008218,0.0,0.019888339399178223,5.842211693912551e-17,0.14242878908388334,4096,0,0,1.0,0.0,0.0,0,0.0,0.019888339399178223,0.0,0.23900039484904573,2.674244839123636e-16,0.0,0.0,2.7755575615628914e-17
187,0.116875,1.1908417853616088e-15,5.506706202140776e-13,0.0,0.32665402340341876,2.871502564215698e-17,1.0,0.5,0.0,0.5,0.0,0.4799620702102563,2.878091239335875e-17,1.0,4096,0,0,1.0,0.0,0.0,0,0.0,0.4799620702102563,0.0,0.47996207021025633,2.871502564215698e-17,1.0,4096,0,0,1.0,0.0,0.0,0,0.0,0.47996207021025633,0.0,0.02003792978974371,6.325747760276471e-17,0.14293865059741692,4096,0,0,1.0,0.0,0.0,0,0.0,0.02003792978974371,0.0,0.2396885865407243,2.8715025642156975e-16,0.0,0.0,1.3877787807814457e-17
188,0.11750000000000001,1.1970206402143962e-15,5.542233338928781e-13,0.0,0.3266040167351219,3.086965870411062e-17,1.0,0.5,0.0,0.5,0.0,0.47981205020536577,3.0936415720915676e-17,1.0,4096,0,0,1.0,0.0,0.0,0,0.0,0.47981205020536577,0.0,0.47981205020536577,3.086965870411062e-17,1.0,4096,0,0,1.0,0.0,0.0,0,0.0,0.47981205020536577,0.0,0.02018794979463428,6.856756562829031e-17,0.14344608482814283,4096,0,0,1.0,0.0,0.0,0,0.0,0.02018794979463428,0.0,0.24037515724387123,3.0869658704110614e-16,0.0,0.0,0.0
189,0.11812500000000001,1.2018556059241223e-15,5.542233338928781e-13,0.0,0.32655386720190227,3.3043735882140326e-17,1.0,0.5,0.0,0.5,0.0,0.47966160160570676,3.3111892870945905e-17,1.0,4096,0,0,1.0,0.0,0.0,0,0.0,0.47966160160570676,0.0,0.47966160160570676,3.3043735882140326e-17,1.0,4096,0,0,1.0,0.0,0.0,0,0.0,0.47966160160570676,0.0,0.020338398394293265,7.430895663897216e-17,0.14395108208068264,4096,0,0,1.0,0.0,0.0,0,0.0,0.020338398394293265,0.0,0.2410600863886828,3.3043735882140324e-16,0.0,0.0,1.3877787807814457e-17
190,0.11875000000000001,1.2089009458343658e-15,5.577760475716786e-13,0.0,0.32650357514787587,3.522174673865643e-17,1.0,0.5,0.0,0.5,0.0,0.4795107254436276,3.529077924342388e-17,1.0,4096,0,0,1.0,0.0,0.0,0,0.0,0.4795107254436276,0.0,0.4795107254436276,3.522174673865643e-17,1.0,4096,0,0,1.0,0.0,0.0,0,0.0,0.4795107254436276,0.0,0.020489274556372405,7.98880610424936e-17,0.14445363381832815,4096,0,0,1.0,0.0,0.0,0,0.0,0.020489274556372405,0.0,0.241743353611728,3.522174673865643e-16,0.0,0.0,1.3877787807814457e-17
191,0.11937500000000001,1.2137145072097023e-15,5.613287612504791e-13,0.0,0.3264531409213798,3.7564038044647596e-17,1.0,0.5,0.0,0.5,0.0,0.47935942276413934,3.763394467802816e-17,1.0,4096,0,0,1.0,0.0,0.0,0,0.0,0.47935942276413934,0.0,0.47935942276413934,3.7564038044647596e-17,1.0,4096,0,0,1.0,0.0,0.0,0,0.0,0.47935942276413934,0.0,0.020640577235860654,8.592755431589224e-17,0.14495373265919825,4096,0,0,1.0,0.0,0.0,0,0.0,0.020640577235860654,0.0,0.2424249387554423,3.7564038044647595e-16,0.0,0.0,1.3877787807814457e-17
192,0.12,1.2187337692164449e-15,5.648814749292796e-13,0.0,0.32640256487492914,4.00868325426492e-17,1.0,0.5,0.0,0.5,0.0,0.47920769462478735,4.015761175041211e-17,1.0,4096,0,0,1.0,0.0,0.0,0,0.0,0.47920769462478735,0.0,0.47920769462478735,4.00868325426492e-17,1.0,4096,0,0,1.0,0.0,0.0,0,0.0,0.47920769462478735,0.0,0.02079230537521268,9.24740531680101e-17,0.14545137237071937,4096,0,0,1.0,0.0,0.0,0,0.0,0.02079230537521268,0.0,0.24310482186756358,4.0086832542649203e-16,0.0,0.0,2.7755575615628914e-17
193,0.120625,1.2264645606300833e-15,5.719869022868806e-13,0.0,0.32635184736517436,4.280838891723721e-17,1.0,0.5,0.0,0.5,0.0,0.47905554209552303,4.288003898045931e-17,1.0,4096,0,0,1.0,0.0,0.0,0,0.0,0.47905554209552303,0.0,0.47905554209552303,4.280838891723721e-17,1.0,4096,0,0,1.0,0.0,0.0,0,0.0,0.47905554209552303,0.0,0.020944457904476972,9.958004131882925e-17,0.14594654786250244,4096,0,0,1.0,0.0,0.0,0,0.0,0.020944457904476972,0.0,0.24378298320051378,4.2808388917237214e-16,0.0,0.0,1.3877787807814457e-17
194,0.12125,1.2329401479585341e-15,5.719869022868806e-13,0.0,0.3263009887528588,4.574928311079313e-17,1.0,0.5,0.0,0.5,0.0,0.4789029662585764,4.582180214809261e-17,1.0,4096,0,0,1.0,0.0,0.0,0,0.0,0.4789029662585764,0.0,0.4789029662585765,4.574928311079313e-17,1.0,4096,0,0,1.0,0.0,0.0,0,0.0,0.4789029662585765,0.0,0.021097033741423583,1.0730470049342456e-16,0.1464392551776886,4096,0,0,1.0,0.0,0.0,0,0.0,0.021097033741423583,0.0,0.2444594032107285,4.574928311079313e-16,0.0,0.0,0.0
195,0.121875,1.2394538025199453e-15,5.755396159656812e-13,2.220446049250313e-16,0.3262499894027762,4.8932728485889624e-17,1.0,0.5000000000000001,2.220446049250313e-16,0.5,0.0,0.4787499682083286,4.900611445570133e-17,1.0,4096,0,0,1.0,0.0,0.0,0,0.0,0.4787499682083286,0.0,0.4787499682083286,4.8932728485889624e-17,1.0,4096,0,0,1.0,0.0,0.0,0,0.0,0.4787499682083286,0.0,0.021250031791671405,1.1571486181355858e-16,0.146929491482835,4096,0,0,1.0,0.0,0.0,0,0.0,0.021250031791671405,0.0,0.24513406255793613,4.893272848588963e-16,0.0,0.0,1.3877787807814457e-17
196,0.1225,1.2442668721998877e-15,5.719869022868806e-13,0.0,0.32619884968372836,5.238493998997715e-17,1.0,0.5,0.0,0.5,0.0,0.47859654905118504,5.2459190692867014e-17,1.0,4096,0,0,1.0,0.0,0.0,0,0.0,0.47859654905118504,0.0,0.47859654905118504,5.238493998997715e-17,1.0,4096,0,0,1.0,0.0,0.0,0,0.0,0.47859654905118504,0.0,0.021403450948814982,1.2488609458337446e-16,0.147417255056411,4096,0,0,1.0,0.0,0.0,0,0.0,0.021403450948814982,0.0,0.24580694210439022,5.238493998997715e-16,0.0,0.0,1.3877787807814457e-17
197,0.123125,1.2506364183791798e-15,5.755396159656812e-13,0.0,0.32614756996848304,5.613554812557984e-17,1.0,0.5,0.0,0.5,0.0,0.4784427099054492,5.621066120659601e-17,1.0,4096,0,0,1.0,0.0,0.0,0,0.0,0.4784427099054492,0.0,0.4784427099054491,5.613554812557984e-17,1.0,4096,0,0,1.0,0.0,0.0,0,0.0,0.4784427099054491,0.0,0.02155729009455086,1.3490395175527802e-16,0.14790254527597507,4096,0,0,1.0,0.0,0.0,0,0.0,0.02155729009455086,0.0,0.24647802291405624,5.613554812557984e-16,0.0,0.0,2.7755575615628914e-17
198,0.12375,1.2536982672071286e-15,5.755396159656812e-13,2.220446049250313e-16,0.32609615063373226,6.021806925297313e-17,1.0,0.5000000000000001,2.220446049250313e-16,0.5,0.0,0.4782884519011967,6.02940422040315e-17,1.0,4096,0,0,1.0,0.0,0.0,0,0.0,0.4782884519011967,0.0,0.4782884519011967,6.021806925297313e-17,1.0,4096,0,0,1.0,0.0,0.0,0,0.0,0.4782884519011967,0.0,0.021711548098803362,1.4586539394289738e-16,0.1483853626041003,4096,0,0,1.0,0.0,0.0,0,0.0,0.021711548098803362,0.0,0.247147286251755,6.021806925297313e-16,0.0,0.0,1.3877787807814457e-17
199,0.124375,1.2575174368226979e-15,5.897504706808832e-13,0.0,0.32604459206005004,6.467043956065277e-17,1.0,0.5,0.0,0.5,0.0,0.4781337761801502,6.474726972295448e-17,1.0,4096,0,0,1.0,0.0,0.0,0,0.0,0.4781337761801502,0.0,0.4781337761801501,6.467043956065277e-17,0.9999999999999999,4096,0,0,1.0,0.0,0.0,0,0.0,0.4781337761801501,0.0,0.02186622381984986,1.5788041675462233e-16,0.14886570857311704,4096,0,0,1.0,0.0,0.0,0,0.0,0.02186622381984986,0.0,0.24781471358226537,6.467043956065278e-16,0.0,0.0,1.3877787807814457e-17
200,0.125,1.2638288025595086e-15,5.826450433232822e-13,0.0,0.3259928946318515,6.953562094098755e-17,1.0,0.5,0.0,0.5,0.0,0.4779786838955546,6.961330550746625e-17,1.0,4096,0,0,1.0,0.0,0.0,0,0.0,0.4779786838955546,0.0,0.47797868389555453,6.953562094098755e-17,0.9999999999999998,4096,0,0,1.0,0.0,0.0,0,0.0,0.47797868389555453,0.0,0.022021316104445472,1.7107390949213076e-16,0.14934358576873916,4096,0,0,1.0,0.0,0.0,0,0.0,0.022021316104445472,0.0,0.24848028656938762,6.953562094098755e-16,0.0,0.0,2.7755575615628914e-17
201,0.12562500000000001,1.267593305862486e-15,5.826450433232822e-13,0.0,0.325941058737351,7.486228801436346e-17,1.0,0.5,0.0,0.5,0.0,0.47782317621205295,7.494082403216015e-17,1.0,4096,0,0,1.0,0.0,0.0,0,0.0,0.47782317621205295,0.0,0.47782317621205295,7.486228801436346e-17,0.9999999999999997,4096,0,0,1.0,0.0,0.0,0,0.0,0.47782317621205295,0.0,0.022176823787947112,1.8558777693619488e-16,0.14981899781263905,4096,0,0,1.0,0.0,0.0,0,0.0,0.022176823787947112,0.0,0.2491439870749697,7.486228801436346e-16,0.0,0.0,2.7755575615628914e-17
202,0.12625,1.2743816199772628e-15,5.826450433232822e-13,0.0,0.325889084768521,8.070560666595625e-17,1.0,0.5,0.0,0.5,0.0,0.477667254305563,8.078499103891933e-17,1.0,4096,0,0,1.0,0.0,0.0,0,0.0,0.477667254305563,0.0,0.477667254305563,8.070560666595625e-17,0.9999999999999996,4096,0,0,1.0,0.0,0.0,0,0.0,0.477667254305563,0.0,0.022332745694436988,2.015833600742409e-16,0.1502919493440366,4096,0,0,1.0,0.0,0.0,0,0.0,0.022332745694436988,0.0,0.24980579715789863,8.070560666595624e-16,0.0,0.0,1.3877787807814457e-17
203,0.12687500000000002,1.277573909658128e-15,5.826450433232822e-13,0.0,0.32583697312105153,8.712811570717634e-17,1.0,0.5,0.0,0.5,0.0,0.4775109193631546,8.720834519838492e-17,1.0,4096,0,0,1.0,0.0,0.0,0,0.0,0.4775109193631546,0.0,0.4775109193631546,8.712811570717634e-17,0.9999999999999994,4096,0,0,1.0,0.0,0.0,0,0.0,0.4775109193631546,0.0,0.022489080636845418,2.192441962630258e-16,0.15076244600036492,4096,0,0,1.0,0.0,0.0,0,0.0,0.022489080636845418,0.0,0.2504656990730578,8.712811570717633e-16,0.0,0.0,2.7755575615628914e-17
204,0.1275,1.2824516379186265e-15,5.826450433232822e-13,0.0,0.325784724194309,9.420072466216095e-17,1.0,0.5,0.0,0.5,0.0,0.477354172582927,9.428179589646926e-17,1.0,4096,0,0,1.0,0.0,0.0,0,0.0,0.477354172582927,0.0,0.477354172582927,9.420072466216095e-17,0.9999999999999993,4096,0,0,1.0,0.0,0.0,0,0.0,0.477354172582927,0.0,0.022645827417072988,2.387791645233924e-16,0.15123049439707484,4096,0,0,1.0,0.0,0.0,0,0.0,0.022645827417072988,0.0,0.2511236752702529,9.420072466216095e-16,0.0,0.0,1.3877787807814457e-17
205,0.128125,1.2889114027787762e-15,5.897504706808832e-13,0.0,0.325732338391296,1.0200384222306688e-16,1.0,0.5,0.0,0.5,0.0,0.477197015173888,1.0208575168966769e-16,1.0,4096,0,0,1.0,0.0,0.0,0,0.0,0.477197015173888,0.0,0.477197015173888,1.0200384222306688e-16,0.9999999999999992,4096,0,0,1.0,0.0,0.0,0,0.0,0.477197015173888,0.0,0.02280298482611203,2.6042606749650973e-16,0.15169610210663914,4096,0,0,1.0,0.0,0.0,0,0.0,0.02280298482611203,0.0,0.25177970839310804,1.0200384222306689e-15,0.0,0.0,2.7755575615628914e-17
206,0.12875,1.2953022003491137e-15,5.897504706808832e-13,0.0,0.32567981611861085,1.1062865163236335e-16,0.9999999999999999,0.5,0.0,0.5,0.0,0.47703944835583256,1.1071139568736846e-16,0.9999999999999999,4096,0,0,1.0,0.0,0.0,0,0.0,0.47703944835583256,0.0,0.47703944835583256,1.1062865163236335e-16,0.9999999999999991,4096,0,0,1.0,0.0,0.0,0,0.0,0.47703944835583256,0.0,0.022960551644167437,2.844557081231642e-16,0.15215927763681608,4096,0,0,1.0,0.0,0.0,0,0.0,0.022960551644167437,0.0,0.25243378127793303,1.1062865163236334e-15,0.0,0.0,2.7755575615628914e-17
207,0.129375,1.3010818904249869e-15,6.039613253960852e-13,2.220446049250313e-16,0.32562715778640783,1.2017855115336797e-16,0.9999999999999998,0.5000000000000001,2.220446049250313e-16,0.49999999999999994,1.1102230246251565e-16,0.4768814733592234,1.2026212602240379e-16,0.9999999999999998,4096,0,0,1.0,0.0,0.0,0,0.0,0.4768814733592234,0.0,0.4768814733592234,1.2017855115336797e-16,0.999999999999999,4096,0,0,1.0,0.0,0.0,0,0.0,0.4768814733592234,0.0,0.023118526640776696,3.1117652641778085e-16,0.1526200304082299,4096,0,0,1.0,0.0,0.0,0,0.0,0.023118526640776696,0.0,0.2530858769525639,1.2017855115336795e-15,0.0,0.0,0.0
208,0.13,1.3069053970288357e-15,6.039613253960852e-13,2.220446049250313e-16,0.3255743638083569,1.3077077990107937e-16,0.9999999999999997,0.5000000000000001,2.220446049250313e-16,0.5,0.0,0.47672309142507074,1.308551816818956e-16,0.9999999999999997,4096,0,0,1.0,0.0,0.0,0,0.0,0.47672309142507074,0.0,0.47672309142507074,1.3077077990107937e-16,0.9999999999999989,4096,0,0,1.0,0.0,0.0,0,0.0,0.47672309142507074,0.0,0.023276908574929228,3.409398698832265e-16,0.15307837073132569,4096,0,0,1.0,0.0,0.0,0,0.0,0.023276908574929228,0.0,0.25373597863517866,1.3077077990107932e-15,0.0,0.0,2.7755575615628914e-17
209,0.130625,1.3114968956060588e-15,5.968558980384842e-13,0.0,0.32552143460160504,1.4253825164488406e-16,0.9999999999999996,0.5,0.0,0.5,0.0,0.47656430380481507,1.426234763099739e-16,0.9999999999999996,4096,0,0,1.0,0.0,0.0,0,0.0,0.47656430380481507,0.0,0.476564303804815,1.4253825164488406e-16,0.9999999999999988,4096,0,0,1.0,0.0,0.0,0,0.0,0.476564303804815,0.0,0.023435696195184992,3.741459802462197e-16,0.15353430978275348,4096,0,0,1.0,0.0,0.0,0,0.0,0.023435696195184992,0.0,0.25438406973308847,1.4253825164488401e-15,0.0,0.0,0.0
210,0.13125,1.315972924269217e-15,5.968558980384842e-13,0.0,0.3254683705867359,1.540862920150073e-16,0.9999999999999994,0.5,0.0,0.5,0.0,0.4764051117602077,1.541730636981975e-16,0.9999999999999994,4096,0,0,1.0,0.0,0.0,0,0.0,0.4764051117602077,0.0,0.4764051117602077,1.540862920150073e-16,0.9999999999999987,4096,0,0,1.0,0.0,0.0,0,0.0,0.4764051117602077,0.0,0.023594888239792302,4.1024529273889974e-16,0.15398785958123606,4096,0,0,1.0,0.0,0.0,0,0.0,0.023594888239792302,0.0,0.2550301338415071,1.5408629201500702e-15,0.0,0.0,4.163336342344337e-17
211,0.131875,1.321765321792545e-15,6.039613253960852e-13,0.0,0.3254151721877317,1.6543568876018774e-16,0.9999999999999993,0.5,0.0,0.5,0.0,0.47624551656319514,1.6552328260343663e-16,0.9999999999999993,4096,0,0,1.0,0.0,0.0,0,0.0,0.47624551656319514,0.0,0.4762455165631952,1.6543568876018774e-16,0.9999999999999986,4096,0,0,1.0,0.0,0.0,0,0.0,0.4762455165631952,0.0,0.02375448343680487,4.4373022427213764e-16,0.15443903296297282,4096,0,0,1.0,0.0,0.0,0,0.0,0.02375448343680487,0.0,0.2556741547422984,1.6543568876018742e-15,0.0,0.0,1.3877787807814457e-17
212,0.1325,1.3262200872632858e-15,6.039613253960852e-13,0.0,0.325361839831934,1.7778256442592803e-16,0.9999999999999992,0.5,0.0,0.5,0.0,0.47608551949580197,1.778709759392585e-16,0.9999999999999992,4096,0,0,1.0,0.0,0.0,0,0.0,0.47608551949580197,0.0,0.47608551949580197,1.7778256442592803e-16,0.9999999999999984,4096,0,0,1.0,0.0,0.0,0,0.0,0.47608551949580197,0.0,0.023914480504198067,4.803466382855722e-16,0.1548878435566308,4096,0,0,1.0,0.0,0.0,0,0.0,0.023914480504198067,0.0,0.25631611640270535,1.7778256442592765e-15,0.0,0.0,2.7755575615628914e-17
213,0.133125,1.328311513381004e-15,6.110667527536862e-13,0.0,0.3253083739500052,1.9123397421579577e-16,0.9999999999999991,0.5,0.0,0.5,0.0,0.4759251218500156,1.9132319879060268e-16,0.9999999999999991,4096,0,0,1.0,0.0,0.0,0,0.0,0.4759251218500156,0.0,0.4759251218500156,1.9123397421579577e-16,0.9999999999999983,4096,0,0,1.0,0.0,0.0,0,0.0,0.4759251218500156,0.0,0.0240748781499844,5.204409263170456e-16,0.15533430575797288,4096,0,0,1.0,0.0,0.0,0,0.0,0.0240748781499844,0.0,0.2569560029740596,1.9123397421579537e-15,0.0,0.0,1.3877787807814457e-17
214,0.13375,1.3339686600566926e-15,6.181721801112872e-13,0.0,0.3252547749758906,2.05909983285032e-16,0.999999999999999,0.5,0.0,0.5,0.0,0.47576432492767184,2.060000161967588e-16,0.999999999999999,4096,0,0,1.0,0.0,0.0,0,0.0,0.47576432492767184,0.0,0.47576432492767184,2.05909983285032e-16,0.9999999999999982,4096,0,0,1.0,0.0,0.0,0,0.0,0.47576432492767184,0.0,0.024235675072328138,5.644027981722786e-16,0.15577843470417124,4096,0,0,1.0,0.0,0.0,0,0.0,0.024235675072328138,0.0,0.2575937987904741,2.0590998328503153e-15,0.0,0.0,0.0
215,0.134375,1.3372958397628495e-15,6.252776074688882e-13,0.0,0.3252010433467803,2.2194530401508028e-16,0.9999999999999989,0.5,0.0,0.5,0.0,0.47560313004034094,2.2203614042589867e-16,0.9999999999999989,4096,0,0,1.0,0.0,0.0,0,0.0,0.47560313004034094,0.0,0.4756031300403408,2.2194530401508028e-16,0.9999999999999981,4096,0,0,1.0,0.0,0.0,0,0.0,0.4756031300403408,0.0,0.024396869959659135,6.126709681912096e-16,0.15622024624785283,4096,0,0,1.0,0.0,0.0,0,0.0,0.024396869959659135,0.0,0.2582294883675199,2.2194530401507975e-15,0.0,0.0,1.3877787807814457e-17
216,0.135,1.3432698103892657e-15,6.323830348264892e-13,0.0,0.3251471795030714,2.3949113547980405e-16,0.9999999999999987,0.5,0.0,0.5,0.0,0.47544153850921417,2.3958277044129484e-16,0.9999999999999987,4096,0,0,1.0,0.0,0.0,0,0.0,0.47544153850921417,0.0,0.47544153850921417,2.3949113547980405e-16,0.999999999999998,4096,0,0,1.0,0.0,0.0,0,0.0,0.47544153850921417,0.0,0.024558461490785846,6.657395835699711e-16,0.15665975693092252,4096,0,0,1.0,0.0,0.0,0,0.0,0.024558461490785846,0.0,0.258863056400888,2.3949113547980345e-15,0.0,0.0,1.3877787807814457e-17
217,0.135625,1.348565426026957e-15,6.323830348264892e-13,0.0,0.32509318388833086,2.5871722896399903e-16,0.9999999999999984,0.5,0.0,0.5,0.0,0.4752795516649926,2.588096574198329e-16,0.9999999999999984,4096,0,0,1.0,0.0,0.0,0,0.0,0.4752795516649926,0.0,0.4752795516649925,2.5871722896399903e-16,0.9999999999999978,4096,0,0,1.0,0.0,0.0,0,0.0,0.4752795516649925,0.0,0.024720448335007472,7.24165488174701e-16,0.15709698395820745,4096,0,0,1.0,0.0,0.0,0,0.0,0.024720448335007472,0.0,0.25949448776503736,2.5871722896399834e-15,0.0,0.0,1.3877787807814457e-17
218,0.13625,1.3534517883622794e-15,6.465938895416912e-13,0.0,0.3250390569492583,2.798142060469542e-16,0.9999999999999982,0.5,0.0,0.5,0.0,0.4751171708477748,2.7990742283557104e-16,0.9999999999999982,4096,0,0,1.0,0.0,0.0,0,0.0,0.4751171708477748,0.0,0.4751171708477748,2.798142060469542e-16,0.9999999999999976,4096,0,0,1.0,0.0,0.0,0,0.0,0.4751171708477748,0.0,0.02488282915222525,7.885764264518289e-16,0.15753194517096522,4096,0,0,1.0,0.0,0.0,0,0.0,0.02488282915222525,0.0,0.2601237675118302,2.798142060469534e-15,0.0,0.0,0.0
219,0.136875,1.3581586815792812e-15,6.465938895416912e-13,0.0,0.32498479913564904,3.0299615869066666e-16,0.999999999999998,0.5,0.0,0.5,0.0,0.4749543974069471,3.030901585479514e-16,0.999999999999998,4096,0,0,1.0,0.0,0.0,0,0.0,0.4749543974069471,0.0,0.4749543974069471,3.0299615869066666e-16,0.9999999999999973,4096,0,0,1.0,0.0,0.0,0,0.0,0.4749543974069471,0.0,0.02504560259305292,8.596803044614898e-16,0.15796465902029683,4096,0,0,1.0,0.0,0.0,0,0.0,0.02504560259305292,0.0,0.260750880869156,3.0299615869066576e-15,0.0,0.0,2.7755575615628914e-17
220,0.1375,1.361498089766953e-15,6.536993168992922e-13,0.0,0.3249304109003579,3.2850356400009505e-16,0.9999999999999977,0.5,0.0,0.5,0.0,0.4747912327010737,3.2859834156204937e-16,0.9999999999999977,4096,0,0,1.0,0.0,0.0,0,0.0,0.4747912327010737,0.0,0.4747912327010737,3.2850356400009505e-16,0.9999999999999971,4096,0,0,1.0,0.0,0.0,0,0.0,0.4747912327010737,0.0,0.025208767298926293,9.382756388671507e-16,0.15839514454050393,4096,0,0,1.0,0.0,0.0,0,0.0,0.025208767298926293,0.0,0.2613758132395444,3.28503564000094e-15,0.0,0.0,1.3877787807814457e-17
221,0.138125,1.3645060191500918e-15,6.465938895416912e-13,0.0,0.3248758926992627,3.56606549880045e-16,0.9999999999999973,0.5,0.0,0.5,0.0,0.47462767809778805,3.567020996854532e-16,0.9999999999999973,4096,0,0,1.0,0.0,0.0,0,0.0,0.47462767809778805,0.0,0.47462767809778805,3.56606549880045e-16,0.9999999999999969,4096,0,0,1.0,0.0,0.0,0,0.0,0.47462767809778805,0.0,0.025372321902211982,1.0252633400487786e-15,0.15882342132242822,4096,0,0,1.0,0.0,0.0,0,0.0,0.025372321902211982,0.0,0.26199855019876855,3.5660654988004376e-15,0.0,0.0,1.3877787807814457e-17
222,0.13875,1.3692645759092037e-15,6.536993168992922e-13,2.220446049250313e-16,0.3248212449912283,3.87608551730868e-16,0.999999999999997,0.5,0.0,0.5000000000000001,2.220446049250313e-16,0.47446373497368477,3.877048682239556e-16,0.999999999999997,4096,0,0,1.0,0.0,0.0,0,0.0,0.47446373497368477,0.0,0.47446373497368477,3.87608551730868e-16,0.9999999999999966,4096,0,0,1.0,0.0,0.0,0,0.0,0.47446373497368477,0.0,0.025536265026315216,1.1216599925259651e-15,0.15924950948680974,4096,0,0,1.0,0.0,0.0,0,0.0,0.025536265026315216,0.0,0.26261907749444013,3.8760855173086656e-15,0.0,0.0,2.7755575615628914e-17
223,0.139375,1.3759806577239953e-15,6.608047442568932e-13,0.0,0.3247664682380711,4.2185040463670694e-16,0.9999999999999966,0.5,0.0,0.5,0.0,0.4742994047142132,4.219474821697913e-16,0.9999999999999966,4096,0,0,1.0,0.0,0.0,0,0.0,0.4742994047142132,0.0,0.4742994047142132,4.2185040463670694e-16,0.9999999999999962,4096,0,0,1.0,0.0,0.0,0,0.0,0.4742994047142132,0.0,0.02570059528578684,1.2286128147532066e-15,0.15967342965769918,4096,0,0,1.0,0.0,0.0,0,0.0,0.02570059528578684,0.0,0.26323738104459604,4.218504046367053e-15,0.0,0.0,2.7755575615628914e-17
224,0.14,1.3807847834792423e-15,6.679101716144942e-13,2.220446049250313e-16,0.3247115629045236,4.597149202419679e-16,0.9999999999999961,0.5000000000000001,2.220446049250313e-16,0.5,0.0,0.4741346887135707,4.598127530780989e-16,0.9999999999999961,4096,0,0,1.0,0.0,0.0,0,0.0,0.4741346887135707,0.0,0.4741346887135707,4.597149202419679e-16,0.9999999999999959,4096,0,0,1.0,0.0,0.0,0,0.0,0.4741346887135707,0.0,0.025865311286429327,1.3474165012699485e-15,0.1600952029359578,4096,0,0,1.0,0.0,0.0,0,0.0,0.025865311286429327,0.0,0.263853446936278,4.597149202419661e-15,0.0,0.0,1.3877787807814457e-17
225,0.140625,1.3864320222332589e-15,6.750155989720952e-13,0.0,0.32465652945819934,5.016320027235047e-16,0.9999999999999956,0.5,0.0,0.5,0.0,0.473969588374598,5.017305850390948e-16,0.9999999999999956,4096,0,0,1.0,0.0,0.0,0,0.0,0.473969588374598,0.0,0.473969588374598,5.016320027235047e-16,0.9999999999999956,4096,0,0,1.0,0.0,0.0,0,0.0,0.473969588374598,0.0,0.02603041162540201,1.4795321733584126e-15,0.16051485087287734,4096,0,0,1.0,0.0,0.0,0,0.0,0.02603041162540201,0.0,0.2644672614241068,5.016320027235025e-15,0.0,0.0,2.7755575615628914e-17
226,0.14125000000000001,1.3919320972094972e-15,6.821210263296962e-13,0.0,0.3246013683695582,5.48084363990426e-16,0.9999999999999952,0.5,0.0,0.5,0.0,0.47380410510867466,5.481836898778688e-16,0.9999999999999952,4096,0,0,1.0,0.0,0.0,0,0.0,0.47380410510867466,0.0,0.47380410510867466,5.48084363990426e-16,0.9999999999999952,4096,0,0,1.0,0.0,0.0,0,0.0,0.47380410510867466,0.0,0.02619589489132536,1.6266086900068915e-15,0.16093239544395077,4096,0,0,1.0,0.0,0.0,0,0.0,0.02619589489132536,0.0,0.2650788109288506,5.480843639904233e-15,0.0,0.0,1.3877787807814457e-17
227,0.141875,1.3983471378710802e-15,6.821210263296962e-13,0.0,0.32454608011187186,5.996139045267347e-16,0.9999999999999949,0.5,0.0,0.5,0.0,0.47363824033561563,5.997139679970102e-16,0.9999999999999949,4096,0,0,1.0,0.0,0.0,0,0.0,0.47363824033561563,0.0,0.47363824033561563,5.996139045267347e-16,0.9999999999999949,4096,0,0,1.0,0.0,0.0,0,0.0,0.47363824033561563,0.0,0.026361759664384372,1.7905065993398388e-15,0.16134785902282334,4096,0,0,1.0,0.0,0.0,0,0.0,0.026361759664384372,0.0,0.26568808203598837,5.996139045267316e-15,0.0,0.0,1.3877787807814457e-17
228,0.14250000000000002,1.4024530177243907e-15,6.892264536872972e-13,0.0,0.32449066516118963,6.568288331842131e-16,0.9999999999999944,0.5,0.0,0.5,0.0,0.4734719954835689,6.569296281694787e-16,0.9999999999999944,4096,0,0,1.0,0.0,0.0,0,0.0,0.4734719954835689,0.0,0.47347199548356894,6.568288331842131e-16,0.9999999999999944,4096,0,0,1.0,0.0,0.0,0,0.0,0.47347199548356894,0.0,0.02652800451643106,1.9733250420255705e-15,0.1617612643554519,4096,0,0,1.0,0.0,0.0,0,0.0,0.02652800451643106,0.0,0.2662950614942706,6.568288331842095e-15,0.0,0.0,1.3877787807814457e-17
229,0.143125,1.4064658962872134e-15,6.963318810448982e-13,0.0,0.32443512399630464,7.204116067881596e-16,0.999999999999994,0.5,0.0,0.5,0.0,0.473305371988914,7.205131271443271e-16,0.999999999999994,4096,0,0,1.0,0.0,0.0,0,0.0,0.473305371988914,0.0,0.473305371988914,7.204116067881596e-16,0.999999999999994,4096,0,0,1.0,0.0,0.0,0,0.0,0.473305371988914,0.0,0.02669462801108605,2.1774319527985034e-15,0.16217263453449954,4096,0,0,1.0,0.0,0.0,0,0.0,0.02669462801108605,0.0,0.266899736214276,7.204116067881553e-15,0.0,0.0,1.3877787807814457e-17
230,0.14375000000000002,1.4118405063063252e-15,6.963318810448982e-13,0.0,0.32437945709872024,7.9112777869515e-16,0.9999999999999934,0.5,0.0,0.5,0.0,0.47313837129616076,7.912300182044455e-16,0.9999999999999934,4096,0,0,1.0,0.0,0.0,0,0.0,0.47313837129616076,0.0,0.47313837129616076,7.9112777869515e-16,0.9999999999999934,4096,0,0,1.0,0.0,0.0,0,0.0,0.47313837129616076,0.0,0.02686162870383929,2.405497944452246e-15,0.16258199297399054,4096,0,0,1.0,0.0,0.0,0,0.0,0.02686162870383929,0.0,0.267502093266966,7.911277786951448e-15,0.0,0.0,1.3877787807814457e-17
231,0.144375,1.4168333152992055e-15,6.963318810448982e-13,0.0,0.3243236649526167,8.698358545029653e-16,0.9999999999999929,0.5,0.0,0.5,0.0,0.47297099485785027,8.699388068764731e-16,0.9999999999999929,4096,0,0,1.0,0.0,0.0,0,0.0,0.47297099485785027,0.0,0.4729709948578502,8.698358545029653e-16,0.9999999999999929,4096,0,0,1.0,0.0,0.0,0,0.0,0.4729709948578502,0.0,0.027029005142149797,2.660534300817101e-15,0.16298936338425005,4096,0,0,1.0,0.0,0.0,0,0.0,0.027029005142149797,0.0,0.2681021198822383,8.698358545029592e-15,0.0,0.0,2.7755575615628914e-17
232,0.145,1.4211780003929138e-15,6.892264536872972e-13,2.220446049250313e-16,0.3242677480448185,9.574982630261925e-16,0.9999999999999922,0.5000000000000001,2.220446049250313e-16,0.5,0.0,0.47280324413445546,9.576019219063809e-16,0.9999999999999922,4096,0,0,1.0,0.0,0.0,0,0.0,0.47280324413445546,0.0,0.47280324413445546,9.574982630261925e-16,0.9999999999999922,4096,0,0,1.0,0.0,0.0,0,0.0,0.47280324413445546,0.0,0.027196755865544583,2.945935551705311e-15,0.16339476974715095,4096,0,0,1.0,0.0,0.0,0,0.0,0.027196755865544583,0.0,0.26869980344747835,9.574982630261851e-15,0.0,0.0,2.7755575615628914e-17
233,0.145625,1.4261148824862142e-15,6.892264536872972e-13,0.0,0.32421170686476114,1.055193561490009e-15,0.9999999999999916,0.5,0.0,0.5,0.0,0.4726351205942834,1.0552979204532373e-15,0.9999999999999916,4096,0,0,1.0,0.0,0.0,0,0.0,0.4726351205942834,0.0,0.4726351205942834,1.055193561490009e-15,0.9999999999999916,4096,0,0,1.0,0.0,0.0,0,0.0,0.4726351205942834,0.0,0.027364879405716615,3.2655271539968515e-15,0.1637982362916896,4096,0,0,1.0,0.0,0.0,0,0.0,0.027364879405716615,0.0,0.26929513150611084,1.05519356149e-14,0.0,0.0,0.0
234,0.14625,1.4298952501557116e-15,6.892264536872972e-13,0.0,0.3241555419044594,1.16413000573824e-15,0.9999999999999909,0.5,0.0,0.5,0.0,0.47246662571337816,1.1642350582972462e-15,0.9999999999999909,4096,0,0,1.0,0.0,0.0,0,0.0,0.47246662571337816,0.0,0.47246662571337816,1.16413000573824e-15,0.9999999999999909,4096,0,0,1.0,0.0,0.0,0,0.0,0.47246662571337816,0.0,0.02753337428662187,3.6236188593898915e-15,0.1641997874699106,4096,0,0,1.0,0.0,0.0,0,0.0,0.02753337428662187,0.0,0.2698880917561517,1.164130005738229e-14,0.0,0.0,1.3877787807814457e-17
235,0.146875,1.4356651564615534e-15,6.892264536872972e-13,0.0,0.32409925365847486,1.2856606291848698e-15,0.9999999999999901,0.5,0.0,0.5,0.0,0.4722977609754245,1.2857663687912383e-15,0.9999999999999901,4096,0,0,1.0,0.0,0.0,0,0.0,0.4722977609754245,0.0,0.4722977609754245,1.2856606291848698e-15,0.9999999999999901,4096,0,0,1.0,0.0,0.0,0,0.0,0.4722977609754245,0.0,0.027702239024575543,4.0250644113330006e-15,0.1645994479331995,4096,0,0,1.0,0.0,0.0,0,0.0,0.027702239024575543,0.0,0.27047867204876047,1.2856606291848565e-14,0.0,0.0,0.0
236,0.1475,1.4422169643215514e-15,6.892264536872972e-13,0.0,0.3240428426238843,1.4212999883521643e-15,0.9999999999999893,0.5,0.0,0.5,0.0,0.47212852787165277,1.4214064083987725e-15,0.9999999999999893,4096,0,0,1.0,0.0,0.0,0,0.0,0.47212852787165277,0.0,0.47212852787165277,1.4212999883521643e-15,0.9999999999999893,4096,0,0,1.0,0.0,0.0,0,0.0,0.47212852787165277,0.0,0.02787147212834725,4.475328281811085e-15,0.16499724250896133,4096,0,0,1.0,0.0,0.0,0,0.0,0.02787147212834725,0.0,0.2710668603867941,1.421299988352148e-14,0.0,0.0,0.0
237,0.148125,1.4462281011785367e-15,6.963318810448982e-13,0.0,0.3239863093002482,1.536283644465031e-15,0.9999999999999885,0.5,0.0,0.5,0.0,0.47195892790074456,1.5363917060743384e-15,0.9999999999999885,4096,0,0,1.0,0.0,0.0,0,0.0,0.47195892790074456,0.0,0.47195892790074456,1.536283644465031e-15,0.9999999999999885,4096,0,0,1.0,0.0,0.0,0,0.0,0.47195892790074456,0.0,0.028041072099255458,4.9092653609946876e-15,0.1653931961777014,4096,0,0,1.0,0.0,0.0,0,0.0,0.028041072099255458,0.0,0.27165264492336283,1.536283644465013e-14,0.0,0.0,0.0
238,0.14875,1.4496959451252958e-15,6.963318810448982e-13,0.0,0.3239296541895797,1.6597075249024685e-15,0.9999999999999875,0.5,0.0,0.5,0.0,0.47178896256873915,1.65981626012131e-15,0.9999999999999875,4096,0,0,1.0,0.0,0.0,0,0.0,0.47178896256873915,0.0,0.47178896256873915,1.6597075249024685e-15,0.9999999999999875,4096,0,0,1.0,0.0,0.0,0,0.0,0.47178896256873915,0.0,0.02821103743126087,5.3380384322255736e-15,0.1657873340505239,4096,0,0,1.0,0.0,0.0,0,0.0,0.02821103743126087,0.0,0.2722360139603881,1.6597075249024477e-14,0.0,0.0,0.0
239,0.149375,1.4555452130386828e-15,6.963318810448982e-13,0.0,0.32387287779631363,1.794364029325857e-15,0.9999999999999865,0.5,0.0,0.5,0.0,0.47161863338894094,1.7944734312278596e-15,0.9999999999999865,4096,0,0,1.0,0.0,0.0,0,0.0,0.47161863338894094,0.0,0.47161863338894094,1.794364029325857e-15,0.9999999999999863,4096,0,0,1.0,0.0,0.0,0,0.0,0.47161863338894094,0.0,0.028381366611059052,5.8082482227632314e-15,0.16617968134706249,4096,0,0,1.0,0.0,0.0,0,0.0,0.028381366611059052,0.0,0.2728169559471638,1.794364029325833e-14,0.0,0.0,1.3877787807814457e-17
240,0.15,1.4606325179512552e-15,7.105427357601002e-13,0.0,0.323815980627276,1.9414052841594105e-15,0.9999999999999853,0.5,0.0,0.5,0.0,0.47144794188182804,1.9415153457659225e-15,0.9999999999999853,4096,0,0,1.0,0.0,0.0,0,0.0,0.47144794188182804,0.0,0.4714479418818279,1.9414052841594105e-15,0.9999999999999851,4096,0,0,1.0,0.0,0.0,0,0.0,0.4714479418818279,0.0,0.02855205811817204,6.324334538976923e-15,0.16657026337385605,4096,0,0,1.0,0.0,0.0,0,0.0,0.02855205811817204,0.0,0.2733954594789205,1.9414052841593823e-14,0.0,0.0,1.3877787807814457e-17
241,0.150625,1.4640278144391377e-15,7.105427357601002e-13,0.0,0.32375896319165365,2.102109936194358e-15,0.999999999999984,0.5,0.0,0.5,0.0,0.4712768895749609,2.1022206504768297e-15,0.999999999999984,4096,0,0,1.0,0.0,0.0,0,0.0,0.4712768895749609,0.0,0.4712768895749609,2.102109936194358e-15,0.9999999999999838,4096,0,0,1.0,0.0,0.0,0,0.0,0.4712768895749609,0.0,0.028723110425039125,6.8912456435839695e-15,0.16695910550318183,4096,0,0,1.0,0.0,0.0,0,0.0,0.028723110425039125,0.0,0.2739715132953939,2.1021099361943245e-14,0.0,0.0,0.0
242,0.15125,1.4697578232678001e-15,7.105427357601002e-13,0.0,0.3237018260009645,2.2778971881554573e-15,0.9999999999999826,0.5,0.0,0.5,0.0,0.4711054780028934,2.278008548037795e-15,0.9999999999999826,4096,0,0,1.0,0.0,0.0,0,0.0,0.4711054780028934,0.0,0.4711054780028934,2.2778971881554573e-15,0.9999999999999823,4096,0,0,1.0,0.0,0.0,0,0.0,0.4711054780028934,0.0,0.028894521997106723,7.514497527144624e-15,0.16734623315235672,4096,0,0,1.0,0.0,0.0,0,0.0,0.028894521997106723,0.0,0.2745451062793972,2.2778971881554177e-14,0.0,0.0,1.3877787807814457e-17
243,0.151875,1.4740883321946209e-15,7.176481631177012e-13,0.0,0.3236445695690276,2.4703423446460734e-15,0.999999999999981,0.5,0.0,0.5,0.0,0.47093370870708273,2.4704543430069707e-15,0.999999999999981,4096,0,0,1.0,0.0,0.0,0,0.0,0.47093370870708273,0.0,0.4709337087070827,2.4703423446460734e-15,0.9999999999999808,4096,0,0,1.0,0.0,0.0,0,0.0,0.4709337087070827,0.0,0.029066291292917337,8.20023994742231e-15,0.16773167176351694,4096,0,0,1.0,0.0,0.0,0,0.0,0.029066291292917337,0.0,0.27511622745539865,2.4703423446460263e-14,0.0,0.0,1.3877787807814457e-17
244,0.1525,1.4786074070715573e-15,7.247535904753022e-13,2.220446049250313e-16,0.3235871944119341,2.6811940224404755e-15,0.9999999999999793,0.5000000000000001,2.220446049250313e-16,0.5,0.0,0.4707615832358023,2.6813066521157206e-15,0.9999999999999793,4096,0,0,1.0,0.0,0.0,0,0.0,0.4707615832358023,0.0,0.4707615832358023,2.6811940224404755e-15,0.999999999999979,4096,0,0,1.0,0.0,0.0,0,0.0,0.4707615832358023,0.0,0.02923841676419768,8.955329975348562e-15,0.16811544678388493,4096,0,0,1.0,0.0,0.0,0,0.0,0.02923841676419768,0.0,0.2756848659881038,2.6811940224404203e-14,0.0,0.0,0.0
245,0.153125,1.4841809294476098e-15,7.318590178329032e-13,0.0,0.3235297010480181,2.912393193744243e-15,0.9999999999999775,0.5,0.0,0.5,0.0,0.47058910314405417,2.912506447528999e-15,0.9999999999999775,4096,0,0,1.0,0.0,0.0,0,0.0,0.47058910314405417,0.0,0.47058910314405417,2.912393193744243e-15,0.9999999999999771,4096,0,0,1.0,0.0,0.0,0,0.0,0.47058910314405417,0.0,0.02941089685594584,9.787413862245876e-15,0.16849758364653158,4096,0,0,1.0,0.0,0.0,0,0.0,0.02941089685594584,0.0,0.27625101118104356,2.912393193744177e-14,0.0,0.0,0.0
246,0.15375,1.4896957296610226e-15,7.389644451905042e-13,0.0,0.32347208999782745,3.166094246981999e-15,0.9999999999999754,0.5,0.0,0.5,0.0,0.47041626999348235,3.1662081176330593e-15,0.9999999999999754,4096,0,0,1.0,0.0,0.0,0,0.0,0.47041626999348235,0.0,0.47041626999348235,3.166094246981999e-15,0.999999999999975,4096,0,0,1.0,0.0,0.0,0,0.0,0.47041626999348235,0.0,0.029583730006517647,1.070501812613505e-14,0.16887810775164094,4096,0,0,1.0,0.0,0.0,0,0.0,0.029583730006517647,0.0,0.27681465247516823,3.166094246981921e-14,0.0,0.0,2.7755575615628914e-17
247,0.154375,1.4949758613486964e-15,7.460698725481052e-13,2.220446049250313e-16,0.32341436178409594,3.44468826699881e-15,0.999999999999973,0.5000000000000001,2.220446049250313e-16,0.5,0.0,0.4702430853522879,3.4448027472368267e-15,0.999999999999973,4096,0,0,1.0,0.0,0.0,0,0.0,0.4702430853522879,0.0,0.47024308535228787,3.44468826699881e-15,0.9999999999999727,4096,0,0,1.0,0.0,0.0,0,0.0,0.47024308535228787,0.0,0.029756914647712095,1.1717650846024978e-14,0.1692570444482832,4096,0,0,1.0,0.0,0.0,0,0.0,0.029756914647712095,0.0,0.27737577944744746,3.444688266998717e-14,0.0,0.0,0.0
248,0.155,1.5002586002891738e-15,7.460698725481052e-13,0.0,0.3233565169317147,3.7508287553874424e-15,0.9999999999999705,0.5,0.0,0.5,0.0,0.4700695507951441,3.750943837899129e-15,0.9999999999999705,4096,0,0,1.0,0.0,0.0,0,0.0,0.4700695507951441,0.0,0.47006955079514406,3.7508287553874424e-15,0.9999999999999701,4096,0,0,1.0,0.0,0.0,0,0.0,0.47006955079514406,0.0,0.02993044920485593,1.2835914252741363e-14,0.1696344190167019,4096,0,0,1.0,0.0,0.0,0,0.0,0.02993044920485593,0.0,0.2779343818094774,3.7508287553873316e-14,0.0,0.0,0.0
249,0.155625,1.5050473461763984e-15,7.531752999057062e-13,0.0,0.32329855596770424,4.087460032096001e-15,0.9999999999999677,0.5,0.0,0.5,0.0,0.46989566790311266,4.087575709536307e-15,0.9999999999999677,4096,0,0,1.0,0.0,0.0,0,0.0,0.46989566790311266,0.0,0.4698956679031127,4.087460032096001e-15,0.9999999999999674,4096,0,0,1.0,0.0,0.0,0,0.0,0.4698956679031127,0.0,0.030104332096887357,1.4071629813840166e-14,0.17001025665111896,4096,0,0,1.0,0.0,0.0,0,0.0,0.030104332096887357,0.0,0.27849044940609446,4.0874600320958686e-14,0.0,0.0,1.3877787807814457e-17
250,0.15625,1.510431991096838e-15,7.460698725481052e-13,0.0,0.32324047942118705,4.457848581655197e-15,0.9999999999999646,0.5,0.0,0.5,0.0,0.46972143826356116,4.457964846649458e-15,0.9999999999999646,4096,0,0,1.0,0.0,0.0,0,0.0,0.46972143826356116,0.0,0.46972143826356116,4.457848581655197e-15,0.9999999999999643,4096,0,0,1.0,0.0,0.0,0,0.0,0.46972143826356116,0.0,0.030278561736438864,1.5437977129273593e-14,0.17038458244306187,4096,0,0,1.0,0.0,0.0,0,0.0,0.030278561736438864,0.0,0.27904397221399635,4.4578485816550396e-14,0.0,0.0,0.0
251,0.15687500000000001,1.5151986905796478e-15,7.460698725481052e-13,0.0,0.3231822878233603,4.865617631426272e-15,0.9999999999999611,0.5,0.0,0.5,0.0,0.4695468634700808,4.865734476572328e-15,0.9999999999999611,4096,0,0,1.0,0.0,0.0,0,0.0,0.4695468634700808,0.0,0.46954686347008073,4.865617631426272e-15,0.9999999999999608,4096,0,0,1.0,0.0,0.0,0,0.0,0.46954686347008073,0.0,0.030453136529919267,1.6949648084594995e-14,0.17075742136521527,4096,0,0,1.0,0.0,0.0,0,0.0,0.030453136529919267,0.0,0.2795949403403713,4.8656176314260833e-14,0.0,0.0,1.3877787807814457e-17
252,0.1575,1.5205149996294257e-15,7.531752999057062e-13,0.0,0.3231239817074684,5.314785275353249e-15,0.9999999999999574,0.5,0.0,0.5,0.0,0.4693719451224052,5.3149026932235365e-15,0.9999999999999574,4096,0,0,1.0,0.0,0.0,0,0.0,0.4693719451224052,0.0,0.46937194512240527,5.314785275353249e-15,0.999999999999957,4096,0,0,1.0,0.0,0.0,0,0.0,0.46937194512240527,0.0,0.03062805487759474,1.862301785053472e-14,0.17112879825579932,4096,0,0,1.0,0.0,0.0,0,0.0,0.03062805487759474,0.0,0.2801433440215343,5.3147852753530225e-14,0.0,0.0,0.0
253,0.15812500000000002,1.5249116493843196e-15,7.531752999057062e-13,0.0,0.3230655616087769,5.809806484960379e-15,0.9999999999999531,0.5,0.0,0.5,0.0,0.4691966848263308,5.809924468103995e-15,0.9999999999999531,4096,0,0,1.0,0.0,0.0,0,0.0,0.4691966848263308,0.0,0.4691966848263308,5.809806484960379e-15,0.9999999999999528,4096,0,0,1.0,0.0,0.0,0,0.0,0.4691966848263308,0.0,0.0308033151736692,2.047633447275304e-14,0.17149873780347594,4096,0,0,1.0,0.0,0.0,0,0.0,0.0308033151736692,0.0,0.2806891736215723,5.809806484960107e-14,0.0,0.0,1.3877787807814457e-17
254,0.15875,1.5305569007452917e-15,7.602807272633072e-13,0.0,0.3230070280645455,6.355619379931229e-15,0.9999999999999485,0.5,0.0,0.5,0.0,0.4690210841936364,6.355737920875969e-15,0.9999999999999485,4096,0,0,1.0,0.0,0.0,0,0.0,0.4690210841936364,0.0,0.4690210841936364,6.355619379931229e-15,0.9999999999999482,4096,0,0,1.0,0.0,0.0,0,0.0,0.4690210841936364,0.0,0.030978915806363676,2.2529928964555713e-14,0.17186726453278342,4096,0,0,1.0,0.0,0.0,0,0.0,0.030978915806363676,0.0,0.2812324196309979,6.355619379930901e-14,0.0,0.0,1.3877787807814457e-17
255,0.15937500000000002,1.5360374791518878e-15,7.602807272633072e-13,0.0,0.3229483816140017,6.95769616371473e-15,0.9999999999999433,0.5,0.0,0.5,0.0,0.46884514484200507,6.957815254969091e-15,0.9999999999999433,4096,0,0,1.0,0.0,0.0,0,0.0,0.46884514484200507,0.0,0.46884514484200507,6.95769616371473e-15,0.9999999999999429,4096,0,0,1.0,0.0,0.0,0,0.0,0.46884514484200507,0.0,0.031154855157994925,2.4806447999500294e-14,0.17223440279009952,4096,0,0,1.0,0.0,0.0,0,0.0,0.031154855157994925,0.0,0.2817730726654109,6.957696163714337e-14,0.0,0.0,2.7755575615628914e-17
256,0.16,1.541114594668992e-15,7.673861546209082e-13,0.0,0.3228896227983156,7.622099165411934e-15,0.9999999999999376,0.5,0.0,0.5,0.0,0.4686688683949468,7.622218799467091e-15,0.9999999999999376,4096,0,0,1.0,0.0,0.0,0,0.0,0.4686688683949468,0.0,0.4686688683949468,7.622099165411934e-15,0.9999999999999372,4096,0,0,1.0,0.0,0.0,0,0.0,0.4686688683949468,0.0,0.031331131605053214,2.7331111501370378e-14,0.17260017673013206,4096,0,0,1.0,0.0,0.0,0,0.0,0.031331131605053214,0.0,0.28231112346417053,7.622099165411458e-14,0.0,0.0,1.3877787807814457e-17
257,0.160625,1.5456673076589103e-15,7.744915819785092e-13,0.0,0.3228307521605736,8.355542467903753e-15,0.9999999999999313,0.5,0.0,0.5,0.0,0.46849225648172077,8.355662637235516e-15,0.9999999999999313,4096,0,0,1.0,0.0,0.0,0,0.0,0.46849225648172077,0.0,0.46849225648172077,8.355542467903753e-15,0.9999999999999308,4096,0,0,1.0,0.0,0.0,0,0.0,0.46849225648172077,0.0,0.031507743518279216,3.013199764728567e-14,0.17296461030293558,4096,0,0,1.0,0.0,0.0,0,0.0,0.031507743518279216,0.0,0.28284656288907495,8.355542467903179e-14,0.0,0.0,0.0
258,0.16125,1.5492854355212984e-15,7.744915819785092e-13,0.0,0.32277177024575326,9.165459643995852e-15,0.9999999999999243,0.5,0.0,0.5,0.0,0.46831531073725985,9.165580341066576e-15,0.9999999999999243,4096,0,0,1.0,0.0,0.0,0,0.0,0.46831531073725985,0.0,0.46831531073725985,9.165459643995852e-15,0.9999999999999238,4096,0,0,1.0,0.0,0.0,0,0.0,0.46831531073725985,0.0,0.031684689262740165,3.324035803718031e-14,0.17332772724145226,4096,0,0,1.0,0.0,0.0,0,0.0,0.031684689262740165,0.0,0.283379381923052,9.165459643995159e-14,0.0,0.0,2.7755575615628914e-17
259,0.161875,1.5550262678040473e-15,7.815970093361102e-13,0.0,0.32271267760069827,1.0060078167506865e-14,0.9999999999999165,0.5,0.0,0.5,0.0,0.4681380328020949,1.0060199384767341e-14,0.9999999999999165,4096,0,0,1.0,0.0,0.0,0,0.0,0.4681380328020949,0.0,0.46813803280209487,1.0060078167506865e-14,0.9999999999999161,4096,0,0,1.0,0.0,0.0,0,0.0,0.46813803280209487,0.0,0.03186196719790514,3.6690966041056306e-14,0.1736895510495743,4096,0,0,1.0,0.0,0.0,0,0.0,0.03186196719790514,0.0,0.2839095716688587,1.0060078167506026e-13,0.0,0.0,2.7755575615628914e-17
260,0.1625,1.5602262137176443e-15,7.744915819785092e-13,0.0,0.3226534747740935,1.1048501114949366e-14,0.9999999999999079,0.5,0.0,0.5,0.0,0.46796042432228047,1.1048622844840684e-14,0.9999999999999079,4096,0,0,1.0,0.0,0.0,0,0.0,0.46796042432228047,0.0,0.46796042432228047,1.1048501114949366e-14,0.9999999999999074,4096,0,0,1.0,0.0,0.0,0,0.0,0.46796042432228047,0.0,0.03203957567771954,4.052250161594823e-14,0.17405010499072457,4096,0,0,1.0,0.0,0.0,0,0.0,0.03203957567771954,0.0,0.2844371233477906,1.1048501114948347e-13,0.0,0.0,1.3877787807814457e-17
261,0.163125,1.5633116980443742e-15,7.673861546209082e-13,0.0,0.3225941623164404,1.2140796826003354e-14,0.9999999999998982,0.5,0.0,0.5,0.0,0.46778248694932123,1.2140919060958729e-14,0.9999999999998982,4096,0,0,1.0,0.0,0.0,0,0.0,0.46778248694932123,0.0,0.46778248694932123,1.2140796826003354e-14,0.9999999999998979,4096,0,0,1.0,0.0,0.0,0,0.0,0.46778248694932123,0.0,0.032217513050678805,4.4777976189183156e-14,0.17440941207695232,4096,0,0,1.0,0.0,0.0,0,0.0,0.032217513050678805,0.0,0.28496202829840184,1.2140796826002117e-13,0.0,0.0,1.3877787807814457e-17
262,0.16375,1.5688733209945311e-15,7.673861546209082e-13,0.0,0.32253474078003297,1.3348097247629244e-14,0.9999999999998875,0.5,0.0,0.5,0.0,0.4676042223400988,1.3348219980075822e-14,0.9999999999998875,4096,0,0,1.0,0.0,0.0,0,0.0,0.4676042223400988,0.0,0.46760422234009874,1.3348097247629244e-14,0.9999999999998872,4096,0,0,1.0,0.0,0.0,0,0.0,0.46760422234009874,0.0,0.032395777659901266,4.9505201535170857e-14,0.17478577104140433,4096,0,0,1.0,0.0,0.0,0,0.0,0.032395777659901266,0.0,0.28548427797523557,1.3348097247627744e-13,0.0,0.0,1.3877787807814457e-17
263,0.164375,1.5741929627189086e-15,7.744915819785092e-13,0.0,0.32247521071893326,1.4682705747697675e-14,0.9999999999998757,0.5,0.0,0.5,0.0,0.4674256321567998,1.4682828970058297e-14,0.9999999999998757,4096,0,0,1.0,0.0,0.0,0,0.0,0.4674256321567998,0.0,0.4674256321567998,1.4682705747697675e-14,0.9999999999998753,4096,0,0,1.0,0.0,0.0,0,0.0,0.4674256321567998,0.0,0.03257436784320025,5.475730693163245e-14,0.17516716941868674,4096,0,0,1.0,0.0,0.0,0,0.0,0.03257436784320025,0.0,0.28600386394756394,1.468270574769585e-13,0.0,0.0,0.0
264,0.165,1.5793071946140436e-15,7.744915819785092e-13,0.0,0.3224155726889482,1.615821524973051e-14,0.9999999999998624,0.5,0.0,0.5,0.0,0.4672467180668446,1.615833895442546e-14,0.9999999999998624,4096,0,0,1.0,0.0,0.0,0,0.0,0.4672467180668446,0.0,0.4672467180668446,1.615821524973051e-14,0.9999999999998621,4096,0,0,1.0,0.0,0.0,0,0.0,0.4672467180668446,0.0,0.03275328193315545,6.059330927002709e-14,0.17554752090493045,4096,0,0,1.0,0.0,0.0,0,0.0,0.03275328193315545,0.0,0.28652077789813984,1.615821524972829e-13,0.0,0.0,0.0
265,0.165625,1.5838313326731267e-15,7.744915819785092e-13,2.220446049250313e-16,0.32235582724760553,1.7788538730802744e-14,0.9999999999998478,0.5,0.0,0.5000000000000001,2.220446049250313e-16,0.46706748174281665,1.7788664090322485e-14,0.9999999999998478,4096,0,0,1.0,0.0,0.0,0,0.0,0.46706748174281665,0.0,0.46706748174281665,1.7788538730802744e-14,0.9999999999998475,4096,0,0,1.0,0.0,0.0,0,0.0,0.46706748174281665,0.0,0.03293251825718338,6.707874121626992e-14,0.1759268306260738,4096,0,0,1.0,0.0,0.0,0,0.0,0.03293251825718338,0.0,0.2870350116219592,1.7788538730800022e-13,0.0,0.0,1.3877787807814457e-17
266,0.16625,1.5868554892741448e-15,7.744915819785092e-13,0.0,0.3222959749541309,1.910026687765597e-14,0.9999999999998348,0.5,0.0,0.5,0.0,0.46688792486239283,1.9100392708782348e-14,0.9999999999998348,4096,0,0,1.0,0.0,0.0,0,0.0,0.46688792486239283,0.0,0.46688792486239283,1.910026687765597e-14,0.9999999999998347,4096,0,0,1.0,0.0,0.0,0,0.0,0.46688792486239283,0.0,0.033112075137607194,7.299241321894518e-14,0.17630510363531196,4096,0,0,1.0,0.0,0.0,0,0.0,0.033112075137607194,0.0,0.28754655702503396,1.9100266877652816e-13,0.0,0.0,1.3877787807814457e-17
267,0.166875,1.5920749844211462e-15,7.815970093361102e-13,0.0,0.3222360163694248,2.05194569120351e-14,0.9999999999998216,0.5,0.0,0.5,0.0,0.46670804910827435,2.051958320699581e-14,0.9999999999998216,4096,0,0,1.0,0.0,0.0,0,0.0,0.46670804910827435,0.0,0.46670804910827435,2.05194569120351e-14,0.9999999999998215,4096,0,0,1.0,0.0,0.0,0,0.0,0.46670804910827435,0.0,0.03329195089172568,7.889886964202128e-14,0.1766823449139356,4096,0,0,1.0,0.0,0.0,0,0.0,0.03329195089172568,0.0,0.2880554061231766,2.051945691203144e-13,0.0,0.0,1.3877787807814457e-17
268,0.1675,1.5977102725096e-15,7.744915819785092e-13,2.220446049250313e-16,0.3221759520560395,2.2055961936454926e-14,0.9999999999998072,0.5,0.0,0.5000000000000001,2.220446049250313e-16,0.4665278561681185,2.2056088687479667e-14,0.9999999999998072,4096,0,0,1.0,0.0,0.0,0,0.0,0.4665278561681185,0.0,0.4665278561681185,2.2055961936454926e-14,0.999999999999807,4096,0,0,1.0,0.0,0.0,0,0.0,0.4665278561681185,0.0,0.03347214383188152,8.532603886286772e-14,0.1770842662186714,4096,0,0,1.0,0.0,0.0,0,0.0,0.03347214383188152,0.0,0.28856155104079595,2.2055961936450672e-13,0.0,0.0,0.0
269,0.168125,1.6022498286487414e-15,7.744915819785092e-13,0.0,0.3221157825781571,2.3720598085398413e-14,0.9999999999997915,0.5,0.0,0.5,0.0,0.4663473477344713,2.372072528472052e-14,0.9999999999997915,4096,0,0,1.0,0.0,0.0,0,0.0,0.4663473477344713,0.0,0.4663473477344713,2.3720598085398413e-14,0.9999999999997914,4096,0,0,1.0,0.0,0.0,0,0.0,0.4663473477344713,0.0,0.03365265226552874,9.232423164320345e-14,0.17750845385384298,4096,0,0,1.0,0.0,0.0,0,0.0,0.03365265226552874,0.0,0.2890649840097043,2.372059808539347e-13,0.0,0.0,1.3877787807814457e-17
270,0.16875,1.60698331108362e-15,7.815970093361102e-13,0.0,0.32205550850156683,2.5525238866271998e-14,0.9999999999997744,0.5,0.0,0.5,0.0,0.46616652550470045,2.552536650613006e-14,0.9999999999997744,4096,0,0,1.0,0.0,0.0,0,0.0,0.46616652550470045,0.0,0.46616652550470045,2.5525238866271998e-14,0.9999999999997743,4096,0,0,1.0,0.0,0.0,0,0.0,0.46616652550470045,0.0,0.033833474495299554,9.994889888115093e-14,0.17793019492828893,4096,0,0,1.0,0.0,0.0,0,0.0,0.033833474495299554,0.0,0.28956569736793636,2.552523886626624e-13,0.0,0.0,0.0
271,0.169375,1.6119835200936374e-15,7.744915819785092e-13,0.0,0.32199513039364325,2.7482918374780623e-14,0.9999999999997559,0.5,0.0,0.5,0.0,0.46598539118092974,2.7483046447420074e-14,0.9999999999997559,4096,0,0,1.0,0.0,0.0,0,0.0,0.46598539118092974,0.0,0.46598539118092974,2.7482918374780623e-14,0.9999999999997558,4096,0,0,1.0,0.0,0.0,0,0.0,0.46598539118092974,0.0,0.0340146088190703,1.0826116018941356e-13,0.1783495068922687,4096,0,0,1.0,0.0,0.0,0,0.0,0.0340146088190703,0.0,0.2900636835585798,2.7482918374773914e-13,0.0,0.0,1.3877787807814457e-17
272,0.17,1.6158265059271864e-15,7.744915819785092e-13,0.0,0.3219346488233244,2.9607944167308535e-14,0.9999999999997355,0.5,0.0,0.5,0.0,0.46580394646997325,2.96080726649832e-14,0.9999999999997355,4096,0,0,1.0,0.0,0.0,0,0.0,0.46580394646997325,0.0,0.46580394646997325,2.9607944167308535e-14,0.9999999999997354,4096,0,0,1.0,0.0,0.0,0,0.0,0.46580394646997325,0.0,0.03419605353002679,1.173283851300667e-13,0.17876640779131392,4096,0,0,1.0,0.0,0.0,0,0.0,0.03419605353002679,0.0,0.2905589351286174,2.9607944167300706e-13,0.0,0.0,1.3877787807814457e-17
273,0.170625,1.6201951022587993e-15,7.744915819785092e-13,0.0,0.3218740643610904,3.1916020636629186e-14,0.9999999999997135,0.5,0.0,0.5,0.0,0.4656221930832712,3.191614955160282e-14,0.9999999999997135,4096,0,0,1.0,0.0,0.0,0,0.0,0.4656221930832712,0.0,0.46562219308327113,3.1916020636629186e-14,0.9999999999997133,4096,0,0,1.0,0.0,0.0,0,0.0,0.46562219308327113,0.0,0.034377806916728856,1.2722483206864706e-13,0.1791809162386683,4096,0,0,1.0,0.0,0.0,0,0.0,0.034377806916728856,0.0,0.29105144472778194,3.191602063662004e-13,0.0,0.0,1.3877787807814457e-17
274,0.17125,1.624624149150054e-15,7.815970093361102e-13,0.0,0.3218133775789419,3.442438380573256e-14,0.9999999999996894,0.5,0.0,0.5,0.0,0.4654401327368257,3.442451313028033e-14,0.9999999999996894,4096,0,0,1.0,0.0,0.0,0,0.0,0.4654401327368257,0.0,0.4654401327368258,3.442438380573256e-14,0.9999999999996892,4096,0,0,1.0,0.0,0.0,0,0.0,0.4654401327368258,0.0,0.034559867263174254,1.380323500460616e-13,0.17959305138806067,4096,0,0,1.0,0.0,0.0,0,0.0,0.034559867263174254,0.0,0.2915412051074221,3.4424383805721863e-13,0.0,0.0,2.7755575615628914e-17
275,0.171875,1.6305988161940492e-15,7.815970093361102e-13,0.0,0.3217525890503794,3.7151948528063567e-14,0.999999999999663,0.5,0.0,0.5,0.0,0.4652577671511382,3.715207825447354e-14,0.999999999999663,4096,0,0,1.0,0.0,0.0,0,0.0,0.4652577671511382,0.0,0.4652577671511382,3.7151948528063567e-14,0.9999999999996629,4096,0,0,1.0,0.0,0.0,0,0.0,0.4652577671511382,0.0,0.03474223284886177,1.4984114953788508e-13,0.18000283290682553,4096,0,0,1.0,0.0,0.0,0,0.0,0.03474223284886177,0.0,0.29202820911938154,3.7151948528051046e-13,0.0,0.0,1.3877787807814457e-17
276,0.17250000000000001,1.635842782446576e-15,7.815970093361102e-13,2.220446049250313e-16,0.3216916993503821,4.011946916134238e-14,0.9999999999996343,0.5,0.0,0.5000000000000001,2.220446049250313e-16,0.4650750980511463,4.0119599281916945e-14,0.9999999999996343,4096,0,0,1.0,0.0,0.0,0,0.0,0.4650750980511463,0.0,0.46507509805114633,4.011946916134238e-14,0.9999999999996342,4096,0,0,1.0,0.0,0.0,0,0.0,0.46507509805114633,0.0,0.0349249019488537,1.6275064847945034e-13,0.18041028094938438,4096,0,0,1.0,0.0,0.0,0,0.0,0.0349249019488537,0.0,0.2925124497148896,4.011946916132771e-13,0.0,0.0,0.0
277,0.173125,1.6408828578701308e-15,7.744915819785092e-13,1.1102230246251565e-16,0.32163070905538743,4.334971486673572e-14,0.9999999999996028,0.5,0.0,0.49999999999999994,1.1102230246251565e-16,0.46489212716616235,4.3349845373793e-14,0.9999999999996028,4096,0,0,1.0,0.0,0.0,0,0.0,0.46489212716616235,0.0,0.46489212716616235,4.334971486673572e-14,0.9999999999996027,4096,0,0,1.0,0.0,0.0,0,0.0,0.46489212716616235,0.0,0.03510787283383766,1.7687040048450094e-13,0.18081541613110058,4096,0,0,1.0,0.0,0.0,0,0.0,0.03510787283383766,0.0,0.2929939199434644,4.3349714866718503e-13,0.0,0.0,0.0
278,0.17375000000000002,1.6455924950096578e-15,7.673861546209082e-13,2.220446049250313e-16,0.3215696187432708,4.686766077583742e-14,0.9999999999995683,0.5000000000000001,2.220446049250313e-16,0.5,0.0,0.4647088562298124,4.6867791661712664e-14,0.9999999999995683,4096,0,0,1.0,0.0,0.0,0,0.0,0.4647088562298124,0.0,0.4647088562298124,4.686766077583742e-14,0.9999999999995682,4096,0,0,1.0,0.0,0.0,0,0.0,0.4647088562298124,0.0,0.035291143770187626,1.9232111277799092e-13,0.18121825950251946,4096,0,0,1.0,0.0,0.0,0,0.0,0.035291143770187626,0.0,0.2934726129518288,4.686766077581719e-13,0.0,0.0,0.0
279,0.174375,1.650790639675037e-15,7.673861546209082e-13,0.0,0.3215084289933252,5.070069636508577e-14,0.9999999999995307,0.5,0.0,0.5,0.0,0.46452528697997564,5.0700827622132676e-14,0.9999999999995307,4096,0,0,1.0,0.0,0.0,0,0.0,0.46452528697997564,0.0,0.46452528697997564,5.070069636508577e-14,0.9999999999995306,4096,0,0,1.0,0.0,0.0,0,0.0,0.46452528697997564,0.0,0.03547471302002438,2.0923576200298345e-13,0.18161883252400465,4096,0,0,1.0,0.0,0.0,0,0.0,0.03547471302002438,0.0,0.29394852198283883,5.070069636506198e-13,0.0,0.0,1.3877787807814457e-17
280,0.17500000000000002,1.6548875326140795e-15,7.673861546209082e-13,0.0,0.32144714038624156,5.487885248130606e-14,0.9999999999994894,0.5,0.0,0.5,0.0,0.46434142115872473,5.4878984101898137e-14,0.9999999999994894,4096,0,0,1.0,0.0,0.0,0,0.0,0.46434142115872473,0.0,0.46434142115872473,5.487885248130606e-14,0.9999999999994893,4096,0,0,1.0,0.0,0.0,0,0.0,0.46434142115872473,0.0,0.03565857884127527,2.277608167508202e-13,0.18201715704078084,4096,0,0,1.0,0.0,0.0,0,0.0,0.03565857884127527,0.0,0.29442164037442375,5.487885248127804e-13,0.0,0.0,2.7755575615628914e-17
281,0.175625,1.6603402198198828e-15,7.673861546209082e-13,0.0,0.32138575350408893,5.943504857345248e-14,0.9999999999994442,0.5,0.0,0.5,0.0,0.4641572605122668,5.943518054998431e-14,0.9999999999994442,4096,0,0,1.0,0.0,0.0,0,0.0,0.4641572605122668,0.0,0.4641572605122668,5.943504857345248e-14,0.9999999999994441,4096,0,0,1.0,0.0,0.0,0,0.0,0.4641572605122668,0.0,0.03584273948773324,2.480575764063085e-13,0.1824132552583925,4096,0,0,1.0,0.0,0.0,0,0.0,0.03584273948773324,0.0,0.29489196155854064,5.943504857341944e-13,0.0,0.0,0.0
282,0.17625,1.6646512802134467e-15,7.602807272633072e-13,0.0,0.32132426893029487,6.440536180479033e-14,0.9999999999993947,0.5,0.0,0.5,0.0,0.46397280679088465,6.440549412967884e-14,0.9999999999993947,4096,0,0,1.0,0.0,0.0,0,0.0,0.46397280679088465,0.0,0.4639728067908846,6.440536180479033e-14,0.9999999999993946,4096,0,0,1.0,0.0,0.0,0,0.0,0.4639728067908846,0.0,0.03602719320911538,2.703036366993269e-13,0.18280714971858714,4096,0,0,1.0,0.0,0.0,0,0.0,0.03602719320911538,0.0,0.2953594790601398,6.440536180475134e-13,0.0,0.0,1.3877787807814457e-17
283,0.176875,1.6685559959263702e-15,7.673861546209082e-13,0.0,0.32126268724962653,6.98293198471885e-14,0.9999999999993405,0.5,0.0,0.5,0.0,0.46378806174887943,6.982945251287423e-14,0.9999999999993405,4096,0,0,1.0,0.0,0.0,0,0.0,0.46378806174887943,0.0,0.46378806174887943,6.98293198471885e-14,0.9999999999993404,4096,0,0,1.0,0.0,0.0,0,0.0,0.46378806174887943,0.0,0.03621193825112063,2.946944932149262e-13,0.18319886327563117,4096,0,0,1.0,0.0,0.0,0,0.0,0.03621193825112063,0.0,0.2958241864961446,6.982931984714246e-13,0.0,0.0,0.0
284,0.1775,1.6717173886649377e-15,7.744915819785092e-13,0.0,0.321201009048171,7.57502192953892e-14,0.9999999999992811,0.5,0.0,0.5,0.0,0.463603027144513,7.575035229433746e-14,0.9999999999992811,4096,0,0,1.0,0.0,0.0,0,0.0,0.463603027144513,0.0,0.463603027144513,7.57502192953892e-14,0.999999999999281,4096,0,0,1.0,0.0,0.0,0,0.0,0.463603027144513,0.0,0.03639697285548699,3.214452950398924e-13,0.18358841907306572,4096,0,0,1.0,0.0,0.0,0,0.0,0.03639697285548699,0.0,0.2962860775744426,7.575021929533474e-13,0.0,0.0,2.0816681711721685e-17
285,0.178125,1.6761814302047205e-15,7.815970093361102e-13,0.0,0.3211392349133173,8.221547178461806e-14,0.999999999999216,0.5,0.0,0.5,0.0,0.4634177047399519,8.221560510932015e-14,0.999999999999216,4096,0,0,1.0,0.0,0.0,0,0.0,0.4634177047399519,0.0,0.4634177047399519,8.221547178461806e-14,0.9999999999992158,4096,0,0,1.0,0.0,0.0,0,0.0,0.4634177047399519,0.0,0.03658229526004808,3.5079276171927337e-13,0.18397584052090882,4096,0,0,1.0,0.0,0.0,0,0.0,0.03658229526004808,0.0,0.29674514609289104,8.221547178455359e-13,0.0,0.0,6.938893903907228e-18
286,0.17875,1.6808097216910806e-15,7.815970093361102e-13,0.0,0.321077365433737,8.927698005025399e-14,0.9999999999991445,0.5,0.0,0.5,0.0,0.463232096301211,8.927711369322832e-14,0.9999999999991445,4096,0,0,1.0,0.0,0.0,0,0.0,0.463232096301211,0.0,0.46323209630121104,8.927698005025399e-14,0.9999999999991444,4096,0,0,1.0,0.0,0.0,0,0.0,0.46323209630121104,0.0,0.03676790369878901,3.829972777662575e-13,0.18436115127331,4096,0,0,1.0,0.0,0.0,0,0.0,0.03676790369878901,0.0,0.29720138593833484,8.927698005017761e-13,0.0,0.0,6.938893903907228e-18
287,0.179375,1.6857277013594721e-15,7.815970093361102e-13,0.0,0.3210154011993661,9.699154633407997e-14,0.999999999999066,0.5,0.0,0.5,0.0,0.46304620359809834,9.699168028787323e-14,0.999999999999066,4096,0,0,1.0,0.0,0.0,0,0.0,0.46304620359809834,0.0,0.4630462035980982,9.699154633407997e-14,0.9999999999990659,4096,0,0,1.0,0.0,0.0,0,0.0,0.4630462035980982,0.0,0.036953796401901745,4.183451801180003e-13,0.18474437520666262,4096,0,0,1.0,0.0,0.0,0,0.0,0.036953796401901745,0.0,0.29765479108563675,9.699154633398938e-13,0.0,0.0,6.938893903907228e-18
288,0.18,1.6912240836506733e-15,7.744915819785092e-13,0.0,0.3209533428013868,1.0542131571850145e-13,0.9999999999989799,0.5,0.0,0.5,0.0,0.4628600284041603,1.0542144997568967e-13,0.9999999999989799,4096,0,0,1.0,0.0,0.0,0,0.0,0.4628600284041603,0.0,0.4628600284041603,1.0542131571850145e-13,0.9999999999989798,4096,0,0,1.0,0.0,0.0,0,0.0,0.4628600284041603,0.0,0.037139971595839774,4.571512551637938e-13,0.18512553639817858,4096,0,0,1.0,0.0,0.0,0,0.0,0.037139971595839774,0.0,0.29810535559672197,1.0542131571839392e-12,0.0,0.0,6.938893903907228e-18
289,0.180625,1.6958729714263449e-15,7.673861546209082e-13,0.0,0.32089119083220924,1.1463425715869465e-13,0.9999999999988854,0.5,0.0,0.5,0.0,0.46267357249662777,1.146343917118843e-13,0.9999999999988854,4096,0,0,1.0,0.0,0.0,0,0.0,0.46267357249662777,0.0,0.4626735724966277,1.1463425715869465e-13,0.9999999999988853,4096,0,0,1.0,0.0,0.0,0,0.0,0.4626735724966277,0.0,0.037326427503372284,4.997614632959289e-13,0.18550465910492928,4096,0,0,1.0,0.0,0.0,0,0.0,0.037326427503372284,0.0,0.298553073619635,1.1463425715856689e-12,0.0,0.0,1.3877787807814457e-17
290,0.18125,1.6998526873581276e-15,7.673861546209082e-13,0.0,0.32082894588545413,1.2470468518361216e-13,0.9999999999987818,0.5,0.0,0.5,0.0,0.4624868376563624,1.2470482002544119e-13,0.9999999999987818,4096,0,0,1.0,0.0,0.0,0,0.0,0.4624868376563624,0.0,0.4624868376563624,1.2470468518361216e-13,0.9999999999987816,4096,0,0,1.0,0.0,0.0,0,0.0,0.4624868376563624,0.0,0.03751316234363762,5.465559103535984e-13,0.1858817677433564,4096,0,0,1.0,0.0,0.0,0,0.0,0.03751316234363762,0.0,0.29899793938761,1.2470468518346024e-12,0.0,0.0,2.0816681711721685e-17
291,0.181875,1.7051423902669546e-15,7.602807272633072e-13,0.0,0.3207666085559346,1.3571382545083761e-13,0.999999999998668,0.5,0.0,0.5,0.0,0.4622998256678037,1.3571396057397643e-13,0.999999999998668,4096,0,0,1.0,0.0,0.0,0,0.0,0.4622998256678037,0.0,0.4622998256678037,1.3571382545083761e-13,0.9999999999986678,4096,0,0,1.0,0.0,0.0,0,0.0,0.4622998256678037,0.0,0.037700174332196315,5.979520868524391e-13,0.1862568868692556,4096,0,0,1.0,0.0,0.0,0,0.0,0.037700174332196315,0.0,0.29943994721815365,1.3571382545065682e-12,0.0,0.0,6.938893903907228e-18
292,0.1825,1.7107928472620867e-15,7.673861546209082e-13,0.0,0.32070417943963886,1.4775042756819243e-13,0.9999999999985429,0.5,0.0,0.5,0.0,0.4621125383189166,1.477505629653449e-13,0.9999999999985429,4096,0,0,1.0,0.0,0.0,0,0.0,0.4621125383189166,0.0,0.4621125383189166,1.4775042756819243e-13,0.9999999999985428,4096,0,0,1.0,0.0,0.0,0,0.0,0.4621125383189166,0.0,0.03788746168108343,6.544083975233908e-13,0.1866300411582349,4096,0,0,1.0,0.0,0.0,0,0.0,0.03788746168108343,0.0,0.29987909151214254,1.4775042756797716e-12,0.0,0.0,6.938893903907228e-18
293,0.183125,1.7166330124316264e-15,7.744915819785092e-13,0.0,0.32064165913371323,1.6091142883753232e-13,0.9999999999984057,0.5,0.0,0.5,0.0,0.46192497740113964,1.609115645014368e-13,0.9999999999984057,4096,0,0,1.0,0.0,0.0,0,0.0,0.46192497740113964,0.0,0.46192497740113964,1.6091142883753232e-13,0.9999999999984056,4096,0,0,1.0,0.0,0.0,0,0.0,0.46192497740113964,0.0,0.038075022598860385,7.164280054313601e-13,0.1870012553866502,4096,0,0,1.0,0.0,0.0,0,0.0,0.038075022598860385,0.0,0.3003153667529323,1.6091142883727578e-12,0.0,0.0,1.3877787807814457e-17
294,0.18375,1.720989812024929e-15,7.815970093361102e-13,0.0,0.32057904823644456,1.7530267283414916e-13,0.9999999999982551,0.5,0.0,0.5,0.0,0.46173714470933375,1.7530280875757937e-13,0.9999999999982551,4096,0,0,1.0,0.0,0.0,0,0.0,0.46173714470933375,0.0,0.46173714470933375,1.7530267283414916e-13,0.999999999998255,4096,0,0,1.0,0.0,0.0,0,0.0,0.46173714470933375,0.0,0.03826285529066625,7.845630168140455e-13,0.1873705544130186,4096,0,0,1.0,0.0,0.0,0,0.0,0.03826285529066625,0.0,0.3007487675054814,1.7530267283384327e-12,0.0,0.0,0.0
295,0.184375,1.725448107601203e-15,7.744915819785092e-13,0.0,0.3205163473472438,1.873178146778411e-13,0.9999999999981146,0.5,0.0,0.5,0.0,0.4615490420417315,1.8731795219535482e-13,0.9999999999981145,4096,0,0,1.0,0.0,0.0,0,0.0,0.4615490420417315,0.0,0.4615490420417315,1.873178146778411e-13,0.9999999999981146,4096,0,0,1.0,0.0,0.0,0,0.0,0.4615490420417315,0.0,0.038450957958268486,8.485830696797554e-13,0.18773796315991062,4096,0,0,1.0,0.0,0.0,0,0.0,0.038450957958268486,0.0,0.3011792884154868,1.8731781467748794e-12,0.0,0.0,0.0
296,0.185,1.7308336100811914e-15,7.673861546209082e-13,2.220446049250313e-16,0.320453557066629,1.9940539277415927e-13,0.9999999999979824,0.5000000000000001,2.220446049250313e-16,0.5,0.0,0.4613606711998869,1.9940553053837105e-13,0.9999999999979823,4096,0,0,1.0,0.0,0.0,0,0.0,0.4613606711998869,0.0,0.4613606711998869,1.9940539277415927e-13,0.9999999999979824,4096,0,0,1.0,0.0,0.0,0,0.0,0.4613606711998869,0.0,0.0386393288001131,9.086441765129558e-13,0.18810350659632158,4096,0,0,1.0,0.0,0.0,0,0.0,0.0386393288001131,0.0,0.3016069242085343,1.994053927737569e-12,0.0,0.0,1.3877787807814457e-17
297,0.185625,1.735705861468014e-15,7.673861546209082e-13,1.1102230246251565e-16,0.32039067799620863,2.1237590752111718e-13,0.99999999999784,0.5,0.0,0.49999999999999994,1.1102230246251565e-16,0.4611720339886257,2.1237604552469855e-13,0.9999999999978398,4096,0,0,1.0,0.0,0.0,0,0.0,0.4611720339886257,0.0,0.4611720339886257,2.1237590752111718e-13,0.99999999999784,4096,0,0,1.0,0.0,0.0,0,0.0,0.4611720339886257,0.0,0.038827966011374344,9.733928203959939e-13,0.1884672097205218,4096,0,0,1.0,0.0,0.0,0,0.0,0.038827966011374344,0.0,0.30203166968926126,2.123759075206584e-12,0.0,0.0,2.0816681711721685e-17
298,0.18625,1.740789091237144e-15,7.602807272633072e-13,0.0,0.3203277107386654,2.2630245829766868e-13,0.9999999999976863,0.5,0.0,0.5,0.0,0.4609831322159962,2.26302596533329e-13,0.9999999999976862,4096,0,0,1.0,0.0,0.0,0,0.0,0.4609831322159962,0.0,0.4609831322159962,2.2630245829766868e-13,0.9999999999976863,4096,0,0,1.0,0.0,0.0,0,0.0,0.4609831322159962,0.0,0.03901686778400386,1.0432347658854345e-12,0.18882909754338514,4096,0,0,1.0,0.0,0.0,0,0.0,0.03901686778400386,0.0,0.3024535197405332,2.2630245829714503e-12,0.0,0.0,6.938893903907228e-18
299,0.186875,1.7453046291629203e-15,7.531752999057062e-13,0.0,0.3202646558977403,2.412645542143291e-13,0.9999999999975205,0.5,0.0,0.5,0.0,0.46079396769322073,2.412646926748164e-13,0.9999999999975204,4096,0,0,1.0,0.0,0.0,0,0.0,0.46079396769322073,0.0,0.46079396769322073,2.412645542143291e-13,0.9999999999975205,4096,0,0,1.0,0.0,0.0,0,0.0,0.46079396769322073,0.0,0.039206032306779326,1.118612927360558e-12,0.18918919507219473,4096,0,0,1.0,0.0,0.0,0,0.0,0.039206032306779326,0.0,0.30287246932263323,2.4126455421373083e-12,0.0,0.0,6.938893903907228e-18
300,0.1875,1.7534565323296908e-15,7.531752999057062e-13,0.0,0.32020151407821584,2.5734866861558784e-13,0.9999999999973417,0.5,0.0,0.5,0.0,0.4606045422346475,2.573488072936898e-13,0.9999999999973416,4096,0,0,1.0,0.0,0.0,0,0.0,0.4606045422346475,0.0,0.4606045422346475,2.5734866861558784e-13,0.9999999999973417,4096,0,0,1.0,0.0,0.0,0,0.0,0.4606045422346475,0.0,0.03939545776535257,1.2000107617498791e-12,0.18954752729492436,4096,0,0,1.0,0.0,0.0,0,0.0,0.03939545776535257,0.0,0.3032885134724655,2.573486686149037e-12,0.0,0.0,1.3877787807814457e-17
301,0.18812500000000001,1.7569274835779581e-15,7.602807272633072e-13,0.0,0.320138285885901,2.7464883895110207e-13,0.9999999999971485,0.5,0.0,0.5,0.0,0.46041485765770285,2.746489778396467e-13,0.9999999999971484,4096,0,0,1.0,0.0,0.0,0,0.0,0.46041485765770285,0.0,0.46041485765770285,2.7464883895110207e-13,0.9999999999971485,4096,0,0,1.0,0.0,0.0,0,0.0,0.46041485765770285,0.0,0.03958514234229721,1.2879559580094475e-12,0.18990411916499386,4096,0,0,1.0,0.0,0.0,0,0.0,0.03958514234229721,0.0,0.30370164730277155,2.746488389503189e-12,0.0,0.0,0.0
302,0.18875,1.7601943487033406e-15,7.602807272633072e-13,0.0,0.3200749719276147,2.9326731545107224e-13,0.9999999999969398,0.5,0.0,0.5,0.0,0.46022491578284414,2.932674545429285e-13,0.9999999999969397,4096,0,0,1.0,0.0,0.0,0,0.0,0.46022491578284414,0.0,0.46022491578284414,2.9326731545107224e-13,0.9999999999969398,4096,0,0,1.0,0.0,0.0,0,0.0,0.46022491578284414,0.0,0.03977508421715585,1.3830244476410399e-12,0.19025899558649598,4096,0,0,1.0,0.0,0.0,0,0.0,0.03977508421715585,0.0,0.3041118660013599,2.9326731545017476e-12,0.0,0.0,1.3877787807814457e-17
303,0.18937500000000002,1.7634495155936924e-15,7.673861546209082e-13,0.0,0.3200115728111711,3.1331526227835045e-13,0.9999999999967141,0.5,0.0,0.5,0.0,0.4600347184335133,3.133154015664294e-13,0.999999999996714,4096,0,0,1.0,0.0,0.0,0,0.0,0.4600347184335133,0.0,0.4600347184335133,3.1331526227835045e-13,0.9999999999967141,4096,0,0,1.0,0.0,0.0,0,0.0,0.4600347184335133,0.0,0.03996528156648674,1.4858447623702714e-12,0.19061218139989228,4096,0,0,1.0,0.0,0.0,0,0.0,0.03996528156648674,0.0,0.3045191648303501,3.1331526227732085e-12,0.0,0.0,1.3877787807814457e-17
304,0.19,1.768114829773837e-15,7.673861546209082e-13,0.0,0.3199480891453634,3.3491351508163533e-13,0.9999999999964699,0.5,0.0,0.5,0.0,0.45984426743609,3.349136545588906e-13,0.9999999999964698,4096,0,0,1.0,0.0,0.0,0,0.0,0.45984426743609,0.0,0.4598442674360901,3.3491351508163533e-13,0.9999999999964699,4096,0,0,1.0,0.0,0.0,0,0.0,0.4598442674360901,0.0,0.04015573256390996,1.5971027670619733e-12,0.19096370136817506,4096,0,0,1.0,0.0,0.0,0,0.0,0.04015573256390996,0.0,0.3049235391254286,3.3491351508045305e-12,0.0,0.0,6.938893903907228e-18
305,0.19062500000000002,1.7735160601559955e-15,7.673861546209082e-13,0.0,0.3198845215399489,3.5819339914134296e-13,0.9999999999962057,0.5,0.0,0.5,0.0,0.45965356461984674,3.5819353880077164e-13,0.9999999999962057,4096,0,0,1.0,0.0,0.0,0,0.0,0.45965356461984674,0.0,0.45965356461984674,3.5819339914134296e-13,0.9999999999962057,4096,0,0,1.0,0.0,0.0,0,0.0,0.45965356461984674,0.0,0.0403464353801532,1.7175467980404966e-12,0.19131358016349204,4096,0,0,1.0,0.0,0.0,0,0.0,0.0403464353801532,0.0,0.3053249842951191,3.5819339913998385e-12,0.0,0.0,6.938893903907228e-18
306,0.19125,1.7781387357491847e-15,7.744915819785092e-13,0.0,0.3198208706056343,3.832976125832402e-13,0.9999999999959197,0.5,0.0,0.5,0.0,0.45946261181690295,3.832977524178833e-13,0.9999999999959197,4096,0,0,1.0,0.0,0.0,0,0.0,0.45946261181690295,0.0,0.45946261181690295,3.832976125832402e-13,0.9999999999959197,4096,0,0,1.0,0.0,0.0,0,0.0,0.45946261181690295,0.0,0.04053738818309707,1.8479932392139275e-12,0.1916618423542301,4096,0,0,1.0,0.0,0.0,0,0.0,0.04053738818309707,0.0,0.30572349582006625,3.832976125816762e-12,0.0,0.0,6.938893903907228e-18
307,0.19187500000000002,1.783102182457924e-15,7.673861546209082e-13,0.0,0.31975713695406,4.103811794355279e-13,0.99999999999561,0.5,0.0,0.5,0.0,0.4592714108621801,4.1038131943847137e-13,0.99999999999561,4096,0,0,1.0,0.0,0.0,0,0.0,0.4592714108621801,0.0,0.4592714108621801,4.103811794355279e-13,0.99999999999561,4096,0,0,1.0,0.0,0.0,0,0.0,0.4592714108621801,0.0,0.040728589137819904,1.9893325707819543e-12,0.1920085123925543,4096,0,0,1.0,0.0,0.0,0,0.0,0.040728589137819904,0.0,0.3061190692523321,4.103811794337263e-12,0.0,0.0,1.3877787807814457e-17
308,0.1925,1.787880168218621e-15,7.744915819785092e-13,0.0,0.31969332119778593,4.3961247762366973e-13,0.9999999999952743,0.5,0.0,0.5,0.0,0.4590799635933578,4.3961261778804466e-13,0.9999999999952743,4096,0,0,1.0,0.0,0.0,0,0.0,0.4590799635933578,0.0,0.4590799635933578,4.3961247762366973e-13,0.9999999999952743,4096,0,0,1.0,0.0,0.0,0,0.0,0.4590799635933578,0.0,0.04092003640664225,2.1425359278461632e-12,0.19235361460239783,4096,0,0,1.0,0.0,0.0,0,0.0,0.04092003640664225,0.0,0.30651170021470653,4.396124776215923e-12,0.0,0.0,6.938893903907228e-18
309,0.193125,1.7930829986824475e-15,7.673861546209082e-13,0.0,0.31962942395027644,4.711743473347927e-13,0.9999999999949105,0.5,0.0,0.5,0.0,0.45888827185082925,4.711744876537763e-13,0.9999999999949105,4096,0,0,1.0,0.0,0.0,0,0.0,0.45888827185082925,0.0,0.45888827185082925,4.711743473347927e-13,0.9999999999949105,4096,0,0,1.0,0.0,0.0,0,0.0,0.45888827185082925,0.0,0.04111172814917079,2.3086622089481333e-12,0.1926971731678988,4096,0,0,1.0,0.0,0.0,0,0.0,0.04111172814917079,0.0,0.3069013844000309,4.711743473323946e-12,0.0,0.0,6.938893903907228e-18
310,0.19375,1.7976189848678394e-15,7.602807272633072e-13,0.0,0.31956544582588603,5.052652855409175e-13,0.999999999994516,0.5,0.0,0.5,0.0,0.45869633747765803,5.052654260077337e-13,0.999999999994516,4096,0,0,1.0,0.0,0.0,0,0.0,0.45869633747765803,0.0,0.45869633747765803,5.052652855409175e-13,0.9999999999945159,4096,0,0,1.0,0.0,0.0,0,0.0,0.45869633747765803,0.0,0.04130366252234198,2.488865777444619e-12,0.19303921212227848,4096,0,0,1.0,0.0,0.0,0,0.0,0.04130366252234198,0.0,0.3072881175705351,5.052652855381466e-12,0.0,0.0,0.0
311,0.194375,1.803085654957866e-15,7.531752999057062e-13,0.0,0.31950138743984496,5.421007328486043e-13,0.9999999999940882,0.5,0.0,0.5,0.0,0.45850416231953484,5.421008734565242e-13,0.9999999999940882,4096,0,0,1.0,0.0,0.0,0,0.0,0.45850416231953484,0.0,0.45850416231953484,5.421007328486043e-13,0.9999999999940881,4096,0,0,1.0,0.0,0.0,0,0.0,0.45850416231953484,0.0,0.04149583768046518,2.684404801700561e-12,0.19337975533715676,4096,0,0,1.0,0.0,0.0,0,0.0,0.04149583768046518,0.0,0.30767189555718777,5.421007328453994e-12,0.0,0.0,1.3877787807814457e-17
312,0.195,1.8092730131703738e-15,7.531752999057062e-13,0.0,0.3194372494082449,5.819144592428728e-13,0.9999999999936239,0.5,0.0,0.5,0.0,0.4583117482247347,5.819145999852153e-13,0.9999999999936239,4096,0,0,1.0,0.0,0.0,0,0.0,0.4583117482247347,0.0,0.4583117482247347,5.819144592428728e-13,0.9999999999936238,4096,0,0,1.0,0.0,0.0,0,0.0,0.4583117482247347,0.0,0.04168825177526538,2.8966502833503902e-12,0.19371882651229927,4096,0,0,1.0,0.0,0.0,0,0.0,0.04168825177526538,0.0,0.30805271425906033,5.819144592391625e-12,0.0,0.0,0.0
313,0.195625,1.8136141451731312e-15,7.602807272633072e-13,0.0,0.3193730323480248,6.249600557165665e-13,0.99999999999312,0.5,0.0,0.5,0.0,0.45811909704407433,6.249601965866987e-13,0.99999999999312,4096,0,0,1.0,0.0,0.0,0,0.0,0.45811909704407433,0.0,0.45811909704407433,6.249600557165665e-13,0.9999999999931198,4096,0,0,1.0,0.0,0.0,0,0.0,0.45811909704407433,0.0,0.04188090295592567,3.1270958263572946e-12,0.19405644916579076,4096,0,0,1.0,0.0,0.0,0,0.0,0.04188090295592567,0.0,0.30843056964270354,6.249600557122667e-12,0.0,0.0,6.938893903907228e-18
314,0.19625,1.8177399408391372e-15,7.673861546209082e-13,0.0,0.31930873687695693,6.715125392237958e-13,0.9999999999925728,0.5,0.0,0.5,0.0,0.45792621063087086,6.715126802151337e-13,0.9999999999925728,4096,0,0,1.0,0.0,0.0,0,0.0,0.45792621063087086,0.0,0.45792621063087086,6.715125392237958e-13,0.9999999999925727,4096,0,0,1.0,0.0,0.0,0,0.0,0.45792621063087086,0.0,0.04207378936912912,3.3773682033006134e-12,0.1943926466246294,4096,0,0,1.0,0.0,0.0,0,0.0,0.04207378936912912,0.0,0.30880545774153834,6.715125392188084e-12,0.0,0.0,0.0
315,0.196875,1.8244548178998785e-15,7.673861546209082e-13,0.0,0.31924436361363323,7.218700788688997e-13,0.9999999999919787,0.5,0.0,0.5,0.0,0.4577330908408996,7.218702199749086e-13,0.9999999999919787,4096,0,0,1.0,0.0,0.0,0,0.0,0.4577330908408996,0.0,0.4577330908408996,7.218700788688997e-13,0.9999999999919786,4096,0,0,1.0,0.0,0.0,0,0.0,0.4577330908408996,0.0,0.04226690915910046,3.649238779255565e-12,0.19472744201573583,4096,0,0,1.0,0.0,0.0,0,0.0,0.04226690915910046,0.0,0.30917737465525985,7.218700788631093e-12,0.0,0.0,6.938893903907228e-18
316,0.1975,1.8292095539274995e-15,7.815970093361102e-13,0.0,0.3191799131774509,7.763558517417148e-13,0.9999999999913335,0.5,0.0,0.5,0.0,0.45753973953235283,7.763559929559099e-13,0.9999999999913335,4096,0,0,1.0,0.0,0.0,0,0.0,0.45753973953235283,0.0,0.4575397395323527,7.763558517417148e-13,0.9999999999913333,4096,0,0,1.0,0.0,0.0,0,0.0,0.4575397395323527,0.0,0.04246026046764724,3.944635857810047e-12,0.1950608582573714,4096,0,0,1.0,0.0,0.0,0,0.0,0.04246026046764724,0.0,0.3095463165492539,7.763558517349865e-12,0.0,0.0,0.0
317,0.198125,1.834083256314176e-15,7.887024366937112e-13,0.0,0.31911538618859975,8.353200373371048e-13,0.9999999999906325,0.5,0.0,0.5,0.0,0.45734615856579924,8.353201786530515e-13,0.9999999999906325,4096,0,0,1.0,0.0,0.0,0,0.0,0.45734615856579924,0.0,0.45734615856579924,8.353200373371048e-13,0.9999999999906323,4096,0,0,1.0,0.0,0.0,0,0.0,0.45734615856579924,0.0,0.04265384143420081,4.265658018203688e-12,0.19539291805095946,4096,0,0,1.0,0.0,0.0,0,0.0,0.04265384143420081,0.0,0.30991227965402757,8.3532003732928e-12,0.0,0.0,6.938893903907228e-18
318,0.19875,1.8385257544420248e-15,7.958078640513122e-13,0.0,0.3190507832680478,8.991419600529811e-13,0.9999999999898708,0.5,0.0,0.5,0.0,0.4571523498041433,8.991421014642955e-13,0.9999999999898708,4096,0,0,1.0,0.0,0.0,0,0.0,0.4571523498041433,0.0,0.4571523498041433,8.991419600529811e-13,0.9999999999898705,4096,0,0,1.0,0.0,0.0,0,0.0,0.4571523498041433,0.0,0.042847650195856755,4.614588517288797e-12,0.19572364387330302,4096,0,0,1.0,0.0,0.0,0,0.0,0.042847650195856755,0.0,0.310275260264653,8.991419600438735e-12,0.0,0.0,6.938893903907228e-18
319,0.199375,1.8431775318705124e-15,7.958078640513122e-13,0.0,0.3189861050375283,9.682323898477938e-13,0.999999999989043,0.5,0.0,0.5,0.0,0.4569583151125849,9.682325313481433e-13,0.999999999989043,4096,0,0,1.0,0.0,0.0,0,0.0,0.4569583151125849,0.0,0.4569583151125849,9.682323898477938e-13,0.9999999999890428,4096,0,0,1.0,0.0,0.0,0,0.0,0.4569583151125849,0.0,0.04304168488741515,4.99391083501602e-12,0.19605305796919298,4096,0,0,1.0,0.0,0.0,0,0.0,0.04304168488741515,0.0,0.31063525474022424,9.68232389837185e-12,0.0,0.0,0.0
320,0.2,1.8470349496644378e-15,7.887024366937112e-13,0.0,0.3189213521195266,1.0430360117570988e-12,0.9999999999881434,0.5,0.0,0.5,0.0,0.45676405635857975,1.0430361533402021e-12,0.9999999999881434,4096,0,0,1.0,0.0,0.0,0,0.0,0.45676405635857975,0.0,0.45676405635857975,1.0430360117570988e-12,0.9999999999881432,4096,0,0,1.0,0.0,0.0,0,0.0,0.45676405635857975,0.0,0.04323594364142032,5.406325447454756e-12,0.19638118234440002,4096,0,0,1.0,0.0,0.0,0,0.0,0.04323594364142032,0.0,0.3109922595033272,1.043036011744732e-11,0.0,0.0,1.3877787807814457e-17
321,0.200625,1.8520640457975084e-15,7.958078640513122e-13,0.0,0.31885652513726653,1.1240340756207408e-12,0.9999999999871655,0.5,0.0,0.5,0.0,0.45656957541179954,1.1240342172803689e-12,0.9999999999871655,4096,0,0,1.0,0.0,0.0,0,0.0,0.45656957541179954,0.0,0.4565695754117995,1.1240340756207408e-12,0.9999999999871653,4096,0,0,1.0,0.0,0.0,0,0.0,0.4565695754117995,0.0,0.04343042458820047,5.854767916985664e-12,0.19670803875904372,4096,0,0,1.0,0.0,0.0,0,0.0,0.04343042458820047,0.0,0.3113462710395232,1.1240340756063144e-11,0.0,0.0,1.3877787807814457e-17
322,0.20125,1.8554458716283467e-15,7.958078640513122e-13,0.0,0.31879162471469774,1.2117472380589626e-12,0.9999999999861025,0.5,0.0,0.5,0.0,0.4563748741440932,1.2117473797889384e-12,0.9999999999861025,4096,0,0,1.0,0.0,0.0,0,0.0,0.4563748741440932,0.0,0.4563748741440932,1.2117472380589626e-12,0.9999999999861022,4096,0,0,1.0,0.0,0.0,0,0.0,0.4563748741440932,0.0,0.04362512585590679,6.342428395266674e-12,0.19703364872133197,4096,0,0,1.0,0.0,0.0,0,0.0,0.04362512585590679,0.0,0.31169728589684587,1.2117472380421224e-11,0.0,0.0,6.938893903907228e-18
323,0.201875,1.8595216967980416e-15,8.029132914089132e-13,0.0,0.31872665147648255,1.3053537574162403e-12,0.9999999999849467,0.5,0.0,0.5,0.0,0.45617995442944764,1.3053539006440967e-12,0.9999999999849467,4096,0,0,1.0,0.0,0.0,0,0.0,0.45617995442944764,0.0,0.45617995442944764,1.3053537574162403e-12,0.9999999999849465,4096,0,0,1.0,0.0,0.0,0,0.0,0.45617995442944764,0.0,0.0438200455705524,6.872772640892145e-12,0.1973580334816642,4096,0,0,1.0,0.0,0.0,0,0.0,0.0438200455705524,0.0,0.3120453006853101,1.3053537573965004e-11,0.0,0.0,0.0
324,0.2025,1.8652465581945154e-15,8.100187187665142e-13,0.0,0.31866160604798305,1.3775021862327936e-12,0.9999999999839603,0.5,0.0,0.5,0.0,0.4559848181439491,1.3775023295178548e-12,0.9999999999839603,4096,0,0,1.0,0.0,0.0,0,0.0,0.4559848181439491,0.0,0.4559848181439491,1.3775021862327936e-12,0.99999999998396,4096,0,0,1.0,0.0,0.0,0,0.0,0.4559848181439491,0.0,0.04401518185605092,7.331157238756875e-12,0.19768121402709116,4096,0,0,1.0,0.0,0.0,0,0.0,0.04401518185605092,0.0,0.31239031207643564,1.3775021862106987e-11,0.0,0.0,6.938893903907228e-18
325,0.203125,1.870886521132048e-15,8.171241461241152e-13,0.0,0.3185964890552484,1.454303608853515e-12,0.9999999999829798,0.5,0.0,0.5,0.0,0.45578946716574525,1.4543037521895508e-12,0.9999999999829798,4096,0,0,1.0,0.0,0.0,0,0.0,0.45578946716574525,0.0,0.4557894671657452,1.454303608853515e-12,0.9999999999829796,4096,0,0,1.0,0.0,0.0,0,0.0,0.4557894671657452,0.0,0.04421053283425477,7.782979347436287e-12,0.1980032110761245,4096,0,0,1.0,0.0,0.0,0,0.0,0.04421053283425477,0.0,0.312732316802783,1.4543036088287625e-11,0.0,0.0,1.3877787807814457e-17
326,0.20375000000000001,1.8754539597226726e-15,8.100187187665142e-13,0.0,0.31853130112500233,1.536107066038981e-12,0.9999999999819316,0.5,0.0,0.5,0.0,0.4555939033750069,1.5361072094198145e-12,0.9999999999819316,4096,0,0,1.0,0.0,0.0,0,0.0,0.4555939033750069,0.0,0.4555939033750069,1.536107066038981e-12,0.9999999999819313,4096,0,0,1.0,0.0,0.0,0,0.0,0.4555939033750069,0.0,0.04440609662499319,8.266217420473856e-12,0.19832404507388912,4096,0,0,1.0,0.0,0.0,0,0.0,0.04440609662499319,0.0,0.31307131165750235,1.536107066011226e-11,0.0,0.0,6.938893903907228e-18
327,0.204375,1.880261988463566e-15,7.958078640513122e-13,2.220446049250313e-16,0.31846604288463004,1.6232893353400194e-12,0.9999999999808101,0.5000000000000001,2.220446049250313e-16,0.5,0.0,0.4553981286538901,1.6232894787595273e-12,0.9999999999808101,4096,0,0,1.0,0.0,0.0,0,0.0,0.4553981286538901,0.0,0.4553981286538901,1.6232893353400194e-12,0.9999999999808099,4096,0,0,1.0,0.0,0.0,0,0.0,0.4553981286538901,0.0,0.044601871346109934,8.783334451479724e-12,0.19864373618761094,4096,0,0,1.0,0.0,0.0,0,0.0,0.044601871346109934,0.0,0.31340729349389607,1.623289335308869e-11,0.0,0.0,1.3877787807814457e-17
328,0.20500000000000002,1.883791801025468e-15,7.887024366937112e-13,0.0,0.31840071496216643,1.7162570777835885e-12,0.9999999999796099,0.5,0.0,0.5,0.0,0.45520214488649935,1.7162572212357014e-12,0.9999999999796099,4096,0,0,1.0,0.0,0.0,0,0.0,0.45520214488649935,0.0,0.45520214488649924,1.7162570777835885e-12,0.9999999999796096,4096,0,0,1.0,0.0,0.0,0,0.0,0.45520214488649924,0.0,0.04479785511350077,9.336997268223822e-12,0.19896230430243345,4096,0,0,1.0,0.0,0.0,0,0.0,0.04479785511350077,0.0,0.3137402592249936,1.716257077748594e-11,0.0,0.0,6.938893903907228e-18
329,0.205625,1.8890273638930253e-15,7.887024366937112e-13,2.220446049250313e-16,0.3183353179862831,1.8154491396013197e-12,0.9999999999783244,0.5000000000000001,2.220446049250313e-16,0.5,0.0,0.45500595395884935,1.815449283080022e-12,0.9999999999783244,4096,0,0,1.0,0.0,0.0,0,0.0,0.45500595395884935,0.0,0.4550059539588494,1.8154491396013197e-12,0.9999999999783242,4096,0,0,1.0,0.0,0.0,0,0.0,0.4550059539588494,0.0,0.044994046041150676,9.930093161033044e-12,0.1992797690175553,4096,0,0,1.0,0.0,0.0,0,0.0,0.044994046041150676,0.0,0.3140702058231404,1.815449139561969e-11,0.0,0.0,0.0
330,0.20625000000000002,1.893313394608321e-15,7.958078640513122e-13,0.0,0.31826985258627644,1.9213390192412698e-12,0.9999999999769472,0.5,0.0,0.5,0.0,0.45480955775882925,1.921339162740601e-12,0.9999999999769472,4096,0,0,1.0,0.0,0.0,0,0.0,0.45480955775882925,0.0,0.45480955775882925,1.9213390192412698e-12,0.999999999976947,4096,0,0,1.0,0.0,0.0,0,0.0,0.45480955775882925,0.0,0.04519044224117076,1.0565747794109451e-11,0.1995961496426823,4096,0,0,1.0,0.0,0.0,0,0.0,0.04519044224117076,0.0,0.3143971303195986,1.9213390191969776e-11,0.0,0.0,6.938893903907228e-18
331,0.206875,1.899200463246861e-15,8.029132914089132e-13,0.0,0.318204319392055,2.0344375105117992e-12,0.999999999975471,0.5,0.0,0.5,0.0,0.454612958176165,2.0344376540258527e-12,0.999999999975471,4096,0,0,1.0,0.0,0.0,0,0.0,0.454612958176165,0.0,0.454612958176165,2.0344375105117992e-12,0.9999999999754707,4096,0,0,1.0,0.0,0.0,0,0.0,0.454612958176165,0.0,0.045387041823835,1.1247344491336257e-11,0.19991146519478606,4096,0,0,1.0,0.0,0.0,0,0.0,0.045387041823835,0.0,0.31472102980416145,2.0344375104618967e-11,0.0,0.0,0.0
332,0.20750000000000002,1.904224050262841e-15,7.887024366937112e-13,2.220446049250313e-16,0.31813871903412777,2.1552955333465474e-12,0.9999999999738877,0.5000000000000001,2.220446049250313e-16,0.5,0.0,0.45441615710238337,2.1552956768694725e-12,0.9999999999738877,4096,0,0,1.0,0.0,0.0,0,0.0,0.45441615710238337,0.0,0.45441615710238337,2.1552955333465474e-12,0.9999999999738874,4096,0,0,1.0,0.0,0.0,0,0.0,0.45441615710238337,0.0,0.04558384289761667,1.1978544994087885e-11,0.20022573439516253,4096,0,0,1.0,0.0,0.0,0,0.0,0.04558384289761667,0.0,0.3150419014247807,2.155295533290268e-11,0.0,0.0,0.0
333,0.208125,1.9084004253696373e-15,7.958078640513122e-13,0.0,0.31807305214359183,2.284507164352587e-12,0.9999999999721889,0.5,0.0,0.5,0.0,0.45421915643077543,2.2845073078785875e-12,0.9999999999721889,4096,0,0,1.0,0.0,0.0,0,0.0,0.45421915643077543,0.0,0.45421915643077543,2.284507164352587e-12,0.9999999999721887,4096,0,0,1.0,0.0,0.0,0,0.0,0.45421915643077543,0.0,0.045780843569224586,1.2763311794854854e-11,0.20053897566678294,4096,0,0,1.0,0.0,0.0,0,0.0,0.045780843569224586,0.0,0.3153597423872066,2.2845071642890522e-11,0.0,0.0,6.938893903907228e-18
334,0.20875,1.913356704455501e-15,7.958078640513122e-13,1.1102230246251565e-16,0.3180073193521203,2.4227128800114155e-12,0.9999999999703655,0.49999999999999994,1.1102230246251565e-16,0.5,0.0,0.45402195805636086,2.4227130235347513e-12,0.9999999999703655,4096,0,0,1.0,0.0,0.0,0,0.0,0.45402195805636086,0.0,0.4540219580563608,2.4227128800114155e-12,0.9999999999703653,4096,0,0,1.0,0.0,0.0,0,0.0,0.4540219580563608,0.0,0.04597804194363918,1.3605932157150871e-11,0.20085120713193005,4096,0,0,1.0,0.0,0.0,0,0.0,0.04597804194363918,0.0,0.31567454995464056,2.4227128799396194e-11,0.0,0.0,6.938893903907228e-18
335,0.209375,1.9179678616333675e-15,8.029132914089132e-13,2.220446049250313e-16,0.3179415212919507,2.5706030261459716e-12,0.9999999999684074,0.5000000000000001,2.220446049250313e-16,0.5,0.0,0.4538245638758519,2.5706031696609573e-12,0.9999999999684074,4096,0,0,1.0,0.0,0.0,0,0.0,0.4538245638758519,0.0,0.45382456387585185,2.5706030261459716e-12,0.9999999999684072,4096,0,0,1.0,0.0,0.0,0,0.0,0.45382456387585185,0.0,0.04617543612414818,1.4511043939206214e-11,0.20116244661011226,4096,0,0,1.0,0.0,0.0,0,0.0,0.04617543612414818,0.0,0.31598632144740124,2.5706030260647593e-11,0.0,0.0,6.938893903907228e-18
336,0.21,1.922104085881934e-15,8.029132914089132e-13,0.0,0.3178756585958726,2.7289215280478036e-12,0.9999999999663038,0.5,0.0,0.5,0.0,0.4536269757876177,2.72892167154881e-12,0.9999999999663038,4096,0,0,1.0,0.0,0.0,0,0.0,0.4536269757876177,0.0,0.4536269757876176,2.7289215280478036e-12,0.9999999999663036,4096,0,0,1.0,0.0,0.0,0,0.0,0.4536269757876176,0.0,0.04637302421238232,1.5483663346386983e-11,0.20147271161624877,4096,0,0,1.0,0.0,0.0,0,0.0,0.04637302421238232,0.0,0.3162950542426032,2.7289215279558496e-11,0.0,0.0,0.0
337,0.210625,1.928771256275602e-15,8.100187187665142e-13,0.0,0.31780973189721645,2.8984698564784896e-12,0.9999999999640432,0.5,0.0,0.5,0.0,0.4534291956916493,2.898469999959943e-12,0.9999999999640432,4096,0,0,1.0,0.0,0.0,0,0.0,0.4534291956916493,0.0,0.4534291956916493,2.8984698564784896e-12,0.999999999964043,4096,0,0,1.0,0.0,0.0,0,0.0,0.4534291956916493,0.0,0.04657080430835071,1.6529214745133355e-11,0.20178201935911833,4096,0,0,1.0,0.0,0.0,0,0.0,0.04657080430835071,0.0,0.31660074577384767,2.8984698563742697e-11,0.0,0.0,6.938893903907228e-18
338,0.21125,1.934233716894592e-15,8.100187187665142e-13,0.0,0.31774374182984133,3.0801112656199256e-12,0.9999999999616128,0.5,0.0,0.5,0.0,0.453231225489524,3.0801114090763082e-12,0.9999999999616128,4096,0,0,1.0,0.0,0.0,0,0.0,0.453231225489524,0.0,0.453231225489524,3.0801112656199256e-12,0.9999999999616126,4096,0,0,1.0,0.0,0.0,0,0.0,0.453231225489524,0.0,0.046768774510475994,1.7653562679501783e-11,0.20209038674006438,4096,0,0,1.0,0.0,0.0,0,0.0,0.046768774510475994,0.0,0.3169033935309272,3.0801112655016883e-11,0.0,0.0,0.0
339,0.211875,1.9399005175914177e-15,8.171241461241152e-13,0.0,0.31767768902812354,3.27477531995089e-12,0.9999999999589991,0.5,0.0,0.5,0.0,0.4530330670843706,3.274775463376741e-12,0.9999999999589991,4096,0,0,1.0,0.0,0.0,0,0.0,0.4530330670843706,0.0,0.4530330670843706,3.27477531995089e-12,0.9999999999589989,4096,0,0,1.0,0.0,0.0,0,0.0,0.4530330670843706,0.0,0.046966932915629464,1.8863046240146924e-11,0.2023978303519499,4096,0,0,1.0,0.0,0.0,0,0.0,0.046966932915629464,0.0,0.31720299505954214,3.274775319816622e-11,0.0,0.0,0.0
340,0.2125,1.945988691450957e-15,8.313350008393172e-13,0.0,0.31761157412694474,3.483462727973966e-12,0.9999999999561875,0.5,0.0,0.5,0.0,0.45283472238083416,3.4834628713638803e-12,0.9999999999561875,4096,0,0,1.0,0.0,0.0,0,0.0,0.45283472238083416,0.0,0.45283472238083416,3.483462727973966e-12,0.9999999999561873,4096,0,0,1.0,0.0,0.0,0,0.0,0.45283472238083416,0.0,0.047165277619165856,2.0164515944810762e-11,0.20270436647835416,4096,0,0,1.0,0.0,0.0,0,0.0,0.047165277619165856,0.0,0.3174995479610297,3.4834627278213475e-11,0.0,0.0,6.938893903907228e-18
341,0.213125,1.950954767295758e-15,8.384404281969182e-13,2.220446049250313e-16,0.31754539776168067,3.707250501709261e-12,0.999999999953162,0.5000000000000001,2.220446049250313e-16,0.5000000000000001,2.220446049250313e-16,0.452636193285042,3.7072506450578894e-12,0.999999999953162,4096,0,0,1.0,0.0,0.0,0,0.0,0.452636193285042,0.0,0.452636193285042,3.707250501709261e-12,0.9999999999531617,4096,0,0,1.0,0.0,0.0,0,0.0,0.452636193285042,0.0,0.047363806714958046,2.1565373299121118e-11,0.20301001109300526,4096,0,0,1.0,0.0,0.0,0,0.0,0.047363806714958046,0.0,0.31779304989210644,3.707250501535621e-11,0.0,0.0,2.0816681711721685e-17
342,0.21375,1.9558082723366774e-15,8.384404281969182e-13,0.0,0.3174791605681895,3.947297461911127e-12,0.9999999999499055,0.5,0.0,0.5,0.0,0.45243748170456843,3.947297605213177e-12,0.9999999999499055,4096,0,0,1.0,0.0,0.0,0,0.0,0.45243748170456843,0.0,0.4524374817045684,3.947297461911127e-12,0.9999999999499052,4096,0,0,1.0,0.0,0.0,0,0.0,0.4524374817045684,0.0,0.04756251829543162,2.3073613216763037e-11,0.2033147798594407,4096,0,0,1.0,0.0,0.0,0,0.0,0.04756251829543162,0.0,0.31808349856462226,3.947297461713389e-11,0.0,0.0,6.938893903907228e-18
343,0.214375,1.959935575608656e-15,8.419931418757187e-13,0.0,0.3174128631828002,4.2048501100531394e-12,0.9999999999463994,0.5,0.0,0.5,0.0,0.45223858954840074,4.2048502533033764e-12,0.9999999999463994,4096,0,0,1.0,0.0,0.0,0,0.0,0.45223858954840074,0.0,0.45223858954840074,4.2048501100531394e-12,0.9999999999463991,4096,0,0,1.0,0.0,0.0,0,0.0,0.45223858954840074,0.0,0.04776141045159924,2.4697869488898296e-11,0.20361868813088926,4096,0,0,1.0,0.0,0.0,0,0.0,0.04776141045159924,0.0,0.31837089174532757,4.2048501098277574e-11,0.0,0.0,6.938893903907228e-18
344,0.215,1.9645347645160247e-15,8.384404281969182e-13,0.0,0.31734650624230176,4.481248889266755e-12,0.9999999999426238,0.5,0.0,0.5,0.0,0.4520395187269051,4.481249032459999e-12,0.9999999999426238,4096,0,0,1.0,0.0,0.0,0,0.0,0.4520395187269051,0.0,0.4520395187269052,4.481248889266755e-12,0.9999999999426235,4096,0,0,1.0,0.0,0.0,0,0.0,0.4520395187269052,0.0,0.04796048127309488,2.6447463504095448e-11,0.20392175095036788,4096,0,0,1.0,0.0,0.0,0,0.0,0.04796048127309488,0.0,0.318655227255653,4.481248889009638e-11,0.0,0.0,0.0
345,0.215625,1.9689327817500928e-15,8.455458555545192e-13,0.0,0.31728009038393074,4.7779348576122835e-12,0.999999999938557,0.5,0.0,0.5,0.0,0.45184027115179215,4.777935000743413e-12,0.999999999938557,4096,0,0,1.0,0.0,0.0,0,0.0,0.45184027115179215,0.0,0.45184027115179215,4.7779348576122835e-12,0.9999999999385567,4096,0,0,1.0,0.0,0.0,0,0.0,0.45184027115179215,0.0,0.04815972884820793,2.833245643202133e-11,0.20422398305098577,4096,0,0,1.0,0.0,0.0,0,0.0,0.04815972884820793,0.0,0.3189365029715006,4.777934857318713e-11,0.0,0.0,0.0
346,0.21625,1.9733798475708754e-15,8.455458555545192e-13,0.0,0.31721361624536093,5.096456798309074e-12,0.999999999934176,0.5,0.0,0.5,0.0,0.4516408487360828,5.096456941373022e-12,0.999999999934176,4096,0,0,1.0,0.0,0.0,0,0.0,0.4516408487360828,0.0,0.4516408487360828,5.096456798309074e-12,0.9999999999341757,4096,0,0,1.0,0.0,0.0,0,0.0,0.4516408487360828,0.0,0.048359151263917204,3.0363705096761235e-11,0.20452539885644988,4096,0,0,1.0,0.0,0.0,0,0.0,0.048359151263917204,0.0,0.31921471682304886,5.0964567979736044e-11,0.0,0.0,6.938893903907228e-18
347,0.216875,1.9778151351590304e-15,8.490985692333197e-13,0.0,0.31714708446469175,5.438478792857044e-12,0.9999999999294555,0.5,0.0,0.5,0.0,0.45144125339407526,5.438478935848803e-12,0.9999999999294555,4096,0,0,1.0,0.0,0.0,0,0.0,0.45144125339407526,0.0,0.4514412533940752,5.438478792857044e-12,0.9999999999294552,4096,0,0,1.0,0.0,0.0,0,0.0,0.4514412533940752,0.0,0.04855874660592479,3.255292177890673e-11,0.20483731622487178,4096,0,0,1.0,0.0,0.0,0,0.0,0.04855874660592479,0.0,0.3194898667945687,5.43847879247339e-11,0.0,0.0,0.0
348,0.2175,1.983196557933278e-15,8.455458555545192e-13,0.0,0.3170804956804368,5.805788284346064e-12,0.9999999999243686,0.5,0.0,0.5,0.0,0.45124148704131023,5.8057884272606805e-12,0.9999999999243686,4096,0,0,1.0,0.0,0.0,0,0.0,0.45124148704131023,0.0,0.45124148704131023,5.805788284346064e-12,0.9999999999243683,4096,0,0,1.0,0.0,0.0,0,0.0,0.45124148704131023,0.0,0.0487585129586898,3.491273819950585e-11,0.20516877382235243,4096,0,0,1.0,0.0,0.0,0,0.0,0.0487585129586898,0.0,0.31976195092425247,5.805788283906964e-11,0.0,0.0,2.0816681711721685e-17
349,0.218125,1.988476507575324e-15,8.384404281969182e-13,0.0,0.3170138505315127,6.200304659675192e-12,0.999999999918886,0.5,0.0,0.5,0.0,0.451041551594538,6.200304802507772e-12,0.999999999918886,4096,0,0,1.0,0.0,0.0,0,0.0,0.451041551594538,0.0,0.451041551594538,6.200304659675192e-12,0.9999999999188857,4096,0,0,1.0,0.0,0.0,0,0.0,0.451041551594538,0.0,0.04895844840546203,3.745677395363901e-11,0.20549833611870477,4096,0,0,1.0,0.0,0.0,0,0.0,0.04895844840546203,0.0,0.3200309673040549,6.200304659172261e-11,0.0,0.0,2.0816681711721685e-17
350,0.21875,1.990876096337116e-15,8.419931418757187e-13,0.0,0.3169471496572282,6.624088380892643e-12,0.9999999999129763,0.5,0.0,0.5,0.0,0.45084144897168454,6.6240885236383455e-12,0.9999999999129763,4096,0,0,1.0,0.0,0.0,0,0.0,0.45084144897168454,0.0,0.4508414489716845,6.624088380892643e-12,0.999999999912976,4096,0,0,1.0,0.0,0.0,0,0.0,0.4508414489716845,0.0,0.049158551028315484,4.019970967679672e-11,0.20582603573644254,4096,0,0,1.0,0.0,0.0,0,0.0,0.049158551028315484,0.0,0.3202969140795463,6.624088380316189e-11,0.0,0.0,6.938893903907228e-18
351,0.21937500000000001,1.9950174835888693e-15,8.348877145181177e-13,0.0,0.31688039369727267,7.079350697421684e-12,0.9999999999066057,0.5,0.0,0.5,0.0,0.45064118109181805,7.0793508400757275e-12,0.9999999999066057,4096,0,0,1.0,0.0,0.0,0,0.0,0.45064118109181805,0.0,0.45064118109181805,7.079350697421684e-12,0.9999999999066054,4096,0,0,1.0,0.0,0.0,0,0.0,0.45064118109181805,0.0,0.04935881890818192,4.3157365243421955e-11,0.20615190506589615,4096,0,0,1.0,0.0,0.0,0,0.0,0.04935881890818192,0.0,0.32055978944977787,7.079350696760514e-11,0.0,0.0,6.938893903907228e-18
352,0.22,1.9989329112295322e-15,8.384404281969182e-13,0.0,0.31681358329170534,7.444132520958624e-12,0.9999999999007235,0.5,0.0,0.5,0.0,0.4504407498751159,7.4441326649807e-12,0.9999999999007235,4096,0,0,1.0,0.0,0.0,0,0.0,0.4504407498751159,0.0,0.4504407498751159,7.444132520958624e-12,0.9999999999007235,4096,0,0,1.0,0.0,0.0,0,0.0,0.4504407498751159,0.0,0.04955925012488413,4.59159967413577e-11,0.20647597625469583,4096,0,0,1.0,0.0,0.0,0,0.0,0.04955925012488413,0.0,0.32081959166715884,7.444132520219596e-11,0.0,0.0,6.938893903907228e-18
353,0.22062500000000002,2.0041192681969606e-15,8.313350008393172e-13,0.0,0.3167467190809436,7.80257197134259e-12,0.9999999998954323,0.5,0.0,0.5,0.0,0.45024015724283073,7.802572115260319e-12,0.9999999998954323,4096,0,0,1.0,0.0,0.0,0,0.0,0.45024015724283073,0.0,0.45024015724283073,7.80257197134259e-12,0.9999999998954323,4096,0,0,1.0,0.0,0.0,0,0.0,0.45024015724283073,0.0,0.04975984275716934,4.838240232955799e-11,0.2067982811976892,4096,0,0,1.0,0.0,0.0,0,0.0,0.04975984275716934,0.0,0.321076319037346,7.802571970526693e-11,0.0,0.0,6.938893903907228e-18
354,0.22125,2.009994901098046e-15,8.242295734817162e-13,0.0,0.31667980170575255,8.181958551451905e-12,0.9999999998898129,0.5,0.0,0.5,0.0,0.4500394051172576,8.181958695260476e-12,0.9999999998898129,4096,0,0,1.0,0.0,0.0,0,0.0,0.4500394051172576,0.0,0.4500394051172576,8.181958551451905e-12,0.9999999998898129,4096,0,0,1.0,0.0,0.0,0,0.0,0.4500394051172576,0.0,0.04996059488274242,5.1002381056760335e-11,0.2071188515272871,4096,0,0,1.0,0.0,0.0,0,0.0,0.04996059488274242,0.0,0.3213299699191447,8.181958550550359e-11,0.0,0.0,2.0816681711721685e-17
355,0.22187500000000002,2.0144268096272104e-15,8.348877145181177e-13,0.0,0.3166128318072337,8.58374152627735e-12,0.999999999883842,0.5,0.0,0.5,0.0,0.449838495421701,8.583741669972007e-12,0.999999999883842,4096,0,0,1.0,0.0,0.0,0,0.0,0.449838495421701,0.0,0.449838495421701,8.58374152627735e-12,0.999999999883842,4096,0,0,1.0,0.0,0.0,0,0.0,0.449838495421701,0.0,0.05016150457829906,5.378692799198593e-11,0.20743771860423132,4096,0,0,1.0,0.0,0.0,0,0.0,0.05016150457829906,0.0,0.32158054272442205,8.58374152528028e-11,0.0,0.0,0.0
356,0.2225,2.019974235734014e-15,8.313350008393172e-13,0.0,0.3165458100268137,9.009474962845023e-12,0.9999999998774944,0.5,0.0,0.5,0.0,0.4496374300804411,9.009475106421069e-12,0.9999999998774944,4096,0,0,1.0,0.0,0.0,0,0.0,0.4496374300804411,0.0,0.4496374300804411,9.009474962845023e-12,0.9999999998774944,4096,0,0,1.0,0.0,0.0,0,0.0,0.4496374300804411,0.0,0.05036256991955894,5.674786754829988e-11,0.2077549135087782,4096,0,0,1.0,0.0,0.0,0,0.0,0.05036256991955894,0.0,0.3218280359180318,9.009474961741312e-11,0.0,0.0,6.938893903907228e-18
357,0.22312500000000002,2.023468740219058e-15,8.419931418757187e-13,0.0,0.31647873700623375,9.460824971647288e-12,0.999999999870743,0.5,0.0,0.5,0.0,0.4494362110187012,9.460825115100079e-12,0.999999999870743,4096,0,0,1.0,0.0,0.0,0,0.0,0.4494362110187012,0.0,0.4494362110187012,9.460824971647288e-12,0.999999999870743,4096,0,0,1.0,0.0,0.0,0,0.0,0.4494362110187012,0.0,0.05056378898129883,5.98979144181911e-11,0.20807046703229107,4096,0,0,1.0,0.0,0.0,0,0.0,0.05056378898129883,0.0,0.32207244801775065,9.46082497042441e-11,0.0,0.0,0.0
358,0.22375,2.0279424870137595e-15,8.490985692333197e-13,2.220446049250313e-16,0.31641161338753815,9.939577408221348e-12,0.9999999998635586,0.5000000000000001,2.220446049250313e-16,0.5,0.0,0.4492348401626144,9.9395775515463e-12,0.9999999998635586,4096,0,0,1.0,0.0,0.0,0,0.0,0.4492348401626144,0.0,0.4492348401626144,9.939577408221348e-12,0.9999999998635586,4096,0,0,1.0,0.0,0.0,0,0.0,0.4492348401626144,0.0,0.05076515983738562,6.325073869247778e-11,0.2083844096692356,4096,0,0,1.0,0.0,0.0,0,0.0,0.05076515983738562,0.0,0.32231377759422697,9.939577406865178e-11,0.0,0.0,6.938893903907228e-18
359,0.224375,2.033906420996053e-15,8.562039965909207e-13,2.220446049250313e-16,0.31634443981306354,1.0447646061278684e-11,0.9999999998559099,0.5,0.0,0.5000000000000001,2.220446049250313e-16,0.44903331943919067,1.0447646204471267e-11,0.9999999998559099,4096,0,0,1.0,0.0,0.0,0,0.0,0.44903331943919067,0.0,0.44903331943919067,1.0447646061278684e-11,0.9999999998559099,4096,0,0,1.0,0.0,0.0,0,0.0,0.44903331943919067,0.0,0.05096668056080937,6.682103542549591e-11,0.208696771609571,4096,0,0,1.0,0.0,0.0,0,0.0,0.05096668056080937,0.0,0.3225520232709405,1.0447646059773282e-10,0.0,0.0,0.0
360,0.225,2.038062154127158e-15,8.562039965909207e-13,0.0,0.31627721692542793,1.098708135512864e-11,0.9999999998477633,0.5,0.0,0.5,0.0,0.44883165077628373,1.0987081498184383e-11,0.9999999998477633,4096,0,0,1.0,0.0,0.0,0,0.0,0.44883165077628373,0.0,0.44883165077628373,1.098708135512864e-11,0.9999999998477633,4096,0,0,1.0,0.0,0.0,0,0.0,0.44883165077628373,0.0,0.051168349223716325,7.06245989241563e-11,0.2090075827315305,4096,0,0,1.0,0.0,0.0,0,0.0,0.051168349223716325,0.0,0.3227871837241734,1.0987081353456004e-10,0.0,0.0,6.938893903907228e-18
361,0.225625,2.043737696523907e-15,8.597567102697212e-13,0.0,0.3162099453675194,1.1560079595537528e-11,0.9999999998390827,0.5,0.0,0.5,0.0,0.44862983610255813,1.1560079738452013e-11,0.9999999998390827,4096,0,0,1.0,0.0,0.0,0,0.0,0.44862983610255813,0.0,0.44862983610255813,1.1560079595537528e-11,0.9999999998390827,4096,0,0,1.0,0.0,0.0,0,0.0,0.44862983610255813,0.0,0.05137016389744187,7.467840205401377e-11,0.20931687259478426,4096,0,0,1.0,0.0,0.0,0,0.0,0.05137016389744187,0.0,0.32301925768299355,1.1560079593677311e-10,0.0,0.0,1.3877787807814457e-17
362,0.22625,2.046269853616876e-15,8.597567102697212e-13,0.0,0.3161426257824855,1.2168992789622276e-11,0.9999999998298292,0.5,0.0,0.5,0.0,0.4484278773474564,1.2168992932391146e-11,0.9999999998298292,4096,0,0,1.0,0.0,0.0,0,0.0,0.4484278773474564,0.0,0.44842787734745637,1.2168992789622276e-11,0.9999999998298292,4096,0,0,1.0,0.0,0.0,0,0.0,0.44842787734745637,0.0,0.0515721226525436,7.900068087181253e-11,0.2096246704339782,4096,0,0,1.0,0.0,0.0,0,0.0,0.0515721226525436,0.0,0.32324824392924856,1.216899278755147e-10,0.0,0.0,0.0
363,0.226875,2.0490126898518752e-15,8.562039965909207e-13,2.220446049250313e-16,0.31607525881372195,1.2816339071897284e-11,0.9999999998199612,0.5,0.0,0.5000000000000001,2.220446049250313e-16,0.4482257764411658,1.2816339214516234e-11,0.9999999998199612,4096,0,0,1.0,0.0,0.0,0,0.0,0.4482257764411658,0.0,0.4482257764411658,1.2816339071897284e-11,0.9999999998199611,4096,0,0,1.0,0.0,0.0,0,0.0,0.4482257764411658,0.0,0.05177422355883422,8.361102491108359e-11,0.20993100515264124,4096,0,0,1.0,0.0,0.0,0,0.0,0.05177422355883422,0.0,0.3234741412975711,1.2816339069589847e-10,0.0,0.0,0.0
364,0.2275,2.0533941502481016e-15,8.597567102697212e-13,0.0,0.31600784510486185,1.3504813770176313e-11,0.9999999998094339,0.5,0.0,0.5,0.0,0.44802353531458544,1.3504813912641096e-11,0.9999999998094339,4096,0,0,1.0,0.0,0.0,0,0.0,0.44802353531458544,0.0,0.44802353531458544,1.3504813770176313e-11,0.9999999998094338,4096,0,0,1.0,0.0,0.0,0,0.0,0.44802353531458544,0.0,0.05197646468541461,8.853047346530574e-11,0.2102359053174547,4096,0,0,1.0,0.0,0.0,0,0.0,0.05197646468541461,0.0,0.323696948675396,1.3504813767602754e-10,0.0,0.0,1.3877787807814457e-17
365,0.228125,2.057150092965601e-15,8.597567102697212e-13,0.0,0.3159403852997644,1.423730114668042e-11,0.9999999997981991,0.5,0.0,0.5,0.0,0.4478211558992933,1.4237301288986842e-11,0.9999999997981991,4096,0,0,1.0,0.0,0.0,0,0.0,0.4478211558992933,0.0,0.4478211558992932,1.423730114668042e-11,0.999999999798199,4096,0,0,1.0,0.0,0.0,0,0.0,0.4478211558992932,0.0,0.052178844100706764,9.378161823193304e-11,0.2105393991528764,4096,0,0,1.0,0.0,0.0,0,0.0,0.052178844100706764,0.0,0.323916665002988,1.423730114380732e-10,0.0,0.0,6.938893903907228e-18
366,0.22875,2.0623548134468433e-15,8.597567102697212e-13,0.0,0.3158728800425044,1.5016886851419834e-11,0.9999999997862054,0.5,0.0,0.5,0.0,0.4476186401275131,1.5016886993563762e-11,0.9999999997862054,4096,0,0,1.0,0.0,0.0,0,0.0,0.4476186401275131,0.0,0.4476186401275131,1.5016886851419834e-11,0.9999999997862052,4096,0,0,1.0,0.0,0.0,0,0.0,0.4476186401275131,0.0,0.05238135987248691,9.938871270027323e-11,0.21084151453611263,4096,0,0,1.0,0.0,0.0,0,0.0,0.05238135987248691,0.0,0.3241332892734801,1.5016886848209304e-10,0.0,0.0,6.938893903907228e-18
367,0.229375,2.066572006983048e-15,8.668621376273222e-13,0.0,0.3158053299773605,1.584687112670471e-11,0.9999999997733973,0.5,0.0,0.5,0.0,0.44741598993208154,1.5846871268682062e-11,0.9999999997733973,4096,0,0,1.0,0.0,0.0,0,0.0,0.44741598993208154,0.0,0.44741598993208154,1.584687112670471e-11,0.999999999773397,4096,0,0,1.0,0.0,0.0,0,0.0,0.44741598993208154,0.0,0.05258401006791849,1.0537778868680628e-10,0.2111422789924311,4096,0,0,1.0,0.0,0.0,0,0.0,0.05258401006791849,0.0,0.32434682053292463,1.5846871123113767e-10,0.0,0.0,1.3877787807814457e-17
368,0.23,2.0704951402009754e-15,8.704148513061227e-13,1.1102230246251565e-16,0.3157377357488049,1.673078280349866e-11,0.9999999997597153,0.5,0.0,0.49999999999999994,1.1102230246251565e-16,0.4472132072464148,1.673078294530541e-11,0.9999999997597153,4096,0,0,1.0,0.0,0.0,0,0.0,0.4472132072464148,0.0,0.4472132072464148,1.673078280349866e-11,0.9999999997597151,4096,0,0,1.0,0.0,0.0,0,0.0,0.4472132072464148,0.0,0.05278679275358526,1.1177678044309649e-10,0.21144171969080758,4096,0,0,1.0,0.0,0.0,0,0.0,0.05278679275358526,0.0,0.3245572578803528,1.6730782799478512e-10,0.0,0.0,1.3877787807814457e-17
369,0.230625,2.076005400203313e-15,8.739675649849232e-13,0.0,0.3156700980014919,1.7672394132262452e-11,0.9999999997450959,0.5,0.0,0.5,0.0,0.44701029400447556,1.7672394273894633e-11,0.9999999997450959,4096,0,0,1.0,0.0,0.0,0,0.0,0.44701029400447556,0.0,0.44701029400447556,1.7672394132262452e-11,0.9999999997450957,4096,0,0,1.0,0.0,0.0,0,0.0,0.44701029400447556,0.0,0.05298970599552451,1.186156567840104e-10,0.21173986343989934,4096,0,0,1.0,0.0,0.0,0,0.0,0.05298970599552451,0.0,0.3247646004678471,1.7672394127757687e-10,0.0,0.0,0.0
370,0.23125,2.0792941521803594e-15,8.810729923425242e-13,0.0,0.31560241738024664,1.867573649294506e-11,0.9999999997294707,0.5,0.0,0.5,0.0,0.4468072521407399,1.8675736634398756e-11,0.9999999997294707,4096,0,0,1.0,0.0,0.0,0,0.0,0.4468072521407399,0.0,0.44680725214073996,1.867573649294506e-11,0.9999999997294705,4096,0,0,1.0,0.0,0.0,0,0.0,0.44680725214073996,0.0,0.05319274785926011,1.2592656170754447e-10,0.21203673668433828,4096,0,0,1.0,0.0,0.0,0,0.0,0.05319274785926011,0.0,0.3249688475006232,1.8675736487892726e-10,0.0,0.0,0.0
371,0.231875,2.08327754315226e-15,8.810729923425242e-13,0.0,0.3155346945300547,1.974511703086777e-11,0.9999999997127665,0.5,0.0,0.5,0.0,0.4466040835901642,1.9745117172139127e-11,0.9999999997127665,4096,0,0,1.0,0.0,0.0,0,0.0,0.4466040835901642,0.0,0.4466040835901641,1.974511703086777e-11,0.9999999997127663,4096,0,0,1.0,0.0,0.0,0,0.0,0.4466040835901641,0.0,0.05339591640983586,1.3374396400222763e-10,0.21233236550133672,4096,0,0,1.0,0.0,0.0,0,0.0,0.05339591640983586,0.0,0.325169998237123,1.974511702519631e-10,0.0,0.0,0.0
372,0.2325,2.088220356152165e-15,8.881784197001252e-13,0.0,0.3154669300960504,2.0885136267416734e-11,0.9999999996949048,0.5,0.0,0.5,0.0,0.4464007902881513,2.0885136408501942e-11,0.9999999996949048,4096,0,0,1.0,0.0,0.0,0,0.0,0.4464007902881513,0.0,0.4464007902881513,2.0885136267416734e-11,0.9999999996949046,4096,0,0,1.0,0.0,0.0,0,0.0,0.4464007902881513,0.0,0.05359920971184874,1.421048163638341e-10,0.21262677559759874,4096,0,0,1.0,0.0,0.0,0,0.0,0.05359920971184874,0.0,0.3253680519891179,2.088513626104478e-10,0.0,0.0,0.0
373,0.233125,2.0928558442794728e-15,8.775202786637237e-13,0.0,0.3153991247235059,2.2100706736711863e-11,0.9999999996758014,0.5,0.0,0.5,0.0,0.4461973741705177,2.210070687760717e-11,0.9999999996758014,4096,0,0,1.0,0.0,0.0,0,0.0,0.4461973741705177,0.0,0.44619737417051775,2.2100706736711863e-11,0.9999999996758012,4096,0,0,1.0,0.0,0.0,0,0.0,0.44619737417051775,0.0,0.05380262582948227,1.5104872457006085e-10,0.21291999230653014,4096,0,0,1.0,0.0,0.0,0,0.0,0.05380262582948227,0.0,0.3255630081218227,2.2100706729546844e-10,0.0,0.0,6.938893903907228e-18
374,0.23375,2.09791415006629e-15,8.668621376273222e-13,0.0,0.31533127905782005,2.3397072701758465e-11,0.9999999996553662,0.5,0.0,0.5,0.0,0.4459938371734601,2.3397072842460177e-11,0.9999999996553662,4096,0,0,1.0,0.0,0.0,0,0.0,0.4459938371734601,0.0,0.4459938371734601,2.3397072701758465e-11,0.999999999655366,4096,0,0,1.0,0.0,0.0,0,0.0,0.4459938371734601,0.0,0.054006162826539986,1.606181272899322e-10,0.2132120405857398,4096,0,0,1.0,0.0,0.0,0,0.0,0.054006162826539986,0.0,0.3257548660540197,2.339707269369504e-10,0.0,0.0,6.938893903907228e-18
375,0.234375,2.1020383037138945e-15,8.633094239485217e-13,0.0,0.31526339374450707,2.4779831006013907e-11,0.9999999996335027,0.5,0.0,0.5,0.0,0.4457901812335211,2.4779831146518386e-11,0.9999999996335027,4096,0,0,1.0,0.0,0.0,0,0.0,0.4457901812335211,0.0,0.4457901812335212,2.4779831006013907e-11,0.9999999996335025,4096,0,0,1.0,0.0,0.0,0,0.0,0.4457901812335212,0.0,0.05420981876647889,1.7085848713403273e-10,0.21350294501482567,4096,0,0,1.0,0.0,0.0,0,0.0,0.05420981876647889,0.0,0.32594362525819304,2.4779830996932166e-10,0.0,0.0,6.938893903907228e-18
376,0.23500000000000001,2.1064561113456904e-15,8.775202786637237e-13,0.0,0.3151954694291857,2.6254953118817932e-11,0.9999999996101075,0.5,0.0,0.5,0.0,0.4455864082875569,2.625495325912159e-11,0.9999999996101075,4096,0,0,1.0,0.0,0.0,0,0.0,0.4455864082875569,0.0,0.44558640828755686,2.6254953118817932e-11,0.9999999996101073,4096,0,0,1.0,0.0,0.0,0,0.0,0.44558640828755686,0.0,0.05441359171244316,1.8181849358228162e-10,0.21379272979343816,4096,0,0,1.0,0.0,0.0,0,0.0,0.05441359171244316,0.0,0.3261292852606733,2.625495310858133e-10,0.0,0.0,0.0
377,0.235625,2.1115792733216416e-15,8.775202786637237e-13,0.0,0.31512750675756745,2.7828808435743876e-11,0.9999999995850701,0.5,0.0,0.5,0.0,0.44538252027270225,2.782880857584318e-11,0.9999999995850701,4096,0,0,1.0,0.0,0.0,0,0.0,0.44538252027270225,0.0,0.44538252027270225,2.7828808435743876e-11,0.9999999995850699,4096,0,0,1.0,0.0,0.0,0,0.0,0.44538252027270225,0.0,0.05461747972729779,1.9355027845788964e-10,0.2140814187396143,4096,0,0,1.0,0.0,0.0,0,0.0,0.05461747972729779,0.0,0.32631184564179155,2.782880842419687e-10,0.0,0.0,0.0
378,0.23625000000000002,2.1165069506527914e-15,8.739675649849232e-13,0.0,0.3150595063754459,2.950818889763163e-11,0.999999999558272,0.5,0.0,0.5,0.0,0.44517851912633766,2.9508189037523095e-11,0.999999999558272,4096,0,0,1.0,0.0,0.0,0,0.0,0.44517851912633766,0.0,0.4451785191263377,2.950818889763163e-11,0.9999999995582718,4096,0,0,1.0,0.0,0.0,0,0.0,0.4451785191263377,0.0,0.05482148087366233,2.0610964464942893e-10,0.21436903528837542,4096,0,0,1.0,0.0,0.0,0,0.0,0.05482148087366233,0.0,0.32649130603604404,2.950818888459703e-10,0.0,0.0,6.938893903907228e-18
379,0.236875,2.1226482274044727e-15,8.775202786637237e-13,2.220446049250313e-16,0.314991468928685,3.121734123377298e-11,0.9999999995295865,0.5000000000000001,2.220446049250313e-16,0.5,0.0,0.44497440678605504,3.1217341374905014e-11,0.9999999995295865,4096,0,0,1.0,0.0,0.0,0,0.0,0.44497440678605504,0.0,0.4449744067860551,3.121734123377298e-11,0.9999999995295863,4096,0,0,1.0,0.0,0.0,0,0.0,0.4449744067860551,0.0,0.05502559321394497,2.1955630881763854e-10,0.21465560249058163,4096,0,0,1.0,0.0,0.0,0,0.0,0.05502559321394497,0.0,0.3266676661322663,3.121734121902553e-10,0.0,0.0,1.3877787807814457e-17
380,0.23750000000000002,2.1260347169038313e-15,8.739675649849232e-13,0.0,0.31492339506320793,3.251590577087131e-11,0.9999999995055905,0.5,0.0,0.5,0.0,0.4447701851896237,3.2515905911783905e-11,0.9999999995055905,4096,0,0,1.0,0.0,0.0,0,0.0,0.4447701851896237,0.0,0.4447701851896237,3.251590577087131e-11,0.9999999995055904,4096,0,0,1.0,0.0,0.0,0,0.0,0.4447701851896237,0.0,0.055229814810376365,2.30946597407989e-10,0.21494114301203635,4096,0,0,1.0,0.0,0.0,0,0.0,0.055229814810376365,0.0,0.32684092567381656,3.251590575479514e-10,0.0,0.0,6.938893903907228e-18
381,0.238125,2.1310336074282306e-15,8.739675649849232e-13,0.0,0.31485528542498536,3.3882964938392e-11,0.9999999994823648,0.5,0.0,0.5,0.0,0.4445658562749561,3.3882965079081655e-11,0.9999999994823648,4096,0,0,1.0,0.0,0.0,0,0.0,0.4445658562749561,0.0,0.44456585627495615,3.3882964938392e-11,0.9999999994823647,4096,0,0,1.0,0.0,0.0,0,0.0,0.44456585627495615,0.0,0.05543414372504389,2.418758883646432e-10,0.2152256791328339,4096,0,0,1.0,0.0,0.0,0,0.0,0.05543414372504389,0.0,0.3270110844587695,3.388296492085298e-10,0.0,0.0,0.0
382,0.23875000000000002,2.135262239442032e-15,8.668621376273222e-13,0.0,0.3147871406600247,3.532291096117746e-11,0.9999999994578301,0.5,0.0,0.5,0.0,0.4443614219800741,3.5322911101640736e-11,0.9999999994578301,4096,0,0,1.0,0.0,0.0,0,0.0,0.4443614219800741,0.0,0.4443614219800741,3.532291096117746e-11,0.99999999945783,4096,0,0,1.0,0.0,0.0,0,0.0,0.4443614219800741,0.0,0.05563857801992588,2.5342328281679573e-10,0.21550923274694367,4096,0,0,1.0,0.0,0.0,0,0.0,0.05563857801992588,0.0,0.32717814234011844,3.532291094202644e-10,0.0,0.0,6.938893903907228e-18
383,0.239375,2.140024988176621e-15,8.597567102697212e-13,0.0,0.314718961414358,3.6840427802788316e-11,0.9999999994318999,0.5,0.0,0.5,0.0,0.444156884243074,3.684042794302181e-11,0.9999999994318999,4096,0,0,1.0,0.0,0.0,0,0.0,0.444156884243074,0.0,0.44415688424307403,3.6840427802788316e-11,0.9999999994318998,4096,0,0,1.0,0.0,0.0,0,0.0,0.44415688424307403,0.0,0.05584311575692599,2.6562964118313844e-10,0.21579182536202376,4096,0,0,1.0,0.0,0.0,0,0.0,0.05584311575692599,0.0,0.32734209922598795,3.6840427781859266e-10,0.0,0.0,6.938893903907228e-18
384,0.24,2.1448935213617504e-15,8.633094239485217e-13,0.0,0.3146507483340308,3.8440509377603964e-11,0.9999999994044818,0.5,0.0,0.5,0.0,0.4439522450020923,3.8440509517604334e-11,0.9999999994044818,4096,0,0,1.0,0.0,0.0,0,0.0,0.4439522450020923,0.0,0.44395224500209224,3.8440509377603964e-11,0.9999999994044817,4096,0,0,1.0,0.0,0.0,0,0.0,0.44395224500209224,0.0,0.056047754997907734,2.7853864824845253e-10,0.21607347809945818,4096,0,0,1.0,0.0,0.0,0,0.0,0.056047754997907734,0.0,0.3275029550798546,3.8440509354711943e-10,0.0,0.0,6.938893903907228e-18
385,0.240625,2.1482650391286686e-15,8.526512829121202e-13,0.0,0.3145825020650903,4.012847879499683e-11,0.9999999993754771,0.5,0.0,0.5,0.0,0.44374750619527087,4.0128478934760784e-11,0.9999999993754771,4096,0,0,1.0,0.0,0.0,0,0.0,0.44374750619527087,0.0,0.44374750619527087,4.012847879499683e-11,0.999999999375477,4096,0,0,1.0,0.0,0.0,0,0.0,0.44374750619527087,0.0,0.05625249380472919,2.9219700063650696e-10,0.21636648671961559,4096,0,0,1.0,0.0,0.0,0,0.0,0.05625249380472919,0.0,0.32766070992077717,4.012847876993568e-10,0.0,0.0,6.938893903907228e-18
386,0.24125,2.152258195811454e-15,8.597567102697212e-13,0.0,0.3145142232535741,4.1910008687756443e-11,0.9999999993447803,0.5,0.0,0.5,0.0,0.4435426697607223,4.191000882728073e-11,0.9999999993447803,4096,0,0,1.0,0.0,0.0,0,0.0,0.4435426697607223,0.0,0.4435426697607223,4.1910008687756443e-11,0.9999999993447802,4096,0,0,1.0,0.0,0.0,0,0.0,0.4435426697607223,0.0,0.05645733023927771,3.066546057677806e-10,0.21666746309976562,4096,0,0,1.0,0.0,0.0,0,0.0,0.05645733023927771,0.0,0.3278153638236363,4.191000866029618e-10,0.0,0.0,0.0
387,0.241875,2.157368218973534e-15,8.704148513061227e-13,0.0,0.3144459125454983,4.379114267923044e-11,0.9999999993122788,0.5,0.0,0.5,0.0,0.44333773763649503,4.379114281851189e-11,0.9999999993122788,4096,0,0,1.0,0.0,0.0,0,0.0,0.44333773763649503,0.0,0.443337737636495,4.379114267923044e-11,0.9999999993122787,4096,0,0,1.0,0.0,0.0,0,0.0,0.443337737636495,0.0,0.05666226236350504,3.2196479293825243e-10,0.21696755395491965,4096,0,0,1.0,0.0,0.0,0,0.0,0.05666226236350504,0.0,0.3279669169193815,4.379114264911434e-10,0.0,0.0,0.0
388,0.2425,2.1606175339333504e-15,8.633094239485217e-13,0.0,0.31437757058684596,4.5778318046022857e-11,0.9999999992778521,0.5,0.0,0.5,0.0,0.44313271176053776,4.577831818505832e-11,0.9999999992778521,4096,0,0,1.0,0.0,0.0,0,0.0,0.44313271176053776,0.0,0.44313271176053776,4.5778318046022857e-11,0.999999999277852,4096,0,0,1.0,0.0,0.0,0,0.0,0.44313271176053776,0.0,0.0568672882394623,3.3818453718669036e-10,0.217266764355823,4096,0,0,1.0,0.0,0.0,0,0.0,0.0568672882394623,0.0,0.3281153693952886,4.5778318012964143e-10,0.0,0.0,6.938893903907228e-18
389,0.243125,2.1646860622394952e-15,8.597567102697212e-13,0.0,0.3143091980235549,4.787838963554727e-11,0.9999999992413717,0.5,0.0,0.5,0.0,0.44292759407066473,4.7878389774333666e-11,0.9999999992413717,4096,0,0,1.0,0.0,0.0,0,0.0,0.44292759407066473,0.0,0.44292759407066473,4.787838963554727e-11,0.9999999992413716,4096,0,0,1.0,0.0,0.0,0,0.0,0.44292759407066473,0.0,0.057072405929335324,3.5537469665035334e-10,0.21756509933126592,4096,0,0,1.0,0.0,0.0,0,0.0,0.057072405929335324,0.0,0.32826072149522434,4.787838959922537e-10,0.0,0.0,6.938893903907228e-18
390,0.24375,2.1691026291160183e-15,8.633094239485217e-13,0.0,0.3142407955015067,5.0098655100276526e-11,0.9999999992027003,0.5,0.0,0.5,0.0,0.44272238650451984,5.009865523881083e-11,0.9999999992027003,4096,0,0,1.0,0.0,0.0,0,0.0,0.44272238650451984,0.0,0.4427223865045199,5.0098655100276526e-11,0.9999999992027002,4096,0,0,1.0,0.0,0.0,0,0.0,0.4427223865045199,0.0,0.057277613495480176,3.736002641428504e-10,0.21786256386771305,4096,0,0,1.0,0.0,0.0,0,0.0,0.057277613495480176,0.0,0.32840297351991943,5.009865506033289e-10,0.0,0.0,1.3877787807814457e-17
391,0.244375,2.1735967888456893e-15,8.633094239485217e-13,0.0,0.31417236366651374,5.244688151316295e-11,0.9999999991616914,0.5,0.0,0.5,0.0,0.44251709099954134,5.2446881651442175e-11,0.9999999991616914,4096,0,0,1.0,0.0,0.0,0,0.0,0.44251709099954134,0.0,0.4425170909995413,5.244688151316295e-11,0.9999999991616912,4096,0,0,1.0,0.0,0.0,0,0.0,0.4425170909995413,0.0,0.05748290900045867,3.929306337231115e-10,0.21815916290898196,4096,0,0,1.0,0.0,0.0,0,0.0,0.05748290900045867,0.0,0.32854212582725095,5.244688146919627e-10,0.0,0.0,0.0
392,0.245,2.1780697844782225e-15,8.562039965909207e-13,0.0,0.3141039031643086,5.4931333431425676e-11,0.9999999991181884,0.5,0.0,0.5,0.0,0.44231170949292575,5.4931333569446894e-11,0.9999999991181884,4096,0,0,1.0,0.0,0.0,0,0.0,0.44231170949292575,0.0,0.44231170949292575,5.4931333431425676e-11,0.9999999991181883,4096,0,0,1.0,0.0,0.0,0,0.0,0.44231170949292575,0.0,0.05768829050707424,4.134398830610647e-10,0.21845490135596868,4096,0,0,1.0,0.0,0.0,0,0.0,0.05768829050707424,0.0,0.32867817883253136,5.493133338298659e-10,0.0,0.0,0.0
393,0.245625,2.1806122589061534e-15,8.490985692333197e-13,0.0,0.3140354146405307,5.756080247871733e-11,0.9999999990720245,0.5,0.0,0.5,0.0,0.44210624392159215,5.7560802616477655e-11,0.9999999990720245,4096,0,0,1.0,0.0,0.0,0,0.0,0.44210624392159215,0.0,0.44210624392159215,5.756080247871733e-11,0.9999999990720244,4096,0,0,1.0,0.0,0.0,0,0.0,0.44210624392159215,0.0,0.05789375607840791,4.3520707244372786e-10,0.21874978406641932,4096,0,0,1.0,0.0,0.0,0,0.0,0.05789375607840791,0.0,0.3288111330088064,5.756080242530231e-10,0.0,0.0,6.938893903907228e-18
394,0.24625,2.186082928589538e-15,8.419931418757187e-13,0.0,0.3139668987407152,6.0344638518592e-11,0.9999999990230217,0.5,0.0,0.5,0.0,0.44190069622214556,6.034463865608861e-11,0.9999999990230217,4096,0,0,1.0,0.0,0.0,0,0.0,0.44190069622214556,0.0,0.4419006962221455,6.0344638518592e-11,0.9999999990230216,4096,0,0,1.0,0.0,0.0,0,0.0,0.4419006962221455,0.0,0.05809930377785448,4.583165613050525e-10,0.21906976570151615,4096,0,0,1.0,0.0,0.0,0,0.0,0.05809930377785448,0.0,0.32894098888716017,6.03446384596366e-10,0.0,0.0,6.938893903907228e-18
395,0.246875,2.191731730504782e-15,8.348877145181177e-13,0.0,0.31389835611028044,6.32927824952034e-11,0.99999999897099,0.5,0.0,0.5,0.0,0.44169506833084116,6.329278263243351e-11,0.99999999897099,4096,0,0,1.0,0.0,0.0,0,0.0,0.44169506833084116,0.0,0.4416950683308411,6.32927824952034e-11,0.9999999989709899,4096,0,0,1.0,0.0,0.0,0,0.0,0.4416950683308411,0.0,0.05830493166915893,4.828583432040501e-10,0.21939224385841216,4096,0,0,1.0,0.0,0.0,0,0.0,0.05830493166915893,0.0,0.3290677470570284,6.32927824300745e-10,0.0,0.0,6.938893903907228e-18
396,0.2475,2.1957360431257477e-15,8.419931418757187e-13,0.0,0.3138297873945157,6.641580102026709e-11,0.9999999989157269,0.5,0.0,0.5,0.0,0.4414893621835471,6.641580115722797e-11,0.9999999989157269,4096,0,0,1.0,0.0,0.0,0,0.0,0.4414893621835471,0.0,0.4414893621835471,6.641580102026709e-11,0.9999999989157268,4096,0,0,1.0,0.0,0.0,0,0.0,0.4414893621835471,0.0,0.05851063781645288,5.089284002185325e-10,0.21971337263722734,4096,0,0,1.0,0.0,0.0,0,0.0,0.05851063781645288,0.0,0.3291914081665185,6.641580094825422e-10,0.0,0.0,0.0
397,0.248125,2.1987548745447574e-15,8.490985692333197e-13,0.0,0.3137611932385695,6.972492278852716e-11,0.9999999988570164,0.5,0.0,0.5,0.0,0.44128357971570853,6.972492292521614e-11,0.9999999988570164,4096,0,0,1.0,0.0,0.0,0,0.0,0.44128357971570853,0.0,0.44128357971570853,6.972492278852716e-11,0.9999999988570163,4096,0,0,1.0,0.0,0.0,0,0.0,0.44128357971570853,0.0,0.05871642028429152,5.366290777662586e-10,0.2200331668903712,4096,0,0,1.0,0.0,0.0,0,0.0,0.05871642028429152,0.0,0.32931197292273745,6.972492270883272e-10,0.0,0.0,6.938893903907228e-18
398,0.24875,2.204035922911446e-15,8.633094239485217e-13,0.0,0.3136925742874366,7.32320769072762e-11,0.9999999987946284,0.5,0.0,0.5,0.0,0.44107772286230956,7.323207704369063e-11,0.9999999987946284,4096,0,0,1.0,0.0,0.0,0,0.0,0.44107772286230956,0.0,0.4410777228623096,7.32320769072762e-11,0.9999999987946283,4096,0,0,1.0,0.0,0.0,0,0.0,0.4410777228623096,0.0,0.05892227713769045,5.660694809114368e-10,0.22035164135973181,4096,0,0,1.0,0.0,0.0,0,0.0,0.05892227713769045,0.0,0.3294294420921264,7.323207681900433e-10,0.0,0.0,6.938893903907228e-18
399,0.249375,2.20860350783383e-15,8.562039965909207e-13,0.0,0.3136239311859457,7.694993322889125e-11,0.9999999987283178,0.5,0.0,0.5,0.0,0.44087179355783707,7.694993336502855e-11,0.9999999987283178,4096,0,0,1.0,0.0,0.0,0,0.0,0.44087179355783707,0.0,0.44087179355783707,7.694993322889125e-11,0.9999999987283176,4096,0,0,1.0,0.0,0.0,0,0.0,0.44087179355783707,0.0,0.05912820644216296,5.973658932624489e-10,0.22066881067334201,4096,0,0,1.0,0.0,0.0,0,0.0,0.05912820644216296,0.0,0.3295438165008024,7.69499331310354e-10,0.0,0.0,6.938893903907228e-18
400,0.25,2.211057029855183e-15,8.526512829121202e-13,0.0,0.3135552645787476,8.089194477886865e-11,0.9999999986578231,0.5,0.0,0.5,0.0,0.44066579373624265,8.089194491472628e-11,0.9999999986578231,4096,0,0,1.0,0.0,0.0,0,0.0,0.44066579373624265,0.0,0.4406657937362427,8.089194477886865e-11,0.9999999986578229,4096,0,0,1.0,0.0,0.0,0,0.0,0.4406657937362427,0.0,0.05933420626375738,6.306422196163726e-10,0.22098468934220825,4096,0,0,1.0,0.0,0.0,0,0.0,0.05933420626375738,0.0,0.32965509703490703,8.089194467029735e-10,0.0,0.0,0.0
401,0.250625,2.2151851116016437e-15,8.633094239485217e-13,2.220446049250313e-16,0.31348657511030176,8.50723923754696e-11,0.9999999985828661,0.5,0.0,0.5000000000000001,2.220446049250313e-16,0.44045972533090527,8.507239251104509e-11,0.9999999985828661,4096,0,0,1.0,0.0,0.0,0,0.0,0.44045972533090527,0.0,0.44045972533090527,8.50723923754696e-11,0.9999999985828659,4096,0,0,1.0,0.0,0.0,0,0.0,0.44045972533090527,0.0,0.05954027466909473,6.660304535574403e-10,0.22129929175729984,4096,0,0,1.0,0.0,0.0,0,0.0,0.05954027466909473,0.0,0.3297632846409614,8.507239225491064e-10,0.0,0.0,0.0
402,0.25125000000000003,2.218706779602011e-15,8.562039965909207e-13,0.0,0.3134178634248645,8.9506431540828e-11,0.9999999985031507,0.5,0.0,0.5,0.0,0.44025359027459343,8.95064316761189e-11,0.9999999985031507,4096,0,0,1.0,0.0,0.0,0,0.0,0.44025359027459343,0.0,0.44025359027459343,8.9506431540828e-11,0.9999999985031505,4096,0,0,1.0,0.0,0.0,0,0.0,0.44025359027459343,0.0,0.05974640972540658,7.036711712700325e-10,0.22161263218669494,4096,0,0,1.0,0.0,0.0,0,0.0,0.05974640972540658,0.0,0.32986838032622756,8.950643140685036e-10,0.0,0.0,6.938893903907228e-18
403,0.251875,2.222453624627968e-15,8.597567102697212e-13,0.0,0.31334913016647564,9.42101418072239e-11,0.9999999984183612,0.5,0.0,0.5,0.0,0.44004739049942687,9.421014194222781e-11,0.9999999984183612,4096,0,0,1.0,0.0,0.0,0,0.0,0.44004739049942687,0.0,0.44004739049942687,9.42101418072239e-11,0.999999998418361,4096,0,0,1.0,0.0,0.0,0,0.0,0.44004739049942687,0.0,0.059952609500573115,7.437140528822115e-10,0.22192472477288047,4096,0,0,1.0,0.0,0.0,0,0.0,0.059952609500573115,0.0,0.3299703851590767,9.42101416582175e-10,0.0,0.0,0.0
404,0.2525,2.2273337014559966e-15,8.562039965909207e-13,0.0,0.3132803759789462,9.92005785261927e-11,0.999999998328162,0.5,0.0,0.5,0.0,0.4398411279368386,9.920057866090728e-11,0.999999998328162,4096,0,0,1.0,0.0,0.0,0,0.0,0.4398411279368386,0.0,0.4398411279368386,9.92005785261927e-11,0.9999999983281618,4096,0,0,1.0,0.0,0.0,0,0.0,0.4398411279368386,0.0,0.06015887206316144,7.863184327132078e-10,0.22223558353020284,4096,0,0,1.0,0.0,0.0,0,0.0,0.06015887206316144,0.0,0.3300693002693624,9.920057836034541e-10,0.0,0.0,0.0
405,0.253125,2.2311830093526824e-15,8.490985692333197e-13,0.0,0.3132116015058453,1.0449582729222229e-10,0.9999999982321959,0.5,0.0,0.5,0.0,0.4396348045175359,1.0449582742664524e-10,0.9999999982321959,4096,0,0,1.0,0.0,0.0,0,0.0,0.4396348045175359,0.0,0.4396348045175359,1.0449582729222229e-10,0.9999999982321957,4096,0,0,1.0,0.0,0.0,0,0.0,0.4396348045175359,0.0,0.06036519548246412,8.316538798577222e-10,0.2225452223424665,4096,0,0,1.0,0.0,0.0,0,0.0,0.06036519548246412,0.0,0.33016512684880067,1.0449582710749415e-09,0.0,0.0,6.938893903907228e-18
406,0.25375000000000003,2.236476691785911e-15,8.562039965909207e-13,0.0,0.3131428073904874,1.1011506109699108e-10,0.9999999981300828,0.5,0.0,0.5,0.0,0.43942842217146205,1.1011506123112016e-10,0.9999999981300828,4096,0,0,1.0,0.0,0.0,0,0.0,0.43942842217146205,0.0,0.439428422171462,1.1011506109699108e-10,0.9999999981300826,4096,0,0,1.0,0.0,0.0,0,0.0,0.439428422171462,0.0,0.06057157782853802,8.799008106014662e-10,0.2228536549606772,4096,0,0,1.0,0.0,0.0,0,0.0,0.06057157782853802,0.0,0.33025786615135566,1.1011506089108504e-09,0.0,0.0,6.938893903907228e-18
407,0.254375,2.241102511329747e-15,8.597567102697212e-13,0.0,0.3130739942759189,1.1414789505256348e-10,0.9999999980374316,0.5,0.0,0.5,0.0,0.4392219828277568,1.1414789518779409e-10,0.999999998037431,4096,0,0,1.0,0.0,0.0,0,0.0,0.4392219828277568,0.0,0.4392219828277568,1.1414789505256348e-10,0.9999999980374316,4096,0,0,1.0,0.0,0.0,0,0.0,0.4392219828277568,0.0,0.06077801717224321,9.24209889894456e-10,0.22316089500092698,4096,0,0,1.0,0.0,0.0,0,0.0,0.06077801717224321,0.0,0.3303475194936299,1.1414789482854036e-09,0.0,0.0,6.938893903907228e-18
408,0.255,2.2465336963425103e-15,8.633094239485217e-13,0.0,0.31300516280490587,1.1833934297357702e-10,0.9999999979560211,0.5,0.0,0.5,0.0,0.4390154884147176,1.1833934310850337e-10,0.9999999979560206,4096,0,0,1.0,0.0,0.0,0,0.0,0.4390154884147176,0.0,0.4390154884147176,1.1833934297357702e-10,0.9999999979560211,4096,0,0,1.0,0.0,0.0,0,0.0,0.4390154884147176,0.0,0.06098451158528238,9.628193684171112e-10,0.22346695594241778,4096,0,0,1.0,0.0,0.0,0,0.0,0.06098451158528238,0.0,0.3304340882552612,1.1833934273169385e-09,0.0,0.0,0.0
409,0.255625,2.251308242915054e-15,8.668621376273222e-13,2.220446049250313e-16,0.31293631361991986,1.2273572622179562e-10,0.9999999978704232,0.5000000000000001,2.220446049250313e-16,0.5,0.0,0.4388089408597597,1.227357263564154e-10,0.9999999978704226,4096,0,0,1.0,0.0,0.0,0,0.0,0.4388089408597597,0.0,0.4388089408597597,1.2273572622179562e-10,0.9999999978704232,4096,0,0,1.0,0.0,0.0,0,0.0,0.4388089408597597,0.0,0.061191059140240284,1.003420164455799e-09,0.22377185112562076,4096,0,0,1.0,0.0,0.0,0,0.0,0.061191059140240284,0.0,0.3305175738793238,1.2273572596042038e-09,0.0,0.0,0.0
410,0.25625,2.2556105640050467e-15,8.668621376273222e-13,0.0,0.3128674473631255,1.2734936034580404e-10,0.9999999977803807,0.5,0.0,0.5,0.0,0.43860234208937654,1.2734936048011506e-10,0.9999999977803802,4096,0,0,1.0,0.0,0.0,0,0.0,0.43860234208937654,0.0,0.43860234208937654,1.2734936034580404e-10,0.9999999977803807,4096,0,0,1.0,0.0,0.0,0,0.0,0.43860234208937654,0.0,0.0613976579106235,1.0461345694912571e-09,0.2240755937505682,4096,0,0,1.0,0.0,0.0,0,0.0,0.0613976579106235,0.0,0.33059797787273415,1.2734936006313688e-09,0.0,0.0,1.3877787807814457e-17
411,0.256875,2.259410413565019e-15,8.704148513061227e-13,0.0,0.3127985646763665,1.3219331096617223e-10,0.9999999976856205,0.5,0.0,0.5,0.0,0.4383956940290995,1.3219331110017229e-10,0.99999999768562,4096,0,0,1.0,0.0,0.0,0,0.0,0.4383956940290995,0.0,0.4383956940290995,1.3219331096617223e-10,0.9999999976856205,4096,0,0,1.0,0.0,0.0,0,0.0,0.4383956940290995,0.0,0.061604305970900504,1.0910926710447995e-09,0.2243781968752753,4096,0,0,1.0,0.0,0.0,0,0.0,0.061604305970900504,0.0,0.3306753018066631,1.3219331066022667e-09,0.0,0.0,0.0
412,0.2575,2.263466281876769e-15,8.846257060213247e-13,0.0,0.3127296662011527,1.3728143589858933e-10,0.9999999975858521,0.5,0.0,0.5,0.0,0.4381889986034581,1.372814360322763e-10,0.9999999975858516,4096,0,0,1.0,0.0,0.0,0,0.0,0.4381889986034581,0.0,0.4381889986034581,1.3728143589858933e-10,0.9999999975858521,4096,0,0,1.0,0.0,0.0,0,0.0,0.4381889986034581,0.0,0.061811001396541956,1.1384328235070211e-09,0.22467967341428824,4096,0,0,1.0,0.0,0.0,0,0.0,0.061811001396541956,0.0,0.33074954731695017,1.3728143556717155e-09,0.0,0.0,6.938893903907228e-18
413,0.258125,2.266818728997469e-15,8.739675649849232e-13,0.0,0.31266075257864634,1.4262842939733796e-10,0.9999999974807665,0.5,0.0,0.5,0.0,0.4379822577359389,1.4262842953070972e-10,0.999999997480766,4096,0,0,1.0,0.0,0.0,0,0.0,0.4379822577359389,0.0,0.4379822577359389,1.4262842939733796e-10,0.9999999974807665,4096,0,0,1.0,0.0,0.0,0,0.0,0.4379822577359389,0.0,0.062017742264061204,1.1883021449067652e-09,0.22498003613735645,4096,0,0,1.0,0.0,0.0,0,0.0,0.062017742264061204,0.0,0.3308207161045241,1.4262842903802355e-09,0.0,0.0,6.938893903907228e-18
414,0.25875,2.2706899954911683e-15,8.775202786637237e-13,2.220446049250313e-16,0.3125918244496483,1.482498686130426e-10,0.9999999973700353,0.5000000000000001,2.220446049250313e-16,0.5,0.0,0.4377754733489449,1.4824986874609712e-10,0.9999999973700348,4096,0,0,1.0,0.0,0.0,0,0.0,0.4377754733489449,0.0,0.43777547334894484,1.482498686130426e-10,0.9999999973700353,4096,0,0,1.0,0.0,0.0,0,0.0,0.43777547334894484,0.0,0.06222452665105514,1.2408570408977964e-09,0.22527929766822544,4096,0,0,1.0,0.0,0.0,0,0.0,0.06222452665105514,0.0,0.3308888099358268,1.4824986822315061e-09,0.0,0.0,0.0
415,0.259375,2.2752091779128873e-15,8.846257060213247e-13,0.0,0.312522882454585,1.541622623621517e-10,0.9999999972533095,0.5,0.0,0.5,0.0,0.4375686473637548,1.5416226249488695e-10,0.9999999972533089,4096,0,0,1.0,0.0,0.0,0,0.0,0.4375686473637548,0.0,0.4375686473637548,1.541622623621517e-10,0.9999999972533095,4096,0,0,1.0,0.0,0.0,0,0.0,0.4375686473637548,0.0,0.06243135263624529,1.296263757295322e-09,0.2255774704835474,4096,0,0,1.0,0.0,0.0,0,0.0,0.06243135263624529,0.0,0.33095383064324096,1.541622619387156e-09,0.0,0.0,0.0
416,0.26,2.2794159120343013e-15,8.846257060213247e-13,0.0,0.3124539272334937,1.6038310230923934e-10,0.9999999971302183,0.5,0.0,0.5,0.0,0.43736178170048096,1.6038310244165338e-10,0.9999999971302177,4096,0,0,1.0,0.0,0.0,0,0.0,0.43736178170048096,0.0,0.43736178170048096,1.6038310230923934e-10,0.9999999971302183,4096,0,0,1.0,0.0,0.0,0,0.0,0.43736178170048096,0.0,0.0626382182995191,1.354698962551122e-09,0.22587456691190716,4096,0,0,1.0,0.0,0.0,0,0.0,0.0626382182995191,0.0,0.3310157801255216,1.6038310184897475e-09,0.0,0.0,0.0
417,0.260625,2.2834999074779854e-15,8.881784197001252e-13,0.0,0.31238495942600947,1.6693091666694342e-10,0.9999999970003677,0.5,0.0,0.5,0.0,0.4371548782780284,1.6693091679903434e-10,0.9999999970003671,4096,0,0,1.0,0.0,0.0,0,0.0,0.4371548782780284,0.0,0.4371548782780284,1.6693091666694342e-10,0.9999999970003677,4096,0,0,1.0,0.0,0.0,0,0.0,0.4371548782780284,0.0,0.0628451217219716,1.4163503616146319e-09,0.22617059913295987,4096,0,0,1.0,0.0,0.0,0,0.0,0.0628451217219716,0.0,0.33107466034823124,1.6693091616621194e-09,0.0,0.0,1.3877787807814457e-17
418,0.26125,2.2886444829098176e-15,8.952838470577262e-13,0.0,0.31231597967135094,1.7382532652219138e-10,0.9999999968633393,0.5,0.0,0.5,0.0,0.43694793901405277,1.7382532665395732e-10,0.9999999968633387,4096,0,0,1.0,0.0,0.0,0,0.0,0.43694793901405277,0.0,0.43694793901405277,1.7382532652219138e-10,0.9999999968633393,4096,0,0,1.0,0.0,0.0,0,0.0,0.43694793901405277,0.0,0.06305206098594732,1.4814173426879304e-09,0.22646557917667812,4096,0,0,1.0,0.0,0.0,0,0.0,0.06305206098594732,0.0,0.3311304733441782,1.7382532597696022e-09,0.0,0.0,1.3877787807814457e-17
419,0.261875,2.291950298574668e-15,9.059419880941277e-13,0.0,0.3122469886083059,1.8108710490130628e-10,0.9999999967186889,0.5,0.0,0.5,0.0,0.43674096582491767,1.810871050327454e-10,0.9999999967186883,4096,0,0,1.0,0.0,0.0,0,0.0,0.43674096582491767,0.0,0.43674096582491767,1.8108710490130628e-10,0.9999999967186889,4096,0,0,1.0,0.0,0.0,0,0.0,0.43674096582491767,0.0,0.06325903417508237,1.5501116584452428e-09,0.22675951892270554,4096,0,0,1.0,0.0,0.0,0,0.0,0.06325903417508237,0.0,0.3311832212138577,1.8108710430710307e-09,0.0,0.0,6.938893903907228e-18
420,0.2625,2.29576016340829e-15,9.130474154517287e-13,2.220446049250313e-16,0.31217798687521764,1.887382386906346e-10,0.9999999965659447,0.5000000000000001,2.220446049250313e-16,0.5000000000000001,2.220446049250313e-16,0.436533960625653,1.8873823882174512e-10,0.9999999965659442,4096,0,0,1.0,0.0,0.0,0,0.0,0.436533960625653,0.0,0.436533960625653,1.887382386906346e-10,0.9999999965659447,4096,0,0,1.0,0.0,0.0,0,0.0,0.436533960625653,0.0,0.063466039374347,1.6226581433523499e-09,0.22705243009981393,4096,0,0,1.0,0.0,0.0,0,0.0,0.063466039374347,0.0,0.33123290612589584,1.8873823804249694e-09,0.0,0.0,6.938893903907228e-18
421,0.263125,2.3013548842207333e-15,9.094947017729282e-13,0.0,0.3121089751099706,1.9680199353349486e-10,0.9999999964046064,0.5,0.0,0.5,0.0,0.4363269253299118,1.9680199366427503e-10,0.9999999964046058,4096,0,0,1.0,0.0,0.0,0,0.0,0.4363269253299118,0.0,0.43632692532991185,1.9680199353349486e-10,0.9999999964046064,4096,0,0,1.0,0.0,0.0,0,0.0,0.43632692532991185,0.0,0.0636730746700882,1.6992954687882273e-09,0.22734432428546122,4096,0,0,1.0,0.0,0.0,0,0.0,0.0636730746700882,0.0,0.3312795303174969,1.9680199282591412e-09,0.0,0.0,0.0
422,0.26375,2.3051761803105576e-15,9.166001291305292e-13,0.0,0.3120399539499758,2.0530298182851482e-10,0.9999999962341424,0.5,0.0,0.5,0.0,0.43611986184992724,2.0530298195896293e-10,0.9999999962341418,4096,0,0,1.0,0.0,0.0,0,0.0,0.43611986184992724,0.0,0.4361198618499272,2.0530298182851482e-10,0.9999999962341424,4096,0,0,1.0,0.0,0.0,0,0.0,0.4361198618499272,0.0,0.06388013815007282,1.7802769377403783e-09,0.2276352129054476,4096,0,0,1.0,0.0,0.0,0,0.0,0.06388013815007282,0.0,0.3313230960948917,2.053029810553729e-09,0.0,0.0,6.938893903907228e-18
423,0.264375,2.3114840588805542e-15,9.059419880941277e-13,0.0,0.3119709240321564,2.1426723395880374e-10,0.9999999960539894,0.5,0.0,0.5,0.0,0.4359127720964693,2.1426723408891814e-10,0.9999999960539888,4096,0,0,1.0,0.0,0.0,0,0.0,0.4359127720964693,0.0,0.4359127720964692,2.1426723395880374e-10,0.9999999960539894,4096,0,0,1.0,0.0,0.0,0,0.0,0.4359127720964692,0.0,0.06408722790353073,1.865871320916713e-09,0.22792510723366693,4096,0,0,1.0,0.0,0.0,0,0.0,0.06408722790353073,0.0,0.3313636058337891,2.1426723311330284e-09,0.0,0.0,6.938893903907228e-18
424,0.265,2.3152398109878145e-15,9.130474154517287e-13,0.0,0.3119018859929339,2.2372227288589965e-10,0.9999999958635495,0.5,0.0,0.5,0.0,0.43570565797880156,2.237222730156787e-10,0.9999999958635489,4096,0,0,1.0,0.0,0.0,0,0.0,0.43570565797880156,0.0,0.4357056579788015,2.2372227288589965e-10,0.9999999958635495,4096,0,0,1.0,0.0,0.0,0,0.0,0.4357056579788015,0.0,0.06429434202119849,1.9563637361905274e-09,0.22821401839195088,4096,0,0,1.0,0.0,0.0,0,0.0,0.06429434202119849,0.0,0.33140106197982905,2.2372227196048343e-09,0.0,0.0,0.0
425,0.265625,2.3205060122139837e-15,9.130474154517287e-13,0.0,0.3118328404682123,2.3369719224703714e-10,0.9999999956621889,0.5,0.0,0.5,0.0,0.4354985214046369,2.3369719237647927e-10,0.9999999956621883,4096,0,0,1.0,0.0,0.0,0,0.0,0.4354985214046369,0.0,0.43549852140463685,2.3369719224703714e-10,0.9999999956621889,4096,0,0,1.0,0.0,0.0,0,0.0,0.43549852140463685,0.0,0.06450147859536315,2.052056573371169e-09,0.2285019573500031,4096,0,0,1.0,0.0,0.0,0,0.0,0.06450147859536315,0.0,0.3314354670490376,2.3369719123330274e-09,0.0,0.0,6.938893903907228e-18
426,0.26625,2.3254881050210123e-15,9.130474154517287e-13,0.0,0.3117637880933646,2.4422273809900253e-10,0.9999999954492356,0.5,0.0,0.5,0.0,0.4352913642800937,2.442227382281062e-10,0.999999995449235,4096,0,0,1.0,0.0,0.0,0,0.0,0.4352913642800937,0.0,0.4352913642800937,2.4422273809900253e-10,0.9999999954492356,4096,0,0,1.0,0.0,0.0,0,0.0,0.4352913642800937,0.0,0.06470863571990637,2.1532704663714186e-09,0.22878893492542063,4096,0,0,1.0,0.0,0.0,0,0.0,0.06470863571990637,0.0,0.33146682362828256,2.442227369876023e-09,0.0,0.0,6.938893903907228e-18
427,0.26687500000000003,2.3297343032391403e-15,9.166001291305292e-13,0.0,0.311694729503217,2.553313944566806e-10,0.9999999952239772,0.5,0.0,0.5,0.0,0.43508418850965114,2.5533139458544427e-10,0.9999999952239766,4096,0,0,1.0,0.0,0.0,0,0.0,0.43508418850965114,0.0,0.43508418850965114,2.553313944566806e-10,0.9999999952239772,4096,0,0,1.0,0.0,0.0,0,0.0,0.43508418850965114,0.0,0.06491581149034886,2.260345314923484e-09,0.22907496178380019,4096,0,0,1.0,0.0,0.0,0,0.0,0.06491581149034886,0.0,0.3314951343757313,2.5533139323721187e-09,0.0,0.0,0.0
428,0.2675,2.334442771469798e-15,9.201528428093297e-13,0.0,0.31162566533203495,2.670574727793503e-10,0.9999999949856591,0.5,0.0,0.5,0.0,0.43487699599610485,2.6705747290777256e-10,0.9999999949856585,4096,0,0,1.0,0.0,0.0,0,0.0,0.43487699599610485,0.0,0.43487699599610485,2.670574727793503e-10,0.9999999949856591,4096,0,0,1.0,0.0,0.0,0,0.0,0.43487699599610485,0.0,0.06512300400389515,2.3736413580788767e-09,0.22936004843892657,4096,0,0,1.0,0.0,0.0,0,0.0,0.06512300400389515,0.0,0.33152040202130906,2.670574714402329e-09,0.0,0.0,0.0
429,0.268125,2.3378097117611466e-15,9.166001291305292e-13,0.0,0.31155659621350723,2.794372055628592e-10,0.9999999947334814,0.5,0.0,0.5,0.0,0.43466978864052164,2.7943720569093867e-10,0.9999999947334809,4096,0,0,1.0,0.0,0.0,0,0.0,0.43466978864052164,0.0,0.4346697886405216,2.794372055628592e-10,0.9999999947334814,4096,0,0,1.0,0.0,0.0,0,0.0,0.4346697886405216,0.0,0.06533021135947843,2.4935403018133306e-09,0.22964420525304063,4096,0,0,1.0,0.0,0.0,0,0.0,0.06533021135947843,0.0,0.33154262936715795,2.7943720409119783e-09,0.0,0.0,2.0816681711721685e-17
430,0.26875,2.340854317621737e-15,9.130474154517287e-13,0.0,0.3114875227807314,2.925088442009949e-10,0.9999999944665974,0.5,0.0,0.5,0.0,0.4344625683421941,2.9250884432873014e-10,0.9999999944665968,4096,0,0,1.0,0.0,0.0,0,0.0,0.4344625683421941,0.0,0.4344625683421941,2.925088442009949e-10,0.9999999944665974,4096,0,0,1.0,0.0,0.0,0,0.0,0.4344625683421941,0.0,0.06553743165780596,2.6204465031463962e-09,0.22992744243718446,4096,0,0,1.0,0.0,0.0,0,0.0,0.06553743165780596,0.0,0.33156181928809647,2.925088425824255e-09,0.0,0.0,6.938893903907228e-18
431,0.26937500000000003,2.3462127029697562e-15,9.166001291305292e-13,2.220446049250313e-16,0.3114184456661985,3.063127612846808e-10,0.99999999418411,0.5,0.0,0.5000000000000001,2.220446049250313e-16,0.4342553369985954,3.0631276141207055e-10,0.9999999941841095,4096,0,0,1.0,0.0,0.0,0,0.0,0.4342553369985954,0.0,0.4342553369985954,3.063127612846808e-10,0.99999999418411,4096,0,0,1.0,0.0,0.0,0,0.0,0.4342553369985954,0.0,0.06574466300140458,2.7547882132764387e-09,0.23020977005162113,4096,0,0,1.0,0.0,0.0,0,0.0,0.06574466300140458,0.0,0.3315779747320795,3.0631275950319934e-09,0.0,0.0,6.938893903907228e-18
432,0.27,2.349733843804566e-15,9.130474154517287e-13,0.0,0.3113493655017778,3.208915575130524e-10,0.9999999938850699,0.5,0.0,0.5,0.0,0.43404809650533344,3.208915576400953e-10,0.9999999938850693,4096,0,0,1.0,0.0,0.0,0,0.0,0.43404809650533344,0.0,0.4340480965053334,3.208915575130524e-10,0.9999999938850699,4096,0,0,1.0,0.0,0.0,0,0.0,0.4340480965053334,0.0,0.0659519034946666,2.8970188823255355e-09,0.23049119800632661,4096,0,0,1.0,0.0,0.0,0,0.0,0.0659519034946666,0.0,0.33159109872065795,3.2089155555082283e-09,0.0,0.0,6.938893903907228e-18
433,0.270625,2.353354787752143e-15,9.166001291305292e-13,0.0,0.31128028291870136,3.3476893906398786e-10,0.999999993568472,0.5,0.0,0.5,0.0,0.4338408487561041,3.3476893919201164e-10,0.9999999935684715,4096,0,0,1.0,0.0,0.0,0,0.0,0.4338408487561041,0.0,0.4338408487561041,3.3476893906398786e-10,0.999999993568472,4096,0,0,1.0,0.0,0.0,0,0.0,0.4338408487561041,0.0,0.06615915124389588,3.047618528385224e-09,0.2307717360615515,4096,0,0,1.0,0.0,0.0,0,0.0,0.06615915124389588,0.0,0.33160119434943824,3.3476893690065494e-09,0.0,0.0,0.0
434,0.27125,2.3569192661904915e-15,9.130474154517287e-13,0.0,0.3112111985475486,3.454799941187679e-10,0.9999999933011403,0.5,0.0,0.5,0.0,0.4336335956426457,3.4547999424643583e-10,0.9999999933011403,4096,0,0,1.0,0.0,0.0,0,0.0,0.4336335956426457,0.0,0.4336335956426457,3.454799941187679e-10,0.9999999933011402,4096,0,0,1.0,0.0,0.0,0,0.0,0.4336335956426457,0.0,0.06636640435735433,3.1766894516541606e-09,0.23105139382844994,4096,0,0,1.0,0.0,0.0,0,0.0,0.06636640435735433,0.0,0.3316082647885418,3.4547999180444588e-09,0.0,0.0,6.938893903907228e-18
435,0.27187500000000003,2.3618331620939005e-15,9.130474154517287e-13,0.0,0.31114211301823047,3.566729412339524e-10,0.9999999930533139,0.5,0.0,0.5,0.0,0.43342633905469147,3.5667294136126315e-10,0.9999999930533139,4096,0,0,1.0,0.0,0.0,0,0.0,0.43342633905469147,0.0,0.4334263390546914,3.566729412339524e-10,0.9999999930533138,4096,0,0,1.0,0.0,0.0,0,0.0,0.4334263390546914,0.0,0.06657366094530856,3.295006199724154e-09,0.23133018076977388,4096,0,0,1.0,0.0,0.0,0,0.0,0.06657366094530856,0.0,0.3316123132830626,3.5667293875625743e-09,0.0,0.0,6.938893903907228e-18
436,0.2725,2.367380160664091e-15,9.059419880941277e-13,0.0,0.31107302695997435,3.683750475522224e-10,0.999999992793715,0.5,0.0,0.5,0.0,0.43321908087992306,3.683750476791746e-10,0.999999992793715,4096,0,0,1.0,0.0,0.0,0,0.0,0.43321908087992306,0.0,0.43321908087992306,3.683750475522224e-10,0.9999999927937149,4096,0,0,1.0,0.0,0.0,0,0.0,0.43321908087992306,0.0,0.06678091912007696,3.4189546147905393e-09,0.23160810620062963,4096,0,0,1.0,0.0,0.0,0,0.0,0.06678091912007696,0.0,0.33161334315352553,3.6837504489760682e-09,0.0,0.0,0.0
437,0.273125,2.3714762480580602e-15,9.130474154517287e-13,0.0,0.31100394100130774,3.806151180054723e-10,0.9999999925216674,0.5,0.0,0.5,0.0,0.43301182300392316,3.8061511813206477e-10,0.9999999925216674,4096,0,0,1.0,0.0,0.0,0,0.0,0.43301182300392316,0.0,0.43301182300392316,3.806151180054723e-10,0.9999999925216673,4096,0,0,1.0,0.0,0.0,0,0.0,0.43301182300392316,0.0,0.06698817699607687,3.548858404499447e-09,0.23188517928929514,4096,0,0,1.0,0.0,0.0,0,0.0,0.06698817699607687,0.0,0.33161135779634143,3.8061511515910584e-09,0.0,0.0,6.938893903907228e-18
438,0.27375,2.3747658037480684e-15,9.094947017729282e-13,0.0,0.3109348557700426,3.934235739465782e-10,0.999999992236455,0.5,0.0,0.5,0.0,0.43280456731012773,3.9342357407280976e-10,0.999999992236455,4096,0,0,1.0,0.0,0.0,0,0.0,0.43280456731012773,0.0,0.43280456731012773,3.934235739465782e-10,0.9999999922364549,4096,0,0,1.0,0.0,0.0,0,0.0,0.43280456731012773,0.0,0.0671954326898723,3.68506036451983e-09,0.23216140905809526,4096,0,0,1.0,0.0,0.0,0,0.0,0.0671954326898723,0.0,0.3316063606842623,3.934235708922166e-09,0.0,0.0,6.938893903907228e-18
439,0.274375,2.3780435109147714e-15,9.166001291305292e-13,0.0,0.3108657718932595,4.068325353438792e-10,0.9999999919373199,0.5,0.0,0.5,0.0,0.4325973156797784,4.0683253546974863e-10,0.9999999919373199,4096,0,0,1.0,0.0,0.0,0,0.0,0.4325973156797784,0.0,0.4325973156797784,4.068325353438792e-10,0.9999999919373198,4096,0,0,1.0,0.0,0.0,0,0.0,0.4325973156797784,0.0,0.06740268432022162,3.827923429467487e-09,0.2324368043843331,4096,0,0,1.0,0.0,0.0,0,0.0,0.06740268432022162,0.0,0.3315983553668341,4.068325320637186e-09,0.0,0.0,0.0
440,0.275,2.3817380446902655e-15,9.166001291305292e-13,0.0,0.31079668999729143,4.2087590667855104e-10,0.9999999916234599,0.5,0.0,0.5,0.0,0.4323900699918742,4.208759068040572e-10,0.9999999916234599,4096,0,0,1.0,0.0,0.0,0,0.0,0.4323900699918742,0.0,0.4323900699918742,4.2087590667855104e-10,0.9999999916234598,4096,0,0,1.0,0.0,0.0,0,0.0,0.4323900699918742,0.0,0.06760993000812585,3.977831776008533e-09,0.2327113740012749,4096,0,0,1.0,0.0,0.0,0,0.0,0.06760993000812585,0.0,0.33158734547084734,4.208759031530671e-09,0.0,0.0,6.938893903907228e-18
441,0.275625,2.3861732532281645e-15,9.094947017729282e-13,0.0,0.31072761070770766,4.3558946668959383e-10,0.999999991294026,0.5,0.0,0.5,0.0,0.43218283212312303,4.355894668147356e-10,0.999999991294026,4096,0,0,1.0,0.0,0.0,0,0.0,0.43218283212312303,0.0,0.4321828321231231,4.3558946668959383e-10,0.9999999912940257,4096,0,0,1.0,0.0,0.0,0,0.0,0.4321828321231231,0.0,0.06781716787687696,4.135191980429128e-09,0.23298512649918682,4096,0,0,1.0,0.0,0.0,0,0.0,0.06781716787687696,0.0,0.331573334700786,4.355894628973632e-09,0.0,0.0,6.938893903907228e-18
442,0.27625,2.3902370519578728e-15,9.023892744153272e-13,0.0,0.31065853464929777,4.510109621157987e-10,0.99999999094812,0.5,0.0,0.5,0.0,0.43197560394789336,4.510109622405751e-10,0.99999999094812,4096,0,0,1.0,0.0,0.0,0,0.0,0.43197560394789336,0.0,0.43197560394789336,4.510109621157987e-10,0.9999999909481198,4096,0,0,1.0,0.0,0.0,0,0.0,0.43197560394789336,0.0,0.06802439605210668,4.300434233043571e-09,0.233258070326421,4096,0,0,1.0,0.0,0.0,0,0.0,0.06802439605210668,0.0,0.33155632683927316,4.510109580333016e-09,0.0,0.0,6.938893903907228e-18
443,0.276875,2.395844842947417e-15,9.094947017729282e-13,0.0,0.3105894624460549,4.671802055888096e-10,0.9999999905847919,0.5,0.0,0.5,0.0,0.4317683873381647,4.671802057132195e-10,0.9999999905847919,4096,0,0,1.0,0.0,0.0,0,0.0,0.4317683873381647,0.0,0.43176838733816475,4.671802055888096e-10,0.9999999905847917,4096,0,0,1.0,0.0,0.0,0,0.0,0.43176838733816475,0.0,0.06823161266183533,4.4740136119006006e-09,0.2335302137905492,4096,0,0,1.0,0.0,0.0,0,0.0,0.06823161266183533,0.0,0.3315363257475149,4.6718020119021084e-09,0.0,0.0,6.938893903907228e-18
444,0.2775,2.4016325730812985e-15,9.094947017729282e-13,0.0,0.3105203947211596,4.841391778362495e-10,0.9999999902030373,0.5,0.0,0.5,0.0,0.4315611841634788,4.84139177960292e-10,0.9999999902030373,4096,0,0,1.0,0.0,0.0,0,0.0,0.4315611841634788,0.0,0.4315611841634788,4.841391778362495e-10,0.9999999902030371,4096,0,0,1.0,0.0,0.0,0,0.0,0.4315611841634788,0.0,0.06843881583652126,4.656411418338019e-09,0.2338015650595416,4096,0,0,1.0,0.0,0.0,0,0.0,0.06843881583652126,0.0,0.33151333536574035,4.8413917309315605e-09,0.0,0.0,6.938893903907228e-18
445,0.278125,2.4059413695598708e-15,9.059419880941277e-13,2.220446049250313e-16,0.3104513320969633,5.019321343588397e-10,0.999999989801794,0.5,0.0,0.5000000000000001,2.220446049250313e-16,0.4313539962908899,5.019321344825138e-10,0.999999989801794,4096,0,0,1.0,0.0,0.0,0,0.0,0.4313539962908899,0.0,0.4313539962908899,5.019321343588397e-10,0.9999999898017938,4096,0,0,1.0,0.0,0.0,0,0.0,0.4313539962908899,0.0,0.06864600370911014,4.848136577028583e-09,0.23407213216298936,4096,0,0,1.0,0.0,0.0,0,0.0,0.06864600370911014,0.0,0.3314873597136385,5.0193212924003244e-09,0.0,0.0,0.0
446,0.27875,2.4088027909561463e-15,9.094947017729282e-13,0.0,0.3103822751949717,5.206057167505059e-10,0.9999999893799394,0.5,0.0,0.5,0.0,0.431146825584915,5.206057168738107e-10,0.9999999893799394,4096,0,0,1.0,0.0,0.0,0,0.0,0.431146825584915,0.0,0.431146825584915,5.206057167505059e-10,0.9999999893799392,4096,0,0,1.0,0.0,0.0,0,0.0,0.431146825584915,0.0,0.06885317441508501,5.049727103255514e-09,0.2343419229933682,4096,0,0,1.0,0.0,0.0,0,0.0,0.06885317441508501,0.0,0.3314584028907922,5.206057112216417e-09,0.0,0.0,0.0
447,0.279375,2.4135453283933033e-15,9.059419880941277e-13,2.220446049250313e-16,0.310313224635828,5.402090688356342e-10,0.9999999889362869,0.5000000000000001,2.220446049250313e-16,0.5,0.0,0.43093967390748383,5.402090689585688e-10,0.9999999889362869,4096,0,0,1.0,0.0,0.0,0,0.0,0.43093967390748383,0.0,0.4309396739074839,5.402090688356342e-10,0.9999999889362867,4096,0,0,1.0,0.0,0.0,0,0.0,0.4309396739074839,0.0,0.06906032609251617,5.261751640254058e-09,0.23461094530734158,4096,0,0,1.0,0.0,0.0,0,0.0,0.06906032609251617,0.0,0.33142646907710727,5.40209062858916e-09,0.0,0.0,6.938893903907228e-18
448,0.28,2.419295460198955e-15,9.166001291305292e-13,0.0,0.31024418103929613,5.607939578029154e-10,0.9999999884695832,0.5,0.0,0.5,0.0,0.43073254311788844,5.607939579254788e-10,0.9999999884695832,4096,0,0,1.0,0.0,0.0,0,0.0,0.43073254311788844,0.0,0.43073254311788844,5.607939578029154e-10,0.9999999884695829,4096,0,0,1.0,0.0,0.0,0,0.0,0.43073254311788844,0.0,0.06926745688211158,5.484811069556217e-09,0.2348792067271016,4096,0,0,1.0,0.0,0.0,0,0.0,0.06926745688211158,0.0,0.331391562533239,5.607939513367273e-09,0.0,0.0,3.469446951953614e-18
449,0.280625,2.423369246698092e-15,9.059419880941277e-13,2.220446049250313e-16,0.3101751450242442,5.824149005205979e-10,0.999999987978504,0.5000000000000001,2.220446049250313e-16,0.5,0.0,0.4305254350727326,5.824149006427895e-10,0.999999987978504,4096,0,0,1.0,0.0,0.0,0,0.0,0.4305254350727326,0.0,0.4305254350727326,5.824149005205979e-10,0.9999999879785038,4096,0,0,1.0,0.0,0.0,0,0.0,0.4305254350727326,0.0,0.06947456492726747,5.71954019737922e-09,0.23514671474174537,4096,0,0,1.0,0.0,0.0,0,0.0,0.06947456492726747,0.0,0.3313536876010128,5.824148935190995e-09,0.0,0.0,0.0
450,0.28125,2.4279253910046215e-15,9.094947017729282e-13,0.0,0.31010611720862696,6.051292952234561e-10,0.999999987461651,0.5,0.0,0.5,0.0,0.4303183516258808,6.05129295345275e-10,0.999999987461651,4096,0,0,1.0,0.0,0.0,0,0.0,0.4303183516258808,0.0,0.43031835162588083,6.051292952234561e-10,0.9999999874616508,4096,0,0,1.0,0.0,0.0,0,0.0,0.43031835162588083,0.0,0.06968164837411917,5.9666095202044764e-09,0.2354134767086853,4096,0,0,1.0,0.0,0.0,0,0.0,0.06968164837411917,0.0,0.3313128487038416,6.0512928763613385e-09,0.0,0.0,6.938893903907228e-18
451,0.281875,2.4314323507878414e-15,9.166001291305292e-13,0.0,0.3100370982094693,6.289975587673709e-10,0.9999999869175475,0.5,0.0,0.5,0.0,0.4301112946284078,6.289975588888163e-10,0.9999999869175475,4096,0,0,1.0,0.0,0.0,0,0.0,0.4301112946284078,0.0,0.4301112946284078,6.289975587673709e-10,0.9999999869175473,4096,0,0,1.0,0.0,0.0,0,0.0,0.4301112946284078,0.0,0.06988870537159224,6.226727072802687e-09,0.23567949985509154,4096,0,0,1.0,0.0,0.0,0,0.0,0.06988870537159224,0.0,0.3312690503471374,6.2899755053854024e-09,0.0,0.0,3.469446951953614e-18
452,0.28250000000000003,2.436251712393843e-15,9.272582701669307e-13,0.0,0.3099680886428487,6.540832696531173e-10,0.9999999863446353,0.5,0.0,0.5,0.0,0.42990426592854614,6.540832697741887e-10,0.9999999863446353,4096,0,0,1.0,0.0,0.0,0,0.0,0.42990426592854614,0.0,0.42990426592854614,6.540832696531173e-10,0.999999986344635,4096,0,0,1.0,0.0,0.0,0,0.0,0.42990426592854614,0.0,0.07009573407145386,6.500640362072523e-09,0.2359447912793647,4096,0,0,1.0,0.0,0.0,0,0.0,0.07009573407145386,0.0,0.33122229711871887,6.540832607213717e-09,0.0,0.0,6.938893903907228e-18
453,0.283125,2.4400368257012775e-15,9.272582701669307e-13,0.0,0.3098990891238785,6.804533170267547e-10,0.9999999857412691,0.5,0.0,0.5,0.0,0.42969726737163555,6.804533171474512e-10,0.9999999857412691,4096,0,0,1.0,0.0,0.0,0,0.0,0.42969726737163555,0.0,0.42969726737163555,6.804533170267547e-10,0.9999999857412689,4096,0,0,1.0,0.0,0.0,0,0.0,0.42969726737163555,0.0,0.07030273262836445,6.789138390174906e-09,0.23620935795263712,4096,0,0,1.0,0.0,0.0,0,0.0,0.07030273262836445,0.0,0.3311725936892125,6.804533073243539e-09,0.0,0.0,0.0
454,0.28375,2.4436930407631877e-15,9.166001291305292e-13,0.0,0.30983010026669017,7.081780558699171e-10,0.9999999851057136,0.5,0.0,0.5,0.0,0.42949030080007045,7.08178055990238e-10,0.9999999851057136,4096,0,0,1.0,0.0,0.0,0,0.0,0.42949030080007045,0.0,0.4294903008000704,7.081780558699171e-10,0.9999999851057134,4096,0,0,1.0,0.0,0.0,0,0.0,0.4294903008000704,0.0,0.0705096991999296,7.093053770562313e-09,0.23647320672030087,4096,0,0,1.0,0.0,0.0,0,0.0,0.0705096991999296,0.0,0.3311199448124489,7.081780453221103e-09,0.0,0.0,6.938893903907228e-18
455,0.284375,2.4477852485767056e-15,9.130474154517287e-13,0.0,0.30976112268441597,7.373314685993113e-10,0.9999999844361379,0.5,0.0,0.5,0.0,0.42928336805324796,7.373314687192562e-10,0.9999999844361379,4096,0,0,1.0,0.0,0.0,0,0.0,0.42928336805324796,0.0,0.429283368053248,7.373314685993113e-10,0.9999999844361377,4096,0,0,1.0,0.0,0.0,0,0.0,0.429283368053248,0.0,0.07071663194675205,7.413264940622928e-09,0.23673634430356127,4096,0,0,1.0,0.0,0.0,0,0.0,0.07071663194675205,0.0,0.3310643553258532,7.373314571235861e-09,0.0,0.0,3.469446951953614e-18
456,0.28500000000000003,2.4518618997931587e-15,9.130474154517287e-13,0.0,0.3096921569891719,7.67991333300838e-10,0.9999999837306109,0.5,0.0,0.5,0.0,0.4290764709675158,7.679913334204062e-10,0.9999999837306109,4096,0,0,1.0,0.0,0.0,0,0.0,0.4290764709675158,0.0,0.4290764709675158,7.67991333300838e-10,0.9999999837306107,4096,0,0,1.0,0.0,0.0,0,0.0,0.4290764709675158,0.0,0.07092352903248425,7.750698474782664e-09,0.23699877730101374,4096,0,0,1.0,0.0,0.0,0,0.0,0.07092352903248425,0.0,0.3310058301508292,7.679913208060882e-09,0.0,0.0,3.469446951953614e-18
457,0.285625,2.455911785618159e-15,9.130474154517287e-13,0.0,0.3096232037920397,8.002393988299602e-10,0.9999999829870968,0.5,0.0,0.5,0.0,0.42886961137611923,8.002393989491511e-10,0.9999999829870968,4096,0,0,1.0,0.0,0.0,0,0.0,0.42886961137611923,0.0,0.42886961137611923,8.002393988299602e-10,0.9999999829870966,4096,0,0,1.0,0.0,0.0,0,0.0,0.42886961137611923,0.0,0.0711303886238808,8.106331502034305e-09,0.23726051219024274,4096,0,0,1.0,0.0,0.0,0,0.0,0.0711303886238808,0.0,0.330944374293137,8.002393852155648e-09,0.0,0.0,6.938893903907228e-18
458,0.28625,2.460802109010848e-15,9.201528428093297e-13,0.0,0.30955426370304956,8.341615670162567e-10,0.9999999822034492,0.5,0.0,0.5,0.0,0.4286627911091487,8.341615671350698e-10,0.9999999822034492,4096,0,0,1.0,0.0,0.0,0,0.0,0.4286627911091487,0.0,0.4286627911091486,8.341615670162567e-10,0.999999982203449,4096,0,0,1.0,0.0,0.0,0,0.0,0.4286627911091486,0.0,0.07133720889085142,8.48119423199217e-09,0.2375215553294412,4096,0,0,1.0,0.0,0.0,0,0.0,0.07133720889085142,0.0,0.3308799928432649,8.34161552171058e-09,0.0,0.0,3.469446951953614e-18
459,0.286875,2.464596508192739e-15,9.237055564881302e-13,0.0,0.30948533733116207,8.697114354941412e-10,0.999999981377406,0.5,0.0,0.5,0.0,0.42845601199348615,8.697114356138206e-10,0.999999981377406,4096,0,0,1.0,0.0,0.0,0,0.0,0.42845601199348615,0.0,0.42845601199348615,8.697114354941412e-10,0.9999999813774058,4096,0,0,1.0,0.0,0.0,0,0.0,0.42845601199348615,0.0,0.07154398800651388,8.876372593702824e-09,0.23778191295904866,4096,0,0,1.0,0.0,0.0,0,0.0,0.07154398800651388,0.0,0.3308126909767933,8.697114191302876e-09,0.0,0.0,3.469446951953614e-18
460,0.28750000000000003,2.468268402843215e-15,9.094947017729282e-13,0.0,0.3094164252842509,8.941595111839746e-10,0.9999999805710247,0.5,0.0,0.5,0.0,0.4282492758527526,8.941595113032685e-10,0.9999999805710247,4096,0,0,1.0,0.0,0.0,0,0.0,0.4282492758527526,0.0,0.4282492758527526,8.941595111839746e-10,0.999999980571024,4096,0,0,1.0,0.0,0.0,0,0.0,0.4282492758527526,0.0,0.07175072414724745,9.267407441418988e-09,0.23804159120340707,4096,0,0,1.0,0.0,0.0,0,0.0,0.07175072414724745,0.0,0.3307424739547524,8.941594938113715e-09,0.0,0.0,3.469446951953614e-18
461,0.288125,2.472624188439434e-15,9.023892744153272e-13,0.0,0.30934752816908456,9.196331846290341e-10,0.9999999799306395,0.5,0.0,0.5,0.0,0.42804258450725374,9.196331847479419e-10,0.9999999799306395,4096,0,0,1.0,0.0,0.0,0,0.0,0.42804258450725374,0.0,0.4280425845072537,9.196331846290341e-10,0.9999999799306388,4096,0,0,1.0,0.0,0.0,0,0.0,0.4280425845072537,0.0,0.07195741549274631,9.574863184632744e-09,0.2383005960724324,4096,0,0,1.0,0.0,0.0,0,0.0,0.07195741549274631,0.0,0.3306693471239724,9.196331661725842e-09,0.0,0.0,3.469446951953614e-18
462,0.28875,2.4760906032031155e-15,9.059419880941277e-13,2.220446049250313e-16,0.30927864659130894,9.461874420520177e-10,0.9999999792621366,0.5,0.0,0.5000000000000001,2.220446049250313e-16,0.42783593977392675,9.461874421705389e-10,0.9999999792621366,4096,0,0,1.0,0.0,0.0,0,0.0,0.42783593977392675,0.0,0.42783593977392675,9.461874420520177e-10,0.9999999792621359,4096,0,0,1.0,0.0,0.0,0,0.0,0.42783593977392675,0.0,0.0721640602260733,9.895837540627417e-09,0.23855893346330073,4096,0,0,1.0,0.0,0.0,0,0.0,0.0721640602260733,0.0,0.3305933159174258,9.461874224301119e-09,0.0,0.0,1.0408340855860843e-17
463,0.289375,2.4796684186950456e-15,8.988365607365267e-13,0.0,0.3092097811554287,9.738801439481444e-10,0.9999999785639967,0.5,0.0,0.5,0.0,0.4276293434662861,9.738801440662784e-10,0.9999999785639967,4096,0,0,1.0,0.0,0.0,0,0.0,0.4276293434662861,0.0,0.4276293434662861,9.738801439481444e-10,0.999999978563996,4096,0,0,1.0,0.0,0.0,0,0.0,0.4276293434662861,0.0,0.07237065653371388,1.0231061120018527e-08,0.2388166091621476,4096,0,0,1.0,0.0,0.0,0,0.0,0.07237065653371388,0.0,0.3305143858545623,9.738801230720464e-09,0.0,0.0,6.938893903907228e-18
464,0.29,2.483112953286826e-15,9.023892744153272e-13,0.0,0.30914093246478996,1.002772159038356e-09,0.9999999778346177,0.5,0.0,0.5,0.0,0.42742279739436984,1.0027721591561022e-09,0.9999999778346177,4096,0,0,1.0,0.0,0.0,0,0.0,0.42742279739436984,0.0,0.4274227973943698,1.002772159038356e-09,0.999999977834617,4096,0,0,1.0,0.0,0.0,0,0.0,0.4274227973943698,0.0,0.07257720260563025,1.0581304619624675e-08,0.2390736288457789,4096,0,0,1.0,0.0,0.0,0,0.0,0.07257720260563025,0.0,0.3304325625416354,1.0027721368115277e-08,0.0,0.0,6.938893903907228e-18
465,0.290625,2.4861499567304196e-15,8.988365607365267e-13,0.0,0.3090721011215614,1.0329275036948455e-09,0.9999999770723099,0.5,0.0,0.5,0.0,0.42721630336468425,1.0329275038122038e-09,0.9999999770723099,4096,0,0,1.0,0.0,0.0,0,0.0,0.42721630336468425,0.0,0.42721630336468425,1.0329275036948455e-09,0.9999999770723093,4096,0,0,1.0,0.0,0.0,0,0.0,0.42721630336468425,0.0,0.07278369663531581,1.0947380848336805e-08,0.23932999808339253,4096,0,0,1.0,0.0,0.0,0,0.0,0.07278369663531581,0.0,0.33034785167202096,1.0329274800122038e-08,0.0,0.0,0.0
466,0.29125,2.490812629321809e-15,9.059419880941277e-13,2.220446049250313e-16,0.30900328772671687,1.0644134870301634e-09,0.9999999762752919,0.5,0.0,0.5000000000000001,2.220446049250313e-16,0.42700986318015055,1.0644134871471331e-09,0.9999999762752919,4096,0,0,1.0,0.0,0.0,0,0.0,0.42700986318015055,0.0,0.42700986318015055,1.0644134870301634e-09,0.9999999762752912,4096,0,0,1.0,0.0,0.0,0,0.0,0.42700986318015055,0.0,0.07299013681984953,1.1330146844308062e-08,0.23958572233830877,4096,0,0,1.0,0.0,0.0,0,0.0,0.07299013681984953,0.0,0.3302602590265267,1.0644134617772641e-08,0.0,0.0,3.469446951953614e-18
467,0.291875,2.4940415590635664e-15,9.023892744153272e-13,0.0,0.3089344928800164,1.0973008618464508e-09,0.9999999754416861,0.5,0.0,0.5,0.0,0.42680347864004925,1.0973008619630318e-09,0.9999999754416861,4096,0,0,1.0,0.0,0.0,0,0.0,0.42680347864004925,0.0,0.4268034786400492,1.0973008618464508e-09,0.9999999754416854,4096,0,0,1.0,0.0,0.0,0,0.0,0.4268034786400492,0.0,0.07319652135995083,1.1730506087050508e-08,0.23984080696970878,4096,0,0,1.0,0.0,0.0,0,0.0,0.07319652135995083,0.0,0.3301697904736939,1.0973008348985917e-08,0.0,0.0,3.469446951953614e-18
468,0.2925,2.498223074373534e-15,8.917311333789257e-13,2.220446049250313e-16,0.3088657171799885,1.131663981646744e-09,0.9999999745695135,0.5000000000000001,2.220446049250313e-16,0.5000000000000001,2.220446049250313e-16,0.4265971515399656,1.1316639817629359e-09,0.9999999745695135,4096,0,0,1.0,0.0,0.0,0,0.0,0.4265971515399656,0.0,0.4265971515399656,1.131663981646744e-09,0.9999999745695128,4096,0,0,1.0,0.0,0.0,0,0.0,0.4265971515399656,0.0,0.07340284846003445,1.2149410808141756e-08,0.24009525723437958,4096,0,0,1.0,0.0,0.0,0,0.0,0.07340284846003445,0.0,0.3300764519700889,1.1316639528679785e-08,0.0,0.0,6.938893903907228e-18
469,0.293125,2.5038752537669525e-15,8.846257060213247e-13,0.0,0.3087969612239115,1.1675809639157636e-09,0.9999999736566894,0.5,0.0,0.5,0.0,0.4263908836717344,1.167580964031566e-09,0.9999999736566894,4096,0,0,1.0,0.0,0.0,0,0.0,0.4263908836717344,0.0,0.4263908836717344,1.1675809639157636e-09,0.9999999736566887,4096,0,0,1.0,0.0,0.0,0,0.0,0.4263908836717344,0.0,0.07360911632826561,1.258786440436415e-08,0.24034907828846455,4096,0,0,1.0,0.0,0.0,0,0.0,0.07360911632826561,0.0,0.32998024956058625,1.1675809331578156e-08,0.0,0.0,3.469446951953614e-18
470,0.29375,2.5088077463087445e-15,8.846257060213247e-13,0.0,0.30872822560779495,1.2051338598831727e-09,0.9999999727010174,0.5,0.0,0.5,0.0,0.42618467682338484,1.2051338599985853e-09,0.9999999727010174,4096,0,0,1.0,0.0,0.0,0,0.0,0.42618467682338484,0.0,0.42618467682338484,1.2051338598831727e-09,0.9999999727010167,4096,0,0,1.0,0.0,0.0,0,0.0,0.42618467682338484,0.0,0.07381532317661518,1.3046923957221483e-08,0.24060227518921795,4096,0,0,1.0,0.0,0.0,0,0.0,0.07381532317661518,0.0,0.3298811893786423,1.2051338269842444e-08,0.0,0.0,0.0
471,0.294375,2.512311888560691e-15,8.881784197001252e-13,0.0,0.3086595109263616,1.2444088309879386e-09,0.9999999717001846,0.5,0.0,0.5,0.0,0.4259785327790848,1.2444088311029612e-09,0.9999999717001846,4096,0,0,1.0,0.0,0.0,0,0.0,0.4259785327790848,0.0,0.4259785327790848,1.2444088309879386e-09,0.999999971700184,4096,0,0,1.0,0.0,0.0,0,0.0,0.4259785327790848,0.0,0.07402146722091524,1.35277028629033e-08,0.24085485289676262,4096,0,0,1.0,0.0,0.0,0,0.0,0.07402146722091524,0.0,0.32977927764655857,1.2444087957713983e-08,0.0,0.0,0.0
472,0.295,2.516501879226182e-15,8.917311333789257e-13,0.0,0.3085908177730285,1.2854963322681674e-09,0.9999999706517557,0.5,0.0,0.5,0.0,0.4257724533190854,1.2854963323827996e-09,0.9999999706517557,4096,0,0,1.0,0.0,0.0,0,0.0,0.4257724533190854,0.0,0.4257724533190854,1.2854963322681674e-09,0.999999970651755,4096,0,0,1.0,0.0,0.0,0,0.0,0.4257724533190854,0.0,0.07422754668091458,1.4031373576894854e-08,0.24110681627584968,4096,0,0,1.0,0.0,0.0,0,0.0,0.07422754668091458,0.0,0.3296745206757359,1.2854962945411069e-08,0.0,0.0,3.469446951953614e-18
473,0.295625,2.520300345176522e-15,8.846257060213247e-13,0.0,0.3085221467398885,1.3284913029066025e-09,0.999999969553167,0.5,0.0,0.5,0.0,0.42556644021966544,1.3284913030208442e-09,0.999999969553167,4096,0,0,1.0,0.0,0.0,0,0.0,0.42556644021966544,0.0,0.42556644021966544,1.3284913029066025e-09,0.9999999695531663,4096,0,0,1.0,0.0,0.0,0,0.0,0.42556644021966544,0.0,0.07443355978033461,1.4559170477561472e-08,0.24135817009761887,4096,0,0,1.0,0.0,0.0,0,0.0,0.07443355978033461,0.0,0.32956692486691797,1.3284912624582497e-08,0.0,0.0,0.0
474,0.29625,2.5254467112964304e-15,8.739675649849232e-13,0.0,0.30845349841769165,1.373493364167882e-09,0.9999999684017201,0.5,0.0,0.5,0.0,0.42536049525307496,1.373493364281733e-09,0.9999999684017201,4096,0,0,1.0,0.0,0.0,0,0.0,0.42536049525307496,0.0,0.42536049525307496,1.373493364167882e-09,0.9999999684017195,4096,0,0,1.0,0.0,0.0,0,0.0,0.42536049525307496,0.0,0.0746395047469251,1.5112392853169727e-08,0.24160891904135892,4096,0,0,1.0,0.0,0.0,0,0.0,0.0746395047469251,0.0,0.3294564967104248,1.3734933207678541e-08,0.0,0.0,6.938893903907228e-18
475,0.296875,2.5291509923838784e-15,8.704148513061227e-13,0.0,0.30838487339582654,1.4206070249696317e-09,0.9999999671945761,0.5,0.0,0.5,0.0,0.4251546201874796,1.420607025083092e-09,0.9999999671945761,4096,0,0,1.0,0.0,0.0,0,0.0,0.4251546201874796,0.0,0.4251546201874796,1.4206070249696317e-09,0.9999999671945754,4096,0,0,1.0,0.0,0.0,0,0.0,0.4251546201874796,0.0,0.07484537981252037,1.569240801694423e-08,0.24185906769626642,4096,0,0,1.0,0.0,0.0,0,0.0,0.07484537981252037,0.0,0.3293432427863753,1.420606978366016e-08,0.0,0.0,3.469446951953614e-18
476,0.2975,2.5328493401404554e-15,8.739675649849232e-13,0.0,0.3083162722623015,1.4699418953355366e-09,0.9999999659287481,0.5,0.0,0.5,0.0,0.42494881678690455,1.4699418954486057e-09,0.9999999659287481,4096,0,0,1.0,0.0,0.0,0,0.0,0.42494881678690455,0.0,0.4249488167869046,1.4699418953355366e-09,0.9999999659287474,4096,0,0,1.0,0.0,0.0,0,0.0,0.4249488167869046,0.0,0.07505118321309542,1.6300654554898153e-08,0.24210862056320256,4096,0,0,1.0,0.0,0.0,0,0.0,0.07505118321309542,0.0,0.3292271697648995,1.469941845252776e-08,0.0,0.0,0.0
477,0.29812500000000003,2.5382428753424334e-15,8.704148513061227e-13,0.0,0.3082476956037259,1.521612907984669e-09,0.9999999646010947,0.5,0.0,0.5,0.0,0.42474308681117773,1.521612908097347e-09,0.9999999646010947,4096,0,0,1.0,0.0,0.0,0,0.0,0.42474308681117773,0.0,0.42474308681117773,1.521612907984669e-09,0.9999999646010941,4096,0,0,1.0,0.0,0.0,0,0.0,0.42474308681117773,0.0,0.07525691318882227,1.6938645711317758e-08,0.24235758205644664,4096,0,0,1.0,0.0,0.0,0,0.0,0.07525691318882227,0.0,0.32910828440633955,1.5216128541212376e-08,0.0,0.0,3.469446951953614e-18
478,0.29875,2.542467945560694e-15,8.704148513061227e-13,0.0,0.30817914400529123,1.5757405483175754e-09,0.9999999632083127,0.5,0.0,0.5,0.0,0.4245374320158737,1.5757405484298623e-09,0.9999999632083127,4096,0,0,1.0,0.0,0.0,0,0.0,0.4245374320158737,0.0,0.4245374320158737,1.5757405483175754e-09,0.9999999632083121,4096,0,0,1.0,0.0,0.0,0,0.0,0.4245374320158737,0.0,0.07546256798412637,1.760797291692619e-08,0.24260595650544522,4096,0,0,1.0,0.0,0.0,0,0.0,0.07546256798412637,0.0,0.32898659356143933,1.575740490343422e-08,0.0,0.0,0.0
479,0.299375,2.546236119679641e-15,8.704148513061227e-13,0.0,0.3081106180507523,1.6324510930659034e-09,0.9999999617469291,0.5,0.0,0.5,0.0,0.4243318541522568,1.632451093177799e-09,0.9999999617469291,4096,0,0,1.0,0.0,0.0,0,0.0,0.4243318541522568,0.0,0.4243318541522568,1.6324510930659034e-09,0.9999999617469284,4096,0,0,1.0,0.0,0.0,0,0.0,0.4243318541522568,0.0,0.07566814584774322,1.8310309464899697e-08,0.2428537481565563,4096,0,0,1.0,0.0,0.0,0,0.0,0.07566814584774322,0.0,0.32886210417152306,1.632451030619636e-08,0.0,0.0,3.469446951953614e-18
480,0.3,2.5513273630007733e-15,8.775202786637237e-13,0.0,0.30804211832240835,1.6918768578787179e-09,0.9999999602132935,0.5,0.0,0.5,0.0,0.42412635496722506,1.6918768579902222e-09,0.9999999602132935,4096,0,0,1.0,0.0,0.0,0,0.0,0.42412635496722506,0.0,0.4241263549672251,1.6918768578787179e-09,0.9999999602132928,4096,0,0,1.0,0.0,0.0,0,0.0,0.4241263549672251,0.0,0.07587364503277494,1.9047414340060165e-08,0.24310096117478736,4096,0,0,1.0,0.0,0.0,0,0.0,0.07587364503277494,0.0,0.3287348232686624,1.69187679056451e-08,0.0,0.0,0.0
481,0.30062500000000003,2.555073572845379e-15,8.775202786637237e-13,0.0,0.30797364540108435,1.7541564541250798e-09,0.9999999586035702,0.5,0.0,0.5,0.0,0.42392093620325283,1.7541564542361927e-09,0.9999999586035702,4096,0,0,1.0,0.0,0.0,0,0.0,0.42392093620325283,0.0,0.4239209362032529,1.7541564541250798e-09,0.9999999586035695,4096,0,0,1.0,0.0,0.0,0,0.0,0.4239209362032529,0.0,0.07607906379674717,1.98211362067214e-08,0.24334759964552644,4096,0,0,1.0,0.0,0.0,0,0.0,0.07607906379674717,0.0,0.3286047579758308,1.7541563815092654e-08,0.0,0.0,3.469446951953614e-18
482,0.30125,2.5582639120661777e-15,8.775202786637237e-13,0.0,0.30790519986611137,1.8194350551989544e-09,0.9999999569137289,0.5,0.0,0.5,0.0,0.42371559959833427,1.8194350553096758e-09,0.9999999569137289,4096,0,0,1.0,0.0,0.0,0,0.0,0.42371559959833427,0.0,0.42371559959833416,1.8194350551989544e-09,0.9999999569137282,4096,0,0,1.0,0.0,0.0,0,0.0,0.42371559959833416,0.0,0.07628440040166579,2.0633417560823093e-08,0.2435936675762656,4096,0,0,1.0,0.0,0.0,0,0.0,0.07628440040166579,0.0,0.328471915507047,1.8194349768062824e-08,0.0,0.0,6.938893903907228e-18
483,0.301875,2.5626763600944593e-15,8.739675649849232e-13,0.0,0.3078367822953087,1.8878646726190772e-09,0.9999999551395363,0.5,0.0,0.5,0.0,0.42351034688592604,1.8878646727294074e-09,0.9999999551395363,4096,0,0,1.0,0.0,0.0,0,0.0,0.42351034688592604,0.0,0.42351034688592604,1.8878646726190772e-09,0.9999999551395357,4096,0,0,1.0,0.0,0.0,0,0.0,0.42351034688592604,0.0,0.07648965311407396,2.1486299052145526e-08,0.2438391688983157,4096,0,0,1.0,0.0,0.0,0,0.0,0.07648965311407396,0.0,0.32833630316750645,1.8878645879285926e-08,0.0,0.0,3.469446951953614e-18
484,0.3025,2.56652877527608e-15,8.775202786637237e-13,0.0,0.3077683932649637,1.9596044422230178e-09,0.9999999532765467,0.5,0.0,0.5,0.0,0.42330517979489096,1.9596044423329567e-09,0.9999999532765467,4096,0,0,1.0,0.0,0.0,0,0.0,0.42330517979489096,0.0,0.42330517979489096,1.9596044422230178e-09,0.999999953276546,4096,0,0,1.0,0.0,0.0,0,0.0,0.42330517979489096,0.0,0.0766948202051091,2.238192398256032e-08,0.2440841074685116,4096,0,0,1.0,0.0,0.0,0,0.0,0.0766948202051091,0.0,0.32819792835369854,1.959604350663531e-08,0.0,0.0,3.469446951953614e-18
485,0.30312500000000003,2.570646308802019e-15,8.775202786637237e-13,2.220446049250313e-16,0.30770003334981333,2.0320557091240007e-09,0.9999999513200922,0.5000000000000001,2.220446049250313e-16,0.5,0.0,0.42310010004944004,2.032055709234701e-09,0.9999999513200922,4096,0,0,1.0,0.0,0.0,0,0.0,0.42310010004944004,0.0,0.42310010004944,2.0320557091240007e-09,0.9999999513200916,4096,0,0,1.0,0.0,0.0,0,0.0,0.42310010004944,0.0,0.07689989995056001,2.3322542986437206e-08,0.2443284870709076,4096,0,0,1.0,0.0,0.0,0,0.0,0.07689989995056001,0.0,0.3280567985535138,2.032055609136345e-08,0.0,0.0,6.938893903907228e-18
486,0.30375,2.57472973663085e-15,8.846257060213247e-13,0.0,0.30763170312302535,2.0826463368276903e-09,0.9999999493540698,0.5,0.0,0.5,0.0,0.42289510936907604,2.082646336937993e-09,0.9999999493540698,4096,0,0,1.0,0.0,0.0,0,0.0,0.42289510936907604,0.0,0.42289510936907604,2.0826463368276903e-09,0.9999999493540696,4096,0,0,1.0,0.0,0.0,0,0.0,0.42289510936907604,0.0,0.07710489063092396,2.4281641405986783e-08,0.24457231141846145,4096,0,0,1.0,0.0,0.0,0,0.0,0.07710489063092396,0.0,0.32791292134633643,2.082646231350129e-08,0.0,0.0,3.469446951953614e-18
487,0.304375,2.5778954391227452e-15,8.846257060213247e-13,2.220446049250313e-16,0.3075634031561787,2.1352402525826744e-09,0.9999999478548879,0.5,0.0,0.5000000000000001,2.220446049250313e-16,0.422690209468536,2.13524025269258e-09,0.9999999478548879,4096,0,0,1.0,0.0,0.0,0,0.0,0.422690209468536,0.0,0.422690209468536,2.1352402525826744e-09,0.9999999478548877,4096,0,0,1.0,0.0,0.0,0,0.0,0.422690209468536,0.0,0.07730979053146401,2.5004935387512525e-08,0.24481558415470706,4096,0,0,1.0,0.0,0.0,0,0.0,0.07730979053146401,0.0,0.32776630440312504,2.1352401412403322e-08,0.0,0.0,3.469446951953614e-18
488,0.305,2.5844724495983108e-15,8.775202786637237e-13,0.0,0.30749513401924466,2.189939633992721e-09,0.9999999462942967,0.5,0.0,0.5,0.0,0.4224854020577339,2.189939634102229e-09,0.9999999462942967,4096,0,0,1.0,0.0,0.0,0,0.0,0.4224854020577339,0.0,0.4224854020577339,2.189939633992721e-09,0.9999999462942964,4096,0,0,1.0,0.0,0.0,0,0.0,0.4224854020577339,0.0,0.07751459794226619,2.5757881306778115e-08,0.24505830885541469,4096,0,0,1.0,0.0,0.0,0,0.0,0.07751459794226619,0.0,0.32761695548647984,2.1899395163804727e-08,0.0,0.0,3.469446951953614e-18
489,0.305625,2.588776976868645e-15,8.739675649849232e-13,0.0,0.30742689628056774,2.246851610122341e-09,0.9999999446691599,0.5,0.0,0.5,0.0,0.4222806888417032,2.2468516102314516e-09,0.9999999446691599,4096,0,0,1.0,0.0,0.0,0,0.0,0.4222806888417032,0.0,0.4222806888417033,2.246851610122341e-09,0.9999999446691596,4096,0,0,1.0,0.0,0.0,0,0.0,0.4222806888417033,0.0,0.07771931115829675,2.6541993702326412e-08,0.24530048903023804,4096,0,0,1.0,0.0,0.0,0,0.0,0.07771931115829675,0.0,0.32746488245069705,2.2468514858021537e-08,0.0,0.0,6.938893903907228e-18
490,0.30625,2.5927534711904652e-15,8.739675649849232e-13,0.0,0.3073586905068468,2.306088472049033e-09,0.9999999429761812,0.5,0.0,0.5,0.0,0.42207607152054044,2.306088472157746e-09,0.9999999429761812,4096,0,0,1.0,0.0,0.0,0,0.0,0.42207607152054044,0.0,0.4220760715205404,2.306088472049033e-09,0.999999942976181,4096,0,0,1.0,0.0,0.0,0,0.0,0.4220760715205404,0.0,0.07792392847945963,2.7358864579313374e-08,0.24554212812434775,4096,0,0,1.0,0.0,0.0,0,0.0,0.07792392847945963,0.0,0.32731009324180904,2.3060883405470618e-08,0.0,0.0,3.469446951953614e-18
491,0.306875,2.5963145888950194e-15,8.739675649849232e-13,0.0,0.30729051726311546,2.367767891184494e-09,0.999999941211897,0.5,0.0,0.5,0.0,0.4218715517893464,2.3677678912928096e-09,0.999999941211897,4096,0,0,1.0,0.0,0.0,0,0.0,0.4218715517893464,0.0,0.4218715517893464,2.367767891184494e-09,0.9999999412118967,4096,0,0,1.0,0.0,0.0,0,0.0,0.4218715517893464,0.0,0.07812844821065364,2.8210167008993395e-08,0.24578322952005036,4096,0,0,1.0,0.0,0.0,0,0.0,0.07812844821065364,0.0,0.3271525958976119,2.3677677519879112e-08,0.0,0.0,0.0
492,0.3075,2.600338518846721e-15,8.739675649849232e-13,2.220446049250313e-16,0.3072223771127234,2.432013145605773e-09,0.999999939372668,0.5000000000000001,2.220446049250313e-16,0.5000000000000001,2.220446049250313e-16,0.42166713133817013,2.432013145713691e-09,0.999999939372668,4096,0,0,1.0,0.0,0.0,0,0.0,0.42166713133817013,0.0,0.42166713133817013,2.432013145605773e-09,0.9999999393726677,4096,0,0,1.0,0.0,0.0,0,0.0,0.42166713133817013,0.0,0.07833286866182992,2.9097658875753214e-08,0.2460237965383924,4096,0,0,1.0,0.0,0.0,0,0.0,0.07833286866182992,0.0,0.32699239854767914,2.432012998159304e-08,0.0,0.0,3.469446951953614e-18
493,0.308125,2.6032368676515104e-15,8.739675649849232e-13,0.0,0.3071542706173169,2.498953354642965e-09,0.999999937454672,0.5,0.0,0.5,0.0,0.4214628118519507,2.498953354750486e-09,0.999999937454672,4096,0,0,1.0,0.0,0.0,0,0.0,0.4214628118519507,0.0,0.4214628118519507,2.498953354642965e-09,0.9999999374546718,4096,0,0,1.0,0.0,0.0,0,0.0,0.4214628118519507,0.0,0.07853718814804932,3.002318677688653e-08,0.24626383244074887,4096,0,0,1.0,0.0,0.0,0,0.0,0.07853718814804932,0.0,0.326829509413361,2.4989531983451078e-08,0.0,0.0,6.938893903907228e-18
494,0.30875,2.6070901563111408e-15,8.739675649849232e-13,0.0,0.3070861983368202,2.5687237219757356e-09,0.999999935453895,0.5,0.0,0.5,0.0,0.4212585950104605,2.5687237220828596e-09,0.999999935453895,4096,0,0,1.0,0.0,0.0,0,0.0,0.4212585950104605,0.0,0.4212585950104605,2.5687237219757356e-09,0.9999999354538948,4096,0,0,1.0,0.0,0.0,0,0.0,0.4212585950104605,0.0,0.07874140498953963,3.0988690080447934e-08,0.2465033404303955,4096,0,0,1.0,0.0,0.0,0,0.0,0.07874140498953963,0.0,0.32666393680777017,2.5687235561746244e-08,0.0,0.0,3.469446951953614e-18
495,0.309375,2.6105271564849576e-15,8.810729923425242e-13,2.220446049250313e-16,0.30701816082941574,2.6414657874967e-09,0.9999999333661228,0.5000000000000001,2.220446049250313e-16,0.5,0.0,0.42105448248824706,2.6414657876034274e-09,0.9999999333661228,4096,0,0,1.0,0.0,0.0,0,0.0,0.42105448248824706,0.0,0.421054482488247,2.6414657874967e-09,0.9999999333661226,4096,0,0,1.0,0.0,0.0,0,0.0,0.421054482488247,0.0,0.07894551751175302,3.1996205146674104e-08,0.2467423236540644,4096,0,0,1.0,0.0,0.0,0,0.0,0.07894551751175302,0.0,0.3264956891357538,2.641465611485593e-08,0.0,0.0,3.469446951953614e-18
496,0.31,2.615388054053303e-15,8.668621376273222e-13,0.0,0.30695015865152553,2.7173276882054796e-09,0.9999999311869318,0.5,0.0,0.5,0.0,0.42085047595457664,2.7173276883118104e-09,0.9999999311869318,4096,0,0,1.0,0.0,0.0,0,0.0,0.42085047595457664,0.0,0.4208504759545766,2.7173276882054796e-09,0.9999999311869315,4096,0,0,1.0,0.0,0.0,0,0.0,0.4208504759545766,0.0,0.07914952404542344,3.304786971861206e-08,0.2469807852034822,4096,0,0,1.0,0.0,0.0,0,0.0,0.07914952404542344,0.0,0.32632477489385014,2.717327501217824e-08,0.0,0.0,3.469446951953614e-18
497,0.310625,2.619410049080644e-15,8.597567102697212e-13,0.0,0.3068821923577922,2.7964644284031057e-09,0.9999999289116794,0.5,0.0,0.5,0.0,0.4206465770733764,2.79646442850904e-09,0.9999999289116794,4096,0,0,1.0,0.0,0.0,0,0.0,0.4206465770733764,0.0,0.4206465770733763,2.7964644284031057e-09,0.9999999289116792,4096,0,0,1.0,0.0,0.0,0,0.0,0.4206465770733763,0.0,0.07935342292662369,3.4145927487748835e-08,0.24721872811689077,4096,0,0,1.0,0.0,0.0,0,0.0,0.07935342292662369,0.0,0.32615120267023245,2.7964642296071457e-08,0.0,0.0,6.938893903907228e-18
498,0.31125,2.6224497378569867e-15,8.597567102697212e-13,0.0,0.30681426250105903,2.8790381594623343e-09,0.999999926535495,0.5,0.0,0.5,0.0,0.42044278750317715,2.879038159567873e-09,0.999999926535495,4096,0,0,1.0,0.0,0.0,0,0.0,0.42044278750317715,0.0,0.4204427875031771,2.8790381594623343e-09,0.9999999265354947,4096,0,0,1.0,0.0,0.0,0,0.0,0.4204427875031771,0.0,0.07955721249682286,3.529273284059404e-08,0.24745615538054924,4096,0,0,1.0,0.0,0.0,0,0.0,0.07955721249682286,0.0,0.3259749811446365,2.879037947955221e-08,0.0,0.0,6.938893903907228e-18
499,0.311875,2.625551009978036e-15,8.668621376273222e-13,0.0,0.30674636963235224,2.9652184694553837e-09,0.9999999240532688,0.5,0.0,0.5,0.0,0.4202391088970566,2.9652184695605266e-09,0.9999999240532688,4096,0,0,1.0,0.0,0.0,0,0.0,0.4202391088970566,0.0,0.42023910889705657,2.9652184694553837e-09,0.9999999240532685,4096,0,0,1.0,0.0,0.0,0,0.0,0.42023910889705657,0.0,0.07976089110294346,3.6490755792326514e-08,0.2476930699302176,4096,0,0,1.0,0.0,0.0,0,0.0,0.07976089110294346,0.0,0.3257961190882753,2.9652182442567335e-08,0.0,0.0,0.0
500,0.3125,2.6288638289329102e-15,8.597567102697212e-13,2.220446049250313e-16,0.3066785143008605,3.055182682926583e-09,0.9999999214596419,0.5,0.0,0.5000000000000001,2.220446049250313e-16,0.42003554290258144,3.055182683031331e-09,0.9999999214596419,4096,0,0,1.0,0.0,0.0,0,0.0,0.42003554290258144,0.0,0.42003554290258155,3.055182682926583e-09,0.9999999214596417,4096,0,0,1.0,0.0,0.0,0,0.0,0.42003554290258155,0.0,0.07996445709741856,3.774258711377863e-08,0.24792947465262094,4096,0,0,1.0,0.0,0.0,0,0.0,0.07996445709741856,0.0,0.32561462536373786,3.055182442971441e-08,0.0,0.0,0.0
501,0.313125,2.6319852599157856e-15,8.597567102697212e-13,0.0,0.306610697053917,3.1491161711034586e-09,0.9999999187489953,0.5,0.0,0.5,0.0,0.41983209116175113,3.1491161712078116e-09,0.9999999187489953,4096,0,0,1.0,0.0,0.0,0,0.0,0.41983209116175113,0.0,0.41983209116175113,3.1491161711034586e-09,0.9999999187489951,4096,0,0,1.0,0.0,0.0,0,0.0,0.41983209116175113,0.0,0.0801679088382489,3.9050943658196555e-08,0.24816537238689382,4096,0,0,1.0,0.0,0.0,0,0.0,0.0801679088382489,0.0,0.32543050892487335,3.149115915234606e-08,0.0,0.0,3.469446951953614e-18
502,0.31375000000000003,2.6366041926543327e-15,8.562039965909207e-13,0.0,0.30654291843698006,3.247212672845837e-09,0.9999999159154384,0.5,0.0,0.5,0.0,0.41962875531094024,3.2472126729497952e-09,0.9999999159154384,4096,0,0,1.0,0.0,0.0,0,0.0,0.41962875531094024,0.0,0.41962875531094024,3.247212672845837e-09,0.9999999159154381,4096,0,0,1.0,0.0,0.0,0,0.0,0.41962875531094024,0.0,0.08037124468905979,4.041867389438226e-08,0.24840076592600485,4096,0,0,1.0,0.0,0.0,0,0.0,0.08037124468905979,0.0,0.3252437788166612,3.2472123998053824e-08,0.0,0.0,1.0408340855860843e-17
503,0.314375,2.640927770931508e-15,8.562039965909207e-13,0.0,0.30647517899361393,3.3496746266386463e-09,0.9999999129527969,0.5,0.0,0.5,0.0,0.41942553698084184,3.34967462674221e-09,0.9999999129527969,4096,0,0,1.0,0.0,0.0,0,0.0,0.41942553698084184,0.0,0.4194255369808419,3.3496746266386463e-09,0.9999999129527967,4096,0,0,1.0,0.0,0.0,0,0.0,0.4194255369808419,0.0,0.08057446301915819,4.184876365299267e-08,0.24863565801816057,4096,0,0,1.0,0.0,0.0,0,0.0,0.08057446301915819,0.0,0.3250544441750649,3.349674335058839e-08,0.0,0.0,3.469446951953614e-18
504,0.315,2.6442858382360003e-15,8.596456879672587e-13,2.220446049250313e-16,0.30640747926547024,3.456713513940225e-09,0.9999999098546011,0.5,0.0,0.5000000000000001,2.220446049250313e-16,0.4192224377964107,3.4567135140433948e-09,0.9999999098546011,4096,0,0,1.0,0.0,0.0,0,0.0,0.4192224377964107,0.0,0.4192224377964107,3.456713513940225e-09,0.9999999098546009,4096,0,0,1.0,0.0,0.0,0,0.0,0.4192224377964107,0.0,0.08077756220358936,4.3344342092943884e-08,0.24887005136818843,4096,0,0,1.0,0.0,0.0,0,0.0,0.08077756220358936,0.0,0.3248625142268714,3.456713202333407e-08,0.0,0.0,0.0
505,0.315625,2.6489997496759745e-15,8.553158181712206e-13,0.0,0.3063398197922688,3.5685502142040958e-09,0.9999999066140728,0.5,0.0,0.5,0.0,0.4190194593768064,3.568550214306872e-09,0.9999999066140728,4096,0,0,1.0,0.0,0.0,0,0.0,0.4190194593768064,0.0,0.4190194593768064,3.5685502142040958e-09,0.9999999066140726,4096,0,0,1.0,0.0,0.0,0,0.0,0.4190194593768064,0.0,0.08098054062319365,4.490868789504283e-08,0.2491039486388985,4096,0,0,1.0,0.0,0.0,0,0.0,0.08098054062319365,0.0,0.3246679982895157,3.568549880951725e-08,0.0,0.0,3.469446951953614e-18
506,0.31625000000000003,2.652608603527466e-15,8.597567102697212e-13,0.0,0.306272201111779,3.6854153718983453e-09,0.999999903224112,0.5,0.0,0.5,0.0,0.41881660333533693,3.6854153720007284e-09,0.999999903224112,4096,0,0,1.0,0.0,0.0,0,0.0,0.41881660333533693,0.0,0.41881660333533693,3.6854153718983453e-09,0.9999999032241118,4096,0,0,1.0,0.0,0.0,0,0.0,0.41881660333533693,0.0,0.0811833966646631,4.654523569014577e-08,0.24933735245242353,4096,0,0,1.0,0.0,0.0,0,0.0,0.0811833966646631,0.0,0.324470905770889,3.6854150152390004e-08,0.0,0.0,3.469446951953614e-18
507,0.316875,2.6547418007791424e-15,8.597567102697212e-13,2.220446049250313e-16,0.30620462375980073,3.8075497758529374e-09,0.9999998996772835,0.5,0.0,0.5000000000000001,2.220446049250313e-16,0.41861387127940214,3.807549775954928e-09,0.9999998996772835,4096,0,0,1.0,0.0,0.0,0,0.0,0.41861387127940214,0.0,0.41861387127940214,3.8075497758529374e-09,0.9999998996772833,4096,0,0,1.0,0.0,0.0,0,0.0,0.41861387127940214,0.0,0.08138612872059792,4.825758272932239e-08,0.24957026539153696,4096,0,0,1.0,0.0,0.0,0,0.0,0.08138612872059792,0.0,0.3242712461691326,3.807549393869201e-08,0.0,0.0,3.469446951953614e-18
508,0.3175,2.6586856352029812e-15,8.615330671091215e-13,0.0,0.3061370882701458,3.9352047512715024e-09,0.9999998959658024,0.5,0.0,0.5,0.0,0.41841126481043733,3.935204751373101e-09,0.9999998959658024,4096,0,0,1.0,0.0,0.0,0,0.0,0.41841126481043733,0.0,0.41841126481043733,3.9352047512715024e-09,0.9999998959658022,4096,0,0,1.0,0.0,0.0,0,0.0,0.41841126481043733,0.0,0.08158873518956272,5.004949580368575e-08,0.2498026900009487,4096,0,0,1.0,0.0,0.0,0,0.0,0.08158873518956272,0.0,0.3240690290724161,3.935204341875634e-08,0.0,0.0,3.469446951953614e-18
509,0.318125,2.6619837259795614e-15,8.615330671091215e-13,0.0,0.30606959517461907,4.068642564750361e-09,0.9999998920815193,0.5,0.0,0.5,0.0,0.41820878552385715,4.068642564851568e-09,0.9999998920815193,4096,0,0,1.0,0.0,0.0,0,0.0,0.41820878552385715,0.0,0.41820878552385715,4.068642564750361e-09,0.9999998920815191,4096,0,0,1.0,0.0,0.0,0,0.0,0.41820878552385715,0.0,0.08179121447614288,5.192491842173201e-08,0.2500411628973279,4096,0,0,1.0,0.0,0.0,0,0.0,0.08179121447614288,0.0,0.3238642641586996,4.068642125668637e-08,0.0,0.0,3.469446951953614e-18
510,0.31875000000000003,2.665341546520343e-15,8.61866134016509e-13,0.0,0.3060021450029999,4.208136842653767e-09,0.9999998880159053,0.5,0.0,0.5,0.0,0.4180064350089996,4.208136842754583e-09,0.9999998880159053,4096,0,0,1.0,0.0,0.0,0,0.0,0.4180064350089996,0.0,0.4180064350089996,4.208136842653767e-09,0.9999998880159051,4096,0,0,1.0,0.0,0.0,0,0.0,0.4180064350089996,0.0,0.08199356499100044,5.388797825221971e-08,0.2503035703180796,4096,0,0,1.0,0.0,0.0,0,0.0,0.08199356499100044,0.0,0.3236569611954813,4.2081363714093725e-08,0.0,0.0,3.469446951953614e-18
511,0.319375,2.668659531403172e-15,8.626432901337466e-13,0.0,0.3059347382830233,4.326367781462992e-09,0.999999883760036,0.5,0.0,0.5,0.0,0.41780421484906993,4.326367781564472e-09,0.999999883760036,4096,0,0,1.0,0.0,0.0,0,0.0,0.41780421484906993,0.0,0.41780421484906993,4.326367781462992e-09,0.9999998837600358,4096,0,0,1.0,0.0,0.0,0,0.0,0.41780421484906993,0.0,0.08219578515093007,5.5942994840806274e-08,0.25056511537164045,4096,0,0,1.0,0.0,0.0,0,0.0,0.08219578515093007,0.0,0.3234471300395285,4.326367274629652e-08,0.0,0.0,0.0
512,0.32,2.6731231076167413e-15,8.673062268371723e-13,2.220446049250313e-16,0.30586737554036175,4.4225001453309265e-09,0.9999998797477633,0.5000000000000001,2.220446049250313e-16,0.5,0.0,0.4176021266210853,4.42250014543201e-09,0.9999998797477633,4096,0,0,1.0,0.0,0.0,0,0.0,0.4176021266210853,0.0,0.41760212662108526,4.4225001453309265e-09,0.9999998797477629,4096,0,0,1.0,0.0,0.0,0,0.0,0.41760212662108526,0.0,0.08239787337891473,5.791486742958521e-08,0.2508258071953118,4096,0,0,1.0,0.0,0.0,0,0.0,0.08239787337891473,0.0,0.32323478063659383,4.422499613515392e-08,0.0,0.0,3.469446951953614e-18
513,0.320625,2.676434748320003e-15,8.717471189356729e-13,0.0,0.30580005729860626,4.522265106160697e-09,0.9999998765270409,0.5,0.0,0.5,0.0,0.4174001718958188,4.522265106261385e-09,0.9999998765270409,4096,0,0,1.0,0.0,0.0,0,0.0,0.4174001718958188,0.0,0.4174001718958188,4.522265106160697e-09,0.9999998765270406,4096,0,0,1.0,0.0,0.0,0,0.0,0.4174001718958188,0.0,0.08259982810418122,5.9475346143881396e-08,0.25108565478920064,4096,0,0,1.0,0.0,0.0,0,0.0,0.08259982810418122,0.0,0.32301992302111526,4.5222645477832425e-08,0.0,0.0,3.469446951953614e-18
514,0.32125,2.6811093619876207e-15,8.730793865652231e-13,0.0,0.30573278407924814,4.625839299521489e-09,0.9999998731822453,0.5,0.0,0.5,0.0,0.41719835223774454,4.625839299621781e-09,0.9999998731822453,4096,0,0,1.0,0.0,0.0,0,0.0,0.41719835223774454,0.0,0.41719835223774454,4.625839299521489e-09,0.9999998731822449,4096,0,0,1.0,0.0,0.0,0,0.0,0.41719835223774454,0.0,0.08280164776225546,6.109595689839419e-08,0.2513446670174194,4096,0,0,1.0,0.0,0.0,0,0.0,0.08280164776225546,0.0,0.32280256731590085,4.6258387128829354e-08,0.0,0.0,6.938893903907228e-18
515,0.321875,2.6860116063613603e-15,8.772982340587987e-13,0.0,0.30566555640166077,4.733407295567685e-09,0.9999998697073645,0.5,0.0,0.5,0.0,0.4169966692049823,4.733407295667582e-09,0.9999998697073645,4096,0,0,1.0,0.0,0.0,0,0.0,0.4169966692049823,0.0,0.4169966692049823,4.733407295567685e-09,0.9999998697073642,4096,0,0,1.0,0.0,0.0,0,0.0,0.4169966692049823,0.0,0.0830033307950177,6.27796132494477e-08,0.2516028526093129,4096,0,0,1.0,0.0,0.0,0,0.0,0.0830033307950177,0.0,0.3225827237317971,4.7334066788395735e-08,0.0,0.0,3.469446951953614e-18
516,0.3225,2.689597316868037e-15,8.739675649849232e-13,2.220446049250313e-16,0.30559837478308094,4.845161907297757e-09,0.9999998660961007,0.5,0.0,0.5000000000000001,2.220446049250313e-16,0.41679512434924265,4.8451619073972595e-09,0.9999998660961007,4096,0,0,1.0,0.0,0.0,0,0.0,0.41679512434924265,0.0,0.4167951243492427,4.845161907297757e-09,0.9999998660961004,4096,0,0,1.0,0.0,0.0,0,0.0,0.4167951243492427,0.0,0.08320487565075738,6.452936786889172e-08,0.2518602201607118,4096,0,0,1.0,0.0,0.0,0,0.0,0.08320487565075738,0.0,0.32236040256734266,4.8451612585116845e-08,0.0,0.0,3.469446951953614e-18
517,0.323125,2.694213035241627e-15,8.739675649849232e-13,0.0,0.30553123973859075,4.9613045091032765e-09,0.9999998623418568,0.5,0.0,0.5,0.0,0.41659371921577226,4.961304509202385e-09,0.9999998623418568,4096,0,0,1.0,0.0,0.0,0,0.0,0.41659371921577226,0.0,0.41659371921577226,4.9613045091032765e-09,0.9999998623418564,4096,0,0,1.0,0.0,0.0,0,0.0,0.41659371921577226,0.0,0.08340628078422777,6.634841849617683e-08,0.2521167781352109,4096,0,0,1.0,0.0,0.0,0,0.0,0.08340628078422777,0.0,0.32213561420840503,4.96130382613931e-08,0.0,0.0,3.469446951953614e-18
518,0.32375,2.696635677024849e-15,8.881784197001252e-13,0.0,0.3054641517810998,5.082045365890718e-09,0.9999998584377247,0.5,0.0,0.5,0.0,0.41639245534329944,5.0820453659894335e-09,0.9999998584377247,4096,0,0,1.0,0.0,0.0,0,0.0,0.41639245534329944,0.0,0.4163924553432994,5.082045365890718e-09,0.9999998584377243,4096,0,0,1.0,0.0,0.0,0,0.0,0.4163924553432994,0.0,0.08360754465670059,6.824011411261307e-08,0.25237253486547045,4096,0,0,1.0,0.0,0.0,0,0.0,0.08360754465670059,0.0,0.3219083691278023,5.0820446464648127e-08,0.0,0.0,0.0
519,0.324375,2.7003442602447516e-15,8.881784197001252e-13,0.0,0.30539711142132664,5.207603973064141e-09,0.9999998543764715,0.5,0.0,0.5,0.0,0.4161913342639799,5.207603973162464e-09,0.9999998543764715,4096,0,0,1.0,0.0,0.0,0,0.0,0.4161913342639799,0.0,0.4161913342639799,5.207603973064141e-09,0.9999998543764712,4096,0,0,1.0,0.0,0.0,0,0.0,0.4161913342639799,0.0,0.08380866573602011,7.020796134481089e-08,0.25262749855453986,4096,0,0,1.0,0.0,0.0,0,0.0,0.08380866573602011,0.0,0.321678677884909,5.2076032147144757e-08,0.0,0.0,0.0
520,0.325,2.7043375914007576e-15,8.881784197001252e-13,0.0,0.305330119167781,5.338209407662273e-09,0.9999998501505266,0.5,0.0,0.5,0.0,0.41599035750334284,5.338209407760203e-09,0.9999998501505266,4096,0,0,1.0,0.0,0.0,0,0.0,0.41599035750334284,0.0,0.4159903575033429,5.338209407662273e-09,0.9999998501505263,4096,0,0,1.0,0.0,0.0,0,0.0,0.4159903575033429,0.0,0.08400964249665716,7.225563110447285e-08,0.2528816772772009,4096,0,0,1.0,0.0,0.0,0,0.0,0.08400964249665716,0.0,0.3214465511252459,5.338208607734404e-08,0.0,0.0,3.469446951953614e-18
521,0.325625,2.7072054594071376e-15,8.952838470577262e-13,0.0,0.30526317552674576,5.4741006909489655e-09,0.9999998457519665,0.5,0.0,0.5,0.0,0.4157895265802372,5.474100691046504e-09,0.9999998457519665,4096,0,0,1.0,0.0,0.0,0,0.0,0.4157895265802372,0.0,0.4157895265802372,5.4741006909489655e-09,0.9999998457519663,4096,0,0,1.0,0.0,0.0,0,0.0,0.4157895265802372,0.0,0.0842104734197628,7.43869654718754e-08,0.2531350789813305,4096,0,0,1.0,0.0,0.0,0,0.0,0.0842104734197628,0.0,0.3212119995800542,5.4740998465796996e-08,0.0,0.0,3.469446951953614e-18
522,0.32625,2.7109810459264413e-15,8.952838470577262e-13,0.0,0.30519628100225943,5.615527162761458e-09,0.9999998411725014,0.5,0.0,0.5,0.0,0.41558884300677823,5.615527162858606e-09,0.9999998411725014,4096,0,0,1.0,0.0,0.0,0,0.0,0.41558884300677823,0.0,0.41558884300677823,5.615527162761458e-09,0.9999998411725012,4096,0,0,1.0,0.0,0.0,0,0.0,0.41558884300677823,0.0,0.0844111569932218,7.660598483055395e-08,0.2533877114892808,4096,0,0,1.0,0.0,0.0,0,0.0,0.0844111569932218,0.0,0.3209750340658542,5.615526270861326e-08,0.0,0.0,3.469446951953614e-18
523,0.326875,2.714242542381523e-15,9.023892744153272e-13,0.0,0.30512943609609805,5.762748867926343e-09,0.9999998364034588,0.5,0.0,0.5,0.0,0.41538830828829426,5.7627488680231e-09,0.9999998364034588,4096,0,0,1.0,0.0,0.0,0,0.0,0.41538830828829426,0.0,0.4153883082882942,5.762748867926343e-09,0.9999998364034586,4096,0,0,1.0,0.0,0.0,0,0.0,0.4153883082882942,0.0,0.0846116917117058,7.891689526087917e-08,0.2536395824992756,4096,0,0,1.0,0.0,0.0,0,0.0,0.0846116917117058,0.0,0.3207356654839878,5.762747925160561e-08,0.0,0.0,0.0
524,0.3275,2.7173194267083338e-15,9.094947017729282e-13,2.220446049250313e-16,0.30506264130775795,5.9160369550585974e-09,0.9999998314357689,0.5000000000000001,2.220446049250313e-16,0.5000000000000001,2.220446049250313e-16,0.41518792392327386,5.916036955154964e-09,0.9999998314357689,4096,0,0,1.0,0.0,0.0,0,0.0,0.41518792392327386,0.0,0.4151879239232738,5.9160369550585974e-09,0.9999998314357686,4096,0,0,1.0,0.0,0.0,0,0.0,0.4151879239232738,0.0,0.08481207607672617,8.132409620039046e-08,0.25389069958682137,4096,0,0,1.0,0.0,0.0,0,0.0,0.08481207607672617,0.0,0.32049390482014556,5.916035957826376e-08,0.0,0.0,6.938893903907228e-18
525,0.328125,2.721245954955664e-15,9.166001291305292e-13,0.0,0.3049958971344378,6.075674088064503e-09,0.9999998262599474,0.5,0.0,0.5,0.0,0.4149876914033135,6.075674088160481e-09,0.9999998262599474,4096,0,0,1.0,0.0,0.0,0,0.0,0.4149876914033135,0.0,0.4149876914033135,6.075674088064503e-09,0.9999998262599472,4096,0,0,1.0,0.0,0.0,0,0.0,0.4149876914033135,0.0,0.08501230859668654,8.383218837893101e-08,0.2541410702061319,4096,0,0,1.0,0.0,0.0,0,0.0,0.08501230859668654,0.0,0.3202497631438782,6.075673032476567e-08,0.0,0.0,3.469446951953614e-18
526,0.32875,2.723629298449626e-15,9.094947017729282e-13,0.0,0.30492920407102164,6.2419548706747584e-09,0.9999998208660793,0.5,0.0,0.5,0.0,0.4147876122130649,6.2419548707703474e-09,0.9999998208660793,4096,0,0,1.0,0.0,0.0,0,0.0,0.4147876122130649,0.0,0.4147876122130649,6.2419548706747584e-09,0.9999998208660791,4096,0,0,1.0,0.0,0.0,0,0.0,0.4147876122130649,0.0,0.0852123877869351,8.644598203681034e-08,0.25439070169156547,4096,0,0,1.0,0.0,0.0,0,0.0,0.0852123877869351,0.0,0.3200032516080922,6.24195375252891e-08,0.0,0.0,0.0
527,0.32937500000000003,2.7280313617752092e-15,9.094947017729282e-13,0.0,0.30486256261006117,6.415186284339496e-09,0.9999998152438011,0.5,0.0,0.5,0.0,0.4145876878301835,6.415186284434697e-09,0.9999998152438011,4096,0,0,1.0,0.0,0.0,0,0.0,0.4145876878301835,0.0,0.41458768783018346,6.415186284339496e-09,0.9999998152438009,4096,0,0,1.0,0.0,0.0,0,0.0,0.41458768783018346,0.0,0.08541231216981654,8.917050543440254e-08,0.2546396012590725,4096,0,0,1.0,0.0,0.0,0,0.0,0.08541231216981654,0.0,0.31975438144852975,6.415185099094063e-08,0.0,0.0,3.469446951953614e-18
528,0.33,2.730980028301982e-15,9.023892744153272e-13,0.0,0.30479597324175883,6.59568813982239e-09,0.9999998093822828,0.5,0.0,0.5,0.0,0.41438791972527644,6.595688139917204e-09,0.9999998093822828,4096,0,0,1.0,0.0,0.0,0,0.0,0.41438791972527644,0.0,0.41438791972527644,6.59568813982239e-09,0.9999998093822826,4096,0,0,1.0,0.0,0.0,0,0.0,0.41438791972527644,0.0,0.08561208027472357,9.201101366177323e-08,0.25488777600765333,4096,0,0,1.0,0.0,0.0,0,0.0,0.08561208027472357,0.0,0.31950316398323386,6.595686882567374e-08,0.0,0.0,0.0
529,0.330625,2.735582492373411e-15,9.166001291305292e-13,0.0,0.3047294364539505,6.783793542836429e-09,0.9999998032702092,0.5,0.0,0.5,0.0,0.41418830936185164,6.783793542930857e-09,0.9999998032702092,4096,0,0,1.0,0.0,0.0,0,0.0,0.41418830936185164,0.0,0.41418830936185164,6.783793542836429e-09,0.999999803270209,4096,0,0,1.0,0.0,0.0,0,0.0,0.41418830936185164,0.0,0.08581169063814834,9.497299775711332e-08,0.25513523292082474,4096,0,0,1.0,0.0,0.0,0,0.0,0.08581169063814834,0.0,0.31924961061199697,6.783792208262144e-08,0.0,0.0,3.469446951953614e-18
530,0.33125,2.7386881044625793e-15,9.237055564881302e-13,0.0,0.304662952732089,6.979849374069326e-09,0.9999997968957606,0.5,0.0,0.5,0.0,0.41398885819626685,6.979849374163367e-09,0.9999997968957606,4096,0,0,1.0,0.0,0.0,0,0.0,0.41398885819626685,0.0,0.41398885819626685,6.979849374069326e-09,0.9999997968957604,4096,0,0,1.0,0.0,0.0,0,0.0,0.41398885819626685,0.0,0.08601114180373323,9.80621941429461e-08,0.2553819788680933,4096,0,0,1.0,0.0,0.0,0,0.0,0.08601114180373323,0.0,0.3189937328157946,6.979847956432328e-08,0.0,0.0,3.469446951953614e-18
531,0.33187500000000003,2.7415284338387743e-15,9.237055564881302e-13,0.0,0.3045965225592262,7.184216783951897e-09,0.9999997902465927,0.5,0.0,0.5,0.0,0.4137895676776786,7.1842167840455526e-09,0.9999997902465927,4096,0,0,1.0,0.0,0.0,0,0.0,0.4137895676776786,0.0,0.4137895676776786,7.184216783951897e-09,0.9999997902465925,4096,0,0,1.0,0.0,0.0,0,0.0,0.4137895676776786,0.0,0.08621043232232142,1.0128459438926199e-07,0.25562802060643514,4096,0,0,1.0,0.0,0.0,0,0.0,0.08621043232232142,0.0,0.31873554215620414,7.184215277037947e-08,0.0,0.0,0.0
532,0.3325,2.7453931096857703e-15,9.237055564881302e-13,0.0,0.3045301464159976,7.397271702528068e-09,0.9999997833098159,0.5,0.0,0.5,0.0,0.4135904392479929,7.397271702621339e-09,0.9999997833098159,4096,0,0,1.0,0.0,0.0,0,0.0,0.4135904392479929,0.0,0.4135904392479929,7.397271702528068e-09,0.9999997833098156,4096,0,0,1.0,0.0,0.0,0,0.0,0.4135904392479929,0.0,0.08640956075200715,1.0464645531292595e-07,0.2558733647817814,4096,0,0,1.0,0.0,0.0,0,0.0,0.08640956075200715,0.0,0.31847505027480755,7.3972700996119e-08,0.0,0.0,3.469446951953614e-18
533,0.333125,2.749189790729877e-15,9.237055564881302e-13,0.0,0.30446382478060485,7.619405364790452e-09,0.999999776071974,0.5,0.0,0.5,0.0,0.41339147434181456,7.61940536488334e-09,0.999999776071974,4096,0,0,1.0,0.0,0.0,0,0.0,0.41339147434181456,0.0,0.41339147434181456,7.619405364790452e-09,0.9999997760719738,4096,0,0,1.0,0.0,0.0,0,0.0,0.41339147434181456,0.0,0.08660852565818547,1.0815430942289352e-07,0.2561180179305067,4096,0,0,1.0,0.0,0.0,0,0.0,0.08660852565818547,0.0,0.31821226889257914,7.61940365859205e-08,0.0,0.0,0.0
534,0.33375,2.7520076396216406e-15,9.166001291305292e-13,0.0,0.30439755812879943,7.851024851850682e-09,0.999999768519022,0.5,0.0,0.5,0.0,0.4131926743863983,7.851024851943185e-09,0.999999768519022,4096,0,0,1.0,0.0,0.0,0,0.0,0.4131926743863983,0.0,0.4131926743863983,7.851024851850682e-09,0.9999997685190217,4096,0,0,1.0,0.0,0.0,0,0.0,0.4131926743863983,0.0,0.08680732561360172,1.1181497572096381e-07,0.2563619864809213,4096,0,0,1.0,0.0,0.0,0,0.0,0.08680732561360172,0.0,0.3179472098092585,7.85102303448777e-08,0.0,0.0,6.938893903907228e-18
535,0.33437500000000003,2.7547296312121607e-15,9.237055564881302e-13,0.0,0.30433134693386654,8.092553648318872e-09,0.9999997606363028,0.5,0.0,0.5,0.0,0.41299404080159957,8.092553648410995e-09,0.9999997606363028,4096,0,0,1.0,0.0,0.0,0,0.0,0.41299404080159957,0.0,0.41299404080159957,8.092553648318872e-09,0.9999997606363026,4096,0,0,1.0,0.0,0.0,0,0.0,0.41299404080159957,0.0,0.08700595919840046,1.1563557086799118e-07,0.2566052767547647,4096,0,0,1.0,0.0,0.0,0,0.0,0.08700595919840046,0.0,0.31767988490270815,8.09255171125531e-08,0.0,0.0,0.0
536,0.335,2.757619348065944e-15,9.308109838457312e-13,2.220446049250313e-16,0.30426519166660865,8.325460680601102e-09,0.9999997524085246,0.5000000000000001,2.220446049250313e-16,0.5,0.0,0.41279557499982583,8.325460680693811e-09,0.9999997524085246,4096,0,0,1.0,0.0,0.0,0,0.0,0.41279557499982583,0.0,0.41279557499982583,8.325460680601102e-09,0.9999997524085243,4096,0,0,1.0,0.0,0.0,0,0.0,0.41279557499982583,0.0,0.0872044250001742,1.196235207256714e-07,0.25684789496870053,4096,0,0,1.0,0.0,0.0,0,0.0,0.0872044250001742,0.0,0.31741030612825616,8.325458591627435e-08,0.0,0.0,3.469446951953614e-18
537,0.335625,2.7603294297641394e-15,9.237055564881302e-13,0.0,0.30419909279532953,8.489154739154019e-09,0.9999997438197351,0.5,0.0,0.5,0.0,0.4125972783859885,8.48915473924634e-09,0.9999997438197351,4096,0,0,1.0,0.0,0.0,0,0.0,0.4125972783859885,0.0,0.4125972783859884,8.489154739154019e-09,0.9999997438197349,4096,0,0,1.0,0.0,0.0,0,0.0,0.4125972783859884,0.0,0.08740272161401158,1.2378657228421302e-07,0.2570898472358107,4096,0,0,1.0,0.0,0.0,0,0.0,0.08740272161401158,0.0,0.31713848551802415,8.489152558329664e-08,0.0,0.0,0.0
538,0.33625,2.7629477601909064e-15,9.237055564881302e-13,0.0,0.3041330507858183,8.658746375916268e-09,0.999999736909246,0.5,0.0,0.5,0.0,0.41239915235745495,8.658746376008204e-09,0.999999736909246,4096,0,0,1.0,0.0,0.0,0,0.0,0.41239915235745495,0.0,0.41239915235745495,8.658746375916268e-09,0.9999997369092453,4096,0,0,1.0,0.0,0.0,0,0.0,0.41239915235745495,0.0,0.0876008476425451,1.2721600365143107e-07,0.25733113956708886,4096,0,0,1.0,0.0,0.0,0,0.0,0.0876008476425451,0.0,0.31686443518024054,8.658744097880155e-08,0.0,0.0,0.0
539,0.336875,2.7649005107813966e-15,9.237055564881302e-13,0.0,0.3040670661013339,8.83451040032827e-09,0.9999997304900128,0.5,0.0,0.5,0.0,0.41220119830400154,8.834510400419821e-09,0.9999997304900128,4096,0,0,1.0,0.0,0.0,0,0.0,0.41220119830400154,0.0,0.41220119830400154,8.83451040032827e-09,0.999999730490012,4096,0,0,1.0,0.0,0.0,0,0.0,0.41220119830400154,0.0,0.0877988016959985,1.3033773825885244e-07,0.2575717778729317,4096,0,0,1.0,0.0,0.0,0,0.0,0.0877988016959985,0.0,0.3165881672985391,8.834508019339484e-08,0.0,0.0,3.469446951953614e-18
540,0.3375,2.7687345814722297e-15,9.308109838457312e-13,0.0,0.30400113920258875,9.016733132508883e-09,0.9999997238366245,0.5,0.0,0.5,0.0,0.41200341760776626,9.01673313260005e-09,0.9999997238366245,4096,0,0,1.0,0.0,0.0,0,0.0,0.41200341760776626,0.0,0.41200341760776626,9.016733132508883e-09,0.9999997238366237,4096,0,0,1.0,0.0,0.0,0,0.0,0.41200341760776626,0.0,0.08799658239223374,1.3357332103597725e-07,0.25781176796462696,4096,0,0,1.0,0.0,0.0,0,0.0,0.08799658239223374,0.0,0.3163096941312431,9.016730642417425e-08,0.0,0.0,6.938893903907228e-18
541,0.338125,2.772390050618662e-15,9.237055564881302e-13,0.0,0.3039352705477342,9.20571281453851e-09,0.9999997169382904,0.5,0.0,0.5,0.0,0.4118058116432028,9.205712814629292e-09,0.9999997169382904,4096,0,0,1.0,0.0,0.0,0,0.0,0.4118058116432028,0.0,0.41180581164320273,9.20571281453851e-09,0.9999997169382896,4096,0,0,1.0,0.0,0.0,0,0.0,0.41180581164320273,0.0,0.08819418835679725,1.3692799824225273e-07,0.258051115555838,4096,0,0,1.0,0.0,0.0,0,0.0,0.08819418835679725,0.0,0.31602902801063487,9.205710208753702e-08,0.0,0.0,6.938893903907228e-18
542,0.33875,2.775867542220045e-15,9.237055564881302e-13,0.0,0.3038694605923446,9.401760034253304e-09,0.9999997097837392,0.5,0.0,0.5,0.0,0.4116083817770338,9.401760034343704e-09,0.9999997097837392,4096,0,0,1.0,0.0,0.0,0,0.0,0.4116083817770338,0.0,0.41160838177703385,9.401760034253304e-09,0.9999997097837384,4096,0,0,1.0,0.0,0.0,0,0.0,0.41160838177703385,0.0,0.08839161822296619,1.404072502331662e-07,0.2582898262640831,4096,0,0,1.0,0.0,0.0,0,0.0,0.08839161822296619,0.0,0.31574618134221155,9.401757305709663e-08,0.0,0.0,6.938893903907228e-18
543,0.339375,2.779272026516697e-15,9.166001291305292e-13,0.0,0.3038037097894021,9.605198161856306e-09,0.9999997023612002,0.5,0.0,0.5,0.0,0.4114111293682063,9.605198161946325e-09,0.9999997023612002,4096,0,0,1.0,0.0,0.0,0,0.0,0.4114111293682063,0.0,0.41141112936820623,9.605198161856306e-09,0.9999997023611994,4096,0,0,1.0,0.0,0.0,0,0.0,0.41141112936820623,0.0,0.08858887063179378,1.4401680069643893e-07,0.2585279056122094,4096,0,0,1.0,0.0,0.0,0,0.0,0.08858887063179378,0.0,0.3154611666039262,9.605195302976653e-08,0.0,0.0,0.0
544,0.34,2.7832890443778977e-15,9.094947017729282e-13,0.0,0.30373801858928184,9.816363799656045e-09,0.9999996946583836,0.5,0.0,0.5,0.0,0.4112140557678456,9.816363799745684e-09,0.9999996946583836,4096,0,0,1.0,0.0,0.0,0,0.0,0.4112140557678456,0.0,0.4112140557678456,9.816363799656045e-09,0.9999996946583828,4096,0,0,1.0,0.0,0.0,0,0.0,0.4112140557678456,0.0,0.08878594423215438,1.4776262620254246e-07,0.2587653590298602,4096,0,0,1.0,0.0,0.0,0,0.0,0.08878594423215438,0.0,0.31517399634541543,9.816360802311655e-08,0.0,0.0,0.0
545,0.340625,2.784965131949862e-15,9.094947017729282e-13,2.220446049250313e-16,0.30367238743973735,1.0035607245247837e-08,0.9999996866624603,0.5,0.0,0.5000000000000001,2.220446049250313e-16,0.4110171623192119,1.0035607245337096e-08,0.9999996866624603,4096,0,0,1.0,0.0,0.0,0,0.0,0.4110171623192119,0.0,0.4110171623192119,1.0035607245247837e-08,0.9999996866624595,4096,0,0,1.0,0.0,0.0,0,0.0,0.4110171623192119,0.0,0.08898283768078813,1.5165096607838164e-07,0.25900219185493506,4096,0,0,1.0,0.0,0.0,0,0.0,0.08898283768078813,0.0,0.31488468318721285,1.0035604100715353e-07,0.0,0.0,0.0
546,0.34125,2.7889603723667592e-15,9.023892744153272e-13,0.0,0.303606816785885,1.0263292968457618e-08,0.9999996783600416,0.5,0.0,0.5,0.0,0.4108204503576552,1.0263292968546497e-08,0.9999996783600416,4096,0,0,1.0,0.0,0.0,0,0.0,0.4108204503576552,0.0,0.41082045035765513,1.0263292968457618e-08,0.9999996783600408,4096,0,0,1.0,0.0,0.0,0,0.0,0.41082045035765513,0.0,0.08917954964234487,1.556883326131694e-07,0.2592384093350416,4096,0,0,1.0,0.0,0.0,0,0.0,0.08917954964234487,0.0,0.31459323981994913,1.0263289667372495e-07,0.0,0.0,3.469446951953614e-18
547,0.341875,2.791056894646646e-15,9.023892744153272e-13,0.0,0.3035413070701908,1.0499800102372801e-08,0.9999996697371564,0.5,0.0,0.5,0.0,0.41062392121057223,1.0499800102461303e-08,0.9999996697371564,4096,0,0,1.0,0.0,0.0,0,0.0,0.41062392121057223,0.0,0.4106239212105722,1.0499800102372801e-08,0.9999996697371556,4096,0,0,1.0,0.0,0.0,0,0.0,0.4106239212105722,0.0,0.08937607878942784,1.5988152160569758e-07,0.2594740166289388,4096,0,0,1.0,0.0,0.0,0,0.0,0.08937607878942784,0.0,0.3142996790035383,1.0499796634678963e-07,0.0,0.0,3.469446951953614e-18
548,0.3425,2.793831223386423e-15,9.023892744153272e-13,0.0,0.3034758587324545,1.0745522948789195e-08,0.9999996607792302,0.5,0.0,0.5,0.0,0.41042757619736336,1.0745522948877319e-08,0.9999996607792302,4096,0,0,1.0,0.0,0.0,0,0.0,0.41042757619736336,0.0,0.41042757619736336,1.0745522948789195e-08,0.9999996607792294,4096,0,0,1.0,0.0,0.0,0,0.0,0.41042757619736336,0.0,0.08957242380263666,1.642376232623909e-07,0.25970901880797026,4096,0,0,1.0,0.0,0.0,0,0.0,0.08957242380263666,0.0,0.31400401356635066,1.0745519303684627e-07,0.0,0.0,3.469446951953614e-18
549,0.343125,2.7962712517540063e-15,9.023892744153272e-13,0.0,0.3034104722097968,1.1000871498407524e-08,0.9999996514710613,0.5,0.0,0.5,0.0,0.4102314166293902,1.1000871498495272e-08,0.9999996514710613,4096,0,0,1.0,0.0,0.0,0,0.0,0.4102314166293902,0.0,0.4102314166293902,1.1000871498407524e-08,0.9999996514710605,4096,0,0,1.0,0.0,0.0,0,0.0,0.4102314166293902,0.0,0.08976858337060983,1.6876403345571286e-07,0.25994342085748756,4096,0,0,1.0,0.0,0.0,0,0.0,0.08976858337060983,0.0,0.3137062564043731,1.1000867664285456e-07,0.0,0.0,3.469446951953614e-18
550,0.34375,2.7996968829651517e-15,9.023892744153272e-13,2.220446049250313e-16,0.30334514793664447,1.126627196611762e-08,0.999999641796797,0.5000000000000001,2.220446049250313e-16,0.5,0.0,0.41003544380993323,1.1266271966204992e-08,0.999999641796797,4096,0,0,1.0,0.0,0.0,0,0.0,0.41003544380993323,0.0,0.4100354438099333,1.126627196611762e-08,0.9999996417967962,4096,0,0,1.0,0.0,0.0,0,0.0,0.4100354438099333,0.0,0.08996455619006677,1.7346846535267582e-07,0.2601772276782621,4096,0,0,1.0,0.0,0.0,0,0.0,0.08996455619006677,0.0,0.31340642048035544,1.1266267930502917e-07,0.0,0.0,3.469446951953614e-18
551,0.344375,2.802258213632812e-15,9.166001291305292e-13,2.220446049250313e-16,0.3032798863447169,1.1542167341712717e-08,0.9999996317399095,0.5000000000000001,2.220446049250313e-16,0.5000000000000001,2.220446049250313e-16,0.40983965903415076,1.1542167341799713e-08,0.9999996317399095,4096,0,0,1.0,0.0,0.0,0,0.0,0.40983965903415076,0.0,0.40983965903415076,1.1542167341712717e-08,0.9999996317399087,4096,0,0,1.0,0.0,0.0,0,0.0,0.40983965903415076,0.0,0.09016034096584924,1.7835896142339173e-07,0.2604104440878859,4096,0,0,1.0,0.0,0.0,0,0.0,0.09016034096584924,0.0,0.31310451882294454,1.1542163091193127e-07,0.0,0.0,3.469446951953614e-18
552,0.34500000000000003,2.8049366610879e-15,9.166001291305292e-13,0.0,0.3032146878630126,1.1829017956380682e-08,0.99999962128317,0.5,0.0,0.5,0.0,0.40964406358903777,1.1829017956467303e-08,0.99999962128317,4096,0,0,1.0,0.0,0.0,0,0.0,0.40964406358903777,0.0,0.40964406358903777,1.1829017956380682e-08,0.9999996212831692,4096,0,0,1.0,0.0,0.0,0,0.0,0.40964406358903777,0.0,0.09035593641096225,1.8344390583978384e-07,0.2606430748221591,4096,0,0,1.0,0.0,0.0,0,0.0,0.09035593641096225,0.0,0.31280056452580596,1.18290134765325e-07,0.0,0.0,3.469446951953614e-18
553,0.345625,2.8095894874618855e-15,9.237055564881302e-13,0.0,0.30314955291779516,1.2127302065323302e-08,0.999999610408623,0.5,0.0,0.5,0.0,0.40944865875338554,1.2127302065409549e-08,0.999999610408623,4096,0,0,1.0,0.0,0.0,0,0.0,0.40944865875338554,0.0,0.40944865875338554,1.2127302065323302e-08,0.9999996104086222,4096,0,0,1.0,0.0,0.0,0,0.0,0.40944865875338554,0.0,0.0905513412466145,1.8873203727476515e-07,0.2608751245364655,4096,0,0,1.0,0.0,0.0,0,0.0,0.0905513412466145,0.0,0.31249457074673237,1.2127297340630988e-07,0.0,0.0,3.469446951953614e-18
554,0.34625,2.8140761246666156e-15,9.166001291305292e-13,0.0,0.3030844819325807,1.2437516446858961e-08,0.9999995990975589,0.5,0.0,0.5,0.0,0.409253445797742,1.2437516446944836e-08,0.9999995990975589,4096,0,0,1.0,0.0,0.0,0,0.0,0.409253445797742,0.0,0.409253445797742,1.2437516446858961e-08,0.9999995990975581,4096,0,0,1.0,0.0,0.0,0,0.0,0.409253445797742,0.0,0.09074655420225806,1.9423246211237435e-07,0.26110659780713363,4096,0,0,1.0,0.0,0.0,0,0.0,0.09074655420225806,0.0,0.3121865507067402,1.2437511460628256e-07,0.0,0.0,0.0
555,0.346875,2.815965242921116e-15,9.237055564881302e-13,0.0,0.3030194753281241,1.2760177018368222e-08,0.9999995873304863,0.5,0.0,0.5,0.0,0.4090584259843723,1.2760177018453726e-08,0.9999995873304863,4096,0,0,1.0,0.0,0.0,0,0.0,0.4090584259843723,0.0,0.4090584259843723,1.2760177018368222e-08,0.9999995873304856,4096,0,0,1.0,0.0,0.0,0,0.0,0.4090584259843723,0.0,0.0909415740156277,1.9995466807954508e-07,0.26133749913278415,4096,0,0,1.0,0.0,0.0,0,0.0,0.0909415740156277,0.0,0.31187651768915403,1.2760171752632177e-07,0.0,0.0,0.0
556,0.34750000000000003,2.820542541104555e-15,9.237055564881302e-13,0.0,0.30295453352240687,1.3095819469445865e-08,0.9999995750871035,0.5,0.0,0.5,0.0,0.4088636005672206,1.3095819469530998e-08,0.9999995750871035,4096,0,0,1.0,0.0,0.0,0,0.0,0.4088636005672206,0.0,0.4088636005672206,1.3095819469445865e-08,0.9999995750871027,4096,0,0,1.0,0.0,0.0,0,0.0,0.4088636005672206,0.0,0.09113639943277946,2.0590853831037025e-07,0.26156783293566194,4096,0,0,1.0,0.0,0.0,0,0.0,0.09113639943277946,0.0,0.3115644850386794,1.3095813904863282e-07,0.0,0.0,0.0
557,0.348125,2.8244893375030943e-15,9.308109838457312e-13,2.220446049250313e-16,0.30288965693062375,1.3444999912626959e-08,0.999999562346268,0.5000000000000001,2.220446049250313e-16,0.5,0.0,0.40866897079187126,1.3444999912711722e-08,0.999999562346268,4096,0,0,1.0,0.0,0.0,0,0.0,0.40866897079187126,0.0,0.40866897079187126,1.3444999912626959e-08,0.9999995623462672,4096,0,0,1.0,0.0,0.0,0,0.0,0.40866897079187126,0.0,0.09133102920812873,2.121043658539081e-07,0.26179760356295334,4096,0,0,1.0,0.0,0.0,0,0.0,0.09133102920812873,0.0,0.31125046616046326,1.3444994028372569e-07,0.0,0.0,3.469446951953614e-18
558,0.34875,2.82694272632391e-15,9.379164112033322e-13,0.0,0.30282484596517073,1.380829555205842e-08,0.9999995490859668,0.5,0.0,0.5,0.0,0.4084745378955122,1.3808295552142814e-08,0.9999995490859668,4096,0,0,1.0,0.0,0.0,0,0.0,0.4084745378955122,0.0,0.40847453789551214,1.380829555205842e-08,0.999999549085966,4096,0,0,1.0,0.0,0.0,0,0.0,0.40847453789551214,0.0,0.09152546210448785,2.1855286863676174e-07,0.2620268152880873,4096,0,0,1.0,0.0,0.0,0,0.0,0.09152546210448785,0.0,0.31093447451914347,1.380828932570418e-07,0.0,0.0,6.938893903907228e-18
559,0.349375,2.8305939864376613e-15,9.379164112033322e-13,0.0,0.30276010103563245,1.41863053704913e-08,0.9999995352832844,0.5,0.0,0.5,0.0,0.4082803031068972,1.4186305370575326e-08,0.9999995352832844,4096,0,0,1.0,0.0,0.0,0,0.0,0.4082803031068972,0.0,0.40828030310689717,1.41863053704913e-08,0.9999995352832837,4096,0,0,1.0,0.0,0.0,0,0.0,0.40828030310689717,0.0,0.09171969689310283,2.252652048918486e-07,0.26225547231202,4096,0,0,1.0,0.0,0.0,0,0.0,0.09171969689310283,0.0,0.31061652363788683,1.418629877787806e-07,0.0,0.0,3.469446951953614e-18
560,0.35000000000000003,2.834486855559623e-15,9.379164112033322e-13,0.0,0.3026954225487702,1.4579650834972768e-08,0.9999995209143706,0.5,0.0,0.5,0.0,0.4080862676463104,1.4579650835056429e-08,0.9999995209143706,4096,0,0,1.0,0.0,0.0,0,0.0,0.4080862676463104,0.0,0.40808626764631034,1.4579650834972768e-08,0.9999995209143698,4096,0,0,1.0,0.0,0.0,0,0.0,0.40808626764631034,0.0,0.0919137323536897,2.322529890649607e-07,0.2624835787645027,4096,0,0,1.0,0.0,0.0,0,0.0,0.0919137323536897,0.0,0.3102966270974158,1.457964385007157e-07,0.0,0.0,3.469446951953614e-18
561,0.350625,2.8386475974914646e-15,9.379164112033322e-13,0.0,0.30263081090850996,1.4970306738683764e-08,0.9999995059544066,0.5,0.0,0.5,0.0,0.40789243272552983,1.4970306738767955e-08,0.9999995059544066,4096,0,0,1.0,0.0,0.0,0,0.0,0.40789243272552983,0.0,0.40789243272552983,1.4970306738683764e-08,0.9999995059544058,4096,0,0,1.0,0.0,0.0,0,0.0,0.40789243272552983,0.0,0.0921075672744702,2.395283082108991e-07,0.262711138705332,4096,0,0,1.0,0.0,0.0,0,0.0,0.0921075672744702,0.0,0.30997479853502496,1.497029922272377e-07,0.0,0.0,0.0
562,0.35125,2.841522292845037e-15,9.379164112033322e-13,0.0,0.3025662665159311,1.5232121306910225e-08,0.9999994903775704,0.5,0.0,0.5,0.0,0.40769879954779326,1.5232121306994045e-08,0.9999994903775704,4096,0,0,1.0,0.0,0.0,0,0.0,0.40769879954779326,0.0,0.40769879954779326,1.5232121306910225e-08,0.9999994903775696,4096,0,0,1.0,0.0,0.0,0,0.0,0.40769879954779326,0.0,0.09230120045220677,2.4710373889114975e-07,0.2629381561255828,4096,0,0,1.0,0.0,0.0,0,0.0,0.09230120045220677,0.0,0.3096510516435861,1.52321134944679e-07,0.0,0.0,6.938893903907228e-18
563,0.351875,2.843334898279354e-15,9.308109838457312e-13,0.0,0.3025017897692543,1.5503010980848046e-08,0.9999994759070548,0.5,0.0,0.5,0.0,0.40750536930776293,1.55030109809315e-08,0.9999994759070548,4096,0,0,1.0,0.0,0.0,0,0.0,0.40750536930776293,0.0,0.407505369307763,1.5503010980848046e-08,0.9999994759070548,4096,0,0,1.0,0.0,0.0,0,0.0,0.407505369307763,0.0,0.09249463069223704,2.5429496635536584e-07,0.2631646349488221,4096,0,0,1.0,0.0,0.0,0,0.0,0.09249463069223704,0.0,0.30932540017054344,1.550300285582936e-07,0.0,0.0,1.0408340855860843e-17
564,0.3525,2.8454636095387195e-15,9.308109838457312e-13,0.0,0.3024373810638309,1.578338163545356e-08,0.9999994643249781,0.5,0.0,0.5,0.0,0.40731214319149256,1.5783381635536644e-08,0.9999994643249781,4096,0,0,1.0,0.0,0.0,0,0.0,0.40731214319149256,0.0,0.4073121431914925,1.578338163545356e-08,0.9999994643249781,4096,0,0,1.0,0.0,0.0,0,0.0,0.4073121431914925,0.0,0.09268785680850752,2.599458193953254e-07,0.2633905790323049,4096,0,0,1.0,0.0,0.0,0,0.0,0.09268785680850752,0.0,0.30899785791689827,1.5783373180690258e-07,0.0,0.0,3.469446951953614e-18
565,0.353125,2.8490016645760007e-15,9.237055564881302e-13,2.220446049250313e-16,0.30237304079213106,1.6073654999929377e-08,0.9999994523443425,0.5000000000000001,2.220446049250313e-16,0.5,0.0,0.40711912237639314,1.6073655000012095e-08,0.9999994523443425,4096,0,0,1.0,0.0,0.0,0,0.0,0.40711912237639314,0.0,0.40711912237639314,1.6073654999929377e-08,0.9999994523443425,4096,0,0,1.0,0.0,0.0,0,0.0,0.40711912237639314,0.0,0.09288087762360689,2.6579100050277443e-07,0.2636159921681504,4096,0,0,1.0,0.0,0.0,0,0.0,0.09288087762360689,0.0,0.308668438736184,1.6073646197101278e-07,0.0,0.0,3.469446951953614e-18
566,0.35375,2.8528010481034777e-15,9.166001291305292e-13,2.220446049250313e-16,0.3023087693437339,1.637426917942301e-08,0.9999994399476143,0.49999999999999994,1.1102230246251565e-16,0.5000000000000001,2.220446049250313e-16,0.40692630803120167,1.637426917950536e-08,0.9999994399476143,4096,0,0,1.0,0.0,0.0,0,0.0,0.40692630803120167,0.0,0.4069263080312016,1.637426917942301e-08,0.9999994399476143,4096,0,0,1.0,0.0,0.0,0,0.0,0.4069263080312016,0.0,0.09307369196879839,2.7183905752313337e-07,0.2638408780844992,4096,0,0,1.0,0.0,0.0,0,0.0,0.09307369196879839,0.0,0.3083371565334314,1.6374260008974493e-07,0.0,0.0,3.469446951953614e-18
567,0.354375,2.8555127846931004e-15,9.094947017729282e-13,0.0,0.30224456710531616,1.6685679191207234e-08,0.9999994271165255,0.5,0.0,0.5,0.0,0.4067337013159483,1.6685679191289217e-08,0.9999994271165255,4096,0,0,1.0,0.0,0.0,0,0.0,0.4067337013159483,0.0,0.4067337013159483,1.6685679191207234e-08,0.9999994271165255,4096,0,0,1.0,0.0,0.0,0,0.0,0.4067337013159483,0.0,0.09326629868405173,2.780988969381255e-07,0.26406524044664986,4096,0,0,1.0,0.0,0.0,0,0.0,0.09326629868405173,0.0,0.30800402526412385,1.6685669632257363e-07,0.0,0.0,0.0
568,0.355,2.859798020940996e-15,9.183764859699295e-13,0.0,0.3021804344606419,1.7008357515655805e-08,0.999999413832047,0.5,0.0,0.5,0.0,0.40654130338192573,1.7008357515737424e-08,0.999999413832047,4096,0,0,1.0,0.0,0.0,0,0.0,0.40654130338192573,0.0,0.40654130338192573,1.7008357515655805e-08,0.999999413832047,4096,0,0,1.0,0.0,0.0,0,0.0,0.40654130338192573,0.0,0.09345869661807428,2.8457979700141325e-07,0.26428908285817615,4096,0,0,1.0,0.0,0.0,0,0.0,0.09345869661807428,0.0,0.3076690589331441,1.7008347545901698e-07,0.0,0.0,0.0
569,0.355625,2.8639145724742464e-15,9.263700917472306e-13,2.220446049250313e-16,0.30211637179055284,1.734279466233177e-08,0.9999994000743613,0.5000000000000001,2.220446049250313e-16,0.5000000000000001,2.220446049250313e-16,0.4063491153716584,1.7342794662413026e-08,0.9999994000743613,4096,0,0,1.0,0.0,0.0,0,0.0,0.4063491153716584,0.0,0.4063491153716584,1.734279466233177e-08,0.9999994000743613,4096,0,0,1.0,0.0,0.0,0,0.0,0.4063491153716584,0.0,0.09365088462834165,2.912914212844723e-07,0.264512408862023,4096,0,0,1.0,0.0,0.0,0,0.0,0.09365088462834165,0.0,0.30733227159371157,1.7342784257944605e-07,0.0,0.0,3.469446951953614e-18
570,0.35625,2.8662756736491523e-15,9.237055564881302e-13,0.0,0.30205237947295754,1.76894997515091e-08,0.9999993858228334,0.5,0.0,0.5,0.0,0.4061571384188725,1.7689499751589993e-08,0.9999993858228334,4096,0,0,1.0,0.0,0.0,0,0.0,0.4061571384188725,0.0,0.4061571384188725,1.76894997515091e-08,0.9999993858228334,4096,0,0,1.0,0.0,0.0,0,0.0,0.4061571384188725,0.0,0.09384286158112752,2.9824383264306284e-07,0.2647352219415817,4096,0,0,1.0,0.0,0.0,0,0.0,0.09384286158112752,0.0,0.30699367734631117,1.7689488887022263e-07,0.0,0.0,3.469446951953614e-18
571,0.356875,2.869410786621647e-15,9.308109838457312e-13,0.0,0.3019884578828224,1.8049001111451902e-08,0.9999993710559821,0.5,0.0,0.5,0.0,0.40596537364846713,1.8049001111532437e-08,0.9999993710559821,4096,0,0,1.0,0.0,0.0,0,0.0,0.40596537364846713,0.0,0.40596537364846713,1.8049001111451902e-08,0.9999993710559821,4096,0,0,1.0,0.0,0.0,0,0.0,0.40596537364846713,0.0,0.09403462635153287,3.0544750761483155e-07,0.2649575255217443,4096,0,0,1.0,0.0,0.0,0,0.0,0.09403462635153287,0.0,0.3066532903376131,1.8048989759640624e-07,0.0,0.0,3.469446951953614e-18
572,0.3575,2.8727937457833227e-15,9.396927680427325e-13,0.0,0.3019246073921618,1.8421846891778884e-08,0.999999355751449,0.5,0.0,0.5,0.0,0.4057738221764855,1.8421846891859057e-08,0.999999355751449,4096,0,0,1.0,0.0,0.0,0,0.0,0.4057738221764855,0.0,0.4057738221764855,1.8421846891778884e-08,0.999999355751449,4096,0,0,1.0,0.0,0.0,0,0.0,0.4057738221764855,0.0,0.0942261778235145,3.129133512587505e-07,0.2651793229699357,4096,0,0,1.0,0.0,0.0,0,0.0,0.0942261778235145,0.0,0.30631112475938505,1.8421835023530717e-07,0.0,0.0,0.0
573,0.358125,2.875899292905808e-15,9.450218385609332e-13,0.0,0.3018608283700291,1.8808605693243944e-08,0.9999993398859679,0.5,0.0,0.5,0.0,0.40558248511008715,1.8808605693323757e-08,0.9999993398859679,4096,0,0,1.0,0.0,0.0,0,0.0,0.40558248511008715,0.0,0.40558248511008715,1.8808605693243944e-08,0.9999993398859679,4096,0,0,1.0,0.0,0.0,0,0.0,0.40558248511008715,0.0,0.09441751488991287,3.2065271244727394e-07,0.2654006175971249,4096,0,0,1.0,0.0,0.0,0,0.0,0.09441751488991287,0.0,0.3059671948473961,1.8808593277419402e-07,0.0,0.0,3.469446951953614e-18
574,0.35875,2.8784155807439482e-15,9.539036227579345e-13,0.0,0.30179712118250696,1.920986721426714e-08,0.999999323435332,0.5,0.0,0.5,0.0,0.4053913635475208,1.9209867214346596e-08,0.999999323435332,4096,0,0,1.0,0.0,0.0,0,0.0,0.4053913635475208,0.0,0.40539136354752076,1.920986721426714e-08,0.999999323435332,4096,0,0,1.0,0.0,0.0,0,0.0,0.40539136354752076,0.0,0.09460863645247923,3.286773996222657e-07,0.26562141265881356,4096,0,0,1.0,0.0,0.0,0,0.0,0.09460863645247923,0.0,0.3056215148803127,1.9209854217549709e-07,0.0,0.0,3.469446951953614e-18
575,0.359375,2.880811167101104e-15,9.521272659185342e-13,0.0,0.3017334861926993,1.9626242914553286e-08,0.9999993063743615,0.5,0.0,0.5,0.0,0.40520045857809783,1.9626242914632384e-08,0.9999993063743615,4096,0,0,1.0,0.0,0.0,0,0.0,0.40520045857809783,0.0,0.40520045857809783,1.9626242914553286e-08,0.9999993063743615,4096,0,0,1.0,0.0,0.0,0,0.0,0.40520045857809783,0.0,0.0947995414219022,3.3699969702592326e-07,0.26584171135600243,4096,0,0,1.0,0.0,0.0,0,0.0,0.0947995414219022,0.0,0.3052740991785874,1.9626229301288013e-07,0.0,0.0,0.0
576,0.36,2.88342403478918e-15,9.485745522397337e-13,0.0,0.30166992376072227,2.0058366696138542e-08,0.9999992886768689,0.5,0.0,0.5,0.0,0.4050097712821667,2.0058366696217286e-08,0.9999992886768689,4096,0,0,1.0,0.0,0.0,0,0.0,0.4050097712821667,0.0,0.4050097712821667,2.0058366696138542e-08,0.9999992886768689,4096,0,0,1.0,0.0,0.0,0,0.0,0.4050097712821667,0.0,0.09499022871783332,3.456323814180949e-07,0.2660615168361354,4096,0,0,1.0,0.0,0.0,0,0.0,0.09499022871783332,0.0,0.30492496210334047,2.0058352428158338e-07,0.0,0.0,0.0
577,0.36062500000000003,2.8858269514990818e-15,9.414691248821327e-13,0.0,0.3016064342436959,2.0506895602208264e-08,0.9999992703156243,0.5,0.0,0.5,0.0,0.4048193027310877,2.0506895602286654e-08,0.9999992703156243,4096,0,0,1.0,0.0,0.0,0,0.0,0.4048193027310877,0.0,0.4048193027310877,2.0506895602208264e-08,0.9999992703156243,4096,0,0,1.0,0.0,0.0,0,0.0,0.4048193027310877,0.0,0.09518069726891236,3.5458873929155793e-07,0.26628083219402077,4096,0,0,1.0,0.0,0.0,0,0.0,0.09518069726891236,0.0,0.30457411805523427,2.0506880638646948e-07,0.0,0.0,3.469446951953614e-18
578,0.36125,2.88916953220913e-15,9.450218385609332e-13,0.0,0.3015430179957362,2.09725105340322e-08,0.9999992512623187,0.5,0.0,0.5,0.0,0.4046290539872085,2.0972510534110235e-08,0.9999992512623187,4096,0,0,1.0,0.0,0.0,0,0.0,0.4046290539872085,0.0,0.4046290539872085,2.09725105340322e-08,0.9999992512623187,4096,0,0,1.0,0.0,0.0,0,0.0,0.4046290539872085,0.0,0.09537094601279149,3.638825845969949e-07,0.26649966047272955,4096,0,0,1.0,0.0,0.0,0,0.0,0.09537094601279149,0.0,0.304221581473341,2.0972494831123292e-07,0.0,0.0,0.0
579,0.361875,2.891717957449878e-15,9.343636975245317e-13,0.0,0.301479675367947,2.1455916986365814e-08,0.9999992314875275,0.5,0.0,0.5,0.0,0.4044390261038409,2.1455916986443496e-08,0.9999992314875275,4096,0,0,1.0,0.0,0.0,0,0.0,0.4044390261038409,0.0,0.40443902610384097,2.1455916986365814e-08,0.9999992314875275,4096,0,0,1.0,0.0,0.0,0,0.0,0.40443902610384097,0.0,0.09556097389615908,3.7352827698957316e-07,0.2667180046644707,4096,0,0,1.0,0.0,0.0,0,0.0,0.09556097389615908,0.0,0.3038673668340043,2.1455900497226002e-07,0.0,0.0,0.0
580,0.3625,2.8961990399391352e-15,9.308109838457312e-13,0.0,0.3014164067084126,2.1957845801669182e-08,0.9999992109606713,0.5,0.0,0.5,0.0,0.40424922012523756,2.195784580174651e-08,0.9999992109606713,4096,0,0,1.0,0.0,0.0,0,0.0,0.40424922012523756,0.0,0.4042492201252375,2.1957845801669182e-08,0.9999992109606713,4096,0,0,1.0,0.0,0.0,0,0.0,0.4042492201252375,0.0,0.09575077987476249,3.8354074060919974e-07,0.2669358677114431,4096,0,0,1.0,0.0,0.0,0,0.0,0.09575077987476249,0.0,0.30351148864969424,2.1957828476065272e-07,0.0,0.0,0.0
581,0.36312500000000003,2.8998726832822505e-15,9.325873406851315e-13,0.0,0.30135321236218987,2.247905394349723e-08,0.9999991896499776,0.5,0.0,0.5,0.0,0.4040596370865696,2.247905394357421e-08,0.9999991896499776,4096,0,0,1.0,0.0,0.0,0,0.0,0.4040596370865696,0.0,0.4040596370865696,2.247905394349723e-08,0.9999991896499776,4096,0,0,1.0,0.0,0.0,0,0.0,0.4040596370865696,0.0,0.09594036291343043,3.9393548340668907e-07,0.26715325250666416,4096,0,0,1.0,0.0,0.0,0,0.0,0.09594036291343043,0.0,0.3031539614678569,2.2479035727595363e-07,0.0,0.0,0.0
582,0.36375,2.903076807802072e-15,9.272582701669307e-13,2.220446049250313e-16,0.30129009267130197,2.302032528941758e-08,0.999999167522439,0.5000000000000001,2.220446049250313e-16,0.5,0.0,0.40387027801390574,2.3020325289494207e-08,0.999999167522439,4096,0,0,1.0,0.0,0.0,0,0.0,0.40387027801390574,0.0,0.40387027801390574,2.302032528941758e-08,0.999999167522439,4096,0,0,1.0,0.0,0.0,0,0.0,0.40387027801390574,0.0,0.09612972198609432,4.0472861702824427e-07,0.26737016189477464,4096,0,0,1.0,0.0,0.0,0,0.0,0.09612972198609432,0.0,0.3027947998697581,2.302030612551333e-07,0.0,0.0,3.469446951953614e-18
583,0.364375,2.906712374962249e-15,9.308109838457312e-13,0.0,0.30122704797473027,2.358247144381431e-08,0.9999991445437724,0.5,0.0,0.5,0.0,0.4036811439241908,2.3582471443890587e-08,0.9999991445437724,4096,0,0,1.0,0.0,0.0,0,0.0,0.4036811439241908,0.0,0.4036811439241908,2.358247144381431e-08,0.9999991445437724,4096,0,0,1.0,0.0,0.0,0,0.0,0.4036811439241908,0.0,0.0963188560758092,4.159368772708145e-07,0.26758659867282,4096,0,0,1.0,0.0,0.0,0,0.0,0.0963188560758092,0.0,0.3024340184693214,2.3582451270042251e-07,0.0,0.0,3.469446951953614e-18
584,0.365,2.9097241533424375e-15,9.29034627006331e-13,0.0,0.30116407860840877,2.416633257093814e-08,0.9999991206783756,0.5,0.0,0.5,0.0,0.40349223582522636,2.416633257101407e-08,0.9999991206783755,4096,0,0,1.0,0.0,0.0,0,0.0,0.40349223582522636,0.0,0.4034922358252263,2.416633257093814e-08,0.9999991206783756,4096,0,0,1.0,0.0,0.0,0,0.0,0.4034922358252263,0.0,0.09650776417477369,4.275776451210497e-07,0.26780256559100785,4096,0,0,1.0,0.0,0.0,0,0.0,0.09650776417477369,0.0,0.30207163191196196,2.4166311320959324e-07,0.0,0.0,3.469446951953614e-18
585,0.36562500000000003,2.9126897695061317e-15,9.29034627006331e-13,0.0,0.3011011849052169,2.4772778248565327e-08,0.9999990958892834,0.5,0.0,0.5,0.0,0.4033035547156507,2.4772778248640908e-08,0.9999990958892833,4096,0,0,1.0,0.0,0.0,0,0.0,0.4033035547156507,0.0,0.4033035547156507,2.4772778248565327e-08,0.9999990958892834,4096,0,0,1.0,0.0,0.0,0,0.0,0.4033035547156507,0.0,0.09669644528434933,4.3966896839073215e-07,0.2680180653534415,4096,0,0,1.0,0.0,0.0,0,0.0,0.09669644528434933,0.0,0.301707654873415,2.477275585123103e-07,0.0,0.0,0.0
586,0.36625,2.9164492463568013e-15,9.272582701669307e-13,0.0,0.3010383671949736,2.5345227291414263e-08,0.9999990701381222,0.5,0.0,0.5,0.0,0.4031151015849209,2.53452272914903e-08,0.9999990701381221,4096,0,0,1.0,0.0,0.0,0,0.0,0.4031151015849209,0.0,0.4031151015849208,2.5345227291414263e-08,0.9999990701381222,4096,0,0,1.0,0.0,0.0,0,0.0,0.4031151015849208,0.0,0.09688489841507916,4.522295839617182e-07,0.2682331006188295,4096,0,0,1.0,0.0,0.0,0,0.0,0.09688489841507916,0.0,0.30134210205855966,2.534520331929816e-07,0.0,0.0,3.469446951953614e-18
587,0.366875,2.919856608024193e-15,9.254819133275305e-13,0.0,0.3009756258044315,2.5741365974806755e-08,0.9999990433850632,0.5,0.0,0.5,0.0,0.4029268774132944,2.5741365974882445e-08,0.9999990433850631,4096,0,0,1.0,0.0,0.0,0,0.0,0.4029268774132944,0.0,0.40292687741329447,2.5741365974806755e-08,0.9999990433850632,4096,0,0,1.0,0.0,0.0,0,0.0,0.40292687741329447,0.0,0.09707312258670557,4.6527894065357487e-07,0.26844767400117087,4096,0,0,1.0,0.0,0.0,0,0.0,0.09707312258670557,0.0,0.30097498820023877,2.5741341149925717e-07,0.0,0.0,0.0
588,0.3675,2.9242317039844487e-15,9.201528428093297e-13,2.220446049250313e-16,0.3009129610572709,2.6150820142491955e-08,0.999999016436648,0.5000000000000001,2.220446049250313e-16,0.5000000000000001,2.220446049250313e-16,0.4027388831718126,2.6150820142567298e-08,0.999999016436648,4096,0,0,1.0,0.0,0.0,0,0.0,0.4027388831718126,0.0,0.4027388831718126,2.6150820142491955e-08,0.9999990164366476,4096,0,0,1.0,0.0,0.0,0,0.0,0.4027388831718126,0.0,0.09726111682818743,4.787062650261321e-07,0.2686617880704168,4096,0,0,1.0,0.0,0.0,0,0.0,0.09726111682818743,0.0,0.3006063280580751,2.615079442150364e-07,0.0,0.0,0.0
589,0.368125,2.9274399312284853e-15,9.237055564881302e-13,0.0,0.30085037327409453,2.657416179566191e-08,0.9999989966503756,0.5,0.0,0.5,0.0,0.4025511198222836,2.6574161795736905e-08,0.9999989966503756,4096,0,0,1.0,0.0,0.0,0,0.0,0.4025511198222836,0.0,0.4025511198222836,2.657416179566191e-08,0.9999989966503752,4096,0,0,1.0,0.0,0.0,0,0.0,0.4025511198222836,0.0,0.09744888017771641,4.883877304120129e-07,0.2688754453531074,4096,0,0,1.0,0.0,0.0,0,0.0,0.09744888017771641,0.0,0.3002361364172831,2.6574135132486654e-07,0.0,0.0,0.0
590,0.36875,2.9308348030915994e-15,9.254819133275305e-13,0.0,0.3007878627724225,2.7011983777003848e-08,0.9999989762186349,0.5,0.0,0.5,0.0,0.4023635883172674,2.7011983777078496e-08,0.9999989762186349,4096,0,0,1.0,0.0,0.0,0,0.0,0.4023635883172674,0.0,0.4023635883172674,2.7011983777003848e-08,0.9999989762186344,4096,0,0,1.0,0.0,0.0,0,0.0,0.4023635883172674,0.0,0.09763641168273263,4.983846897807313e-07,0.26908864833298474,4096,0,0,1.0,0.0,0.0,0,0.0,0.09763641168273263,0.0,0.2998644280874779,2.7011956122638224e-07,0.0,0.0,3.469446951953614e-18
591,0.369375,2.933527186730713e-15,9.272582701669307e-13,2.220446049250313e-16,0.3007254298666868,2.7464900403195656e-08,0.9999989551142564,0.5,0.0,0.5000000000000001,2.220446049250313e-16,0.4021762896000605,2.746490040326996e-08,0.9999989551142564,4096,0,0,1.0,0.0,0.0,0,0.0,0.4021762896000605,0.0,0.40217628960006047,2.7464900403195656e-08,0.999998955114256,4096,0,0,1.0,0.0,0.0,0,0.0,0.40217628960006047,0.0,0.09782371039993953,5.087104206778241e-07,0.2693013994515813,4096,0,0,1.0,0.0,0.0,0,0.0,0.09782371039993953,0.0,0.2994912179014811,2.7464871705512776e-07,0.0,0.0,3.469446951953614e-18
592,0.37,2.935703681162869e-15,9.166001291305292e-13,0.0,0.30066307486822735,2.7933548113440064e-08,0.9999989333089998,0.5,0.0,0.5,0.0,0.40198922460468206,2.793354811351402e-08,0.9999989333089998,4096,0,0,1.0,0.0,0.0,0,0.0,0.40198922460468206,0.0,0.40198922460468206,2.7933548113440064e-08,0.9999989333089994,4096,0,0,1.0,0.0,0.0,0,0.0,0.40198922460468206,0.0,0.09801077539531801,5.193787251064113e-07,0.2695137011087845,4096,0,0,1.0,0.0,0.0,0,0.0,0.09801077539531801,0.0,0.29911652071412353,2.7933518316975685e-07,0.0,0.0,3.469446951953614e-18
593,0.370625,2.9393227903754304e-15,9.254819133275305e-13,0.0,0.3006007980852868,2.8418586134342954e-08,0.9999989107735172,0.5,0.0,0.5,0.0,0.40180239425586023,2.841858613441657e-08,0.9999989107735172,4096,0,0,1.0,0.0,0.0,0,0.0,0.40180239425586023,0.0,0.40180239425586023,2.8418586134342954e-08,0.9999989107735168,4096,0,0,1.0,0.0,0.0,0,0.0,0.40180239425586023,0.0,0.09819760574413983,5.30403947383571e-07,0.26972555566337636,4096,0,0,1.0,0.0,0.0,0,0.0,0.09819760574413983,0.0,0.2987403514010454,2.841855518006633e-07,0.0,0.0,3.469446951953614e-18
594,0.37125,2.942501982476453e-15,9.254819133275305e-13,0.0,0.3005385998230066,2.8920697161443577e-08,0.9999988874773159,0.5,0.0,0.5,0.0,0.4016157994690199,2.8920697161516852e-08,0.9999988874773159,4096,0,0,1.0,0.0,0.0,0,0.0,0.4016157994690199,0.0,0.4016157994690199,2.8920697161443577e-08,0.9999988874773155,4096,0,0,1.0,0.0,0.0,0,0.0,0.4016157994690199,0.0,0.09838420053098013,5.418009925088347e-07,0.26993696543354967,4096,0,0,1.0,0.0,0.0,0,0.0,0.09838420053098013,0.0,0.29836272485749443,2.8920664986511943e-07,0.0,0.0,3.469446951953614e-18
595,0.371875,2.9442303127205786e-15,9.325873406851315e-13,0.0,0.3004764803834235,2.9440588057706535e-08,0.9999988633887199,0.5,0.0,0.5,0.0,0.4014294411502705,2.944058805777947e-08,0.9999988633887199,4096,0,0,1.0,0.0,0.0,0,0.0,0.4014294411502705,0.0,0.4014294411502705,2.9440588057706535e-08,0.9999988633887195,4096,0,0,1.0,0.0,0.0,0,0.0,0.4014294411502705,0.0,0.09857055884972953,5.535853450563621e-07,0.2701479326973991,4096,0,0,1.0,0.0,0.0,0,0.0,0.09857055884972953,0.0,0.2979836559971222,2.9440554595202055e-07,0.0,0.0,3.469446951953614e-18
596,0.3725,2.94720104871167e-15,9.2192919964873e-13,0.0,0.300414440065465,2.997899056928755e-08,0.9999988384748303,0.5,0.0,0.5,0.0,0.401243320196395,2.9978990569360145e-08,0.9999988384748303,4096,0,0,1.0,0.0,0.0,0,0.0,0.401243320196395,0.0,0.401243320196395,2.997899056928755e-08,0.9999988384748298,4096,0,0,1.0,0.0,0.0,0,0.0,0.401243320196395,0.0,0.098756679803605,5.657730886025075e-07,0.2703792448750678,4096,0,0,1.0,0.0,0.0,0,0.0,0.098756679803605,0.0,0.29760315975077767,2.997895574793544e-07,0.0,0.0,0.0
597,0.373125,2.9503093725271058e-15,9.308109838457312e-13,0.0,0.30035247916494656,3.0536662058886944e-08,0.9999988127014846,0.5,0.0,0.5,0.0,0.40105743749483963,3.05366620589592e-08,0.9999988127014846,4096,0,0,1.0,0.0,0.0,0,0.0,0.40105743749483963,0.0,0.40105743749483963,3.0536662058886944e-08,0.9999988127014842,4096,0,0,1.0,0.0,0.0,0,0.0,0.40105743749483963,0.0,0.0989425625051604,5.783809257006411e-07,0.27061263486992054,4096,0,0,1.0,0.0,0.0,0,0.0,0.0989425625051604,0.0,0.2972212510653012,3.053662580275342e-07,0.0,0.0,0.0
598,0.37375,2.9535175614167472e-15,9.414691248821327e-13,0.0,0.300290597974568,3.111438625700661e-08,0.999998786033215,0.5,0.0,0.5,0.0,0.400871793923704,3.111438625707853e-08,0.999998786033215,4096,0,0,1.0,0.0,0.0,0,0.0,0.400871793923704,0.0,0.400871793923704,3.111438625700661e-08,0.9999987860332146,4096,0,0,1.0,0.0,0.0,0,0.0,0.400871793923704,0.0,0.09912820607629602,5.91426198415241e-07,0.2708453560336019,4096,0,0,1.0,0.0,0.0,0,0.0,0.09912820607629602,0.0,0.2968379449023151,3.1114348485175156e-07,0.0,0.0,0.0
599,0.374375,2.95596592172091e-15,9.485745522397337e-13,0.0,0.30022879678391085,3.171297403142795e-08,0.9999987584332052,0.5,0.0,0.5,0.0,0.40068639035173254,3.171297403149953e-08,0.9999987584332052,4096,0,0,1.0,0.0,0.0,0,0.0,0.40068639035173254,0.0,0.40068639035173254,3.171297403142795e-08,0.9999987584332047,4096,0,0,1.0,0.0,0.0,0,0.0,0.40068639035173254,0.0,0.09931360964826752,6.049269094274175e-07,0.2710774142459219,4096,0,0,1.0,0.0,0.0,0,0.0,0.09931360964826752,0.0,0.29645325623701557,3.171293465765243e-07,0.0,0.0,3.469446951953614e-18
600,0.375,2.958445190361875e-15,9.450218385609332e-13,2.220446049250313e-16,0.3001670758794354,3.2333264175229855e-08,0.9999987298632464,0.5000000000000001,2.220446049250313e-16,0.5,0.0,0.4005012276383061,3.23332641753011e-08,0.9999987298632464,4096,0,0,1.0,0.0,0.0,0,0.0,0.4005012276383061,0.0,0.4005012276383061,3.2333264175229855e-08,0.999998729863246,4096,0,0,1.0,0.0,0.0,0,0.0,0.4005012276383061,0.0,0.09949877236169397,6.189017437241778e-07,0.27130881528309614,4096,0,0,1.0,0.0,0.0,0,0.0,0.09949877236169397,0.0,0.2960672000569622,3.2333223107562667e-07,0.0,0.0,3.469446951953614e-18
601,0.375625,2.9610971615744942e-15,9.521272659185342e-13,0.0,0.30010543554447827,3.297612421366722e-08,0.9999987002836921,0.5,0.0,0.5,0.0,0.40031630663343487,3.297612421373813e-08,0.9999987002836921,4096,0,0,1.0,0.0,0.0,0,0.0,0.40031630663343487,0.0,0.40031630663343487,3.297612421366722e-08,0.9999987002836916,4096,0,0,1.0,0.0,0.0,0,0.0,0.40031630663343487,0.0,0.09968369336656513,6.333700908838819e-07,0.2715395648191202,4096,0,0,1.0,0.0,0.0,0,0.0,0.09968369336656513,0.0,0.2956797913608683,3.297608135406081e-07,0.0,0.0,0.0
602,0.37625000000000003,2.964934325381541e-15,9.450218385609332e-13,0.0,0.30004387605925065,3.3642451230231886e-08,0.9999986696534109,0.5,0.0,0.5,0.0,0.40013162817775183,3.3642451230302454e-08,0.9999986696534109,4096,0,0,1.0,0.0,0.0,0,0.0,0.40013162817775183,0.0,0.40013162817775183,3.3642451230231886e-08,0.9999986696534104,4096,0,0,1.0,0.0,0.0,0,0.0,0.40013162817775183,0.0,0.09986837182224825,6.483520679704841e-07,0.271769668427134,4096,0,0,1.0,0.0,0.0,0,0.0,0.09986837182224825,0.0,0.2952910451573907,3.364240647411164e-07,0.0,0.0,3.469446951953614e-18
603,0.376875,2.9673877143285105e-15,9.521272659185342e-13,0.0,0.2999823977008355,3.43331727122189e-08,0.9999986379297392,0.5,0.0,0.5,0.0,0.3999471931025063,3.433317271228914e-08,0.9999986379297392,4096,0,0,1.0,0.0,0.0,0,0.0,0.3999471931025063,0.0,0.39994719310250637,3.43331727122189e-08,0.9999986379297388,4096,0,0,1.0,0.0,0.0,0,0.0,0.39994719310250637,0.0,0.10005280689749371,6.638685430492875e-07,0.27199913158077355,4096,0,0,1.0,0.0,0.0,0,0.0,0.10005280689749371,0.0,0.2949009764639202,3.4333125948025387e-07,0.0,0.0,0.0
604,0.3775,2.971120205135021e-15,9.521272659185342e-13,0.0,0.29992100074318667,3.504924741612223e-08,0.999998605068432,0.5,0.0,0.5,0.0,0.39976300222955985,3.5049247416192134e-08,0.999998605068432,4096,0,0,1.0,0.0,0.0,0,0.0,0.39976300222955985,0.0,0.39976300222955985,3.504924741612223e-08,0.9999986050684315,4096,0,0,1.0,0.0,0.0,0,0.0,0.39976300222955985,0.0,0.1002369977704402,6.799411593370801e-07,0.272227959655511,4096,0,0,1.0,0.0,0.0,0,0.0,0.1002369977704402,0.0,0.29450960030537177,3.5049198524820576e-07,0.0,0.0,0.0
605,0.378125,2.9752545110380545e-15,9.539036227579345e-13,2.220446049250313e-16,0.299859685457127,3.5791666253184646e-08,0.9999985710236118,0.5000000000000001,2.220446049250313e-16,0.5,0.0,0.399579056371381,3.579166625325423e-08,0.9999985710236118,4096,0,0,1.0,0.0,0.0,0,0.0,0.399579056371381,0.0,0.399579056371381,3.5791666253184646e-08,0.9999985710236113,4096,0,0,1.0,0.0,0.0,0,0.0,0.399579056371381,0.0,0.100420943628619,6.965923599996474e-07,0.2724561579299816,4096,0,0,1.0,0.0,0.0,0,0.0,0.100420943628619,0.0,0.29411693171297637,3.5791615107738676e-07,0.0,0.0,3.469446951953614e-18
606,0.37875000000000003,2.977115424193159e-15,9.485745522397337e-13,2.220446049250313e-16,0.29979845211034756,3.6561453195427555e-08,0.9999985357477176,0.5000000000000001,2.220446049250313e-16,0.5,0.0,0.3993953563310425,3.656145319549681e-08,0.9999985357477176,4096,0,0,1.0,0.0,0.0,0,0.0,0.3993953563310425,0.0,0.3993953563310425,3.6561453195427555e-08,0.9999985357477171,4096,0,0,1.0,0.0,0.0,0,0.0,0.3993953563310425,0.0,0.10060464366895756,7.13845413609789e-07,0.2726837315872974,4096,0,0,1.0,0.0,0.0,0,0.0,0.10060464366895756,0.0,0.2937229857230734,3.6561399660236266e-07,0.0,0.0,3.469446951953614e-18
607,0.379375,2.9811689677342515e-15,9.467981954003335e-13,0.0,0.29973730096740586,3.735966620248667e-08,0.9999984991914512,0.5,0.0,0.5,0.0,0.39921190290221764,3.735966620255559e-08,0.9999984991914512,4096,0,0,1.0,0.0,0.0,0,0.0,0.39921190290221764,0.0,0.39921190290221764,3.735966620248667e-08,0.9999984991914508,4096,0,0,1.0,0.0,0.0,0,0.0,0.39921190290221764,0.0,0.10078809709778236,7.317244402790911e-07,0.27291068571634675,4096,0,0,1.0,0.0,0.0,0,0.0,0.10078809709778236,0.0,0.29332777737590476,3.7359610132780255e-07,0.0,0.0,3.469446951953614e-18
608,0.38,2.9826532422832138e-15,9.50350909079134e-13,2.220446049250313e-16,0.29967623228972634,3.818739816958022e-08,0.9999984613037228,0.5000000000000001,2.220446049250313e-16,0.5000000000000001,2.220446049250313e-16,0.3990286968691791,3.818739816964882e-08,0.9999984613037228,4096,0,0,1.0,0.0,0.0,0,0.0,0.3990286968691791,0.0,0.3990286968691791,3.818739816958022e-08,0.9999984613037224,4096,0,0,1.0,0.0,0.0,0,0.0,0.3990286968691791,0.0,0.10097130313082094,7.502544384768254e-07,0.2731370253130793,4096,0,0,1.0,0.0,0.0,0,0.0,0.10097130313082094,0.0,0.2929313217144096,3.8187339410772824e-07,0.0,0.0,3.469446951953614e-18
609,0.380625,2.9843435075160467e-15,9.521272659185342e-13,0.0,0.29961524633559894,3.904577789693625e-08,0.999998422031595,0.5,0.0,0.5,0.0,0.3988457390067969,3.904577789700452e-08,0.999998422031595,4096,0,0,1.0,0.0,0.0,0,0.0,0.3988457390067969,0.0,0.3988457390067969,3.904577789693625e-08,0.9999984220315945,4096,0,0,1.0,0.0,0.0,0,0.0,0.3988457390067969,0.0,0.10115426099320313,7.694613125494674e-07,0.27336275528177667,4096,0,0,1.0,0.0,0.0,0,0.0,0.10115426099320313,0.0,0.29253363378302266,3.904571628393238e-07,0.0,0.0,0.0
610,0.38125000000000003,2.9861302848306933e-15,9.592326932761353e-13,0.0,0.29955434336017944,3.993597108100572e-08,0.999998381320225,0.5,0.0,0.5,0.0,0.3986630300805382,3.993597108107367e-08,0.999998381320225,4096,0,0,1.0,0.0,0.0,0,0.0,0.3986630300805382,0.0,0.3986630300805382,3.993597108100572e-08,0.9999983813202246,4096,0,0,1.0,0.0,0.0,0,0.0,0.3986630300805382,0.0,0.10133696991946178,7.89371900954435e-07,0.2735878804363067,4096,0,0,1.0,0.0,0.0,0,0.0,0.10133696991946178,0.0,0.292134728626473,3.993590643745704e-07,0.0,0.0,3.469446951953614e-18
611,0.381875,2.989509683302395e-15,9.556799795973347e-13,0.0,0.2994935236154892,4.0673150059244414e-08,0.9999983391128062,0.5,0.0,0.5,0.0,0.3984805708464676,4.0673150059312805e-08,0.9999983391128062,4096,0,0,1.0,0.0,0.0,0,0.0,0.3984805708464676,0.0,0.3984805708464676,4.0673150059244414e-08,0.9999983391128058,4096,0,0,1.0,0.0,0.0,0,0.0,0.3984805708464676,0.0,0.10151942915353246,8.100140052217618e-07,0.27381240550136254,4096,0,0,1.0,0.0,0.0,0,0.0,0.10151942915353246,0.0,0.29173462128858607,4.0673081358459665e-07,0.0,0.0,3.469446951953614e-18
612,0.3825,2.9929771619105593e-15,9.556799795973347e-13,0.0,0.29943278735041584,4.124366430078995e-08,0.9999982953505074,0.5,0.0,0.5,0.0,0.3982983620512476,4.124366430085802e-08,0.9999982953505074,4096,0,0,1.0,0.0,0.0,0,0.0,0.3982983620512476,0.0,0.3982983620512476,4.124366430078995e-08,0.999998295350507,4096,0,0,1.0,0.0,0.0,0,0.0,0.3982983620512476,0.0,0.10170163794875246,8.314164196575208e-07,0.2740363351136851,4096,0,0,1.0,0.0,0.0,0,0.0,0.10170163794875246,0.0,0.29133332681108837,4.1243593385925105e-07,0.0,0.0,3.469446951953614e-18
613,0.383125,2.9946843399541506e-15,9.698908343125368e-13,0.0,0.2993721348107136,4.183290078241794e-08,0.9999982499724112,0.5,0.0,0.5,0.0,0.3981164044321408,4.1832900782485684e-08,0.9999982499724112,4096,0,0,1.0,0.0,0.0,0,0.0,0.3981164044321408,0.0,0.3981164044321408,4.183290078241794e-08,0.9999982499724107,4096,0,0,1.0,0.0,0.0,0,0.0,0.3981164044321408,0.0,0.10188359556785925,8.536089618029155e-07,0.2742596738232688,4096,0,0,1.0,0.0,0.0,0,0.0,0.10188359556785925,0.0,0.290930860232415,4.183282754748902e-07,0.0,0.0,3.469446951953614e-18
614,0.38375000000000004,2.9996797252790342e-15,9.592326932761353e-13,0.0,0.299311566239004,4.2441632153775204e-08,0.9999982171436759,0.5,0.0,0.5,0.0,0.39793469871701204,4.244163215384262e-08,0.9999982171436759,4096,0,0,1.0,0.0,0.0,0,0.0,0.39793469871701204,0.0,0.397934698717012,4.2441632153775204e-08,0.9999982171436758,4096,0,0,1.0,0.0,0.0,0,0.0,0.397934698717012,0.0,0.10206530128298799,8.702073452689552e-07,0.2744824260945505,4096,0,0,1.0,0.0,0.0,0,0.0,0.10206530128298799,0.0,0.29052723658651963,4.2441556486442914e-07,0.0,0.0,0.0
615,0.384375,3.001953389131929e-15,9.539036227579345e-13,0.0,0.2992510818747773,4.307065733396862e-08,0.9999981839413709,0.5,0.0,0.5,0.0,0.39775324562433173,4.307065733403572e-08,0.9999981839413709,4096,0,0,1.0,0.0,0.0,0,0.0,0.39775324562433173,0.0,0.39775324562433173,4.307065733396862e-08,0.9999981839413707,4096,0,0,1.0,0.0,0.0,0,0.0,0.39775324562433173,0.0,0.10224675437566834,8.864939852008265e-07,0.2747045963075801,4096,0,0,1.0,0.0,0.0,0,0.0,0.10224675437566834,0.0,0.29012247090168963,4.307057911512971e-07,0.0,0.0,3.469446951953614e-18
616,0.385,3.00486291383195e-15,9.681144774731365e-13,0.0,0.2991906819543932,4.372080224787616e-08,0.9999981496988927,0.5,0.0,0.5,0.0,0.39757204586317957,4.372080224794293e-08,0.9999981496988927,4096,0,0,1.0,0.0,0.0,0,0.0,0.39757204586317957,0.0,0.3975720458631795,4.372080224787616e-08,0.9999981496988926,4096,0,0,1.0,0.0,0.0,0,0.0,0.3975720458631795,0.0,0.10242795413682051,9.032901518546832e-07,0.2749261887591743,4096,0,0,1.0,0.0,0.0,0,0.0,0.10242795413682051,0.0,0.2897165781993631,4.3720721351227344e-07,0.0,0.0,3.469446951953614e-18
617,0.385625,3.007414257771285e-15,9.698908343125368e-13,2.220446049250313e-16,0.2991303667110831,4.439292057952472e-08,0.9999981143744028,0.5000000000000001,2.220446049250313e-16,0.5,0.0,0.3973911001332493,4.4392920579591175e-08,0.9999981143744028,4096,0,0,1.0,0.0,0.0,0,0.0,0.3973911001332493,0.0,0.3973911001332493,4.439292057952472e-08,0.9999981143744027,4096,0,0,1.0,0.0,0.0,0,0.0,0.3973911001332493,0.0,0.10260889986675076,9.206163376299729e-07,0.2751472076640516,4096,0,0,1.0,0.0,0.0,0,0.0,0.10260889986675076,0.0,0.2893095734929507,4.4392836871097345e-07,0.0,0.0,0.0
618,0.38625,3.0101225916865554e-15,9.734435479913373e-13,2.220446049250313e-16,0.29907013637495145,4.508789454281759e-08,0.9999980779245164,0.5000000000000001,2.220446049250313e-16,0.5,0.0,0.3972104091248542,4.5087894542883724e-08,0.9999980779245164,4096,0,0,1.0,0.0,0.0,0,0.0,0.3972104091248542,0.0,0.3972104091248542,4.508789454281759e-08,0.9999980779245163,4096,0,0,1.0,0.0,0.0,0,0.0,0.3972104091248542,0.0,0.1027895908751458,9.384937938123119e-07,0.27536765715594874,4096,0,0,1.0,0.0,0.0,0,0.0,0.1027895908751458,0.0,0.28890147178666203,4.5087807880480887e-07,0.0,0.0,0.0
619,0.386875,3.014181235032851e-15,9.805489753489383e-13,0.0,0.2990099911729777,4.5806635669894867e-08,0.999998040304254,0.5,0.0,0.5,0.0,0.3970299735189331,4.5806635669960684e-08,0.999998040304254,4096,0,0,1.0,0.0,0.0,0,0.0,0.3970299735189331,0.0,0.3970299735189331,4.5806635669894867e-08,0.9999980403042539,4096,0,0,1.0,0.0,0.0,0,0.0,0.3970299735189331,0.0,0.10297002648106689,9.569445544985381e-07,0.2755875412887186,4096,0,0,1.0,0.0,0.0,0,0.0,0.10297002648106689,0.0,0.28849228807433513,4.580654590282581e-07,0.0,0.0,3.469446951953614e-18
620,0.3875,3.016104574963995e-15,9.85878045867139e-13,2.220446049250313e-16,0.29894993132901904,4.655008561741127e-08,0.9999980014669907,0.5000000000000001,2.220446049250313e-16,0.49999999999999994,1.1102230246251565e-16,0.39684979398705716,4.655008561747677e-08,0.9999980014669907,4096,0,0,1.0,0.0,0.0,0,0.0,0.39684979398705716,0.0,0.3968497939870571,4.655008561741127e-08,0.9999980014669906,4096,0,0,1.0,0.0,0.0,0,0.0,0.3968497939870571,0.0,0.10315020601294285,9.759914611482343e-07,0.2758068640374089,4096,0,0,1.0,0.0,0.0,0,0.0,0.10315020601294285,0.0,0.28808203733827265,4.6549992585528577e-07,0.0,0.0,3.469446951953614e-18
621,0.388125,3.0172357933443735e-15,9.805489753489383e-13,0.0,0.2988899570638125,4.731921699101599e-08,0.9999979613644061,0.5,0.0,0.5,0.0,0.3966698711914375,4.731921699108118e-08,0.9999979613644061,4096,0,0,1.0,0.0,0.0,0,0.0,0.3966698711914375,0.0,0.3966698711914375,4.731921699101599e-08,0.999997961364406,4096,0,0,1.0,0.0,0.0,0,0.0,0.3966698711914375,0.0,0.10333012880856254,9.956581877741603e-07,0.2760256292993215,4096,0,0,1.0,0.0,0.0,0,0.0,0.10333012880856254,0.0,0.2876707345480809,4.731912052437596e-07,0.0,0.0,0.0
622,0.38875,3.0207378747515414e-15,9.823253321883385e-13,0.0,0.2988300685949779,4.811503418831994e-08,0.9999979199464308,0.5,0.0,0.5,0.0,0.39649020578493355,4.811503418838481e-08,0.9999979199464308,4096,0,0,1.0,0.0,0.0,0,0.0,0.39649020578493355,0.0,0.3964902057849335,4.811503418831994e-08,0.9999979199464307,4096,0,0,1.0,0.0,0.0,0,0.0,0.3964902057849335,0.0,0.10350979421506656,1.015969266784145e-06,0.2762438408950522,4096,0,0,1.0,0.0,0.0,0,0.0,0.10350979421506656,0.0,0.2872583946595157,4.811493410647134e-07,0.0,0.0,3.469446951953614e-18
623,0.389375,3.0229654636653727e-15,9.823253321883385e-13,0.0,0.2987702661370206,4.893857426063576e-08,0.9999978771611934,0.5,0.0,0.5,0.0,0.3963107984110618,4.893857426070032e-08,0.9999978771611934,4096,0,0,1.0,0.0,0.0,0,0.0,0.3963107984110618,0.0,0.3963107984110618,4.893857426063576e-08,0.9999978771611933,4096,0,0,1.0,0.0,0.0,0,0.0,0.3963107984110618,0.0,0.10368920158893821,1.0369501154871055e-06,0.27646150256951074,4096,0,0,1.0,0.0,0.0,0,0.0,0.10368920158893821,0.0,0.2868450326133324,4.893847037193118e-07,0.0,0.0,0.0
624,0.39,3.0264557523034197e-15,9.894307595459395e-13,2.220446049250313e-16,0.29871054990133544,4.9790907793776484e-08,0.9999978329549642,0.5000000000000001,2.220446049250313e-16,0.5,0.0,0.3961316497040062,4.979090779384073e-08,0.9999978329549642,4096,0,0,1.0,0.0,0.0,0,0.0,0.3961316497040062,0.0,0.3961316497040062,4.9790907793776484e-08,0.9999978329549641,4096,0,0,1.0,0.0,0.0,0,0.0,0.3961316497040062,0.0,0.10386835029599381,1.0586270632759658e-06,0.27667861799292054,4096,0,0,1.0,0.0,0.0,0,0.0,0.10386835029599381,0.0,0.28643066333414247,4.979079989463693e-07,0.0,0.0,0.0
625,0.390625,3.0283696871015874e-15,9.876544027065393e-13,0.0,0.29865092009620936,5.0673139808198255e-08,0.9999977872720998,0.5,0.0,0.5,0.0,0.3959527602886279,5.067313980826219e-08,0.9999977872720998,4096,0,0,1.0,0.0,0.0,0,0.0,0.3959527602886279,0.0,0.3959527602886279,5.0673139808198255e-08,0.9999977872720996,4096,0,0,1.0,0.0,0.0,0,0.0,0.3959527602886279,0.0,0.10404723971137217,1.0810273795003549e-06,0.27689519076179864,4096,0,0,1.0,0.0,0.0,0,0.0,0.10404723971137217,0.0,0.2860153017292756,5.0673027682328e-07,0.0,0.0,3.469446951953614e-18
626,0.39125,3.0320181634193068e-15,9.947598300641403e-13,0.0,0.2985913769268255,5.158641067877271e-08,0.9999977400549838,0.5,0.0,0.5,0.0,0.39577413078047646,5.158641067883634e-08,0.9999977400549838,4096,0,0,1.0,0.0,0.0,0,0.0,0.39577413078047646,0.0,0.39577413078047646,5.158641067877271e-08,0.9999977400549837,4096,0,0,1.0,0.0,0.0,0,0.0,0.39577413078047646,0.0,0.10422586921952354,1.1041793020420662e-06,0.2771112243999148,4096,0,0,1.0,0.0,0.0,0,0.0,0.10422586921952354,0.0,0.2855989626876476,5.158629409632099e-07,0.0,0.0,3.469446951953614e-18
627,0.39187500000000003,3.035314241406434e-15,9.912071163853398e-13,0.0,0.29853192059526745,5.253189707447413e-08,0.9999976912439682,0.5,0.0,0.5,0.0,0.39559576178580236,5.2531897074537444e-08,0.9999976912439682,4096,0,0,1.0,0.0,0.0,0,0.0,0.39559576178580236,0.0,0.39559576178580236,5.253189707447413e-08,0.9999976912439681,4096,0,0,1.0,0.0,0.0,0,0.0,0.39559576178580236,0.0,0.10440423821419767,1.1281120666063534e-06,0.2773267223592305,4096,0,0,1.0,0.0,0.0,0,0.0,0.10440423821419767,0.0,0.28518166107863535,5.253177579113989e-07,0.0,0.0,0.0
628,0.3925,3.0374277341752244e-15,9.894307595459395e-13,0.0,0.29847255130052297,5.351081291826588e-08,0.9999976407773121,0.5,0.0,0.5,0.0,0.3954176539015688,5.351081291832888e-08,0.9999976407773121,4096,0,0,1.0,0.0,0.0,0,0.0,0.3954176539015688,0.0,0.3954176539015688,5.351081291826588e-08,0.999997640777312,4096,0,0,1.0,0.0,0.0,0,0.0,0.3954176539015688,0.0,0.10458234609843127,1.152855936742233e-06,0.27754168802081675,4096,0,0,1.0,0.0,0.0,0,0.0,0.10458234609843127,0.0,0.28476341175095743,5.3510686674342e-07,0.0,0.0,3.469446951953614e-18
629,0.393125,3.0402904859392315e-15,9.841016890277388e-13,0.0,0.29841326923848843,5.4524410367470227e-08,0.999997588591119,0.5,0.0,0.5,0.0,0.39523980771546524,5.452441036753293e-08,0.999997588591119,4096,0,0,1.0,0.0,0.0,0,0.0,0.39523980771546524,0.0,0.39523980771546535,5.4524410367470227e-08,0.9999975885911189,4096,0,0,1.0,0.0,0.0,0,0.0,0.39523980771546535,0.0,0.10476019228453473,1.1784422346050527e-06,0.2777561246957515,4096,0,0,1.0,0.0,0.0,0,0.0,0.10476019228453473,0.0,0.28434422953156224,5.452427888682283e-07,0.0,0.0,6.938893903907228e-18
630,0.39375,3.041585361064221e-15,9.805489753489383e-13,0.0,0.29835407460197394,5.557398081490447e-08,0.9999975346192728,0.5,0.0,0.5,0.0,0.39506222380592176,5.5573980814966866e-08,0.9999975346192728,4096,0,0,1.0,0.0,0.0,0,0.0,0.39506222380592176,0.0,0.39506222380592176,5.557398081490447e-08,0.9999975346192727,4096,0,0,1.0,0.0,0.0,0,0.0,0.39506222380592176,0.0,0.10493777619407829,1.2049033724746642e-06,0.277970035625996,4096,0,0,1.0,0.0,0.0,0,0.0,0.10493777619407829,0.0,0.2839241292245228,5.557384380388322e-07,0.0,0.0,3.469446951953614e-18
631,0.39437500000000003,3.045652018779549e-15,9.752199048307375e-13,0.0,0.2982949675807076,5.666085591106547e-08,0.9999974787933725,0.5,0.0,0.5,0.0,0.39488490274212285,5.6660855911127563e-08,0.9999974787933725,4096,0,0,1.0,0.0,0.0,0,0.0,0.39488490274212285,0.0,0.39488490274212285,5.666085591106547e-08,0.9999974787933724,4096,0,0,1.0,0.0,0.0,0,0.0,0.39488490274212285,0.0,0.10511509725787717,1.232272885042619e-06,0.27818342398524987,4096,0,0,1.0,0.0,0.0,0,0.0,0.10511509725787717,0.0,0.2835031256099386,5.666071305734003e-07,0.0,0.0,3.469446951953614e-18
632,0.395,3.048914481163349e-15,9.71667191151937e-13,0.0,0.2982359483613412,5.778640860764342e-08,0.999997421042665,0.5,0.0,0.5,0.0,0.39470784508402357,5.778640860770521e-08,0.999997421042665,4096,0,0,1.0,0.0,0.0,0,0.0,0.39470784508402357,0.0,0.39470784508402357,5.778640860764342e-08,0.9999974210426649,4096,0,0,1.0,0.0,0.0,0,0.0,0.39470784508402357,0.0,0.10529215491597646,1.2605854624818803e-06,0.27839629287978546,4096,0,0,1.0,0.0,0.0,0,0.0,0.10529215491597646,0.0,0.28308123344284536,5.778625957896108e-07,0.0,0.0,0.0
633,0.395625,3.050030596641334e-15,9.71667191151937e-13,2.220446049250313e-16,0.298177017127455,5.895205422264418e-08,0.9999973612939757,0.5,0.0,0.5000000000000001,2.220446049250313e-16,0.394531051382365,5.895205422270566e-08,0.9999973612939757,4096,0,0,1.0,0.0,0.0,0,0.0,0.394531051382365,0.0,0.39453105138236505,5.895205422264418e-08,0.9999973612939755,4096,0,0,1.0,0.0,0.0,0,0.0,0.39453105138236505,0.0,0.105468948617635,1.289876984312607e-06,0.2786086453492608,4096,0,0,1.0,0.0,0.0,0,0.0,0.105468948617635,0.0,0.28265846745213147,5.895189866550355e-07,0.0,0.0,3.469446951953614e-18
634,0.39625,3.052528066497164e-15,9.71667191151937e-13,2.220446049250313e-16,0.29811817405956376,6.015925152739802e-08,0.9999972994716388,0.5000000000000001,2.220446049250313e-16,0.5,0.0,0.3943545221786913,6.015925152745921e-08,0.9999972994716388,4096,0,0,1.0,0.0,0.0,0,0.0,0.3943545221786913,0.0,0.39435452217869127,6.015925152739802e-08,0.9999972994716387,4096,0,0,1.0,0.0,0.0,0,0.0,0.39435452217869127,0.0,0.10564547782130873,1.320184554077631e-06,0.2788204843675113,4096,0,0,1.0,0.0,0.0,0,0.0,0.10564547782130873,0.0,0.2822348423394635,6.015908906563309e-07,0.0,0.0,0.0
635,0.39687500000000003,3.054652888255808e-15,9.734435479913373e-13,0.0,0.2980594193351222,6.140950385573075e-08,0.999997235497425,0.5,0.0,0.5,0.0,0.39417825800536666,6.140950385579163e-08,0.999997235497425,4096,0,0,1.0,0.0,0.0,0,0.0,0.39417825800536666,0.0,0.39417825800536654,6.140950385573075e-08,0.9999972354974249,4096,0,0,1.0,0.0,0.0,0,0.0,0.39417825800536654,0.0,0.1058217419946334,1.351546534841304e-06,0.2790318128433204,4096,0,0,1.0,0.0,0.0,0,0.0,0.1058217419946334,0.0,0.2818103727782186,6.140933408899921e-07,0.0,0.0,0.0
636,0.3975,3.056778816044131e-15,9.698908343125368e-13,0.0,0.2980007531285312,6.223225881853273e-08,0.9999971692904672,0.5,0.0,0.5,0.0,0.3940022593855936,6.223225881859401e-08,0.9999971692904672,4096,0,0,1.0,0.0,0.0,0,0.0,0.3940022593855936,0.0,0.3940022593855936,6.223225881853273e-08,0.9999971692904672,4096,0,0,1.0,0.0,0.0,0,0.0,0.3940022593855936,0.0,0.10599774061440645,1.384002585525437e-06,0.27924263362116863,4096,0,0,1.0,0.0,0.0,0,0.0,0.10599774061440645,0.0,0.2813850734124256,6.223207980229619e-07,0.0,0.0,0.0
637,0.398125,3.0585721279323328e-15,9.698908343125368e-13,0.0,0.29794217561114394,6.301849296107246e-08,0.9999971007671857,0.5,0.0,0.5,0.0,0.39382652683343167,6.301849296113343e-08,0.9999971007671857,4096,0,0,1.0,0.0,0.0,0,0.0,0.39382652683343167,0.0,0.3938265268334316,6.301849296107246e-08,0.9999971007671857,4096,0,0,1.0,0.0,0.0,0,0.0,0.3938265268334316,0.0,0.10617347316656839,1.4175936980961041e-06,0.2794529494819616,4096,0,0,1.0,0.0,0.0,0,0.0,0.10617347316656839,0.0,0.28095895885571454,6.301830869694657e-07,0.0,0.0,0.0
638,0.39875,3.0597711662076756e-15,9.769962616701378e-13,0.0,0.29788368695127215,6.383005909096108e-08,0.9999970298412105,0.5,0.0,0.5,0.0,0.3936510608538165,6.383005909102176e-08,0.9999970298412105,4096,0,0,1.0,0.0,0.0,0,0.0,0.3936510608538165,0.0,0.3936510608538165,6.383005909096108e-08,0.9999970298412105,4096,0,0,1.0,0.0,0.0,0,0.0,0.3936510608538165,0.0,0.10634893914618351,1.4523622356151138e-06,0.2796627631437366,4096,0,0,1.0,0.0,0.0,0,0.0,0.10634893914618351,0.0,0.2805320436902746,6.382986934116896e-07,0.0,0.0,3.469446951953614e-18
639,0.39937500000000004,3.061895266613467e-15,9.734435479913373e-13,0.0,0.2978252873141934,6.466796148018773e-08,0.9999969770686238,0.5,0.0,0.5,0.0,0.3934758619425802,6.466796148024812e-08,0.9999969770686231,4096,0,0,1.0,0.0,0.0,0,0.0,0.3934758619425802,0.0,0.3934758619425802,6.466796148018773e-08,0.9999969770686238,4096,0,0,1.0,0.0,0.0,0,0.0,0.3934758619425802,0.0,0.10652413805741984,1.4791317072473595e-06,0.279872077262348,4096,0,0,1.0,0.0,0.0,0,0.0,0.10652413805741984,0.0,0.28010434246582105,6.466776599337789e-07,0.0,0.0,3.469446951953614e-18
640,0.4,3.0656387838786568e-15,9.769962616701378e-13,0.0,0.29776697686215714,6.553323627821433e-08,0.9999969253833557,0.5,0.0,0.5,0.0,0.3933009305864714,6.553323627827442e-08,0.999996925383355,4096,0,0,1.0,0.0,0.0,0,0.0,0.3933009305864714,0.0,0.39330093058647136,6.553323627821433e-08,0.9999969253833557,4096,0,0,1.0,0.0,0.0,0,0.0,0.39330093058647136,0.0,0.10669906941352861,1.5045417039011678e-06,0.2800808944321311,4096,0,0,1.0,0.0,0.0,0,0.0,0.10669906941352861,0.0,0.2796758696985707,6.553303478863526e-07,0.0,0.0,3.469446951953614e-18
641,0.400625,3.0682333087563008e-15,9.769962616701378e-13,0.0,0.2977087557543924,6.64269523383499e-08,0.9999968721524863,0.5,0.0,0.5,0.0,0.3931262672631772,6.64269523384097e-08,0.9999968721524857,4096,0,0,1.0,0.0,0.0,0,0.0,0.3931262672631772,0.0,0.3931262672631771,6.64269523383499e-08,0.9999968721524863,4096,0,0,1.0,0.0,0.0,0,0.0,0.3931262672631771,0.0,0.10687373273682291,1.530710280548472e-06,0.2802892171865454,4096,0,0,1.0,0.0,0.0,0,0.0,0.10687373273682291,0.0,0.2792466398702269,6.642674456497215e-07,0.0,0.0,3.469446951953614e-18
642,0.40125,3.0692257916981414e-15,9.805489753489383e-13,0.0,0.29765062414711474,6.735021206163425e-08,0.9999968173163671,0.5,0.0,0.5,0.0,0.3929518724413442,6.735021206169376e-08,0.9999968173163665,4096,0,0,1.0,0.0,0.0,0,0.0,0.3929518724413442,0.0,0.3929518724413441,6.735021206163425e-08,0.9999968173163671,4096,0,0,1.0,0.0,0.0,0,0.0,0.3929518724413441,0.0,0.10704812755865588,1.557666710289883e-06,0.28049704799879616,4096,0,0,1.0,0.0,0.0,0,0.0,0.10704812755865588,0.0,0.27881666742697364,6.734999770721662e-07,0.0,0.0,0.0
643,0.401875,3.0717225922553065e-15,9.769962616701378e-13,0.0,0.29759258219353396,6.830415225847881e-08,0.9999967608132692,0.5,0.0,0.5,0.0,0.3927777465806019,6.830415225853802e-08,0.9999967608132685,4096,0,0,1.0,0.0,0.0,0,0.0,0.3927777465806019,0.0,0.3927777465806019,6.830415225847881e-08,0.9999967608132692,4096,0,0,1.0,0.0,0.0,0,0.0,0.3927777465806019,0.0,0.10722225341939812,1.585441289203404e-06,0.2807043892824349,4096,0,0,1.0,0.0,0.0,0,0.0,0.10722225341939812,0.0,0.27838596677847904,6.830393100857511e-07,0.0,0.0,0.0
644,0.4025,3.0745435602765315e-15,9.769962616701378e-13,0.0,0.29753463004386177,6.928994502831224e-08,0.9999967025793219,0.5,0.0,0.5,0.0,0.3926038901315853,6.928994502837116e-08,0.9999967025793213,4096,0,0,1.0,0.0,0.0,0,0.0,0.3926038901315853,0.0,0.3926038901315853,6.928994502831224e-08,0.9999967025793219,4096,0,0,1.0,0.0,0.0,0,0.0,0.3926038901315853,0.0,0.10739610986841469,1.6140653663999993e-06,0.28091124339193935,4096,0,0,1.0,0.0,0.0,0,0.0,0.10739610986841469,0.0,0.27795455229690874,6.928971655021468e-07,0.0,0.0,3.469446951953614e-18
645,0.403125,3.0761886130908614e-15,9.734435479913373e-13,0.0,0.2974767678453196,7.030879865747728e-08,0.9999966425484514,0.5,0.0,0.5,0.0,0.39243030353595887,7.030879865753591e-08,0.9999966425484509,4096,0,0,1.0,0.0,0.0,0,0.0,0.39243030353595887,0.0,0.3924303035359589,7.030879865747728e-08,0.9999966425484514,4096,0,0,1.0,0.0,0.0,0,0.0,0.3924303035359589,0.0,0.10756969646404119,1.643571374801905e-06,0.281117612623272,4096,0,0,1.0,0.0,0.0,0,0.0,0.10756969646404119,0.0,0.27752243831594875,7.03085625990923e-07,0.0,0.0,0.0
646,0.40375,3.078560437848476e-15,9.734435479913373e-13,0.0,0.29741899574214686,7.136195853562469e-08,0.9999965806523159,0.5,0.0,0.5,0.0,0.39225698722644053,7.136195853568302e-08,0.9999965806523153,4096,0,0,1.0,0.0,0.0,0,0.0,0.39225698722644053,0.0,0.39225698722644053,7.136195853562469e-08,0.9999965806523159,4096,0,0,1.0,0.0,0.0,0,0.0,0.39225698722644053,0.0,0.1077430127735595,1.673992862656313e-06,0.2813234992144182,4096,0,0,1.0,0.0,0.0,0,0.0,0.1077430127735595,0.0,0.2770896391298383,7.1361714524277e-07,0.0,0.0,3.469446951953614e-18
647,0.404375,3.0805051217278e-15,9.769962616701378e-13,2.220446049250313e-16,0.29736131387560905,7.245070809084901e-08,0.99999651682024,0.5000000000000001,2.220446049250313e-16,0.5,0.0,0.39208394162682714,7.245070809090705e-08,0.9999965168202395,4096,0,0,1.0,0.0,0.0,0,0.0,0.39208394162682714,0.0,0.39208394162682714,7.245070809084901e-08,0.99999651682024,4096,0,0,1.0,0.0,0.0,0,0.0,0.39208394162682714,0.0,0.10791605837317289,1.7053645257971154e-06,0.28152890534590325,4096,0,0,1.0,0.0,0.0,0,0.0,0.10791605837317289,0.0,0.276656168992413,7.245045573200896e-07,0.0,0.0,3.469446951953614e-18
648,0.405,3.0829160356227997e-15,9.734435479913373e-13,0.0,0.2973037223840066,7.357636974380962e-08,0.9999964509791487,0.5,0.0,0.5,0.0,0.3919111671520197,7.357636974386736e-08,0.9999964509791481,4096,0,0,1.0,0.0,0.0,0,0.0,0.3919111671520197,0.0,0.3919111671520196,7.357636974380962e-08,0.9999964509791487,4096,0,0,1.0,0.0,0.0,0,0.0,0.3919111671520196,0.0,0.1080888328479804,1.737722240667471e-06,0.2817338331412893,4096,0,0,1.0,0.0,0.0,0,0.0,0.1080888328479804,0.0,0.2762220421161581,7.35761086197392e-07,0.0,0.0,0.0
649,0.405625,3.085568603825533e-15,9.769962616701378e-13,0.0,0.29724622140268314,7.474030588107932e-08,0.9999963830534977,0.5,0.0,0.5,0.0,0.3917386642080494,7.474030588113677e-08,0.9999963830534971,4096,0,0,1.0,0.0,0.0,0,0.0,0.3917386642080494,0.0,0.3917386642080494,7.474030588107932e-08,0.9999963830534977,4096,0,0,1.0,0.0,0.0,0,0.0,0.3917386642080494,0.0,0.1082613357919506,1.771103098116007e-06,0.28193828466765164,4096,0,0,1.0,0.0,0.0,0,0.0,0.1082613357919506,0.0,0.27578727267127207,7.474003554939134e-07,0.0,0.0,0.0
650,0.40625,3.087730196246189e-15,9.805489753489383e-13,0.0,0.297188811064035,7.594391984796104e-08,0.999996312965204,0.5,0.0,0.5,0.0,0.39156643319210493,7.594391984801821e-08,0.9999963129652034,4096,0,0,1.0,0.0,0.0,0,0.0,0.39156643319210493,0.0,0.39156643319210493,7.594391984796104e-08,0.999996312965204,4096,0,0,1.0,0.0,0.0,0,0.0,0.39156643319210493,0.0,0.1084335668078951,1.8055454379795234e-06,0.28214226193603453,4096,0,0,1.0,0.0,0.0,0,0.0,0.1084335668078951,0.0,0.27535187478474055,7.594363984008597e-07,0.0,0.0,3.469446951953614e-18
651,0.406875,3.089769861962705e-15,9.841016890277388e-13,0.0,0.29713149149751966,7.718865696101157e-08,0.9999962406335738,0.5,0.0,0.5,0.0,0.39139447449255893,7.718865696106846e-08,0.9999962406335733,4096,0,0,1.0,0.0,0.0,0,0.0,0.39139447449255893,0.0,0.39139447449255893,7.718865696101157e-08,0.9999962406335738,4096,0,0,1.0,0.0,0.0,0,0.0,0.39139447449255893,0.0,0.1086055255074411,1.8410888844651187e-06,0.2823457669018873,4096,0,0,1.0,0.0,0.0,0,0.0,0.1086055255074411,0.0,0.2749158625394217,7.718836678056607e-07,0.0,0.0,3.469446951953614e-18
652,0.40750000000000003,3.092074876910778e-15,9.876544027065393e-13,0.0,0.2970742628296655,7.847600554050938e-08,0.9999961659752294,0.5,0.0,0.5,0.0,0.3912227884889965,7.8476005540566e-08,0.9999961659752289,4096,0,0,1.0,0.0,0.0,0,0.0,0.3912227884889965,0.0,0.3912227884889965,7.847600554050938e-08,0.9999961659752294,4096,0,0,1.0,0.0,0.0,0,0.0,0.3912227884889965,0.0,0.1087772115110035,1.877774382344691e-06,0.28254880146548017,4096,0,0,1.0,0.0,0.0,0,0.0,0.1087772115110035,0.0,0.27447924997314116,7.84757046615602e-07,0.0,0.0,3.469446951953614e-18
653,0.408125,3.0931075909460347e-15,9.876544027065393e-13,2.220446049250313e-16,0.2970171251840812,7.980749796310145e-08,0.9999960889040338,0.5000000000000001,2.220446049250313e-16,0.5,0.0,0.39105137555224345,7.980749796315777e-08,0.9999960889040332,4096,0,0,1.0,0.0,0.0,0,0.0,0.39105137555224345,0.0,0.39105137555224345,7.980749796310145e-08,0.9999960889040338,4096,0,0,1.0,0.0,0.0,0,0.0,0.39105137555224345,0.0,0.1089486244477566,1.9156442339748106e-06,0.28275136747230056,4096,0,0,1.0,0.0,0.0,0,0.0,0.1089486244477566,0.0,0.2740420510777991,7.980718582831805e-07,0.0,0.0,0.0
654,0.40875,3.0963901459407756e-15,9.876544027065393e-13,0.0,0.29696007868146496,8.118471173486185e-08,0.9999960093310136,0.5,0.0,0.5,0.0,0.3908802360443949,8.118471173491789e-08,0.9999960093310131,4096,0,0,1.0,0.0,0.0,0,0.0,0.3908802360443949,0.0,0.39088023604439487,8.118471173486185e-08,0.9999960093310136,4096,0,0,1.0,0.0,0.0,0,0.0,0.39088023604439487,0.0,0.1091197639556051,1.9547421371549854e-06,0.2829534667134297,4096,0,0,1.0,0.0,0.0,0,0.0,0.1091197639556051,0.0,0.27360427979848756,8.118438775355052e-07,0.0,0.0,0.0
655,0.409375,3.0984756322351993e-15,9.876544027065393e-13,2.220446049250313e-16,0.2969031234396153,8.260927058499241e-08,0.9999959271642814,0.5000000000000001,2.220446049250313e-16,0.5,0.0,0.3907093703188457,8.260927058504817e-08,0.9999959271642809,4096,0,0,1.0,0.0,0.0,0,0.0,0.3907093703188457,0.0,0.3907093703188457,8.260927058499241e-08,0.9999959271642814,4096,0,0,1.0,0.0,0.0,0,0.0,0.3907093703188457,0.0,0.10929062968115438,1.995113223837368e-06,0.2831551009258998,4096,0,0,1.0,0.0,0.0,0,0.0,0.10929062968115438,0.0,0.2731659500326191,8.260893413100443e-07,0.0,0.0,3.469446951953614e-18
656,0.41000000000000003,3.1014256628449164e-15,9.841016890277388e-13,0.0,0.29684625957343985,8.4082845580393e-08,0.9999958423089547,0.5,0.0,0.5,0.0,0.3905387787203194,8.408284558044848e-08,0.9999958423089541,4096,0,0,1.0,0.0,0.0,0,0.0,0.3905387787203194,0.0,0.3905387787203194,8.4082845580393e-08,0.9999958423089547,4096,0,0,1.0,0.0,0.0,0,0.0,0.3905387787203194,0.0,0.10946122127968069,2.036804099700963e-06,0.2833562717930322,4096,0,0,1.0,0.0,0.0,0,0.0,0.10946122127968069,0.0,0.27272707562906706,8.408249598989882e-07,0.0,0.0,0.0
657,0.410625,3.103445409393768e-15,9.841016890277388e-13,0.0,0.29678948719496656,8.56071562613264e-08,0.9999957546670741,0.5,0.0,0.5,0.0,0.39036846158489963,8.56071562613816e-08,0.9999957546670736,4096,0,0,1.0,0.0,0.0,0,0.0,0.39036846158489963,0.0,0.39036846158489963,8.56071562613264e-08,0.9999957546670741,4096,0,0,1.0,0.0,0.0,0,0.0,0.39036846158489963,0.0,0.10963153841510044,2.0798628846034146e-06,0.28355698094475645,4096,0,0,1.0,0.0,0.0,0,0.0,0.10963153841510044,0.0,0.2722876703873166,8.560679283044718e-07,0.0,0.0,3.469446951953614e-18
658,0.41125,3.1063587153536346e-15,9.805489753489383e-13,0.0,0.2967328064133537,8.718397179839937e-08,0.99999566413752,0.5,0.0,0.5,0.0,0.39019841924006105,8.718397179845429e-08,0.9999956641375194,4096,0,0,1.0,0.0,0.0,0,0.0,0.39019841924006105,0.0,0.39019841924006105,8.718397179839937e-08,0.99999566413752,4096,0,0,1.0,0.0,0.0,0,0.0,0.39019841924006105,0.0,0.109801580759939,2.1243392539234448e-06,0.283757229957911,4096,0,0,1.0,0.0,0.0,0,0.0,0.109801580759939,0.0,0.27184774805662815,8.718359378068714e-07,0.0,0.0,3.469446951953614e-18
659,0.411875,3.107633393645934e-15,9.769962616701378e-13,0.0,0.2966762173349003,8.881511217107875e-08,0.9999955706159258,0.5,0.0,0.5,0.0,0.3900286520047008,8.88151121711334e-08,0.9999955706159253,4096,0,0,1.0,0.0,0.0,0,0.0,0.3900286520047008,0.0,0.3900286520047009,8.881511217107875e-08,0.9999955706159258,4096,0,0,1.0,0.0,0.0,0,0.0,0.3900286520047009,0.0,0.10997134799529917,2.170284480807015e-06,0.28395702035652465,4096,0,0,1.0,0.0,0.0,0,0.0,0.10997134799529917,0.0,0.2714073223352113,8.88147187748353e-07,0.0,0.0,0.0
660,0.41250000000000003,3.1091675689914595e-15,9.805489753489383e-13,0.0,0.296619720063057,9.024634065403567e-08,0.9999954739945915,0.5,0.0,0.5,0.0,0.38985916018917105,9.02463406540907e-08,0.999995473994591,4096,0,0,1.0,0.0,0.0,0,0.0,0.38985916018917105,0.0,0.38985916018917105,9.024634065403567e-08,0.9999954739945915,4096,0,0,1.0,0.0,0.0,0,0.0,0.38985916018917105,0.0,0.11014083981082895,2.2177514793302777e-06,0.28415635361208075,4096,0,0,1.0,0.0,0.0,0,0.0,0.11014083981082895,0.0,0.2709664068694113,9.024592309206608e-07,0.0,0.0,6.938893903907228e-18
661,0.413125,3.1123557210334318e-15,9.769962616701378e-13,0.0,0.29656331469843705,9.125600675509634e-08,0.9999953741623938,0.5,0.0,0.5,0.0,0.3896899440953111,9.125600675515109e-08,0.9999953741623933,4096,0,0,1.0,0.0,0.0,0,0.0,0.3896899440953111,0.0,0.3896899440953111,9.125600675509634e-08,0.9999953741623938,4096,0,0,1.0,0.0,0.0,0,0.0,0.3896899440953111,0.0,0.11031005590468891,2.2667948485923505e-06,0.2843552311437626,4096,0,0,1.0,0.0,0.0,0,0.0,0.11031005590468891,0.0,0.27052501525290706,9.125557819407848e-07,0.0,0.0,3.469446951953614e-18
662,0.41375,3.114752014127303e-15,9.769962616701378e-13,2.220446049250313e-16,0.29650700133882707,9.229754885864259e-08,0.9999952710046945,0.5000000000000001,2.220446049250313e-16,0.5,0.0,0.3895210040164811,9.229754885869707e-08,0.999995271004694,4096,0,0,1.0,0.0,0.0,0,0.0,0.3895210040164811,0.0,0.3895210040164811,9.229754885864259e-08,0.9999952710046945,4096,0,0,1.0,0.0,0.0,0,0.0,0.3895210040164811,0.0,0.11047899598351896,2.3174709177509367e-06,0.2845536543186816,4096,0,0,1.0,0.0,0.0,0,0.0,0.11047899598351896,0.0,0.2700831610259209,9.229710883014882e-07,0.0,0.0,3.469446951953614e-18
663,0.414375,3.116471527196928e-15,9.734435479913373e-13,0.0,0.2964507800791984,9.337219089501973e-08,0.9999951644032479,0.5,0.0,0.5,0.0,0.38935234023759524,9.337219089507393e-08,0.9999951644032473,4096,0,0,1.0,0.0,0.0,0,0.0,0.38935234023759524,0.0,0.38935234023759524,9.337219089501973e-08,0.9999951644032479,4096,0,0,1.0,0.0,0.0,0,0.0,0.38935234023759524,0.0,0.11064765976240476,2.3698377920137656e-06,0.2847516244520878,4096,0,0,1.0,0.0,0.0,0,0.0,0.11064765976240476,0.0,0.26964085767444046,9.337173890518458e-07,0.0,0.0,3.469446951953614e-18
664,0.41500000000000004,3.1192781672032727e-15,9.698908343125368e-13,0.0,0.29639465101171886,9.448119329120974e-08,0.9999950839746521,0.5,0.0,0.5,0.0,0.38918395303515646,9.448119329126366e-08,0.9999950839746511,4096,0,0,1.0,0.0,0.0,0,0.0,0.38918395303515646,0.0,0.38918395303515646,9.448119329120974e-08,0.9999950839746521,4096,0,0,1.0,0.0,0.0,0,0.0,0.38918395303515646,0.0,0.11081604696484358,2.41077207650297e-06,0.28494914280756306,4096,0,0,1.0,0.0,0.0,0,0.0,0.11081604696484358,0.0,0.2691981186294528,9.448072881926852e-07,0.0,0.0,0.0
665,0.415625,3.122568315646475e-15,9.698908343125368e-13,0.0,0.2963386142257635,9.562585385093316e-08,0.9999950065464394,0.5,0.0,0.5,0.0,0.3890158426772904,9.56258538509868e-08,0.9999950065464384,4096,0,0,1.0,0.0,0.0,0,0.0,0.3890158426772904,0.0,0.38901584267729034,9.562585385093316e-08,0.9999950065464394,4096,0,0,1.0,0.0,0.0,0,0.0,0.38901584267729034,0.0,0.11098415732270966,2.448913852561199e-06,0.2851462105971979,4096,0,0,1.0,0.0,0.0,0,0.0,0.11098415732270966,0.0,0.2687549572661898,9.562537634767266e-07,0.0,0.0,1.0408340855860843e-17
666,0.41625,3.125121761160834e-15,9.698908343125368e-13,0.0,0.296282669807927,9.680750865191122e-08,0.9999949269029756,0.5,0.0,0.5,0.0,0.3888480094237809,9.680750865196459e-08,0.9999949269029746,4096,0,0,1.0,0.0,0.0,0,0.0,0.3888480094237809,0.0,0.3888480094237809,9.680750865191122e-08,0.9999949269029756,4096,0,0,1.0,0.0,0.0,0,0.0,0.3888480094237809,0.0,0.11115199057621913,2.4881447569916203e-06,0.2853428289817512,4096,0,0,1.0,0.0,0.0,0,0.0,0.11115199057621913,0.0,0.26831138690338713,9.680701753802706e-07,0.0,0.0,0.0
667,0.416875,3.1287121070899177e-15,9.769962616701378e-13,2.220446049250313e-16,0.29622681784203514,9.802753296049458e-08,0.999994844962126,0.5000000000000001,2.220446049250313e-16,0.5000000000000001,2.220446049250313e-16,0.3886804535261055,9.802753296054766e-08,0.999994844962125,4096,0,0,1.0,0.0,0.0,0,0.0,0.3886804535261055,0.0,0.3886804535261055,9.802753296049458e-08,0.999994844962126,4096,0,0,1.0,0.0,0.0,0,0.0,0.3886804535261055,0.0,0.11131954647389454,2.5285051696527935e-06,0.2855389990707936,4096,0,0,1.0,0.0,0.0,0,0.0,0.11131954647389454,0.0,0.2678674208025542,9.802702762484938e-07,0.0,0.0,3.469446951953614e-18
668,0.4175,3.1320584340816876e-15,9.805489753489383e-13,2.220446049250313e-16,0.2961710584091571,9.92873421638635e-08,0.9999947606390487,0.5000000000000001,2.220446049250313e-16,0.5,0.0,0.38851317522747136,9.928734216391631e-08,0.9999947606390477,4096,0,0,1.0,0.0,0.0,0,0.0,0.38851317522747136,0.0,0.3885131752274713,9.92873421638635e-08,0.9999947606390487,4096,0,0,1.0,0.0,0.0,0,0.0,0.3885131752274713,0.0,0.11148682477252872,2.570036803703957e-06,0.28573472192283556,4096,0,0,1.0,0.0,0.0,0,0.0,0.11148682477252872,0.0,0.26742307216725747,9.92868219616399e-07,0.0,0.0,3.469446951953614e-18
669,0.418125,3.134989997602955e-15,9.769962616701378e-13,2.220446049250313e-16,0.2961153915876172,1.0058839272000246e-07,0.9999946738461212,0.5000000000000001,2.220446049250313e-16,0.5,0.0,0.38834617476285155,1.00588392720055e-07,0.9999946738461202,4096,0,0,1.0,0.0,0.0,0,0.0,0.38834617476285155,0.0,0.3883461747628515,1.0058839272000246e-07,0.9999946738461212,4096,0,0,1.0,0.0,0.0,0,0.0,0.3883461747628515,0.0,0.11165382523714854,2.6127827421528764e-06,0.28593386644619145,4096,0,0,1.0,0.0,0.0,0,0.0,0.11165382523714854,0.0,0.2669783541424152,1.005878569707443e-06,0.0,0.0,6.938893903907228e-18
670,0.41875,3.1378932234555267e-15,9.769962616701378e-13,0.0,0.2960598174530074,1.0193218312564992e-07,0.9999945844928646,0.5,0.0,0.5,0.0,0.3881794523590222,1.019321831257022e-07,0.9999945844928636,4096,0,0,1.0,0.0,0.0,0,0.0,0.3881794523590222,0.0,0.3881794523590222,1.0193218312564992e-07,0.9999945844928646,4096,0,0,1.0,0.0,0.0,0,0.0,0.3881794523590222,0.0,0.11182054764097782,2.656787475210371e-06,0.28614811458155476,4096,0,0,1.0,0.0,0.0,0,0.0,0.11182054764097782,0.0,0.2665332798136055,1.0193163111118476e-06,0.0,0.0,3.469446951953614e-18
671,0.419375,3.1401474311627916e-15,9.769962616701378e-13,0.0,0.2960043360781999,1.0332025490242206e-07,0.9999944924858664,0.5,0.0,0.5,0.0,0.3880130082345998,1.0332025490247407e-07,0.9999944924858654,4096,0,0,1.0,0.0,0.0,0,0.0,0.3880130082345998,0.0,0.3880130082345998,1.0332025490242206e-07,0.9999944924858664,4096,0,0,1.0,0.0,0.0,0,0.0,0.3880130082345998,0.0,0.11198699176540028,2.7020969384637675e-06,0.28636176193997787,4096,0,0,1.0,0.0,0.0,0,0.0,0.11198699176540028,0.0,0.26608786220638636,1.0331968586465779e-06,0.0,0.0,3.469446951953614e-18
672,0.42,3.143011944554023e-15,9.769962616701378e-13,0.0,0.2959489475333595,1.047541936013067e-07,0.9999943977287008,0.5,0.0,0.5,0.0,0.38784684260007846,1.0475419360135845e-07,0.9999943977286998,4096,0,0,1.0,0.0,0.0,0,0.0,0.38784684260007846,0.0,0.38784684260007846,1.047541936013067e-07,0.9999943977287008,4096,0,0,1.0,0.0,0.0,0,0.0,0.38784684260007846,0.0,0.11215315739992159,2.7487585518815355e-06,0.28657481233146176,4096,0,0,1.0,0.0,0.0,0,0.0,0.11215315739992159,0.0,0.2656421142856287,1.0475360673989432e-06,0.0,0.0,0.0
673,0.420625,3.143925517111466e-15,9.769962616701378e-13,2.220446049250313e-16,0.29589365188595623,1.0623562982572136e-07,0.999994300121849,0.5000000000000001,2.220446049250313e-16,0.5,0.0,0.38768095565786864,1.0623562982577285e-07,0.999994300121848,4096,0,0,1.0,0.0,0.0,0,0.0,0.38768095565786864,0.0,0.38768095565786864,1.0623562982572136e-07,0.999994300121849,4096,0,0,1.0,0.0,0.0,0,0.0,0.38768095565786864,0.0,0.11231904434213133,2.7968212596613754e-06,0.2867872694849378,4096,0,0,1.0,0.0,0.0,0,0.0,0.11231904434213133,0.0,0.2651960489548616,1.0623502429557595e-06,0.0,0.0,0.0
674,0.42125,3.1447373380424992e-15,9.805489753489383e-13,0.0,0.29583844920077856,1.0776624027332645e-07,0.9999941995626159,0.5,0.0,0.5,0.0,0.3875153476023356,1.0776624027337768e-07,0.9999941995626149,4096,0,0,1.0,0.0,0.0,0,0.0,0.3875153476023356,0.0,0.3875153476023356,1.0776624027332645e-07,0.9999941995626159,4096,0,0,1.0,0.0,0.0,0,0.0,0.3875153476023356,0.0,0.11248465239766449,2.8463355709340197e-06,0.28699913704918745,4096,0,0,1.0,0.0,0.0,0,0.0,0.11248465239766449,0.0,0.26474967905563007,1.077656151819975e-06,0.0,0.0,0.0
675,0.421875,3.1474308374987005e-15,9.805489753489383e-13,0.0,0.29578333953994584,1.0934774879678192e-07,0.9999940959450466,0.5,0.0,0.5,0.0,0.38735001861983753,1.0934774879683288e-07,0.9999940959450456,4096,0,0,1.0,0.0,0.0,0,0.0,0.38735001861983753,0.0,0.38735001861983753,1.0934774879678192e-07,0.9999940959450466,4096,0,0,1.0,0.0,0.0,0,0.0,0.38735001861983753,0.0,0.11264998138016248,2.8973536013350097e-06,0.2872104185937446,4096,0,0,1.0,0.0,0.0,0,0.0,0.11264998138016248,0.0,0.26430301736686623,1.0934710320166388e-06,0.0,0.0,3.469446951953614e-18
676,0.4225,3.151081922914898e-15,9.769962616701378e-13,0.0,0.2957283229629221,1.1098192748363253e-07,0.9999939891598397,0.5,0.0,0.5,0.0,0.38718496888876625,1.1098192748368324e-07,0.9999939891598387,4096,0,0,1.0,0.0,0.0,0,0.0,0.38718496888876625,0.0,0.3871849688887663,1.1098192748363253e-07,0.9999939891598397,4096,0,0,1.0,0.0,0.0,0,0.0,0.3871849688887663,0.0,0.11281503111123378,2.9499291154566924e-06,0.2874211176097812,4096,0,0,1.0,0.0,0.0,0,0.0,0.11281503111123378,0.0,0.2638560766042727,1.1098126038900563e-06,0.0,0.0,0.0
677,0.42312500000000003,3.1539502274332642e-15,9.769962616701378e-13,0.0,0.29567339952652855,1.1267059775550386e-07,0.99999387909426,0.5,0.0,0.5,0.0,0.3870201985795857,1.1267059775555433e-07,0.999993879094259,4096,0,0,1.0,0.0,0.0,0,0.0,0.3870201985795857,0.0,0.3870201985795857,1.1267059775550386e-07,0.99999387909426,4096,0,0,1.0,0.0,0.0,0,0.0,0.3870201985795857,0.0,0.11297980142041435,3.004117570192663e-06,0.287631237510975,4096,0,0,1.0,0.0,0.0,0,0.0,0.11297980142041435,0.0,0.26340886941971864,1.1266990810939522e-06,0.0,0.0,0.0
678,0.42375,3.155867260279888e-15,9.769962616701378e-13,0.0,0.29561856928495756,1.1441563148678751e-07,0.9999937656320487,0.5,0.0,0.5,0.0,0.3868557078548726,1.1441563148683771e-07,0.9999937656320477,4096,0,0,1.0,0.0,0.0,0,0.0,0.3868557078548726,0.0,0.38685570785487267,1.1441563148678751e-07,0.9999937656320487,4096,0,0,1.0,0.0,0.0,0,0.0,0.38685570785487267,0.0,0.11314429214512736,3.0599761589868506e-06,0.2878407816343605,4096,0,0,1.0,0.0,0.0,0,0.0,0.11314429214512736,0.0,0.26296140840064863,1.1441491817764132e-06,0.0,0.0,3.469446951953614e-18
679,0.424375,3.1592858739915968e-15,9.805489753489383e-13,0.0,0.2955638322897857,1.1621895214299056e-07,0.999993648653332,0.5,0.0,0.5,0.0,0.3866914968693571,1.162189521430405e-07,0.999993648653331,4096,0,0,1.0,0.0,0.0,0,0.0,0.3866914968693571,0.0,0.3866914968693571,1.1621895214299056e-07,0.999993648653332,4096,0,0,1.0,0.0,0.0,0,0.0,0.3866914968693571,0.0,0.11330850313064292,3.1175638569994127e-06,0.2880497532411619,4096,0,0,1.0,0.0,0.0,0,0.0,0.11330850313064292,0.0,0.26251370606950497,1.16218213996136e-06,0.0,0.0,0.0
680,0.425,3.161925924657213e-15,9.841016890277388e-13,0.0,0.2955091885899876,1.1808253593892057e-07,0.9999935280345278,0.5,0.0,0.5,0.0,0.38652756576996283,1.1808253593897025e-07,0.9999935280345268,4096,0,0,1.0,0.0,0.0,0,0.0,0.38652756576996283,0.0,0.38652756576996283,1.1808253593892057e-07,0.9999935280345278,4096,0,0,1.0,0.0,0.0,0,0.0,0.38652756576996283,0.0,0.1134724342300372,3.1769414672015525e-06,0.28825815551760936,4096,0,0,1.0,0.0,0.0,0,0.0,0.1134724342300372,0.0,0.26206577488316174,1.1808177171282499e-06,0.0,0.0,3.469446951953614e-18
681,0.42562500000000003,3.164178178405019e-15,9.841016890277388e-13,0.0,0.2954546382319496,1.200084130168734e-07,0.9999934036482503,0.5,0.0,0.5,0.0,0.3863639146958488,1.2000841301692283e-07,0.9999934036482493,4096,0,0,1.0,0.0,0.0,0,0.0,0.3863639146958488,0.0,0.3863639146958488,1.200084130168734e-07,0.9999934036482503,4096,0,0,1.0,0.0,0.0,0,0.0,0.3863639146958488,0.0,0.11363608530415123,3.238171667411337e-06,0.28846599157573766,4096,0,0,1.0,0.0,0.0,0,0.0,0.11363608530415123,0.0,0.2616176272323727,1.200076213991681e-06,0.0,0.0,0.0
682,0.42625,3.1649794237664315e-15,9.841016890277388e-13,0.0,0.2954001812594835,1.2199866864498684e-07,0.9999932753632129,0.5,0.0,0.5,0.0,0.3862005437784505,1.2199866864503604e-07,0.9999932753632119,4096,0,0,1.0,0.0,0.0,0,0.0,0.3862005437784505,0.0,0.3862005437784505,1.2199866864498684e-07,0.9999932753632129,4096,0,0,1.0,0.0,0.0,0,0.0,0.3862005437784505,0.0,0.11379945622154955,3.3013190582825214e-06,0.2886732644541672,4096,0,0,1.0,0.0,0.0,0,0.0,0.11379945622154955,0.0,0.2611692754412312,1.2199784824825158e-06,0.0,0.0,3.469446951953614e-18
683,0.426875,3.1684798472494016e-15,9.841016890277388e-13,0.0,0.2953458177138406,1.2405544443591908e-07,0.9999931430441291,0.5,0.0,0.5,0.0,0.3860374531415218,1.2405544443596805e-07,0.9999931430441281,4096,0,0,1.0,0.0,0.0,0,0.0,0.3860374531415218,0.0,0.38603745314152177,1.2405544443591908e-07,0.9999931430441291,4096,0,0,1.0,0.0,0.0,0,0.0,0.38603745314152177,0.0,0.11396254685847818,3.3664502122583303e-06,0.28887997711886815,4096,0,0,1.0,0.0,0.0,0,0.0,0.11396254685847818,0.0,0.2607207317666437,1.240545937932109e-06,0.0,0.0,6.938893903907228e-18
684,0.4275,3.170818679956495e-15,9.841016890277388e-13,1.1102230246251565e-16,0.2952915476337258,1.2618093958600593e-07,0.9999930065516115,0.49999999999999994,1.1102230246251565e-16,0.5,0.0,0.38587464290117734,1.2618093958605463e-07,0.9999930065516105,4096,0,0,1.0,0.0,0.0,0,0.0,0.38587464290117734,0.0,0.38587464290117734,1.2618093958600593e-07,0.9999930065516115,4096,0,0,1.0,0.0,0.0,0,0.0,0.38587464290117734,0.0,0.11412535709882268,3.433633723502063e-06,0.289086132463907,4096,0,0,1.0,0.0,0.0,0,0.0,0.11412535709882268,0.0,0.2602720083978155,1.261800571461172e-06,0.0,0.0,3.469446951953614e-18
685,0.42812500000000003,3.171872600911821e-15,9.841016890277388e-13,0.0,0.2952373710553115,1.2753980598291482e-07,0.9999928657420684,0.5,0.0,0.5,0.0,0.3857121131659345,1.2753980598296373e-07,0.9999928657420674,4096,0,0,1.0,0.0,0.0,0,0.0,0.3857121131659345,0.0,0.3857121131659345,1.2753980598291482e-07,0.9999928657420684,4096,0,0,1.0,0.0,0.0,0,0.0,0.3857121131659345,0.0,0.1142878868340655,3.5029402588163116e-06,0.2892917333121763,4096,0,0,1.0,0.0,0.0,0,0.0,0.1142878868340655,0.0,0.25982311745574993,1.275388771298967e-06,0.0,0.0,0.0
686,0.42875,3.1738320112875983e-15,9.841016890277388e-13,0.0,0.29518328801225224,1.2883086903683953e-07,0.9999927204675988,0.5,0.0,0.5,0.0,0.38554986403675673,1.288308690368882e-07,0.9999927204675978,4096,0,0,1.0,0.0,0.0,0,0.0,0.38554986403675673,0.0,0.38554986403675673,1.2883086903683953e-07,0.9999927204675988,4096,0,0,1.0,0.0,0.0,0,0.0,0.38554986403675673,0.0,0.1144501359632433,3.574442609562486e-06,0.28949678241610655,4096,0,0,1.0,0.0,0.0,0,0.0,0.1144501359632433,0.0,0.2593740709927598,1.2882991779318249e-06,0.0,0.0,3.469446951953614e-18
687,0.429375,3.1762790571063645e-15,9.841016890277388e-13,0.0,0.29512929853569875,1.301623351245213e-07,0.9999925705758854,0.5,0.0,0.5,0.0,0.3853878956070962,1.3016233512456974e-07,0.9999925705758844,4096,0,0,1.0,0.0,0.0,0,0.0,0.3853878956070962,0.0,0.38538789560709613,1.301623351245213e-07,0.9999925705758854,4096,0,0,1.0,0.0,0.0,0,0.0,0.38538789560709613,0.0,0.1146121043929039,3.6482157445922463e-06,0.2897012824583619,4096,0,0,1.0,0.0,0.0,0,0.0,0.1146121043929039,0.0,0.25892488099199185,1.301613605803838e-06,0.0,0.0,6.938893903907228e-18
688,0.43,3.1785860372530757e-15,9.876544027065393e-13,0.0,0.2950754026543125,1.31535694989068e-07,0.9999924159100855,0.5,0.0,0.5,0.0,0.38522620796293733,1.3153569498911618e-07,0.9999924159100845,4096,0,0,1.0,0.0,0.0,0,0.0,0.38522620796293733,0.0,0.38522620796293733,1.31535694989068e-07,0.9999924159100855,4096,0,0,1.0,0.0,0.0,0,0.0,0.38522620796293733,0.0,0.1147737920370627,3.7243368642023163e-06,0.28990523605251806,4096,0,0,1.0,0.0,0.0,0,0.0,0.1147737920370627,0.0,0.25847555936696487,1.3153469618736587e-06,0.0,0.0,3.469446951953614e-18
689,0.43062500000000004,3.1811519607465816e-15,9.876544027065393e-13,0.0,0.2950216003942802,1.3295248092690398e-07,0.9999922975023835,0.5,0.0,0.5,0.0,0.38506480118284064,1.3295248092695191e-07,0.9999922975023834,4096,0,0,1.0,0.0,0.0,0,0.0,0.38506480118284064,0.0,0.38506480118284064,1.3295248092690398e-07,0.9999922975023835,4096,0,0,1.0,0.0,0.0,0,0.0,0.38506480118284064,0.0,0.11493519881715938,3.784772566741779e-06,0.29010864574372386,4096,0,0,1.0,0.0,0.0,0,0.0,0.11493519881715938,0.0,0.2580261179611192,1.3295145686073652e-06,0.0,0.0,0.0
690,0.43125,3.1845886361584385e-15,9.912071163853398e-13,2.220446049250313e-16,0.2949678917793288,1.344142677166103e-07,0.9999921854272699,0.5,0.0,0.5000000000000001,2.220446049250313e-16,0.3849036753379864,1.3441426771665797e-07,0.9999921854272698,4096,0,0,1.0,0.0,0.0,0,0.0,0.3849036753379864,0.0,0.38490367533798636,1.344142677166103e-07,0.9999921854272699,4096,0,0,1.0,0.0,0.0,0,0.0,0.38490367533798636,0.0,0.11509632466201361,3.840079230164503e-06,0.29031151400934585,4096,0,0,1.0,0.0,0.0,0,0.0,0.11509632466201361,0.0,0.25757656854738004,1.3441321732653925e-06,0.0,0.0,3.469446951953614e-18
691,0.431875,3.1873126266900825e-15,9.876544027065393e-13,0.0,0.29491427683073973,1.3592267356429393e-07,0.9999920702793808,0.5,0.0,0.5,0.0,0.384742830492219,1.3592267356434134e-07,0.9999920702793806,4096,0,0,1.0,0.0,0.0,0,0.0,0.384742830492219,0.0,0.384742830492219,1.3592267356429393e-07,0.9999920702793808,4096,0,0,1.0,0.0,0.0,0,0.0,0.384742830492219,0.0,0.11525716950778103,3.896898971788694e-06,0.2905138432595962,4096,0,0,1.0,0.0,0.0,0,0.0,0.11525716950778103,0.0,0.2571269228277334,1.3592159573546673e-06,0.0,0.0,0.0
692,0.4325,3.188971933068434e-15,9.805489753489383e-13,0.0,0.29486075556736374,1.3747936106564587e-07,0.9999919519491268,0.5,0.0,0.5,0.0,0.3845822667020913,1.3747936106569304e-07,0.9999919519491267,4096,0,0,1.0,0.0,0.0,0,0.0,0.3845822667020913,0.0,0.3845822667020913,1.3747936106564587e-07,0.9999919519491268,4096,0,0,1.0,0.0,0.0,0,0.0,0.3845822667020913,0.0,0.11541773329790875,3.955285754996491e-06,0.2907156358381443,4096,0,0,1.0,0.0,0.0,0,0.0,0.11541773329790875,0.0,0.2566771924328147,1.37478254624754e-06,0.0,0.0,3.469446951953614e-18
693,0.433125,3.1905341918740336e-15,9.841016890277388e-13,0.0,0.29480732800563647,1.3908603818484502e-07,0.9999918303235018,0.5,0.0,0.5,0.0,0.38442198401690947,1.3908603818489195e-07,0.9999918303235017,4096,0,0,1.0,0.0,0.0,0,0.0,0.38442198401690947,0.0,0.3844219840169094,1.3908603818484502e-07,0.9999918303235018,4096,0,0,1.0,0.0,0.0,0,0.0,0.3844219840169094,0.0,0.11557801598309062,4.015295228950271e-06,0.29091689402271154,4096,0,0,1.0,0.0,0.0,0,0.0,0.11557801598309062,0.0,0.25622738892151,1.3908490189690762e-06,0.0,0.0,0.0
694,0.43375,3.192921226128043e-15,9.769962616701378e-13,2.220446049250313e-16,0.2947539941595926,1.4074445925046166e-07,0.9999917052859951,0.5000000000000001,2.220446049250313e-16,0.5,0.0,0.38426198247877774,1.4074445925050836e-07,0.999991705285995,4096,0,0,1.0,0.0,0.0,0,0.0,0.38426198247877774,0.0,0.38426198247877774,1.4074445925046166e-07,0.9999917052859951,4096,0,0,1.0,0.0,0.0,0,0.0,0.38426198247877774,0.0,0.11573801752122227,4.076984771750539e-06,0.2911176200256505,4096,0,0,1.0,0.0,0.0,0,0.0,0.11573801752122227,0.0,0.25577752378056984,1.407432918154244e-06,0.0,0.0,3.469446951953614e-18
695,0.434375,3.196082326510337e-15,9.805489753489383e-13,0.0,0.29470075404088136,1.424564259685114e-07,0.999991576716503,0.5,0.0,0.5,0.0,0.38410226212264414,1.4245642596855784e-07,0.9999915767165029,4096,0,0,1.0,0.0,0.0,0,0.0,0.38410226212264414,0.0,0.3841022621226441,1.424564259685114e-07,0.999991576716503,4096,0,0,1.0,0.0,0.0,0,0.0,0.3841022621226441,0.0,0.11589773787735592,4.140413534467256e-06,0.2913178159945075,4096,0,0,1.0,0.0,0.0,0,0.0,0.11589773787735592,0.0,0.25532760842423663,1.4245522601764947e-06,0.0,0.0,0.0
696,0.435,3.200710432379839e-15,9.769962616701378e-13,0.0,0.2946476076587817,1.4422378845280714e-07,0.9999914444912373,0.5,0.0,0.5,0.0,0.3839428229763451,1.4422378845285333e-07,0.9999914444912372,4096,0,0,1.0,0.0,0.0,0,0.0,0.3839428229763451,0.0,0.3839428229763451,1.4422378845280714e-07,0.9999914444912373,4096,0,0,1.0,0.0,0.0,0,0.0,0.3839428229763451,0.0,0.11605717702365498,4.205642486055939e-06,0.29151748401256966,4096,0,0,1.0,0.0,0.0,0,0.0,0.11605717702365498,0.0,0.2548776541938833,1.4422255454492124e-06,0.0,0.0,3.469446951953614e-18
697,0.435625,3.2032444297200316e-15,9.734435479913373e-13,2.220446049250313e-16,0.29459455502021725,1.4604844627275323e-07,0.9999913084826333,0.5000000000000001,2.220446049250313e-16,0.5,0.0,0.38378366506065176,1.4604844627279918e-07,0.9999913084826332,4096,0,0,1.0,0.0,0.0,0,0.0,0.38378366506065176,0.0,0.38378366506065176,1.4604844627275323e-07,0.9999913084826333,4096,0,0,1.0,0.0,0.0,0,0.0,0.38378366506065176,0.0,0.11621633493934823,4.272734459169797e-06,0.291716626099396,4096,0,0,1.0,0.0,0.0,0,0.0,0.11621633493934823,0.0,0.2544276723576656,1.4604717689014604e-06,0.0,0.0,3.469446951953614e-18
698,0.43625,3.2048395762357758e-15,9.769962616701378e-13,0.0,0.29454159612977193,1.4793234951872216e-07,0.9999911685592546,0.5,0.0,0.5,0.0,0.3836247883893158,1.4793234951876787e-07,0.9999911685592545,4096,0,0,1.0,0.0,0.0,0,0.0,0.3836247883893158,0.0,0.3836247883893158,1.4793234951872216e-07,0.9999911685592546,4096,0,0,1.0,0.0,0.0,0,0.0,0.3836247883893158,0.0,0.1163752116106842,4.34175419687912e-06,0.29191524421133314,4096,0,0,1.0,0.0,0.0,0,0.0,0.1163752116106842,0.0,0.25397767411018646,1.4793104306294305e-06,0.0,0.0,0.0
699,0.436875,3.2065755696462647e-15,9.734435479913373e-13,0.0,0.294488730989705,1.4987749988515062e-07,0.9999910245856974,0.5,0.0,0.5,0.0,0.3834661929691151,1.498774998851961e-07,0.9999910245856973,4096,0,0,1.0,0.0,0.0,0,0.0,0.3834661929691151,0.0,0.3834661929691151,1.4987749988515062e-07,0.9999910245856974,4096,0,0,1.0,0.0,0.0,0,0.0,0.3834661929691151,0.0,0.11653380703088494,4.412768400309093e-06,0.2921133402420156,4096,0,0,1.0,0.0,0.0,0,0.0,0.11653380703088494,0.0,0.2535276705721733,1.498761546724945e-06,0.0,0.0,3.469446951953614e-18
700,0.4375,3.209851676101195e-15,9.698908343125368e-13,0.0,0.29443595959996677,1.5188595177148785e-07,0.9999908764224917,0.5,0.0,0.5,0.0,0.38330787879990025,1.5188595177153308e-07,0.9999908764224916,4096,0,0,1.0,0.0,0.0,0,0.0,0.38330787879990025,0.0,0.38330787879990025,1.5188595177148785e-07,0.9999908764224917,4096,0,0,1.0,0.0,0.0,0,0.0,0.38330787879990025,0.0,0.11669212120009974,4.485845777207107e-06,0.2923109160228511,4096,0,0,1.0,0.0,0.0,0,0.0,0.11669212120009974,0.0,0.253077672790167,1.5188456602823442e-06,0.0,0.0,3.469446951953614e-18
701,0.438125,3.210858435627382e-15,9.698908343125368e-13,0.0,0.2943832819582137,1.5395981340112473e-07,0.9999907239260016,0.5,0.0,0.5,0.0,0.38314984587464124,1.5395981340116973e-07,0.9999907239260015,4096,0,0,1.0,0.0,0.0,0,0.0,0.38314984587464124,0.0,0.3831498458746412,1.5395981340112473e-07,0.9999907239260016,4096,0,0,1.0,0.0,0.0,0,0.0,0.3831498458746412,0.0,0.1168501541253588,4.561057091450584e-06,0.2925079733234909,4096,0,0,1.0,0.0,0.0,0,0.0,0.1168501541253588,0.0,0.2526276917362241,1.5395838525850282e-06,0.0,0.0,6.938893903907228e-18
702,0.43875000000000003,3.2131220801983134e-15,9.769962616701378e-13,0.0,0.29433069805982454,1.561012479584283e-07,0.999990566948323,0.5,0.0,0.5,0.0,0.3829920941794736,1.5610124795847305e-07,0.9999905669483229,4096,0,0,1.0,0.0,0.0,0,0.0,0.3829920941794736,0.0,0.38299209417947355,1.561012479584283e-07,0.999990566948323,4096,0,0,1.0,0.0,0.0,0,0.0,0.38299209417947355,0.0,0.11700790582052645,4.638475213506255e-06,0.2927045138522853,4096,0,0,1.0,0.0,0.0,0,0.0,0.11700790582052645,0.0,0.25217773830763124,1.5609977544728945e-06,0.0,0.0,3.469446951953614e-18
703,0.439375,3.2162750293196855e-15,9.769962616701378e-13,0.0,0.2942782078979152,1.5831247474400152e-07,0.9999904053371795,0.5,0.0,0.5,0.0,0.3828346236937456,1.5831247474404604e-07,0.9999904053371794,4096,0,0,1.0,0.0,0.0,0,0.0,0.3828346236937456,0.0,0.3828346236937456,1.5831247474400152e-07,0.9999904053371795,4096,0,0,1.0,0.0,0.0,0,0.0,0.3828346236937456,0.0,0.11716537630625443,4.7181751718517e-06,0.29290053925672516,4096,0,0,1.0,0.0,0.0,0,0.0,0.11716537630625443,0.0,0.2517278233266311,1.5831095578918607e-06,0.0,0.0,3.469446951953614e-18
704,0.44,3.2181833923384113e-15,9.805489753489383e-13,0.0,0.2942258114633551,1.6059577034828375e-07,0.9999902389358168,0.5,0.0,0.5,0.0,0.38267743439006524,1.6059577034832804e-07,0.9999902389358167,4096,0,0,1.0,0.0,0.0,0,0.0,0.38267743439006524,0.0,0.38267743439006524,1.6059577034828375e-07,0.9999902389358168,4096,0,0,1.0,0.0,0.0,0,0.0,0.38267743439006524,0.0,0.11732256560993479,4.800234205369906e-06,0.29309605112386844,4096,0,0,1.0,0.0,0.0,0,0.0,0.11732256560993479,0.0,0.25127795754016147,1.6059420276266183e-06,0.0,0.0,3.469446951953614e-18
705,0.440625,3.2196034137571795e-15,9.805489753489383e-13,2.220446049250313e-16,0.2941735087447824,1.629534698436024e-07,0.9999900675828947,0.5000000000000001,2.220446049250313e-16,0.5,0.0,0.3825205262343472,1.6295346984364645e-07,0.9999900675828945,4096,0,0,1.0,0.0,0.0,0,0.0,0.3825205262343472,0.0,0.3825205262343472,1.629534698436024e-07,0.9999900675828947,4096,0,0,1.0,0.0,0.0,0,0.0,0.3825205262343472,0.0,0.11747947376565285,4.8847318167274465e-06,0.2932910509807536,4096,0,0,1.0,0.0,0.0,0,0.0,0.11747947376565285,0.0,0.2508281516196065,1.6295185132177113e-06,0.0,0.0,0.0
706,0.44125000000000003,3.2226721410397202e-15,9.876544027065393e-13,0.0,0.29412129972862,1.653879679947814e-07,0.9999898911123765,0.5,0.0,0.5,0.0,0.38236389918586006,1.653879679948252e-07,0.9999898911123764,4096,0,0,1.0,0.0,0.0,0,0.0,0.38236389918586006,0.0,0.38236389918586006,1.653879679947814e-07,0.9999898911123765,4096,0,0,1.0,0.0,0.0,0,0.0,0.38236389918586006,0.0,0.11763610081413994,4.971749826746799e-06,0.2934855402947985,4096,0,0,1.0,0.0,0.0,0,0.0,0.11763610081413994,0.0,0.250378416160559,1.6538629610639863e-06,0.0,0.0,3.469446951953614e-18
707,0.441875,3.2233147143841255e-15,9.876544027065393e-13,0.0,0.2940691843990914,1.679017204884068e-07,0.9999897093534179,0.5,0.0,0.5,0.0,0.38220755319727423,1.6790172048845037e-07,0.9999897093534178,4096,0,0,1.0,0.0,0.0,0,0.0,0.38220755319727423,0.0,0.38220755319727423,1.679017204884068e-07,0.9999897093534179,4096,0,0,1.0,0.0,0.0,0,0.0,0.38220755319727423,0.0,0.11779244680272577,5.0613724297831635e-06,0.29367952047418655,4096,0,0,1.0,0.0,0.0,0,0.0,0.11779244680272577,0.0,0.2499287616825962,1.6789999267114072e-06,0.0,0.0,3.469446951953614e-18
708,0.4425,3.225347993827833e-15,9.805489753489383e-13,0.0,0.29401716273823636,1.7049724518084475e-07,0.9999895221302526,0.5,0.0,0.5,0.0,0.38205148821470897,1.704972451808881e-07,0.9999895221302524,4096,0,0,1.0,0.0,0.0,0,0.0,0.38205148821470897,0.0,0.38205148821470897,1.7049724518084475e-07,0.9999895221302526,4096,0,0,1.0,0.0,0.0,0,0.0,0.38205148821470897,0.0,0.1179485117852911,5.153686250116038e-06,0.2938729928682391,4096,0,0,1.0,0.0,0.0,0,0.0,0.1179485117852911,0.0,0.24947919862906637,1.704954587329174e-06,0.0,0.0,6.938893903907228e-18
709,0.443125,3.226318740651182e-15,9.841016890277388e-13,2.220446049250313e-16,0.2939652347259267,1.726575294993243e-07,0.999989329262076,0.5000000000000001,2.220446049250313e-16,0.5,0.0,0.38189570417778024,1.7265752949936795e-07,0.9999893292620757,4096,0,0,1.0,0.0,0.0,0,0.0,0.38189570417778024,0.0,0.3818957041777802,1.726575294993243e-07,0.999989329262076,4096,0,0,1.0,0.0,0.0,0,0.0,0.3818957041777802,0.0,0.11810429582221982,5.2487803993656304e-06,0.2940659587677752,4096,0,0,1.0,0.0,0.0,0,0.0,0.11810429582221982,0.0,0.24902973736688797,1.7265563984925244e-06,0.0,0.0,3.469446951953614e-18
710,0.44375000000000003,3.2277455923418133e-15,9.769962616701378e-13,0.0,0.29391340033988295,1.7420777119859641e-07,0.9999891305629272,0.5,0.0,0.5,0.0,0.3817402010196488,1.7420777119863985e-07,0.9999891305629269,4096,0,0,1.0,0.0,0.0,0,0.0,0.3817402010196488,0.0,0.3817402010196488,1.7420777119859641e-07,0.9999891305629272,4096,0,0,1.0,0.0,0.0,0,0.0,0.3817402010196488,0.0,0.11825979898035122,5.346746534944054e-06,0.2942584194054585,4096,0,0,1.0,0.0,0.0,0,0.0,0.11825979898035122,0.0,0.24858038818636025,1.7420584043586557e-06,0.0,0.0,3.469446951953614e-18
711,0.444375,3.2292416470298993e-15,9.805489753489383e-13,0.0,0.2938616595556893,1.7580602839455078e-07,0.9999889258415687,0.5,0.0,0.5,0.0,0.3815849786670679,1.7580602839459398e-07,0.9999889258415685,4096,0,0,1.0,0.0,0.0,0,0.0,0.3815849786670679,0.0,0.3815849786670679,1.7580602839455078e-07,0.9999889258415687,4096,0,0,1.0,0.0,0.0,0,0.0,0.3815849786670679,0.0,0.11841502133293208,5.447678919551083e-06,0.29445037595613205,4096,0,0,1.0,0.0,0.0,0,0.0,0.11841502133293208,0.0,0.2481311613009858,1.7580405493771333e-06,0.0,0.0,3.469446951953614e-18
712,0.445,3.230444024411141e-15,9.769962616701378e-13,2.220446049250313e-16,0.29381001234681053,1.7745401955366574e-07,0.9999887149013642,0.5000000000000001,2.220446049250313e-16,0.5,0.0,0.3814300370404315,1.7745401955370873e-07,0.999988714901364,4096,0,0,1.0,0.0,0.0,0,0.0,0.3814300370404315,0.0,0.3814300370404315,1.7745401955366574e-07,0.9999887149013642,4096,0,0,1.0,0.0,0.0,0,0.0,0.3814300370404315,0.0,0.11856996295956856,5.551674481724064e-06,0.2946418295371407,4096,0,0,1.0,0.0,0.0,0,0.0,0.11856996295956856,0.0,0.24768206684730493,1.7745200174280373e-06,0.0,0.0,0.0
713,0.445625,3.2330053339338996e-15,9.769962616701378e-13,2.220446049250313e-16,0.2937584586846073,1.7915350819150209e-07,0.9999884975401535,0.5,0.0,0.5000000000000001,2.220446049250313e-16,0.381275376053822,1.7915350819154483e-07,0.9999884975401533,4096,0,0,1.0,0.0,0.0,0,0.0,0.381275376053822,0.0,0.381275376053822,1.7915350819150209e-07,0.9999884975401535,4096,0,0,1.0,0.0,0.0,0,0.0,0.381275376053822,0.0,0.11872462394617803,5.6588328774514115e-06,0.29483278120864176,4096,0,0,1.0,0.0,0.0,0,0.0,0.11872462394617803,0.0,0.24723311488474095,1.7915144428417924e-06,0.0,0.0,3.469446951953614e-18
714,0.44625000000000004,3.234560361727869e-15,9.805489753489383e-13,0.0,0.2937069985383531,1.8090630381099247e-07,0.9999883263713779,0.5,0.0,0.5,0.0,0.38112099561505913,1.80906303811035e-07,0.9999883263713777,4096,0,0,1.0,0.0,0.0,0,0.0,0.38112099561505913,0.0,0.38112099561505913,1.8090630381099247e-07,0.9999883263713779,4096,0,0,1.0,0.0,0.0,0,0.0,0.38112099561505913,0.0,0.11887900438494092,5.746361158522595e-06,0.29502323197390445,4096,0,0,1.0,0.0,0.0,0,0.0,0.11887900438494092,0.0,0.2467843153954578,1.8090419197798633e-06,0.0,0.0,3.469446951953614e-18
715,0.446875,3.2391561437439377e-15,9.805489753489383e-13,0.0,0.2936556318752493,1.8271426285606658e-07,0.9999881690724962,0.5,0.0,0.5,0.0,0.38096689562574776,1.8271426285610888e-07,0.999988169072496,4096,0,0,1.0,0.0,0.0,0,0.0,0.38096689562574776,0.0,0.38096689562574776,1.8271426285606658e-07,0.9999881690724962,4096,0,0,1.0,0.0,0.0,0,0.0,0.38096689562574776,0.0,0.1190331043742523,5.824106619823386e-06,0.2952131827795977,4096,0,0,1.0,0.0,0.0,0,0.0,0.1190331043742523,0.0,0.2463356782842286,1.8271210117686878e-06,0.0,0.0,0.0
716,0.4475,3.2399143999421014e-15,9.769962616701378e-13,0.0,0.29360435866044216,1.8457928968072646e-07,0.9999880076365419,0.5,0.0,0.5,0.0,0.3808130759813265,1.8457928968076855e-07,0.9999880076365417,4096,0,0,1.0,0.0,0.0,0,0.0,0.3808130759813265,0.0,0.3808130759813266,1.8457928968072646e-07,0.9999880076365419,4096,0,0,1.0,0.0,0.0,0,0.0,0.3808130759813266,0.0,0.11918692401867348,5.903892083544753e-06,0.29540263451606735,4096,0,0,1.0,0.0,0.0,0,0.0,0.11918692401867348,0.0,0.24588721337831543,1.8457707613879776e-06,0.0,0.0,3.469446951953614e-18
717,0.448125,3.2415052166471457e-15,9.734435479913373e-13,0.0,0.29355317885703885,1.8650333753368403e-07,0.9999878419214183,0.5,0.0,0.5,0.0,0.38065953657111645,1.8650333753372588e-07,0.9999878419214181,4096,0,0,1.0,0.0,0.0,0,0.0,0.38065953657111645,0.0,0.38065953657111645,1.8650333753368403e-07,0.9999878419214183,4096,0,0,1.0,0.0,0.0,0,0.0,0.38065953657111645,0.0,0.11934046342888363,5.985787621446213e-06,0.29559158801760266,4096,0,0,1.0,0.0,0.0,0,0.0,0.11934046342888363,0.0,0.24543893042736076,1.865010700114505e-06,0.0,0.0,6.938893903907228e-18
718,0.44875,3.243167121396407e-15,9.734435479913373e-13,2.220446049250313e-16,0.29350209242612296,1.8848840955866838e-07,0.9999876717808309,0.5000000000000001,2.220446049250313e-16,0.5,0.0,0.3805062772783689,1.8848840955871e-07,0.9999876717808307,4096,0,0,1.0,0.0,0.0,0,0.0,0.3805062772783689,0.0,0.38050627727836894,1.8848840955866838e-07,0.9999876717808309,4096,0,0,1.0,0.0,0.0,0,0.0,0.38050627727836894,0.0,0.11949372272163111,6.069865379137571e-06,0.29578004406269254,4096,0,0,1.0,0.0,0.0,0,0.0,0.11949372272163111,0.0,0.24499083910328961,1.8848608583224447e-06,0.0,0.0,6.938893903907228e-18
719,0.449375,3.2456116767616644e-15,9.769962616701378e-13,0.0,0.29345109932677177,1.9053655981050706e-07,0.9999874970641875,0.5,0.0,0.5,0.0,0.38035329798031514,1.9053655981054845e-07,0.9999874970641873,4096,0,0,1.0,0.0,0.0,0,0.0,0.38035329798031514,0.0,0.38035329798031514,1.9053655981050706e-07,0.9999874970641875,4096,0,0,1.0,0.0,0.0,0,0.0,0.38035329798031514,0.0,0.11964670201968494,6.156199625711664e-06,0.29596800337427187,4096,0,0,1.0,0.0,0.0,0,0.0,0.11964670201968494,0.0,0.24454294900022314,1.9053417754412976e-06,0.0,0.0,3.469446951953614e-18
720,0.45,3.2461365282600203e-15,9.769962616701378e-13,0.0,0.29340019951607127,1.926498942870815e-07,0.9999873176164958,0.5,0.0,0.5,0.0,0.38020059854821386,1.9264989428712268e-07,0.9999873176164956,4096,0,0,1.0,0.0,0.0,0,0.0,0.38020059854821386,0.0,0.38020059854821386,1.926498942870815e-07,0.9999873176164958,4096,0,0,1.0,0.0,0.0,0,0.0,0.38020059854821386,0.0,0.11979940145178616,6.244866804296718e-06,0.29615546661995806,4096,0,0,1.0,0.0,0.0,0,0.0,0.11979940145178616,0.0,0.24409526963440265,1.9264745102724005e-06,0.0,0.0,3.469446951953614e-18
721,0.450625,3.248633090004755e-15,9.805489753489383e-13,0.0,0.2933493929491337,1.9483057197725252e-07,0.9999871332782596,0.5,0.0,0.5,0.0,0.38004817884740105,1.948305719772935e-07,0.9999871332782594,4096,0,0,1.0,0.0,0.0,0,0.0,0.38004817884740105,0.0,0.38004817884740105,1.9483057197725252e-07,0.9999871332782596,4096,0,0,1.0,0.0,0.0,0,0.0,0.38004817884740105,0.0,0.119951821152599,6.335945583538219e-06,0.2963424344122785,4096,0,0,1.0,0.0,0.0,0,0.0,0.119951821152599,0.0,0.24364781044412492,1.9482806514649633e-06,0.0,0.0,3.469446951953614e-18
722,0.45125,3.2499747422876723e-15,9.769962616701378e-13,0.0,0.29329867957911254,1.9708080592484782e-07,0.9999869438853727,0.5,0.0,0.5,0.0,0.3798960387373376,1.9708080592488859e-07,0.9999869438853725,4096,0,0,1.0,0.0,0.0,0,0.0,0.3798960387373376,0.0,0.37989603873733757,1.9708080592484782e-07,0.9999869438853727,4096,0,0,1.0,0.0,0.0,0,0.0,0.37989603873733757,0.0,0.12010396126266243,6.429516910020113e-06,0.29652890730888876,4096,0,0,1.0,0.0,0.0,0,0.0,0.12010396126266243,0.0,0.24320058078968823,1.9707823281525478e-06,0.0,0.0,0.0
723,0.451875,3.2518884484123535e-15,9.769962616701378e-13,0.0,0.2932480593572197,1.9940286430879876e-07,0.9999867492690111,0.5,0.0,0.5,0.0,0.379744178071659,1.9940286430883932e-07,0.9999867492690109,4096,0,0,1.0,0.0,0.0,0,0.0,0.379744178071659,0.0,0.379744178071659,1.9940286430879876e-07,0.9999867492690111,4096,0,0,1.0,0.0,0.0,0,0.0,0.379744178071659,0.0,0.12025582192834106,6.5256640616350215e-06,0.29671488581278244,4096,0,0,1.0,0.0,0.0,0,0.0,0.12025582192834106,0.0,0.24275358995334878,1.9940022207508535e-06,0.0,0.0,0.0
724,0.4525,3.254204928729613e-15,9.734435479913373e-13,0.0,0.29319753223274114,2.0179907153950947e-07,0.9999865492555233,0.5,0.0,0.5,0.0,0.37959259669822343,2.017990715395498e-07,0.9999865492555231,4096,0,0,1.0,0.0,0.0,0,0.0,0.37959259669822343,0.0,0.3795925966982234,2.0179907153950947e-07,0.9999865492555233,4096,0,0,1.0,0.0,0.0,0,0.0,0.3795925966982234,0.0,0.12040740330177659,6.624472701913037e-06,0.29690037037249245,4096,0,0,1.0,0.0,0.0,0,0.0,0.12040740330177659,0.0,0.2423068471392878,2.017963571917625e-06,0.0,0.0,3.469446951953614e-18
725,0.453125,3.2555428983264082e-15,9.698908343125368e-13,2.220446049250313e-16,0.29314709815305373,2.042718093715361e-07,0.9999863436663187,0.5000000000000001,2.220446049250313e-16,0.5,0.0,0.37944129445916114,2.0427180937157624e-07,0.9999863436663184,4096,0,0,1.0,0.0,0.0,0,0.0,0.37944129445916114,0.0,0.37944129445916114,2.042718093715361e-07,0.9999863436663187,4096,0,0,1.0,0.0,0.0,0,0.0,0.37944129445916114,0.0,0.1205587055408389,6.726030935318544e-06,0.2970853613822845,4096,0,0,1.0,0.0,0.0,0,0.0,0.1205587055408389,0.0,0.24186036147358903,2.042690197675456e-06,0.0,0.0,0.0
726,0.45375,3.256769729713863e-15,9.698908343125368e-13,0.0,0.2930967570636409,2.0682351803264992e-07,0.9999861323177536,0.5,0.0,0.5,0.0,0.37929027119092273,2.0682351803268983e-07,0.9999861323177534,4096,0,0,1.0,0.0,0.0,0,0.0,0.37929027119092273,0.0,0.37929027119092273,2.0682351803264992e-07,0.9999861323177536,4096,0,0,1.0,0.0,0.0,0,0.0,0.37929027119092273,0.0,0.1207097288090773,6.830429363524359e-06,0.2972698591823425,4096,0,0,1.0,0.0,0.0,0,0.0,0.1207097288090773,0.0,0.24141414200422676,2.068206498698207e-06,0.0,0.0,3.469446951953614e-18
727,0.45437500000000003,3.25909306366899e-15,9.734435479913373e-13,0.0,0.29304650890810946,2.0945669736935198e-07,0.999985915021016,0.5,0.0,0.5,0.0,0.3791395267243284,2.0945669736939168e-07,0.9999859150210157,4096,0,0,1.0,0.0,0.0,0,0.0,0.3791395267243284,0.0,0.3791395267243284,2.0945669736935198e-07,0.999985915021016,4096,0,0,1.0,0.0,0.0,0,0.0,0.3791395267243284,0.0,0.12086047327567163,6.937761142672333e-06,0.2974538640589476,4096,0,0,1.0,0.0,0.0,0,0.0,0.12086047327567163,0.0,0.2409681977010639,2.0945374717617144e-06,0.0,0.0,6.938893903907228e-18
728,0.455,3.260449221114341e-15,9.769962616701378e-13,0.0,0.2929963536282055,2.1217390800890305e-07,0.9999856915820075,0.5,0.0,0.5,0.0,0.3789890608846165,2.1217390800894254e-07,0.9999856915820072,4096,0,0,1.0,0.0,0.0,0,0.0,0.3789890608846165,0.0,0.3789890608846165,2.1217390800890305e-07,0.9999856915820075,4096,0,0,1.0,0.0,0.0,0,0.0,0.3789890608846165,0.0,0.12101093911538352,7.048122041629418e-06,0.2976373762446491,4096,0,0,1.0,0.0,0.0,0,0.0,0.12101093911538352,0.0,0.24052253745586,2.121708721359401e-06,0.0,0.0,3.469446951953614e-18
729,0.455625,3.2624934899001105e-15,9.734435479913373e-13,0.0,0.2929462911638308,2.1497777253792585e-07,0.9999854618012237,0.5,0.0,0.5,0.0,0.3788388734914925,2.1497777253796513e-07,0.9999854618012235,4096,0,0,1.0,0.0,0.0,0,0.0,0.3788388734914925,0.0,0.3788388734914925,2.1497777253792585e-07,0.9999854618012237,4096,0,0,1.0,0.0,0.0,0,0.0,0.3788388734914925,0.0,0.12116112650850754,7.161610501248016e-06,0.2978203959184297,4096,0,0,1.0,0.0,0.0,0,0.0,0.12116112650850754,0.0,0.24007717008228963,2.1497464714833615e-06,0.0,0.0,0.0
730,0.45625,3.2647752581584116e-15,9.805489753489383e-13,0.0,0.2928963214530592,2.178709766976324e-07,0.9999852254736328,0.5,0.0,0.5,0.0,0.37868896435917765,2.1787097669767147e-07,0.9999852254736326,4096,0,0,1.0,0.0,0.0,0,0.0,0.37868896435917765,0.0,0.37868896435917765,2.178709766976324e-07,0.9999852254736328,4096,0,0,1.0,0.0,0.0,0,0.0,0.37868896435917765,0.0,0.12131103564082238,7.278327694639275e-06,0.2980029232058639,4096,0,0,1.0,0.0,0.0,0,0.0,0.12131103564082238,0.0,0.23963210431597048,2.178677577571425e-06,0.0,0.0,0.0
731,0.45687500000000003,3.265739884155959e-15,9.805489753489383e-13,0.0,0.29284644443215263,2.2085627059572264e-07,0.9999849823885512,0.5,0.0,0.5,0.0,0.3785393332964579,2.208562705957615e-07,0.9999849823885509,4096,0,0,1.0,0.0,0.0,0,0.0,0.3785393332964579,0.0,0.3785393332964579,2.2085627059572264e-07,0.9999849823885512,4096,0,0,1.0,0.0,0.0,0,0.0,0.3785393332964579,0.0,0.12146066670354216,7.3983775884677805e-06,0.29818495817927093,4096,0,0,1.0,0.0,0.0,0,0.0,0.12146066670354216,0.0,0.23918734881450124,2.208529538620647e-06,0.0,0.0,0.0
732,0.4575,3.267395790025795e-15,9.876544027065393e-13,0.0,0.29279666003557747,2.2393646993499518e-07,0.9999847323295182,0.5,0.0,0.5,0.0,0.3783899801067324,2.2393646993503383e-07,0.999984732329518,4096,0,0,1.0,0.0,0.0,0,0.0,0.3783899801067324,0.0,0.37838998010673247,2.2393646993499518e-07,0.9999847323295182,4096,0,0,1.0,0.0,0.0,0,0.0,0.37838998010673247,0.0,0.12161001989326758,7.521867005275942e-06,0.29836650085786165,4096,0,0,1.0,0.0,0.0,0,0.0,0.12161001989326758,0.0,0.238742912157509,2.2393305094676333e-06,0.0,0.0,0.0
733,0.458125,3.2693082311674528e-15,9.947598300641403e-13,0.0,0.2927469681960209,2.2711445725870493e-07,0.9999844750741678,0.5,0.0,0.5,0.0,0.3782409045880627,2.2711445725874333e-07,0.9999844750741675,4096,0,0,1.0,0.0,0.0,0,0.0,0.3782409045880627,0.0,0.3782409045880627,2.2711445725870493e-07,0.9999844750741678,4096,0,0,1.0,0.0,0.0,0,0.0,0.3782409045880627,0.0,0.12175909541193733,7.648905686846131e-06,0.2985475512078805,4096,0,0,1.0,0.0,0.0,0,0.0,0.12175909541193733,0.0,0.23829880284670663,2.2711093132360054e-06,0.0,0.0,6.938893903907228e-18
734,0.45875,3.2709143028895783e-15,9.947598300641403e-13,0.0,0.29269736884440695,2.289421030544067e-07,0.9999842103940982,0.5,0.0,0.5,0.0,0.3780921065332208,2.2894210305444536e-07,0.999984210394098,4096,0,0,1.0,0.0,0.0,0,0.0,0.3780921065332208,0.0,0.3780921065332208,2.289421030544067e-07,0.9999842103940982,4096,0,0,1.0,0.0,0.0,0,0.0,0.3780921065332208,0.0,0.12190789346677922,7.779606358608443e-06,0.2987281091427428,4096,0,0,1.0,0.0,0.0,0,0.0,0.12190789346677922,0.0,0.2378550293059589,2.2893839985209403e-06,0.0,0.0,3.469446951953614e-18
735,0.45937500000000003,3.2709273863181556e-15,9.876544027065393e-13,2.220446049250313e-16,0.2926478619099128,2.3080543839846133e-07,0.9999839380547406,0.5000000000000001,2.220446049250313e-16,0.5,0.0,0.3779435857297383,2.308054383984998e-07,0.9999839380547404,4096,0,0,1.0,0.0,0.0,0,0.0,0.3779435857297383,0.0,0.3779435857297383,2.3080543839846133e-07,0.9999839380547406,4096,0,0,1.0,0.0,0.0,0,0.0,0.3779435857297383,0.0,0.12205641427026176,7.914084795101719e-06,0.2989081745231669,4096,0,0,1.0,0.0,0.0,0,0.0,0.12205641427026176,0.0,0.23741159988135885,2.3080166116749213e-06,0.0,0.0,0.0
736,0.46,3.2746880639422163e-15,9.876544027065393e-13,0.0,0.29259844731998486,2.3272638411574444e-07,0.9999836578152238,0.5,0.0,0.5,0.0,0.3777953419599545,2.3272638411578269e-07,0.9999836578152236,4096,0,0,1.0,0.0,0.0,0,0.0,0.3777953419599545,0.0,0.3777953419599545,2.3272638411574444e-07,0.9999836578152238,4096,0,0,1.0,0.0,0.0,0,0.0,0.3777953419599545,0.0,0.1222046580400455,8.052459886495239e-06,0.2990877471573031,4096,0,0,1.0,0.0,0.0,0,0.0,0.1222046580400455,0.0,0.23696852284131237,2.327225301244312e-06,0.0,0.0,0.0
737,0.460625,3.277077915214785e-15,9.805489753489383e-13,0.0,0.2925491250003552,2.347069230327938e-07,0.9999833694282384,0.5,0.0,0.5,0.0,0.3776473750010656,2.3470692303283187e-07,0.9999833694282382,4096,0,0,1.0,0.0,0.0,0,0.0,0.3776473750010656,0.0,0.3776473750010656,2.347069230327938e-07,0.9999833694282384,4096,0,0,1.0,0.0,0.0,0,0.0,0.3776473750010656,0.0,0.12235262499893443,8.194853706178266e-06,0.2992669065573358,4096,0,0,1.0,0.0,0.0,0,0.0,0.12235262499893443,0.0,0.23652580637663256,2.347029894194707e-06,0.0,0.0,3.469446951953614e-18
738,0.46125,3.2784642472347038e-15,9.734435479913373e-13,0.0,0.2924998948750575,2.367490866354441e-07,0.9999830726398978,0.5,0.0,0.5,0.0,0.37749968462517247,2.3674908663548196e-07,0.9999830726398976,4096,0,0,1.0,0.0,0.0,0,0.0,0.37749968462517247,0.0,0.37749968462517247,2.367490866354441e-07,0.9999830726398978,4096,0,0,1.0,0.0,0.0,0,0.0,0.37749968462517247,0.0,0.12250031537482758,8.341391579424338e-06,0.29946244371916425,4096,0,0,1.0,0.0,0.0,0,0.0,0.12250031537482758,0.0,0.23608345860064262,2.3674507040209693e-06,0.0,0.0,0.0
739,0.46187500000000004,3.2794719841699906e-15,9.698908343125368e-13,0.0,0.2924507568664431,2.388549560094827e-07,0.9999828264210984,0.5,0.0,0.5,0.0,0.37735227059932935,2.3885495600952036e-07,0.999982826421098,4096,0,0,1.0,0.0,0.0,0,0.0,0.37735227059932935,0.0,0.37735227059932935,2.388549560094827e-07,0.9999828264210984,4096,0,0,1.0,0.0,0.0,0,0.0,0.37735227059932935,0.0,0.12264772940067066,8.467361971741728e-06,0.299657395354069,4096,0,0,1.0,0.0,0.0,0,0.0,0.12264772940067066,0.0,0.23564148754928804,2.388508540150496e-06,0.0,0.0,0.0
740,0.4625,3.2816379151246035e-15,9.698908343125368e-13,0.0,0.29240171089519745,2.410266627952654e-07,0.9999826116885726,0.5,0.0,0.5,0.0,0.37720513268559236,2.4102666279530284e-07,0.9999826116885723,4096,0,0,1.0,0.0,0.0,0,0.0,0.37720513268559236,0.0,0.37720513268559236,2.410266627952654e-07,0.9999826116885726,4096,0,0,1.0,0.0,0.0,0,0.0,0.37720513268559236,0.0,0.12279486731440767,8.573642381195216e-06,0.2998517639463536,4096,0,0,1.0,0.0,0.0,0,0.0,0.12279486731440767,0.0,0.2351999011812569,2.4102247174859034e-06,0.0,0.0,3.469446951953614e-18
741,0.463125,3.28251491875493e-15,9.734435479913373e-13,0.0,0.2923527568803557,2.43266390156361e-07,0.9999823915355668,0.5,0.0,0.5,0.0,0.3770582706410673,2.4326639015639824e-07,0.9999823915355665,4096,0,0,1.0,0.0,0.0,0,0.0,0.3770582706410673,0.0,0.3770582706410673,2.43266390156361e-07,0.9999823915355668,4096,0,0,1.0,0.0,0.0,0,0.0,0.3770582706410673,0.0,0.12294172935893272,8.682599020402e-06,0.3000455519144241,4096,0,0,1.0,0.0,0.0,0,0.0,0.12294172935893272,0.0,0.23475870737810922,2.4326210660878206e-06,0.0,0.0,0.0
742,0.46375,3.282972268018059e-15,9.698908343125368e-13,0.0,0.29230389473931945,2.455763737622902e-07,0.9999821657825596,0.5,0.0,0.5,0.0,0.3769116842179583,2.455763737623272e-07,0.9999821657825593,4096,0,0,1.0,0.0,0.0,0,0.0,0.3769116842179583,0.0,0.3769116842179583,2.455763737622902e-07,0.9999821657825596,4096,0,0,1.0,0.0,0.0,0,0.0,0.3769116842179583,0.0,0.12308831578204174,8.794320532212257e-06,0.3002387616113123,4096,0,0,1.0,0.0,0.0,0,0.0,0.12308831578204174,0.0,0.23431791394441465,2.455719940998422e-06,0.0,0.0,3.469446951953614e-18
743,0.464375,3.284773341291602e-15,9.734435479913373e-13,0.0,0.29225512438787177,2.4795890278541886e-07,0.999981934244998,0.5,0.0,0.5,0.0,0.3767653731636154,2.4795890278545566e-07,0.9999819342449977,4096,0,0,1.0,0.0,0.0,0,0.0,0.3767653731636154,0.0,0.37676537316361536,2.4795890278541886e-07,0.999981934244998,4096,0,0,1.0,0.0,0.0,0,0.0,0.37676537316361536,0.0,0.12323462683638459,8.908898048481526e-06,0.3004313953251883,4096,0,0,1.0,0.0,0.0,0,0.0,0.12323462683638459,0.0,0.2338775286078984,2.4795442322063047e-06,0.0,0.0,3.469446951953614e-18
744,0.465,3.287365300976371e-15,9.805489753489383e-13,0.0,0.2922064457401944,2.504163209120633e-07,0.9999816967331853,0.5,0.0,0.5,0.0,0.3766193372205831,2.5041632091209993e-07,0.9999816967331849,4096,0,0,1.0,0.0,0.0,0,0.0,0.3766193372205831,0.0,0.3766193372205831,2.504163209120633e-07,0.9999816967331853,4096,0,0,1.0,0.0,0.0,0,0.0,0.3766193372205831,0.0,0.12338066277941695,9.02642524580322e-06,0.30062345527986234,4096,0,0,1.0,0.0,0.0,0,0.0,0.12338066277941695,0.0,0.23343755901959568,2.504117374753268e-06,0.0,0.0,0.0
745,0.465625,3.2899226970491683e-15,9.734435479913373e-13,0.0,0.29215785870888256,2.5295102736785833e-07,0.999981453052166,0.5,0.0,0.5,0.0,0.3764735761266476,2.5295102736789475e-07,0.9999814530521657,4096,0,0,1.0,0.0,0.0,0,0.0,0.3764735761266476,0.0,0.3764735761266476,2.5295102736785833e-07,0.999981453052166,4096,0,0,1.0,0.0,0.0,0,0.0,0.3764735761266476,0.0,0.12352642387335244,9.146998402184484e-06,0.3008149436352762,4096,0,0,1.0,0.0,0.0,0,0.0,0.12352642387335244,0.0,0.23299801275401355,2.529463358983491e-06,0.0,0.0,3.469446951953614e-18
746,0.46625,3.291616480481173e-15,9.663381206337363e-13,0.0,0.2921093632049617,2.5556547795743597e-07,0.9999812030016104,0.5,0.0,0.5,0.0,0.3763280896148851,2.555654779574722e-07,0.9999812030016101,4096,0,0,1.0,0.0,0.0,0,0.0,0.3763280896148851,0.0,0.3763280896148851,2.5556547795743597e-07,0.9999812030016104,4096,0,0,1.0,0.0,0.0,0,0.0,0.3763280896148851,0.0,0.12367191038511494,9.270716454673482e-06,0.3010058624879842,4096,0,0,1.0,0.0,0.0,0,0.0,0.12367191038511494,0.0,0.23255889730930174,2.5556067409355827e-06,0.0,0.0,0.0
747,0.466875,3.2930657954490134e-15,9.663381206337363e-13,0.0,0.2920609591379031,2.5826218611845764e-07,0.9999809463756957,0.5,0.0,0.5,0.0,0.3761828774137093,2.5826218611849364e-07,0.9999809463756953,4096,0,0,1.0,0.0,0.0,0,0.0,0.3761828774137093,0.0,0.3761828774137092,2.5826218611845764e-07,0.9999809463756957,4096,0,0,1.0,0.0,0.0,0,0.0,0.3761828774137092,0.0,0.12381712258629077,9.397681057946101e-06,0.301196213871624,4096,0,0,1.0,0.0,0.0,0,0.0,0.12381712258629077,0.0,0.23212022010743044,2.5825726528779123e-06,0.0,0.0,3.469446951953614e-18
748,0.4675,3.2939501569138765e-15,9.734435479913373e-13,2.220446049250313e-16,0.29201264641563957,2.610437239900367e-07,0.9999806829629859,0.5000000000000001,2.220446049250313e-16,0.5,0.0,0.3760379392469187,2.6104372399007253e-07,0.9999806829629856,4096,0,0,1.0,0.0,0.0,0,0.0,0.3760379392469187,0.0,0.37603793924691864,2.610437239900367e-07,0.9999806829629859,4096,0,0,1.0,0.0,0.0,0,0.0,0.37603793924691864,0.0,0.12396206075308133,9.527996643859821e-06,0.30138599975737745,4096,0,0,1.0,0.0,0.0,0,0.0,0.12396206075308133,0.0,0.23168198849437627,2.61038681398758e-06,0.0,0.0,3.469446951953614e-18
749,0.468125,3.2950420431563485e-15,9.663381206337363e-13,0.0,0.29196442494458147,2.639127234955847e-07,0.9999804125463102,0.5,0.0,0.5,0.0,0.3758932748337445,2.6391272349562033e-07,0.9999804125463099,4096,0,0,1.0,0.0,0.0,0,0.0,0.3758932748337445,0.0,0.3758932748337445,2.639127234955847e-07,0.9999804125463102,4096,0,0,1.0,0.0,0.0,0,0.0,0.3758932748337445,0.0,0.12410672516625548,9.661770481982392e-06,0.30157522205442217,4096,0,0,1.0,0.0,0.0,0,0.0,0.12410672516625548,0.0,0.2312442097403155,2.63907554117335e-06,0.0,0.0,0.0
750,0.46875,3.296944639930964e-15,9.734435479913373e-13,0.0,0.2919162946296326,2.668718774401081e-07,0.999980134902638,0.5,0.0,0.5,0.0,0.37574888388889766,2.668718774401435e-07,0.9999801349026377,4096,0,0,1.0,0.0,0.0,0,0.0,0.37574888388889766,0.0,0.3757488838888977,2.668718774401081e-07,0.999980134902638,4096,0,0,1.0,0.0,0.0,0,0.0,0.3757488838888977,0.0,0.12425111611110232,9.799112741102689e-06,0.3017638826103729,4096,0,0,1.0,0.0,0.0,0,0.0,0.12425111611110232,0.0,0.23080689103982532,2.668665760042795e-06,0.0,0.0,0.0
751,0.469375,3.298478199290282e-15,9.805489753489383e-13,0.0,0.29186825537420535,2.6992394062197775e-07,0.9999798498029536,0.5,0.0,0.5,0.0,0.375604766122616,2.6992394062201295e-07,0.9999798498029533,4096,0,0,1.0,0.0,0.0,0,0.0,0.375604766122616,0.0,0.375604766122616,2.6992394062197775e-07,0.9999798498029536,4096,0,0,1.0,0.0,0.0,0,0.0,0.375604766122616,0.0,0.12439523387738402,9.940136551731004e-06,0.3019519832117141,4096,0,0,1.0,0.0,0.0,0,0.0,0.12439523387738402,0.0,0.23037003951209162,2.6991850160138657e-06,0.0,0.0,0.0
752,0.47000000000000003,3.301139031895305e-15,9.734435479913373e-13,0.0,0.2918203070802371,2.73071730959188e-07,0.9999795570121276,0.5,0.0,0.5,0.0,0.37546092124071134,2.73071730959223e-07,0.9999795570121273,4096,0,0,1.0,0.0,0.0,0,0.0,0.37546092124071134,0.0,0.3754609212407113,2.73071730959188e-07,0.9999795570121276,4096,0,0,1.0,0.0,0.0,0,0.0,0.3754609212407113,0.0,0.12453907875928871,1.0084958069595757e-05,0.3021395255842233,4096,0,0,1.0,0.0,0.0,0,0.0,0.12453907875928871,0.0,0.22993366220112454,2.730661485571036e-06,0.0,0.0,3.469446951953614e-18
753,0.470625,3.301941192914543e-15,9.734435479913373e-13,0.0,0.2917724496482055,2.7631813063011593e-07,0.9999792562887868,0.5,0.0,0.5,0.0,0.37531734894461644,2.7631813063015076e-07,0.9999792562887865,4096,0,0,1.0,0.0,0.0,0,0.0,0.37531734894461644,0.0,0.37531734894461644,2.7631813063011593e-07,0.9999792562887868,4096,0,0,1.0,0.0,0.0,0,0.0,0.37531734894461644,0.0,0.12468265105538356,1.023369654014343e-05,0.30232651139338534,4096,0,0,1.0,0.0,0.0,0,0.0,0.12468265105538356,0.0,0.22949776607598113,2.763123987666111e-06,0.0,0.0,0.0
754,0.47125,3.30342965805801e-15,9.805489753489383e-13,0.0,0.291724682977144,2.7966608722878604e-07,0.9999789473851823,0.5,0.0,0.5,0.0,0.3751740489314319,2.7966608722882067e-07,0.999978947385182,4096,0,0,1.0,0.0,0.0,0,0.0,0.3751740489314319,0.0,0.37517404893143186,2.7966608722878604e-07,0.9999789473851823,4096,0,0,1.0,0.0,0.0,0,0.0,0.37517404893143186,0.0,0.12482595106856814,1.038647436404831e-05,0.30251294224479847,4096,0,0,1.0,0.0,0.0,0,0.0,0.12482595106856814,0.0,0.22906235803099456,2.7966019952637396e-06,0.0,0.0,1.0408340855860843e-17
755,0.471875,3.3041269567274165e-15,9.876544027065393e-13,0.0,0.2916770069646575,2.8311861493464004e-07,0.9999786300470552,0.5,0.0,0.5,0.0,0.37503102089397244,2.8311861493467445e-07,0.9999786300470549,4096,0,0,1.0,0.0,0.0,0,0.0,0.37503102089397244,0.0,0.37503102089397244,2.8311861493464004e-07,0.9999786300470552,4096,0,0,1.0,0.0,0.0,0,0.0,0.37503102089397244,0.0,0.12496897910602758,1.0543417163738368e-05,0.30269881968457163,4096,0,0,1.0,0.0,0.0,0,0.0,0.12496897910602758,0.0,0.2286274448860104,2.83112564703161e-06,0.0,0.0,3.469446951953614e-18
756,0.47250000000000003,3.3073945695928313e-15,9.876544027065393e-13,0.0,0.29162942150693794,2.8667879569680455e-07,0.9999783040135001,0.5,0.0,0.5,0.0,0.3748882645208138,2.866787956968388e-07,0.9999783040134997,4096,0,0,1.0,0.0,0.0,0,0.0,0.3748882645208138,0.0,0.3748882645208138,2.8667879569680455e-07,0.9999783040135001,4096,0,0,1.0,0.0,0.0,0,0.0,0.3748882645208138,0.0,0.12511173547918625,1.0704653850943374e-05,0.3028841451997138,4096,0,0,1.0,0.0,0.0,0,0.0,0.12511173547918625,0.0,0.2281930333866296,2.8667257591752316e-06,0.0,0.0,3.469446951953614e-18
757,0.473125,3.306842464716083e-15,9.876544027065393e-13,0.0,0.29158192649877956,2.903497804328444e-07,0.9999779690168267,0.5,0.0,0.5,0.0,0.37474577949633864,2.9034978043287846e-07,0.9999779690168263,4096,0,0,1.0,0.0,0.0,0,0.0,0.37474577949633864,0.0,0.37474577949633864,2.903497804328444e-07,0.9999779690168267,4096,0,0,1.0,0.0,0.0,0,0.0,0.37474577949633864,0.0,0.12525422050366136,1.0870316695271096e-05,0.3030689202185153,4096,0,0,1.0,0.0,0.0,0,0.0,0.12525422050366136,0.0,0.22775913020445807,2.9034338374171725e-06,0.0,0.0,3.469446951953614e-18
758,0.47375,3.30975963084945e-15,9.805489753489383e-13,0.0,0.2915345218335944,2.9325487981335955e-07,0.9999776247824198,0.5,0.0,0.5,0.0,0.37460356550078316,2.93254879813394e-07,0.9999776247824195,4096,0,0,1.0,0.0,0.0,0,0.0,0.37460356550078316,0.0,0.37460356550078316,2.9325487981335955e-07,0.9999776247824198,4096,0,0,1.0,0.0,0.0,0,0.0,0.37460356550078316,0.0,0.12539643449921686,1.1040541393817189e-05,0.3032531461109214,4096,0,0,1.0,0.0,0.0,0,0.0,0.12539643449921686,0.0,0.22732574193736238,2.932481293965661e-06,0.0,0.0,6.938893903907228e-18
759,0.474375,3.313541184811699e-15,9.805489753489383e-13,0.0,0.2914872074034276,2.9536924773667747e-07,0.9999772710285965,0.5,0.0,0.5,0.0,0.37446162221028273,2.953692477367117e-07,0.9999772710285961,4096,0,0,1.0,0.0,0.0,0,0.0,0.37446162221028273,0.0,0.37446162221028273,2.9536924773667747e-07,0.9999772710285965,4096,0,0,1.0,0.0,0.0,0,0.0,0.37446162221028273,0.0,0.12553837778971738,1.1215467141814059e-05,0.30343682418889856,4096,0,0,1.0,0.0,0.0,0,0.0,0.12553837778971738,0.0,0.2268928751097322,2.953623751972739e-06,0.0,0.0,3.469446951953614e-18
760,0.47500000000000003,3.315877019513948e-15,9.805489753489383e-13,0.0,0.29143998309897257,2.975488560901353e-07,0.9999769074664613,0.5,0.0,0.5,0.0,0.37431994929691775,2.975488560901694e-07,0.999976907466461,4096,0,0,1.0,0.0,0.0,0,0.0,0.37431994929691775,0.0,0.37431994929691764,2.975488560901353e-07,0.9999769074664613,4096,0,0,1.0,0.0,0.0,0,0.0,0.37431994929691764,0.0,0.12568005070308233,1.1395236704323766e-05,0.3036199557067933,4096,0,0,1.0,0.0,0.0,0,0.0,0.12568005070308233,0.0,0.22646053617274858,2.975418571416464e-06,0.0,0.0,3.469446951953614e-18
761,0.475625,3.319013101287757e-15,9.947598300641403e-13,0.0,0.29139284880958655,2.9979588733368644e-07,0.99997653379976,0.5,0.0,0.5,0.0,0.37417854642875964,2.997958873337204e-07,0.9999765337997597,4096,0,0,1.0,0.0,0.0,0,0.0,0.37417854642875964,0.0,0.3741785464287596,2.9979588733368644e-07,0.99997653379976,4096,0,0,1.0,0.0,0.0,0,0.0,0.3741785464287596,0.0,0.12582145357124042,1.157999648897972e-05,0.3038025418616843,4096,0,0,1.0,0.0,0.0,0,0.0,0.12582145357124042,0.0,0.22602873150465858,2.9978875749402635e-06,0.0,0.0,3.469446951953614e-18
762,0.47625,3.320997422919414e-15,9.876544027065393e-13,2.220446049250313e-16,0.2913458044233054,3.021125743546e-07,0.9999761497247304,0.5000000000000001,2.220446049250313e-16,0.5,0.0,0.37403741326991613,3.021125743546337e-07,0.9999761497247301,4096,0,0,1.0,0.0,0.0,0,0.0,0.37403741326991613,0.0,0.37403741326991613,3.021125743546e-07,0.9999761497247304,4096,0,0,1.0,0.0,0.0,0,0.0,0.37403741326991613,0.0,0.1259625867300839,1.1769896619781586e-05,0.30398458379372784,4096,0,0,1.0,0.0,0.0,0,0.0,0.1259625867300839,0.0,0.2255974674110554,3.0210530893698346e-06,0.0,0.0,6.938893903907228e-18
763,0.476875,3.3226100004743304e-15,9.805489753489383e-13,0.0,0.29129884982685883,3.0450120137634264e-07,0.9999757549299513,0.5,0.0,0.5,0.0,0.3738965494805765,3.0450120137637615e-07,0.999975754929951,4096,0,0,1.0,0.0,0.0,0,0.0,0.3738965494805765,0.0,0.37389654948057655,3.0450120137634264e-07,0.9999757549299513,4096,0,0,1.0,0.0,0.0,0,0.0,0.37389654948057655,0.0,0.12610345051942354,1.1965091011947597e-05,0.30416608258649636,4096,0,0,1.0,0.0,0.0,0,0.0,0.12610345051942354,0.0,0.22516675012516474,3.0449379547974926e-06,0.0,0.0,3.469446951953614e-18
764,0.47750000000000004,3.3245611336833824e-15,9.805489753489383e-13,0.0,0.2912519849056856,3.069641048797798e-07,0.9999753994010644,0.5,0.0,0.5,0.0,0.3737559547170568,3.069641048798132e-07,0.9999753994010638,4096,0,0,1.0,0.0,0.0,0,0.0,0.3737559547170568,0.0,0.3737559547170568,3.069641048797798e-07,0.9999753994010644,4096,0,0,1.0,0.0,0.0,0,0.0,0.3737559547170568,0.0,0.12624404528294325,1.2146817415033635e-05,0.3043470392673113,4096,0,0,1.0,0.0,0.0,0,0.0,0.12624404528294325,0.0,0.22473658580813655,3.069565533789479e-06,0.0,0.0,0.0
765,0.478125,3.3286528112554095e-15,9.947598300641403e-13,2.220446049250313e-16,0.2912052095439482,3.0950367453672793e-07,0.999975113493934,0.5,0.0,0.5000000000000001,2.220446049250313e-16,0.3736156286318447,3.095036745367611e-07,0.9999751134939334,4096,0,0,1.0,0.0,0.0,0,0.0,0.3736156286318447,0.0,0.3736156286318447,3.0950367453672793e-07,0.999975113493934,4096,0,0,1.0,0.0,0.0,0,0.0,0.3736156286318447,0.0,0.12638437136815522,1.2288501195400469e-05,0.30452745480756993,4096,0,0,1.0,0.0,0.0,0,0.0,0.12638437136815522,0.0,0.22430698054934256,3.0949597207165395e-06,0.0,0.0,3.469446951953614e-18
766,0.47875,3.329137930705349e-15,9.805489753489383e-13,2.220446049250313e-16,0.2911585236245483,3.1212235415588443e-07,0.9999748206593457,0.5000000000000001,2.220446049250313e-16,0.5000000000000001,2.220446049250313e-16,0.37347557087364486,3.121223541559174e-07,0.9999748206593452,4096,0,0,1.0,0.0,0.0,0,0.0,0.37347557087364486,0.0,0.37347557087364486,3.1212235415588443e-07,0.9999748206593457,4096,0,0,1.0,0.0,0.0,0,0.0,0.37347557087364486,0.0,0.12652442912635517,1.2433609149698988e-05,0.304707330123066,4096,0,0,1.0,0.0,0.0,0,0.0,0.12652442912635517,0.0,0.2238779403666788,3.1211449512080315e-06,0.0,0.0,3.469446951953614e-18
767,0.479375,3.331674367625588e-15,9.805489753489383e-13,0.0,0.2911119270291408,3.1482264264115864e-07,0.9999745206757864,0.5,0.0,0.5,0.0,0.3733357810874223,3.148226426411914e-07,0.9999745206757858,4096,0,0,1.0,0.0,0.0,0,0.0,0.3733357810874223,0.0,0.3733357810874223,3.1482264264115864e-07,0.9999745206757864,4096,0,0,1.0,0.0,0.0,0,0.0,0.3733357810874223,0.0,0.12666421891257773,1.2582250785139496e-05,0.3048866660743057,4096,0,0,1.0,0.0,0.0,0,0.0,0.12666421891257773,0.0,0.22344947120687395,3.148146211729768e-06,0.0,0.0,0.0
768,0.48,3.33367911808241e-15,9.805489753489383e-13,0.0,0.2910654196381493,3.1760709496242154e-07,0.9999742133158435,0.5,0.0,0.5,0.0,0.37319625891444796,3.1760709496245415e-07,0.9999742133158429,4096,0,0,1.0,0.0,0.0,0,0.0,0.37319625891444796,0.0,0.37319625891444796,3.1760709496242154e-07,0.9999742133158435,4096,0,0,1.0,0.0,0.0,0,0.0,0.37319625891444796,0.0,0.12680374108555204,1.2734538530442891e-05,0.3050654634668179,4096,0,0,1.0,0.0,0.0,0,0.0,0.12680374108555204,0.0,0.22302157894580235,3.175989049285777e-06,0.0,0.0,6.938893903907228e-18
769,0.480625,3.3359783660712973e-15,9.805489753489383e-13,0.0,0.2910190013307808,3.204783231386878e-07,0.999973898346082,0.5,0.0,0.5,0.0,0.3730570039923424,3.2047832313872025e-07,0.9999738983460814,4096,0,0,1.0,0.0,0.0,0,0.0,0.3730570039923424,0.0,0.3730570039923423,3.204783231386878e-07,0.999973898346082,4096,0,0,1.0,0.0,0.0,0,0.0,0.3730570039923423,0.0,0.12694299600765768,1.2890587797089362e-05,0.30524372305145975,4096,0,0,1.0,0.0,0.0,0,0.0,0.12694299600765768,0.0,0.22259426938880253,3.2046995812440883e-06,0.0,0.0,3.469446951953614e-18
770,0.48125,3.3389992377352527e-15,9.734435479913373e-13,0.0,0.2909726719850398,3.234389972337386e-07,0.999973575526919,0.5,0.0,0.5,0.0,0.37291801595511936,3.2343899723377083e-07,0.9999735755269185,4096,0,0,1.0,0.0,0.0,0,0.0,0.37291801595511936,0.0,0.3729180159551194,3.234389972337386e-07,0.999973575526919,4096,0,0,1.0,0.0,0.0,0,0.0,0.3729180159551194,0.0,0.12708198404488058,1.3050517041511433e-05,0.3054214455247174,4096,0,0,1.0,0.0,0.0,0,0.0,0.12708198404488058,0.0,0.22216754827100016,3.234304505286627e-06,0.0,0.0,0.0
771,0.481875,3.34109209054963e-15,9.805489753489383e-13,0.0,0.2909264314777436,3.2649184636418894e-07,0.9999732446124965,0.5,0.0,0.5,0.0,0.37277929443323077,3.2649184636422097e-07,0.9999732446124959,4096,0,0,1.0,0.0,0.0,0,0.0,0.37277929443323077,0.0,0.37277929443323077,3.2649184636418894e-07,0.9999732446124965,4096,0,0,1.0,0.0,0.0,0,0.0,0.37277929443323077,0.0,0.12722070556676923,1.3214447828237422e-05,0.30559863152900263,4096,0,0,1.0,0.0,0.0,0,0.0,0.12722070556676923,0.0,0.22174142125763607,3.2648311094832252e-06,0.0,0.0,3.469446951953614e-18
772,0.4825,3.343481459638811e-15,9.734435479913373e-13,0.0,0.2908802796845363,3.2963965971999856e-07,0.9999729053505516,0.5,0.0,0.5,0.0,0.3726408390536088,3.2963965972003043e-07,0.9999729053505511,4096,0,0,1.0,0.0,0.0,0,0.0,0.3726408390536088,0.0,0.37264083905360884,3.2963965971999856e-07,0.9999729053505516,4096,0,0,1.0,0.0,0.0,0,0.0,0.37264083905360884,0.0,0.1273591609463912,1.3382504893991131e-05,0.3057752816529451,4096,0,0,1.0,0.0,0.0,0,0.0,0.1273591609463912,0.0,0.22131589394439907,3.29630728248974e-06,0.0,0.0,0.0
773,0.483125,3.3461998915231522e-15,9.663381206337363e-13,1.1102230246251565e-16,0.2908342164799035,3.3288528759741913e-07,0.9999725574822862,0.49999999999999994,1.1102230246251565e-16,0.5,0.0,0.3725026494397104,3.3288528759745084e-07,0.9999725574822856,4096,0,0,1.0,0.0,0.0,0,0.0,0.3725026494397104,0.0,0.3725026494397104,3.3288528759741913e-07,0.9999725574822862,4096,0,0,1.0,0.0,0.0,0,0.0,0.3725026494397104,0.0,0.12749735056028963,1.3554816212753389e-05,0.305951396431681,4096,0,0,1.0,0.0,0.0,0,0.0,0.12749735056028963,0.0,0.2208909718577629,3.3287615238701735e-06,0.0,0.0,3.469446951953614e-18
774,0.48375,3.3484600926581993e-15,9.734435479913373e-13,0.0,0.2907882417371866,3.362316424443667e-07,0.9999722007422333,0.5,0.0,0.5,0.0,0.3723647252115597,3.3623164244439823e-07,0.9999722007422327,4096,0,0,1.0,0.0,0.0,0,0.0,0.3723647252115597,0.0,0.37236472521155983,3.362316424443667e-07,0.9999722007422333,4096,0,0,1.0,0.0,0.0,0,0.0,0.37236472521155983,0.0,0.12763527478844028,1.3731513061790836e-05,0.30612697634713787,4096,0,0,1.0,0.0,0.0,0,0.0,0.12763527478844028,0.0,0.2204666604553278,3.3622229545426887e-06,0.0,0.0,3.469446951953614e-18
775,0.484375,3.350009225614185e-15,9.805489753489383e-13,2.220446049250313e-16,0.2907423553285972,3.3968169991820156e-07,0.999971834858122,0.5000000000000001,2.220446049250313e-16,0.5000000000000001,2.220446049250313e-16,0.3722270659857916,3.3968169991823295e-07,0.9999718348581215,4096,0,0,1.0,0.0,0.0,0,0.0,0.3722270659857916,0.0,0.3722270659857916,3.3968169991820156e-07,0.999971834858122,4096,0,0,1.0,0.0,0.0,0,0.0,0.3722270659857916,0.0,0.12777293401420842,1.39127300886571e-05,0.3063020218283161,4096,0,0,1.0,0.0,0.0,0,0.0,0.12777293401420842,0.0,0.22004296512616678,3.396721327349298e-06,0.0,0.0,0.0
776,0.485,3.3496377649581866e-15,9.734435479913373e-13,2.220446049250313e-16,0.29069655712523135,3.4323849995589347e-07,0.999971459550741,0.5,0.0,0.5000000000000001,2.220446049250313e-16,0.37208967137569393,3.432384999559247e-07,0.9999714595507404,4096,0,0,1.0,0.0,0.0,0,0.0,0.37208967137569393,0.0,0.3720896713756939,3.4323849995589347e-07,0.999971459550741,4096,0,0,1.0,0.0,0.0,0,0.0,0.3720896713756939,0.0,0.12791032862430612,1.4098605379171257e-05,0.30648013962033616,4096,0,0,1.0,0.0,0.0,0,0.0,0.12791032862430612,0.0,0.219619891191175,3.4322870377490156e-06,0.0,0.0,3.469446951953614e-18
777,0.48562500000000003,3.349940910180027e-15,9.805489753489383e-13,2.220446049250313e-16,0.29065084699708343,3.469051478565431e-07,0.9999710745337986,0.5000000000000001,2.220446049250313e-16,0.5,0.0,0.3719525409912502,3.469051478565742e-07,0.9999710745337981,4096,0,0,1.0,0.0,0.0,0,0.0,0.3719525409912502,0.0,0.37195254099125014,3.469051478565431e-07,0.9999710745337986,4096,0,0,1.0,0.0,0.0,0,0.0,0.37195254099125014,0.0,0.12804745900874986,1.4289280526378223e-05,0.3066618489105787,4096,0,0,1.0,0.0,0.0,0,0.0,0.12804745900874986,0.0,0.21919744390342466,3.4689511346341347e-06,0.0,0.0,0.0
778,0.48625,3.3528158950125964e-15,9.947598300641403e-13,0.0,0.2906052248130606,3.506848153762265e-07,0.9999706795137828,0.5,0.0,0.5,0.0,0.3718156744391818,3.5068481537625734e-07,0.9999706795137824,4096,0,0,1.0,0.0,0.0,0,0.0,0.3718156744391818,0.0,0.3718156744391818,3.506848153762265e-07,0.9999706795137828,4096,0,0,1.0,0.0,0.0,0,0.0,0.3718156744391818,0.0,0.12818432556081824,1.4484900700495454e-05,0.3068429262275366,4096,0,0,1.0,0.0,0.0,0,0.0,0.12818432556081824,0.0,0.21877562844852233,3.5067453312693053e-06,0.0,0.0,3.469446951953614e-18
779,0.486875,3.354799352861806e-15,9.947598300641403e-13,0.0,0.2905596904409968,3.545807418351215e-07,0.9999702741898177,0.5,0.0,0.5,0.0,0.37167907132299033,3.5458074183515223e-07,0.9999702741898172,4096,0,0,1.0,0.0,0.0,0,0.0,0.37167907132299033,0.0,0.37167907132299033,3.545807418351215e-07,0.9999702741898177,4096,0,0,1.0,0.0,0.0,0,0.0,0.37167907132299033,0.0,0.12832092867700973,1.4685614719850082e-05,0.307023373577076,4096,0,0,1.0,0.0,0.0,0,0.0,0.12832092867700973,0.0,0.21835444994497133,3.5457020163529526e-06,0.0,0.0,3.469446951953614e-18
780,0.4875,3.3557786169721023e-15,1.0018652574217413e-12,0.0,0.29051424374766627,3.5859623523687165e-07,0.9999698582535184,0.5,0.0,0.5,0.0,0.3715427312429989,3.585962352369022e-07,0.9999698582535179,4096,0,0,1.0,0.0,0.0,0,0.0,0.3715427312429989,0.0,0.3715427312429989,3.5859623523687165e-07,0.9999698582535184,4096,0,0,1.0,0.0,0.0,0,0.0,0.3715427312429989,0.0,0.1284572687570011,1.4891575122810285e-05,0.30720319289991205,4096,0,0,1.0,0.0,0.0,0,0.0,0.1284572687570011,0.0,0.21793391344453694,3.585854265200597e-06,0.0,0.0,3.469446951953614e-18
781,0.48812500000000003,3.3570450426124195e-15,9.947598300641403e-13,2.220446049250313e-16,0.2904688845987981,3.627346734001334e-07,0.9999694313888444,0.5000000000000001,2.220446049250313e-16,0.5,0.0,0.37140665379639437,3.627346734001638e-07,0.999969431388844,4096,0,0,1.0,0.0,0.0,0,0.0,0.37140665379639437,0.0,0.37140665379639437,3.627346734001334e-07,0.9999694313888444,4096,0,0,1.0,0.0,0.0,0,0.0,0.37140665379639437,0.0,0.12859334620360566,1.5102938240714447e-05,0.3073823860720964,4096,0,0,1.0,0.0,0.0,0,0.0,0.12859334620360566,0.0,0.2175140239326157,3.6272358510494946e-06,0.0,0.0,6.938893903907228e-18
782,0.48875,3.3597950034394375e-15,1.0018652574217413e-12,0.0,0.2904236128590893,3.669995051022506e-07,0.9999689932719505,0.5,0.0,0.5,0.0,0.371270838577268,3.669995051022808e-07,0.9999689932719501,4096,0,0,1.0,0.0,0.0,0,0.0,0.371270838577268,0.0,0.37127083857726795,3.669995051022506e-07,0.9999689932719505,4096,0,0,1.0,0.0,0.0,0,0.0,0.37127083857726795,0.0,0.128729161422732,1.5319864271801333e-05,0.30756095490550134,4096,0,0,1.0,0.0,0.0,0,0.0,0.128729161422732,0.0,0.217094786328608,3.6698812564840145e-06,0.0,0.0,0.0
783,0.489375,3.3631332920944964e-15,1.0089706847793423e-12,0.0,0.2903784283922191,3.6941188268596124e-07,0.9999685435710357,0.5,0.0,0.5,0.0,0.37113528517665734,3.694118826859914e-07,0.9999685435710353,4096,0,0,1.0,0.0,0.0,0,0.0,0.37113528517665734,0.0,0.3711352851766573,3.6941188268596124e-07,0.9999685435710357,4096,0,0,1.0,0.0,0.0,0,0.0,0.3711352851766573,0.0,0.12886471482334277,1.554251735614422e-05,0.3077389011483024,4096,0,0,1.0,0.0,0.0,0,0.0,0.12886471482334277,0.0,0.2166762054862939,3.693999350693341e-06,0.0,0.0,6.938893903907228e-18
784,0.49,3.364690173743868e-15,1.0089706847793423e-12,0.0,0.29033333106086207,3.7182353180593454e-07,0.99996808194619,0.5,0.0,0.5,0.0,0.37099999318258625,3.7182353180596456e-07,0.9999680819461896,4096,0,0,1.0,0.0,0.0,0,0.0,0.37099999318258625,0.0,0.37099999318258625,3.7182353180593454e-07,0.99996808194619,4096,0,0,1.0,0.0,0.0,0,0.0,0.37099999318258625,0.0,0.1290000068174138,1.5771065651591587e-05,0.3079162264854583,4096,0,0,1.0,0.0,0.0,0,0.0,0.1290000068174138,0.0,0.21625828619421228,3.7181138514935805e-06,0.0,0.0,3.469446951953614e-18
785,0.49062500000000003,3.3668513964919052e-15,1.0018652574217413e-12,0.0,0.29028832072670213,3.743098867349154e-07,0.9999676080492398,0.5,0.0,0.5,0.0,0.3708649621801065,3.7430988673494527e-07,0.9999676080492393,4096,0,0,1.0,0.0,0.0,0,0.0,0.3708649621801065,0.0,0.37086496218010645,3.743098867349154e-07,0.9999676080492398,4096,0,0,1.0,0.0,0.0,0,0.0,0.37086496218010645,0.0,0.12913503781989355,1.6005681410716643e-05,0.30809293253918935,4096,0,0,1.0,0.0,0.0,0,0.0,0.12913503781989355,0.0,0.2158410331760432,3.7429753431445204e-06,0.0,0.0,0.0
786,0.49125,3.3690881181132072e-15,1.0018652574217413e-12,0.0,0.29024339725044584,3.768733547964936e-07,0.9999671215235901,0.5,0.0,0.5,0.0,0.3707301917513375,3.768733547965233e-07,0.9999671215235897,4096,0,0,1.0,0.0,0.0,0,0.0,0.3707301917513375,0.0,0.3707301917513375,3.768733547964936e-07,0.9999671215235901,4096,0,0,1.0,0.0,0.0,0,0.0,0.3707301917513375,0.0,0.12926980824866255,1.624654105877766e-05,0.30826902086945357,4096,0,0,1.0,0.0,0.0,0,0.0,0.12926980824866255,0.0,0.21542445109099317,3.7686078959328223e-06,0.0,0.0,6.938893903907228e-18
787,0.491875,3.3698718647587424e-15,1.0018652574217413e-12,2.220446049250313e-16,0.29019856049183557,3.7951639545472053e-07,0.9999666220040662,0.5000000000000001,2.220446049250313e-16,0.5,0.0,0.3705956814755067,3.7951639545475007e-07,0.9999666220040657,4096,0,0,1.0,0.0,0.0,0,0.0,0.3705956814755067,0.0,0.3705956814755067,3.7951639545472053e-07,0.9999666220040662,4096,0,0,1.0,0.0,0.0,0,0.0,0.3705956814755067,0.0,0.1294043185244933,1.6493825272690686e-05,0.3084444929744215,4096,0,0,1.0,0.0,0.0,0,0.0,0.1294043185244933,0.0,0.21500854453418322,3.795036101419461e-06,0.0,0.0,3.469446951953614e-18
788,0.4925,3.370929539971687e-15,9.947598300641403e-13,0.0,0.29015381030966325,3.8224152118622805e-07,0.9999661091167514,0.5,0.0,0.5,0.0,0.3704614309289897,3.8224152118625744e-07,0.999966109116751,4096,0,0,1.0,0.0,0.0,0,0.0,0.3704614309289897,0.0,0.3704614309289897,3.8224152118622805e-07,0.9999661091167514,4096,0,0,1.0,0.0,0.0,0,0.0,0.3704614309289897,0.0,0.12953856907101036,1.6747719061015945e-05,0.3086193502909492,4096,0,0,1.0,0.0,0.0,0,0.0,0.12953856907101036,0.0,0.21459331803703985,3.82228508115479e-06,0.0,0.0,6.938893903907228e-18
789,0.49312500000000004,3.37162433332079e-15,1.0018652574217413e-12,0.0,0.29010914656178316,3.8505129836296936e-07,0.9999655920832557,0.5,0.0,0.5,0.0,0.37032743968534954,3.850512983629986e-07,0.9999655920832554,4096,0,0,1.0,0.0,0.0,0,0.0,0.37032743968534954,0.0,0.37032743968534954,3.8505129836296936e-07,0.9999655920832557,4096,0,0,1.0,0.0,0.0,0,0.0,0.37032743968534954,0.0,0.12967256031465052,1.7008411844958728e-05,0.3087935941950499,4096,0,0,1.0,0.0,0.0,0,0.0,0.12967256031465052,0.0,0.2141787760676887,3.850380495499529e-06,0.0,0.0,3.469446951953614e-18
790,0.49375,3.372637022008854e-15,1.0018652574217413e-12,0.0,0.29006456910512546,3.8794834814557714e-07,0.9999652198791916,0.5,0.0,0.5,0.0,0.3701937073153764,3.879483481456062e-07,0.9999652198791913,4096,0,0,1.0,0.0,0.0,0,0.0,0.3701937073153764,0.0,0.3701937073153764,3.8794834814557714e-07,0.9999652198791916,4096,0,0,1.0,0.0,0.0,0,0.0,0.3701937073153764,0.0,0.1298062926846236,1.7196086229698633e-05,0.3089672260023645,4096,0,0,1.0,0.0,0.0,0,0.0,0.1298062926846236,0.0,0.2137649230313506,3.879348552551611e-06,0.0,0.0,3.469446951953614e-18
791,0.494375,3.3738705019243962e-15,1.0160761121369433e-12,0.0,0.290020077795709,3.909353473873296e-07,0.9999648390212251,0.5,0.0,0.5,0.0,0.37006023338712696,3.9093534738735853e-07,0.9999648390212248,4096,0,0,1.0,0.0,0.0,0,0.0,0.37006023338712696,0.0,0.3700602333871269,3.909353473873296e-07,0.9999648390212251,4096,0,0,1.0,0.0,0.0,0,0.0,0.3700602333871269,0.0,0.1299397666128731,1.738502171330869e-05,0.3091402469686306,4096,0,0,1.0,0.0,0.0,0,0.0,0.1299397666128731,0.0,0.21335176327074024,3.909216017178776e-06,0.0,0.0,3.469446951953614e-18
792,0.495,3.3753285267098724e-15,1.0160761121369433e-12,0.0,0.28997567248865425,3.9401502954871064e-07,0.9999644492418216,0.5,0.0,0.5,0.0,0.36992701746596285,3.940150295487394e-07,0.9999644492418213,4096,0,0,1.0,0.0,0.0,0,0.0,0.36992701746596285,0.0,0.3699270174659628,3.9401502954871064e-07,0.9999644492418216,4096,0,0,1.0,0.0,0.0,0,0.0,0.3699270174659628,0.0,0.1300729825340372,1.757837157396887e-05,0.3093126582901514,4096,0,0,1.0,0.0,0.0,0,0.0,0.1300729825340372,0.0,0.21293930106646702,3.9400102201567635e-06,0.0,0.0,6.938893903907228e-18
793,0.49562500000000004,3.37763059589141e-15,1.0089706847793423e-12,0.0,0.28993135303819656,3.971901856225448e-07,0.9999640502666666,0.5,0.0,0.5,0.0,0.36979405911458973,3.971901856225734e-07,0.9999640502666662,4096,0,0,1.0,0.0,0.0,0,0.0,0.36979405911458973,0.0,0.3697940591145898,3.971901856225448e-07,0.9999640502666666,4096,0,0,1.0,0.0,0.0,0,0.0,0.3697940591145898,0.0,0.13020594088541027,1.7776271573424563e-05,0.30948446110426264,4096,0,0,1.0,0.0,0.0,0,0.0,0.13020594088541027,0.0,0.2125275406374384,3.971759067412888e-06,0.0,0.0,0.0
794,0.49625,3.378456472388108e-15,1.0089706847793423e-12,0.0,0.2898871192976986,4.0046366506968485e-07,0.9999636418145328,0.5,0.0,0.5,0.0,0.3696613578930958,4.004636650697133e-07,0.9999636418145325,4096,0,0,1.0,0.0,0.0,0,0.0,0.3696613578930958,0.0,0.3696613578930958,4.0046366506968485e-07,0.9999636418145328,4096,0,0,1.0,0.0,0.0,0,0.0,0.3696613578930958,0.0,0.13033864210690427,1.797886090060814e-05,0.30965565648979976,4096,0,0,1.0,0.0,0.0,0,0.0,0.13033864210690427,0.0,0.21211648614126494,4.004491049374773e-06,0.0,0.0,3.469446951953614e-18
795,0.496875,3.3799186077214677e-15,1.0018652574217413e-12,0.0,0.2898429711196631,4.0383837676522214e-07,0.9999632235971452,0.5,0.0,0.5,0.0,0.3695289133589894,4.038383767652504e-07,0.9999632235971448,4096,0,0,1.0,0.0,0.0,0,0.0,0.3695289133589894,0.0,0.3695289133589894,4.0383837676522214e-07,0.9999632235971452,4096,0,0,1.0,0.0,0.0,0,0.0,0.3695289133589894,0.0,0.1304710866410106,1.8186282238579948e-05,0.3098262454675642,4096,0,0,1.0,0.0,0.0,0,0.0,0.1304710866410106,0.0,0.21170614167466778,4.038235250423899e-06,0.0,0.0,3.469446951953614e-18
796,0.4975,3.3798311939547405e-15,9.947598300641403e-13,0.0,0.28979890835574595,4.073172899551877e-07,0.9999627953190443,0.5,0.0,0.5,0.0,0.3693967250672378,4.073172899552158e-07,0.999962795319044,4096,0,0,1.0,0.0,0.0,0,0.0,0.3693967250672378,0.0,0.3693967250672378,4.073172899551877e-07,0.9999627953190443,4096,0,0,1.0,0.0,0.0,0,0.0,0.3693967250672378,0.0,0.13060327493276225,1.839868183239694e-05,0.30999622900078944,4096,0,0,1.0,0.0,0.0,0,0.0,0.13060327493276225,0.0,0.21129651127388793,4.073021358453671e-06,0.0,0.0,3.469446951953614e-18
797,0.498125,3.382177343726404e-15,1.0089706847793423e-12,0.0,0.289754930856768,4.1090343522370503e-07,0.999962356677448,0.5,0.0,0.5,0.0,0.3692647925703041,4.10903435223733e-07,0.9999623566774477,4096,0,0,1.0,0.0,0.0,0,0.0,0.3692647925703041,0.0,0.369264792570304,4.1090343522370503e-07,0.999962356677448,4096,0,0,1.0,0.0,0.0,0,0.0,0.369264792570304,0.0,0.13073520742969597,1.861620955791254e-05,0.31016560799560655,4096,0,0,1.0,0.0,0.0,0,0.0,0.13073520742969597,0.0,0.21088759891509706,4.108879674531551e-06,0.0,0.0,0.0
798,0.49875,3.3850307450926276e-15,1.0018652574217413e-12,2.220446049250313e-16,0.2897110384727284,4.145999054705512e-07,0.9999619073621105,0.5,0.0,0.5000000000000001,2.220446049250313e-16,0.36913311541818505,4.14599905470579e-07,0.9999619073621102,4096,0,0,1.0,0.0,0.0,0,0.0,0.36913311541818505,0.0,0.369133115418185,4.145999054705512e-07,0.9999619073621105,4096,0,0,1.0,0.0,0.0,0,0.0,0.369133115418185,0.0,0.13086688458181506,1.883901899151105e-05,0.31033438330151025,4096,0,0,1.0,0.0,0.0,0,0.0,0.13086688458181506,0.0,0.2104794085148106,4.1458411226648294e-06,0.0,0.0,6.938893903907228e-18
799,0.499375,3.3853069716311422e-15,1.0018652574217413e-12,0.0,0.289667231052816,4.1840985689907746e-07,0.9999614470551806,0.5,0.0,0.5,0.0,0.369001693158448,4.184098568991051e-07,0.9999614470551803,4096,0,0,1.0,0.0,0.0,0,0.0,0.369001693158448,0.0,0.369001693158448,4.1840985689907746e-07,0.9999614470551806,4096,0,0,1.0,0.0,0.0,0,0.0,0.369001693158448,0.0,0.13099830684155198,1.9067267480779637e-05,0.3105025557118244,4096,0,0,1.0,0.0,0.0,0,0.0,0.13099830684155198,0.0,0.21007194393030185,4.183937259669524e-06,0.0,0.0,0.0
800,0.5,3.386998917638975e-15,1.0089706847793423e-12,0.0,0.2896235084454228,4.223365100144352e-07,0.9999609754310569,0.5,0.0,0.5,0.0,0.36887052533626824,4.2233651001446267e-07,0.9999609754310566,4096,0,0,1.0,0.0,0.0,0,0.0,0.36887052533626824,0.0,0.36887052533626824,4.223365100144352e-07,0.9999609754310569,4096,0,0,1.0,0.0,0.0,0,0.0,0.36887052533626824,0.0,0.13112947466373176,1.93011162161207e-05,0.31067012596416826,4096,0,0,1.0,0.0,0.0,0,0.0,0.13112947466373176,0.0,0.209665208960018,4.223200285141828e-06,0.0,0.0,3.469446951953614e-18
801,0.500625,3.389412476643322e-15,1.0160761121369433e-12,0.0,0.289579870498155,4.2638315063204733e-07,0.9999604921562419,0.5,0.0,0.5,0.0,0.368739611494465,4.2638315063207465e-07,0.9999604921562416,4096,0,0,1.0,0.0,0.0,0,0.0,0.368739611494465,0.0,0.368739611494465,4.2638315063204733e-07,0.9999604921562419,4096,0,0,1.0,0.0,0.0,0,0.0,0.368739611494465,0.0,0.13126038850553506,1.954073030330701e-05,0.3108370947409228,4096,0,0,1.0,0.0,0.0,0,0.0,0.13126038850553506,0.0,0.20925920734399742,4.263663051531509e-06,0.0,0.0,3.469446951953614e-18
802,0.50125,3.3902692298882952e-15,1.0160761121369433e-12,0.0,0.28953631705784605,4.305531308962602e-07,0.9999599968891943,0.5,0.0,0.5,0.0,0.36860895117353815,4.3055313089628736e-07,0.999959996889194,4096,0,0,1.0,0.0,0.0,0,0.0,0.36860895117353815,0.0,0.36860895117353815,4.305531308962602e-07,0.9999599968891943,4096,0,0,1.0,0.0,0.0,0,0.0,0.36860895117353815,0.0,0.13139104882646188,1.9786278836981895e-05,0.31100346266969764,4096,0,0,1.0,0.0,0.0,0,0.0,0.13139104882646188,0.0,0.20885394276428834,4.305359074316571e-06,0.0,0.0,3.469446951953614e-18
803,0.501875,3.3914510051229512e-15,1.0089706847793423e-12,0.0,0.2894928479705681,4.3484987030910473e-07,0.9999594892801786,0.5,0.0,0.5,0.0,0.3684785439117044,4.348498703091317e-07,0.9999594892801783,4096,0,0,1.0,0.0,0.0,0,0.0,0.3684785439117044,0.0,0.3684785439117044,4.3484987030910473e-07,0.9999594892801786,4096,0,0,1.0,0.0,0.0,0,0.0,0.3684785439117044,0.0,0.13152145608829563,2.003793497510629e-05,0.31116923032379884,4096,0,0,1.0,0.0,0.0,0,0.0,0.13152145608829563,0.0,0.2084494188453686,4.348322542278441e-06,0.0,0.0,0.0
804,0.5025000000000001,3.391930897159234e-15,1.0018652574217413e-12,0.0,0.2894494630816444,4.3927685676909044e-07,0.9999589689711137,0.5,0.0,0.5,0.0,0.36834838924493307,4.392768567691173e-07,0.9999589689711134,4096,0,0,1.0,0.0,0.0,0,0.0,0.36834838924493307,0.0,0.36834838924493307,4.3927685676909044e-07,0.9999589689711137,4096,0,0,1.0,0.0,0.0,0,0.0,0.36834838924493307,0.0,0.13165161075506698,2.029587601435424e-05,0.3113343982226972,4096,0,0,1.0,0.0,0.0,0,0.0,0.13165161075506698,0.0,0.20804563915456664,4.392588327876911e-06,0.0,0.0,0.0
805,0.503125,3.3927360655625433e-15,1.0018652574217413e-12,0.0,0.28940616223566046,4.4383764761994963e-07,0.9999584355954186,0.5,0.0,0.5,0.0,0.36821848670698143,4.438376476199763e-07,0.9999584355954183,4096,0,0,1.0,0.0,0.0,0,0.0,0.36821848670698143,0.0,0.36821848670698143,4.4383764761994963e-07,0.9999584355954186,4096,0,0,1.0,0.0,0.0,0,0.0,0.36821848670698143,0.0,0.13178151329301857,2.05602834664581e-05,0.31149896683249784,4096,0,0,1.0,0.0,0.0,0,0.0,0.13178151329301857,0.0,0.2076426072024837,4.438191997723954e-06,0.0,0.0,3.469446951953614e-18
806,0.50375,3.3948939382902177e-15,1.0018652574217413e-12,0.0,0.2893629452764768,4.485358707092433e-07,0.9999578887778574,0.5,0.0,0.5,0.0,0.3680888358294305,4.4853587070926983e-07,0.9999578887778571,4096,0,0,1.0,0.0,0.0,0,0.0,0.3680888358294305,0.0,0.3680888358294305,4.485358707092433e-07,0.9999578887778574,4096,0,0,1.0,0.0,0.0,0,0.0,0.3680888358294305,0.0,0.13191116417056953,2.0831343135504342e-05,0.3116629365664106,4096,0,0,1.0,0.0,0.0,0,0.0,0.13191116417056953,0.0,0.2072403264434166,4.485169823155528e-06,0.0,0.0,3.469446951953614e-18
807,0.504375,3.397205478661256e-15,1.0018652574217413e-12,0.0,0.28931981204723994,4.525775789236246e-07,0.9999573281343813,0.5,0.0,0.5,0.0,0.3679594361417198,4.525775789236505e-07,0.999957328134381,4096,0,0,1.0,0.0,0.0,0,0.0,0.3679594361417198,0.0,0.3679594361417198,4.525775789236246e-07,0.9999573281343813,4096,0,0,1.0,0.0,0.0,0,0.0,0.3679594361417198,0.0,0.13204056385828028,2.1109245196180563e-05,0.31182630778522197,4096,0,0,1.0,0.0,0.0,0,0.0,0.13204056385828028,0.0,0.2068388002757816,4.525576418101385e-06,0.0,0.0,3.469446951953614e-18
808,0.505,3.3971675691214862e-15,9.947598300641403e-13,0.0,0.28927676239039396,4.551834687405311e-07,0.9999567532719692,0.5,0.0,0.5,0.0,0.36783028717118194,4.551834687405569e-07,0.9999567532719689,4096,0,0,1.0,0.0,0.0,0,0.0,0.36783028717118194,0.0,0.36783028717118194,4.551834687405311e-07,0.9999567532719692,4096,0,0,1.0,0.0,0.0,0,0.0,0.36783028717118194,0.0,0.13216971282881806,2.1394184272973913e-05,0.31198908079776844,4096,0,0,1.0,0.0,0.0,0,0.0,0.13216971282881806,0.0,0.2064380320425391,4.551632306723224e-06,0.0,0.0,0.0
809,0.505625,3.400198284172703e-15,1.0018652574217413e-12,0.0,0.28923379614769257,4.5787054813107765e-07,0.9999561637884665,0.5,0.0,0.5,0.0,0.36770138844307776,4.5787054813110327e-07,0.9999561637884662,4096,0,0,1.0,0.0,0.0,0,0.0,0.36770138844307776,0.0,0.36770138844307776,4.5787054813107765e-07,0.9999561637884665,4096,0,0,1.0,0.0,0.0,0,0.0,0.36770138844307776,0.0,0.1322986115569223,2.168635952032085e-05,0.3121512558614109,4096,0,0,1.0,0.0,0.0,0,0.0,0.1322986115569223,0.0,0.20603802503161878,4.578499994089157e-06,0.0,0.0,0.0
810,0.50625,3.4017516673400338e-15,1.0018652574217413e-12,0.0,0.28919091316021,4.6064136729511894e-07,0.9999555592724215,0.5,0.0,0.5,0.0,0.36757273948063,4.606413672951444e-07,0.9999555592724212,4096,0,0,1.0,0.0,0.0,0,0.0,0.36757273948063,0.0,0.36757273948062996,4.6064136729511894e-07,0.9999555592724215,4096,0,0,1.0,0.0,0.0,0,0.0,0.36757273948062996,0.0,0.13242726051937004,2.198597470370772e-05,0.3123205383610714,4096,0,0,1.0,0.0,0.0,0,0.0,0.13242726051937004,0.0,0.20563878247634543,4.60620497810393e-06,0.0,0.0,3.469446951953614e-18
811,0.506875,3.403228992588736e-15,1.0018652574217413e-12,0.0,0.2891481132683525,4.6349852848760674e-07,0.9999549393029206,0.5,0.0,0.5,0.0,0.36744433980505753,4.6349852848763205e-07,0.9999549393029202,4096,0,0,1.0,0.0,0.0,0,0.0,0.36744433980505753,0.0,0.36744433980505753,4.6349852848760674e-07,0.9999549393029206,4096,0,0,1.0,0.0,0.0,0,0.0,0.36744433980505753,0.0,0.13255566019494247,2.229323828172133e-05,0.3124976267846241,4096,0,0,1.0,0.0,0.0,0,0.0,0.13255566019494247,0.0,0.20524030755586542,4.6347732770516805e-06,0.0,0.0,3.469446951953614e-18
812,0.5075000000000001,3.4050051174036933e-15,1.0089706847793423e-12,0.0,0.28910539631186977,4.6644468682962387e-07,0.9999543034494206,0.5,0.0,0.5,0.0,0.3673161889356093,4.66444686829649e-07,0.9999543034494203,4096,0,0,1.0,0.0,0.0,0,0.0,0.3673161889356093,0.0,0.36731618893560924,4.6644468682962387e-07,0.9999543034494206,4096,0,0,1.0,0.0,0.0,0,0.0,0.36731618893560924,0.0,0.13268381106439076,2.2608363489048293e-05,0.31267405787343416,4096,0,0,1.0,0.0,0.0,0,0.0,0.13268381106439076,0.0,0.20484260339557347,4.6642314376986046e-06,0.0,0.0,0.0
813,0.508125,3.4075908122167375e-15,1.0089706847793423e-12,0.0,0.28906276212986576,4.694825511283405e-07,0.9999536512715803,0.5,0.0,0.5,0.0,0.3671882863895972,4.694825511283655e-07,0.99995365127158,4096,0,0,1.0,0.0,0.0,0,0.0,0.3671882863895972,0.0,0.3671882863895972,4.694825511283405e-07,0.9999536512715803,4096,0,0,1.0,0.0,0.0,0,0.0,0.3671882863895972,0.0,0.1328117136104028,2.2931568420421495e-05,0.3128498348471976,4096,0,0,1.0,0.0,0.0,0,0.0,0.1328117136104028,0.0,0.20444567306753963,4.694606543484474e-06,0.0,0.0,3.469446951953614e-18
814,0.50875,3.4084147332535898e-15,1.0089706847793423e-12,0.0,0.28902021056081,4.726148847058624e-07,0.9999529823190891,0.5,0.0,0.5,0.0,0.36706063168242997,4.726148847058872e-07,0.9999529823190888,4096,0,0,1.0,0.0,0.0,0,0.0,0.36706063168242997,0.0,0.36706063168242997,4.726148847058624e-07,0.9999529823190891,4096,0,0,1.0,0.0,0.0,0,0.0,0.36706063168242997,0.0,0.13293936831757006,2.3263076115511738e-05,0.31302496085670645,4096,0,0,1.0,0.0,0.0,0,0.0,0.13293936831757006,0.0,0.2040495195909367,4.725926222802699e-06,0.0,0.0,0.0
815,0.509375,3.4091841106537227e-15,1.0160761121369433e-12,0.0,0.28897774144254856,4.7584450623693533e-07,0.9999524203814848,0.5,0.0,0.5,0.0,0.36693322432764564,4.7584450623696e-07,0.9999524203814848,4096,0,0,1.0,0.0,0.0,0,0.0,0.36693322432764564,0.0,0.3669332243276456,4.7584450623693533e-07,0.9999524203814834,4096,0,0,1.0,0.0,0.0,0,0.0,0.3669332243276456,0.0,0.13306677567235442,2.3551887004783248e-05,0.31319943898428926,4096,0,0,1.0,0.0,0.0,0,0.0,0.13306677567235442,0.0,0.2036541459324679,4.758218657368561e-06,0.0,0.0,3.469446951953614e-18
816,0.51,3.4121377464460466e-15,1.0231815394945443e-12,0.0,0.28893535461231473,4.791742905954668e-07,0.9999519349672983,0.5,0.0,0.5,0.0,0.3668060638369442,4.791742905954914e-07,0.9999519349672983,4096,0,0,1.0,0.0,0.0,0,0.0,0.3668060638369442,0.0,0.3668060638369442,4.791742905954668e-07,0.9999519349672968,4096,0,0,1.0,0.0,0.0,0,0.0,0.3668060638369442,0.0,0.13319393616305578,2.3792929205854444e-05,0.31337327224425043,4096,0,0,1.0,0.0,0.0,0,0.0,0.13319393616305578,0.0,0.20325955500679416,4.791512590675195e-06,0.0,0.0,0.0
817,0.510625,3.413351618913772e-15,1.0302869668521453e-12,0.0,0.28889304990674014,4.826071697098213e-07,0.9999514386490651,0.5,0.0,0.5,0.0,0.3666791497202204,4.826071697098458e-07,0.9999514386490651,4096,0,0,1.0,0.0,0.0,0,0.0,0.3666791497202204,0.0,0.36667914972022053,4.826071697098213e-07,0.9999514386490637,4096,0,0,1.0,0.0,0.0,0,0.0,0.36667914972022053,0.0,0.13332085027977952,2.4039371882889542e-05,0.313546463583309,4096,0,0,1.0,0.0,0.0,0,0.0,0.13332085027977952,0.0,0.20286574967696214,4.825837336536894e-06,0.0,0.0,3.469446951953614e-18
818,0.51125,3.4153988500073175e-15,1.0302869668521453e-12,0.0,0.2888508271618652,4.861461334268395e-07,0.9999509311022318,0.5,0.0,0.5,0.0,0.36655248148559566,4.861461334268639e-07,0.9999509311022318,4096,0,0,1.0,0.0,0.0,0,0.0,0.36655248148559566,0.0,0.3665524814855956,4.861461334268395e-07,0.9999509311022303,4096,0,0,1.0,0.0,0.0,0,0.0,0.3665524814855956,0.0,0.1334475185144044,2.4291375817684927e-05,0.31371901588103646,4096,0,0,1.0,0.0,0.0,0,0.0,0.1334475185144044,0.0,0.20247273275483155,4.86122278771918e-06,0.0,0.0,3.469446951953614e-18
819,0.511875,3.4185431497761137e-15,1.0231815394945443e-12,0.0,0.28880868621314976,4.897942303845292e-07,0.9999504119944501,0.5,0.0,0.5,0.0,0.3664260586394493,4.897942303845534e-07,0.9999504119944501,4096,0,0,1.0,0.0,0.0,0,0.0,0.3664260586394493,0.0,0.3664260586394493,4.897942303845292e-07,0.9999504119944487,4096,0,0,1.0,0.0,0.0,0,0.0,0.3664260586394493,0.0,0.13357394136055067,2.4549105660018937e-05,0.31389093195029383,4096,0,0,1.0,0.0,0.0,0,0.0,0.13357394136055067,0.0,0.2020805070015026,4.897699424655146e-06,0.0,0.0,3.469446951953614e-18
820,0.5125,3.4211118651982074e-15,1.0302869668521453e-12,0.0,0.28876662689548377,4.935545688933693e-07,0.9999498809854347,0.5,0.0,0.5,0.0,0.3662998806864514,4.935545688933934e-07,0.9999498809854347,4096,0,0,1.0,0.0,0.0,0,0.0,0.3662998806864514,0.0,0.36629988068645136,4.935545688933693e-07,0.9999498809854332,4096,0,0,1.0,0.0,0.0,0,0.0,0.36629988068645136,0.0,0.13370011931354864,2.4812729998460998e-05,0.31406221453766814,4096,0,0,1.0,0.0,0.0,0,0.0,0.13370011931354864,0.0,0.20168907512774326,4.935298324247421e-06,0.0,0.0,0.0
821,0.513125,3.4233454338315676e-15,1.0373923942097463e-12,0.0,0.28872464904319767,4.974303178261646e-07,0.9999493377268186,0.5,0.0,0.5,0.0,0.36617394712959295,4.974303178261885e-07,0.9999493377268186,4096,0,0,1.0,0.0,0.0,0,0.0,0.36617394712959295,0.0,0.36617394712959295,4.974303178261646e-07,0.9999493377268172,4096,0,0,1.0,0.0,0.0,0,0.0,0.36617394712959295,0.0,0.13382605287040705,2.5082421432066346e-05,0.31423286632390834,4096,0,0,1.0,0.0,0.0,0,0.0,0.13382605287040705,0.0,0.2012984397944162,4.974051168755141e-06,0.0,0.0,3.469446951953614e-18
822,0.51375,3.42538600154541e-15,1.0302869668521453e-12,0.0,0.2886827524900726,5.014247075163823e-07,0.9999487818620071,0.5,0.0,0.5,0.0,0.36604825747021763,5.014247075164062e-07,0.9999487818620071,4096,0,0,1.0,0.0,0.0,0,0.0,0.36604825747021763,0.0,0.36604825747021763,5.014247075163823e-07,0.9999487818620056,4096,0,0,1.0,0.0,0.0,0,0.0,0.36604825747021763,0.0,0.13395174252978242,2.53583566429576e-05,0.3144028899243608,4096,0,0,1.0,0.0,0.0,0,0.0,0.13395174252978242,0.0,0.2009086036129053,5.013990254765197e-06,0.0,0.0,3.469446951953614e-18
823,0.514375,3.4260602410464905e-15,1.0302869668521453e-12,0.0,0.28864093706935073,5.055410306648996e-07,0.9999482130260303,0.5,0.0,0.5,0.0,0.3659228112080523,5.055410306649232e-07,0.9999482130260303,4096,0,0,1.0,0.0,0.0,0,0.0,0.3659228112080523,0.0,0.36592281120805226,5.055410306648996e-07,0.9999482130260288,4096,0,0,1.0,0.0,0.0,0,0.0,0.36592281120805226,0.0,0.13407718879194777,2.5640716469794204e-05,0.31457228788940406,4096,0,0,1.0,0.0,0.0,0,0.0,0.13407718879194777,0.0,0.2005195691455418,5.05514850224704e-06,0.0,0.0,0.0
824,0.515,3.4293611622840552e-15,1.0373923942097463e-12,0.0,0.28859920261374583,5.097826432550813e-07,0.9999476308453931,0.5,0.0,0.5,0.0,0.36579760784123744,5.097826432551048e-07,0.9999476308453931,4096,0,0,1.0,0.0,0.0,0,0.0,0.36579760784123744,0.0,0.36579760784123744,5.097826432550813e-07,0.9999476308453915,4096,0,0,1.0,0.0,0.0,0,0.0,0.36579760784123744,0.0,0.13420239215876256,2.59296859821304e-05,0.3147410627048839,4096,0,0,1.0,0.0,0.0,0,0.0,0.13420239215876256,0.0,0.20013133890602997,5.0975594636902075e-06,0.0,0.0,3.469446951953614e-18
825,0.515625,3.4329126259634255e-15,1.0373923942097463e-12,0.0,0.2885575489554526,5.141529654761078e-07,0.9999470349379238,0.5,0.0,0.5,0.0,0.3656726468663578,5.141529654761311e-07,0.9999470349379238,4096,0,0,1.0,0.0,0.0,0,0.0,0.3656726468663578,0.0,0.3656726468663578,5.141529654761078e-07,0.9999470349379223,4096,0,0,1.0,0.0,0.0,0,0.0,0.3656726468663578,0.0,0.1343273531336422,2.622545455566214e-05,0.31490921679254735,4096,0,0,1.0,0.0,0.0,0,0.0,0.1343273531336422,0.0,0.19974391535987202,5.1412573333237465e-06,0.0,0.0,0.0
826,0.51625,3.4339988210528473e-15,1.0302869668521453e-12,0.0,0.28851597592615735,5.186554826544624e-07,0.9999464249126212,0.5,0.0,0.5,0.0,0.36554792777847206,5.186554826544856e-07,0.9999464249126212,4096,0,0,1.0,0.0,0.0,0,0.0,0.36554792777847206,0.0,0.36554792777847206,5.186554826544624e-07,0.9999464249126196,4096,0,0,1.0,0.0,0.0,0,0.0,0.36554792777847206,0.0,0.134452072221528,2.6528215948362986e-05,0.31507675251047723,4096,0,0,1.0,0.0,0.0,0,0.0,0.134452072221528,0.0,0.1993573009247926,5.1862769564165975e-06,0.0,0.0,3.469446951953614e-18
827,0.516875,3.435992608866328e-15,1.0373923942097463e-12,0.0,0.28847448335704745,5.23293746193486e-07,0.9999458003694993,0.5,0.0,0.5,0.0,0.3654234500711424,5.232937461935091e-07,0.9999458003694993,4096,0,0,1.0,0.0,0.0,0,0.0,0.3654234500711424,0.0,0.3654234500711424,5.23293746193486e-07,0.9999458003694978,4096,0,0,1.0,0.0,0.0,0,0.0,0.3654234500711424,0.0,0.13457654992885754,2.6838168377508723e-05,0.3152436721535261,4096,0,0,1.0,0.0,0.0,0,0.0,0.13457654992885754,0.0,0.1989714979711626,5.232653838657991e-06,0.0,0.0,6.938893903907228e-18
828,0.5175,3.4366559098125304e-15,1.0302869668521453e-12,0.0,0.28843307107882155,5.280713745208994e-07,0.9999451608994309,0.5,0.0,0.5,0.0,0.3652992132364647,5.280713745209224e-07,0.9999451608994309,4096,0,0,1.0,0.0,0.0,0,0.0,0.3652992132364647,0.0,0.36529921323646464,5.280713745208994e-07,0.9999451608994293,4096,0,0,1.0,0.0,0.0,0,0.0,0.36529921323646464,0.0,0.13470078676353536,2.7155514597590126e-05,0.31540997795375064,4096,0,0,1.0,0.0,0.0,0,0.0,0.13470078676353536,0.0,0.1985865088224219,5.280424155616843e-06,0.0,0.0,1.0408340855860843e-17
829,0.5181250000000001,3.436965213215872e-15,1.0302869668521453e-12,0.0,0.28839173892169895,5.329920540441884e-07,0.9999445060839883,0.5,0.0,0.5,0.0,0.3651752167650966,5.329920540442113e-07,0.9999445060839883,4096,0,0,1.0,0.0,0.0,0,0.0,0.3651752167650966,0.0,0.3651752167650967,5.329920540441884e-07,0.9999445060839868,4096,0,0,1.0,0.0,0.0,0,0.0,0.3651752167650967,0.0,0.13482478323490338,2.748046197911291e-05,0.3155756720808458,4096,0,0,1.0,0.0,0.0,0,0.0,0.13482478323490338,0.0,0.19820233575550172,5.329624762279065e-06,0.0,0.0,3.469446951953614e-18
830,0.51875,3.4384448397952127e-15,1.0373923942097463e-12,2.220446049250313e-16,0.28835048671542923,5.38059540113743e-07,0.9999438354952839,0.5000000000000001,2.220446049250313e-16,0.5,0.0,0.3650514601462877,5.380595401137657e-07,0.9999438354952839,4096,0,0,1.0,0.0,0.0,0,0.0,0.3650514601462877,0.0,0.3650514601462877,5.38059540113743e-07,0.9999438354952823,4096,0,0,1.0,0.0,0.0,0,0.0,0.3650514601462877,0.0,0.1349485398537123,2.781322258828362e-05,0.3157407566425795,4096,0,0,1.0,0.0,0.0,0,0.0,0.1349485398537123,0.0,0.1978189810012455,5.380293202661648e-06,0.0,0.0,3.469446951953614e-18
831,0.519375,3.4409471255455827e-15,1.0373923942097463e-12,0.0,0.28830931428930245,5.432776579936332e-07,0.9999431486958074,0.5,0.0,0.5,0.0,0.3649279428679073,5.432776579936556e-07,0.9999431486958074,4096,0,0,1.0,0.0,0.0,0,0.0,0.3649279428679073,0.0,0.3649279428679073,5.432776579936332e-07,0.9999431486958058,4096,0,0,1.0,0.0,0.0,0,0.0,0.3649279428679073,0.0,0.13507205713209272,2.8154013267579803e-05,0.31590523368522705,4096,0,0,1.0,0.0,0.0,0,0.0,0.13507205713209272,0.0,0.19743644674482952,5.432467719502375e-06,0.0,0.0,0.0
832,0.52,3.4429776594208126e-15,1.0444978215673473e-12,2.220446049250313e-16,0.2882682214721577,5.470373126516338e-07,0.9999424452382623,0.5,0.0,0.5000000000000001,2.220446049250313e-16,0.3648046644164731,5.470373126516574e-07,0.9999424452382623,4096,0,0,1.0,0.0,0.0,0,0.0,0.3648046644164731,0.0,0.3648046644164731,5.470373126516338e-07,0.9999424452382607,4096,0,0,1.0,0.0,0.0,0,0.0,0.3648046644164731,0.0,0.13519533558352692,2.8503055717202477e-05,0.3160691051940065,4096,0,0,1.0,0.0,0.0,0,0.0,0.13519533558352692,0.0,0.19705473512618177,5.470048070560814e-06,0.0,0.0,0.0
833,0.520625,3.4451775800219762e-15,1.0444978215673473e-12,0.0,0.28822720809239316,5.498769854715367e-07,0.9999417246654,0.5,0.0,0.5,0.0,0.36468162427717954,5.498769854715603e-07,0.9999417246654,4096,0,0,1.0,0.0,0.0,0,0.0,0.36468162427717954,0.0,0.3646816242771795,5.498769854715367e-07,0.9999417246653984,4096,0,0,1.0,0.0,0.0,0,0.0,0.3646816242771795,0.0,0.13531837572282052,2.8860576577408527e-05,0.3162323730935142,4096,0,0,1.0,0.0,0.0,0,0.0,0.13531837572282052,0.0,0.19667384824040055,5.498440276812328e-06,0.0,0.0,3.469446951953614e-18
834,0.52125,3.4473220864001096e-15,1.0373923942097463e-12,0.0,0.2881862739779751,5.528059822054946e-07,0.9999409865098526,0.5,0.0,0.5,0.0,0.3645588219339253,5.52805982205518e-07,0.9999409865098526,4096,0,0,1.0,0.0,0.0,0,0.0,0.3645588219339253,0.0,0.3645588219339253,5.528059822054946e-07,0.9999409865098511,4096,0,0,1.0,0.0,0.0,0,0.0,0.3645588219339253,0.0,0.1354411780660747,2.9226807511720293e-05,0.3163950392481609,4096,0,0,1.0,0.0,0.0,0,0.0,0.1354411780660747,0.0,0.19629378813817105,5.527725581708639e-06,0.0,0.0,0.0
835,0.521875,3.448443817283955e-15,1.0444978215673473e-12,0.0,0.28814541895644713,5.558270128529251e-07,0.9999402302939636,0.5,0.0,0.5,0.0,0.36443625686934145,5.558270128529484e-07,0.9999402302939636,4096,0,0,1.0,0.0,0.0,0,0.0,0.36443625686934145,0.0,0.3644362568693414,5.558270128529251e-07,0.9999402302939621,4096,0,0,1.0,0.0,0.0,0,0.0,0.3644362568693414,0.0,0.13556374313065855,2.960198529100922e-05,0.31655710546260857,4096,0,0,1.0,0.0,0.0,0,0.0,0.13556374313065855,0.0,0.19591455682618147,5.557931079531003e-06,0.0,0.0,3.469446951953614e-18
836,0.5225,3.450040758435194e-15,1.0444978215673473e-12,0.0,0.2881046428549394,5.589428393182459e-07,0.9999394555296169,0.5,0.0,0.5,0.0,0.36431392856481826,5.589428393182691e-07,0.9999394555296169,4096,0,0,1.0,0.0,0.0,0,0.0,0.36431392856481826,0.0,0.36431392856481826,5.589428393182459e-07,0.9999394555296154,4096,0,0,1.0,0.0,0.0,0,0.0,0.36431392856481826,0.0,0.13568607143518174,2.998635187845005e-05,0.3167185734822077,4096,0,0,1.0,0.0,0.0,0,0.0,0.13568607143518174,0.0,0.19553615626753756,5.589084383382903e-06,0.0,0.0,3.469446951953614e-18
837,0.5231250000000001,3.450189317215474e-15,1.0444978215673473e-12,0.0,0.2880639455001776,5.621562761598445e-07,0.9999386617180646,0.5,0.0,0.5,0.0,0.3641918365005327,5.621562761598675e-07,0.9999386617180646,4096,0,0,1.0,0.0,0.0,0,0.0,0.3641918365005327,0.0,0.3641918365005327,5.621562761598445e-07,0.999938661718063,4096,0,0,1.0,0.0,0.0,0,0.0,0.3641918365005327,0.0,0.1358081634994673,3.0380154515341643e-05,0.316879444993436,4096,0,0,1.0,0.0,0.0,0,0.0,0.1358081634994673,0.0,0.19515858838217598,5.621213632670026e-06,0.0,0.0,0.0
838,0.52375,3.4507997757194522e-15,1.0516032489249483e-12,0.0,0.28802332671849173,5.654701913463122e-07,0.9999378483497516,0.5,0.0,0.5,0.0,0.3640699801554751,5.65470191346335e-07,0.9999378483497516,4096,0,0,1.0,0.0,0.0,0,0.0,0.3640699801554751,0.0,0.3640699801554752,5.654701913463122e-07,0.9999378483497501,4096,0,0,1.0,0.0,0.0,0,0.0,0.3640699801554752,0.0,0.13593001984452485,3.07836458077901e-05,0.31703972162433725,4096,0,0,1.0,0.0,0.0,0,0.0,0.13593001984452485,0.0,0.19478185504727608,5.654347500652405e-06,0.0,0.0,3.469446951953614e-18
839,0.524375,3.45092400855142e-15,1.0516032489249483e-12,0.0,0.28798278633582536,5.688875070198852e-07,0.999937014904141,0.5,0.0,0.5,0.0,0.363948359007476,5.688875070199079e-07,0.999937014904141,4096,0,0,1.0,0.0,0.0,0,0.0,0.363948359007476,0.0,0.363948359007476,5.688875070198852e-07,0.9999370149041394,4096,0,0,1.0,0.0,0.0,0,0.0,0.363948359007476,0.0,0.13605164099252404,3.119708381424945e-05,0.31719940494496185,4096,0,0,1.0,0.0,0.0,0,0.0,0.13605164099252404,0.0,0.19440595809767058,5.688515202068205e-06,0.0,0.0,0.0
840,0.525,3.4522645500255467e-15,1.0516032489249483e-12,0.0,0.287942324177744,5.724112002670371e-07,0.9999361608495348,0.5,0.0,0.5,0.0,0.363826972533232,5.724112002670596e-07,0.9999361608495348,4096,0,0,1.0,0.0,0.0,0,0.0,0.363826972533232,0.0,0.363826972533232,5.724112002670371e-07,0.9999361608495333,4096,0,0,1.0,0.0,0.0,0,0.0,0.363826972533232,0.0,0.1361730274667681,3.1620732133914765e-05,0.3173584964678081,4096,0,0,1.0,0.0,0.0,0,0.0,0.1361730274667681,0.0,0.19403089932625472,5.723746500828515e-06,0.0,0.0,3.469446951953614e-18
841,0.525625,3.4542232216935772e-15,1.0516032489249483e-12,0.0,0.2879019400694441,5.760443038961572e-07,0.9999355394756037,0.5,0.0,0.5,0.0,0.3637058202083322,5.760443038961797e-07,0.9999355394756037,4096,0,0,1.0,0.0,0.0,0,0.0,0.3637058202083322,0.0,0.36370582020833214,5.760443038961572e-07,0.9999355394756034,4096,0,0,1.0,0.0,0.0,0,0.0,0.36370582020833214,0.0,0.13629417979166786,3.1942240044974695e-05,0.3175169976482647,4096,0,0,1.0,0.0,0.0,0,0.0,0.13629417979166786,0.0,0.19365668048439383,5.760071717782525e-06,0.0,0.0,6.938893903907228e-18
842,0.52625,3.456714847103137e-15,1.0516032489249483e-12,2.220446049250313e-16,0.2878616338357614,5.797899072222504e-07,0.9999349188964112,0.5,0.0,0.5000000000000001,2.220446049250313e-16,0.3635849015072842,5.797899072222727e-07,0.9999349188964112,4096,0,0,1.0,0.0,0.0,0,0.0,0.3635849015072842,0.0,0.3635849015072842,5.797899072222504e-07,0.999934918896411,4096,0,0,1.0,0.0,0.0,0,0.0,0.3635849015072842,0.0,0.13641509849271588,3.2250656839575594e-05,0.3176749098850546,4096,0,0,1.0,0.0,0.0,0,0.0,0.13641509849271588,0.0,0.19328330328232923,5.797521738552387e-06,0.0,0.0,3.469446951953614e-18
843,0.526875,3.4593831907963445e-15,1.0516032489249483e-12,0.0,0.2878214053011798,5.836511568585843e-07,0.9999342848644549,0.5,0.0,0.5,0.0,0.36346421590353917,5.836511568586066e-07,0.9999342848644549,4096,0,0,1.0,0.0,0.0,0,0.0,0.36346421590353917,0.0,0.3634642159035392,5.836511568585843e-07,0.9999342848644547,4096,0,0,1.0,0.0,0.0,0,0.0,0.3634642159035392,0.0,0.1365357840964609,3.256574219291079e-05,0.31783223452068027,4096,0,0,1.0,0.0,0.0,0,0.0,0.1365357840964609,0.0,0.19291076938958296,5.836128021437003e-06,0.0,0.0,3.469446951953614e-18
844,0.5275,3.460957494230334e-15,1.0516032489249483e-12,0.0,0.2877812542898392,5.876312575152103e-07,0.9999336369937578,0.5,0.0,0.5,0.0,0.36334376286951764,5.876312575152324e-07,0.9999336369937578,4096,0,0,1.0,0.0,0.0,0,0.0,0.36334376286951764,0.0,0.36334376286951764,5.876312575152103e-07,0.9999336369937576,4096,0,0,1.0,0.0,0.0,0,0.0,0.36334376286951764,0.0,0.1366562371304824,3.2887687491149776e-05,0.3179889728418703,4096,0,0,1.0,0.0,0.0,0,0.0,0.1366562371304824,0.0,0.1925390804353604,5.875922605383998e-06,0.0,0.0,0.0
845,0.528125,3.461922810280183e-15,1.0516032489249483e-12,0.0,0.28774118062554477,5.917334728042764e-07,0.9999329748895444,0.5,0.0,0.5,0.0,0.3632235418766343,5.917334728042983e-07,0.9999329748895444,4096,0,0,1.0,0.0,0.0,0,0.0,0.3632235418766343,0.0,0.3632235418766343,5.917334728042764e-07,0.9999329748895441,4096,0,0,1.0,0.0,0.0,0,0.0,0.3632235418766343,0.0,0.13677645812336572,3.321668849025012e-05,0.31814512608002765,4096,0,0,1.0,0.0,0.0,0,0.0,0.13677645812336572,0.0,0.1921682380089515,5.916938118029013e-06,0.0,0.0,0.0
846,0.52875,3.4642062365875907e-15,1.0587086762825493e-12,0.0,0.2877011841317743,5.959611260520471e-07,0.9999322981480906,0.5,0.0,0.5,0.0,0.363103552395323,5.959611260520689e-07,0.9999322981480906,4096,0,0,1.0,0.0,0.0,0,0.0,0.363103552395323,0.0,0.36310355239532294,5.959611260520471e-07,0.9999322981480904,4096,0,0,1.0,0.0,0.0,0,0.0,0.36310355239532294,0.0,0.13689644760467706,3.355294539052513e-05,0.3183042494082099,4096,0,0,1.0,0.0,0.0,0,0.0,0.13689644760467706,0.0,0.19179824366013015,5.959207783801474e-06,0.0,0.0,0.0
847,0.529375,3.465136805619376e-15,1.0658141036401503e-12,0.0,0.287661264631687,6.003176011175422e-07,0.9999316063565725,0.5,0.0,0.5,0.0,0.36298379389506097,6.003176011175639e-07,0.9999316063565725,4096,0,0,1.0,0.0,0.0,0,0.0,0.36298379389506097,0.0,0.36298379389506097,6.003176011175422e-07,0.9999316063565723,4096,0,0,1.0,0.0,0.0,0,0.0,0.36298379389506097,0.0,0.13701620610493906,3.389666291203787e-05,0.31846757590958086,4096,0,0,1.0,0.0,0.0,0,0.0,0.13701620610493906,0.0,0.19142909889955195,6.002765432095882e-06,0.0,0.0,0.0
848,0.53,3.465811692030161e-15,1.0622613899613498e-12,0.0,0.28762142194813123,6.048063432176976e-07,0.9999308990929129,0.5,0.0,0.5,0.0,0.3628642658443937,6.048063432177192e-07,0.9999308990929129,4096,0,0,1.0,0.0,0.0,0,0.0,0.3628642658443937,0.0,0.3628642658443937,6.048063432176976e-07,0.9999308990929127,4096,0,0,1.0,0.0,0.0,0,0.0,0.3628642658443937,0.0,0.13713573415560631,3.4248050370820275e-05,0.31863024099969056,4096,0,0,1.0,0.0,0.0,0,0.0,0.13713573415560631,0.0,0.19106080519914992,6.047645505507692e-06,0.0,0.0,3.469446951953614e-18
849,0.530625,3.4671623281127095e-15,1.0622613899613498e-12,0.0,0.28758165590365287,6.094308597589507e-07,0.9999301759256262,0.5,0.0,0.5,0.0,0.3627449677109585,6.094308597589722e-07,0.9999301759256262,4096,0,0,1.0,0.0,0.0,0,0.0,0.3627449677109585,0.0,0.36274496771095854,6.094308597589507e-07,0.9999301759256259,4096,0,0,1.0,0.0,0.0,0,0.0,0.36274496771095854,0.0,0.1372550322890415,3.460732175591586e-05,0.3187922475165477,4096,0,0,1.0,0.0,0.0,0,0.0,0.1372550322890415,0.0,0.19069336399252843,6.093883068132732e-06,0.0,0.0,3.469446951953614e-18
850,0.53125,3.4684330766198766e-15,1.0622613899613498e-12,0.0,0.28754196632050294,6.141947211751472e-07,0.999929436413662,0.5,0.0,0.5,0.0,0.36262589896150876,6.141947211751686e-07,0.999929436413662,4096,0,0,1.0,0.0,0.0,0,0.0,0.36262589896150876,0.0,0.36262589896150876,6.141947211751472e-07,0.9999294364136618,4096,0,0,1.0,0.0,0.0,0,0.0,0.36262589896150876,0.0,0.1373741010384913,3.497469580724399e-05,0.3189535982341138,4096,0,0,1.0,0.0,0.0,0,0.0,0.1373741010384913,0.0,0.19032677667535552,6.1415138139291126e-06,0.0,0.0,0.0
851,0.531875,3.469875851967667e-15,1.0587086762825493e-12,2.220446049250313e-16,0.28750235302064575,6.191015617716584e-07,0.9999286801062474,0.5000000000000001,2.220446049250313e-16,0.5,0.0,0.3625070590619371,6.191015617716797e-07,0.9999286801062474,4096,0,0,1.0,0.0,0.0,0,0.0,0.3625070590619371,0.0,0.36250705906193714,6.191015617716584e-07,0.9999286801062471,4096,0,0,1.0,0.0,0.0,0,0.0,0.36250705906193714,0.0,0.1374929409380629,3.5350396094283646e-05,0.3191142958628028,4096,0,0,1.0,0.0,0.0,0,0.0,0.1374929409380629,0.0,0.18996104460575297,6.190574075140507e-06,0.0,0.0,0.0
852,0.5325,3.469433331660823e-15,1.0587086762825493e-12,0.0,0.2874628158257664,6.241550805755968e-07,0.999927906542726,0.5,0.0,0.5,0.0,0.36238844747729915,6.241550805756179e-07,0.999927906542726,4096,0,0,1.0,0.0,0.0,0,0.0,0.36238844747729915,0.0,0.36238844747729915,6.241550805755968e-07,0.9999279065427258,4096,0,0,1.0,0.0,0.0,0,0.0,0.36238844747729915,0.0,0.13761155252270085,3.573465109557397e-05,0.3192743430499833,4096,0,0,1.0,0.0,0.0,0,0.0,0.13761155252270085,0.0,0.1895961691046844,6.2411008307796296e-06,0.0,0.0,0.0
853,0.533125,3.471449101124468e-15,1.0587086762825493e-12,0.0,0.2874233545572788,6.293590421920108e-07,0.9999271152523975,0.5,0.0,0.5,0.0,0.3622700636718363,6.293590421920317e-07,0.9999271152523975,4096,0,0,1.0,0.0,0.0,0,0.0,0.3622700636718363,0.0,0.3622700636718363,6.293590421920108e-07,0.9999271152523973,4096,0,0,1.0,0.0,0.0,0,0.0,0.3622700636718363,0.0,0.13772993632816372,3.612769427902868e-05,0.31943374238048244,4096,0,0,1.0,0.0,0.0,0,0.0,0.13772993632816372,0.0,0.1892321514563417,6.293131715170693e-06,0.0,0.0,0.0
854,0.5337500000000001,3.4725705610950137e-15,1.0587086762825493e-12,0.0,0.28738396903633295,6.347172776659354e-07,0.9999263057543539,0.5,0.0,0.5,0.0,0.36215190710899886,6.347172776659563e-07,0.9999263057543539,4096,0,0,1.0,0.0,0.0,0,0.0,0.36215190710899886,0.0,0.36215190710899886,6.347172776659354e-07,0.9999263057543537,4096,0,0,1.0,0.0,0.0,0,0.0,0.36215190710899886,0.0,0.1378480928910012,3.6529764183061145e-05,0.31959249637709186,4096,0,0,1.0,0.0,0.0,0,0.0,0.1378480928910012,0.0,0.1888689929085292,6.346705026549593e-06,0.0,0.0,3.469446951953614e-18
855,0.534375,3.4724567316740845e-15,1.0658141036401503e-12,0.0,0.28734465908382284,6.402336853501694e-07,0.9999254775573153,0.5,0.0,0.5,0.0,0.3620339772514683,6.402336853501901e-07,0.9999254775573153,4096,0,0,1.0,0.0,0.0,0,0.0,0.3620339772514683,0.0,0.36203397725146835,6.402336853501694e-07,0.9999254775573151,4096,0,0,1.0,0.0,0.0,0,0.0,0.36203397725146835,0.0,0.1379660227485317,3.6941104498516385e-05,0.31975060750107603,4096,0,0,1.0,0.0,0.0,0,0.0,0.1379660227485317,0.0,0.18850669467304554,6.401859735720481e-06,0.0,0.0,3.469446951953614e-18
856,0.535,3.473957904998472e-15,1.0658141036401503e-12,2.220446049250313e-16,0.2873054245203934,6.459122317786447e-07,0.9999246301594631,0.5000000000000001,2.220446049250313e-16,0.5,0.0,0.36191627356118017,6.459122317786652e-07,0.9999246301594631,4096,0,0,1.0,0.0,0.0,0,0.0,0.36191627356118017,0.0,0.36191627356118017,6.459122317786447e-07,0.9999246301594629,4096,0,0,1.0,0.0,0.0,0,0.0,0.36191627356118017,0.0,0.1380837264388199,3.7361964151406015e-05,0.3199080781526824,4096,0,0,1.0,0.0,0.0,0,0.0,0.1380837264388199,0.0,0.18814525792606412,6.458635494767347e-06,0.0,0.0,3.469446951953614e-18
857,0.535625,3.474918766786649e-15,1.0658141036401503e-12,0.0,0.28726626516644854,6.495642059692494e-07,0.9999237630482722,0.5,0.0,0.5,0.0,0.3617987954993457,6.495642059692701e-07,0.9999237630482722,4096,0,0,1.0,0.0,0.0,0,0.0,0.3617987954993457,0.0,0.3617987954993457,6.495642059692494e-07,0.999923763048272,4096,0,0,1.0,0.0,0.0,0,0.0,0.3617987954993457,0.0,0.13820120450065435,3.7792597386441746e-05,0.3200649106716538,4096,0,0,1.0,0.0,0.0,0,0.0,0.13820120450065435,0.0,0.1877846838085107,6.495130521724708e-06,0.0,0.0,0.0
858,0.53625,3.478218194010202e-15,1.0658141036401503e-12,0.0,0.287227180842158,6.525949179208364e-07,0.9999228757003418,0.5,0.0,0.5,0.0,0.361681542526474,6.52594917920857e-07,0.9999228757003418,4096,0,0,1.0,0.0,0.0,0,0.0,0.361681542526474,0.0,0.36168154252647405,6.525949179208364e-07,0.9999228757003416,4096,0,0,1.0,0.0,0.0,0,0.0,0.36168154252647405,0.0,0.138318457473526,3.823326385136263e-05,0.3202211073377428,4096,0,0,1.0,0.0,0.0,0,0.0,0.138318457473526,0.0,0.18742497342643932,6.5254310834393285e-06,0.0,0.0,0.0
859,0.536875,3.4801506045267586e-15,1.0658141036401503e-12,0.0,0.28718817136746466,6.557221207219129e-07,0.9999219675812235,0.5,0.0,0.5,0.0,0.36156451410239393,6.557221207219334e-07,0.9999219675812235,4096,0,0,1.0,0.0,0.0,0,0.0,0.36156451410239393,0.0,0.36156451410239393,6.557221207219129e-07,0.9999219675812233,4096,0,0,1.0,0.0,0.0,0,0.0,0.36156451410239393,0.0,0.13843548589760613,3.868422868205094e-05,0.320376670371228,4096,0,0,1.0,0.0,0.0,0,0.0,0.13843548589760613,0.0,0.18706612785140564,6.556696357188923e-06,0.0,0.0,0.0
860,0.5375,3.4818423970404654e-15,1.0693668173189508e-12,0.0,0.2871492365620916,6.589486466026765e-07,0.9999210381452496,0.5,0.0,0.5,0.0,0.36144770968627493,6.589486466026969e-07,0.9999210381452496,4096,0,0,1.0,0.0,0.0,0,0.0,0.36144770968627493,0.0,0.36144770968627493,6.589486466026765e-07,0.9999210381452494,4096,0,0,1.0,0.0,0.0,0,0.0,0.36144770968627493,0.0,0.13855229031372512,3.9145762588431034e-05,0.32053160193343305,4096,0,0,1.0,0.0,0.0,0,0.0,0.13855229031372512,0.0,0.18670814812083875,6.588954657571044e-06,0.0,0.0,3.469446951953614e-18
861,0.538125,3.4819496906786245e-15,1.0658141036401503e-12,2.220446049250313e-16,0.28711037624554964,6.622773787111665e-07,0.9999200868353578,0.5000000000000001,2.220446049250313e-16,0.5000000000000001,2.220446049250313e-16,0.36133112873664897,6.622773787111869e-07,0.9999200868353578,4096,0,0,1.0,0.0,0.0,0,0.0,0.36133112873664897,0.0,0.36133112873664885,6.622773787111665e-07,0.9999200868353576,4096,0,0,1.0,0.0,0.0,0,0.0,0.36133112873664885,0.0,0.1386688712633511,3.961814194114536e-05,0.32068590412724685,4096,0,0,1.0,0.0,0.0,0,0.0,0.1386688712633511,0.0,0.1863510352384098,6.622234808069477e-06,0.0,0.0,3.469446951953614e-18
862,0.5387500000000001,3.48339481756142e-15,1.0658141036401503e-12,0.0,0.2870715902371436,6.657112517923562e-07,0.9999191130829165,0.5,0.0,0.5,0.0,0.3612147707114308,6.657112517923763e-07,0.9999191130829165,4096,0,0,1.0,0.0,0.0,0,0.0,0.3612147707114308,0.0,0.3612147707114308,6.657112517923562e-07,0.9999191130829163,4096,0,0,1.0,0.0,0.0,0,0.0,0.3612147707114308,0.0,0.13878522928856918,4.010164885900109e-05,0.3208395789976465,4096,0,0,1.0,0.0,0.0,0,0.0,0.13878522928856918,0.0,0.18599479017439924,6.656566147833211e-06,0.0,0.0,3.469446951953614e-18
863,0.539375,3.4863481425626847e-15,1.0693668173189508e-12,0.0,0.2870328783559799,6.692532528729511e-07,0.9999181163075465,0.5,0.0,0.5,0.0,0.3610986350679396,6.692532528729711e-07,0.9999181163075465,4096,0,0,1.0,0.0,0.0,0,0.0,0.3610986350679396,0.0,0.36109863506793954,6.692532528729511e-07,0.9999181163075462,4096,0,0,1.0,0.0,0.0,0,0.0,0.36109863506793954,0.0,0.13890136493206046,4.059657129718073e-05,0.3209926285322221,4096,0,0,1.0,0.0,0.0,0,0.0,0.13890136493206046,0.0,0.1856394138660611,6.691978538511973e-06,0.0,0.0,3.469446951953614e-18
864,0.54,3.4867041541453596e-15,1.0693668173189508e-12,2.220446049250313e-16,0.2869942404209728,6.729064219518234e-07,0.9999170959169427,0.5000000000000001,2.220446049250313e-16,0.5,0.0,0.3609827212629184,6.729064219518433e-07,0.9999170959169427,4096,0,0,1.0,0.0,0.0,0,0.0,0.3609827212629184,0.0,0.3609827212629184,6.729064219518234e-07,0.9999170959169424,4096,0,0,1.0,0.0,0.0,0,0.0,0.3609827212629184,0.0,0.13901727873708156,4.110320313620938e-05,0.3211450546617039,4096,0,0,1.0,0.0,0.0,0,0.0,0.13901727873708156,0.0,0.18528490721798546,6.728502371147563e-06,0.0,0.0,0.0
865,0.540625,3.4893918016290567e-15,1.0729195309977513e-12,0.0,0.2869556762508519,6.766738526960047e-07,0.9999160513066936,0.5,0.0,0.5,0.0,0.3608670287525556,6.766738526960244e-07,0.9999160513066936,4096,0,0,1.0,0.0,0.0,0,0.0,0.3608670287525556,0.0,0.3608670287525556,6.766738526960047e-07,0.9999160513066934,4096,0,0,1.0,0.0,0.0,0,0.0,0.3608670287525556,0.0,0.13913297124744445,4.162184427167109e-05,0.3212968592604911,4096,0,0,1.0,0.0,0.0,0,0.0,0.13913297124744445,0.0,0.18493127110245838,6.766168573120231e-06,0.0,0.0,0.0
866,0.54125,3.4915792154591793e-15,1.0764722446765518e-12,0.0,0.28691718566416796,6.80558693142159e-07,0.9999150233068568,0.5,0.0,0.5,0.0,0.3607515569925039,6.805586931421786e-07,0.9999150233068568,4096,0,0,1.0,0.0,0.0,0,0.0,0.3607515569925039,0.0,0.3607515569925039,6.80558693142159e-07,0.9999150233068563,4096,0,0,1.0,0.0,0.0,0,0.0,0.3607515569925039,0.0,0.1392484430074962,4.2148067225243733e-05,0.32144804414718314,4096,0,0,1.0,0.0,0.0,0,0.0,0.1392484430074962,0.0,0.1845785063598192,6.805008615149259e-06,0.0,0.0,0.0
867,0.541875,3.4933238503157244e-15,1.0729195309977513e-12,0.0,0.2868787684793002,6.845641464034523e-07,0.9999142599432496,0.5,0.0,0.5,0.0,0.3606363054379007,6.845641464034718e-07,0.9999142599432496,4096,0,0,1.0,0.0,0.0,0,0.0,0.3606363054379007,0.0,0.3606363054379007,6.845641464034523e-07,0.9999142599432491,4096,0,0,1.0,0.0,0.0,0,0.0,0.3606363054379007,0.0,0.1393636945620993,4.252774630223747e-05,0.321598611085113,4096,0,0,1.0,0.0,0.0,0,0.0,0.1393636945620993,0.0,0.1842266137988161,6.8450545183469035e-06,0.0,0.0,3.469446951953614e-18
868,0.5425,3.494903542227728e-15,1.0800249583553523e-12,0.0,0.28684042451446273,6.886934713817305e-07,0.999913480740378,0.5,0.0,0.5,0.0,0.36052127354338825,6.886934713817499e-07,0.999913480740378,4096,0,0,1.0,0.0,0.0,0,0.0,0.36052127354338825,0.0,0.36052127354338825,6.886934713817305e-07,0.9999134807403776,4096,0,0,1.0,0.0,0.0,0,0.0,0.36052127354338825,0.0,0.13947872645661175,4.291528307554252e-05,0.32174856178288275,4096,0,0,1.0,0.0,0.0,0,0.0,0.13947872645661175,0.0,0.18387559419695854,6.8863388613248014e-06,0.0,0.0,3.469446951953614e-18
869,0.543125,3.4965429952363424e-15,1.0800249583553523e-12,0.0,0.2868021535877107,6.929499834849149e-07,0.9999126852569896,0.5,0.0,0.5,0.0,0.360406460763132,6.929499834849342e-07,0.9999126852569896,4096,0,0,1.0,0.0,0.0,0,0.0,0.360406460763132,0.0,0.360406460763132,6.929499834849149e-07,0.9999126852569892,4096,0,0,1.0,0.0,0.0,0,0.0,0.360406460763132,0.0,0.13959353923686807,4.3310896513652334e-05,0.32189789789490103,4096,0,0,1.0,0.0,0.0,0,0.0,0.13959353923686807,0.0,0.18352544830086798,6.928894787351879e-06,0.0,0.0,6.938893903907228e-18
870,0.5437500000000001,3.497994796762598e-15,1.0729195309977513e-12,0.0,0.2867639555169468,6.973370553495186e-07,0.9999118730422161,0.5,0.0,0.5,0.0,0.3602918665508404,6.973370553495378e-07,0.9999118730422161,4096,0,0,1.0,0.0,0.0,0,0.0,0.3602918665508404,0.0,0.3602918665508404,6.973370553495186e-07,0.9999118730422156,4096,0,0,1.0,0.0,0.0,0,0.0,0.3602918665508404,0.0,0.13970813344915958,4.371481036447634e-05,0.32204662102192283,4096,0,0,1.0,0.0,0.0,0,0.0,0.13970813344915958,0.0,0.18317617682662551,6.972756011562807e-06,0.0,0.0,0.0
871,0.544375,3.499499372825342e-15,1.0729195309977513e-12,0.0,0.286725830119928,7.018581175681847e-07,0.9999110436354192,0.5,0.0,0.5,0.0,0.3601774903597841,7.018581175682038e-07,0.9999110436354192,4096,0,0,1.0,0.0,0.0,0,0.0,0.3601774903597841,0.0,0.3601774903597841,7.018581175681847e-07,0.9999110436354187,4096,0,0,1.0,0.0,0.0,0,0.0,0.3601774903597841,0.0,0.13982250964021598,4.4127253231823036e-05,0.32219473271159144,4096,0,0,1.0,0.0,0.0,0,0.0,0.13982250964021598,0.0,0.18282778046011747,7.0179568282159435e-06,0.0,0.0,0.0
872,0.545,3.5008683883325002e-15,1.0800249583553523e-12,2.220446049250313e-16,0.28668777721427136,7.065166594221411e-07,0.9999101965660356,0.5,0.0,0.5000000000000001,2.220446049250313e-16,0.360063331642814,7.065166594221601e-07,0.9999101965660356,4096,0,0,1.0,0.0,0.0,0,0.0,0.360063331642814,0.0,0.360063331642814,7.065166594221411e-07,0.9999101965660352,4096,0,0,1.0,0.0,0.0,0,0.0,0.360063331642814,0.0,0.13993666835718604,4.454845865263654e-05,0.3223422344589824,4096,0,0,1.0,0.0,0.0,0,0.0,0.13993666835718604,0.0,0.18248025985737848,7.06453211799972e-06,0.0,0.0,0.0
873,0.545625,3.5017371042319667e-15,1.0800249583553523e-12,0.0,0.28664979661746015,7.113162296184639e-07,0.9999093313534207,0.5,0.0,0.5,0.0,0.3599493898523805,7.113162296184827e-07,0.9999093313534207,4096,0,0,1.0,0.0,0.0,0,0.0,0.3599493898523805,0.0,0.35994938985238045,7.113162296184639e-07,0.9999093313534203,4096,0,0,1.0,0.0,0.0,0,0.0,0.35994938985238045,0.0,0.14005061014761952,4.497866517498306e-05,0.3224891277071499,4096,0,0,1.0,0.0,0.0,0,0.0,0.14005061014761952,0.0,0.18213361564493202,7.112517355386345e-06,0.0,0.0,0.0
874,0.54625,3.502454768644997e-15,1.0800249583553523e-12,0.0,0.2866118881468505,7.162604370320367e-07,0.9999084475066897,0.5,0.0,0.5,0.0,0.35983566444055154,7.162604370320553e-07,0.9999084475066897,4096,0,0,1.0,0.0,0.0,0,0.0,0.35983566444055154,0.0,0.35983566444055154,7.162604370320367e-07,0.9999084475066893,4096,0,0,1.0,0.0,0.0,0,0.0,0.35983566444055154,0.0,0.1401643355594485,4.541811643678372e-05,0.3226354138476749,4096,0,0,1.0,0.0,0.0,0,0.0,0.1401643355594485,0.0,0.1817878484201283,7.161948616031669e-06,0.0,0.0,0.0
875,0.546875,3.50367562769865e-15,1.0871303857129533e-12,0.0,0.2865740516196769,7.213529514520875e-07,0.9999075445245583,0.5,0.0,0.5,0.0,0.3597221548590306,7.213529514521061e-07,0.9999075445245583,4096,0,0,1.0,0.0,0.0,0,0.0,0.3597221548590306,0.0,0.3597221548590307,7.213529514520875e-07,0.9999075445245579,4096,0,0,1.0,0.0,0.0,0,0.0,0.3597221548590307,0.0,0.1402778451409694,4.586706124528972e-05,0.3227810942212162,4096,0,0,1.0,0.0,0.0,0,0.0,0.1402778451409694,0.0,0.1814429587514799,7.212862584219998e-06,0.0,0.0,6.938893903907228e-18
876,0.5475,3.503831156005108e-15,1.0871303857129533e-12,0.0,0.2865362868530583,7.265975043331836e-07,0.9999066218951814,0.5,0.0,0.5,0.0,0.35960886055917496,7.26597504333202e-07,0.9999066218951814,4096,0,0,1.0,0.0,0.0,0,0.0,0.35960886055917496,0.0,0.35960886055917496,7.265975043331836e-07,0.999906621895181,4096,0,0,1.0,0.0,0.0,0,0.0,0.35960886055917496,0.0,0.14039113944082504,4.632575365729549e-05,0.32292617011806285,4096,0,0,1.0,0.0,0.0,0,0.0,0.14039113944082504,0.0,0.18109894717899477,7.265296560352631e-06,0.0,0.0,6.938893903907228e-18
877,0.548125,3.504798531123929e-15,1.0942358130705543e-12,0.0,0.2864985936640043,7.319978895505552e-07,0.9999056790959906,0.5,0.0,0.5,0.0,0.359495780992013,7.319978895505735e-07,0.9999056790959906,4096,0,0,1.0,0.0,0.0,0,0.0,0.359495780992013,0.0,0.359495780992013,7.319978895505552e-07,0.9999056790959902,4096,0,0,1.0,0.0,0.0,0,0.0,0.359495780992013,0.0,0.14050421900798696,4.6794453060085047e-05,0.32307064277868924,4096,0,0,1.0,0.0,0.0,0,0.0,0.14050421900798696,0.0,0.18075581421450665,7.319288468478798e-06,0.0,0.0,6.938893903907228e-18
878,0.54875,3.5055212738686314e-15,1.0942358130705543e-12,0.0,0.2864609718694207,7.375579641596208e-07,0.9999047155935299,0.5,0.0,0.5,0.0,0.3593829156082622,7.37557964159639e-07,0.9999047155935299,4096,0,0,1.0,0.0,0.0,0,0.0,0.3593829156082622,0.0,0.3593829156082622,7.375579641596208e-07,0.9999047155935294,4096,0,0,1.0,0.0,0.0,0,0.0,0.3593829156082622,0.0,0.14061708439173784,4.72734242531067e-05,0.32321451339431245,4096,0,0,1.0,0.0,0.0,0,0.0,0.14061708439173784,0.0,0.18041356034200307,7.374876863867686e-06,0.0,0.0,0.0
879,0.5493750000000001,3.5067997899033643e-15,1.0942358130705543e-12,2.220446049250313e-16,0.28642342128611525,7.432816491595759e-07,0.9999037308432903,0.5000000000000001,2.220446049250313e-16,0.5000000000000001,2.220446049250313e-16,0.3592702638583458,7.43281649159594e-07,0.9999037308432903,4096,0,0,1.0,0.0,0.0,0,0.0,0.3592702638583458,0.0,0.35927026385834576,7.432816491595759e-07,0.9999037308432899,4096,0,0,1.0,0.0,0.0,0,0.0,0.35927026385834576,0.0,0.1407297361416542,4.7762937530370416e-05,0.3233577831074515,4096,0,0,1.0,0.0,0.0,0,0.0,0.1407297361416542,0.0,0.1800721860179504,7.432100940620136e-06,0.0,0.0,0.0
880,0.55,3.507449365695596e-15,1.0942358130705543e-12,0.0,0.2863859417308035,7.491729302609076e-07,0.9999027242895429,0.5,0.0,0.5,0.0,0.3591578251924106,7.491729302609256e-07,0.9999027242895429,4096,0,0,1.0,0.0,0.0,0,0.0,0.3591578251924106,0.0,0.3591578251924105,7.491729302609076e-07,0.9999027242895424,4096,0,0,1.0,0.0,0.0,0,0.0,0.3591578251924105,0.0,0.14084217480758945,4.8263268763562284e-05,0.32350045301248914,4096,0,0,1.0,0.0,0.0,0,0.0,0.14084217480758945,0.0,0.1797316916716171,7.491000539318611e-06,0.0,0.0,6.938893903907228e-18
881,0.550625,3.5100869800008575e-15,1.0942358130705543e-12,0.0,0.2863485330201144,7.552358586566897e-07,0.9999016953651698,0.5,0.0,0.5,0.0,0.3590455990603433,7.552358586567075e-07,0.9999016953651698,4096,0,0,1.0,0.0,0.0,0,0.0,0.3590455990603433,0.0,0.35904559906034333,7.552358586566897e-07,0.9999016953651694,4096,0,0,1.0,0.0,0.0,0,0.0,0.35904559906034333,0.0,0.14095440093965675,4.877469948586978e-05,0.3236425241562355,4096,0,0,1.0,0.0,0.0,0,0.0,0.14095440093965675,0.0,0.1793920777053935,7.551616154713937e-06,0.0,0.0,0.0
882,0.55125,3.511962148694225e-15,1.0942358130705543e-12,2.220446049250313e-16,0.2863111949705958,7.591393150052912e-07,0.9999006434914954,0.5000000000000001,2.220446049250313e-16,0.5,0.0,0.35893358491178756,7.591393150053098e-07,0.9999006434914954,4096,0,0,1.0,0.0,0.0,0,0.0,0.35893358491178756,0.0,0.3589335849117875,7.591393150052912e-07,0.999900643491495,4096,0,0,1.0,0.0,0.0,0,0.0,0.3589335849117875,0.0,0.1410664150882125,4.929751697651131e-05,0.3237839975384944,4096,0,0,1.0,0.0,0.0,0,0.0,0.1410664150882125,0.0,0.17905334449510968,7.590613300397587e-06,0.0,0.0,3.469446951953614e-18
883,0.551875,3.512799187889302e-15,1.0942358130705543e-12,0.0,0.2862739273987201,7.623103294047242e-07,0.9998995680781142,0.5,0.0,0.5,0.0,0.35882178219616023,7.623103294047427e-07,0.9998995680781142,4096,0,0,1.0,0.0,0.0,0,0.0,0.35882178219616023,0.0,0.35882178219616023,7.623103294047242e-07,0.9998995680781138,4096,0,0,1.0,0.0,0.0,0,0.0,0.35882178219616023,0.0,0.14117821780383977,4.983201434596315e-05,0.32392487411263154,4096,0,0,1.0,0.0,0.0,0,0.0,0.14117821780383977,0.0,0.17871549239035037,7.6223142340332075e-06,0.0,0.0,3.469446951953614e-18
884,0.5525,3.5158774714533815e-15,1.1013412404281553e-12,0.0,0.2862367301208894,7.655838276259456e-07,0.9998984685227185,0.5,0.0,0.5,0.0,0.3587101903626681,7.65583827625964e-07,0.9998984685227185,4096,0,0,1.0,0.0,0.0,0,0.0,0.3587101903626681,0.0,0.3587101903626681,7.655838276259456e-07,0.999898468522718,4096,0,0,1.0,0.0,0.0,0,0.0,0.3587101903626681,0.0,0.14128980963733198,5.0378490621876416e-05,0.32406515478614506,4096,0,0,1.0,0.0,0.0,0,0.0,0.14128980963733198,0.0,0.17837852171476745,7.655039739849539e-06,0.0,0.0,0.0
885,0.553125,3.517002831135241e-15,1.1013412404281553e-12,0.0,0.28619960295344105,7.689627254683638e-07,0.9998973442109245,0.5,0.0,0.5,0.0,0.35859880886032314,7.689627254683821e-07,0.9998973442109245,4096,0,0,1.0,0.0,0.0,0,0.0,0.35859880886032314,0.0,0.35859880886032314,7.689627254683638e-07,0.999897344210924,4096,0,0,1.0,0.0,0.0,0,0.0,0.35859880886032314,0.0,0.14140119113967686,5.093725083567632e-05,0.3242048404212384,4096,0,0,1.0,0.0,0.0,0,0.0,0.14140119113967686,0.0,0.17804243276638965,7.68881896576647e-06,0.0,0.0,0.0
886,0.55375,3.5178750296372514e-15,1.1013412404281553e-12,0.0,0.2861625457126532,7.724499879440913e-07,0.999896194516097,0.5,0.0,0.5,0.0,0.3584876371379596,7.724499879441096e-07,0.999896194516097,4096,0,0,1.0,0.0,0.0,0,0.0,0.3584876371379596,0.0,0.3584876371379596,7.724499879440913e-07,0.9998961945160966,4096,0,0,1.0,0.0,0.0,0,0.0,0.3584876371379596,0.0,0.1415123628620404,5.150860610983564e-05,0.32434425352382595,4096,0,0,1.0,0.0,0.0,0,0.0,0.1415123628620404,0.0,0.1777072258179299,7.723681551467541e-06,0.0,0.0,0.0
887,0.5543750000000001,3.5173499196397638e-15,1.1084466677857563e-12,0.0,0.28612555821474955,7.760486298828888e-07,0.9998950187991728,0.5,0.0,0.5,0.0,0.3583766746442487,7.760486298829069e-07,0.9998950187991728,4096,0,0,1.0,0.0,0.0,0,0.0,0.3583766746442487,0.0,0.3583766746442487,7.760486298828888e-07,0.9998950187991723,4096,0,0,1.0,0.0,0.0,0,0.0,0.3583766746442487,0.0,0.14162332535575128,5.209287374581391e-05,0.3244918041813623,4096,0,0,1.0,0.0,0.0,0,0.0,0.14162332535575128,0.0,0.1773729011170898,7.759657634435183e-06,0.0,0.0,6.938893903907228e-18
888,0.555,3.5181208492194627e-15,1.1084466677857563e-12,0.0,0.2860886402759049,7.797617165414049e-07,0.9998938164084821,0.5,0.0,0.5,0.0,0.35826592082771475,7.797617165414229e-07,0.9998938164084821,4096,0,0,1.0,0.0,0.0,0,0.0,0.35826592082771475,0.0,0.35826592082771475,7.797617165414049e-07,0.9998938164084816,4096,0,0,1.0,0.0,0.0,0,0.0,0.35826592082771475,0.0,0.14173407917228525,5.2690377312653234e-05,0.3246387113893131,4096,0,0,1.0,0.0,0.0,0,0.0,0.14173407917228525,0.0,0.17703945888686168,7.796777856028334e-06,0.0,0.0,0.0
889,0.555625,3.5193086616842684e-15,1.1084466677857563e-12,0.0,0.28605179171225015,7.835923642166313e-07,0.99989258667957,0.5,0.0,0.5,0.0,0.35815537513675033,7.83592364216649e-07,0.99989258667957,4096,0,0,1.0,0.0,0.0,0,0.0,0.35815537513675033,0.0,0.35815537513675033,7.835923642166313e-07,0.9998925866795696,4096,0,0,1.0,0.0,0.0,0,0.0,0.35815537513675033,0.0,0.14184462486324975,5.330144673622155e-05,0.3247849775306761,4096,0,0,1.0,0.0,0.0,0,0.0,0.14184462486324975,0.0,0.1767068993258279,7.835073367601584e-06,0.0,0.0,3.469446951953614e-18
890,0.55625,3.522962098237214e-15,1.1084466677857563e-12,0.0,0.2860150123398771,7.875437408634837e-07,0.9998913289350158,0.5,0.0,0.5,0.0,0.3580450370196313,7.875437408635013e-07,0.9998913289350158,4096,0,0,1.0,0.0,0.0,0,0.0,0.3580450370196313,0.0,0.3580450370196313,7.875437408634837e-07,0.9998913289350153,4096,0,0,1.0,0.0,0.0,0,0.0,0.3580450370196313,0.0,0.14195496298036875,5.392641838909344e-05,0.3249306049344317,4096,0,0,1.0,0.0,0.0,0,0.0,0.14195496298036875,0.0,0.17637522260845762,7.874575836664953e-06,0.0,0.0,3.469446951953614e-18
891,0.556875,3.5241563509739974e-15,1.1013412404281553e-12,0.0,0.28597830197484403,7.916190667164212e-07,0.9998900424842504,0.5,0.0,0.5,0.0,0.3579349059245321,7.916190667164387e-07,0.9998900424842504,4096,0,0,1.0,0.0,0.0,0,0.0,0.3579349059245321,0.0,0.35793490592453214,7.916190667164212e-07,0.99989004248425,4096,0,0,1.0,0.0,0.0,0,0.0,0.35793490592453214,0.0,0.14206509407546788,5.456563518105832e-05,0.3250755958760972,4096,0,0,1.0,0.0,0.0,0,0.0,0.14206509407546788,0.0,0.17604442888540076,7.915317453083373e-06,0.0,0.0,0.0
892,0.5575,3.524852475450643e-15,1.1084466677857563e-12,0.0,0.28594166043318014,7.958216149150077e-07,0.9998887673043106,0.5,0.0,0.5,0.0,0.3578249812995405,7.95821614915025e-07,0.9998887673043106,4096,0,0,1.0,0.0,0.0,0,0.0,0.3578249812995405,0.0,0.35782498129954043,7.958216149150077e-07,0.9998887673043105,4096,0,0,1.0,0.0,0.0,0,0.0,0.35782498129954043,0.0,0.14217501870045957,5.521843703718451e-05,0.32521995257828334,4096,0,0,1.0,0.0,0.0,0,0.0,0.14217501870045957,0.0,0.17571451828377968,7.957330935314929e-06,0.0,0.0,0.0
893,0.558125,3.5271585898881385e-15,1.1155520951433573e-12,0.0,0.2859050875308906,8.001547121333195e-07,0.9998878236130122,0.5,0.0,0.5,0.0,0.3577152625926717,8.001547121333368e-07,0.9998878236130122,4096,0,0,1.0,0.0,0.0,0,0.0,0.3577152625926717,0.0,0.35771526259267167,8.001547121333195e-07,0.9998878236130121,4096,0,0,1.0,0.0,0.0,0,0.0,0.35771526259267167,0.0,0.14228473740732833,5.5688116137788906e-05,0.3253636772112539,4096,0,0,1.0,0.0,0.0,0,0.0,0.14228473740732833,0.0,0.17538549090747785,8.000649536686811e-06,0.0,0.0,3.469446951953614e-18
894,0.55875,3.527922868952314e-15,1.1084466677857563e-12,0.0,0.2858685830839612,8.046217392130976e-07,0.9998868610704135,0.5,0.0,0.5,0.0,0.35760574925188354,8.046217392131147e-07,0.9998868610704135,4096,0,0,1.0,0.0,0.0,0,0.0,0.35760574925188354,0.0,0.35760574925188354,8.046217392130976e-07,0.9998868610704134,4096,0,0,1.0,0.0,0.0,0,0.0,0.35760574925188354,0.0,0.14239425074811649,5.616715392359263e-05,0.3255067718934875,4096,0,0,1.0,0.0,0.0,0,0.0,0.14239425074811649,0.0,0.17505734683742621,8.045307051708009e-06,0.0,0.0,0.0
895,0.5593750000000001,3.5301457943560824e-15,1.1084466677857563e-12,0.0,0.2858321469083634,8.092261318005389e-07,0.9998858791688139,0.5,0.0,0.5,0.0,0.35749644072509024,8.092261318005561e-07,0.9998858791688139,4096,0,0,1.0,0.0,0.0,0,0.0,0.35749644072509024,0.0,0.35749644072509024,8.092261318005389e-07,0.9998858791688138,4096,0,0,1.0,0.0,0.0,0,0.0,0.35749644072509024,0.0,0.1425035592749098,5.665580252708061e-05,0.3256492386922414,4096,0,0,1.0,0.0,0.0,0,0.0,0.1425035592749098,0.0,0.17473008613188654,8.091337822417603e-06,0.0,0.0,3.469446951953614e-18
896,0.56,3.530843261229076e-15,1.1084466677857563e-12,0.0,0.28579577882005885,8.139713809866191e-07,0.999884877389979,0.5,0.0,0.5,0.0,0.35738733646017656,8.139713809866362e-07,0.999884877389979,4096,0,0,1.0,0.0,0.0,0,0.0,0.35738733646017656,0.0,0.35738733646017656,8.139713809866191e-07,0.9998848773899789,4096,0,0,1.0,0.0,0.0,0,0.0,0.35738733646017656,0.0,0.1426126635398235,5.715431931991017e-05,0.32579107962411846,4096,0,0,1.0,0.0,0.0,0,0.0,0.1426126635398235,0.0,0.17440370882673267,8.138776744767575e-06,0.0,0.0,3.469446951953614e-18
897,0.560625,3.5336498896624758e-15,1.1155520951433573e-12,0.0,0.28575947863500395,8.188610339508326e-07,0.9998838552049837,0.5,0.0,0.5,0.0,0.3572784359050118,8.188610339508495e-07,0.9998838552049837,4096,0,0,1.0,0.0,0.0,0,0.0,0.3572784359050118,0.0,0.3572784359050118,8.188610339508326e-07,0.9998838552049836,4096,0,0,1.0,0.0,0.0,0,0.0,0.3572784359050118,0.0,0.14272156409498823,5.766296699106146e-05,0.3259322966556359,4096,0,0,1.0,0.0,0.0,0,0.0,0.14272156409498823,0.0,0.17407821493572861,8.187659275038975e-06,0.0,0.0,3.469446951953614e-18
898,0.56125,3.5352593502907803e-15,1.1084466677857563e-12,0.0,0.2857232461691545,8.238986946082354e-07,0.9998828120740538,0.5,0.0,0.5,0.0,0.35716973850746353,8.238986946082522e-07,0.9998828120740538,4096,0,0,1.0,0.0,0.0,0,0.0,0.35716973850746353,0.0,0.35716973850746353,8.238986946082354e-07,0.9998828120740537,4096,0,0,1.0,0.0,0.0,0,0.0,0.35716973850746353,0.0,0.1428302614925365,5.818201362565412e-05,0.3260728917037962,4096,0,0,1.0,0.0,0.0,0,0.0,0.1428302614925365,0.0,0.17375360445080443,8.238021436290246e-06,0.0,0.0,6.938893903907228e-18
899,0.561875,3.5365607884817542e-15,1.1084466677857563e-12,0.0,0.2856870812384704,8.290880242596697e-07,0.9998817474464067,0.5,0.0,0.5,0.0,0.35706124371541115,8.290880242596864e-07,0.9998817474464067,4096,0,0,1.0,0.0,0.0,0,0.0,0.35706124371541115,0.0,0.35706124371541115,8.290880242596697e-07,0.9998817474464066,4096,0,0,1.0,0.0,0.0,0,0.0,0.35706124371541115,0.0,0.1429387562845889,5.8711732784424585e-05,0.3262128666366607,4096,0,0,1.0,0.0,0.0,0,0.0,0.1429387562845889,0.0,0.17342987734232923,8.289899824836473e-06,0.0,0.0,0.0
900,0.5625,3.5384560094574675e-15,1.1084466677857563e-12,0.0,0.28565098365891967,8.344327422450453e-07,0.9998806607600899,0.5,0.0,0.5,0.0,0.35695295097675905,8.34432742245062e-07,0.9998806607600899,4096,0,0,1.0,0.0,0.0,0,0.0,0.35695295097675905,0.0,0.35695295097675905,8.344327422450453e-07,0.9998806607600897,4096,0,0,1.0,0.0,0.0,0,0.0,0.35695295097675905,0.0,0.14304704902324095,5.925240358385821e-05,0.32635222327392477,4096,0,0,1.0,0.0,0.0,0,0.0,0.14304704902324095,0.0,0.17310703355938156,8.343331616758296e-06,0.0,0.0,0.0
901,0.563125,3.539280073531895e-15,1.1084466677857563e-12,0.0,0.2856149532464835,8.399366265995518e-07,0.9998795514418193,0.5,0.0,0.5,0.0,0.35684485973945035,8.399366265995683e-07,0.9998795514418193,4096,0,0,1.0,0.0,0.0,0,0.0,0.35684485973945035,0.0,0.35684485973945035,8.399366265995518e-07,0.9998795514418192,4096,0,0,1.0,0.0,0.0,0,0.0,0.35684485973945035,0.0,0.1431551402605497,5.9804310776969926e-05,0.32649096338749545,4096,0,0,1.0,0.0,0.0,0,0.0,0.1431551402605497,0.0,0.17278507303001758,8.398354574439147e-06,0.0,0.0,0.0
902,0.56375,3.5400680139004166e-15,1.1155520951433573e-12,0.0,0.2855789898171598,8.456035147126676e-07,0.9998784189068156,0.5,0.0,0.5,0.0,0.3567369694514793,8.45603514712684e-07,0.9998784189068156,4096,0,0,1.0,0.0,0.0,0,0.0,0.3567369694514793,0.0,0.3567369694514793,8.456035147126676e-07,0.9998784189068155,4096,0,0,1.0,0.0,0.0,0,0.0,0.3567369694514793,0.0,0.14326303054852071,6.0367744834726936e-05,0.32662908870207114,4096,0,0,1.0,0.0,0.0,0,0.0,0.14326303054852071,0.0,0.17246399566153597,8.455007053129483e-06,0.0,0.0,3.469446951953614e-18
903,0.564375,3.5401659965934884e-15,1.1155520951433573e-12,0.0,0.28554309318696824,8.514373039898315e-07,0.9998772625586396,0.5,0.0,0.5,0.0,0.35662927956090473,8.514373039898478e-07,0.9998772625586396,4096,0,0,1.0,0.0,0.0,0,0.0,0.35662927956090473,0.0,0.35662927956090473,8.514373039898315e-07,0.9998772625586395,4096,0,0,1.0,0.0,0.0,0,0.0,0.35662927956090473,0.0,0.14337072043909527,6.094300202810643e-05,0.3267666008957232,4096,0,0,1.0,0.0,0.0,0,0.0,0.14337072043909527,0.0,0.17214380134074087,8.51332800753661e-06,0.0,0.0,0.0
904,0.5650000000000001,3.5411406855085566e-15,1.1226575225009583e-12,0.0,0.2855072631719542,8.574419525166355e-07,0.9998760817890258,0.5,0.0,0.5,0.0,0.35652178951586255,8.574419525166517e-07,0.9998760817890258,4096,0,0,1.0,0.0,0.0,0,0.0,0.35652178951586255,0.0,0.35652178951586255,8.574419525166355e-07,0.9998760817890257,4096,0,0,1.0,0.0,0.0,0,0.0,0.35652178951586255,0.0,0.1434782104841375,6.153038451078113e-05,0.32690350160047926,4096,0,0,1.0,0.0,0.0,0,0.0,0.1434782104841375,0.0,0.17182448993420169,8.573356998438655e-06,0.0,0.0,0.0
905,0.565625,3.5422940897985603e-15,1.1226575225009583e-12,0.0,0.2854714995881927,8.636214797253968e-07,0.9998748759777153,0.5,0.0,0.5,0.0,0.3564144987645781,8.636214797254129e-07,0.9998748759777153,4096,0,0,1.0,0.0,0.0,0,0.0,0.3564144987645781,0.0,0.3564144987645781,8.636214797253968e-07,0.9998748759777152,4096,0,0,1.0,0.0,0.0,0,0.0,0.3564144987645781,0.0,0.1435855012354219,6.213020040242488e-05,0.327039792402909,4096,0,0,1.0,0.0,0.0,0,0.0,0.1435855012354219,0.0,0.17150606128851076,8.63513419932122e-06,0.0,0.0,0.0
906,0.56625,3.5440291890748175e-15,1.1226575225009583e-12,0.0,0.28543580225179305,8.699799670639587e-07,0.9998736444922875,0.5,0.0,0.5,0.0,0.3563074067553791,8.699799670639747e-07,0.9998736444922875,4096,0,0,1.0,0.0,0.0,0,0.0,0.3563074067553791,0.0,0.35630740675537903,8.699799670639587e-07,0.9998736444922874,4096,0,0,1.0,0.0,0.0,0,0.0,0.35630740675537903,0.0,0.14369259324462097,6.274276387263041e-05,0.3271754748447112,4096,0,0,1.0,0.0,0.0,0,0.0,0.14369259324462097,0.0,0.17118851523053824,8.698700403035207e-06,0.0,0.0,3.469446951953614e-18
907,0.566875,3.545283869792581e-15,1.1226575225009583e-12,0.0,0.28540017097890247,8.746896753744321e-07,0.9998723866879904,0.5,0.0,0.5,0.0,0.3562005129367073,8.746896753744491e-07,0.9998723866879904,4096,0,0,1.0,0.0,0.0,0,0.0,0.3562005129367073,0.0,0.3562005129367073,8.746896753744321e-07,0.9998723866879903,4096,0,0,1.0,0.0,0.0,0,0.0,0.3562005129367073,0.0,0.14379948706329276,6.336839522543072e-05,0.3273105504233031,4096,0,0,1.0,0.0,0.0,0,0.0,0.14379948706329276,0.0,0.17087185156768422,8.745741197533735e-06,0.0,0.0,3.469446951953614e-18
908,0.5675,3.5475579510816648e-15,1.1297629498585593e-12,0.0,0.2853646055857103,8.779445340462948e-07,0.9998711019075691,0.5,0.0,0.5,0.0,0.3560938167571309,8.779445340463117e-07,0.9998711019075691,4096,0,0,1.0,0.0,0.0,0,0.0,0.3560938167571309,0.0,0.3560938167571309,8.779445340462948e-07,0.999871101907569,4096,0,0,1.0,0.0,0.0,0,0.0,0.3560938167571309,0.0,0.1439061832428691,6.400742098441538e-05,0.32744502059241104,4096,0,0,1.0,0.0,0.0,0,0.0,0.1439061832428691,0.0,0.17055607008812879,8.778277217478466e-06,0.0,0.0,0.0
909,0.568125,3.5504357748244762e-15,1.1297629498585593e-12,0.0,0.28532910588845223,8.813065523459508e-07,0.9998697894810944,0.5,0.0,0.5,0.0,0.35598731766535663,8.813065523459676e-07,0.9998697894810944,4096,0,0,1.0,0.0,0.0,0,0.0,0.35598731766535663,0.0,0.35598731766535663,8.813065523459508e-07,0.9998697894810943,4096,0,0,1.0,0.0,0.0,0,0.0,0.35598731766535663,0.0,0.14401268233464337,6.46601739784326e-05,0.3275788867626632,4096,0,0,1.0,0.0,0.0,0,0.0,0.14401268233464337,0.0,0.1702411705610789,8.811884483822843e-06,0.0,0.0,3.469446951953614e-18
910,0.56875,3.552979487509155e-15,1.1297629498585593e-12,0.0,0.2852936717034137,8.847786917759372e-07,0.9998684487257894,0.5,0.0,0.5,0.0,0.35588101511024106,8.847786917759539e-07,0.9998684487257894,4096,0,0,1.0,0.0,0.0,0,0.0,0.35588101511024106,0.0,0.35588101511024106,8.847786917759372e-07,0.9998684487257893,4096,0,0,1.0,0.0,0.0,0,0.0,0.35588101511024106,0.0,0.14411898488975894,6.532699342786741e-05,0.32771215030218404,4096,0,0,1.0,0.0,0.0,0,0.0,0.14411898488975894,0.0,0.16992715273701317,8.846592598780832e-06,0.0,0.0,3.469446951953614e-18
911,0.569375,3.55368232826817e-15,1.1297629498585593e-12,0.0,0.28525830284693426,8.883639607642089e-07,0.9998670789458548,0.5,0.0,0.5,0.0,0.35577490854080274,8.883639607642255e-07,0.9998670789458548,4096,0,0,1.0,0.0,0.0,0,0.0,0.35577490854080274,0.0,0.3557749085408027,8.883639607642089e-07,0.9998670789458547,4096,0,0,1.0,0.0,0.0,0,0.0,0.3557749085408027,0.0,0.1442250914591973,6.600822503148618e-05,0.32784481253718983,4096,0,0,1.0,0.0,0.0,0,0.0,0.1442250914591973,0.0,0.169614016347924,8.88243163338112e-06,0.0,0.0,3.469446951953614e-18
912,0.5700000000000001,3.5551964429058154e-15,1.1297629498585593e-12,0.0,0.28522299913541105,8.920654151937753e-07,0.999865679432294,0.5,0.0,0.5,0.0,0.35566899740623314,8.920654151937919e-07,0.999865679432294,4096,0,0,1.0,0.0,0.0,0,0.0,0.35566899740623314,0.0,0.35566899740623314,8.920654151937753e-07,0.9998656794322939,4096,0,0,1.0,0.0,0.0,0,0.0,0.35566899740623314,0.0,0.14433100259376683,6.670422105383683e-05,0.3279768747525864,4096,0,0,1.0,0.0,0.0,0,0.0,0.14433100259376683,0.0,0.169301761107557,8.919432132747092e-06,0.0,0.0,3.469446951953614e-18
913,0.570625,3.557771214599963e-15,1.1368683772161603e-12,0.0,0.28518776038530286,8.958861589353979e-07,0.9998642494627359,0.5,0.0,0.5,0.0,0.3555632811559087,8.958861589354144e-07,0.9998642494627359,4096,0,0,1.0,0.0,0.0,0,0.0,0.3555632811559087,0.0,0.35556328115590863,8.958861589353979e-07,0.9998642494627358,4096,0,0,1.0,0.0,0.0,0,0.0,0.35556328115590863,0.0,0.14443671884409134,6.741534041319434e-05,0.3281149666149936,4096,0,0,1.0,0.0,0.0,0,0.0,0.14443671884409134,0.0,0.16899038671164807,8.957625121406732e-06,0.0,0.0,3.469446951953614e-18
914,0.57125,3.5585860085834914e-15,1.1439738045737613e-12,0.0,0.2851525864131337,8.998293443832572e-07,0.9998627883012576,0.5,0.0,0.5,0.0,0.3554577592394011,8.998293443832736e-07,0.9998627883012576,4096,0,0,1.0,0.0,0.0,0,0.0,0.3554577592394011,0.0,0.3554577592394011,8.998293443832572e-07,0.9998627883012575,4096,0,0,1.0,0.0,0.0,0,0.0,0.3554577592394011,0.0,0.1445422407605989,6.814194877004014e-05,0.32825641582653636,4096,0,0,1.0,0.0,0.0,0,0.0,0.1445422407605989,0.0,0.16867989283815804,8.997042108631566e-06,0.0,0.0,0.0
915,0.571875,3.559534038353076e-15,1.1439738045737613e-12,0.0,0.2851174770354964,9.03898172993499e-07,0.9998612951982059,0.5,0.0,0.5,0.0,0.35535243110648923,9.038981729935153e-07,0.9998612951982059,4096,0,0,1.0,0.0,0.0,0,0.0,0.35535243110648923,0.0,0.3553524311064892,9.03898172993499e-07,0.9998612951982058,4096,0,0,1.0,0.0,0.0,0,0.0,0.3553524311064892,0.0,0.14464756889351083,6.888441861606392e-05,0.3283972853668245,4096,0,0,1.0,0.0,0.0,0,0.0,0.14464756889351083,0.0,0.16837027914750452,9.037715093803657e-06,0.0,0.0,3.469446951953614e-18
916,0.5725,3.561093741525887e-15,1.1439738045737613e-12,0.0,0.2850824320690564,9.080958958255629e-07,0.9998597693900171,0.5,0.0,0.5,0.0,0.3552472962071694,9.080958958255791e-07,0.9998597693900171,4096,0,0,1.0,0.0,0.0,0,0.0,0.3552472962071694,0.0,0.3552472962071693,9.080958958255629e-07,0.999859769390017,4096,0,0,1.0,0.0,0.0,0,0.0,0.3552472962071693,0.0,0.1447527037928307,6.964312936367588e-05,0.3285375787290816,4096,0,0,1.0,0.0,0.0,0,0.0,0.1447527037928307,0.0,0.16806154528279135,9.079676571809725e-06,0.0,0.0,3.469446951953614e-18
917,0.573125,3.56075532467844e-15,1.1510792319313623e-12,2.220446049250313e-16,0.2850474513305554,9.124258140861943e-07,0.9998582100990367,0.5000000000000001,2.220446049250313e-16,0.5,0.0,0.3551423539916662,9.124258140862104e-07,0.9998582100990367,4096,0,0,1.0,0.0,0.0,0,0.0,0.3551423539916662,0.0,0.35514235399166627,9.124258140861943e-07,0.9998582100990366,4096,0,0,1.0,0.0,0.0,0,0.0,0.35514235399166627,0.0,0.14485764600833378,7.041846743601699e-05,0.3286772993366165,4096,0,0,1.0,0.0,0.0,0,0.0,0.14485764600833378,0.0,0.16775369087003594,9.122959538461315e-06,0.0,0.0,3.469446951953614e-18
918,0.57375,3.562352809278168e-15,1.1581846592889633e-12,0.0,0.2850125346368146,9.168912796760378e-07,0.9998566165333377,0.5,0.0,0.5,0.0,0.35503760391044376,9.168912796760538e-07,0.9998566165333377,4096,0,0,1.0,0.0,0.0,0,0.0,0.35503760391044376,0.0,0.35503760391044376,9.168912796760378e-07,0.9998566165333376,4096,0,0,1.0,0.0,0.0,0,0.0,0.35503760391044376,0.0,0.1449623960895563,7.121082635745442e-05,0.32881645054327774,4096,0,0,1.0,0.0,0.0,0,0.0,0.1449623960895563,0.0,0.16744671551839346,9.167597495940003e-06,0.0,0.0,3.469446951953614e-18
919,0.574375,3.5631818999468885e-15,1.1581846592889633e-12,0.0,0.2849776818047384,9.214956957387066e-07,0.9998553982263103,0.5,0.0,0.5,0.0,0.35493304541421505,9.214956957387225e-07,0.9998553982263099,4096,0,0,1.0,0.0,0.0,0,0.0,0.35493304541421505,0.0,0.3549330454142151,9.214956957387066e-07,0.9998553982263103,4096,0,0,1.0,0.0,0.0,0,0.0,0.3549330454142151,0.0,0.14506695458578495,7.184013899689322e-05,0.32895503563391476,4096,0,0,1.0,0.0,0.0,0,0.0,0.14506695458578495,0.0,0.16714061882037934,9.21362445826655e-06,0.0,0.0,3.469446951953614e-18
920,0.5750000000000001,3.566240459257172e-15,1.1581846592889633e-12,0.0,0.2849428926513178,9.262425172122185e-07,0.9998542265870735,0.5,0.0,0.5,0.0,0.3548286779539534,9.262425172122343e-07,0.999854226587073,4096,0,0,1.0,0.0,0.0,0,0.0,0.3548286779539534,0.0,0.3548286779539534,9.262425172122185e-07,0.9998542265870735,4096,0,0,1.0,0.0,0.0,0,0.0,0.3548286779539534,0.0,0.1451713220460466,7.242358520459513e-05,0.329093057824844,4096,0,0,1.0,0.0,0.0,0,0.0,0.1451713220460466,0.0,0.16683540035208855,9.261074956792865e-06,0.0,0.0,3.469446951953614e-18
921,0.575625,3.5685940113371665e-15,1.1510792319313623e-12,0.0,0.2849081669936339,9.311352513826882e-07,0.9998530322948056,0.5,0.0,0.5,0.0,0.35472450098090186,9.311352513827038e-07,0.9998530322948052,4096,0,0,1.0,0.0,0.0,0,0.0,0.35472450098090186,0.0,0.3547245009809018,9.311352513826882e-07,0.9998530322948056,4096,0,0,1.0,0.0,0.0,0,0.0,0.3547245009809018,0.0,0.1452754990190982,7.301828497143715e-05,0.3292305202643209,4096,0,0,1.0,0.0,0.0,0,0.0,0.1452754990190982,0.0,0.16653105967341292,9.309984045715664e-06,0.0,0.0,0.0
922,0.57625,3.570206468800901e-15,1.1510792319313623e-12,0.0,0.28487350464886113,9.361774584401581e-07,0.9998518147624197,0.5,0.0,0.5,0.0,0.3546205139465835,9.361774584401737e-07,0.9998518147624192,4096,0,0,1.0,0.0,0.0,0,0.0,0.3546205139465835,0.0,0.3546205139465835,9.361774584401581e-07,0.9998518147624197,4096,0,0,1.0,0.0,0.0,0,0.0,0.3546205139465835,0.0,0.1453794860534165,7.36245300608445e-05,0.3293674260330176,4096,0,0,1.0,0.0,0.0,0,0.0,0.1453794860534165,0.0,0.16622759632825626,9.360387307610615e-06,0.0,0.0,0.0
923,0.576875,3.573101666351641e-15,1.1510792319313623e-12,0.0,0.28483890543427054,9.41372752036451e-07,0.9998505733912811,0.5,0.0,0.5,0.0,0.3545167163028117,9.413727520364665e-07,0.9998505733912807,4096,0,0,1.0,0.0,0.0,0,0.0,0.3545167163028117,0.0,0.3545167163028117,9.41372752036451e-07,0.9998505733912811,4096,0,0,1.0,0.0,0.0,0,0.0,0.3545167163028117,0.0,0.14548328369718833,7.424261798332076e-05,0.3295037781445058,4096,0,0,1.0,0.0,0.0,0,0.0,0.14548328369718833,0.0,0.1659250098447462,9.412320858985735e-06,0.0,0.0,0.0
924,0.5775,3.575475546302492e-15,1.1510792319313623e-12,0.0,0.2848043691672331,9.467247998449212e-07,0.9998493075710484,0.5,0.0,0.5,0.0,0.35441310750169935,9.467247998449366e-07,0.999849307571048,4096,0,0,1.0,0.0,0.0,0,0.0,0.35441310750169935,0.0,0.3544131075016993,9.467247998449212e-07,0.9998493075710484,4096,0,0,1.0,0.0,0.0,0,0.0,0.3544131075016993,0.0,0.1455868924983007,7.487285207580474e-05,0.3296395795457451,4096,0,0,1.0,0.0,0.0,0,0.0,0.1455868924983007,0.0,0.16562329973544465,9.465821355852835e-06,0.0,0.0,3.469446951953614e-18
925,0.578125,3.5763646528029186e-15,1.1510792319313623e-12,2.220446049250313e-16,0.284769895665223,9.522373241219789e-07,0.9998480166795125,0.5000000000000001,2.220446049250313e-16,0.5,0.0,0.3543096869956689,9.522373241219942e-07,0.9998480166795121,4096,0,0,1.0,0.0,0.0,0,0.0,0.3543096869956689,0.0,0.35430968699566884,9.522373241219789e-07,0.9998480166795125,4096,0,0,1.0,0.0,0.0,0,0.0,0.35430968699566884,0.0,0.14569031300433116,7.551554158158974e-05,0.3297748331175765,4096,0,0,1.0,0.0,0.0,0,0.0,0.14569031300433116,0.0,0.1653224654975552,9.520925999315664e-06,0.0,0.0,3.469446951953614e-18
926,0.57875,3.577972882546601e-15,1.1581846592889633e-12,0.0,0.2847354847458206,9.579141022702601e-07,0.9998467000824359,0.5,0.0,0.5,0.0,0.35420645423746183,9.579141022702754e-07,0.9998467000824355,4096,0,0,1.0,0.0,0.0,0,0.0,0.35420645423746183,0.0,0.35420645423746183,9.579141022702601e-07,0.9998467000824359,4096,0,0,1.0,0.0,0.0,0,0.0,0.35420645423746183,0.0,0.14579354576253822,7.617100173079766e-05,0.32990954167522135,4096,0,0,1.0,0.0,0.0,0,0.0,0.14579354576253822,0.0,0.16502250661312834,9.577672541173483e-06,0.0,0.0,3.469446951953614e-18
927,0.579375,3.581008437936424e-15,1.1581846592889633e-12,0.0,0.28470113622671595,9.63758967403308e-07,0.9998453571333896,0.5,0.0,0.5,0.0,0.3541034086801479,9.637589674033233e-07,0.9998453571333892,4096,0,0,1.0,0.0,0.0,0,0.0,0.3541034086801479,0.0,0.3541034086801479,9.63758967403308e-07,0.9998453571333896,4096,0,0,1.0,0.0,0.0,0,0.0,0.3541034086801479,0.0,0.14589659131985214,7.683955382139968e-05,0.33004370796878524,4096,0,0,1.0,0.0,0.0,0,0.0,0.14589659131985214,0.0,0.16472342254926448,9.63609928953867e-06,0.0,0.0,6.938893903907228e-18
928,0.58,3.5834183859478965e-15,1.1581846592889633e-12,0.0,0.2846668499257116,9.697758089116314e-07,0.9998439871735894,0.5,0.0,0.5,0.0,0.35400054977713474,9.697758089116467e-07,0.9998439871735889,4096,0,0,1.0,0.0,0.0,0,0.0,0.35400054977713474,0.0,0.35400054977713474,9.697758089116314e-07,0.9998439871735894,4096,0,0,1.0,0.0,0.0,0,0.0,0.35400054977713474,0.0,0.1459994502228653,7.752152530077492e-05,0.3301773346837667,4096,0,0,1.0,0.0,0.0,0,0.0,0.1459994502228653,0.0,0.1644252127583143,9.69624511446698e-06,0.0,0.0,0.0
929,0.5806250000000001,3.584844610572454e-15,1.1652900866465643e-12,0.0,0.2846326256607255,9.759685730300003e-07,0.9998425895317312,0.5,0.0,0.5,0.0,0.3538978769821766,9.759685730300155e-07,0.9998425895317308,4096,0,0,1.0,0.0,0.0,0,0.0,0.3538978769821766,0.0,0.3538978769821766,9.759685730300003e-07,0.9998425895317312,4096,0,0,1.0,0.0,0.0,0,0.0,0.3538978769821766,0.0,0.14610212301782338,7.82172498477983e-05,0.3303104244415712,4096,0,0,1.0,0.0,0.0,0,0.0,0.14610212301782338,0.0,0.1641278766780772,9.758149453599036e-06,0.0,0.0,3.469446951953614e-18
930,0.58125,3.586634672159283e-15,1.1652900866465643e-12,0.0,0.28459846324979465,9.823412634058367e-07,0.9998411635238256,0.5,0.0,0.5,0.0,0.3537953897493839,9.82341263405852e-07,0.9998411635238251,4096,0,0,1.0,0.0,0.0,0,0.0,0.3537953897493839,0.0,0.3537953897493839,9.823412634058367e-07,0.9998411635238256,4096,0,0,1.0,0.0,0.0,0,0.0,0.3537953897493839,0.0,0.14620461025061615,7.89270674554484e-05,0.33044297980002985,4096,0,0,1.0,0.0,0.0,0,0.0,0.14620461025061615,0.0,0.16383141373199706,9.821852317811563e-06,0.0,0.0,3.469446951953614e-18
931,0.581875,3.587320692045134e-15,1.1723955140041653e-12,0.0,0.28456436251107714,9.888979416685549e-07,0.9998397084530304,0.5,0.0,0.5,0.0,0.3536930875332315,9.888979416685701e-07,0.9998397084530299,4096,0,0,1.0,0.0,0.0,0,0.0,0.3536930875332315,0.0,0.3536930875332315,9.888979416685549e-07,0.9998397084530304,4096,0,0,1.0,0.0,0.0,0,0.0,0.3536930875332315,0.0,0.14630691246676852,7.965132451392571e-05,0.3305784893946961,4096,0,0,1.0,0.0,0.0,0,0.0,0.14630691246676852,0.0,0.16353582332935584,9.887394296876894e-06,0.0,0.0,3.469446951953614e-18
932,0.5825,3.589463144438045e-15,1.1723955140041653e-12,0.0,0.28453032326285604,9.951620984093886e-07,0.9998382236094834,0.5,0.0,0.5,0.0,0.3535909697885681,9.95162098409403e-07,0.9998382236094829,4096,0,0,1.0,0.0,0.0,0,0.0,0.3535909697885681,0.0,0.353590969788568,9.951620984093886e-07,0.9998382236094834,4096,0,0,1.0,0.0,0.0,0,0.0,0.353590969788568,0.0,0.14640903021143198,8.039037389427121e-05,0.330717602315625,4096,0,0,1.0,0.0,0.0,0,0.0,0.14640903021143198,0.0,0.16324110486546503,9.949951755157307e-06,0.0,0.0,3.469446951953614e-18
933,0.583125,3.591529502172184e-15,1.1795009413617663e-12,0.0,0.28449634532354146,9.98441016825594e-07,0.9998367082701333,0.5,0.0,0.5,0.0,0.35348903597062437,9.984410168256085e-07,0.9998367082701328,4096,0,0,1.0,0.0,0.0,0,0.0,0.35348903597062437,0.0,0.3534890359706243,9.98441016825594e-07,0.9998367082701333,4096,0,0,1.0,0.0,0.0,0,0.0,0.3534890359706243,0.0,0.1465109640293757,8.114457503247515e-05,0.33085612197730907,4096,0,0,1.0,0.0,0.0,0,0.0,0.1465109640293757,0.0,0.16294725772185464,9.982724235077734e-06,0.0,0.0,0.0
934,0.58375,3.592954611170951e-15,1.1795009413617663e-12,0.0,0.2844624285116741,1.001830375509569e-06,0.99983516169857,0.5,0.0,0.5,0.0,0.3533872855350221,1.0018303755095833e-06,0.9998351616985696,4096,0,0,1.0,0.0,0.0,0,0.0,0.3533872855350221,0.0,0.3533872855350221,1.001830375509569e-06,0.99983516169857,4096,0,0,1.0,0.0,0.0,0,0.0,0.3533872855350221,0.0,0.14661271446497798,8.191429401406521e-05,0.3309940525628664,4096,0,0,1.0,0.0,0.0,0,0.0,0.14661271446497798,0.0,0.16265428126646003,1.0016600669617765e-05,0.0,0.0,0.0
935,0.584375,3.593958892542835e-15,1.1723955140041653e-12,0.0,0.28442857264592736,1.0053331461409572e-06,0.999833583144854,0.5,0.0,0.5,0.0,0.35328571793778213,1.0053331461409716e-06,0.9998335831448536,4096,0,0,1.0,0.0,0.0,0,0.0,0.35328571793778213,0.0,0.3532857179377821,1.0053331461409572e-06,0.999833583144854,4096,0,0,1.0,0.0,0.0,0,0.0,0.3532857179377821,0.0,0.14671428206221793,8.269990365916307e-05,0.331131398183169,4096,0,0,1.0,0.0,0.0,0,0.0,0.14671428206221793,0.0,0.16236217485380644,1.0051610759683694e-05,0.0,0.0,0.0
936,0.585,3.594749351130313e-15,1.1723955140041653e-12,0.0,0.284394777545111,1.0089523445962552e-06,0.9998319718453449,0.5,0.0,0.5,0.0,0.3531843326353329,1.0089523445962696e-06,0.9998319718453444,4096,0,0,1.0,0.0,0.0,0,0.0,0.3531843326353329,0.0,0.3531843326353329,1.0089523445962552e-06,0.9998319718453449,4096,0,0,1.0,0.0,0.0,0,0.0,0.3531843326353329,0.0,0.14681566736466717,8.35017836079978e-05,0.33126816287724575,4096,0,0,1.0,0.0,0.0,0,0.0,0.14681566736466717,0.0,0.16207093782519144,1.0087784647632208e-05,0.0,0.0,3.469446951953614e-18
937,0.5856250000000001,3.594537086153998e-15,1.1723955140041653e-12,0.0,0.2843610430281729,1.0126910314045574e-06,0.9998303270225285,0.5,0.0,0.5,0.0,0.3530831290845186,1.0126910314045716e-06,0.999830327022528,4096,0,0,1.0,0.0,0.0,0,0.0,0.3530831290845186,0.0,0.3530831290845186,1.0126910314045574e-06,0.9998303270225285,4096,0,0,1.0,0.0,0.0,0,0.0,0.3530831290845186,0.0,0.1469168709154814,8.432032040686448e-05,0.3314043506126936,4096,0,0,1.0,0.0,0.0,0,0.0,0.1469168709154814,0.0,0.1617805695088651,1.0125152921809358e-05,0.0,0.0,3.469446951953614e-18
938,0.58625,3.5967607480912015e-15,1.1723955140041653e-12,0.0,0.28432736891420246,1.0165523122053078e-06,0.9998286478848437,0.5,0.0,0.5,0.0,0.3529821067426075,1.016552312205322e-06,0.9998286478848433,4096,0,0,1.0,0.0,0.0,0,0.0,0.3529821067426075,0.0,0.35298210674260744,1.0165523122053078e-06,0.9998286478848437,4096,0,0,1.0,0.0,0.0,0,0.0,0.35298210674260744,0.0,0.1470178932573926,8.515590759451564e-05,0.33153996528609625,4096,0,0,1.0,0.0,0.0,0,0.0,0.1470178932573926,0.0,0.1614910692202078,1.0163746621108885e-05,0.0,0.0,3.469446951953614e-18
939,0.586875,3.5993164186208425e-15,1.1795009413617663e-12,0.0,0.2842937550224331,1.0205393382079694e-06,0.9998269336265085,0.5,0.0,0.5,0.0,0.35288126506729933,1.0205393382079836e-06,0.9998269336265081,4096,0,0,1.0,0.0,0.0,0,0.0,0.35288126506729933,0.0,0.3528812650672992,1.0205393382079694e-06,0.9998269336265085,4096,0,0,1.0,0.0,0.0,0,0.0,0.3528812650672992,0.0,0.14711873493270072,8.600894578897297e-05,0.33167501072345046,4096,0,0,1.0,0.0,0.0,0,0.0,0.14711873493270072,0.0,0.16120243626190633,1.0203597239548997e-05,0.0,0.0,0.0
940,0.5875,3.600381834035267e-15,1.1795009413617663e-12,0.0,0.2842602011722446,1.0246553066535139e-06,0.9998251834273448,0.5,0.0,0.5,0.0,0.35278060351673385,1.0246553066535278e-06,0.9998251834273444,4096,0,0,1.0,0.0,0.0,0,0.0,0.35278060351673385,0.0,0.35278060351673385,1.0246553066535139e-06,0.9998251834273448,4096,0,0,1.0,0.0,0.0,0,0.0,0.35278060351673385,0.0,0.14721939648326615,8.68798427747465e-05,0.3318094906805996,4096,0,0,1.0,0.0,0.0,0,0.0,0.14721939648326615,0.0,0.16091466992412728,1.0244736730866567e-05,0.0,0.0,0.0
941,0.588125,3.599828589940866e-15,1.1723955140041653e-12,0.0,0.2842267071831661,1.0289034612776351e-06,0.9998233964526024,0.5,0.0,0.5,0.0,0.35268012154949835,1.028903461277649e-06,0.999823396452602,4096,0,0,1.0,0.0,0.0,0,0.0,0.35268012154949835,0.0,0.35268012154949835,1.0289034612776351e-06,0.9998233964526024,4096,0,0,1.0,0.0,0.0,0,0.0,0.35268012154949835,0.0,0.14731987845050162,8.77690135904475e-05,0.3319434088436746,4096,0,0,1.0,0.0,0.0,0,0.0,0.14731987845050162,0.0,0.16062776948468865,1.0287197513127791e-05,0.0,0.0,3.469446951953614e-18
942,0.58875,3.6022311103113e-15,1.1723955140041653e-12,0.0,0.28419327287487844,1.0332870927755898e-06,0.9998215718527829,0.5,0.0,0.5,0.0,0.3525798186246353,1.0332870927756038e-06,0.9998215718527824,4096,0,0,1.0,0.0,0.0,0,0.0,0.3525798186246353,0.0,0.3525798186246353,1.0332870927755898e-06,0.9998215718527829,4096,0,0,1.0,0.0,0.0,0,0.0,0.3525798186246353,0.0,0.14742018137536478,8.867688061678176e-05,0.33207676882954196,4096,0,0,1.0,0.0,0.0,0,0.0,0.14742018137536478,0.0,0.16034173420922931,1.0331012473354287e-05,0.0,0.0,3.469446951953614e-18
943,0.589375,3.60342708494759e-15,1.1723955140041653e-12,0.0,0.28415989806721653,1.0378095392685584e-06,0.9998197087634618,0.5,0.0,0.5,0.0,0.3524796942016496,1.0378095392685724e-06,0.9998197087634614,4096,0,0,1.0,0.0,0.0,0,0.0,0.3524796942016496,0.0,0.3524796942016496,1.0378095392685584e-06,0.9998197087634618,4096,0,0,1.0,0.0,0.0,0,0.0,0.3524796942016496,0.0,0.1475203057983504,8.960387366490873e-05,0.33220957418625835,4096,0,0,1.0,0.0,0.0,0,0.0,0.1475203057983504,0.0,0.16005656335137625,1.0376214972163572e-05,0.0,0.0,0.0
944,0.59,3.605084583305258e-15,1.1652900866465643e-12,0.0,0.28412658258017226,1.042474186771424e-06,0.9998178063051113,0.5,0.0,0.5,0.0,0.3523797477405168,1.0424741867714377e-06,0.9998178063051109,4096,0,0,1.0,0.0,0.0,0,0.0,0.3523797477405168,0.0,0.3523797477405168,1.042474186771424e-06,0.9998178063051113,4096,0,0,1.0,0.0,0.0,0,0.0,0.3523797477405168,0.0,0.14762025225948325,9.055043006515218e-05,0.3323418283935326,4096,0,0,1.0,0.0,0.0,0,0.0,0.14762025225948325,0.0,0.15977225615290963,1.0422838848422805e-05,0.0,0.0,3.469446951953614e-18
945,0.5906250000000001,3.607317793102197e-15,1.1723955140041653e-12,0.0,0.28409332623389655,1.0472844696618593e-06,0.9998160697728605,0.5,0.0,0.5,0.0,0.3522799787016896,1.047284469661873e-06,0.9998160697728605,4096,0,0,1.0,0.0,0.0,0,0.0,0.3522799787016896,0.0,0.3522799787016896,1.0472844696618593e-06,0.9998160697728603,4096,0,0,1.0,0.0,0.0,0,0.0,0.3522799787016896,0.0,0.1477200212983104,9.144147133428906e-05,0.33247353486319403,4096,0,0,1.0,0.0,0.0,0,0.0,0.1477200212983104,0.0,0.15948881184392638,1.0470918423914748e-05,0.0,0.0,3.469446951953614e-18
946,0.59125,3.609873942042128e-15,1.1652900866465643e-12,0.0,0.2840601288487019,1.0522438711506123e-06,0.9998146624043288,0.5,0.0,0.5,0.0,0.35218038654610584,1.052243871150626e-06,0.9998146624043288,4096,0,0,1.0,0.0,0.0,0,0.0,0.35218038654610584,0.0,0.35218038654610573,1.0522438711506123e-06,0.9998146624043286,4096,0,0,1.0,0.0,0.0,0,0.0,0.35218038654610573,0.0,0.14781961345389422,9.214267589941135e-05,0.33260469693966727,4096,0,0,1.0,0.0,0.0,0,0.0,0.14781961345389422,0.0,0.15920622964300066,1.0520488508014735e-05,0.0,0.0,3.469446951953614e-18
947,0.591875,3.612407506020427e-15,1.1581846592889633e-12,0.0,0.284026990245065,1.0573559237528746e-06,0.9998132289130981,0.5,0.0,0.5,0.0,0.35208097073519495,1.0573559237528881e-06,0.9998132289130981,4096,0,0,1.0,0.0,0.0,0,0.0,0.35208097073519495,0.0,0.35208097073519495,1.0573559237528746e-06,0.9998132289130979,4096,0,0,1.0,0.0,0.0,0,0.0,0.35208097073519495,0.0,0.14791902926480507,9.285686548848893e-05,0.3327353179004535,4096,0,0,1.0,0.0,0.0,0,0.0,0.14791902926480507,0.0,0.15892450875734349,1.057158440237753e-05,0.0,0.0,0.0
948,0.5925,3.613484584084342e-15,1.1581846592889633e-12,0.0,0.2839939102436286,1.0626242097606168e-06,0.9998117686426717,0.5,0.0,0.5,0.0,0.35198173073088573,1.0626242097606301e-06,0.9998117686426717,4096,0,0,1.0,0.0,0.0,0,0.0,0.35198173073088573,0.0,0.35198173073088573,1.0626242097606168e-06,0.9998117686426715,4096,0,0,1.0,0.0,0.0,0,0.0,0.35198173073088573,0.0,0.14801826926911432,9.358436655867926e-05,0.33286540095661826,4096,0,0,1.0,0.0,0.0,0,0.0,0.14801826926911432,0.0,0.15864364838295944,1.0624241905632836e-05,0.0,0.0,3.469446951953614e-18
949,0.593125,3.613557646003741e-15,1.1510792319313623e-12,0.0,0.28396088866520425,1.0680523617157717e-06,0.9998102809242223,0.5,0.0,0.5,0.0,0.3518826659956127,1.068052361715785e-06,0.9998102809242223,4096,0,0,1.0,0.0,0.0,0,0.0,0.3518826659956127,0.0,0.3518826659956127,1.0680523617157717e-06,0.9998102809242221,4096,0,0,1.0,0.0,0.0,0,0.0,0.3518826659956127,0.0,0.14811733400438737,9.432551170743878e-05,0.3329949492532847,4096,0,0,1.0,0.0,0.0,0,0.0,0.14811733400438737,0.0,0.15836364770480185,1.0678497318088247e-05,0.0,0.0,3.469446951953614e-18
950,0.59375,3.615310042896729e-15,1.1510792319313623e-12,0.0,0.28392792533077443,1.0736440628841418e-06,0.999808765076433,0.5,0.0,0.5,0.0,0.3517837759923232,1.0736440628841552e-06,0.999808765076433,4096,0,0,1.0,0.0,0.0,0,0.0,0.3517837759923232,0.0,0.3517837759923232,1.0736440628841418e-06,0.9998087650764328,4096,0,0,1.0,0.0,0.0,0,0.0,0.3517837759923232,0.0,0.14821622400767684,9.508063975146459e-05,0.33312396587013376,4096,0,0,1.0,0.0,0.0,0,0.0,0.14821622400767684,0.0,0.1580845058969258,1.0734387446438379e-05,0.0,0.0,3.469446951953614e-18
951,0.594375,3.618574798871438e-15,1.1510792319313623e-12,0.0,0.28389502006149475,1.079403047729906e-06,0.9998072204053389,0.5,0.0,0.5,0.0,0.3516850601844843,1.0794030477299191e-06,0.9998072204053389,4096,0,0,1.0,0.0,0.0,0,0.0,0.3516850601844843,0.0,0.3516850601844843,1.079403047729906e-06,0.9998072204053386,4096,0,0,1.0,0.0,0.0,0,0.0,0.3516850601844843,0.0,0.14831493981551575,9.585009580609567e-05,0.33325245382190943,4096,0,0,1.0,0.0,0.0,0,0.0,0.14831493981551575,0.0,0.15780622212263923,1.0791949608478886e-05,0.0,0.0,3.469446951953614e-18
952,0.595,3.620819347315142e-15,1.1510792319313623e-12,0.0,0.28386217267869646,1.085333102390597e-06,0.999805646204166,0.5,0.0,0.5,0.0,0.3515865180360892,1.08533310239061e-06,0.999805646204166,4096,0,0,1.0,0.0,0.0,0,0.0,0.3515865180360892,0.0,0.3515865180360892,1.085333102390597e-06,0.9998056462041659,4096,0,0,1.0,0.0,0.0,0,0.0,0.3515865180360892,0.0,0.14841348196391085,9.663423136516417e-05,0.3333804160589302,4096,0,0,1.0,0.0,0.0,0,0.0,0.14841348196391085,0.0,0.1575287955346521,1.085122163782403e-05,0.0,0.0,0.0
953,0.595625,3.6221694363601314e-15,1.1439738045737613e-12,0.0,0.283829383003888,1.0914380651524187e-06,0.999804041753171,0.5,0.0,0.5,0.0,0.351488149011664,1.0914380651524314e-06,0.999804041753171,4096,0,0,1.0,0.0,0.0,0,0.0,0.351488149011664,0.0,0.351488149011664,1.0914380651524187e-06,0.9998040417531708,4096,0,0,1.0,0.0,0.0,0,0.0,0.351488149011664,0.0,0.14851185098833602,9.743340438128696e-05,0.3335078554676061,4096,0,0,1.0,0.0,0.0,0,0.0,0.14851185098833602,0.0,0.1572522252752237,1.0912241888626489e-05,0.0,0.0,6.938893903907228e-18
954,0.5962500000000001,3.622863691072511e-15,1.1439738045737613e-12,0.0,0.283796650858758,1.0977218269257685e-06,0.9998024063194786,0.5,0.0,0.5,0.0,0.351389952576274,1.0977218269257812e-06,0.9998024063194786,4096,0,0,1.0,0.0,0.0,0,0.0,0.351389952576274,0.0,0.35138995257627403,1.0977218269257685e-06,0.9998024063194785,4096,0,0,1.0,0.0,0.0,0,0.0,0.35138995257627403,0.0,0.14861004742372602,9.82479793465874e-05,0.333634774870961,4096,0,0,1.0,0.0,0.0,0,0.0,0.14861004742372602,0.0,0.15697651047630778,1.0975049240297975e-05,0.0,0.0,0.0
955,0.596875,3.622766980451363e-15,1.1439738045737613e-12,0.0,0.28376397606517684,1.1041883317208291e-06,0.9998007391569192,0.5,0.0,0.5,0.0,0.3512919281955304,1.1041883317208418e-06,0.9998007391569192,4096,0,0,1.0,0.0,0.0,0,0.0,0.3512919281955304,0.0,0.3512919281955304,1.1041883317208291e-06,0.9998007391569191,4096,0,0,1.0,0.0,0.0,0,0.0,0.3512919281955304,0.0,0.1487080718044696,9.907832737383659e-05,0.3337611770291606,4096,0,0,1.0,0.0,0.0,0,0.0,0.1487080718044696,0.0,0.15670165025969612,1.1039683102229305e-05,0.0,0.0,3.469446951953614e-18
956,0.5975,3.6237568140482844e-15,1.1439738045737613e-12,0.0,0.28373135844519876,1.1108415771230872e-06,0.9997990395058655,0.5,0.0,0.5,0.0,0.3511940753355962,1.1108415771231e-06,0.9997990395058655,4096,0,0,1.0,0.0,0.0,0,0.0,0.3511940753355962,0.0,0.3511940753355962,1.1108415771230872e-06,0.9997990395058654,4096,0,0,1.0,0.0,0.0,0,0.0,0.3511940753355962,0.0,0.14880592466440376,9.992482627800359e-05,0.33388706464004553,4096,0,0,1.0,0.0,0.0,0,0.0,0.14880592466440376,0.0,0.1564276437371601,1.1106183418508433e-05,0.0,0.0,0.0
957,0.598125,3.624269423328756e-15,1.1368683772161603e-12,0.0,0.28369879782106433,1.1176856147686386e-06,0.9997973065930674,0.5,0.0,0.5,0.0,0.35109639346319294,1.1176856147686513e-06,0.9997973065930674,4096,0,0,1.0,0.0,0.0,0,0.0,0.35109639346319294,0.0,0.35109639346319294,1.1176856147686386e-06,0.9997973065930673,4096,0,0,1.0,0.0,0.0,0,0.0,0.35109639346319294,0.0,0.14890360653680706,0.00010078786065820318,0.3340124403396697,4096,0,0,1.0,0.0,0.0,0,0.0,0.14890360653680706,0.0,0.1561544900105902,1.1174590672635015e-05,0.0,0.0,0.0
958,0.59875,3.624361064122122e-15,1.1297629498585593e-12,2.220446049250313e-16,0.28366629401520205,1.1228316602241714e-06,0.9997955396314877,0.5000000000000001,2.220446049250313e-16,0.5,0.0,0.35099888204560614,1.1228316602241858e-06,0.9997955396314877,4096,0,0,1.0,0.0,0.0,0,0.0,0.35099888204560614,0.0,0.35099888204560614,1.1228316602241714e-06,0.9997955396314876,4096,0,0,1.0,0.0,0.0,0,0.0,0.35099888204560614,0.0,0.14900111795439386,0.0001016678219800297,0.33413730670284364,4096,0,0,1.0,0.0,0.0,0,0.0,0.14900111795439386,0.0,0.15588218817213406,1.1225937896968269e-05,0.0,0.0,0.0
959,0.599375,3.626836937396683e-15,1.1368683772161603e-12,2.220446049250313e-16,0.2836338468502307,1.1261861618002304e-06,0.9997937378201356,0.5,0.0,0.5000000000000001,2.220446049250313e-16,0.350901540550692,1.1261861618002445e-06,0.9997937378201356,4096,0,0,1.0,0.0,0.0,0,0.0,0.350901540550692,0.0,0.350901540550692,1.1261861618002304e-06,0.9997937378201355,4096,0,0,1.0,0.0,0.0,0,0.0,0.350901540550692,0.0,0.149098459449308,0.0001025651086582652,0.3342616662436826,4096,0,0,1.0,0.0,0.0,0,0.0,0.149098459449308,0.0,0.15561073730433247,1.1259460665200834e-05,0.0,0.0,3.469446951953614e-18
960,0.6,3.62962631072704e-15,1.1368683772161603e-12,0.0,0.28360145614896104,1.129655922778088e-06,0.9997919003439004,0.5,0.0,0.5,0.0,0.3508043684468831,1.1296559227781022e-06,0.9997919003439004,4096,0,0,1.0,0.0,0.0,0,0.0,0.3508043684468831,0.0,0.35080436844688306,1.129655922778088e-06,0.9997919003439003,4096,0,0,1.0,0.0,0.0,0,0.0,0.35080436844688306,0.0,0.14919563155311694,0.00010348012613994946,0.33438552141615974,4096,0,0,1.0,0.0,0.0,0,0.0,0.14919563155311694,0.0,0.15534013648025347,1.1294135448128064e-05,0.0,0.0,0.0
961,0.600625,3.6294612710005906e-15,1.1368683772161603e-12,0.0,0.2835691217343981,1.1332439341381444e-06,0.9997900263733841,0.5,0.0,0.5,0.0,0.3507073652031942,1.1332439341381584e-06,0.9997900263733841,4096,0,0,1.0,0.0,0.0,0,0.0,0.3507073652031942,0.0,0.3507073652031942,1.1332439341381444e-06,0.999790026373384,4096,0,0,1.0,0.0,0.0,0,0.0,0.3507073652031942,0.0,0.14929263479680588,0.00010441328698779944,0.334508874614664,4096,0,0,1.0,0.0,0.0,0,0.0,0.14929263479680588,0.0,0.15507038476362497,1.1329992135684251e-05,0.0,0.0,0.0
962,0.6012500000000001,3.630741020720814e-15,1.1297629498585593e-12,0.0,0.28353684342974267,1.1369532284094916e-06,0.9997881150647334,0.5,0.0,0.5,0.0,0.35061053028922795,1.1369532284095055e-06,0.9997881150647334,4096,0,0,1.0,0.0,0.0,0,0.0,0.35061053028922795,0.0,0.35061053028922795,1.1369532284094916e-06,0.9997881150647333,4096,0,0,1.0,0.0,0.0,0,0.0,0.35061053028922795,0.0,0.14938946971077205,0.00010536501096396523,0.3346317281745622,4096,0,0,1.0,0.0,0.0,0,0.0,0.14938946971077205,0.0,0.15480148120896528,1.1367061032673124e-05,0.0,0.0,3.469446951953614e-18
963,0.601875,3.6334712549019304e-15,1.1297629498585593e-12,0.0,0.28350462105839375,1.1407868800563154e-06,0.9997861655594711,0.5,0.0,0.5,0.0,0.35051386317518124,1.1407868800563294e-06,0.9997861655594711,4096,0,0,1.0,0.0,0.0,0,0.0,0.35051386317518124,0.0,0.35051386317518124,1.1407868800563154e-06,0.999786165559471,4096,0,0,1.0,0.0,0.0,0,0.0,0.35051386317518124,0.0,0.1494861368248188,0.00010633572511410895,0.3347576821826173,4096,0,0,1.0,0.0,0.0,0,0.0,0.1494861368248188,0.0,0.15453342486171212,1.1405372862610775e-05,0.0,0.0,1.0408340855860843e-17
964,0.6025,3.636101086500667e-15,1.1297629498585593e-12,0.0,0.2834724544439499,1.144748005865345e-06,0.9997841769843268,0.5,0.0,0.5,0.0,0.3504173633318498,1.144748005865359e-06,0.9997841769843268,4096,0,0,1.0,0.0,0.0,0,0.0,0.3504173633318498,0.0,0.3504173633318498,1.144748005865345e-06,0.9997841769843266,4096,0,0,1.0,0.0,0.0,0,0.0,0.3504173633318498,0.0,0.14958263666815017,0.00010732586385179327,0.33488682323761904,4096,0,0,1.0,0.0,0.0,0,0.0,0.14958263666815017,0.0,0.15426621475834978,1.1444958771578309e-05,0.0,0.0,3.469446951953614e-18
965,0.603125,3.6391904500457135e-15,1.1368683772161603e-12,0.0,0.2834403434102117,1.148839765334254e-06,0.999782148451067,0.5,0.0,0.5,0.0,0.3503210302306349,1.148839765334268e-06,0.999782148451067,4096,0,0,1.0,0.0,0.0,0,0.0,0.3503210302306349,0.0,0.3503210302306349,1.148839765334254e-06,0.9997821484510669,4096,0,0,1.0,0.0,0.0,0,0.0,0.3503210302306349,0.0,0.14967896976936518,0.00010833586904316517,0.33501542261089173,4096,0,0,1.0,0.0,0.0,0,0.0,0.14967896976936518,0.0,0.15399984992653465,1.1485850332083154e-05,0.0,0.0,0.0
966,0.60375,3.639341797266809e-15,1.1368683772161603e-12,0.0,0.28340828778118254,1.153065361060925e-06,0.9997800790563252,0.5,0.0,0.5,0.0,0.35022486334354763,1.1530653610609388e-06,0.9997800790563252,4096,0,0,1.0,0.0,0.0,0,0.0,0.35022486334354763,0.0,0.35022486334354763,1.153065361060925e-06,0.999780079056325,4096,0,0,1.0,0.0,0.0,0,0.0,0.35022486334354763,0.0,0.14977513665645237,0.00010936619009192077,0.33514348416314377,4096,0,0,1.0,0.0,0.0,0,0.0,0.14977513665645237,0.0,0.15373432938521892,1.1528079546928215e-05,0.0,0.0,3.469446951953614e-18
967,0.604375,3.639795450681541e-15,1.1368683772161603e-12,0.0,0.28337628738107185,1.1574280391334724e-06,0.99977796788143,0.5,0.0,0.5,0.0,0.35012886214321554,1.157428039133486e-06,0.99977796788143,4096,0,0,1.0,0.0,0.0,0,0.0,0.35012886214321554,0.0,0.35012886214321554,1.1574280391334724e-06,0.9997779678814299,4096,0,0,1.0,0.0,0.0,0,0.0,0.35012886214321554,0.0,0.14987113785678452,0.00011041728402453624,0.33527101168620266,4096,0,0,1.0,0.0,0.0,0,0.0,0.14987113785678452,0.0,0.15346965214477282,1.157167885308772e-05,0.0,0.0,6.938893903907228e-18
968,0.605,3.641610457804728e-15,1.1368683772161603e-12,0.0,0.2833443420342956,1.1619310895209315e-06,0.9997758139922349,0.5,0.0,0.5,0.0,0.3500330261028868,1.161931089520945e-06,0.9997758139922349,4096,0,0,1.0,0.0,0.0,0,0.0,0.3500330261028868,0.0,0.35003302610288684,1.1619310895209315e-06,0.9997758139922348,4096,0,0,1.0,0.0,0.0,0,0.0,0.35003302610288684,0.0,0.14996697389711322,0.00011148961557574987,0.33539800890344723,4096,0,0,1.0,0.0,0.0,0,0.0,0.14996697389711322,0.0,0.15320581720710488,1.161668112558885e-05,0.0,0.0,3.469446951953614e-18
969,0.605625,3.643279755903266e-15,1.1368683772161603e-12,0.0,0.2833124515654788,1.1665778464645068e-06,0.9997736164389452,0.5,0.0,0.5,0.0,0.3499373546964364,1.1665778464645204e-06,0.9997736164389452,4096,0,0,1.0,0.0,0.0,0,0.0,0.3499373546964364,0.0,0.34993735469643633,1.1665778464645068e-06,0.9997736164389451,4096,0,0,1.0,0.0,0.0,0,0.0,0.34993735469643633,0.0,0.1500626453035636,0.00011258365727427952,0.33552447947024755,4096,0,0,1.0,0.0,0.0,0,0.0,0.1500626453035636,0.0,0.15294282356578096,1.166311968139803e-05,0.0,0.0,0.0
970,0.6062500000000001,3.645656401618442e-15,1.1297629498585593e-12,0.0,0.2832806157994569,1.1713716888692772e-06,0.9997713742559466,0.5,0.0,0.5,0.0,0.3498418473983707,1.1713716888692908e-06,0.9997713742559466,4096,0,0,1.0,0.0,0.0,0,0.0,0.3498418473983707,0.0,0.3498418473983707,1.1713716888692772e-06,0.9997713742559465,4096,0,0,1.0,0.0,0.0,0,0.0,0.3498418473983707,0.0,0.1501581526016293,0.0001136998895287597,0.33565042697441294,4096,0,0,1.0,0.0,0.0,0,0.0,0.1501581526016293,0.0,0.15268067020614123,1.1711028283310845e-05,0.0,0.0,0.0
971,0.606875,3.649343665280634e-15,1.1368683772161603e-12,2.220446049250313e-16,0.28324883456127764,1.17631604069625e-06,0.999769086461632,0.5,0.0,0.5000000000000001,2.220446049250313e-16,0.3497465036838329,1.1763160406962636e-06,0.999769086461632,4096,0,0,1.0,0.0,0.0,0,0.0,0.3497465036838329,0.0,0.3497465036838329,1.17631604069625e-06,0.9997690864616319,4096,0,0,1.0,0.0,0.0,0,0.0,0.3497465036838329,0.0,0.15025349631616705,0.000114838800713882,0.3357758549366473,4096,0,0,1.0,0.0,0.0,0,0.0,0.15025349631616705,0.0,0.15241935610541585,1.1760441143844452e-05,0.0,0.0,3.469446951953614e-18
972,0.6075,3.652334392780933e-15,1.1439738045737613e-12,0.0,0.2832171076762026,1.181414371354657e-06,0.9997671617612038,0.5,0.0,0.5,0.0,0.34965132302860796,1.1814143713546707e-06,0.9997671617612028,4096,0,0,1.0,0.0,0.0,0,0.0,0.34965132302860796,0.0,0.3496513230286079,1.181414371354657e-06,0.9997671617612038,4096,0,0,1.0,0.0,0.0,0,0.0,0.3496513230286079,0.0,0.1503486769713921,0.00011582841221155207,0.335900766811012,4096,0,0,1.0,0.0,0.0,0,0.0,0.1503486769713921,0.0,0.152158880232839,1.1811392929131412e-05,0.0,0.0,0.0
973,0.608125,3.654845909300092e-15,1.1439738045737613e-12,0.0,0.2831854349697091,1.186670196094378e-06,0.999765461529311,0.5,0.0,0.5,0.0,0.34955630490912726,1.1866701960943913e-06,0.99976546152931,4096,0,0,1.0,0.0,0.0,0,0.0,0.34955630490912726,0.0,0.34955630490912726,1.186670196094378e-06,0.999765461529311,4096,0,0,1.0,0.0,0.0,0,0.0,0.34955630490912726,0.0,0.15044369509087274,0.00011667590024559945,0.33602516598539606,4096,0,0,1.0,0.0,0.0,0,0.0,0.15044369509087274,0.0,0.15189924154976114,1.1863918762813728e-05,0.0,0.0,3.469446951953614e-18
974,0.60875,3.656081067144774e-15,1.1439738045737613e-12,0.0,0.28315381626749137,1.1920870763983788e-06,0.9997637308462128,0.5,0.0,0.5,0.0,0.3494614488024741,1.192087076398392e-06,0.9997637308462118,4096,0,0,1.0,0.0,0.0,0,0.0,0.3494614488024741,0.0,0.3494614488024741,1.1920870763983788e-06,0.9997637308462128,4096,0,0,1.0,0.0,0.0,0,0.0,0.3494614488024741,0.0,0.1505385511975259,0.00011753853335450752,0.33614905578199317,4096,0,0,1.0,0.0,0.0,0,0.0,0.1505385511975259,0.0,0.15164043900976004,1.1918054229935965e-05,0.0,0.0,3.469446951953614e-18
975,0.609375,3.658133563964204e-15,1.1439738045737613e-12,2.220446049250313e-16,0.2831222513954627,1.197668620375049e-06,0.9997619689732424,0.5,0.0,0.5000000000000001,2.220446049250313e-16,0.349366754186388,1.197668620375062e-06,0.9997619689732414,4096,0,0,1.0,0.0,0.0,0,0.0,0.349366754186388,0.0,0.349366754186388,1.197668620375049e-06,0.9997619689732424,4096,0,0,1.0,0.0,0.0,0,0.0,0.349366754186388,0.0,0.15063324581361198,0.00011841667906771941,0.33627243945778607,4096,0,0,1.0,0.0,0.0,0,0.0,0.15063324581361198,0.0,0.15138247155875,1.1973835380836245e-05,0.0,0.0,0.0
976,0.61,3.658961769579893e-15,1.1439738045737613e-12,0.0,0.2830907401797566,1.2034184831503179e-06,0.9997601751585421,0.5,0.0,0.5,0.0,0.3492722205392698,1.203418483150331e-06,0.9997601751585411,4096,0,0,1.0,0.0,0.0,0,0.0,0.3492722205392698,0.0,0.3492722205392698,1.2034184831503179e-06,0.9997601751585421,4096,0,0,1.0,0.0,0.0,0,0.0,0.3492722205392698,0.0,0.15072777946073018,0.00011931071148651481,0.3363953202050373,4096,0,0,1.0,0.0,0.0,0,0.0,0.15072777946073018,0.0,0.15112533813508966,1.2031298735033876e-05,0.0,0.0,3.469446951953614e-18
977,0.610625,3.66083186895571e-15,1.1439738045737613e-12,0.0,0.2830592824467287,1.2093403672594286e-06,0.9997583486369069,0.5,0.0,0.5,0.0,0.3491778473401861,1.2093403672594415e-06,0.9997583486369059,4096,0,0,1.0,0.0,0.0,0,0.0,0.3491778473401861,0.0,0.3491778473401861,1.2093403672594286e-06,0.9997583486369069,4096,0,0,1.0,0.0,0.0,0,0.0,0.3491778473401861,0.0,0.15082215265981394,0.00012022101136204493,0.3365177011517868,4096,0,0,1.0,0.0,0.0,0,0.0,0.15082215265981394,0.0,0.15086903766968834,1.2090481285112358e-05,0.0,0.0,0.0
978,0.61125,3.662188058770851e-15,1.1510792319313623e-12,0.0,0.283027878022958,1.2154380230382463e-06,0.9997564886296278,0.5,0.0,0.5,0.0,0.3490836340688739,1.2154380230382592e-06,0.9997564886296268,4096,0,0,1.0,0.0,0.0,0,0.0,0.3490836340688739,0.0,0.3490836340688739,1.2154380230382463e-06,0.9997564886296278,4096,0,0,1.0,0.0,0.0,0,0.0,0.3490836340688739,0.0,0.15091636593112612,0.00012114796617371185,0.33663958536235566,4096,0,0,1.0,0.0,0.0,0,0.0,0.15091636593112612,0.0,0.15061356908611084,1.2151420500596526e-05,0.0,0.0,0.0
979,0.6118750000000001,3.663202350045397e-15,1.1510792319313623e-12,0.0,0.2829965267352485,1.221715249013975e-06,0.9997545943443336,0.5,0.0,0.5,0.0,0.3489895802057454,1.221715249013988e-06,0.9997545943443326,4096,0,0,1.0,0.0,0.0,0,0.0,0.3489895802057454,0.0,0.3489895802057454,1.221715249013975e-06,0.9997545943443336,4096,0,0,1.0,0.0,0.0,0,0.0,0.3489895802057454,0.0,0.15101041979425467,0.00012209197020788087,0.3367609758378566,4096,0,0,1.0,0.0,0.0,0,0.0,0.15101041979425467,0.0,0.15035893130068084,1.221415433182252e-05,0.0,0.0,3.469446951953614e-18
980,0.6125,3.664113004475153e-15,1.1510792319313623e-12,0.0,0.2829652284106307,1.2281758922951535e-06,0.9997526649748322,0.5,0.0,0.5,0.0,0.3488956852318922,1.2281758922951662e-06,0.9997526649748312,4096,0,0,1.0,0.0,0.0,0,0.0,0.3488956852318922,0.0,0.34889568523189224,1.2281758922951535e-06,0.9997526649748322,4096,0,0,1.0,0.0,0.0,0,0.0,0.34889568523189224,0.0,0.15110431476810782,0.0001230534246369146,0.3368818755167101,4096,0,0,1.0,0.0,0.0,0,0.0,0.15110431476810782,0.0,0.15010512322258268,1.227872121379921e-05,0.0,0.0,0.0
981,0.613125,3.66405498255801e-15,1.1510792319313623e-12,0.0,0.28293398287636334,1.2348238489607996e-06,0.9997506997009523,0.5,0.0,0.5,0.0,0.34880194862909003,1.234823848960812e-06,0.9997506997009513,4096,0,0,1.0,0.0,0.0,0,0.0,0.34880194862909003,0.0,0.34880194862909003,1.2348238489607996e-06,0.9997506997009523,4096,0,0,1.0,0.0,0.0,0,0.0,0.34880194862909003,0.0,0.15119805137090997,0.00012403273759851693,0.337002287275167,4096,0,0,1.0,0.0,0.0,0,0.0,0.15119805137090997,0.0,0.14985214375396197,1.2345160070059812e-05,0.0,0.0,3.469446951953614e-18
982,0.61375,3.66452853274844e-15,1.1510792319313623e-12,0.0,0.2829027899599343,1.2416630644485704e-06,0.9997486976883831,0.5,0.0,0.5,0.0,0.3487083698798028,1.2416630644485829e-06,0.9997486976883821,4096,0,0,1.0,0.0,0.0,0,0.0,0.3487083698798028,0.0,0.3487083698798028,1.2416630644485704e-06,0.9997486976883831,4096,0,0,1.0,0.0,0.0,0,0.0,0.3487083698798028,0.0,0.1512916301201972,0.0001250303242753745,0.33712221392783637,4096,0,0,1.0,0.0,0.0,0,0.0,0.1512916301201972,0.0,0.14959999179002448,1.2413510316502241e-05,0.0,0.0,6.938893903907228e-18
983,0.614375,3.667942122743295e-15,1.1510792319313623e-12,0.0,0.28287164948906235,1.2486975339418016e-06,0.9997466580885143,0.5,0.0,0.5,0.0,0.3486149484671871,1.248697533941814e-06,0.9997466580885133,4096,0,0,1.0,0.0,0.0,0,0.0,0.3486149484671871,0.0,0.34861494846718716,1.2486975339418016e-06,0.9997466580885143,4096,0,0,1.0,0.0,0.0,0,0.0,0.34861494846718716,0.0,0.15138505153281284,0.00012604660697508385,0.33724165822821944,4096,0,0,1.0,0.0,0.0,0,0.0,0.15138505153281284,0.0,0.149348666219134,1.2483811865216841e-05,0.0,0.0,3.469446951953614e-18
984,0.615,3.6700200452682786e-15,1.1581846592889633e-12,0.0,0.2828405612916988,1.2535523541200287e-06,0.9997445800382749,0.5,0.0,0.5,0.0,0.3485216838750965,1.2535523541200401e-06,0.9997445800382739,4096,0,0,1.0,0.0,0.0,0,0.0,0.3485216838750965,0.0,0.3485216838750965,1.2535523541200287e-06,0.9997445800382749,4096,0,0,1.0,0.0,0.0,0,0.0,0.3485216838750965,0.0,0.15147831612490345,0.0001270820152103508,0.33736062286924906,4096,0,0,1.0,0.0,0.0,0,0.0,0.15147831612490345,0.0,0.14909816592290842,1.2532206319758114e-05,0.0,0.0,6.938893903907228e-18
985,0.615625,3.672846443662389e-15,1.1581846592889633e-12,0.0,0.28280952519602853,1.2569266301290504e-06,0.9997424626599728,0.5,0.0,0.5,0.0,0.34842857558808554,1.2569266301290618e-06,0.9997424626599718,4096,0,0,1.0,0.0,0.0,0,0.0,0.34842857558808554,0.0,0.34842857558808554,1.2569266301290504e-06,0.9997424626599728,4096,0,0,1.0,0.0,0.0,0,0.0,0.34842857558808554,0.0,0.15157142441191446,0.0001281369857794494,0.3374791104838343,4096,0,0,1.0,0.0,0.0,0,0.0,0.15157142441191446,0.0,0.14884848977631474,1.256592011966632e-05,0.0,0.0,0.0
986,0.61625,3.673040716842218e-15,1.1510792319313623e-12,0.0,0.28277854103047134,1.260419550424984e-06,0.999740305061132,0.5,0.0,0.5,0.0,0.34833562309141397,1.2604195504249954e-06,0.999740305061131,4096,0,0,1.0,0.0,0.0,0,0.0,0.34833562309141397,0.0,0.34833562309141397,1.260419550424984e-06,0.999740305061132,4096,0,0,1.0,0.0,0.0,0,0.0,0.34833562309141397,0.0,0.15166437690858606,0.00012921196284692695,0.3375971236454104,4096,0,0,1.0,0.0,0.0,0,0.0,0.15166437690858606,0.0,0.1485996366477626,1.2600819631191326e-05,0.0,0.0,3.469446951953614e-18
987,0.6168750000000001,3.673643402790307e-15,1.1510792319313623e-12,0.0,0.28274760862368353,1.2640340913700088e-06,0.999738106334331,0.5,0.0,0.5,0.0,0.3482428258710507,1.2640340913700202e-06,0.99973810633433,4096,0,0,1.0,0.0,0.0,0,0.0,0.3482428258710507,0.0,0.3482428258710507,1.2640340913700088e-06,0.999738106334331,4096,0,0,1.0,0.0,0.0,0,0.0,0.3482428258710507,0.0,0.15175717412894923,0.00013030739802454092,0.337714664868494,4096,0,0,1.0,0.0,0.0,0,0.0,0.15175717412894923,0.0,0.14835160539919645,1.2636934593671353e-05,0.0,0.0,3.469446951953614e-18
988,0.6175,3.675507021223941e-15,1.1510792319313623e-12,0.0,0.2827167278045594,1.267773267916154e-06,0.99973586555704,0.5,0.0,0.5,0.0,0.3481501834136782,1.2677732679161655e-06,0.999735865557039,4096,0,0,1.0,0.0,0.0,0,0.0,0.3481501834136782,0.0,0.34815018341367826,1.267773267916154e-06,0.99973586555704,4096,0,0,1.0,0.0,0.0,0,0.0,0.34815018341367826,0.0,0.15184981658632174,0.0001314237504524144,0.3378317366092431,4096,0,0,1.0,0.0,0.0,0,0.0,0.15184981658632174,0.0,0.14810439488618654,1.2674295131624252e-05,0.0,0.0,3.469446951953614e-18
989,0.618125,3.678541082428636e-15,1.1510792319313623e-12,0.0,0.282685898402232,1.271640133925719e-06,0.9997335817914574,0.5,0.0,0.5,0.0,0.34805769520669605,1.2716401339257304e-06,0.9997335817914564,4096,0,0,1.0,0.0,0.0,0,0.0,0.34805769520669605,0.0,0.34805769520669605,1.271640133925719e-06,0.9997335817914574,4096,0,0,1.0,0.0,0.0,0,0.0,0.34805769520669605,0.0,0.15194230479330395,0.00013256148688039495,0.33794834126602175,4096,0,0,1.0,0.0,0.0,0,0.0,0.15194230479330395,0.0,0.14785800395801857,1.2712931757928178e-05,0.0,0.0,0.0
990,0.61875,3.679641175490256e-15,1.1510792319313623e-12,0.0,0.2826551202460749,1.2756377824919567e-06,0.999731254084347,0.5,0.0,0.5,0.0,0.3479653607382248,1.2756377824919681e-06,0.999731254084346,4096,0,0,1.0,0.0,0.0,0,0.0,0.3479653607382248,0.0,0.3479653607382248,1.2756377824919567e-06,0.999731254084347,4096,0,0,1.0,0.0,0.0,0,0.0,0.3479653607382248,0.0,0.1520346392617752,0.00013372108174960232,0.3380644811799696,4096,0,0,1.0,0.0,0.0,0,0.0,0.1520346392617752,0.0,0.14761243145778177,1.2752875377004124e-05,0.0,0.0,0.0
991,0.619375,3.682187290654513e-15,1.1581846592889633e-12,0.0,0.28262439316570337,1.279769346259935e-06,0.9997288814668738,0.5,0.0,0.5,0.0,0.34787317949711016,1.2797693462599464e-06,0.9997288814668728,4096,0,0,1.0,0.0,0.0,0,0.0,0.34787317949711016,0.0,0.34787317949711016,1.279769346259935e-06,0.9997288814668738,4096,0,0,1.0,0.0,0.0,0,0.0,0.34787317949711016,0.0,0.15212682050288984,0.00013490301727415004,0.3381801586355761,4096,0,0,1.0,0.0,0.0,0,0.0,0.15212682050288984,0.0,0.14736767622245622,1.279415728799931e-05,0.0,0.0,6.938893903907228e-18
992,0.62,3.683649833549291e-15,1.1581846592889633e-12,0.0,0.2825937169909756,1.2840379977474771e-06,0.9997264629544395,0.5,0.0,0.5,0.0,0.34778115097292667,1.2840379977474886e-06,0.9997264629544385,4096,0,0,1.0,0.0,0.0,0,0.0,0.34778115097292667,0.0,0.34778115097292667,1.2840379977474771e-06,0.9997264629544395,4096,0,0,1.0,0.0,0.0,0,0.0,0.34778115097292667,0.0,0.15221884902707333,0.00013610778352302525,0.3382953758612586,4096,0,0,1.0,0.0,0.0,0,0.0,0.15221884902707333,0.0,0.14712373708299853,1.2836809187970521e-05,0.0,0.0,0.0
993,0.620625,3.685604218277182e-15,1.1652900866465643e-12,0.0,0.2825630915519937,1.2884469496660942e-06,0.9997239975465189,0.5,0.0,0.5,0.0,0.34768927465598115,1.2884469496661054e-06,0.9997239975465179,4096,0,0,1.0,0.0,0.0,0,0.0,0.34768927465598115,0.0,0.34768927465598115,1.2884469496660942e-06,0.9997239975465189,4096,0,0,1.0,0.0,0.0,0,0.0,0.34768927465598115,0.0,0.15231072534401885,0.00013733587850211094,0.33841013502994527,4096,0,0,1.0,0.0,0.0,0,0.0,0.15231072534401885,0.0,0.14688061286442644,1.2880863175066394e-05,0.0,0.0,0.0
994,0.62125,3.686792922215078e-15,1.1652900866465643e-12,0.0,0.28253251667910567,1.2929994552418067e-06,0.9997214842264945,0.5,0.0,0.5,0.0,0.3475975500373169,1.292999455241818e-06,0.9997214842264935,4096,0,0,1.0,0.0,0.0,0,0.0,0.3475975500373169,0.0,0.3475975500373169,1.2929994552418067e-06,0.9997214842264945,4096,0,0,1.0,0.0,0.0,0,0.0,0.3475975500373169,0.0,0.15240244996268315,0.00013858780823633451,0.33852553779454186,4096,0,0,1.0,0.0,0.0,0,0.0,0.15240244996268315,0.0,0.1466383023859021,1.2926351751707686e-05,0.0,0.0,0.0
995,0.6218750000000001,3.687562324331487e-15,1.1581846592889633e-12,0.0,0.28250199220290556,1.2976988085357634e-06,0.9997189219614924,0.5,0.0,0.5,0.0,0.3475059766087167,1.2976988085357746e-06,0.9997189219614914,4096,0,0,1.0,0.0,0.0,0,0.0,0.3475059766087167,0.0,0.3475059766087167,1.2976988085357634e-06,0.9997189219614924,4096,0,0,1.0,0.0,0.0,0,0.0,0.3475059766087167,0.0,0.15249402339128326,0.00013986408685192625,0.3386460953071238,4096,0,0,1.0,0.0,0.0,0,0.0,0.15249402339128326,0.0,0.1463968044608143,1.2973307827764515e-05,0.0,0.0,0.0
996,0.6225,3.688553334494974e-15,1.1652900866465643e-12,0.0,0.28247151795423575,1.3025483447645515e-06,0.9997163097022163,0.5,0.0,0.5,0.0,0.3474145538627072,1.3025483447645627e-06,0.9997163097022153,4096,0,0,1.0,0.0,0.0,0,0.0,0.3474145538627072,0.0,0.3474145538627072,1.3025483447645515e-06,0.9997163097022163,4096,0,0,1.0,0.0,0.0,0,0.0,0.3474145538627072,0.0,0.15258544613729286,0.0001411652366587706,0.3387661667919695,4096,0,0,1.0,0.0,0.0,0,0.0,0.15258544613729286,0.0,0.14615611789685942,1.3021764723729502e-05,0.0,0.0,0.0
997,0.623125,3.689781019737831e-15,1.1652900866465643e-12,0.0,0.2824410937641872,1.3075514406201001e-06,0.999713646382783,0.5,0.0,0.5,0.0,0.34732328129256157,1.3075514406201114e-06,0.999713646382782,4096,0,0,1.0,0.0,0.0,0,0.0,0.34732328129256157,0.0,0.34732328129256157,1.3075514406201001e-06,0.999713646382783,4096,0,0,1.0,0.0,0.0,0,0.0,0.34732328129256157,0.0,0.15267671870743849,0.00014249178823283335,0.3388857558342318,4096,0,0,1.0,0.0,0.0,0,0.0,0.15267671870743849,0.0,0.14591624149612115,1.3071756173885827e-05,0.0,0.0,6.938893903907228e-18
998,0.62375,3.691862564147108e-15,1.1652900866465643e-12,0.0,0.28241071946410123,1.3127115145890714e-06,0.999710930920557,0.5,0.0,0.5,0.0,0.34723215839230365,1.3127115145890824e-06,0.999710930920556,4096,0,0,1.0,0.0,0.0,0,0.0,0.34723215839230365,0.0,0.3472321583923037,1.3127115145890714e-06,0.999710930920557,4096,0,0,1.0,0.0,0.0,0,0.0,0.3472321583923037,0.0,0.15276784160769635,0.000143844280498647,0.3390048659526322,4096,0,0,1.0,0.0,0.0,0,0.0,0.15276784160769635,0.0,0.14567717405514918,1.3123316329469034e-05,0.0,0.0,0.0
999,0.624375,3.694168799199043e-15,1.1723955140041653e-12,0.0,0.2823803948855704,1.318032027271631e-06,0.9997086177865746,0.5,0.0,0.5,0.0,0.34714118465671107,1.318032027271642e-06,0.9997086177865745,4096,0,0,1.0,0.0,0.0,0,0.0,0.34714118465671107,0.0,0.34714118465671107,1.318032027271631e-06,0.9997086177865746,4096,0,0,1.0,0.0,0.0,0,0.0,0.34714118465671107,0.0,0.1528588153432889,0.00014503209069844936,0.33912350059991075,4096,0,0,1.0,0.0,0.0,0,0.0,0.1528588153432889,0.0,0.1454389143650366,1.3176479761821588e-05,0.0,0.0,3.469446951953614e-18
1000,0.625,3.695186829978914e-15,1.1795009413617663e-12,0.0,0.2823501198604396,1.3235164816994943e-06,0.9997065883568785,0.5,0.0,0.5,0.0,0.3470503595813188,1.3235164816995053e-06,0.9997065883568784,4096,0,0,1.0,0.0,0.0,0,0.0,0.3470503595813188,0.0,0.3470503595813188,1.3235164816994943e-06,0.9997065883568785,4096,0,0,1.0,0.0,0.0,0,0.0,0.3470503595813188,0.0,0.1529496404186812,0.00014604406331926724,0.339241663163284,4096,0,0,1.0,0.0,0.0,0,0.0,0.1529496404186812,0.0,0.14520146121149624,1.3231281465539002e-05,0.0,0.0,3.469446951953614e-18
1001,0.625625,3.6968488108434425e-15,1.1795009413617663e-12,0.0,0.28231989422080744,1.3291684236531336e-06,0.9997045239072015,0.5,0.0,0.5,0.0,0.34695968266242233,1.3291684236531444e-06,0.9997045239072014,4096,0,0,1.0,0.0,0.0,0,0.0,0.34695968266242233,0.0,0.3469596826624223,1.3291684236531336e-06,0.9997045239072015,4096,0,0,1.0,0.0,0.0,0,0.0,0.3469596826624223,0.0,0.15304031733757775,0.00014707346218675085,0.3393593569649106,4096,0,0,1.0,0.0,0.0,0,0.0,0.15304031733757775,0.0,0.14496481337493616,1.3287756861606413e-05,0.0,0.0,3.469446951953614e-18
1002,0.62625,3.697790225714123e-15,1.1795009413617663e-12,0.0,0.28228971779902695,1.334991441978036e-06,0.9997024236162877,0.5,0.0,0.5,0.0,0.34686915339708085,1.3349914419780468e-06,0.9997024236162876,4096,0,0,1.0,0.0,0.0,0,0.0,0.34686915339708085,0.0,0.34686915339708085,1.334991441978036e-06,0.9997024236162877,4096,0,0,1.0,0.0,0.0,0,0.0,0.34686915339708085,0.0,0.15313084660291915,0.00014812069613452235,0.3394765852623645,4096,0,0,1.0,0.0,0.0,0,0.0,0.15313084660291915,0.0,0.14472896963053342,1.3345941800524451e-05,0.0,0.0,3.469446951953614e-18
1003,0.626875,3.698548833263598e-15,1.1795009413617663e-12,0.0,0.28225959042770704,1.340989168899899e-06,0.9997002866489189,0.5,0.0,0.5,0.0,0.34677877128312107,1.3409891688999097e-06,0.9997002866489187,4096,0,0,1.0,0.0,0.0,0,0.0,0.34677877128312107,0.0,0.34677877128312107,1.340989168899899e-06,0.9997002866489189,4096,0,0,1.0,0.0,0.0,0,0.0,0.34677877128312107,0.0,0.15322122871687893,0.00014918618095549494,0.33959335124911594,4096,0,0,1.0,0.0,0.0,0,0.0,0.15322122871687893,0.0,0.14449392874830738,1.3405872565423246e-05,0.0,0.0,0.0
1004,0.6275000000000001,3.699996866503171e-15,1.1795009413617663e-12,0.0,0.28222951193971324,1.3471652803386449e-06,0.9996981121557623,0.5,0.0,0.5,0.0,0.3466885358191397,1.3471652803386553e-06,0.9996981121557622,4096,0,0,1.0,0.0,0.0,0,0.0,0.3466885358191397,0.0,0.3466885358191398,1.3471652803386449e-06,0.9996981121557623,4096,0,0,1.0,0.0,0.0,0,0.0,0.3466885358191398,0.0,0.15331146418086025,0.00015027033947805784,0.3397096580550191,4096,0,0,1.0,0.0,0.0,0,0.0,0.15331146418086025,0.0,0.14425968949319162,1.3467585875163315e-05,0.0,0.0,0.0
1005,0.628125,3.701159613789096e-15,1.1795009413617663e-12,2.220446049250313e-16,0.2821994821681691,1.3535234962211378e-06,0.9996958992732176,0.5,0.0,0.5000000000000001,2.220446049250313e-16,0.3465984465045072,1.353523496221148e-06,0.9996958992732174,4096,0,0,1.0,0.0,0.0,0,0.0,0.3465984465045072,0.0,0.3465984465045072,1.3535234962211378e-06,0.9996958992732176,4096,0,0,1.0,0.0,0.0,0,0.0,0.3465984465045072,0.0,0.1534015534954928,0.00015137360164248925,0.3398255087468074,4096,0,0,1.0,0.0,0.0,0,0.0,0.1534015534954928,0.0,0.14402625062510493,1.3531118887422198e-05,0.0,0.0,3.469446951953614e-18
1006,0.62875,3.701190690206299e-15,1.1723955140041653e-12,0.0,0.2821695009464568,1.3600675807924834e-06,0.9996936471232628,0.5,0.0,0.5,0.0,0.3465085028393704,1.3600675807924936e-06,0.9996936471232627,4096,0,0,1.0,0.0,0.0,0,0.0,0.3465085028393704,0.0,0.3465085028393704,1.3600675807924834e-06,0.9996936471232628,4096,0,0,1.0,0.0,0.0,0,0.0,0.3465085028393704,0.0,0.15349149716062963,0.00015249640457758442,0.3399414690243969,4096,0,0,1.0,0.0,0.0,0,0.0,0.15349149716062963,0.0,0.1437936108990211,1.3596509201765503e-05,0.0,0.0,0.0
1007,0.629375,3.70145690697573e-15,1.1723955140041653e-12,0.0,0.2821395681082186,1.366801342925788e-06,0.9996913548133008,0.5,0.0,0.5,0.0,0.3464187043246558,1.366801342925798e-06,0.9996913548133007,4096,0,0,1.0,0.0,0.0,0,0.0,0.3464187043246558,0.0,0.3464187043246559,1.366801342925788e-06,0.9996913548133008,4096,0,0,1.0,0.0,0.0,0,0.0,0.3464187043246559,0.0,0.15358129567534418,0.00015363919267748663,0.34006012420745996,4096,0,0,1.0,0.0,0.0,0,0.0,0.15358129567534418,0.0,0.14356176906503784,1.3663794862701196e-05,0.0,0.0,0.0
1008,0.63,3.704136550914769e-15,1.1723955140041653e-12,0.0,0.2821096834873576,1.3737286364302531e-06,0.9996890214360049,0.5,0.0,0.5,0.0,0.3463290504620729,1.3737286364302633e-06,0.9996890214360048,4096,0,0,1.0,0.0,0.0,0,0.0,0.3463290504620729,0.0,0.34632905046207285,1.3737286364302531e-06,0.9996890214360049,4096,0,0,1.0,0.0,0.0,0,0.0,0.34632905046207285,0.0,0.15367094953792715,0.00015480241767870743,0.3401782558130955,4096,0,0,1.0,0.0,0.0,0,0.0,0.15367094953792715,0.0,0.1433307238684447,1.373301436271577e-05,0.0,0.0,0.0
1009,0.630625,3.705466557463147e-15,1.1723955140041653e-12,0.0,0.28207984691803883,1.3808533603574824e-06,0.9996866460691637,0.5,0.0,0.5,0.0,0.34623954075411645,1.3808533603574926e-06,0.9996866460691636,4096,0,0,1.0,0.0,0.0,0,0.0,0.34623954075411645,0.0,0.34623954075411645,1.3808533603574824e-06,0.9996866460691637,4096,0,0,1.0,0.0,0.0,0,0.0,0.34623954075411645,0.0,0.15376045924588355,0.00015598653873732317,0.34029586675569035,4096,0,0,1.0,0.0,0.0,0,0.0,0.15376045924588355,0.0,0.14310047404978982,1.3804206645291055e-05,0.0,0.0,3.469446951953614e-18
1010,0.63125,3.707832884902521e-15,1.1723955140041653e-12,0.0,0.28205005823469004,1.3865229637660307e-06,0.9996842277755267,0.5,0.0,0.5,0.0,0.34615017470407017,1.3865229637660413e-06,0.9996842277755266,4096,0,0,1.0,0.0,0.0,0,0.0,0.34615017470407017,0.0,0.34615017470407017,1.3865229637660307e-06,0.9996842277755267,4096,0,0,1.0,0.0,0.0,0,0.0,0.34615017470407017,0.0,0.1538498252959298,0.00015719202250633386,0.34041295990690157,4096,0,0,1.0,0.0,0.0,0,0.0,0.1538498252959298,0.0,0.1428710183449459,1.3860691783503252e-05,0.0,0.0,6.938893903907228e-18
1011,0.631875,3.7100177729569685e-15,1.1723955140041653e-12,0.0,0.2820203172720031,1.38985995423887e-06,0.9996817656026485,0.5,0.0,0.5,0.0,0.3460609518160092,1.3898599542388807e-06,0.9996817656026484,4096,0,0,1.0,0.0,0.0,0,0.0,0.3460609518160092,0.0,0.3460609518160092,1.38985995423887e-06,0.9996817656026485,4096,0,0,1.0,0.0,0.0,0,0.0,0.3460609518160092,0.0,0.15393904818399085,0.0001584193432131705,0.34052953809606684,4096,0,0,1.0,0.0,0.0,0,0.0,0.15393904818399085,0.0,0.14264235548517504,1.3894024762034943e-05,0.0,0.0,0.0
1012,0.6325000000000001,3.712134652089429e-15,1.1723955140041653e-12,0.0,0.28199062386493434,1.3933175439254774e-06,0.9996792585827338,0.5,0.0,0.5,0.0,0.3459718715948029,1.393317543925488e-06,0.9996792585827337,4096,0,0,1.0,0.0,0.0,0,0.0,0.3459718715948029,0.0,0.3459718715948029,1.3933175439254774e-06,0.9996792585827338,4096,0,0,1.0,0.0,0.0,0,0.0,0.3459718715948029,0.0,0.15402812840519714,0.00015966898273733662,0.34064560411061845,4096,0,0,1.0,0.0,0.0,0,0.0,0.15402812840519714,0.0,0.14241448419719277,1.3928562829610869e-05,0.0,0.0,3.469446951953614e-18
1013,0.633125,3.714045109111204e-15,1.1723955140041653e-12,0.0,0.28196097784870605,1.396898664853271e-06,0.9996767057324805,0.5,0.0,0.5,0.0,0.34588293354611804,1.3968986648532817e-06,0.9996767057324804,4096,0,0,1.0,0.0,0.0,0,0.0,0.34588293354611804,0.0,0.34588293354611804,1.396898664853271e-06,0.9996767057324805,4096,0,0,1.0,0.0,0.0,0,0.0,0.34588293354611804,0.0,0.15411706645388198,0.00016094143068816913,0.3407611606965009,4096,0,0,1.0,0.0,0.0,0,0.0,0.15411706645388198,0.0,0.14218740320323095,1.3964335277429213e-05,0.0,0.0,3.469446951953614e-18
1014,0.63375,3.714575204762713e-15,1.1652900866465643e-12,0.0,0.2819313790588071,1.4006062844947328e-06,0.999674106052925,0.5,0.0,0.5,0.0,0.34579413717642127,1.4006062844947434e-06,0.9996741060529248,4096,0,0,1.0,0.0,0.0,0,0.0,0.34579413717642127,0.0,0.34579413717642127,1.4006062844947328e-06,0.999674106052925,4096,0,0,1.0,0.0,0.0,0,0.0,0.34579413717642127,0.0,0.1542058628235787,0.000162237184482704,0.3408764175887164,4096,0,0,1.0,0.0,0.0,0,0.0,0.1542058628235787,0.0,0.1419611112210999,1.400137175031929e-05,0.0,0.0,0.0
1015,0.634375,3.716400817151132e-15,1.1723955140041653e-12,0.0,0.28190182733099406,1.404443406026613e-06,0.9996714585292849,0.5,0.0,0.5,0.0,0.3457054819929822,1.4044434060266235e-06,0.9996714585292847,4096,0,0,1.0,0.0,0.0,0,0.0,0.3457054819929822,0.0,0.3457054819929822,1.404443406026613e-06,0.9996714585292849,4096,0,0,1.0,0.0,0.0,0,0.0,0.3457054819929822,0.0,0.15429451800701785,0.00016355674942363099,0.3410005202101183,4096,0,0,1.0,0.0,0.0,0,0.0,0.15429451800701785,0.0,0.1417356069642496,1.4039702249307984e-05,0.0,0.0,3.469446951953614e-18
1016,0.635,3.7180946192743115e-15,1.1723955140041653e-12,0.0,0.2818723225012918,1.4084130685887897e-06,0.9996687621308034,0.5,0.0,0.5,0.0,0.34561696750387544,1.4084130685888e-06,0.9996687621308032,4096,0,0,1.0,0.0,0.0,0,0.0,0.34561696750387544,0.0,0.34561696750387544,1.4084130685887897e-06,0.9996687621308034,4096,0,0,1.0,0.0,0.0,0,0.0,0.34561696750387544,0.0,0.15438303249612456,0.00016490063877732248,0.34112407762464414,4096,0,0,1.0,0.0,0.0,0,0.0,0.15438303249612456,0.0,0.1415108891418299,1.4079357134181838e-05,0.0,0.0,6.938893903907228e-18
1017,0.635625,3.718836567153725e-15,1.1652900866465643e-12,0.0,0.2818428644059947,1.412518347542692e-06,0.9996660158105924,0.5,0.0,0.5,0.0,0.3455285932179841,1.4125183475427025e-06,0.9996660158105923,4096,0,0,1.0,0.0,0.0,0,0.0,0.3455285932179841,0.0,0.3455285932179841,1.412518347542692e-06,0.9996660158105924,4096,0,0,1.0,0.0,0.0,0,0.0,0.3455285932179841,0.0,0.15447140678201587,0.00016626937385192002,0.3412470936735169,4096,0,0,1.0,0.0,0.0,0,0.0,0.15447140678201587,0.0,0.14128695645874978,1.4120367126043896e-05,0.0,0.0,3.469446951953614e-18
1018,0.63625,3.720140162936839e-15,1.1652900866465643e-12,0.0,0.28181345288166737,1.4167623547292068e-06,0.9996632185054763,0.5,0.0,0.5,0.0,0.345440358645002,1.4167623547292172e-06,0.9996632185054762,4096,0,0,1.0,0.0,0.0,0,0.0,0.345440358645002,0.0,0.34544035864500194,1.4167623547292068e-06,0.9996632185054763,4096,0,0,1.0,0.0,0.0,0,0.0,0.34544035864500194,0.0,0.15455964135499806,0.00016766348407546257,0.34136957214843205,4096,0,0,1.0,0.0,0.0,0,0.0,0.15455964135499806,0.0,0.14106380761573611,1.416276330986439e-05,0.0,0.0,3.469446951953614e-18
1019,0.636875,3.720572444078909e-15,1.1652900866465643e-12,0.0,0.28178408776514524,1.4211482387259715e-06,0.9996603691358351,0.5,0.0,0.5,0.0,0.3453522632954359,1.4211482387259819e-06,0.999660369135835,4096,0,0,1.0,0.0,0.0,0,0.0,0.3453522632954359,0.0,0.3453522632954359,1.4211482387259715e-06,0.9996603691358351,4096,0,0,1.0,0.0,0.0,0,0.0,0.3453522632954359,0.0,0.15464773670456405,0.00016908350707404022,0.3414915167918075,4096,0,0,1.0,0.0,0.0,0,0.0,0.15464773670456405,0.0,0.140841441309391,1.4206577137024406e-05,0.0,0.0,0.0
1020,0.6375000000000001,3.722519040634292e-15,1.1581846592889633e-12,1.1102230246251565e-16,0.28175476889353634,1.425679185103972e-06,0.9996574666054477,0.49999999999999994,1.1102230246251565e-16,0.5,0.0,0.3452643066806091,1.4256791851039823e-06,0.9996574666054476,4096,0,0,1.0,0.0,0.0,0,0.0,0.3452643066806091,0.0,0.34526430668060903,1.425679185103972e-06,0.9996574666054477,4096,0,0,1.0,0.0,0.0,0,0.0,0.34526430668060903,0.0,0.15473569331939094,0.0001705299887499562,0.3416129312970422,4096,0,0,1.0,0.0,0.0,0,0.0,0.15473569331939094,0.0,0.14061985623224865,1.4251840427851538e-05,0.0,0.0,0.0
1021,0.638125,3.7222674558164e-15,1.1510792319313623e-12,0.0,0.2817254961042209,1.4303584166833451e-06,0.999654509801336,0.5,0.0,0.5,0.0,0.3451764883126627,1.4303584166833555e-06,0.9996545098013359,4096,0,0,1.0,0.0,0.0,0,0.0,0.3451764883126627,0.0,0.3451764883126627,1.4303584166833451e-06,0.999654509801336,4096,0,0,1.0,0.0,0.0,0,0.0,0.3451764883126627,0.0,0.15482351168733727,0.00017200348335988017,0.34173381930878227,4096,0,0,1.0,0.0,0.0,0,0.0,0.15482351168733727,0.0,0.1403990510728314,1.4298585374146607e-05,0.0,0.0,3.469446951953614e-18
1022,0.63875,3.722246460589397e-15,1.1510792319313623e-12,0.0,0.2816962692348531,1.4351891937882981e-06,0.9996514975936074,0.5,0.0,0.5,0.0,0.3450888077045592,1.4351891937883085e-06,0.9996514975936073,4096,0,0,1.0,0.0,0.0,0,0.0,0.3450888077045592,0.0,0.3450888077045592,1.4351891937882981e-06,0.9996514975936074,4096,0,0,1.0,0.0,0.0,0,0.0,0.3450888077045592,0.0,0.15491119229544087,0.00017350455359297568,0.3418541844231959,4096,0,0,1.0,0.0,0.0,0,0.0,0.15491119229544087,0.0,0.14017902451570458,1.4346844541700475e-05,0.0,0.0,3.469446951953614e-18
1023,0.639375,3.723427773571883e-15,1.1510792319313623e-12,2.220446049250313e-16,0.2816670881233614,1.4401748145010457e-06,0.9996484288352993,0.5000000000000001,2.220446049250313e-16,0.5,0.0,0.3450012643700841,1.440174814501056e-06,0.9996484288352991,4096,0,0,1.0,0.0,0.0,0,0.0,0.3450012643700841,0.0,0.34500126437008416,1.4401748145010457e-06,0.9996484288352993,4096,0,0,1.0,0.0,0.0,0,0.0,0.34500126437008416,0.0,0.1549987356299159,0.00017503377064898354,0.34197403018825495,4096,0,0,1.0,0.0,0.0,0,0.0,0.1549987356299159,0.0,0.13995977524153103,1.4396650872799968e-05,0.0,0.0,6.938893903907228e-18
1024,0.64,3.725047573478166e-15,1.1510792319313623e-12,0.0,0.2816379526079497,1.4453186149146704e-06,0.999645302362222,0.5,0.0,0.5,0.0,0.344913857823849,1.4453186149146807e-06,0.9996453023622219,4096,0,0,1.0,0.0,0.0,0,0.0,0.344913857823849,0.0,0.3449138578238489,1.4453186149146704e-06,0.999645302362222,4096,0,0,1.0,0.0,0.0,0,0.0,0.3449138578238489,0.0,0.15508614217615108,0.0001765917143162434,0.34209336010402513,4096,0,0,1.0,0.0,0.0,0,0.0,0.15508614217615108,0.0,0.13974130192712444,1.4448037688721885e-05,0.0,0.0,0.0
1025,0.640625,3.725224523625096e-15,1.1510792319313623e-12,0.0,0.28160886252709777,1.450623969384805e-06,0.9996421169928034,0.5,0.0,0.5,0.0,0.3448265875812933,1.4506239693848153e-06,0.9996421169928033,4096,0,0,1.0,0.0,0.0,0,0.0,0.3448265875812933,0.0,0.3448265875812933,1.450623969384805e-06,0.9996421169928034,4096,0,0,1.0,0.0,0.0,0,0.0,0.3448265875812933,0.0,0.1551734124187067,0.00017817897304963514,0.34221217762296263,4096,0,0,1.0,0.0,0.0,0,0.0,0.1551734124187067,0.0,0.13952360324550206,1.4501038692214148e-05,0.0,0.0,0.0
1026,0.64125,3.7268412123491775e-15,1.1510792319313623e-12,0.0,0.2815798177195625,1.4560942907800396e-06,0.9996391073112,0.5,0.0,0.5,0.0,0.3447394531586874,1.4560942907800497e-06,0.9996391073111995,4096,0,0,1.0,0.0,0.0,0,0.0,0.3447394531586874,0.0,0.3447394531586874,1.4560942907800396e-06,0.9996391073112,4096,0,0,1.0,0.0,0.0,0,0.0,0.3447394531586874,0.0,0.15526054684131257,0.0001797182972543714,0.3423304861502183,4096,0,0,1.0,0.0,0.0,0,0.0,0.15526054684131257,0.0,0.13930667786593665,1.455568796996293e-05,0.0,0.0,3.469446951953614e-18
1027,0.641875,3.728952431400458e-15,1.1510792319313623e-12,0.0,0.2815508180243781,1.4617330307309495e-06,0.9996367112083386,0.5,0.0,0.5,0.0,0.3446524540731343,1.4617330307309594e-06,0.9996367112083382,4096,0,0,1.0,0.0,0.0,0,0.0,0.3446524540731343,0.0,0.34465245407313433,1.4617330307309495e-06,0.9996367112083386,4096,0,0,1.0,0.0,0.0,0,0.0,0.34465245407313433,0.0,0.15534754592686573,0.00018091352931504532,0.34244828904394875,4096,0,0,1.0,0.0,0.0,0,0.0,0.15534754592686573,0.0,0.1390905244540075,1.4612019995044832e-05,0.0,0.0,3.469446951953614e-18
1028,0.6425,3.731286126348802e-15,1.1581846592889633e-12,0.0,0.2815218632808573,1.4675436798776404e-06,0.9996342753209316,0.5,0.0,0.5,0.0,0.344565589842572,1.46754367987765e-06,0.9996342753209312,4096,0,0,1.0,0.0,0.0,0,0.0,0.344565589842572,0.0,0.3445655898425721,1.4675436798776404e-06,0.9996342753209316,4096,0,0,1.0,0.0,0.0,0,0.0,0.3445655898425721,0.0,0.15543441015742795,0.00018212856769398082,0.342565589615634,4096,0,0,1.0,0.0,0.0,0,0.0,0.15543441015742795,0.0,0.13887514167165085,1.4670069629362977e-05,0.0,0.0,3.469446951953614e-18
1029,0.6431250000000001,3.732258831967149e-15,1.1652900866465643e-12,0.0,0.28149295332859214,1.473529768115707e-06,0.9996317987455346,0.5,0.0,0.5,0.0,0.3444788599857764,1.4735297681157167e-06,0.9996317987455342,4096,0,0,1.0,0.0,0.0,0,0.0,0.3444788599857764,0.0,0.3444788599857764,1.473529768115707e-06,0.9996317987455346,4096,0,0,1.0,0.0,0.0,0,0.0,0.3444788599857764,0.0,0.15552114001422365,0.00018336386234834554,0.34268239113040194,4096,0,0,1.0,0.0,0.0,0,0.0,0.15552114001422365,0.0,0.13866052817720967,1.472987212606594e-05,0.0,0.0,0.0
1030,0.64375,3.7323932057251266e-15,1.1652900866465643e-12,0.0,0.28146408800745415,1.479694864840498e-06,0.9996292805640619,0.5,0.0,0.5,0.0,0.34439226402236245,1.4796948648405078e-06,0.9996292805640614,4096,0,0,1.0,0.0,0.0,0,0.0,0.34439226402236245,0.0,0.34439226402236245,1.479694864840498e-06,0.9996292805640619,4096,0,0,1.0,0.0,0.0,0,0.0,0.34439226402236245,0.0,0.15560773597763755,0.00018461987053639353,0.3427986968073588,4096,0,0,1.0,0.0,0.0,0,0.0,0.15560773597763755,0.0,0.13844668262548226,1.4791463131948432e-05,0.0,0.0,0.0
1031,0.644375,3.7344090528351346e-15,1.1723955140041653e-12,0.0,0.28143526715759576,1.486042579189579e-06,0.9996267198436383,0.5,0.0,0.5,0.0,0.3443058014727874,1.4860425791895887e-06,0.9996267198436378,4096,0,0,1.0,0.0,0.0,0,0.0,0.3443058014727874,0.0,0.3443058014727874,1.486042579189579e-06,0.9996267198436383,4096,0,0,1.0,0.0,0.0,0,0.0,0.3443058014727874,0.0,0.1556941985272126,0.00018589705689098888,0.3429145098199261,4096,0,0,1.0,0.0,0.0,0,0.0,0.1556941985272126,0.0,0.13823360366777068,1.485487868983258e-05,0.0,0.0,3.469446951953614e-18
1032,0.645,3.736278000038051e-15,1.1723955140041653e-12,0.0,0.28140649061945083,1.4925765602832821e-06,0.9996241156364527,0.5,0.0,0.5,0.0,0.3442194718583523,1.4925765602832917e-06,0.9996241156364523,4096,0,0,1.0,0.0,0.0,0,0.0,0.3442194718583523,0.0,0.34421947185835233,1.4925765602832821e-06,0.9996241156364527,4096,0,0,1.0,0.0,0.0,0,0.0,0.34421947185835233,0.0,0.15578052814164772,0.00018719589349324293,0.3430298332961834,4096,0,0,1.0,0.0,0.0,0,0.0,0.15578052814164772,0.0,0.13802128995192797,1.4920155240928737e-05,0.0,0.0,3.469446951953614e-18
1033,0.645625,3.739037024498626e-15,1.1723955140041653e-12,0.0,0.28137775823373484,1.4993004974632357e-06,0.9996214669796095,0.5,0.0,0.5,0.0,0.3441332747012045,1.499300497463245e-06,0.9996214669796091,4096,0,0,1.0,0.0,0.0,0,0.0,0.3441332747012045,0.0,0.3441332747012045,1.4993004974632357e-06,0.9996214669796095,4096,0,0,1.0,0.0,0.0,0,0.0,0.3441332747012045,0.0,0.15586672529879553,0.0001885168599462512,0.343144670319217,4096,0,0,1.0,0.0,0.0,0,0.0,0.15586672529879553,0.0,0.1378097401224051,1.4987329627174574e-05,0.0,0.0,0.0
1034,0.64625,3.7412582521269906e-15,1.1795009413617663e-12,0.0,0.2813490698414465,1.5062181205287554e-06,0.9996187728949811,0.5,0.0,0.5,0.0,0.3440472095243394,1.5062181205287645e-06,0.9996187728949807,4096,0,0,1.0,0.0,0.0,0,0.0,0.3440472095243394,0.0,0.34404720952433937,1.5062181205287554e-06,0.9996187728949811,4096,0,0,1.0,0.0,0.0,0,0.0,0.34404720952433937,0.0,0.15595279047566063,0.0001898604434489167,0.3432590239274742,4096,0,0,1.0,0.0,0.0,0,0.0,0.15595279047566063,0.0,0.13759895282029688,1.5056439093551384e-05,0.0,0.0,3.469446951953614e-18
1035,0.646875,3.744436195261169e-15,1.1795009413617663e-12,0.0,0.28132042528386764,1.5133331999709865e-06,0.9996160323890598,0.5,0.0,0.5,0.0,0.34396127585160297,1.5133331999709956e-06,0.9996160323890594,4096,0,0,1.0,0.0,0.0,0,0.0,0.34396127585160297,0.0,0.34396127585160297,1.5133331999709865e-06,0.9996160323890598,4096,0,0,1.0,0.0,0.0,0,0.0,0.34396127585160297,0.0,0.15603872414839703,0.000191227138869845,0.3433728971151228,4096,0,0,1.0,0.0,0.0,0,0.0,0.15603872414839703,0.0,0.1373889266833874,1.5127521290376365e-05,0.0,0.0,0.0
1036,0.6475,3.744938046671148e-15,1.1866063687193673e-12,0.0,0.2812918244025645,1.5206495472046804e-06,0.9996132444528096,0.5,0.0,0.5,0.0,0.3438754732076935,1.5206495472046895e-06,0.9996132444528092,4096,0,0,1.0,0.0,0.0,0,0.0,0.3438754732076935,0.0,0.3438754732076935,1.5206495472046804e-06,0.9996132444528096,4096,0,0,1.0,0.0,0.0,0,0.0,0.3438754732076935,0.0,0.15612452679230648,0.00019261744882129742,0.34348629283241633,4096,0,0,1.0,0.0,0.0,0,0.0,0.15612452679230648,0.0,0.1371796603461947,1.5200614275569658e-05,0.0,0.0,3.469446951953614e-18
1037,0.6481250000000001,3.74769095644938e-15,1.1866063687193673e-12,0.0,0.2812632670393879,1.5244326942194486e-06,0.9996104080615182,0.5,0.0,0.5,0.0,0.34378980111816376,1.5244326942194586e-06,0.9996104080615178,4096,0,0,1.0,0.0,0.0,0,0.0,0.34378980111816376,0.0,0.34378980111816376,1.5244326942194486e-06,0.9996104080615182,4096,0,0,1.0,0.0,0.0,0,0.0,0.34378980111816376,0.0,0.15621019888183624,0.00019403188373318727,0.3435992139860639,4096,0,0,1.0,0.0,0.0,0,0.0,0.15621019888183624,0.0,0.13697115244001473,1.5238178061330489e-05,0.0,0.0,0.0
1038,0.64875,3.74794320281952e-15,1.1866063687193673e-12,0.0,0.2812347530364743,1.5277968761842368e-06,0.9996075221746485,0.5,0.0,0.5,0.0,0.3437042591094229,1.5277968761842465e-06,0.9996075221746481,4096,0,0,1.0,0.0,0.0,0,0.0,0.3437042591094229,0.0,0.3437042591094228,1.5277968761842368e-06,0.9996075221746485,4096,0,0,1.0,0.0,0.0,0,0.0,0.3437042591094228,0.0,0.15629574089057716,0.00019547096192710427,0.34371166343960546,4096,0,0,1.0,0.0,0.0,0,0.0,0.15629574089057716,0.0,0.13676340159296504,1.5271772575869083e-05,0.0,0.0,3.469446951953614e-18
1039,0.649375,3.7490131937219e-15,1.1866063687193673e-12,0.0,0.2812062822362461,1.5312851022255626e-06,0.9996045857356903,0.5,0.0,0.5,0.0,0.3436188467087383,1.531285102225572e-06,0.9996045857356899,4096,0,0,1.0,0.0,0.0,0,0.0,0.3436188467087383,0.0,0.3436188467087383,1.5312851022255626e-06,0.9996045857356903,4096,0,0,1.0,0.0,0.0,0,0.0,0.3436188467087383,0.0,0.15638115329126165,0.0001969352096903522,0.34382364401379123,4096,0,0,1.0,0.0,0.0,0,0.0,0.15638115329126165,0.0,0.13655640643002706,1.5306606403543352e-05,0.0,0.0,0.0
1040,0.65,3.749098767641464e-15,1.1866063687193673e-12,0.0,0.28117785448141275,1.5349002671902475e-06,0.9996015976720121,0.5,0.0,0.5,0.0,0.34353356344423824,1.5349002671902569e-06,0.9996015976720116,4096,0,0,1.0,0.0,0.0,0,0.0,0.34353356344423824,0.0,0.34353356344423824,1.5349002671902475e-06,0.9996015976720121,4096,0,0,1.0,0.0,0.0,0,0.0,0.34353356344423824,0.0,0.1564664365557618,0.0001984251613499844,0.3439351584869663,4096,0,0,1.0,0.0,0.0,0,0.0,0.1564664365557618,0.0,0.13635016557308854,1.534270845772081e-05,0.0,0.0,3.469446951953614e-18
