method,species,step,time,minimum,maximum,mass,positive_cells,negative_cells,zero_cells,positive_fraction,negative_fraction,zero_fraction,material_negative_cells,material_negative_fraction,positive_integral,negative_integral
MF,c1,0,0.0,0.0,1.0,0.5,3520,0,576,0.859375,0.0,0.140625,0,0.0,0.5,0.0
MF,c1,1,0.000625,6.424818349075927e-37,1.000125991563297,0.49942563162096787,4096,0,0,1.0,0.0,0.0,0,0.0,0.49942563162096787,0.0
MF,c1,2,0.00125,3.033793521017045e-34,1.000268896523216,0.4988728571070914,4096,0,0,1.0,0.0,0.0,0,0.0,0.4988728571070914,0.0
MF,c1,3,0.001875,1.0583977259609065e-32,1.0004089837211863,0.4983400604317288,4096,0,0,1.0,0.0,0.0,0,0.0,0.4983400604317288,0.0
MF,c1,4,0.0025,1.2783747372331392e-31,1.000546258959327,0.497825797542237,4096,0,0,1.0,0.0,0.0,0,0.0,0.497825797542237,0.0
MF,c1,5,0.003125,8.638926418564238e-31,1.0006807337319286,0.49732877134355385,4096,0,0,1.0,0.0,0.0,0,0.0,0.49732877134355385,0.0
MF,c1,6,0.00375,4.043947079383943e-30,1.0008264766795594,0.496847811276853,4096,0,0,1.0,0.0,0.0,0,0.0,0.496847811276853,0.0
MF,c1,7,0.004375,1.4694502425379179e-29,1.0009734845559808,0.49638185649076,4096,0,0,1.0,0.0,0.0,0,0.0,0.49638185649076,0.0
MF,c1,8,0.005,4.436377455055175e-29,1.0011179563817536,0.4959299418487574,4096,0,0,1.0,0.0,0.0,0,0.0,0.4959299418487574,0.0
MF,c1,9,0.005625,1.1626985415483653e-28,1.0012598520011067,0.49549118619660065,4096,0,0,1.0,0.0,0.0,0,0.0,0.49549118619660065,0.0
MF,c1,10,0.00625,2.725660895845692e-28,1.0013991424340438,0.49506478244727076,4096,0,0,1.0,0.0,0.0,0,0.0,0.49506478244727076,0.0
MF,c1,11,0.006875,5.838696291419901e-28,1.0015358081079657,0.4946499891413343,4096,0,0,1.0,0.0,0.0,0,0.0,0.4946499891413343,0.0
MF,c1,12,0.0075,1.1610385106467714e-27,1.0016698374254112,0.49424612321645095,4096,0,0,1.0,0.0,0.0,0,0.0,0.49424612321645095,0.0
MF,c1,13,0.008125,2.1690232955759534e-27,1.0018012903163884,0.49385255377729,4096,0,0,1.0,0.0,0.0,0,0.0,0.49385255377729,0.0
MF,c1,14,0.00875,3.842475260355983e-27,1.0019333589035961,0.4934686967007042,4096,0,0,1.0,0.0,0.0,0,0.0,0.4934686967007042,0.0
MF,c1,15,0.009375,6.50267452102014e-27,1.0020631642809603,0.493094009943947,4096,0,0,1.0,0.0,0.0,0,0.0,0.493094009943947,0.0
MF,c1,16,0.01,1.0575254044896801e-26,1.0021906992293954,0.4927279894485971,4096,0,0,1.0,0.0,0.0,0,0.0,0.4927279894485971,0.0
MF,c1,17,0.010625,1.66081416361703e-26,1.0023159608465326,0.4923701655517474,4096,0,0,1.0,0.0,0.0,0,0.0,0.4923701655517474,0.0
MF,c1,18,0.01125,2.5289121189214503e-26,1.0024389499878605,0.49202009983058553,4096,0,0,1.0,0.0,0.0,0,0.0,0.49202009983058553,0.0
MF,c1,19,0.011875,-0.0006848981768750735,1.0025596707801732,0.4916773823180536,4094,2,0,0.99951171875,0.00048828125,0.0,2,0.00048828125,0.49167766107659605,-2.787585424397887e-07
MF,c1,20,0.0125,-0.0016274074295919727,1.0026781302018748,0.49134162903676776,4093,3,0,0.999267578125,0.000732421875,0.0,3,0.000732421875,0.4913424652813333,-8.362445655108283e-07
MF,c1,21,0.013125,-0.0022148668451686037,1.0027943377180533,0.49101247980643825,4092,4,0,0.9990234375,0.0009765625,0.0,4,0.0009765625,0.4910139631228034,-1.4833163651095707e-06
MF,c1,22,0.01375,-0.0025275063966759322,1.0029083049635812,0.4906895962870318,4092,4,0,0.9990234375,0.0009765625,0.0,4,0.0009765625,0.49069152355112844,-1.927264096618369e-06
MF,c1,23,0.014375,-0.0026326629077916717,1.0030200454722382,0.4903726602260095,4092,4,0,0.9990234375,0.0009765625,0.0,4,0.0009765625,0.49037481195814464,-2.1517321351765745e-06
MF,c1,24,0.015,-0.002600927651934328,1.0031384304483124,0.49006137188321625,4091,5,0,0.998779296875,0.001220703125,0.0,5,0.001220703125,0.49006364406497704,-2.272181760788925e-06
MF,c1,25,0.015625,-0.002471942233113778,1.0058804862568282,0.48975544861138787,4090,6,0,0.99853515625,0.00146484375,0.0,6,0.00146484375,0.4897577485249989,-2.2999136110439823e-06
MF,c1,26,0.01625,-0.0022669700045170093,1.0081844280123058,0.4894546235738027,4090,6,0,0.99853515625,0.00146484375,0.0,6,0.00146484375,0.4894568957798678,-2.2722060650953085e-06
MF,c1,27,0.016875,-0.0020157020576020363,1.0099514515975587,0.48915864458340425,4090,6,0,0.99853515625,0.00146484375,0.0,6,0.00146484375,0.4891607836338969,-2.1390504926345386e-06
MF,c1,28,0.0175,-0.0017412036799710976,1.0113097198457677,0.48886727304987887,4088,8,0,0.998046875,0.001953125,0.0,8,0.001953125,0.48886975579416225,-2.482744283405747e-06
MF,c1,29,0.018125,-0.0024628234850593692,1.0122873428015497,0.4885802830228465,4087,9,0,0.997802734375,0.002197265625,0.0,9,0.002197265625,0.48858321113488357,-2.928112037095438e-06
MF,c1,30,0.01875,-0.0032249650038747475,1.0128908622541792,0.488297460320674,4086,10,0,0.99755859375,0.00244140625,0.0,10,0.00244140625,0.48830091021291067,-3.4498922366524305e-06
MF,c1,31,0.019375,-0.00367197788100762,1.0131729031182932,0.48801860173558376,4086,10,0,0.99755859375,0.00244140625,0.0,10,0.00244140625,0.48802244576892,-3.844033336265236e-06
MF,c1,32,0.02,-0.003873956935895212,1.013182914151696,0.4877435143068012,4086,10,0,0.99755859375,0.00244140625,0.0,10,0.00244140625,0.48774749343927226,-3.979132471100574e-06
MF,c1,33,0.020625,-0.0039427564638904,1.0129668545374642,0.48747201465450996,4086,10,0,0.99755859375,0.00244140625,0.0,10,0.00244140625,0.4874759364568801,-3.921802370122575e-06
MF,c1,34,0.02125,-0.003860445419224999,1.0125669891775813,0.48720392836834475,4085,11,0,0.997314453125,0.002685546875,0.0,11,0.002685546875,0.4872077402275272,-3.8118591824547024e-06
MF,c1,35,0.021875000000000002,-0.003669189749677576,1.0120217801290983,0.48693908944503456,4083,13,0,0.996826171875,0.003173828125,0.0,13,0.003173828125,0.48694270031676684,-3.6108717322969375e-06
MF,c1,36,0.0225,-0.003403605611846113,1.011365861282549,0.4866773397705674,4082,14,0,0.99658203125,0.00341796875,0.0,14,0.00341796875,0.4866807611285434,-3.4213579760267933e-06
MF,c1,37,0.023125,-0.0030916484348836176,1.0106300835105038,0.4864185286428527,4084,12,0,0.9970703125,0.0029296875,0.0,12,0.0029296875,0.48642179080328035,-3.2621604276484656e-06
MF,c1,38,0.02375,-0.0027554731780946536,1.0098416180112701,0.48616251233131363,4083,13,0,0.996826171875,0.003173828125,0.0,13,0.003173828125,0.4861659021581417,-3.3898268280716027e-06
MF,c1,39,0.024375,-0.002412248929232168,1.011452509173132,0.4859091536701649,4081,15,0,0.996337890625,0.003662109375,0.0,15,0.003662109375,0.48591290575626983,-3.752086104924171e-06
MF,c1,40,0.025,-0.0031645603484471447,1.0136053191061032,0.48565832168236683,4081,15,0,0.996337890625,0.003662109375,0.0,15,0.003662109375,0.48566249533611217,-4.173653745346088e-06
MF,c1,41,0.025625000000000002,-0.0036812013869861556,1.0152428121314814,0.4854098912314342,4080,16,0,0.99609375,0.00390625,0.0,16,0.00390625,0.4854142496651737,-4.358433739537836e-06
MF,c1,42,0.02625,-0.003957572936009457,1.0164236036665018,0.48516374269847495,4080,16,0,0.99609375,0.00390625,0.0,16,0.00390625,0.4851683289037902,-4.586205315249787e-06
MF,c1,43,0.026875,-0.00404537980143086,1.0172035271826891,0.48491976168204753,4080,16,0,0.99609375,0.00390625,0.0,16,0.00390625,0.4849243668639847,-4.605181937196488e-06
MF,c1,44,0.0275,-0.003996311950021917,1.0176352860073485,0.4846778387186867,4080,16,0,0.99609375,0.00390625,0.0,16,0.00390625,0.48468230734417633,-4.46862548963813e-06
MF,c1,45,0.028125,-0.0039050421786208313,1.017768201105352,0.48443786902222336,4079,17,0,0.995849609375,0.004150390625,0.0,17,0.004150390625,0.48444214500316124,-4.2759809379123434e-06
MF,c1,46,0.02875,-0.0037227312059332227,1.0176480453942154,0.484199752240312,4079,17,0,0.995849609375,0.004150390625,0.0,17,0.004150390625,0.48420382930609684,-4.0770657848665815e-06
MF,c1,47,0.029375000000000002,-0.003476964569462716,1.017316954674086,0.48396339222683027,4079,17,0,0.995849609375,0.004150390625,0.0,17,0.004150390625,0.48396718607474126,-3.7938479110197865e-06
MF,c1,48,0.03,-0.0031903317148075845,1.0168134051594315,0.48372869682902614,4078,18,0,0.99560546875,0.00439453125,0.0,18,0.00439453125,0.48373217372542815,-3.476896401966788e-06
MF,c1,49,0.030625,-0.0028810200742033464,1.0161722478031412,0.4834955776884291,4078,18,0,0.99560546875,0.00439453125,0.0,18,0.00439453125,0.4834989722348067,-3.3945463775843603e-06
MF,c1,50,0.03125,-0.0025633859085771606,1.0154247900351328,0.4832639500546215,4079,17,0,0.995849609375,0.004150390625,0.0,17,0.004150390625,0.48326749991424806,-3.549859626496463e-06
MF,c1,51,0.031875,-0.002918543479852125,1.014598916133547,0.48303373261099986,4079,17,0,0.995849609375,0.004150390625,0.0,17,0.004150390625,0.48303768202602154,-3.949415021638914e-06
MF,c1,52,0.0325,-0.003435977736293631,1.0137192381528835,0.4828048473116527,4079,17,0,0.995849609375,0.004150390625,0.0,17,0.004150390625,0.4828090156669709,-4.168355318202964e-06
MF,c1,53,0.033125,-0.003741045660106943,1.0128072701049002,0.4825772192284782,4080,16,0,0.99609375,0.00390625,0.0,16,0.00390625,0.48258142908289603,-4.209854417891606e-06
MF,c1,54,0.03375,-0.0038757122711422665,1.0137427262077514,0.4823507764076761,4081,15,0,0.996337890625,0.003662109375,0.0,15,0.003662109375,0.482354903132351,-4.126724674915438e-06
MF,c1,55,0.034375,-0.0038764613018924384,1.0149866408298924,0.4821254497347835,4081,15,0,0.996337890625,0.003662109375,0.0,15,0.003662109375,0.4821295059400088,-4.05620522535342e-06
MF,c1,56,0.035,-0.003774659382986773,1.0158586119493915,0.48190117280749395,4080,16,0,0.99609375,0.00390625,0.0,16,0.00390625,0.4819051968745195,-4.0240670255225374e-06
MF,c1,57,0.035625000000000004,-0.0035969583282847765,1.0166592252049267,0.481677881815596,4079,17,0,0.995849609375,0.004150390625,0.0,17,0.004150390625,0.48168179238262887,-3.9105670328818385e-06
MF,c1,58,0.03625,-0.003365719342867594,1.0171787297495138,0.4814555154274719,4079,17,0,0.995849609375,0.004150390625,0.0,17,0.004150390625,0.48145922150951787,-3.706082045971648e-06
MF,c1,59,0.036875,-0.0031587184445600047,1.0174316783756947,0.481234014682706,4078,18,0,0.99560546875,0.00439453125,0.0,18,0.00439453125,0.481237453412435,-3.438729729044526e-06
MF,c1,60,0.0375,-0.0029326437848542046,1.0174553555742374,0.4810133228904455,4079,17,0,0.995849609375,0.004150390625,0.0,17,0.004150390625,0.4810164578118739,-3.134921428394058e-06
MF,c1,61,0.038125,-0.002684711187175494,1.0172841766169471,0.4807933855332151,4077,19,0,0.995361328125,0.004638671875,0.0,19,0.004638671875,0.48079629989243444,-2.9143592193361806e-06
MF,c1,62,0.03875,-0.0024262143306180294,1.016949706367006,0.480574150175928,4078,18,0,0.99560546875,0.00439453125,0.0,18,0.00439453125,0.4805771245698219,-2.9743938938595746e-06
MF,c1,63,0.039375,-0.002194574775178499,1.0164807106310154,0.48035556637984234,4078,18,0,0.99560546875,0.00439453125,0.0,18,0.00439453125,0.4803586851966106,-3.1188167683051406e-06
MF,c1,64,0.04,-0.0027557409116007437,1.0159032344187466,0.4801375856211949,4080,16,0,0.99609375,0.00390625,0.0,16,0.00390625,0.480140934807712,-3.3491865171834777e-06
MF,c1,65,0.040625,-0.003130194348386112,1.0152407019326029,0.4799201612142281,4079,17,0,0.995849609375,0.004150390625,0.0,17,0.004150390625,0.4799236567270178,-3.495512789673241e-06
MF,c1,66,0.04125,-0.003350960120795058,1.0145140335939684,0.47970324823830074,4080,16,0,0.99609375,0.00390625,0.0,16,0.00390625,0.4797067712574348,-3.5230191340766185e-06
MF,c1,67,0.041875,-0.0034471636181194966,1.0137417758987335,0.47948680346876155,4080,16,0,0.99609375,0.00390625,0.0,16,0.00390625,0.4794903354135643,-3.5319448027604087e-06
MF,c1,68,0.0425,-0.003444252604530424,1.0129402403877559,0.4792707853112722,4081,15,0,0.996337890625,0.003662109375,0.0,15,0.003662109375,0.4792742961301267,-3.510818854456208e-06
MF,c1,69,0.043125000000000004,-0.0033642475019260987,1.0125322565395445,0.47905515373928653,4082,14,0,0.99658203125,0.00341796875,0.0,14,0.00341796875,0.47905855843166933,-3.40469238275091e-06
MF,c1,70,0.043750000000000004,-0.0032260100150466606,1.0135338056745522,0.47883987023442864,4083,13,0,0.996826171875,0.003173828125,0.0,13,0.003173828125,0.4788431078514965,-3.23761706781017e-06
MF,c1,71,0.044375,-0.003045521384847944,1.01424500605986,0.4786248977295583,4083,13,0,0.996826171875,0.003173828125,0.0,13,0.003173828125,0.478627924721979,-3.026992420736518e-06
MF,c1,72,0.045,-0.0028361628158074356,1.0146998027974472,0.4784102005543609,4082,14,0,0.99658203125,0.00341796875,0.0,14,0.00341796875,0.4784130003655003,-2.799811139296784e-06
MF,c1,73,0.045625,-0.002608991879840931,1.0149299415869024,0.4781957443833389,4084,12,0,0.9970703125,0.0029296875,0.0,12,0.0029296875,0.47819834954355644,-2.6051602175286617e-06
MF,c1,74,0.04625,-0.0023730099098301064,1.0149649521335151,0.47798149618611474,4084,12,0,0.9970703125,0.0029296875,0.0,12,0.0029296875,0.47798389698555205,-2.4007994372851163e-06
MF,c1,75,0.046875,-0.0021354165253015117,1.014832157452797,0.4777674241799727,4085,11,0,0.997314453125,0.002685546875,0.0,11,0.002685546875,0.4777696103428187,-2.186162846013419e-06
MF,c1,76,0.0475,-0.0019394231472188639,1.0145567052799653,0.47755349778456874,4084,12,0,0.9970703125,0.0029296875,0.0,12,0.0029296875,0.4775556617256447,-2.163941075966153e-06
MF,c1,77,0.048125,-0.0017580562494774908,1.0141616180438866,0.477339687578733,4084,12,0,0.9970703125,0.0029296875,0.0,12,0.0029296875,0.4773419947983551,-2.3072196220818403e-06
MF,c1,78,0.04875,-0.0016867227056191645,1.013667858149896,0.47712596525926954,4086,10,0,0.99755859375,0.00244140625,0.0,10,0.00244140625,0.47712833353344386,-2.3682741743435104e-06
MF,c1,79,0.049375,-0.002076910293153425,1.0131443620630105,0.4769123036016416,4086,10,0,0.99755859375,0.00244140625,0.0,10,0.00244140625,0.47691467313996144,-2.3695383198544387e-06
MF,c1,80,0.05,-0.002342521218847059,1.0127346490669005,0.4766986764224148,4086,10,0,0.99755859375,0.00244140625,0.0,10,0.00244140625,0.4767010880855857,-2.4116631708632385e-06
MF,c1,81,0.050625,-0.002504853558346628,1.0122567866511274,0.47648505854331863,4085,11,0,0.997314453125,0.002685546875,0.0,11,0.002685546875,0.47648756409537424,-2.5055520556564925e-06
MF,c1,82,0.051250000000000004,-0.0025827052288040753,1.0117254126455792,0.4762714257567874,4085,11,0,0.997314453125,0.002685546875,0.0,11,0.002685546875,0.4762739915252352,-2.565768447815907e-06
MF,c1,83,0.051875000000000004,-0.0025983235320124016,1.0111535996131102,0.4760577547928517,4084,12,0,0.9970703125,0.0029296875,0.0,12,0.0029296875,0.4760603166422472,-2.5618493955368998e-06
MF,c1,84,0.0525,-0.002569217876918486,1.010552948417825,0.4758440232872654,4084,12,0,0.9970703125,0.0029296875,0.0,12,0.0029296875,0.4758465343714503,-2.5110841849516307e-06
MF,c1,85,0.053125,-0.0024973849193968625,1.009933683191081,0.4756302097507764,4085,11,0,0.997314453125,0.002685546875,0.0,11,0.002685546875,0.4756326273195647,-2.4175687882212486e-06
MF,c1,86,0.05375,-0.002393203605205543,1.0099241739286766,0.4754162935394798,4085,11,0,0.997314453125,0.002685546875,0.0,11,0.002685546875,0.47541858566062173,-2.2921211419088803e-06
MF,c1,87,0.054375,-0.0022654759607797126,1.0106238789357678,0.4752022548262082,4085,11,0,0.997314453125,0.002685546875,0.0,11,0.002685546875,0.4752043985347443,-2.1437085360498982e-06
MF,c1,88,0.055,-0.002121590643962114,1.0111211296670162,0.4749880745729417,4085,11,0,0.997314453125,0.002685546875,0.0,11,0.002685546875,0.47499005505744085,-1.980484499203259e-06
MF,c1,89,0.055625,-0.0019676794906175964,1.0114386436539946,0.47477373450422705,4085,11,0,0.997314453125,0.002685546875,0.0,11,0.002685546875,0.4747755435966096,-1.8090923825499843e-06
MF,c1,90,0.05625,-0.001808765517766941,1.0115976151461894,0.4745592170816076,4086,10,0,0.99755859375,0.00244140625,0.0,10,0.00244140625,0.4745608648584766,-1.6477768689947022e-06
MF,c1,91,0.056875,-0.0016489012950844735,1.011617735410805,0.47434450547905666,4086,10,0,0.99755859375,0.00244140625,0.0,10,0.00244140625,0.47434602567651374,-1.5201974570757468e-06
MF,c1,92,0.0575,-0.0014912969909979799,1.0115172235940242,0.47412958355940577,4089,7,0,0.998291015625,0.001708984375,0.0,7,0.001708984375,0.4741309844747543,-1.4009153485427874e-06
MF,c1,93,0.058125,-0.001338437736648599,1.0113128664127478,0.4739144358517399,4088,8,0,0.998046875,0.001953125,0.0,8,0.001953125,0.47391575105573297,-1.3152039930341423e-06
MF,c1,94,0.058750000000000004,-0.0011921902324663592,1.01102006510005,0.4736990475297236,4089,7,0,0.998291015625,0.001708984375,0.0,7,0.001708984375,0.4737003575983195,-1.3100685959201267e-06
MF,c1,95,0.059375000000000004,-0.0010538987514653235,1.0106528881693622,0.4734834043908006,4088,8,0,0.998046875,0.001953125,0.0,8,0.001953125,0.47348469921925385,-1.29482845323911e-06
MF,c1,96,0.06,-0.0013032645164891845,1.0102241287092566,0.4732674928362066,4087,9,0,0.997802734375,0.002197265625,0.0,9,0.002197265625,0.47326890021150314,-1.4073752965383727e-06
MF,c1,97,0.060625,-0.0015099477251625515,1.0097453650529231,0.4730512998517185,4087,9,0,0.997802734375,0.002197265625,0.0,9,0.002197265625,0.4730528063034151,-1.506451696553822e-06
MF,c1,98,0.06125,-0.0016501635618146628,1.009227023803487,0.4728348129890717,4087,9,0,0.997802734375,0.002197265625,0.0,9,0.002197265625,0.4728363690762847,-1.5560872129800836e-06
MF,c1,99,0.061875,-0.0017350639141233343,1.0086784443138628,0.47261802034797307,4087,9,0,0.997802734375,0.002197265625,0.0,9,0.002197265625,0.4726195862669318,-1.5659189587508662e-06
MF,c1,100,0.0625,-0.0017744594264464076,1.0081079438382237,0.4724009105586514,4087,9,0,0.997802734375,0.002197265625,0.0,9,0.002197265625,0.4724024547953807,-1.544236729307394e-06
MF,c1,101,0.063125,-0.0017769265258685812,1.0078819859461972,0.4721834727648959,4087,9,0,0.997802734375,0.002197265625,0.0,9,0.002197265625,0.4721849708878897,-1.4981229937987194e-06
MF,c1,102,0.06375,-0.0017499135170807277,1.007895820265801,0.4719656966075506,4087,9,0,0.997802734375,0.002197265625,0.0,9,0.002197265625,0.4719671301918767,-1.4335843260909233e-06
MF,c1,103,0.064375,-0.0016998442579493655,1.007908201499931,0.47174757220844565,4087,9,0,0.997802734375,0.002197265625,0.0,9,0.002197265625,0.4717489278823216,-1.3556738759013593e-06
MF,c1,104,0.065,-0.0016322182160998877,1.0079191195666957,0.4715290901547594,4086,10,0,0.99755859375,0.00244140625,0.0,10,0.00244140625,0.47153037142835635,-1.2812735969164023e-06
MF,c1,105,0.065625,-0.001551705972142262,1.007928563473693,0.47131024148381795,4086,10,0,0.99755859375,0.00244140625,0.0,10,0.00244140625,0.47131146812842717,-1.2266446092385778e-06
MF,c1,106,0.06625,-0.0014622394753206315,1.0079365212536366,0.4710910176683434,4087,9,0,0.997802734375,0.002197265625,0.0,9,0.002197265625,0.47109218110019174,-1.1634318483746235e-06
MF,c1,107,0.066875,-0.0013670965699482734,1.0079429799025097,0.4708714106021671,4087,9,0,0.997802734375,0.002197265625,0.0,9,0.002197265625,0.47087250419972954,-1.0935975624547242e-06
MF,c1,108,0.0675,-0.0012689794962776506,1.0079479253169725,0.4706514125864218,4087,9,0,0.997802734375,0.002197265625,0.0,9,0.002197265625,0.47065243027838466,-1.0176919628404823e-06
MF,c1,109,0.068125,-0.0011700872274346872,1.0079513422340332,0.47043101631622286,4088,8,0,0.998046875,0.001953125,0.0,8,0.001953125,0.47043196969700196,-9.533807790990237e-07
MF,c1,110,0.06875,-0.0010721816364480299,1.0079532141729792,0.4702102148678428,4089,7,0,0.998291015625,0.001708984375,0.0,7,0.001708984375,0.47021110516167003,-8.902938272341184e-07
MF,c1,111,0.069375,-0.000976647595589112,1.0079535233766312,0.4699890016863721,4090,6,0,0.99853515625,0.00146484375,0.0,6,0.00146484375,0.4699898269228491,-8.252364769922264e-07
MF,c1,112,0.07,-0.0008845471962861129,1.007952250755179,0.4697673705738532,4091,5,0,0.998779296875,0.001220703125,0.0,5,0.001220703125,0.469768135444927,-7.648710737476846e-07
MF,c1,113,0.07062500000000001,-0.0007966683442372159,1.0079493758306397,0.46954531567786506,4091,5,0,0.998779296875,0.001220703125,0.0,5,0.001220703125,0.4695460180241754,-7.023463103094595e-07
MF,c1,114,0.07125000000000001,-0.0007135680331182366,1.0079448766838635,0.4693228314805271,4091,5,0,0.998779296875,0.001220703125,0.0,5,0.001220703125,0.4693234706940074,-6.39213480337869e-07
MF,c1,115,0.07187500000000001,-0.0006356106339302416,1.0079387299008318,0.4690999127878899,4091,5,0,0.998779296875,0.001220703125,0.0,5,0.001220703125,0.4691004894923141,-5.767044241588696e-07
MF,c1,116,0.0725,-0.0005630015577039795,1.0079309105214669,0.46887655471967477,4091,5,0,0.998779296875,0.001220703125,0.0,5,0.001220703125,0.4688770704969655,-5.157772907262889e-07
MF,c1,117,0.073125,-0.0004958166591709267,1.0079213919889878,0.4686527526993266,4090,6,0,0.99853515625,0.00146484375,0.0,6,0.00146484375,0.46865324073676606,-4.880374394542565e-07
MF,c1,118,0.07375,-0.0004340277499964181,1.0079101461017164,0.4684285024443461,4089,7,0,0.998291015625,0.001708984375,0.0,7,0.001708984375,0.46842902260074637,-5.201564002300742e-07
MF,c1,119,0.074375,-0.0004258244797834306,1.0078971429641226,0.46820379995687206,4089,7,0,0.998291015625,0.001708984375,0.0,7,0.001708984375,0.4682043378775186,-5.379206465184068e-07
MF,c1,120,0.075,-0.0005253790910357523,1.0078823509399537,0.4679786415144921,4090,6,0,0.99853515625,0.00146484375,0.0,6,0.00146484375,0.46797918423058393,-5.427160918379238e-07
MF,c1,121,0.075625,-0.0005981486862979475,1.0078657366074204,0.4677530236612644,4090,6,0,0.99853515625,0.00146484375,0.0,6,0.00146484375,0.46775356519909345,-5.415378290119535e-07
MF,c1,122,0.07625,-0.000648377551211497,1.0078472647135897,0.4675269431989429,4090,6,0,0.99853515625,0.00146484375,0.0,6,0.00146484375,0.46752747524787885,-5.320489359435086e-07
MF,c1,123,0.076875,-0.0006797917011715352,1.007826898131116,0.46730039717840116,4090,6,0,0.99853515625,0.00146484375,0.0,6,0.00146484375,0.46730091326506695,-5.160866657743066e-07
MF,c1,124,0.0775,-0.0006956476755685168,1.0078045978154158,0.46707338289126066,4090,6,0,0.99853515625,0.00146484375,0.0,6,0.00146484375,0.4670738780996416,-4.952083809673159e-07
MF,c1,125,0.078125,-0.000703913890852163,1.0077803227641464,0.4668458978617266,4089,7,0,0.998291015625,0.001708984375,0.0,7,0.001708984375,0.4668463804977083,-4.826359817341477e-07
MF,c1,126,0.07875,-0.0007025164547445416,1.0077540299758756,0.4666179398386436,4089,7,0,0.998291015625,0.001708984375,0.0,7,0.001708984375,0.4666184162680474,-4.7642940379802155e-07
MF,c1,127,0.079375,-0.0006915719002326892,1.0077256744110403,0.4663895067877781,4088,8,0,0.998046875,0.001953125,0.0,8,0.001953125,0.4663899768464544,-4.7005867633575325e-07
MF,c1,128,0.08,-0.000673128816696464,1.0076952089533453,0.46616059688433836,4088,8,0,0.998046875,0.001953125,0.0,8,0.001953125,0.4661610576786703,-4.6079433192989027e-07
MF,c1,129,0.080625,-0.0006489338502611973,1.007662584373429,0.46593120850573816,4088,8,0,0.998046875,0.001953125,0.0,8,0.001953125,0.4659316539495302,-4.4544379199441164e-07
MF,c1,130,0.08125,-0.000620466659443728,1.0076277492917602,0.46570134022460846,4088,8,0,0.998046875,0.001953125,0.0,8,0.001953125,0.4657017657112594,-4.25486650851808e-07
MF,c1,131,0.081875,-0.0005889718487500069,1.0075906501435101,0.46547099080205667,4088,8,0,0.998046875,0.001953125,0.0,8,0.001953125,0.46547139296715656,-4.0216509993288224e-07
MF,c1,132,0.0825,-0.0005554879987188477,1.007551231145405,0.4652401591811696,4089,7,0,0.998291015625,0.001708984375,0.0,7,0.001708984375,0.46524053784692976,-3.7866576014476287e-07
MF,c1,133,0.083125,-0.000520873932020169,1.0075094342618525,0.465008844480755,4090,6,0,0.99853515625,0.00146484375,0.0,6,0.00146484375,0.4650092001683636,-3.556876086030812e-07
MF,c1,134,0.08375,-0.0004858323700658723,1.0074651991733725,0.4647770459893066,4092,4,0,0.9990234375,0.0009765625,0.0,4,0.0009765625,0.464777381691396,-3.3570208935212094e-07
MF,c1,135,0.084375,-0.00045093114437309216,1.007418463245544,0.46454476315918425,4092,4,0,0.9990234375,0.0009765625,0.0,4,0.0009765625,0.46454507799711475,-3.148379304804412e-07
MF,c1,136,0.085,-0.00041662213209268077,1.0073691615002744,0.46431199560099046,4092,4,0,0.9990234375,0.0009765625,0.0,4,0.0009765625,0.4643122886986005,-2.930976100194591e-07
MF,c1,137,0.085625,-0.0003832580866886738,1.0073248515880062,0.46407874307812946,4092,4,0,0.9990234375,0.0009765625,0.0,4,0.0009765625,0.46407901404548074,-2.709673512729234e-07
MF,c1,138,0.08625000000000001,-0.0003511075331849878,1.0072852537378285,0.4638450055015313,4092,4,0,0.9990234375,0.0009765625,0.0,4,0.0009765625,0.4638452543413733,-2.4883984204782195e-07
MF,c1,139,0.08687500000000001,-0.0003203678935233645,1.0072434716052863,0.4636107829245283,4092,4,0,0.9990234375,0.0009765625,0.0,4,0.0009765625,0.4636110099521353,-2.270276070366263e-07
MF,c1,140,0.08750000000000001,-0.0002911770017419267,1.0071994399398636,0.4633760755378682,4092,4,0,0.9990234375,0.0009765625,0.0,4,0.0009765625,0.46337628131270225,-2.0577483408017136e-07
MF,c1,141,0.088125,-0.00026362316149368094,1.0071530911534332,0.46314088366485484,4092,4,0,0.9990234375,0.0009765625,0.0,4,0.0009765625,0.46314106893264634,-1.8526779150019916e-07
MF,c1,142,0.08875,-0.0002377538901670047,1.0071043552914751,0.4629052077566064,4092,4,0,0.9990234375,0.0009765625,0.0,4,0.0009765625,0.4629053734005738,-1.6564396747511723e-07
MF,c1,143,0.089375,-0.00021358348500465408,1.007053160004695,0.46266904838742506,4092,4,0,0.9990234375,0.0009765625,0.0,4,0.0009765625,0.4626691953874805,-1.4700005548633267e-07
MF,c1,144,0.09,-0.00019109953732946572,1.0069994305227383,0.46243240625027676,4092,4,0,0.9990234375,0.0009765625,0.0,4,0.0009765625,0.462432535649179,-1.293989022891669e-07
MF,c1,145,0.090625,-0.00017026851157711815,1.006943089627287,0.4621952821523767,4093,3,0,0.999267578125,0.000732421875,0.0,3,0.000732421875,0.46219539679726523,-1.1464488854049727e-07
MF,c1,146,0.09125,-0.00015104049644539588,1.0068840576273446,0.4619576770108826,4093,3,0,0.999267578125,0.000732421875,0.0,3,0.000732421875,0.4619577786876112,-1.0167672859013465e-07
MF,c1,147,0.091875,-0.00013335322629913133,1.0068222523350991,0.46171959184869954,4093,3,0,0.999267578125,0.000732421875,0.0,3,0.000732421875,0.4617196814934101,-8.964471052709577e-08
MF,c1,148,0.0925,-0.00011713546209052089,1.006757589044048,0.46148102779039624,4093,3,0,0.999267578125,0.000732421875,0.0,3,0.000732421875,0.46148110631318884,-7.852279253922457e-08
MF,c1,149,0.093125,-0.00010230981258160313,1.0066899805066922,0.46124198605823896,4093,3,0,0.999267578125,0.000732421875,0.0,3,0.000732421875,0.4612420543355141,-6.827727514866371e-08
MF,c1,150,0.09375,-8.879506862982817e-05,1.0066193369145726,0.46100246796834443,4093,3,0,0.999267578125,0.000732421875,0.0,3,0.000732421875,0.4610025268371881,-5.886884372118763e-08
MF,c1,151,0.094375,-7.650811577844558e-05,1.006545565879051,0.460762474926957,4093,3,0,0.999267578125,0.000732421875,0.0,3,0.000732421875,0.4607625251812293,-5.0254272310772645e-08
MF,c1,152,0.095,-6.536548338715273e-05,1.0064685724144953,0.46052200842684843,4093,3,0,0.999267578125,0.000732421875,0.0,3,0.000732421875,0.46052205081468184,-4.2387833404695585e-08
MF,c1,153,0.095625,-5.5284582063124656e-05,1.0063882589212123,0.46028107004384544,4092,4,0,0.9990234375,0.0009765625,0.0,4,0.0009765625,0.46028110619742035,-3.6153574887926286e-08
MF,c1,154,0.09625,-4.618467520157174e-05,1.006304525170853,0.4600396614334799,4092,4,0,0.9990234375,0.0009765625,0.0,4,0.0009765625,0.4600396961019518,-3.4668471870652704e-08
MF,c1,155,0.096875,-4.040619229206618e-05,1.0062172682929795,0.45979778432776386,4092,4,0,0.9990234375,0.0009765625,0.0,4,0.0009765625,0.45979781699783456,-3.267007065832098e-08
MF,c1,156,0.0975,-5.251994514500902e-05,1.0061263827628368,0.459555440532083,4092,4,0,0.9990234375,0.0009765625,0.0,4,0.0009765625,0.4595554708144598,-3.028237681780191e-08
MF,c1,157,0.098125,-6.13529718938138e-05,1.0060402127852137,0.45931263192220567,4092,4,0,0.9990234375,0.0009765625,0.0,4,0.0009765625,0.4593126595313182,-2.7609112590377913e-08
MF,c1,158,0.09875,-6.743482023952472e-05,1.0059705798553646,0.4590693604414017,4092,4,0,0.9990234375,0.0009765625,0.0,4,0.0009765625,0.4590693851778571,-2.4736455440400084e-08
MF,c1,159,0.099375,-7.122500897063394e-05,1.0058979968479411,0.45882562809766486,4092,4,0,0.9990234375,0.0009765625,0.0,4,0.0009765625,0.4588256498331195,-2.173545466090789e-08
MF,c1,160,0.1,-7.312106222045751e-05,1.005858169307024,0.4585814369610322,4093,3,0,0.999267578125,0.000732421875,0.0,3,0.000732421875,0.458581457221321,-2.0260288724762146e-08
MF,c1,161,0.100625,-7.346574813513812e-05,1.0058271526194362,0.4583367891609928,4093,3,0,0.999267578125,0.000732421875,0.0,3,0.000732421875,0.4583368110782913,-2.19172984650313e-08
MF,c1,162,0.10125,-7.255358504029245e-05,1.005795007589929,0.4580916868839807,4093,3,0,0.999267578125,0.000732421875,0.0,3,0.000732421875,0.4580917096572291,-2.2773248386415522e-08
MF,c1,163,0.10187500000000001,-7.063667535701785e-05,1.0057617073345357,0.4578461323709441,4094,2,0,0.99951171875,0.00048828125,0.0,2,0.00048828125,0.4578461561468035,-2.377585938834908e-08
MF,c1,164,0.10250000000000001,-6.792992460414115e-05,1.0057272238175692,0.4576001279149861,4094,2,0,0.99951171875,0.00048828125,0.0,2,0.00048828125,0.4576001520854526,-2.417046650595345e-08
MF,c1,165,0.10312500000000001,-6.461569960649103e-05,1.0056915278232899,0.4573536758590714,4094,2,0,0.99951171875,0.00048828125,0.0,2,0.00048828125,0.45735369991617714,-2.405710575504106e-08
MF,c1,166,0.10375000000000001,-6.084797672734008e-05,1.0056545889286073,0.4571067785937936,4094,2,0,0.99951171875,0.00048828125,0.0,2,0.00048828125,0.4571068021281443,-2.3534350721966114e-08
MF,c1,167,0.104375,-5.675602766709731e-05,1.0056163754745218,0.45685943855520317,4094,2,0,0.99951171875,0.00048828125,0.0,2,0.00048828125,0.45685946124142696,-2.268622377919603e-08
MF,c1,168,0.105,-5.24476869871657e-05,1.0055768545386583,0.4566116582226889,4094,2,0,0.99951171875,0.00048828125,0.0,2,0.00048828125,0.456611679806727,-2.15840381334083e-08
MF,c1,169,0.105625,-4.8012242317862275e-05,1.0055359919077658,0.4563634401169151,4094,2,0,0.99951171875,0.00048828125,0.0,2,0.00048828125,0.45636346040494863,-2.028803352399929e-08
MF,c1,170,0.10625,-4.3522985024935256e-05,1.0054937520502114,0.45611478679781187,4094,2,0,0.99951171875,0.00048828125,0.0,2,0.00048828125,0.45611480564663753,-1.8848825638467455e-08
MF,c1,171,0.106875,-3.903945605456026e-05,1.0054500980896468,0.4558657008626183,4094,2,0,0.99951171875,0.00048828125,0.0,2,0.00048828125,0.455865718171306,-1.730868775991898e-08
MF,c1,172,0.1075,-3.460941879962062e-05,1.0054049917775918,0.45561618494398004,4094,2,0,0.99951171875,0.00048828125,0.0,2,0.00048828125,0.4556162006466617,-1.570268168836696e-08
MF,c1,173,0.108125,-3.02705880258913e-05,1.0053583934672539,0.45536624170810036,4094,2,0,0.99951171875,0.00048828125,0.0,2,0.00048828125,0.4553662557677539,-1.4059653532391548e-08
MF,c1,174,0.10875,-2.6052141330862063e-05,1.0053102620874632,0.4551158738529475,4094,2,0,0.99951171875,0.00048828125,0.0,2,0.00048828125,0.45511588625605603,-1.2403108635704679e-08
MF,c1,175,0.109375,-2.2064067290233817e-05,1.0052605551167673,0.4548650841065168,4094,2,0,0.99951171875,0.00048828125,0.0,2,0.00048828125,0.4548650948584954,-1.0751978624872435e-08
MF,c1,176,0.11,-1.930265244294986e-05,1.0052092285588372,0.4546138752251521,4094,2,0,0.99951171875,0.00048828125,0.0,2,0.00048828125,0.45461388434644445,-9.121292370022238e-09
MF,c1,177,0.110625,-1.6503911111342816e-05,1.005156236916964,0.4543622499919231,4094,2,0,0.99951171875,0.00048828125,0.0,2,0.00048828125,0.4543622575146846,-7.522761549182295e-09
MF,c1,178,0.11125,-1.3697726969612525e-05,1.005101533169927,0.45411021121506223,4094,2,0,0.99951171875,0.00048828125,0.0,2,0.00048828125,0.4541102171803527,-5.965290461530385e-09
MF,c1,179,0.111875,-1.0907775495410854e-05,1.00504506874814,0.4538577617264602,4094,2,0,0.99951171875,0.00048828125,0.0,2,0.00048828125,0.45385776618187895,-4.455418792386127e-09
MF,c1,180,0.1125,-8.152457738269247e-06,1.0049867935101127,0.45360490438021844,4094,2,0,0.99951171875,0.00048828125,0.0,2,0.00048828125,0.4536049073779236,-2.9977051509494355e-09
MF,c1,181,0.113125,-5.4457117071915815e-06,1.0049266557203482,0.45335164205126055,4094,2,0,0.99951171875,0.00048828125,0.0,2,0.00048828125,0.45335164364631897,-1.5950583948825292e-09
MF,c1,182,0.11375,-2.797715738798405e-06,1.0048646020265155,0.4530979776339989,4095,1,0,0.999755859375,0.000244140625,0.0,1,0.000244140625,0.45309797831703497,-6.830360690425793e-10
MF,c1,183,0.114375,-2.1549668837511362e-07,1.0048005774381237,0.45284391404105595,4095,1,0,0.999755859375,0.000244140625,0.0,1,0.000244140625,0.4528439140936674,-5.261149618533047e-11
MF,c1,184,0.115,8.089628602508195e-22,1.0047345253056208,0.4525894542020386,4096,0,0,1.0,0.0,0.0,0,0.0,0.4525894542020386,0.0
MF,c1,185,0.115625,8.176197277843432e-22,1.004666387299959,0.45233460106236306,4096,0,0,1.0,0.0,0.0,0,0.0,0.45233460106236306,0.0
MF,c1,186,0.11625,8.268192146340507e-22,1.004619622899152,0.452079357582127,4096,0,0,1.0,0.0,0.0,0,0.0,0.452079357582127,0.0
MF,c1,187,0.116875,8.369016691447398e-22,1.0045737168732491,0.4518237267350275,4096,0,0,1.0,0.0,0.0,0,0.0,0.4518237267350275,0.0
MF,c1,188,0.11750000000000001,8.479950441101017e-22,1.0045261765135935,0.45156771150732133,4096,0,0,1.0,0.0,0.0,0,0.0,0.45156771150732133,0.0
MF,c1,189,0.11812500000000001,8.602419792648946e-22,1.004476951960054,0.4513113148968253,4096,0,0,1.0,0.0,0.0,0,0.0,0.4513113148968253,0.0
MF,c1,190,0.11875000000000001,8.738014466152867e-22,1.0044259918719738,0.45105453991195343,4096,0,0,1.0,0.0,0.0,0,0.0,0.45105453991195343,0.0
MF,c1,191,0.11937500000000001,8.888505793620268e-22,1.0043732434088444,0.4507973895707891,4096,0,0,1.0,0.0,0.0,0,0.0,0.4507973895707891,0.0
MF,c1,192,0.12,9.055867042770903e-22,1.004318652212337,0.45053986690018843,4096,0,0,1.0,0.0,0.0,0,0.0,0.45053986690018843,0.0
MF,c1,193,0.120625,9.242295994691552e-22,1.004262162387728,0.4502819749349155,4096,0,0,1.0,0.0,0.0,0,0.0,0.4502819749349155,0.0
MF,c1,194,0.12125,9.450240017353083e-22,1.0042037164867323,0.45002371671680397,4096,0,0,1.0,0.0,0.0,0,0.0,0.45002371671680397,0.0
MF,c1,195,0.121875,9.682423902020508e-22,1.004143255490775,0.44976509529394615,4096,0,0,1.0,0.0,0.0,0,0.0,0.44976509529394615,0.0
MF,c1,196,0.1225,9.941880756998924e-22,1.0040807187949294,0.4495061137199073,4096,0,0,1.0,0.0,0.0,0,0.0,0.4495061137199073,0.0
MF,c1,197,0.123125,1.0231986283304127e-21,1.0040160441923511,0.44924677505296334,4096,0,0,1.0,0.0,0.0,0,0.0,0.44924677505296334,0.0
MF,c1,198,0.12375,1.055649678988372e-21,1.0039491678602017,0.44898708235536305,4096,0,0,1.0,0.0,0.0,0,0.0,0.44898708235536305,0.0
MF,c1,199,0.124375,1.0919591342389472e-21,1.0038800243451462,0.44872703869261166,4096,0,0,1.0,0.0,0.0,0,0.0,0.44872703869261166,0.0
MF,c1,200,0.125,1.1325918479166102e-21,1.0038085465503954,0.4484666471327775,4096,0,0,1.0,0.0,0.0,0,0.0,0.4484666471327775,0.0
MF,c1,201,0.12562500000000001,1.1780647971808472e-21,1.0037346657233392,0.44820591074582083,4096,0,0,1.0,0.0,0.0,0,0.0,0.44820591074582083,0.0
MF,c1,202,0.12625,1.2289528155362003e-21,1.0036583114439885,0.4479448326029443,4096,0,0,1.0,0.0,0.0,0,0.0,0.4479448326029443,0.0
MF,c1,203,0.12687500000000002,1.2858949405538704e-21,1.0036019572338033,0.4476834157759656,4096,0,0,1.0,0.0,0.0,0,0.0,0.4476834157759656,0.0
MF,c1,204,0.1275,1.3496014397484341e-21,1.0035517740224944,0.4474216633367128,4096,0,0,1.0,0.0,0.0,0,0.0,0.4474216633367128,0.0
MF,c1,205,0.128125,1.4208615843314143e-21,1.0034997358363618,0.4471595783564408,4096,0,0,1.0,0.0,0.0,0,0.0,0.4471595783564408,0.0
MF,c1,206,0.12875,1.472726422079762e-21,1.0034457856396195,0.44689716390527146,4096,0,0,1.0,0.0,0.0,0,0.0,0.44689716390527146,0.0
MF,c1,207,0.129375,1.5193800225043752e-21,1.0033898649648982,0.4466344230516548,4096,0,0,1.0,0.0,0.0,0,0.0,0.4466344230516548,0.0
MF,c1,208,0.13,1.5702703082659128e-21,1.0033319139013097,0.4463713588618538,4096,0,0,1.0,0.0,0.0,0,0.0,0.4463713588618538,0.0
MF,c1,209,0.130625,1.6258453195148957e-21,1.0032718710831725,0.4461079743994511,4096,0,0,1.0,0.0,0.0,0,0.0,0.4461079743994511,0.0
MF,c1,210,0.13125,1.6866006841964923e-21,1.0032096736792466,0.4458442727248773,4096,0,0,1.0,0.0,0.0,0,0.0,0.4458442727248773,0.0
MF,c1,211,0.131875,1.7530847169463117e-21,1.0031452573833526,0.44558025689496233,4096,0,0,1.0,0.0,0.0,0,0.0,0.44558025689496233,0.0
MF,c1,212,0.1325,1.8259040524130948e-21,1.0030785564046911,0.4453159299625071,4096,0,0,1.0,0.0,0.0,0,0.0,0.4453159299625071,0.0
MF,c1,213,0.133125,1.9057298667311926e-21,1.0030095034595852,0.44505129497587703,4096,0,0,1.0,0.0,0.0,0,0.0,0.44505129497587703,0.0
MF,c1,214,0.13375,1.993304746020122e-21,1.0029569805761938,0.44478635497861585,4096,0,0,1.0,0.0,0.0,0,0.0,0.44478635497861585,0.0
MF,c1,215,0.134375,2.089450266383253e-21,1.0029251489355508,0.4445211130090791,4096,0,0,1.0,0.0,0.0,0,0.0,0.4445211130090791,0.0
MF,c1,216,0.135,2.195075355979911e-21,1.002892523317783,0.4442555721000866,4096,0,0,1.0,0.0,0.0,0,0.0,0.4442555721000866,0.0
MF,c1,217,0.135625,2.3111855163896242e-21,1.002859083421442,0.4439897352785933,4096,0,0,1.0,0.0,0.0,0,0.0,0.4439897352785933,0.0
MF,c1,218,0.13625,2.4388929877071233e-21,1.0028248081739177,0.443723605565378,4096,0,0,1.0,0.0,0.0,0,0.0,0.443723605565378,0.0
MF,c1,219,0.136875,2.5794279496908817e-21,1.0027896757154502,0.4434571859747476,4096,0,0,1.0,0.0,0.0,0,0.0,0.4434571859747476,0.0
MF,c1,220,0.1375,2.734150859806923e-21,1.002753663383942,0.44319047951425816,4096,0,0,1.0,0.0,0.0,0,0.0,0.44319047951425816,0.0
MF,c1,221,0.138125,2.9045660383164353e-21,1.0027167476998302,0.4429234891844498,4096,0,0,1.0,0.0,0.0,0,0.0,0.4429234891844498,0.0
MF,c1,222,0.13875,3.0923366206322595e-21,1.0026789043511835,0.44265621797859606,4096,0,0,1.0,0.0,0.0,0,0.0,0.44265621797859606,0.0
MF,c1,223,0.139375,3.2993010081160014e-21,1.0026401081790361,0.44238866888246636,4096,0,0,1.0,0.0,0.0,0,0.0,0.44238866888246636,0.0
MF,c1,224,0.14,3.5274909603611105e-21,1.0026003331629765,0.4421208448741005,4096,0,0,1.0,0.0,0.0,0,0.0,0.4421208448741005,0.0
MF,c1,225,0.140625,3.7791514848835786e-21,1.002559552406856,0.4418527489235947,4096,0,0,1.0,0.0,0.0,0,0.0,0.4418527489235947,0.0
MF,c1,226,0.14125000000000001,4.0567626940790956e-21,1.0025265411775357,0.44158438399289895,4096,0,0,1.0,0.0,0.0,0,0.0,0.44158438399289895,0.0
MF,c1,227,0.141875,4.363063814449687e-21,1.0025027821414467,0.4413157530356241,4096,0,0,1.0,0.0,0.0,0,0.0,0.4413157530356241,0.0
MF,c1,228,0.14250000000000002,4.701079549418167e-21,1.0024782844327305,0.441046858996859,4096,0,0,1.0,0.0,0.0,0,0.0,0.441046858996859,0.0
MF,c1,229,0.143125,5.074149014779193e-21,1.002453027363752,0.44077770481299694,4096,0,0,1.0,0.0,0.0,0,0.0,0.44077770481299694,0.0
MF,c1,230,0.14375000000000002,5.422108460686427e-21,1.0024269895765332,0.44050829341157044,4096,0,0,1.0,0.0,0.0,0,0.0,0.44050829341157044,0.0
MF,c1,231,0.144375,5.776507136477447e-21,1.0024001490310468,0.4402386277110951,4096,0,0,1.0,0.0,0.0,0,0.0,0.4402386277110951,0.0
MF,c1,232,0.145,6.157046053264542e-21,1.0023724829936798,0.4399687106209215,4096,0,0,1.0,0.0,0.0,0,0.0,0.4399687106209215,0.0
MF,c1,233,0.145625,6.5655066292185575e-21,1.0023439680257453,0.4396985450410949,4096,0,0,1.0,0.0,0.0,0,0.0,0.4396985450410949,0.0
MF,c1,234,0.14625,7.00378266852564e-21,1.0023145799727096,0.4394281338622228,4096,0,0,1.0,0.0,0.0,0,0.0,0.4394281338622228,0.0
MF,c1,235,0.146875,7.47388696277671e-21,1.0022842939528391,0.4391574799653502,4096,0,0,1.0,0.0,0.0,0,0.0,0.4391574799653502,0.0
MF,c1,236,0.1475,7.977958246282833e-21,1.0022530843465893,0.4388865862218427,4096,0,0,1.0,0.0,0.0,0,0.0,0.4388865862218427,0.0
MF,c1,237,0.148125,8.518268521816926e-21,1.0022209247860878,0.4386154554932761,4096,0,0,1.0,0.0,0.0,0,0.0,0.4386154554932761,0.0
MF,c1,238,0.14875,9.097230773846397e-21,1.002187788144859,0.43834409063133495,4096,0,0,1.0,0.0,0.0,0,0.0,0.43834409063133495,0.0
MF,c1,239,0.149375,9.717407086914858e-21,1.0021536465278014,0.4380724944777172,4096,0,0,1.0,0.0,0.0,0,0.0,0.4380724944777172,0.0
MF,c1,240,0.15,1.0381517187428056e-20,1.00211847126143,0.43780066986404653,4096,0,0,1.0,0.0,0.0,0,0.0,0.43780066986404653,0.0
MF,c1,241,0.150625,1.0999166437537589e-20,1.0020822328843924,0.4375286196117924,4096,0,0,1.0,0.0,0.0,0,0.0,0.4375286196117924,0.0
MF,c1,242,0.15125,1.1648485237390962e-20,1.002044901138149,0.437256346532197,4096,0,0,1.0,0.0,0.0,0,0.0,0.437256346532197,0.0
MF,c1,243,0.151875,1.2351271555799632e-20,1.0020064449584571,0.4369838534262094,4096,0,0,1.0,0.0,0.0,0,0.0,0.4369838534262094,0.0
MF,c1,244,0.1525,1.3112639855634924e-20,1.0019668324664062,0.4367111430844268,4096,0,0,1.0,0.0,0.0,0,0.0,0.4367111430844268,0.0
MF,c1,245,0.153125,1.3938210124904537e-20,1.001926030960284,0.4364382182870433,4096,0,0,1.0,0.0,0.0,0,0.0,0.4364382182870433,0.0
MF,c1,246,0.15375,1.483415646468955e-20,1.0018840069076513,0.4361650818038051,4096,0,0,1.0,0.0,0.0,0,0.0,0.4361650818038051,0.0
MF,c1,247,0.154375,1.5807260108874414e-20,1.001858022623956,0.4358917363939728,4096,0,0,1.0,0.0,0.0,0,0.0,0.4358917363939728,0.0
MF,c1,248,0.155,1.6864967255343706e-20,1.0018335399028244,0.43561818480629044,4096,0,0,1.0,0.0,0.0,0,0.0,0.43561818480629044,0.0
MF,c1,249,0.155625,1.8015452118584058e-20,1.0018082061485545,0.4353444297789609,4096,0,0,1.0,0.0,0.0,0,0.0,0.4353444297789609,0.0
MF,c1,250,0.15625,1.9267685646110593e-20,1.0017819967701687,0.43507047403962795,4096,0,0,1.0,0.0,0.0,0,0.0,0.43507047403962795,0.0
MF,c1,251,0.15687500000000001,2.0631510375980753e-20,1.0017548865438235,0.43479632030536464,4096,0,0,1.0,0.0,0.0,0,0.0,0.43479632030536464,0.0
MF,c1,252,0.1575,2.2117721950032592e-20,1.0017268496056981,0.4345219712826668,4096,0,0,1.0,0.0,0.0,0,0.0,0.4345219712826668,0.0
MF,c1,253,0.15812500000000002,2.3738157837451778e-20,1.0016978594455357,0.43424742966745344,4096,0,0,1.0,0.0,0.0,0,0.0,0.43424742966745344,0.0
MF,c1,254,0.15875,2.5505793866352763e-20,1.0016678888997907,0.4339726981450721,4096,0,0,1.0,0.0,0.0,0,0.0,0.4339726981450721,0.0
MF,c1,255,0.15937500000000002,2.743484920676137e-20,1.0016369101454419,0.4336977793903094,4096,0,0,1.0,0.0,0.0,0,0.0,0.4336977793903094,0.0
MF,c1,256,0.16,2.9540900497726e-20,1.0016048946939615,0.43342267606740725,4096,0,0,1.0,0.0,0.0,0,0.0,0.43342267606740725,0.0
MF,c1,257,0.160625,3.184100586382535e-20,1.0015718133855451,0.43314739083008313,4096,0,0,1.0,0.0,0.0,0,0.0,0.43314739083008313,0.0
MF,c1,258,0.16125,3.4166806473782174e-20,1.00153763638362,0.4328719263215561,4096,0,0,1.0,0.0,0.0,0,0.0,0.4328719263215561,0.0
MF,c1,259,0.161875,3.647154923208651e-20,1.0015023331696333,0.4325962851745759,4096,0,0,1.0,0.0,0.0,0,0.0,0.4325962851745759,0.0
MF,c1,260,0.1625,3.892551197471214e-20,1.0014658725381358,0.43232047001145724,4096,0,0,1.0,0.0,0.0,0,0.0,0.43232047001145724,0.0
MF,c1,261,0.163125,4.1537674027269807e-20,1.001428222592165,0.43204448344411767,4096,0,0,1.0,0.0,0.0,0,0.0,0.43204448344411767,0.0
MF,c1,262,0.16375,4.4317511957814504e-20,1.0013893507389346,0.4317683280741193,4096,0,0,1.0,0.0,0.0,0,0.0,0.4317683280741193,0.0
MF,c1,263,0.164375,4.727502426162337e-20,1.0013675640985726,0.4314920064927137,4096,0,0,1.0,0.0,0.0,0,0.0,0.4314920064927137,0.0
MF,c1,264,0.165,5.0420757079639897e-20,1.0013455118725105,0.43121552128089125,4096,0,0,1.0,0.0,0.0,0,0.0,0.43121552128089125,0.0
MF,c1,265,0.165625,5.3765830981834404e-20,1.001322644905451,0.4309388750094323,4096,0,0,1.0,0.0,0.0,0,0.0,0.4309388750094323,0.0
MF,c1,266,0.16625,5.732196884650775e-20,1.0012989401055379,0.4306620702389626,4096,0,0,1.0,0.0,0.0,0,0.0,0.4306620702389626,0.0
MF,c1,267,0.166875,6.110152486701839e-20,1.0012743738578997,0.4303851095200108,4096,0,0,1.0,0.0,0.0,0,0.0,0.4303851095200108,0.0
MF,c1,268,0.1675,6.511751471739932e-20,1.0012489220205123,0.4301079953930699,4096,0,0,1.0,0.0,0.0,0,0.0,0.4301079953930699,0.0
MF,c1,269,0.168125,6.938364690840027e-20,1.001222559920279,0.42983073038865993,4096,0,0,1.0,0.0,0.0,0,0.0,0.42983073038865993,0.0
MF,c1,270,0.16875,7.391435536548909e-20,1.001195262349323,0.4295533170273946,4096,0,0,1.0,0.0,0.0,0,0.0,0.4295533170273946,0.0
MF,c1,271,0.169375,7.872483326028536e-20,1.0011811615418118,0.42927575782004956,4096,0,0,1.0,0.0,0.0,0,0.0,0.42927575782004956,0.0
MF,c1,272,0.17,8.290451604122563e-20,1.00117018269334,0.42899805526763357,4096,0,0,1.0,0.0,0.0,0,0.0,0.42899805526763357,0.0
MF,c1,273,0.170625,8.73331481578008e-20,1.001158869086606,0.42872021186146203,4096,0,0,1.0,0.0,0.0,0,0.0,0.42872021186146203,0.0
MF,c1,274,0.17125,9.209320985731049e-20,1.0011472121981495,0.4284422300832326,4096,0,0,1.0,0.0,0.0,0,0.0,0.4284422300832326,0.0
MF,c1,275,0.171875,9.721429156250564e-20,1.0011352032335905,0.42816411240510344,4096,0,0,1.0,0.0,0.0,0,0.0,0.42816411240510344,0.0
MF,c1,276,0.17250000000000001,1.0272864518537725e-19,1.001122833122991,0.42788586128977324,4096,0,0,1.0,0.0,0.0,0,0.0,0.42788586128977324,0.0
MF,c1,277,0.173125,1.0867141050437582e-19,1.0011100925158578,0.4276074791905638,4096,0,0,1.0,0.0,0.0,0,0.0,0.4276074791905638,0.0
MF,c1,278,0.17375000000000002,1.1508085951119712e-19,1.0010969717764786,0.4273289685515049,4096,0,0,1.0,0.0,0.0,0,0.0,0.4273289685515049,0.0
MF,c1,279,0.174375,1.2199866005370161e-19,1.0010834609792547,0.42705033180742047,4096,0,0,1.0,0.0,0.0,0,0.0,0.42705033180742047,0.0
MF,c1,280,0.17500000000000002,1.2947016019162213e-19,1.001069549904093,0.42677157138401844,4096,0,0,1.0,0.0,0.0,0,0.0,0.42677157138401844,0.0
MF,c1,281,0.175625,1.3754469477775469e-19,1.0010552280318792,0.42649268969798043,4096,0,0,1.0,0.0,0.0,0,0.0,0.42649268969798043,0.0
MF,c1,282,0.17625,1.462759158792504e-19,1.0010404845400185,0.426213689157056,4096,0,0,1.0,0.0,0.0,0,0.0,0.426213689157056,0.0
MF,c1,283,0.176875,1.5572214876181084e-19,1.0010253082980598,0.4259345721601565,4096,0,0,1.0,0.0,0.0,0,0.0,0.4259345721601565,0.0
MF,c1,284,0.1775,1.6594677527437735e-19,1.001009687863401,0.4256553410974531,4096,0,0,1.0,0.0,0.0,0,0.0,0.4256553410974531,0.0
MF,c1,285,0.178125,1.7701864659366093e-19,1.0009936114770848,0.42537599835047485,4096,0,0,1.0,0.0,0.0,0,0.0,0.42537599835047485,0.0
MF,c1,286,0.17875,1.890125274169631e-19,1.000977067059684,0.42509654629221005,4096,0,0,1.0,0.0,0.0,0,0.0,0.42509654629221005,0.0
MF,c1,287,0.179375,2.0200957382858775e-19,1.0009600422072849,0.42481698728720896,4096,0,0,1.0,0.0,0.0,0,0.0,0.42481698728720896,0.0
MF,c1,288,0.18,2.160978472101555e-19,1.0009425241875696,0.42453732369168784,4096,0,0,1.0,0.0,0.0,0,0.0,0.42453732369168784,0.0
MF,c1,289,0.180625,2.313728667187468e-19,1.0009244999360039,0.4242575578536366,4096,0,0,1.0,0.0,0.0,0,0.0,0.4242575578536366,0.0
MF,c1,290,0.18125,2.4793820301947094e-19,1.0009059560521327,0.4239776921129256,4096,0,0,1.0,0.0,0.0,0,0.0,0.4239776921129256,0.0
MF,c1,291,0.181875,2.6548666362249027e-19,1.000886878795923,0.42369772880141604,4096,0,0,1.0,0.0,0.0,0,0.0,0.42369772880141604,0.0
MF,c1,292,0.1825,2.8145962599748825e-19,1.000875496587428,0.4234176702430721,4096,0,0,1.0,0.0,0.0,0,0.0,0.4234176702430721,0.0
MF,c1,293,0.183125,2.9832500204634868e-19,1.000865530716127,0.42313751875407324,4096,0,0,1.0,0.0,0.0,0,0.0,0.42313751875407324,0.0
MF,c1,294,0.18375,3.1612810830659563e-19,1.0008552138574351,0.4228572766429295,4096,0,0,1.0,0.0,0.0,0,0.0,0.4228572766429295,0.0
MF,c1,295,0.184375,3.349162825445186e-19,1.0008445366301209,0.4225769462105976,4096,0,0,1.0,0.0,0.0,0,0.0,0.4225769462105976,0.0
MF,c1,296,0.185,3.5473895751685863e-19,1.0008334894162203,0.4222965297505987,4096,0,0,1.0,0.0,0.0,0,0.0,0.4222965297505987,0.0
MF,c1,297,0.185625,3.7564773653926033e-19,1.0008220623581694,0.42201602954913764,4096,0,0,1.0,0.0,0.0,0,0.0,0.42201602954913764,0.0
MF,c1,298,0.18625,3.942737884072848e-19,1.000810245356004,0.4217354478852234,4096,0,0,1.0,0.0,0.0,0,0.0,0.4217354478852234,0.0
MF,c1,299,0.186875,4.103699235516703e-19,1.000798028064632,0.42145478703079053,4096,0,0,1.0,0.0,0.0,0,0.0,0.42145478703079053,0.0
MF,c1,300,0.1875,4.275163203436072e-19,1.000785399891181,0.42117404925082286,4096,0,0,1.0,0.0,0.0,0,0.0,0.42117404925082286,0.0
MF,c1,301,0.18812500000000001,4.458014245049287e-19,1.0007723499924193,0.42089323680347707,4096,0,0,1.0,0.0,0.0,0,0.0,0.42089323680347707,0.0
MF,c1,302,0.18875,4.653210263242482e-19,1.000758867272265,0.42061235194020824,4096,0,0,1.0,0.0,0.0,0,0.0,0.42061235194020824,0.0
MF,c1,303,0.18937500000000002,4.86178823867989e-19,1.0007449403793693,0.4203313969058961,4096,0,0,1.0,0.0,0.0,0,0.0,0.4203313969058961,0.0
MF,c1,304,0.19,5.084870261985339e-19,1.0007305577047954,0.4200503739389727,4096,0,0,1.0,0.0,0.0,0,0.0,0.4200503739389727,0.0
MF,c1,305,0.19062500000000002,5.323669992435405e-19,1.000715707379779,0.4197692852715498,4096,0,0,1.0,0.0,0.0,0,0.0,0.4197692852715498,0.0
MF,c1,306,0.19125,5.579499571219555e-19,1.0007003772735894,0.41948813312954925,4096,0,0,1.0,0.0,0.0,0,0.0,0.41948813312954925,0.0
MF,c1,307,0.19187500000000002,5.85377701902737e-19,1.000684554991477,0.4192069197328318,4096,0,0,1.0,0.0,0.0,0,0.0,0.4192069197328318,0.0
MF,c1,308,0.1925,6.148034149522414e-19,1.0006682278727268,0.41892564729532855,4096,0,0,1.0,0.0,0.0,0,0.0,0.41892564729532855,0.0
MF,c1,309,0.193125,6.463925032160832e-19,1.0006513829888084,0.418644318025172,4096,0,0,1.0,0.0,0.0,0,0.0,0.418644318025172,0.0
MF,c1,310,0.19375,6.803235039815661e-19,1.0006395129569987,0.4183629341248283,4096,0,0,1.0,0.0,0.0,0,0.0,0.4183629341248283,0.0
MF,c1,311,0.194375,7.167890518783203e-19,1.000630798276021,0.41808149779123005,4096,0,0,1.0,0.0,0.0,0,0.0,0.41808149779123005,0.0
MF,c1,312,0.195,7.559969120956092e-19,1.0006217568325144,0.4178000112159094,4096,0,0,1.0,0.0,0.0,0,0.0,0.4178000112159094,0.0
MF,c1,313,0.195625,7.981710840340715e-19,1.00061238004189,0.41751847658513175,4096,0,0,1.0,0.0,0.0,0,0.0,0.41751847658513175,0.0
MF,c1,314,0.19625,8.435529798511049e-19,1.0006026591331567,0.4172368960800302,4096,0,0,1.0,0.0,0.0,0,0.0,0.4172368960800302,0.0
MF,c1,315,0.196875,8.924026826240533e-19,1.0005925851473365,0.41695527187674,4096,0,0,1.0,0.0,0.0,0,0.0,0.41695527187674,0.0
MF,c1,316,0.1975,9.425795295923324e-19,1.00058214893594,0.416673606146534,4096,0,0,1.0,0.0,0.0,0,0.0,0.416673606146534,0.0
MF,c1,317,0.198125,9.859409436753118e-19,1.0005713411595063,0.4163919010559573,4096,0,0,1.0,0.0,0.0,0,0.0,0.4163919010559573,0.0
MF,c1,318,0.19875,1.0311205619208439e-18,1.0005601522862155,0.41611015876696367,4096,0,0,1.0,0.0,0.0,0,0.0,0.41611015876696367,0.0
MF,c1,319,0.199375,1.0781874067538836e-18,1.0005485725905647,0.4158283814370513,4096,0,0,1.0,0.0,0.0,0,0.0,0.4158283814370513,0.0
MF,c1,320,0.2,1.1272128283161106e-18,1.0005368066900364,0.41554657121939864,4096,0,0,1.0,0.0,0.0,0,0.0,0.41554657121939864,0.0
MF,c1,321,0.200625,1.1782705690905927e-18,1.0005322963824295,0.41526473026300137,4096,0,0,1.0,0.0,0.0,0,0.0,0.41526473026300137,0.0
MF,c1,322,0.20125,1.2314368295580689e-18,1.0005276368347467,0.41498286071280843,4096,0,0,1.0,0.0,0.0,0,0.0,0.41498286071280843,0.0
MF,c1,323,0.201875,1.2867903348594883e-18,1.0005228244730053,0.4147009647098591,4096,0,0,1.0,0.0,0.0,0,0.0,0.4147009647098591,0.0
MF,c1,324,0.2025,1.344412402436954e-18,1.0005178556226046,0.4144190443914194,4096,0,0,1.0,0.0,0.0,0,0.0,0.4144190443914194,0.0
MF,c1,325,0.203125,1.404387010622668e-18,1.0005127265067166,0.41413710189111963,4096,0,0,1.0,0.0,0.0,0,0.0,0.41413710189111963,0.0
MF,c1,326,0.20375000000000001,1.4668008681428722e-18,1.000507433244704,0.4138551393390905,4096,0,0,1.0,0.0,0.0,0,0.0,0.4138551393390905,0.0
MF,c1,327,0.204375,1.5317434845011516e-18,1.0005019718505521,0.41357315886210055,4096,0,0,1.0,0.0,0.0,0,0.0,0.41357315886210055,0.0
MF,c1,328,0.20500000000000002,1.5993072412027722e-18,1.0004963382313283,0.4132911625836933,4096,0,0,1.0,0.0,0.0,0,0.0,0.4132911625836933,0.0
MF,c1,329,0.205625,1.6695874637789961e-18,1.0004905281856586,0.41300915262432325,4096,0,0,1.0,0.0,0.0,0,0.0,0.41300915262432325,0.0
MF,c1,330,0.20625000000000002,1.7426824945675753e-18,1.0004845374022324,0.41272713110149406,4096,0,0,1.0,0.0,0.0,0,0.0,0.41272713110149406,0.0
MF,c1,331,0.206875,1.8186937662028207e-18,1.0004783614583308,0.41244510012989427,4096,0,0,1.0,0.0,0.0,0,0.0,0.41244510012989427,0.0
MF,c1,332,0.20750000000000002,1.8977258757658247e-18,1.0004719958183819,0.4121630618215344,4096,0,0,1.0,0.0,0.0,0,0.0,0.4121630618215344,0.0
MF,c1,333,0.208125,1.979886659542584e-18,1.0004654358325433,0.4118810182858834,4096,0,0,1.0,0.0,0.0,0,0.0,0.4118810182858834,0.0
MF,c1,334,0.20875,2.065287268334896e-18,1.0004586767353167,0.41159897163000525,4096,0,0,1.0,0.0,0.0,0,0.0,0.41159897163000525,0.0
MF,c1,335,0.209375,2.1540422432660245e-18,1.000451713644187,0.41131692395869485,4096,0,0,1.0,0.0,0.0,0,0.0,0.41131692395869485,0.0
MF,c1,336,0.21,2.246269592020252e-18,1.0004445415582999,0.4110348773746141,4096,0,0,1.0,0.0,0.0,0,0.0,0.4110348773746141,0.0
MF,c1,337,0.210625,2.3420908654525282e-18,1.0004371553571683,0.4107528339784278,4096,0,0,1.0,0.0,0.0,0,0.0,0.4107528339784278,0.0
MF,c1,338,0.21125,2.4416312345015344e-18,1.0004295497994138,0.4104707958689392,4096,0,0,1.0,0.0,0.0,0,0.0,0.4104707958689392,0.0
MF,c1,339,0.211875,2.5450195673365787e-18,1.0004217195215424,0.41018876514322467,4096,0,0,1.0,0.0,0.0,0,0.0,0.41018876514322467,0.0
MF,c1,340,0.2125,2.652388506665865e-18,1.0004136590367605,0.4099067438967691,4096,0,0,1.0,0.0,0.0,0,0.0,0.4099067438967691,0.0
MF,c1,341,0.213125,2.763874547130786e-18,1.0004079616037673,0.4096247342236005,4096,0,0,1.0,0.0,0.0,0,0.0,0.4096247342236005,0.0
MF,c1,342,0.21375,2.8796181127080436e-18,1.000404087408837,0.4093427382164235,4096,0,0,1.0,0.0,0.0,0,0.0,0.4093427382164235,0.0
MF,c1,343,0.214375,2.9997636340385578e-18,1.0004000696348616,0.4090607579667536,4096,0,0,1.0,0.0,0.0,0,0.0,0.4090607579667536,0.0
MF,c1,344,0.215,3.1244596255993244e-18,1.0003959047380464,0.40877879556505037,4096,0,0,1.0,0.0,0.0,0,0.0,0.40877879556505037,0.0
MF,c1,345,0.215625,3.253858762631593e-18,1.000391589093316,0.40849685310084993,4096,0,0,1.0,0.0,0.0,0,0.0,0.40849685310084993,0.0
MF,c1,346,0.21625,3.3881179577360107e-18,1.0003871189934104,0.4082149326628979,4096,0,0,1.0,0.0,0.0,0,0.0,0.4082149326628979,0.0
MF,c1,347,0.216875,3.527398437042677e-18,1.000382490648007,0.4079330363392802,4096,0,0,1.0,0.0,0.0,0,0.0,0.4079330363392802,0.0
MF,c1,348,0.2175,3.671865815861406e-18,1.0003777001828622,0.40765116621755493,4096,0,0,1.0,0.0,0.0,0,0.0,0.40765116621755493,0.0
MF,c1,349,0.218125,3.821690173714897e-18,1.000372743638972,0.4073693243848827,4096,0,0,1.0,0.0,0.0,0,0.0,0.4073693243848827,0.0
MF,c1,350,0.21875,3.977046128654984e-18,1.0003676169717657,0.4070875129281565,4096,0,0,1.0,0.0,0.0,0,0.0,0.4070875129281565,0.0
MF,c1,351,0.21937500000000001,4.13811291076106e-18,1.000362316050304,0.40680573393413066,4096,0,0,1.0,0.0,0.0,0,0.0,0.40680573393413066,0.0
MF,c1,352,0.22,4.305074434709229e-18,1.0003568366565463,0.4065239894895502,4096,0,0,1.0,0.0,0.0,0,0.0,0.4065239894895502,0.0
MF,c1,353,0.22062500000000002,4.478119371318192e-18,1.0003511744845883,0.4062422816812772,4096,0,0,1.0,0.0,0.0,0,0.0,0.4062422816812772,0.0
MF,c1,354,0.22125,4.6574412179499695e-18,1.00034532513996,0.4059606125964192,4096,0,0,1.0,0.0,0.0,0,0.0,0.4059606125964192,0.0
MF,c1,355,0.22187500000000002,4.843238367660122e-18,1.0003392841389473,0.40567898432245414,4096,0,0,1.0,0.0,0.0,0,0.0,0.40567898432245414,0.0
MF,c1,356,0.2225,5.035714176982761e-18,1.0003330469079381,0.4053973989473565,4096,0,0,1.0,0.0,0.0,0,0.0,0.4053973989473565,0.0
MF,c1,357,0.22312500000000002,5.235077032234884e-18,1.000326608782801,0.40511585855972126,4096,0,0,1.0,0.0,0.0,0,0.0,0.40511585855972126,0.0
MF,c1,358,0.22375,5.441540414222627e-18,1.0003199650082923,0.4048343652488876,4096,0,0,1.0,0.0,0.0,0,0.0,0.4048343652488876,0.0
MF,c1,359,0.224375,5.655322961230312e-18,1.0003131107374958,0.4045529211050611,4096,0,0,1.0,0.0,0.0,0,0.0,0.4045529211050611,0.0
MF,c1,360,0.225,5.876648530171466e-18,1.000306041031294,0.4042715282194357,4096,0,0,1.0,0.0,0.0,0,0.0,0.4042715282194357,0.0
MF,c1,361,0.225625,6.105746255779451e-18,1.0003015979481549,0.4039901886843141,4096,0,0,1.0,0.0,0.0,0,0.0,0.4039901886843141,0.0
MF,c1,362,0.22625,6.342850607713926e-18,1.0002981596372036,0.4037089045932271,4096,0,0,1.0,0.0,0.0,0,0.0,0.4037089045932271,0.0
MF,c1,363,0.226875,6.5882014454580385e-18,1.0002945916444383,0.40342767804105234,4096,0,0,1.0,0.0,0.0,0,0.0,0.40342767804105234,0.0
MF,c1,364,0.2275,6.8420440708800594e-18,1.000290890849879,0.40314651112413113,4096,0,0,1.0,0.0,0.0,0,0.0,0.40314651112413113,0.0
MF,c1,365,0.228125,7.104629278332157e-18,1.0002874167861342,0.4028654059403852,4096,0,0,1.0,0.0,0.0,0,0.0,0.4028654059403852,0.0
MF,c1,366,0.22875,7.37621340215805e-18,1.000284044277516,0.4025843645894314,4096,0,0,1.0,0.0,0.0,0,0.0,0.4025843645894314,0.0
MF,c1,367,0.229375,7.657058361480573e-18,1.0002805783343758,0.40230338917269565,4096,0,0,1.0,0.0,0.0,0,0.0,0.40230338917269565,0.0
MF,c1,368,0.23,7.947431702139488e-18,1.0002770168455901,0.4020224817935255,4096,0,0,1.0,0.0,0.0,0,0.0,0.4020224817935255,0.0
MF,c1,369,0.230625,8.247606635649441e-18,1.0002733576466536,0.40174164455730194,4096,0,0,1.0,0.0,0.0,0,0.0,0.40174164455730194,0.0
MF,c1,370,0.23125,8.557862075047663e-18,1.0002695985190226,0.4014608795715489,4096,0,0,1.0,0.0,0.0,0,0.0,0.4014608795715489,0.0
MF,c1,371,0.231875,8.878482667500737e-18,1.00026573718947,0.40118018894604257,4096,0,0,1.0,0.0,0.0,0,0.0,0.40118018894604257,0.0
MF,c1,372,0.2325,9.209758823539884e-18,1.0002630107947608,0.40089957479291877,4096,0,0,1.0,0.0,0.0,0,0.0,0.40089957479291877,0.0
MF,c1,373,0.233125,9.551986742794225e-18,1.0002612984243158,0.4006190392267793,4096,0,0,1.0,0.0,0.0,0,0.0,0.4006190392267793,0.0
MF,c1,374,0.23375,9.905468436091878e-18,1.000259522849733,0.40033858436479686,4096,0,0,1.0,0.0,0.0,0,0.0,0.40033858436479686,0.0
MF,c1,375,0.234375,1.0270511743799209e-17,1.0002576826341765,0.40005821232681826,4096,0,0,1.0,0.0,0.0,0,0.0,0.40005821232681826,0.0
MF,c1,376,0.23500000000000001,1.0647430350269143e-17,1.0002557763063977,0.39977792523546646,4096,0,0,1.0,0.0,0.0,0,0.0,0.39977792523546646,0.0
MF,c1,377,0.235625,1.1036543794270325e-17,1.0002538023602803,0.39949772521624166,4096,0,0,1.0,0.0,0.0,0,0.0,0.39949772521624166,0.0
MF,c1,378,0.23625000000000002,1.1438177475269882e-17,1.0002517592543945,0.39921761439762005,4096,0,0,1.0,0.0,0.0,0,0.0,0.39921761439762005,0.0
MF,c1,379,0.236875,1.1852662655443655e-17,1.0002496454115555,0.39893759491115155,4096,0,0,1.0,0.0,0.0,0,0.0,0.39893759491115155,0.0
MF,c1,380,0.23750000000000002,1.2280336457289193e-17,1.000247459218393,0.39865766889155635,4096,0,0,1.0,0.0,0.0,0,0.0,0.39865766889155635,0.0
MF,c1,381,0.238125,1.2721541856714944e-17,1.0002451990249137,0.3983778384768192,4096,0,0,1.0,0.0,0.0,0,0.0,0.3983778384768192,0.0
MF,c1,382,0.23875000000000002,1.3176627671499956e-17,1.0002428631441178,0.3980981058082824,4096,0,0,1.0,0.0,0.0,0,0.0,0.3980981058082824,0.0
MF,c1,383,0.239375,1.3645948544973673e-17,1.0002404498515565,0.3978184730307382,4096,0,0,1.0,0.0,0.0,0,0.0,0.3978184730307382,0.0
MF,c1,384,0.24,1.412986492482797e-17,1.0002379573849454,0.39753894229251774,4096,0,0,1.0,0.0,0.0,0,0.0,0.39753894229251774,0.0
MF,c1,385,0.240625,1.462874303693156e-17,1.0002353839437708,0.3972595157455797,4096,0,0,1.0,0.0,0.0,0,0.0,0.3972595157455797,0.0
MF,c1,386,0.24125,1.5142954854036634e-17,1.00023272768891,0.39698019554559744,4096,0,0,1.0,0.0,0.0,0,0.0,0.39698019554559744,0.0
MF,c1,387,0.241875,1.5672878059267167e-17,1.0002299867422593,0.3967009838520432,4096,0,0,1.0,0.0,0.0,0,0.0,0.3967009838520432,0.0
MF,c1,388,0.2425,1.62188960042814e-17,1.0002271591863714,0.39642188282827223,4096,0,0,1.0,0.0,0.0,0,0.0,0.39642188282827223,0.0
MF,c1,389,0.243125,1.6781397662003686e-17,1.0002242430641048,0.3961428946416038,4096,0,0,1.0,0.0,0.0,0,0.0,0.3961428946416038,0.0
MF,c1,390,0.24375,1.7360777573824123e-17,1.0002212363782839,0.39586402146340116,4096,0,0,1.0,0.0,0.0,0,0.0,0.39586402146340116,0.0
MF,c1,391,0.244375,1.795743579116769e-17,1.0002181370913692,0.39558526546914985,4096,0,0,1.0,0.0,0.0,0,0.0,0.39558526546914985,0.0
MF,c1,392,0.245,1.8571777811338112e-17,1.000214943125138,0.3953066288385338,4096,0,0,1.0,0.0,0.0,0,0.0,0.3953066288385338,0.0
MF,c1,393,0.245625,1.9204214507545197e-17,1.0002116523603803,0.3950281137555098,4096,0,0,1.0,0.0,0.0,0,0.0,0.3950281137555098,0.0
MF,c1,394,0.24625,1.9852705821852937e-17,1.000208262636603,0.3947497224083804,4096,0,0,1.0,0.0,0.0,0,0.0,0.3947497224083804,0.0
MF,c1,395,0.246875,2.049287810595876e-17,1.0002047717517497,0.39447145698986436,4096,0,0,1.0,0.0,0.0,0,0.0,0.39447145698986436,0.0
MF,c1,396,0.2475,2.1176453505872328e-17,1.0002011774619304,0.3941933196971659,4096,0,0,1.0,0.0,0.0,0,0.0,0.3941933196971659,0.0
MF,c1,397,0.248125,2.1906293190630953e-17,1.0001975853862066,0.39391531273204133,4096,0,0,1.0,0.0,0.0,0,0.0,0.39391531273204133,0.0
MF,c1,398,0.24875,2.265256493872374e-17,1.0001958993891837,0.39363743830086473,4096,0,0,1.0,0.0,0.0,0,0.0,0.39363743830086473,0.0
MF,c1,399,0.249375,2.340248875797452e-17,1.0001941520024986,0.39335969861469056,4096,0,0,1.0,0.0,0.0,0,0.0,0.39335969861469056,0.0
MF,c1,400,0.25,2.4173526753475447e-17,1.0001923418420233,0.39308209588931514,4096,0,0,1.0,0.0,0.0,0,0.0,0.39308209588931514,0.0
MF,c1,401,0.250625,2.4966129561782876e-17,1.000190467496837,0.3928046323453359,4096,0,0,1.0,0.0,0.0,0,0.0,0.3928046323453359,0.0
MF,c1,402,0.25125000000000003,2.5780752290841925e-17,1.0001885275290177,0.3925273102082087,4096,0,0,1.0,0.0,0.0,0,0.0,0.3925273102082087,0.0
MF,c1,403,0.251875,2.6617854387756278e-17,1.0001865204734353,0.3922501317083025,4096,0,0,1.0,0.0,0.0,0,0.0,0.3922501317083025,0.0
MF,c1,404,0.2525,2.7477899500026587e-17,1.0001844448375579,0.39197309908095335,4096,0,0,1.0,0.0,0.0,0,0.0,0.39197309908095335,0.0
MF,c1,405,0.253125,2.82518139814546e-17,1.0001822991012614,0.3916962145665151,4096,0,0,1.0,0.0,0.0,0,0.0,0.3916962145665151,0.0
MF,c1,406,0.25375000000000003,2.890960688794945e-17,1.0001800817166495,0.39141948041040847,4096,0,0,1.0,0.0,0.0,0,0.0,0.39141948041040847,0.0
MF,c1,407,0.254375,2.9580902760020913e-17,1.0001777911078822,0.3911428988631681,4096,0,0,1.0,0.0,0.0,0,0.0,0.3911428988631681,0.0
MF,c1,408,0.255,3.0265958584952614e-17,1.0001754256710103,0.3908664721804874,4096,0,0,1.0,0.0,0.0,0,0.0,0.3908664721804874,0.0
MF,c1,409,0.255625,3.096503511319065e-17,1.0001729837738214,0.3905902026232616,4096,0,0,1.0,0.0,0.0,0,0.0,0.3905902026232616,0.0
MF,c1,410,0.25625,3.16783968229355e-17,1.000170463755693,0.39031409245762794,4096,0,0,1.0,0.0,0.0,0,0.0,0.39031409245762794,0.0
MF,c1,411,0.256875,3.2406311880117345e-17,1.0001680735979823,0.39003814395500463,4096,0,0,1.0,0.0,0.0,0,0.0,0.39003814395500463,0.0
MF,c1,412,0.2575,3.314905209367994e-17,1.0001670977290023,0.3897623593921268,4096,0,0,1.0,0.0,0.0,0,0.0,0.3897623593921268,0.0
MF,c1,413,0.258125,3.390689286610193e-17,1.0001660890375268,0.389486741051081,4096,0,0,1.0,0.0,0.0,0,0.0,0.389486741051081,0.0
MF,c1,414,0.25875,3.468011313908891e-17,1.0001650468328336,0.38921129121933723,4096,0,0,1.0,0.0,0.0,0,0.0,0.38921129121933723,0.0
MF,c1,415,0.259375,3.546899533437364e-17,1.0001639704084069,0.3889360121897783,4096,0,0,1.0,0.0,0.0,0,0.0,0.3889360121897783,0.0
MF,c1,416,0.26,3.6273825289566276e-17,1.0001628590417369,0.3886609062607277,4096,0,0,1.0,0.0,0.0,0,0.0,0.3886609062607277,0.0
MF,c1,417,0.260625,3.709489218900094e-17,1.0001617119941366,0.38838597573597505,4096,0,0,1.0,0.0,0.0,0,0.0,0.38838597573597505,0.0
MF,c1,418,0.26125,3.793248848952972e-17,1.00016052851055,0.3881112229247991,4096,0,0,1.0,0.0,0.0,0,0.0,0.3881112229247991,0.0
MF,c1,419,0.261875,3.878690984121968e-17,1.000159307819368,0.38783665014198837,4096,0,0,1.0,0.0,0.0,0,0.0,0.38783665014198837,0.0
MF,c1,420,0.2625,3.965845500291379e-17,1.0001580491322524,0.3875622597078602,4096,0,0,1.0,0.0,0.0,0,0.0,0.3875622597078602,0.0
MF,c1,421,0.263125,4.054742575262101e-17,1.000156751643951,0.3872880539482764,4096,0,0,1.0,0.0,0.0,0,0.0,0.3872880539482764,0.0
MF,c1,422,0.26375,4.1454126792706385e-17,1.0001554145321314,0.38701403519465805,4096,0,0,1.0,0.0,0.0,0,0.0,0.38701403519465805,0.0
MF,c1,423,0.264375,4.23788656498569e-17,1.0001540369572073,0.38674020578399654,4096,0,0,1.0,0.0,0.0,0,0.0,0.38674020578399654,0.0
MF,c1,424,0.265,4.332195256979364e-17,1.0001526180621534,0.3864665680588633,4096,0,0,1.0,0.0,0.0,0,0.0,0.3864665680588633,0.0
MF,c1,425,0.265625,4.4283700406767536e-17,1.0001511569724038,0.3861931243674168,4096,0,0,1.0,0.0,0.0,0,0.0,0.3861931243674168,0.0
MF,c1,426,0.26625,4.526442450773078e-17,1.0001496527956337,0.3859198770634074,4096,0,0,1.0,0.0,0.0,0,0.0,0.3859198770634074,0.0
MF,c1,427,0.26687500000000003,4.626444259127856e-17,1.0001481046216278,0.38564682850617943,4096,0,0,1.0,0.0,0.0,0,0.0,0.38564682850617943,0.0
MF,c1,428,0.2675,4.7284074621316315e-17,1.0001465115221293,0.38537398106067156,4096,0,0,1.0,0.0,0.0,0,0.0,0.38537398106067156,0.0
MF,c1,429,0.268125,4.8323642675469825e-17,1.0001448725506956,0.3851013370974141,4096,0,0,1.0,0.0,0.0,0,0.0,0.3851013370974141,0.0
MF,c1,430,0.26875,4.938347080825229e-17,1.000143186742562,0.3848288989925248,4096,0,0,1.0,0.0,0.0,0,0.0,0.3848288989925248,0.0
MF,c1,431,0.26937500000000003,5.046388490900796e-17,1.0001414531145023,0.3845566691277012,4096,0,0,1.0,0.0,0.0,0,0.0,0.3845566691277012,0.0
MF,c1,432,0.27,5.1565212554657415e-17,1.0001396706647028,0.3842846498902113,4096,0,0,1.0,0.0,0.0,0,0.0,0.3842846498902113,0.0
MF,c1,433,0.270625,5.268778285727589e-17,1.000137838372636,0.384012843672882,4096,0,0,1.0,0.0,0.0,0,0.0,0.384012843672882,0.0
MF,c1,434,0.27125,5.383192630654112e-17,1.000135955198941,0.3837412528740841,4096,0,0,1.0,0.0,0.0,0,0.0,0.3837412528740841,0.0
MF,c1,435,0.27187500000000003,5.499797460709351e-17,1.0001340200853097,0.3834698798977163,4096,0,0,1.0,0.0,0.0,0,0.0,0.3834698798977163,0.0
MF,c1,436,0.2725,5.618626051085699e-17,1.0001320319543792,0.38319872715318554,4096,0,0,1.0,0.0,0.0,0,0.0,0.38319872715318554,0.0
MF,c1,437,0.273125,5.739711764437475e-17,1.0001299897096283,0.38292779705538543,4096,0,0,1.0,0.0,0.0,0,0.0,0.38292779705538543,0.0
MF,c1,438,0.27375,5.863088033121975e-17,1.0001285305974426,0.3826570920246727,4096,0,0,1.0,0.0,0.0,0,0.0,0.3826570920246727,0.0
MF,c1,439,0.274375,5.988788340954598e-17,1.000127573427218,0.38238661448684,4096,0,0,1.0,0.0,0.0,0,0.0,0.38238661448684,0.0
MF,c1,440,0.275,6.116846204485205e-17,1.000126584587076,0.3821163668730877,4096,0,0,1.0,0.0,0.0,0,0.0,0.3821163668730877,0.0
MF,c1,441,0.275625,6.247295153803424e-17,1.0001255634147312,0.3818463516199919,4096,0,0,1.0,0.0,0.0,0,0.0,0.3818463516199919,0.0
MF,c1,442,0.27625,6.380168712881221e-17,1.0001245092358786,0.38157657116947125,4096,0,0,1.0,0.0,0.0,0,0.0,0.38157657116947125,0.0
MF,c1,443,0.276875,6.51550037946164e-17,1.0001234213641075,0.38130702796875005,4096,0,0,1.0,0.0,0.0,0,0.0,0.38130702796875005,0.0
MF,c1,444,0.2775,6.653323604503103e-17,1.0001222991008245,0.3810377244703199,4096,0,0,1.0,0.0,0.0,0,0.0,0.3810377244703199,0.0
MF,c1,445,0.278125,6.79367177118932e-17,1.0001211417351785,0.3807686631318986,4096,0,0,1.0,0.0,0.0,0,0.0,0.3807686631318986,0.0
MF,c1,446,0.27875,6.936578173515354e-17,1.000119948543988,0.3804998464163859,4096,0,0,1.0,0.0,0.0,0,0.0,0.3804998464163859,0.0
MF,c1,447,0.279375,7.082075994460938e-17,1.0001187187916725,0.3802312767918181,4096,0,0,1.0,0.0,0.0,0,0.0,0.3802312767918181,0.0
MF,c1,448,0.28,7.230198283761376e-17,1.0001174517301663,0.37996295673131913,4096,0,0,1.0,0.0,0.0,0,0.0,0.37996295673131913,0.0
MF,c1,449,0.280625,7.38097793529486e-17,1.0001161465989201,0.3796948887130495,4096,0,0,1.0,0.0,0.0,0,0.0,0.3796948887130495,0.0
MF,c1,450,0.28125,7.534447664085848e-17,1.0001148026247801,0.3794270752201529,4096,0,0,1.0,0.0,0.0,0,0.0,0.3794270752201529,0.0
MF,c1,451,0.281875,7.690639982950563e-17,1.000113419021955,0.37915951874070003,4096,0,0,1.0,0.0,0.0,0,0.0,0.37915951874070003,0.0
MF,c1,452,0.28250000000000003,7.849587178792113e-17,1.000111994991965,0.3788922217676304,4096,0,0,1.0,0.0,0.0,0,0.0,0.3788922217676304,0.0
MF,c1,453,0.283125,8.011321288560676e-17,1.0001107198676578,0.3786251867986913,4096,0,0,1.0,0.0,0.0,0,0.0,0.3786251867986913,0.0
MF,c1,454,0.28375,8.175874074893525e-17,1.0001101399727939,0.3783584163363745,4096,0,0,1.0,0.0,0.0,0,0.0,0.3783584163363745,0.0
MF,c1,455,0.284375,8.343277001450109e-17,1.0001095425751623,0.37809191288785055,4096,0,0,1.0,0.0,0.0,0,0.0,0.37809191288785055,0.0
MF,c1,456,0.28500000000000003,8.513561207957899e-17,1.0001089273295094,0.3778256789649002,4096,0,0,1.0,0.0,0.0,0,0.0,0.3778256789649002,0.0
MF,c1,457,0.285625,8.686757484985143e-17,1.0001082938832508,0.37755971708384395,4096,0,0,1.0,0.0,0.0,0,0.0,0.37755971708384395,0.0
MF,c1,458,0.28625,8.862896248457147e-17,1.0001076418763954,0.377294029765469,4096,0,0,1.0,0.0,0.0,0,0.0,0.377294029765469,0.0
MF,c1,459,0.286875,9.042007513933103e-17,1.0001069709414696,0.377028619534953,4096,0,0,1.0,0.0,0.0,0,0.0,0.377028619534953,0.0
MF,c1,460,0.28750000000000003,9.22412087066093e-17,1.0001062807034438,0.376763488921787,4096,0,0,1.0,0.0,0.0,0,0.0,0.376763488921787,0.0
MF,c1,461,0.288125,9.409265455428005e-17,1.000105570779658,0.3764986404596942,4096,0,0,1.0,0.0,0.0,0,0.0,0.3764986404596942,0.0
MF,c1,462,0.28875,9.597469926226001e-17,1.0001048407797533,0.3762340766865472,4096,0,0,1.0,0.0,0.0,0,0.0,0.3762340766865472,0.0
MF,c1,463,0.289375,9.788762435748497e-17,1.0001040903056002,0.3759698001442827,4096,0,0,1.0,0.0,0.0,0,0.0,0.3759698001442827,0.0
MF,c1,464,0.29,9.983170604740336e-17,1.0001033189512318,0.3757058133788141,4096,0,0,1.0,0.0,0.0,0,0.0,0.3757058133788141,0.0
MF,c1,465,0.290625,1.0180721495218093e-16,1.0001025263027792,0.3754421189399405,4096,0,0,1.0,0.0,0.0,0,0.0,0.3754421189399405,0.0
MF,c1,466,0.29125,1.0381441583581293e-16,1.0001017119384044,0.37517871938125485,4096,0,0,1.0,0.0,0.0,0,0.0,0.37517871938125485,0.0
MF,c1,467,0.291875,1.0585356733632754e-16,1.0001008754282172,0.3749156172600487,4096,0,0,1.0,0.0,0.0,0,0.0,0.3749156172600487,0.0
MF,c1,468,0.2925,1.0792492169536312e-16,1.0001000163342837,0.3746528151372148,4096,0,0,1.0,0.0,0.0,0,0.0,0.3746528151372148,0.0
MF,c1,469,0.293125,1.1002872448716863e-16,1.0000991342104972,0.3743903155771474,4096,0,0,1.0,0.0,0.0,0,0.0,0.3743903155771474,0.0
MF,c1,470,0.29375,1.121652143473885e-16,1.0000982286025462,0.37412812114763994,4096,0,0,1.0,0.0,0.0,0,0.0,0.37412812114763994,0.0
MF,c1,471,0.294375,1.1433462270176772e-16,1.0000972990478587,0.3738662344197808,4096,0,0,1.0,0.0,0.0,0,0.0,0.3738662344197808,0.0
MF,c1,472,0.295,1.1653717349500454e-16,1.0000963450755511,0.3736046579678461,4096,0,0,1.0,0.0,0.0,0,0.0,0.3736046579678461,0.0
MF,c1,473,0.295625,1.1877308291996646e-16,1.0000958445506194,0.3733433943691909,4096,0,0,1.0,0.0,0.0,0,0.0,0.3733433943691909,0.0
MF,c1,474,0.29625,1.2104255914748541e-16,1.0000959141613879,0.37308244620413716,4096,0,0,1.0,0.0,0.0,0,0.0,0.37308244620413716,0.0
MF,c1,475,0.296875,1.2334580205695192e-16,1.0000959762071442,0.37282181605586023,4096,0,0,1.0,0.0,0.0,0,0.0,0.37282181605586023,0.0
MF,c1,476,0.2975,1.2568300296792725e-16,1.0000960306190854,0.37256150651027253,4096,0,0,1.0,0.0,0.0,0,0.0,0.37256150651027253,0.0
MF,c1,477,0.29812500000000003,1.2805434437299613e-16,1.000096077329066,0.37230152015590484,4096,0,0,1.0,0.0,0.0,0,0.0,0.37230152015590484,0.0
MF,c1,478,0.29875,1.3045999967208157e-16,1.000096116269623,0.3720418595837858,4096,0,0,1.0,0.0,0.0,0,0.0,0.3720418595837858,0.0
MF,c1,479,0.299375,1.3290013290844573e-16,1.0000961538840039,0.37178252738731865,4096,0,0,1.0,0.0,0.0,0,0.0,0.37178252738731865,0.0
MF,c1,480,0.3,1.353748985066013e-16,1.0000962099217905,0.37152352616215584,4096,0,0,1.0,0.0,0.0,0,0.0,0.37152352616215584,0.0
MF,c1,481,0.30062500000000003,1.3788444101235765e-16,1.0000962597940826,0.3712648585060716,4096,0,0,1.0,0.0,0.0,0,0.0,0.3712648585060716,0.0
MF,c1,482,0.30125,1.4042889483522675e-16,1.0000963034596513,0.3710065270188319,4096,0,0,1.0,0.0,0.0,0,0.0,0.3710065270188319,0.0
MF,c1,483,0.301875,1.4300838399339633e-16,1.0000963408778398,0.37074853430206256,4096,0,0,1.0,0.0,0.0,0,0.0,0.37074853430206256,0.0
MF,c1,484,0.3025,1.4562302186158415e-16,1.0000963720087723,0.3704908829591148,4096,0,0,1.0,0.0,0.0,0,0.0,0.3704908829591148,0.0
MF,c1,485,0.30312500000000003,1.4827291092182312e-16,1.0000963968131746,0.3702335755949288,4096,0,0,1.0,0.0,0.0,0,0.0,0.3702335755949288,0.0
MF,c1,486,0.30375,1.509581425175733e-16,1.0000964152524487,0.3699766148158953,4096,0,0,1.0,0.0,0.0,0,0.0,0.3699766148158953,0.0
MF,c1,487,0.304375,1.5367879661129983e-16,1.0000964272886872,0.3697200032297142,4096,0,0,1.0,0.0,0.0,0,0.0,0.3697200032297142,0.0
MF,c1,488,0.305,1.564349415457561e-16,1.0000964328846857,0.36946374344525235,4096,0,0,1.0,0.0,0.0,0,0.0,0.36946374344525235,0.0
MF,c1,489,0.305625,1.5922663380919382e-16,1.0000964320039551,0.3692078380723979,4096,0,0,1.0,0.0,0.0,0,0.0,0.3692078380723979,0.0
MF,c1,490,0.30625,1.620539178047198e-16,1.0000964246107338,0.36895228972191313,4096,0,0,1.0,0.0,0.0,0,0.0,0.36895228972191313,0.0
MF,c1,491,0.306875,1.6491682562401797e-16,1.000096410669999,0.36869710100528563,4096,0,0,1.0,0.0,0.0,0,0.0,0.36869710100528563,0.0
MF,c1,492,0.3075,1.6781537682565375e-16,1.0000963901474804,0.36844227453457634,4096,0,0,1.0,0.0,0.0,0,0.0,0.36844227453457634,0.0
MF,c1,493,0.308125,1.7074957821817575e-16,1.000096363009671,0.36818781292226643,4096,0,0,1.0,0.0,0.0,0,0.0,0.36818781292226643,0.0
MF,c1,494,0.30875,1.7371942364822708e-16,1.000096329223839,0.3679337187811017,4096,0,0,1.0,0.0,0.0,0,0.0,0.3679337187811017,0.0
MF,c1,495,0.309375,1.7672489379387718e-16,1.000096288758039,0.3676799947239352,4096,0,0,1.0,0.0,0.0,0,0.0,0.3676799947239352,0.0
MF,c1,496,0.31,1.7976595596338144e-16,1.0000962415811239,0.36742664336356773,4096,0,0,1.0,0.0,0.0,0,0.0,0.36742664336356773,0.0
MF,c1,497,0.310625,1.8150313248338308e-16,1.0000961876627563,0.36717366731258616,4096,0,0,1.0,0.0,0.0,0,0.0,0.36717366731258616,0.0
MF,c1,498,0.31125,1.832388046171311e-16,1.0000961269733615,0.3669210691832002,4096,0,0,1.0,0.0,0.0,0,0.0,0.3669210691832002,0.0
MF,c1,499,0.311875,1.8499204776753732e-16,1.0000960594843111,0.36666885158707707,4096,0,0,1.0,0.0,0.0,0,0.0,0.36666885158707707,0.0
MF,c1,500,0.3125,1.8676305542356453e-16,1.0000959851677604,0.36641701713517405,4096,0,0,1.0,0.0,0.0,0,0.0,0.36641701713517405,0.0
MF,c1,501,0.313125,1.885520150340519e-16,1.0000959039967183,0.3661655684375692,4096,0,0,1.0,0.0,0.0,0,0.0,0.3661655684375692,0.0
MF,c1,502,0.31375000000000003,1.9035910774532626e-16,1.0000958159450541,0.36591450810329046,4096,0,0,1.0,0.0,0.0,0,0.0,0.36591450810329046,0.0
MF,c1,503,0.314375,1.9218450814165248e-16,1.0000957209875119,0.36566383874014285,4096,0,0,1.0,0.0,0.0,0,0.0,0.36566383874014285,0.0
MF,c1,504,0.315,1.9402838398875064e-16,1.0000956190997172,0.36541356295453337,4096,0,0,1.0,0.0,0.0,0,0.0,0.36541356295453337,0.0
MF,c1,505,0.315625,1.9589089598060679e-16,1.0000955102581888,0.3651636833512947,4096,0,0,1.0,0.0,0.0,0,0.0,0.3651636833512947,0.0
MF,c1,506,0.31625000000000003,1.9777219748979952e-16,1.000095394440346,0.36491420253350665,4096,0,0,1.0,0.0,0.0,0,0.0,0.36491420253350665,0.0
MF,c1,507,0.316875,1.9967243432156242e-16,1.0000952716245206,0.3646651231023164,4096,0,0,1.0,0.0,0.0,0,0.0,0.3646651231023164,0.0
MF,c1,508,0.3175,2.0159174447179833e-16,1.0000951417899628,0.36441644765675607,4096,0,0,1.0,0.0,0.0,0,0.0,0.36441644765675607,0.0
MF,c1,509,0.318125,2.0353025788925831e-16,1.0000950049168524,0.3641681787935596,4096,0,0,1.0,0.0,0.0,0,0.0,0.3641681787935596,0.0
MF,c1,510,0.31875000000000003,2.0548809624209437e-16,1.0000948609863072,0.3639203191069776,4096,0,0,1.0,0.0,0.0,0,0.0,0.3639203191069776,0.0
MF,c1,511,0.319375,2.0746537268899048e-16,1.0000947099803896,0.36367287118859015,4096,0,0,1.0,0.0,0.0,0,0.0,0.36367287118859015,0.0
MF,c1,512,0.32,2.094621916550473e-16,1.0000945518820652,0.363425837627118,4096,0,0,1.0,0.0,0.0,0,0.0,0.363425837627118,0.0
MF,c1,513,0.320625,2.1147864861274662e-16,1.000094386675364,0.36317922100823324,4096,0,0,1.0,0.0,0.0,0,0.0,0.36317922100823324,0.0
MF,c1,514,0.32125,2.1351482986793193e-16,1.0000942143452338,0.3629330239143668,4096,0,0,1.0,0.0,0.0,0,0.0,0.3629330239143668,0.0
MF,c1,515,0.321875,2.1557081235124553e-16,1.0000940348775984,0.36268724892451554,4096,0,0,1.0,0.0,0.0,0,0.0,0.36268724892451554,0.0
MF,c1,516,0.3225,2.1764666341508083e-16,1.0000938482593658,0.3624418986140472,4096,0,0,1.0,0.0,0.0,0,0.0,0.3624418986140472,0.0
MF,c1,517,0.323125,2.197424406362526e-16,1.0000936544784342,0.36219697555450425,4096,0,0,1.0,0.0,0.0,0,0.0,0.36219697555450425,0.0
MF,c1,518,0.32375,2.2185819162455887e-16,1.0000934535236998,0.36195248231340615,4096,0,0,1.0,0.0,0.0,0,0.0,0.36195248231340615,0.0
MF,c1,519,0.324375,2.239939538374025e-16,1.0000932453850606,0.3617084214540498,4096,0,0,1.0,0.0,0.0,0,0.0,0.3617084214540498,0.0
MF,c1,520,0.325,2.2614975440063564e-16,1.0000930300534259,0.36146479553530936,4096,0,0,1.0,0.0,0.0,0,0.0,0.36146479553530936,0.0
MF,c1,521,0.325625,2.283256099357849e-16,1.0000928075207198,0.3612216071114336,4096,0,0,1.0,0.0,0.0,0,0.0,0.3612216071114336,0.0
MF,c1,522,0.32625,2.3052152639381005e-16,1.000092577779886,0.3609788587318431,4096,0,0,1.0,0.0,0.0,0,0.0,0.3609788587318431,0.0
MF,c1,523,0.326875,2.32737498895542e-16,1.0000923408248963,0.3607365529409253,4096,0,0,1.0,0.0,0.0,0,0.0,0.3607365529409253,0.0
MF,c1,524,0.3275,2.3497351157894263e-16,1.0000920966507523,0.36049469227782815,4096,0,0,1.0,0.0,0.0,0,0.0,0.36049469227782815,0.0
MF,c1,525,0.328125,2.372295374533214e-16,1.0000918452534906,0.3602532792762535,4096,0,0,1.0,0.0,0.0,0,0.0,0.3602532792762535,0.0
MF,c1,526,0.32875,2.3950553826061228e-16,1.0000915866301447,0.36001231646424803,4096,0,0,1.0,0.0,0.0,0,0.0,0.36001231646424803,0.0
MF,c1,527,0.32937500000000003,2.418014643439612e-16,1.0000913207788817,0.35977180636399386,4096,0,0,1.0,0.0,0.0,0,0.0,0.35977180636399386,0.0
MF,c1,528,0.33,2.441172545234955e-16,1.000091047698872,0.35953175149159733,4096,0,0,1.0,0.0,0.0,0,0.0,0.35953175149159733,0.0
MF,c1,529,0.330625,2.4645283597962825e-16,1.0000907673903365,0.3592921543568775,4096,0,0,1.0,0.0,0.0,0,0.0,0.3592921543568775,0.0
MF,c1,530,0.33125,2.4880812414388514e-16,1.0000904798545518,0.35905301746315227,4096,0,0,1.0,0.0,0.0,0,0.0,0.35905301746315227,0.0
MF,c1,531,0.33187500000000003,2.5118302259737617e-16,1.0000901850938524,0.35881434330702505,4096,0,0,1.0,0.0,0.0,0,0.0,0.35881434330702505,0.0
MF,c1,532,0.3325,2.535774229770064e-16,1.000089970675386,0.35857613437816893,4096,0,0,1.0,0.0,0.0,0,0.0,0.35857613437816893,0.0
MF,c1,533,0.333125,2.5599120488951123e-16,1.0000897677732683,0.3583383931591105,4096,0,0,1.0,0.0,0.0,0,0.0,0.3583383931591105,0.0
MF,c1,534,0.33375,2.5842423583339885e-16,1.000089559671191,0.3581011221250127,4096,0,0,1.0,0.0,0.0,0,0.0,0.3581011221250127,0.0
MF,c1,535,0.33437500000000003,2.608763711288719e-16,1.0000893463788332,0.3578643237434569,4096,0,0,1.0,0.0,0.0,0,0.0,0.3578643237434569,0.0
MF,c1,536,0.335,2.6334745385579867e-16,1.0000891279065884,0.3576280004742233,4096,0,0,1.0,0.0,0.0,0,0.0,0.3576280004742233,0.0
MF,c1,537,0.335625,2.658373147997934e-16,1.0000889042655683,0.35739215476907155,4096,0,0,1.0,0.0,0.0,0,0.0,0.35739215476907155,0.0
MF,c1,538,0.33625,2.6834577240646174e-16,1.0000886754675997,0.3571567890715196,4096,0,0,1.0,0.0,0.0,0,0.0,0.3571567890715196,0.0
MF,c1,539,0.336875,2.708726327438364e-16,1.0000884415251865,0.3569219058166225,4096,0,0,1.0,0.0,0.0,0,0.0,0.3569219058166225,0.0
MF,c1,540,0.3375,2.7341768947316056e-16,1.0000882024516198,0.35668750743074945,4096,0,0,1.0,0.0,0.0,0,0.0,0.35668750743074945,0.0
MF,c1,541,0.338125,2.759807238278276e-16,1.0000879582608624,0.35645359633136164,4096,0,0,1.0,0.0,0.0,0,0.0,0.35645359633136164,0.0
MF,c1,542,0.33875,2.785615046007285e-16,1.0000877089675895,0.35622017492678754,4096,0,0,1.0,0.0,0.0,0,0.0,0.35622017492678754,0.0
MF,c1,543,0.339375,2.811597881399227e-16,1.0000874545871818,0.35598724561599937,4096,0,0,1.0,0.0,0.0,0,0.0,0.35598724561599937,0.0
MF,c1,544,0.34,2.837753183526666e-16,1.000087195135725,0.3557548107883876,4096,0,0,1.0,0.0,0.0,0,0.0,0.3557548107883876,0.0
MF,c1,545,0.340625,2.864078267178127e-16,1.0000869306300078,0.35552287282353534,4096,0,0,1.0,0.0,0.0,0,0.0,0.35552287282353534,0.0
MF,c1,546,0.34125,2.890570323065805e-16,1.0000866610875188,0.35529143409099245,4096,0,0,1.0,0.0,0.0,0,0.0,0.35529143409099245,0.0
MF,c1,547,0.341875,2.917226418116968e-16,1.0000863865264427,0.35506049695004904,4096,0,0,1.0,0.0,0.0,0,0.0,0.35506049695004904,0.0
MF,c1,548,0.3425,2.9440434958489717e-16,1.0000861069656584,0.3548300637495077,4096,0,0,1.0,0.0,0.0,0,0.0,0.3548300637495077,0.0
MF,c1,549,0.343125,2.971018376827702e-16,1.0000858224247362,0.3546001368274567,4096,0,0,1.0,0.0,0.0,0,0.0,0.3546001368274567,0.0
MF,c1,550,0.34375,2.9981477592092516e-16,1.0000855329239329,0.35437071851104196,4096,0,0,1.0,0.0,0.0,0,0.0,0.35437071851104196,0.0
MF,c1,551,0.344375,3.025428219364527e-16,1.000085238484188,0.3541418111162383,4096,0,0,1.0,0.0,0.0,0,0.0,0.3541418111162383,0.0
MF,c1,552,0.34500000000000003,3.052856212586237e-16,1.0000849391270905,0.35391341694762185,4096,0,0,1.0,0.0,0.0,0,0.0,0.35391341694762185,0.0
MF,c1,553,0.345625,3.0804280738789055e-16,1.000084634874966,0.3536855382981402,4096,0,0,1.0,0.0,0.0,0,0.0,0.3536855382981402,0.0
MF,c1,554,0.34625,3.1081400188293696e-16,1.0000843257507797,0.3534581774488841,4096,0,0,1.0,0.0,0.0,0,0.0,0.3534581774488841,0.0
MF,c1,555,0.346875,3.1359881445592685e-16,1.0000840117781635,0.3532313366688578,4096,0,0,1.0,0.0,0.0,0,0.0,0.3532313366688578,0.0
MF,c1,556,0.34750000000000003,3.1639684307579347e-16,1.0000836929814108,0.3530050182147502,4096,0,0,1.0,0.0,0.0,0,0.0,0.3530050182147502,0.0
MF,c1,557,0.348125,3.192076740795234e-16,1.0000833693854712,0.3527792243307049,4096,0,0,1.0,0.0,0.0,0,0.0,0.3527792243307049,0.0
MF,c1,558,0.34875,3.220308822913658e-16,1.0000830410159463,0.3525539572480909,4096,0,0,1.0,0.0,0.0,0,0.0,0.3525539572480909,0.0
MF,c1,559,0.349375,3.2486603114988883e-16,1.0000827078990828,0.3523292191852731,4096,0,0,1.0,0.0,0.0,0,0.0,0.3523292191852731,0.0
MF,c1,560,0.35000000000000003,3.2771267284280327e-16,1.0000823700617694,0.3521050123473827,4096,0,0,1.0,0.0,0.0,0,0.0,0.3521050123473827,0.0
MF,c1,561,0.350625,3.305703484494639e-16,1.0000820275315279,0.351881338926088,4096,0,0,1.0,0.0,0.0,0,0.0,0.351881338926088,0.0
MF,c1,562,0.35125,3.334385880909571e-16,1.0000816803365096,0.35165820109936485,4096,0,0,1.0,0.0,0.0,0,0.0,0.35165820109936485,0.0
MF,c1,563,0.351875,3.3631691108767424e-16,1.0000813285054881,0.3514356010312674,4096,0,0,1.0,0.0,0.0,0,0.0,0.3514356010312674,0.0
MF,c1,564,0.3525,3.392048261242693e-16,1.0000809720678543,0.3512135408716996,4096,0,0,1.0,0.0,0.0,0,0.0,0.3512135408716996,0.0
MF,c1,565,0.353125,3.4210183142188983e-16,1.0000806110536067,0.35099202275618596,4096,0,0,1.0,0.0,0.0,0,0.0,0.35099202275618596,0.0
MF,c1,566,0.35375,3.450074149175496e-16,1.000080245493324,0.35077104880564347,4096,0,0,1.0,0.0,0.0,0,0.0,0.35077104880564347,0.0
MF,c1,567,0.354375,3.47921054450614e-16,1.0000798754182294,0.35055062112615337,4096,0,0,1.0,0.0,0.0,0,0.0,0.35055062112615337,0.0
MF,c1,568,0.355,3.5084221795609787e-16,1.0000795008601109,0.3503307418087334,4096,0,0,1.0,0.0,0.0,0,0.0,0.3503307418087334,0.0
MF,c1,569,0.355625,3.5377036366481837e-16,1.000079121851336,0.3501114129291106,4096,0,0,1.0,0.0,0.0,0,0.0,0.3501114129291106,0.0
MF,c1,570,0.35625,3.567049403101868e-16,1.0000787384248486,0.3498926365474944,4096,0,0,1.0,0.0,0.0,0,0.0,0.3498926365474944,0.0
MF,c1,571,0.356875,3.59645387341517e-16,1.000078354220184,0.34967441470835026,4096,0,0,1.0,0.0,0.0,0,0.0,0.34967441470835026,0.0
MF,c1,572,0.3575,3.6259113514370756e-16,1.0000780872163229,0.3494567494401741,4096,0,0,1.0,0.0,0.0,0,0.0,0.3494567494401741,0.0
MF,c1,573,0.358125,3.6554160526315264e-16,1.0000778172310814,0.3492396427552669,4096,0,0,1.0,0.0,0.0,0,0.0,0.3492396427552669,0.0
MF,c1,574,0.35875,3.6849621063972874e-16,1.0000775442900864,0.3490230966495102,4096,0,0,1.0,0.0,0.0,0,0.0,0.3490230966495102,0.0
MF,c1,575,0.359375,3.714543558447049e-16,1.0000772684192425,0.3488071131021427,4096,0,0,1.0,0.0,0.0,0,0.0,0.3488071131021427,0.0
MF,c1,576,0.36,3.7441543732441466e-16,1.000076989644724,0.3485916940755364,4096,0,0,1.0,0.0,0.0,0,0.0,0.3485916940755364,0.0
MF,c1,577,0.36062500000000003,3.773788436495301e-16,1.0000767079929656,0.3483768415149751,4096,0,0,1.0,0.0,0.0,0,0.0,0.3483768415149751,0.0
MF,c1,578,0.36125,3.8034395576977033e-16,1.0000765796604403,0.3481625573484325,4096,0,0,1.0,0.0,0.0,0,0.0,0.3481625573484325,0.0
MF,c1,579,0.361875,3.833101472738602e-16,1.0000768128535302,0.34794884348635163,4096,0,0,1.0,0.0,0.0,0,0.0,0.34794884348635163,0.0
MF,c1,580,0.3625,3.862767846546392e-16,1.0000770368296212,0.34773570182142544,4096,0,0,1.0,0.0,0.0,0,0.0,0.34773570182142544,0.0
MF,c1,581,0.36312500000000003,3.8924322757900304e-16,1.0000772512486902,0.347523134228378,4096,0,0,1.0,0.0,0.0,0,0.0,0.347523134228378,0.0
MF,c1,582,0.36375,3.89669198993892e-16,1.0000774557613044,0.3473111425637468,4096,0,0,1.0,0.0,0.0,0,0.0,0.3473111425637468,0.0
MF,c1,583,0.364375,3.894303587103979e-16,1.0000776500083974,0.3470997286656663,4096,0,0,1.0,0.0,0.0,0,0.0,0.3470997286656663,0.0
MF,c1,584,0.365,3.895364710814586e-16,1.0000778336210405,0.3468888943536524,4096,0,0,1.0,0.0,0.0,0,0.0,0.3468888943536524,0.0
MF,c1,585,0.36562500000000003,3.8999882530408428e-16,1.0000780062202144,0.3466786414283881,4096,0,0,1.0,0.0,0.0,0,0.0,0.3466786414283881,0.0
MF,c1,586,0.36625,3.9082918393755063e-16,1.0000781674165724,0.34646897167151064,4096,0,0,1.0,0.0,0.0,0,0.0,0.34646897167151064,0.0
MF,c1,587,0.366875,3.9203980443516715e-16,1.0000783168102034,0.34625988684539954,4096,0,0,1.0,0.0,0.0,0,0.0,0.34625988684539954,0.0
MF,c1,588,0.3675,3.9364346146618964e-16,1.000078453990389,0.3460513886929661,4096,0,0,1.0,0.0,0.0,0,0.0,0.3460513886929661,0.0
MF,c1,589,0.368125,3.956534700559416e-16,1.0000785785353583,0.3458434789374444,4096,0,0,1.0,0.0,0.0,0,0.0,0.3458434789374444,0.0
MF,c1,590,0.36875,3.980837095731814e-16,1.0000786900120378,0.34563615928218344,4096,0,0,1.0,0.0,0.0,0,0.0,0.34563615928218344,0.0
MF,c1,591,0.369375,3.9977580364137496e-16,1.0000787879757993,0.34542943141044097,4096,0,0,1.0,0.0,0.0,0,0.0,0.34542943141044097,0.0
MF,c1,592,0.37,4.0040584686285765e-16,1.0000788719702025,0.3452232969851787,4096,0,0,1.0,0.0,0.0,0,0.0,0.3452232969851787,0.0
MF,c1,593,0.370625,4.010485420597441e-16,1.0000791067674983,0.3450177576488591,4096,0,0,1.0,0.0,0.0,0,0.0,0.3450177576488591,0.0
MF,c1,594,0.37125,4.0170361118159993e-16,1.0000793498432705,0.3448128150232439,4096,0,0,1.0,0.0,0.0,0,0.0,0.3448128150232439,0.0
MF,c1,595,0.371875,4.0237076410710183e-16,1.000079583210211,0.34460847070919415,4096,0,0,1.0,0.0,0.0,0,0.0,0.34460847070919415,0.0
MF,c1,596,0.3725,4.03049698906005e-16,1.0000798065089758,0.3444047262864718,4096,0,0,1.0,0.0,0.0,0,0.0,0.3444047262864718,0.0
MF,c1,597,0.373125,4.037401021066467e-16,1.000080019370434,0.34420158331354334,4096,0,0,1.0,0.0,0.0,0,0.0,0.34420158331354334,0.0
MF,c1,598,0.37375,4.0444164896868336e-16,1.0000802214154412,0.34399904332738535,4096,0,0,1.0,0.0,0.0,0,0.0,0.34399904332738535,0.0
MF,c1,599,0.374375,4.0515400376083466e-16,1.0000804122546076,0.3437971078432912,4096,0,0,1.0,0.0,0.0,0,0.0,0.3437971078432912,0.0
MF,c1,600,0.375,4.058768200433958e-16,1.0000805914880653,0.34359577835468064,4096,0,0,1.0,0.0,0.0,0,0.0,0.34359577835468064,0.0
MF,c1,601,0.375625,4.0660974095527936e-16,1.000080758705233,0.34339505633291023,4096,0,0,1.0,0.0,0.0,0,0.0,0.34339505633291023,0.0
MF,c1,602,0.37625000000000003,4.0735239950534695e-16,1.0000809134845692,0.34319494322708705,4096,0,0,1.0,0.0,0.0,0,0.0,0.34319494322708705,0.0
MF,c1,603,0.376875,4.081044188677932e-16,1.0000810553933337,0.34299544046388314,4096,0,0,1.0,0.0,0.0,0,0.0,0.34299544046388314,0.0
MF,c1,604,0.3775,4.088654126813422e-16,1.000081183987335,0.34279654944735294,4096,0,0,1.0,0.0,0.0,0,0.0,0.34279654944735294,0.0
MF,c1,605,0.378125,4.0963498535201967e-16,1.0000812988106802,0.34259827155875255,4096,0,0,1.0,0.0,0.0,0,0.0,0.34259827155875255,0.0
MF,c1,606,0.37875000000000003,4.1041273235926337e-16,1.000081399395518,0.34240060815636136,4096,0,0,1.0,0.0,0.0,0,0.0,0.34240060815636136,0.0
MF,c1,607,0.379375,4.11198240565136e-16,1.0000814852617816,0.3422035605753055,4096,0,0,1.0,0.0,0.0,0,0.0,0.3422035605753055,0.0
MF,c1,608,0.38,4.11991088526404e-16,1.0000815559169236,0.3420071301273839,4096,0,0,1.0,0.0,0.0,0,0.0,0.3420071301273839,0.0
MF,c1,609,0.380625,4.1279084680924987e-16,1.000081610855651,0.3418113181008967,4096,0,0,1.0,0.0,0.0,0,0.0,0.3418113181008967,0.0
MF,c1,610,0.38125000000000003,4.135970783063747e-16,1.000081772200283,0.3416161257604762,4096,0,0,1.0,0.0,0.0,0,0.0,0.3416161257604762,0.0
MF,c1,611,0.381875,4.1440933855630475e-16,1.000082003922895,0.3414215543469197,4096,0,0,1.0,0.0,0.0,0,0.0,0.3414215543469197,0.0
MF,c1,612,0.3825,4.152271760645859e-16,1.0000822247909753,0.34122760507702504,4096,0,0,1.0,0.0,0.0,0,0.0,0.34122760507702504,0.0
MF,c1,613,0.383125,4.160501326267208e-16,1.0000824344092953,0.3410342791434291,4096,0,0,1.0,0.0,0.0,0,0.0,0.3410342791434291,0.0
MF,c1,614,0.38375000000000004,4.168777436525829e-16,1.0000826323721006,0.3408415777144485,4096,0,0,1.0,0.0,0.0,0,0.0,0.3408415777144485,0.0
MF,c1,615,0.384375,4.1770953849208974e-16,1.0000828182628774,0.34064950193392274,4096,0,0,1.0,0.0,0.0,0,0.0,0.34064950193392274,0.0
MF,c1,616,0.385,4.18545040761914e-16,1.0000829916541136,0.34045805292106,4096,0,0,1.0,0.0,0.0,0,0.0,0.34045805292106,0.0
MF,c1,617,0.385625,4.1938376867301253e-16,1.0000831521070563,0.3402672317702866,4096,0,0,1.0,0.0,0.0,0,0.0,0.3402672317702866,0.0
MF,c1,618,0.38625,4.2022523535875407e-16,1.0000832991714683,0.34007703955109775,4096,0,0,1.0,0.0,0.0,0,0.0,0.34007703955109775,0.0
MF,c1,619,0.386875,4.2106894920343163e-16,1.000083432385376,0.3398874773079122,4096,0,0,1.0,0.0,0.0,0,0.0,0.3398874773079122,0.0
MF,c1,620,0.3875,4.2191441417094577e-16,1.0000835512748205,0.33969854605992916,4096,0,0,1.0,0.0,0.0,0,0.0,0.33969854605992916,0.0
MF,c1,621,0.388125,4.2276113013344927e-16,1.0000836553535981,0.3395102468009885,4096,0,0,1.0,0.0,0.0,0,0.0,0.3395102468009885,0.0
MF,c1,622,0.38875,4.2360859319974457e-16,1.0000837441230024,0.33932258049943376,4096,0,0,1.0,0.0,0.0,0,0.0,0.33932258049943376,0.0
MF,c1,623,0.389375,4.2445629604323007e-16,1.0000838170715605,0.3391355480979776,4096,0,0,1.0,0.0,0.0,0,0.0,0.3391355480979776,0.0
MF,c1,624,0.39,4.253037282291926e-16,1.0000838736747675,0.3389491505135714,4096,0,0,1.0,0.0,0.0,0,0.0,0.3389491505135714,0.0
MF,c1,625,0.390625,4.2615037654124845e-16,1.0000839133948154,0.33876338863727673,4096,0,0,1.0,0.0,0.0,0,0.0,0.33876338863727673,0.0
MF,c1,626,0.39125,4.2514535079895967e-16,1.00008393568032,0.3385782633341408,4096,0,0,1.0,0.0,0.0,0,0.0,0.3385782633341408,0.0
MF,c1,627,0.39187500000000003,4.235195552991153e-16,1.0000840432862685,0.33839377544307464,4096,0,0,1.0,0.0,0.0,0,0.0,0.33839377544307464,0.0
MF,c1,628,0.3925,4.2225185514578013e-16,1.0000842602455164,0.33820992577673464,4096,0,0,1.0,0.0,0.0,0,0.0,0.33820992577673464,0.0
MF,c1,629,0.393125,4.2135127373658197e-16,1.000084465232099,0.33802671512140686,4096,0,0,1.0,0.0,0.0,0,0.0,0.33802671512140686,0.0
MF,c1,630,0.39375,4.2082723022053566e-16,1.0000846578172715,0.3378441442368956,4096,0,0,1.0,0.0,0.0,0,0.0,0.3378441442368956,0.0
MF,c1,631,0.39437500000000003,4.206895567988609e-16,1.0000848375612246,0.3376622138564144,4096,0,0,1.0,0.0,0.0,0,0.0,0.3376622138564144,0.0
MF,c1,632,0.395,4.2094851659515074e-16,1.0000850040126805,0.3374809246864801,4096,0,0,1.0,0.0,0.0,0,0.0,0.3374809246864801,0.0
MF,c1,633,0.395625,4.216148221145999e-16,1.0000851567087037,0.3373002774068121,4096,0,0,1.0,0.0,0.0,0,0.0,0.3373002774068121,0.0
MF,c1,634,0.39625,4.2269965431228645e-16,1.0000852951744534,0.3371202726702328,4096,0,0,1.0,0.0,0.0,0,0.0,0.3371202726702328,0.0
MF,c1,635,0.39687500000000003,4.2421468229128736e-16,1.0000854189229333,0.33694091110257274,4096,0,0,1.0,0.0,0.0,0,0.0,0.33694091110257274,0.0
MF,c1,636,0.3975,4.2617208365204103e-16,1.0000855274547351,0.3367621933025791,4096,0,0,1.0,0.0,0.0,0,0.0,0.3367621933025791,0.0
MF,c1,637,0.398125,4.2858456551503863e-16,1.0000856202577804,0.3365841198418278,4096,0,0,1.0,0.0,0.0,0,0.0,0.3365841198418278,0.0
MF,c1,638,0.39875,4.3146538623961547e-16,1.0000856968070613,0.33640669126463857,4096,0,0,1.0,0.0,0.0,0,0.0,0.33640669126463857,0.0
MF,c1,639,0.39937500000000004,4.348283778623136e-16,1.000085756564373,0.33622990808799474,4096,0,0,1.0,0.0,0.0,0,0.0,0.33622990808799474,0.0
MF,c1,640,0.4,4.384022780049276e-16,1.000085798978048,0.33605377080146526,4096,0,0,1.0,0.0,0.0,0,0.0,0.33605377080146526,0.0
MF,c1,641,0.400625,4.3916555888645993e-16,1.0000858234826817,0.33587827986713187,4096,0,0,1.0,0.0,0.0,0,0.0,0.33587827986713187,0.0
MF,c1,642,0.40125,4.3575444437745914e-16,1.0000858294988602,0.33570343571951855,4096,0,0,1.0,0.0,0.0,0,0.0,0.33570343571951855,0.0
MF,c1,643,0.401875,4.3180188266096874e-16,1.0000858164328807,0.335529238765526,4096,0,0,1.0,0.0,0.0,0,0.0,0.335529238765526,0.0
MF,c1,644,0.4025,4.281568894618666e-16,1.0000858724605697,0.3353556893843687,4096,0,0,1.0,0.0,0.0,0,0.0,0.3353556893843687,0.0
MF,c1,645,0.403125,4.2482533488604524e-16,1.0000860717292146,0.33518278792751727,4096,0,0,1.0,0.0,0.0,0,0.0,0.33518278792751727,0.0
MF,c1,646,0.40375,4.218133599639333e-16,1.0000862579636693,0.33501053471864256,4096,0,0,1.0,0.0,0.0,0,0.0,0.33501053471864256,0.0
MF,c1,647,0.404375,4.1912738904603696e-16,1.0000864307049397,0.3348389300535657,4096,0,0,1.0,0.0,0.0,0,0.0,0.3348389300535657,0.0
MF,c1,648,0.405,4.1677414257740127e-16,1.0000865894823112,0.33466797420021055,4096,0,0,1.0,0.0,0.0,0,0.0,0.33466797420021055,0.0
MF,c1,649,0.405625,4.1476065026394417e-16,1.000086733813107,0.33449766739856124,4096,0,0,1.0,0.0,0.0,0,0.0,0.33449766739856124,0.0
MF,c1,650,0.40625,4.130942646440364e-16,1.0000868632024373,0.3343280098606222,4096,0,0,1.0,0.0,0.0,0,0.0,0.3343280098606222,0.0
MF,c1,651,0.406875,4.1178267507913174e-16,1.0000869771429488,0.33415900177038355,4096,0,0,1.0,0.0,0.0,0,0.0,0.33415900177038355,0.0
MF,c1,652,0.40750000000000003,4.108339221776945e-16,1.000087075114571,0.33399064328378947,4096,0,0,1.0,0.0,0.0,0,0.0,0.33399064328378947,0.0
MF,c1,653,0.408125,4.1025641266711805e-16,1.000087156584258,0.33382293452871153,4096,0,0,1.0,0.0,0.0,0,0.0,0.33382293452871153,0.0
MF,c1,654,0.40875,4.100589347287912e-16,1.0000872210057263,0.3336558756049249,4096,0,0,1.0,0.0,0.0,0,0.0,0.3336558756049249,0.0
MF,c1,655,0.409375,4.1025067381193247e-16,1.0000872678191908,0.3334894665840894,4096,0,0,1.0,0.0,0.0,0,0.0,0.3334894665840894,0.0
MF,c1,656,0.41000000000000003,4.108412289422956e-16,1.0000872964510972,0.33332370750973445,4096,0,0,1.0,0.0,0.0,0,0.0,0.33332370750973445,0.0
MF,c1,657,0.410625,4.118406295423537e-16,1.0000873063138105,0.33315859839724793,4096,0,0,1.0,0.0,0.0,0,0.0,0.33315859839724793,0.0
MF,c1,658,0.41125,4.1325935277995836e-16,1.0000872968054617,0.3329941392338694,4096,0,0,1.0,0.0,0.0,0,0.0,0.3329941392338694,0.0
MF,c1,659,0.411875,4.1510834146322827e-16,1.0000872673095489,0.33283032997868695,4096,0,0,1.0,0.0,0.0,0,0.0,0.33283032997868695,0.0
MF,c1,660,0.41250000000000003,4.173990224996363e-16,1.0000872171946966,0.332667170562639,4096,0,0,1.0,0.0,0.0,0,0.0,0.332667170562639,0.0
MF,c1,661,0.413125,4.2014332593799615e-16,1.000087200906345,0.33250466088851893,4096,0,0,1.0,0.0,0.0,0,0.0,0.33250466088851893,0.0
MF,c1,662,0.41375,4.2255651012958174e-16,1.000087380112643,0.33234280083098555,4096,0,0,1.0,0.0,0.0,0,0.0,0.33234280083098555,0.0
MF,c1,663,0.414375,4.179656156823807e-16,1.0000875453079372,0.3321815902365761,4096,0,0,1.0,0.0,0.0,0,0.0,0.3321815902365761,0.0
MF,c1,664,0.41500000000000004,4.1365888585888075e-16,1.0000876960067078,0.33202102892372476,4096,0,0,1.0,0.0,0.0,0,0.0,0.33202102892372476,0.0
MF,c1,665,0.415625,4.096406584610589e-16,1.0000878317112774,0.33186111668278406,4096,0,0,1.0,0.0,0.0,0,0.0,0.33186111668278406,0.0
MF,c1,666,0.41625,4.059154890987081e-16,1.000087951911565,0.33170185327605156,4096,0,0,1.0,0.0,0.0,0,0.0,0.33170185327605156,0.0
MF,c1,667,0.416875,4.024881610851037e-16,1.0000880560848355,0.33154323843780037,4096,0,0,1.0,0.0,0.0,0,0.0,0.33154323843780037,0.0
MF,c1,668,0.4175,3.9936369561341673e-16,1.0000881436954485,0.33138527187431344,4096,0,0,1.0,0.0,0.0,0,0.0,0.33138527187431344,0.0
MF,c1,669,0.418125,3.96547362223471e-16,1.0000882141946006,0.3312279532639225,4096,0,0,1.0,0.0,0.0,0,0.0,0.3312279532639225,0.0
MF,c1,670,0.41875,3.9404468956874585e-16,1.000088267020067,0.3310712822570513,4096,0,0,1.0,0.0,0.0,0,0.0,0.3310712822570513,0.0
MF,c1,671,0.419375,3.918614764938349e-16,1.0000883015959403,0.3309152584762625,4096,0,0,1.0,0.0,0.0,0,0.0,0.3309152584762625,0.0
MF,c1,672,0.42,3.9000380343288904e-16,1.0000883173323638,0.3307598815163094,4096,0,0,1.0,0.0,0.0,0,0.0,0.3307598815163094,0.0
MF,c1,673,0.420625,3.884780441398886e-16,1.000088313625262,0.33060515094419135,4096,0,0,1.0,0.0,0.0,0,0.0,0.33060515094419135,0.0
MF,c1,674,0.42125,3.872908777619214e-16,1.0000882898560717,0.33045106629921367,4096,0,0,1.0,0.0,0.0,0,0.0,0.33045106629921367,0.0
MF,c1,675,0.421875,3.864493012669716e-16,1.0000882453914646,0.3302976270930515,4096,0,0,1.0,0.0,0.0,0,0.0,0.3302976270930515,0.0
MF,c1,676,0.4225,3.8596064223806495e-16,1.0000881795830705,0.3301448328098181,4096,0,0,1.0,0.0,0.0,0,0.0,0.3301448328098181,0.0
MF,c1,677,0.42312500000000003,3.858325720459598e-16,1.000088091767197,0.3299926829061373,4096,0,0,1.0,0.0,0.0,0,0.0,0.3299926829061373,0.0
MF,c1,678,0.42375,3.860731194129228e-16,1.0000879812645442,0.3298411768112199,4096,0,0,1.0,0.0,0.0,0,0.0,0.3298411768112199,0.0
MF,c1,679,0.424375,3.8669068438048515e-16,1.0000881119010918,0.32969031392694415,4096,0,0,1.0,0.0,0.0,0,0.0,0.32969031392694415,0.0
MF,c1,680,0.425,3.876940526944365e-16,1.0000882543825171,0.32954009362794096,4096,0,0,1.0,0.0,0.0,0,0.0,0.32954009362794096,0.0
MF,c1,681,0.42562500000000003,3.890924106206838e-16,1.0000883814791033,0.32939051526168256,4096,0,0,1.0,0.0,0.0,0,0.0,0.32939051526168256,0.0
MF,c1,682,0.42625,3.9089536020597326e-16,1.0000884926705826,0.32924157814857574,4096,0,0,1.0,0.0,0.0,0,0.0,0.32924157814857574,0.0
MF,c1,683,0.426875,3.930805399421726e-16,1.0000885874239596,0.32909328158205886,4096,0,0,1.0,0.0,0.0,0,0.0,0.32909328158205886,0.0
MF,c1,684,0.4275,3.8844018962964915e-16,1.0000886651932572,0.3289456248287033,4096,0,0,1.0,0.0,0.0,0,0.0,0.3289456248287033,0.0
MF,c1,685,0.42812500000000003,3.840593755631846e-16,1.0000887254192696,0.32879860712831854,4096,0,0,1.0,0.0,0.0,0,0.0,0.32879860712831854,0.0
MF,c1,686,0.42875,3.799413264022068e-16,1.000088767529302,0.3286522276940618,4096,0,0,1.0,0.0,0.0,0,0.0,0.3286522276940618,0.0
MF,c1,687,0.429375,3.760894510181533e-16,1.000088790936916,0.3285064857125512,4096,0,0,1.0,0.0,0.0,0,0.0,0.3285064857125512,0.0
MF,c1,688,0.43,3.7250734643095083e-16,1.0000887950416675,0.3283613803439832,4096,0,0,1.0,0.0,0.0,0,0.0,0.3283613803439832,0.0
MF,c1,689,0.43062500000000004,3.691988059547892e-16,1.000088779228841,0.3282169107222543,4096,0,0,1.0,0.0,0.0,0,0.0,0.3282169107222543,0.0
MF,c1,690,0.43125,3.661678275603661e-16,1.0000887428691838,0.32807307595508567,4096,0,0,1.0,0.0,0.0,0,0.0,0.32807307595508567,0.0
MF,c1,691,0.431875,3.634186224609975e-16,1.000088685318635,0.3279298751241532,4096,0,0,1.0,0.0,0.0,0,0.0,0.3279298751241532,0.0
MF,c1,692,0.4325,3.6095562393020364e-16,1.0000886059180523,0.3277873072852201,4096,0,0,1.0,0.0,0.0,0,0.0,0.3277873072852201,0.0
MF,c1,693,0.433125,3.5878349635860785e-16,1.0000885039929361,0.3276453714682742,4096,0,0,1.0,0.0,0.0,0,0.0,0.3276453714682742,0.0
MF,c1,694,0.43375,3.5690714455820647e-16,1.0000883788531512,0.32750406667766874,4096,0,0,1.0,0.0,0.0,0,0.0,0.32750406667766874,0.0
MF,c1,695,0.434375,3.553317233223011e-16,1.0000882297926428,0.32736339189226693,4096,0,0,1.0,0.0,0.0,0,0.0,0.32736339189226693,0.0
MF,c1,696,0.435,3.5406264724961446e-16,1.0000881741295136,0.32722334606559067,4096,0,0,1.0,0.0,0.0,0,0.0,0.32722334606559067,0.0
MF,c1,697,0.435625,3.531056008413475e-16,1.0000882928160122,0.32708392812597237,4096,0,0,1.0,0.0,0.0,0,0.0,0.32708392812597237,0.0
MF,c1,698,0.43625,3.5246654888017375e-16,1.0000883953677981,0.3269451369767113,4096,0,0,1.0,0.0,0.0,0,0.0,0.3269451369767113,0.0
MF,c1,699,0.436875,3.5215174710041143e-16,1.000088481246727,0.3268069714962326,4096,0,0,1.0,0.0,0.0,0,0.0,0.3268069714962326,0.0
MF,c1,700,0.4375,3.521677531588548e-16,1.0000885499017131,0.3266694305382509,4096,0,0,1.0,0.0,0.0,0,0.0,0.3266694305382509,0.0
MF,c1,701,0.438125,3.5252143791600086e-16,1.00008860076848,0.3265325129319369,4096,0,0,1.0,0.0,0.0,0,0.0,0.3265325129319369,0.0
MF,c1,702,0.43875000000000003,3.532199970376555e-16,1.0000886332693135,0.3263962174820878,4096,0,0,1.0,0.0,0.0,0,0.0,0.3263962174820878,0.0
MF,c1,703,0.439375,3.5427096292715966e-16,1.0000886468128085,0.3262605429693009,4096,0,0,1.0,0.0,0.0,0,0.0,0.3262605429693009,0.0
MF,c1,704,0.44,3.556822169987365e-16,1.0000886407936118,0.326125488150151,4096,0,0,1.0,0.0,0.0,0,0.0,0.326125488150151,0.0
MF,c1,705,0.440625,3.512502181303964e-16,1.0000886145921652,0.32599105175737125,4096,0,0,1.0,0.0,0.0,0,0.0,0.32599105175737125,0.0
MF,c1,706,0.44125000000000003,3.4701978286898713e-16,1.000088567574444,0.3258572325000369,4096,0,0,1.0,0.0,0.0,0,0.0,0.3258572325000369,0.0
MF,c1,707,0.441875,3.4302194903108884e-16,1.0000884990916923,0.32572402906375286,4096,0,0,1.0,0.0,0.0,0,0.0,0.32572402906375286,0.0
MF,c1,708,0.4425,3.3925917794585015e-16,1.0000884084801562,0.32559144011084434,4096,0,0,1.0,0.0,0.0,0,0.0,0.32559144011084434,0.0
MF,c1,709,0.443125,3.3573408358465593e-16,1.000088295060814,0.32545946428055067,4096,0,0,1.0,0.0,0.0,0,0.0,0.32545946428055067,0.0
MF,c1,710,0.44375000000000003,3.3244943891927107e-16,1.0000881581391048,0.3253281001892223,4096,0,0,1.0,0.0,0.0,0,0.0,0.3253281001892223,0.0
MF,c1,711,0.444375,3.294081824370602e-16,1.000087997004651,0.3251973464305213,4096,0,0,1.0,0.0,0.0,0,0.0,0.3251973464305213,0.0
MF,c1,712,0.445,3.266134248186639e-16,1.0000878109309688,0.3250672015756238,4096,0,0,1.0,0.0,0.0,0,0.0,0.3250672015756238,0.0
MF,c1,713,0.445625,3.240684557836724e-16,1.0000875991752265,0.32493766417342707,4096,0,0,1.0,0.0,0.0,0,0.0,0.32493766417342707,0.0
MF,c1,714,0.44625000000000004,3.21776751109961e-16,1.0000875445261632,0.32480873275075844,4096,0,0,1.0,0.0,0.0,0,0.0,0.32480873275075844,0.0
MF,c1,715,0.446875,3.1974197983255306e-16,1.0000876221340795,0.32468040581258695,4096,0,0,1.0,0.0,0.0,0,0.0,0.32468040581258695,0.0
MF,c1,716,0.4475,3.1796801162798397e-16,1.0000876824643492,0.324552681842239,4096,0,0,1.0,0.0,0.0,0,0.0,0.324552681842239,0.0
MF,c1,717,0.448125,3.1645892439031846e-16,1.000087724952804,0.3244255593016155,4096,0,0,1.0,0.0,0.0,0,0.0,0.3244255593016155,0.0
MF,c1,718,0.44875,3.152190120051278e-16,1.0000877490219895,0.32429903663141246,4096,0,0,1.0,0.0,0.0,0,0.0,0.32429903663141246,0.0
MF,c1,719,0.449375,3.142527923278915e-16,1.0000877540809192,0.32417311225134426,4096,0,0,1.0,0.0,0.0,0,0.0,0.32417311225134426,0.0
MF,c1,720,0.45,3.1356501537345015e-16,1.0000877395248258,0.3240477845603692,4096,0,0,1.0,0.0,0.0,0,0.0,0.3240477845603692,0.0
MF,c1,721,0.450625,3.1316067172329684e-16,1.00008770473491,0.32392305193691767,4096,0,0,1.0,0.0,0.0,0,0.0,0.32392305193691767,0.0
MF,c1,722,0.45125,3.1304500115766215e-16,1.0000876490780881,0.3237989127391231,4096,0,0,1.0,0.0,0.0,0,0.0,0.3237989127391231,0.0
MF,c1,723,0.451875,3.132235015195088e-16,1.0000875719067333,0.3236753653050547,4096,0,0,1.0,0.0,0.0,0,0.0,0.3236753653050547,0.0
MF,c1,724,0.4525,3.137019378177222e-16,1.0000874725584161,0.3235524079529534,4096,0,0,1.0,0.0,0.0,0,0.0,0.3235524079529534,0.0
MF,c1,725,0.453125,3.1445385277526794e-16,1.0000873503556453,0.3234300389814693,4096,0,0,1.0,0.0,0.0,0,0.0,0.3234300389814693,0.0
MF,c1,726,0.45375,3.10331296772983e-16,1.0000872046056,0.3233082566699019,4096,0,0,1.0,0.0,0.0,0,0.0,0.3233082566699019,0.0
MF,c1,727,0.45437500000000003,3.064075728629396e-16,1.000087034599864,0.32318705927844166,4096,0,0,1.0,0.0,0.0,0,0.0,0.32318705927844166,0.0
MF,c1,728,0.455,3.026842793790748e-16,1.0000868396141547,0.323066445048415,4096,0,0,1.0,0.0,0.0,0,0.0,0.323066445048415,0.0
MF,c1,729,0.455625,2.9916313132578177e-16,1.0000866189080533,0.3229464122025299,4096,0,0,1.0,0.0,0.0,0,0.0,0.3229464122025299,0.0
MF,c1,730,0.45625,2.9584596511219145e-16,1.0000863717247257,0.32282695894512436,4096,0,0,1.0,0.0,0.0,0,0.0,0.32282695894512436,0.0
MF,c1,731,0.45687500000000003,2.9273474339363944e-16,1.0000860972906482,0.3227080834624164,4096,0,0,1.0,0.0,0.0,0,0.0,0.3227080834624164,0.0
MF,c1,732,0.4575,2.898315600240376e-16,1.000085918539571,0.322589783922756,4096,0,0,1.0,0.0,0.0,0,0.0,0.322589783922756,0.0
MF,c1,733,0.458125,2.8713864512296854e-16,1.0000859535162288,0.32247205847687826,4096,0,0,1.0,0.0,0.0,0,0.0,0.32247205847687826,0.0
MF,c1,734,0.45875,2.8465837026141733e-16,1.0000859702166358,0.3223549052581592,4096,0,0,1.0,0.0,0.0,0,0.0,0.3223549052581592,0.0
MF,c1,735,0.45937500000000003,2.823932537701565e-16,1.0000859680553074,0.32223832238287203,4096,0,0,1.0,0.0,0.0,0,0.0,0.32223832238287203,0.0
MF,c1,736,0.46,2.803459661748963e-16,1.000085946433242,0.32212230795044644,4096,0,0,1.0,0.0,0.0,0,0.0,0.32212230795044644,0.0
MF,c1,737,0.460625,2.7851933576241406e-16,1.0000859047376762,0.32200686004372714,4096,0,0,1.0,0.0,0.0,0,0.0,0.32200686004372714,0.0
MF,c1,738,0.46125,2.7691635428197716e-16,1.0000858423418428,0.32189197672923603,4096,0,0,1.0,0.0,0.0,0,0.0,0.32189197672923603,0.0
MF,c1,739,0.46187500000000004,2.755401827864734e-16,1.0000857586047192,0.3217776560574344,4096,0,0,1.0,0.0,0.0,0,0.0,0.3217776560574344,0.0
MF,c1,740,0.4625,2.7439415761776687e-16,1.00008565287078,0.32166389606298645,4096,0,0,1.0,0.0,0.0,0,0.0,0.32166389606298645,0.0
MF,c1,741,0.463125,2.734817965408973e-16,1.0000855244697413,0.3215506947650245,4096,0,0,1.0,0.0,0.0,0,0.0,0.3215506947650245,0.0
MF,c1,742,0.46375,2.728068050318442e-16,1.0000853727163064,0.32143805016741467,4096,0,0,1.0,0.0,0.0,0,0.0,0.32143805016741467,0.0
MF,c1,743,0.464375,2.723730827236817e-16,1.000085196909907,0.3213259602590241,4096,0,0,1.0,0.0,0.0,0,0.0,0.3213259602590241,0.0
MF,c1,744,0.465,2.7218473001605165e-16,1.0000849963344443,0.3212144230139885,4096,0,0,1.0,0.0,0.0,0,0.0,0.3212144230139885,0.0
MF,c1,745,0.465625,2.7224605485298725e-16,1.000084770258023,0.32110343639198136,4096,0,0,1.0,0.0,0.0,0,0.0,0.32110343639198136,0.0
MF,c1,746,0.46625,2.725615796742251e-16,1.0000845179326883,0.32099299833848327,4096,0,0,1.0,0.0,0.0,0,0.0,0.32099299833848327,0.0
MF,c1,747,0.466875,2.6897340121206253e-16,1.0000842385941562,0.32088310678505216,4096,0,0,1.0,0.0,0.0,0,0.0,0.32088310678505216,0.0
MF,c1,748,0.4675,2.6544694960312424e-16,1.000083931461545,0.3207737596495944,4096,0,0,1.0,0.0,0.0,0,0.0,0.3207737596495944,0.0
MF,c1,749,0.468125,2.620889456830151e-16,1.0000835957371004,0.320664954836636,4096,0,0,1.0,0.0,0.0,0,0.0,0.320664954836636,0.0
MF,c1,750,0.46875,2.5890054134339998e-16,1.000083230605924,0.3205566902375949,4096,0,0,1.0,0.0,0.0,0,0.0,0.3205566902375949,0.0
MF,c1,751,0.469375,2.558829830018384e-16,1.0000831120046698,0.32044896373105314,4096,0,0,1.0,0.0,0.0,0,0.0,0.32044896373105314,0.0
MF,c1,752,0.47000000000000003,2.530376152006564e-16,1.0000830844446456,0.32034177318302987,4096,0,0,1.0,0.0,0.0,0,0.0,0.32034177318302987,0.0
MF,c1,753,0.470625,2.5036588428196245e-16,1.0000830371778042,0.32023511644725383,4096,0,0,1.0,0.0,0.0,0,0.0,0.32023511644725383,0.0
MF,c1,754,0.47125,2.4786934214143717e-16,1.0000829695886309,0.32012899136543743,4096,0,0,1.0,0.0,0.0,0,0.0,0.32012899136543743,0.0
MF,c1,755,0.471875,2.4554965006359e-16,1.00008288104773,0.3200233957675491,4096,0,0,1.0,0.0,0.0,0,0.0,0.3200233957675491,0.0
MF,c1,756,0.47250000000000003,2.4340858264123623e-16,1.000082770911588,0.3199183274720876,4096,0,0,1.0,0.0,0.0,0,0.0,0.3199183274720876,0.0
MF,c1,757,0.473125,2.414480317820104e-16,1.00008263852233,0.3198137842863547,4096,0,0,1.0,0.0,0.0,0,0.0,0.3198137842863547,0.0
MF,c1,758,0.47375,2.39670010804802e-16,1.0000824832074773,0.3197097640067291,4096,0,0,1.0,0.0,0.0,0,0.0,0.3197097640067291,0.0
MF,c1,759,0.474375,2.380766586290046e-16,1.0000823042796845,0.3196062644189388,4096,0,0,1.0,0.0,0.0,0,0.0,0.3196062644189388,0.0
MF,c1,760,0.47500000000000003,2.3667024405967126e-16,1.000082101036506,0.3195032832983349,4096,0,0,1.0,0.0,0.0,0,0.0,0.3195032832983349,0.0
MF,c1,761,0.475625,2.3545317017154947e-16,1.000081872760136,0.3194008184101634,4096,0,0,1.0,0.0,0.0,0,0.0,0.3194008184101634,0.0
MF,c1,762,0.47625,2.344279787951621e-16,1.0000816187171546,0.3192988675098381,4096,0,0,1.0,0.0,0.0,0,0.0,0.3192988675098381,0.0
MF,c1,763,0.476875,2.3359735510810986e-16,1.000081338158271,0.31919742834321196,4096,0,0,1.0,0.0,0.0,0,0.0,0.31919742834321196,0.0
MF,c1,764,0.47750000000000004,2.3296413233484446e-16,1.0000810303180632,0.3190964986468485,4096,0,0,1.0,0.0,0.0,0,0.0,0.3190964986468485,0.0
MF,c1,765,0.478125,2.3253129655821724e-16,1.0000806944147147,0.31899607614829284,4096,0,0,1.0,0.0,0.0,0,0.0,0.31899607614829284,0.0
MF,c1,766,0.47875,2.323019916461754e-16,1.0000803296497531,0.31889615856634107,4096,0,0,1.0,0.0,0.0,0,0.0,0.31889615856634107,0.0
MF,c1,767,0.479375,2.3227952429703395e-16,1.0000799352077827,0.3187967436113103,4096,0,0,1.0,0.0,0.0,0,0.0,0.3187967436113103,0.0
MF,c1,768,0.48,2.2958555828768467e-16,1.0000795102562157,0.31869782898530685,4096,0,0,1.0,0.0,0.0,0,0.0,0.31869782898530685,0.0
MF,c1,769,0.480625,2.2649263255036835e-16,1.0000790539450017,0.31859941238249434,4096,0,0,1.0,0.0,0.0,0,0.0,0.31859941238249434,0.0
MF,c1,770,0.48125,2.2353807844733456e-16,1.0000788189313932,0.3185014914893601,4096,0,0,1.0,0.0,0.0,0,0.0,0.3185014914893601,0.0
MF,c1,771,0.481875,2.2072263940615412e-16,1.0000787267183666,0.31840406398498133,4096,0,0,1.0,0.0,0.0,0,0.0,0.31840406398498133,0.0
MF,c1,772,0.4825,2.180471308109401e-16,1.0000786135223498,0.3183071275412899,4096,0,0,1.0,0.0,0.0,0,0.0,0.3183071275412899,0.0
MF,c1,773,0.483125,2.155124426161263e-16,1.0000784787025188,0.31821067982333623,4096,0,0,1.0,0.0,0.0,0,0.0,0.31821067982333623,0.0
MF,c1,774,0.48375,2.1311954201100961e-16,1.0000783216039213,0.3181147184895514,4096,0,0,1.0,0.0,0.0,0,0.0,0.3181147184895514,0.0
MF,c1,775,0.484375,2.1086947613681536e-16,1.0000781415572397,0.3180192411920091,4096,0,0,1.0,0.0,0.0,0,0.0,0.3180192411920091,0.0
MF,c1,776,0.485,2.0876337485808074e-16,1.0000779378785525,0.3179242455766853,4096,0,0,1.0,0.0,0.0,0,0.0,0.3179242455766853,0.0
MF,c1,777,0.48562500000000003,2.0680245359018748e-16,1.0000777098690914,0.3178297292837175,4096,0,0,1.0,0.0,0.0,0,0.0,0.3178297292837175,0.0
MF,c1,778,0.48625,2.0498801618491155e-16,1.000077456815,0.31773568994766155,4096,0,0,1.0,0.0,0.0,0,0.0,0.31773568994766155,0.0
MF,c1,779,0.486875,2.0332145787590312e-16,1.0000771779870954,0.3176421251977479,4096,0,0,1.0,0.0,0.0,0,0.0,0.3176421251977479,0.0
MF,c1,780,0.4875,2.0180426828599085e-16,1.0000768726405884,0.31754903265813617,4096,0,0,1.0,0.0,0.0,0,0.0,0.31754903265813617,0.0
MF,c1,781,0.48812500000000003,2.004380344983726e-16,1.0000765400148668,0.31745640994816754,4096,0,0,1.0,0.0,0.0,0,0.0,0.31745640994816754,0.0
MF,c1,782,0.48875,1.9922444419361854e-16,1.0000761793332311,0.3173642546826165,4096,0,0,1.0,0.0,0.0,0,0.0,0.3173642546826165,0.0
MF,c1,783,0.489375,1.98165288854573e-16,1.0000757898026402,0.3172725644719402,4096,0,0,1.0,0.0,0.0,0,0.0,0.3172725644719402,0.0
MF,c1,784,0.49,1.972624670412255e-16,1.0000753706134544,0.31718133692252654,4096,0,0,1.0,0.0,0.0,0,0.0,0.31718133692252654,0.0
MF,c1,785,0.49062500000000003,1.9651798773766622e-16,1.0000749209391768,0.3170905696369399,4096,0,0,1.0,0.0,0.0,0,0.0,0.3170905696369399,0.0
MF,c1,786,0.49125,1.9593397377327279e-16,1.0000744399361947,0.31700026021416594,4096,0,0,1.0,0.0,0.0,0,0.0,0.31700026021416594,0.0
MF,c1,787,0.491875,1.9551266532030978e-16,1.0000739267435128,0.3169104062498537,4096,0,0,1.0,0.0,0.0,0,0.0,0.3169104062498537,0.0
MF,c1,788,0.4925,1.9525642347015553e-16,1.0000733804824948,0.31682100533655644,4096,0,0,1.0,0.0,0.0,0,0.0,0.31682100533655644,0.0
MF,c1,789,0.49312500000000004,1.9368302180798446e-16,1.0000728002565915,0.31673205506396995,4096,0,0,1.0,0.0,0.0,0,0.0,0.31673205506396995,0.0
MF,c1,790,0.49375,1.9102057596235143e-16,1.0000726381958913,0.31664355301916924,4096,0,0,1.0,0.0,0.0,0,0.0,0.31664355301916924,0.0
MF,c1,791,0.494375,1.8846947443523247e-16,1.0000724580451716,0.31655549678684325,4096,0,0,1.0,0.0,0.0,0,0.0,0.31655549678684325,0.0
MF,c1,792,0.495,1.860301752375119e-16,1.0000722551592296,0.3164678839495272,4096,0,0,1.0,0.0,0.0,0,0.0,0.3164678839495272,0.0
MF,c1,793,0.49562500000000004,1.837031898780195e-16,1.0000720288626241,0.3163807120878331,4096,0,0,1.0,0.0,0.0,0,0.0,0.3163807120878331,0.0
MF,c1,794,0.49625,1.8148908522007628e-16,1.0000717784654267,0.31629397878067755,4096,0,0,1.0,0.0,0.0,0,0.0,0.31629397878067755,0.0
MF,c1,795,0.496875,1.7938848537081705e-16,1.00007150326294,0.31620768160550833,4096,0,0,1.0,0.0,0.0,0,0.0,0.31620768160550833,0.0
MF,c1,796,0.4975,1.7740207360446626e-16,1.0000712025355079,0.3161218181385277,4096,0,0,1.0,0.0,0.0,0,0.0,0.3161218181385277,0.0
MF,c1,797,0.498125,1.7553059432068738e-16,1.0000708755482624,0.3160363859549142,4096,0,0,1.0,0.0,0.0,0,0.0,0.3160363859549142,0.0
MF,c1,798,0.49875,1.7377485503920128e-16,1.0000705215508827,0.3159513826290415,4096,0,0,1.0,0.0,0.0,0,0.0,0.3159513826290415,0.0
MF,c1,799,0.499375,1.7213572843186911e-16,1.000070139777353,0.3158668057346956,4096,0,0,1.0,0.0,0.0,0,0.0,0.3158668057346956,0.0
MF,c1,800,0.5,1.706141543934562e-16,1.0000697294457181,0.31578265284528934,4096,0,0,1.0,0.0,0.0,0,0.0,0.31578265284528934,0.0
MF,c1,801,0.500625,1.6921114215231526e-16,1.000069289757837,0.31569892153407403,4096,0,0,1.0,0.0,0.0,0,0.0,0.31569892153407403,0.0
MF,c1,802,0.50125,1.679277724222441e-16,1.0000688198991345,0.3156156093743495,4096,0,0,1.0,0.0,0.0,0,0.0,0.3156156093743495,0.0
MF,c1,803,0.501875,1.667651995967928e-16,1.0000683190383535,0.31553271393967136,4096,0,0,1.0,0.0,0.0,0,0.0,0.31553271393967136,0.0
MF,c1,804,0.5025000000000001,1.6572465398731336e-16,1.0000677863272989,0.31545023280405543,4096,0,0,1.0,0.0,0.0,0,0.0,0.31545023280405543,0.0
MF,c1,805,0.503125,1.648074441060626e-16,1.0000672209005876,0.31536816354217995,4096,0,0,1.0,0.0,0.0,0,0.0,0.31536816354217995,0.0
MF,c1,806,0.50375,1.6401495899569852e-16,1.0000666218754066,0.31528650372958555,4096,0,0,1.0,0.0,0.0,0,0.0,0.31528650372958555,0.0
MF,c1,807,0.504375,1.6334867060645627e-16,1.000065988351211,0.31520525094287216,4096,0,0,1.0,0.0,0.0,0,0.0,0.31520525094287216,0.0
MF,c1,808,0.505,1.628101362224816e-16,1.0000653194095104,0.3151244027598935,4096,0,0,1.0,0.0,0.0,0,0.0,0.3151244027598935,0.0
MF,c1,809,0.505625,1.62401000938586e-16,1.0000646141135943,0.3150439567599491,4096,0,0,1.0,0.0,0.0,0,0.0,0.3150439567599491,0.0
MF,c1,810,0.50625,1.6201470877920428e-16,1.0000642949025111,0.3149639105239737,4096,0,0,1.0,0.0,0.0,0,0.0,0.3149639105239737,0.0
MF,c1,811,0.506875,1.5975491214863172e-16,1.0000640238188938,0.3148842616347236,4096,0,0,1.0,0.0,0.0,0,0.0,0.3148842616347236,0.0
MF,c1,812,0.5075000000000001,1.5758307283523226e-16,1.0000637284134781,0.3148050076769612,4096,0,0,1.0,0.0,0.0,0,0.0,0.3148050076769612,0.0
MF,c1,813,0.508125,1.554994567276482e-16,1.0000634079809498,0.314726146237636,4096,0,0,1.0,0.0,0.0,0,0.0,0.314726146237636,0.0
MF,c1,814,0.50875,1.535043685259715e-16,1.0000630618012218,0.3146476749060634,4096,0,0,1.0,0.0,0.0,0,0.0,0.3146476749060634,0.0
MF,c1,815,0.509375,1.5159815303276172e-16,1.0000626891392277,0.3145695912741008,4096,0,0,1.0,0.0,0.0,0,0.0,0.3145695912741008,0.0
MF,c1,816,0.51,1.4978119646450585e-16,1.0000622892446305,0.31449189293632046,4096,0,0,1.0,0.0,0.0,0,0.0,0.31449189293632046,0.0
MF,c1,817,0.510625,1.4805392778427033e-16,1.0000618613516472,0.31441457749018076,4096,0,0,1.0,0.0,0.0,0,0.0,0.31441457749018076,0.0
MF,c1,818,0.51125,1.4641682005622609e-16,1.0000614046787928,0.31433764253619356,4096,0,0,1.0,0.0,0.0,0,0.0,0.31433764253619356,0.0
MF,c1,819,0.511875,1.4487039182279615e-16,1.0000609184286466,0.31426108567808936,4096,0,0,1.0,0.0,0.0,0,0.0,0.31426108567808936,0.0
MF,c1,820,0.5125,1.4341520850516316e-16,1.0000604017876087,0.31418490452298004,4096,0,0,1.0,0.0,0.0,0,0.0,0.31418490452298004,0.0
MF,c1,821,0.513125,1.4205188382788756e-16,1.0000598539256627,0.3141090966815178,4096,0,0,1.0,0.0,0.0,0,0.0,0.3141090966815178,0.0
MF,c1,822,0.51375,1.4078108126839596e-16,1.0000592739961316,0.314033659768053,4096,0,0,1.0,0.0,0.0,0,0.0,0.314033659768053,0.0
MF,c1,823,0.514375,1.3960351553211057e-16,1.0000586611354356,0.3139585914007873,4096,0,0,1.0,0.0,0.0,0,0.0,0.3139585914007873,0.0
MF,c1,824,0.515,1.3851995405400425e-16,1.0000580144628624,0.3138838892019259,4096,0,0,1.0,0.0,0.0,0,0.0,0.3138838892019259,0.0
MF,c1,825,0.515625,1.3753121852733052e-16,1.0000573330802656,0.31380955079782574,4096,0,0,1.0,0.0,0.0,0,0.0,0.31380955079782574,0.0
MF,c1,826,0.51625,1.3663818646039802e-16,1.0000566160718731,0.31373557381914124,4096,0,0,1.0,0.0,0.0,0,0.0,0.31373557381914124,0.0
MF,c1,827,0.516875,1.3584179276211947e-16,1.0000558625040152,0.31366195590096807,4096,0,0,1.0,0.0,0.0,0,0.0,0.31366195590096807,0.0
MF,c1,828,0.5175,1.3514303135718e-16,1.0000550714248757,0.31358869468298267,4096,0,0,1.0,0.0,0.0,0,0.0,0.31358869468298267,0.0
MF,c1,829,0.5181250000000001,1.3454295683163548e-16,1.0000542418642369,0.3135157878095806,4096,0,0,1.0,0.0,0.0,0,0.0,0.3135157878095806,0.0
MF,c1,830,0.51875,1.3404268610976438e-16,1.0000534722514243,0.3134432329300111,4096,0,0,1.0,0.0,0.0,0,0.0,0.3134432329300111,0.0
MF,c1,831,0.519375,1.3364340016301425e-16,1.000053108197317,0.3133710276985093,4096,0,0,1.0,0.0,0.0,0,0.0,0.3133710276985093,0.0
MF,c1,832,0.52,1.3285470851130957e-16,1.0000527184351802,0.31329916977442573,4096,0,0,1.0,0.0,0.0,0,0.0,0.31329916977442573,0.0
MF,c1,833,0.520625,1.3102511655538516e-16,1.0000523022348162,0.31322765682235276,4096,0,0,1.0,0.0,0.0,0,0.0,0.31322765682235276,0.0
MF,c1,834,0.52125,1.292640195210078e-16,1.0000518588510943,0.3131564865122491,4096,0,0,1.0,0.0,0.0,0,0.0,0.3131564865122491,0.0
MF,c1,835,0.521875,1.2757158651222804e-16,1.000051387523722,0.31308565651956066,4096,0,0,1.0,0.0,0.0,0,0.0,0.31308565651956066,0.0
MF,c1,836,0.5225,1.2594801496405653e-16,1.0000508874770238,0.31301516452533934,4096,0,0,1.0,0.0,0.0,0,0.0,0.31301516452533934,0.0
MF,c1,837,0.5231250000000001,1.2439353153463328e-16,1.0000503579197109,0.3129450082163588,4096,0,0,1.0,0.0,0.0,0,0.0,0.3129450082163588,0.0
MF,c1,838,0.52375,1.229083930100945e-16,1.0000497980446734,0.3128751852852279,4096,0,0,1.0,0.0,0.0,0,0.0,0.3128751852852279,0.0
MF,c1,839,0.524375,1.21492887222545e-16,1.000049207028687,0.3128056934305013,4096,0,0,1.0,0.0,0.0,0,0.0,0.3128056934305013,0.0
MF,c1,840,0.525,1.2014733398161454e-16,1.000048584032243,0.31273653035678733,4096,0,0,1.0,0.0,0.0,0,0.0,0.31273653035678733,0.0
MF,c1,841,0.525625,1.1887208601999618e-16,1.0000479281992949,0.31266769377485326,4096,0,0,1.0,0.0,0.0,0,0.0,0.31266769377485326,0.0
MF,c1,842,0.52625,1.17667529953431e-16,1.0000472386570205,0.31259918140172815,4096,0,0,1.0,0.0,0.0,0,0.0,0.31259918140172815,0.0
MF,c1,843,0.526875,1.1653408725558338e-16,1.000046514515588,0.31253099096080306,4096,0,0,1.0,0.0,0.0,0,0.0,0.31253099096080306,0.0
MF,c1,844,0.5275,1.154722152482654e-16,1.0000457548679353,0.3124631201819284,4096,0,0,1.0,0.0,0.0,0,0.0,0.3124631201819284,0.0
MF,c1,845,0.528125,1.14482408107436e-16,1.0000449587894706,0.312395566801509,4096,0,0,1.0,0.0,0.0,0,0.0,0.312395566801509,0.0
MF,c1,846,0.52875,1.1356519788549137e-16,1.0000441253378913,0.3123283285625967,4096,0,0,1.0,0.0,0.0,0,0.0,0.3123283285625967,0.0
MF,c1,847,0.529375,1.1272115555025136e-16,1.000043253552923,0.31226140321498014,4096,0,0,1.0,0.0,0.0,0,0.0,0.31226140321498014,0.0
MF,c1,848,0.53,1.1195089204113496e-16,1.0000423424560734,0.31219478851527227,4096,0,0,1.0,0.0,0.0,0,0.0,0.31219478851527227,0.0
MF,c1,849,0.530625,1.1125505934298458e-16,1.0000413910503905,0.3121284822269953,4096,0,0,1.0,0.0,0.0,0,0.0,0.3121284822269953,0.0
MF,c1,850,0.53125,1.106343515780162e-16,1.0000403983202346,0.3120624821206633,4096,0,0,1.0,0.0,0.0,0,0.0,0.3120624821206633,0.0
MF,c1,851,0.531875,1.100895061163273e-16,1.0000393632309694,0.3119967859738622,4096,0,0,1.0,0.0,0.0,0,0.0,0.3119967859738622,0.0
MF,c1,852,0.5325,1.0962130470550883e-16,1.000038873007386,0.3119313915713274,4096,0,0,1.0,0.0,0.0,0,0.0,0.3119313915713274,0.0
MF,c1,853,0.533125,1.0923057461975998e-16,1.000038360090302,0.3118662967050192,4096,0,0,1.0,0.0,0.0,0,0.0,0.3118662967050192,0.0
MF,c1,854,0.5337500000000001,1.0857637767922527e-16,1.0000378187930545,0.3118014991741956,4096,0,0,1.0,0.0,0.0,0,0.0,0.3118014991741956,0.0
MF,c1,855,0.534375,1.0709971932075136e-16,1.0000372483354556,0.31173699678548306,4096,0,0,1.0,0.0,0.0,0,0.0,0.31173699678548306,0.0
MF,c1,856,0.535,1.0567556619487841e-16,1.000036647921829,0.3116727873529446,4096,0,0,1.0,0.0,0.0,0,0.0,0.3116727873529446,0.0
MF,c1,857,0.535625,1.0430402172355448e-16,1.0000360167408588,0.31160886869814575,4096,0,0,1.0,0.0,0.0,0,0.0,0.31160886869814575,0.0
MF,c1,858,0.53625,1.0298520942273509e-16,1.0000353539653433,0.3115452386502185,4096,0,0,1.0,0.0,0.0,0,0.0,0.3115452386502185,0.0
MF,c1,859,0.536875,1.0171927350515154e-16,1.0000346587519726,0.3114818950459225,4096,0,0,1.0,0.0,0.0,0,0.0,0.3114818950459225,0.0
MF,c1,860,0.5375,1.0050637949059124e-16,1.0000339302411256,0.3114188357297048,4096,0,0,1.0,0.0,0.0,0,0.0,0.3114188357297048,0.0
MF,c1,861,0.538125,9.934671482391773e-17,1.0000331675565757,0.3113560585537564,4096,0,0,1.0,0.0,0.0,0,0.0,0.3113560585537564,0.0
MF,c1,862,0.5387500000000001,9.824048950111843e-17,1.000032369805331,0.3112935613780676,4096,0,0,1.0,0.0,0.0,0,0.0,0.3112935613780676,0.0
MF,c1,863,0.539375,9.718793670359268e-17,1.0000315360773837,0.31123134207048064,4096,0,0,1.0,0.0,0.0,0,0.0,0.31123134207048064,0.0
MF,c1,864,0.54,9.618931344095072e-17,1.00003066544548,0.3111693985067406,4096,0,0,1.0,0.0,0.0,0,0.0,0.3111693985067406,0.0
MF,c1,865,0.540625,9.5244901202578e-17,1.0000297569649095,0.3111077285705439,4096,0,0,1.0,0.0,0.0,0,0.0,0.3111077285705439,0.0
MF,c1,866,0.54125,9.435500661819514e-17,1.0000288096732062,0.3110463301535851,4096,0,0,1.0,0.0,0.0,0,0.0,0.3110463301535851,0.0
MF,c1,867,0.541875,9.351996212771384e-17,1.000027822589982,0.3109852011556013,4096,0,0,1.0,0.0,0.0,0,0.0,0.3109852011556013,0.0
MF,c1,868,0.5425,9.274012666059879e-17,1.0000267947166697,0.3109243394844151,4096,0,0,1.0,0.0,0.0,0,0.0,0.3109243394844151,0.0
MF,c1,869,0.543125,9.201588632501798e-17,1.0000257250363094,0.31086374305597514,4096,0,0,1.0,0.0,0.0,0,0.0,0.31086374305597514,0.0
MF,c1,870,0.5437500000000001,9.13476551070056e-17,1.0000246125132433,0.3108034097943947,4096,0,0,1.0,0.0,0.0,0,0.0,0.3108034097943947,0.0
MF,c1,871,0.544375,9.073587557994485e-17,1.0000234560929468,0.31074333763198914,4096,0,0,1.0,0.0,0.0,0,0.0,0.31074333763198914,0.0
MF,c1,872,0.545,9.018101962457298e-17,1.000022254701765,0.31068352450931025,4096,0,0,1.0,0.0,0.0,0,0.0,0.31068352450931025,0.0
MF,c1,873,0.545625,8.968358915979386e-17,1.000021188935051,0.3106239683751801,4096,0,0,1.0,0.0,0.0,0,0.0,0.3106239683751801,0.0
MF,c1,874,0.54625,8.924411688451447e-17,1.0000205492843401,0.31056466718672204,4096,0,0,1.0,0.0,0.0,0,0.0,0.31056466718672204,0.0
MF,c1,875,0.546875,8.886316703081767e-17,1.0000198795233795,0.3105056189093907,4096,0,0,1.0,0.0,0.0,0,0.0,0.3105056189093907,0.0
MF,c1,876,0.5475,8.85413361286603e-17,1.0000191788418655,0.3104468215169995,4096,0,0,1.0,0.0,0.0,0,0.0,0.3104468215169995,0.0
MF,c1,877,0.548125,8.739401339419594e-17,1.0000184464138937,0.31038827299174737,4096,0,0,1.0,0.0,0.0,0,0.0,0.31038827299174737,0.0
MF,c1,878,0.54875,8.624304666379899e-17,1.0000176813976642,0.31032997132424295,4096,0,0,1.0,0.0,0.0,0,0.0,0.31032997132424295,0.0
MF,c1,879,0.5493750000000001,8.513183741970309e-17,1.0000168829353464,0.31027191451352776,4096,0,0,1.0,0.0,0.0,0,0.0,0.31027191451352776,0.0
MF,c1,880,0.55,8.40604592216652e-17,1.000016050152834,0.3102141005670973,4096,0,0,1.0,0.0,0.0,0,0.0,0.3102141005670973,0.0
MF,c1,881,0.550625,8.302899986888402e-17,1.0000151821595529,0.31015652750092104,4096,0,0,1.0,0.0,0.0,0,0.0,0.31015652750092104,0.0
MF,c1,882,0.55125,8.203756180266263e-17,1.0000142780481676,0.3100991933394604,4096,0,0,1.0,0.0,0.0,0,0.0,0.3100991933394604,0.0
MF,c1,883,0.551875,8.10862625134086e-17,1.0000133368944348,0.3100420961156855,4096,0,0,1.0,0.0,0.0,0,0.0,0.3100420961156855,0.0
MF,c1,884,0.5525,8.017523495207346e-17,1.0000123577569577,0.3099852338710905,4096,0,0,1.0,0.0,0.0,0,0.0,0.3099852338710905,0.0
MF,c1,885,0.553125,7.930462794618423e-17,1.000011339676988,0.30992860465570726,4096,0,0,1.0,0.0,0.0,0,0.0,0.30992860465570726,0.0
MF,c1,886,0.55375,7.847460662058014e-17,1.0000102816781282,0.3098722065281177,4096,0,0,1.0,0.0,0.0,0,0.0,0.3098722065281177,0.0
MF,c1,887,0.5543750000000001,7.768535282302259e-17,1.0000091827661808,0.3098160375554647,4096,0,0,1.0,0.0,0.0,0,0.0,0.3098160375554647,0.0
MF,c1,888,0.555,7.693706555478081e-17,1.000008041928923,0.30976009581346187,4096,0,0,1.0,0.0,0.0,0,0.0,0.30976009581346187,0.0
MF,c1,889,0.555625,7.622996140632232e-17,1.0000068581358073,0.3097043793864016,4096,0,0,1.0,0.0,0.0,0,0.0,0.3097043793864016,0.0
MF,c1,890,0.55625,7.556427499827594e-17,1.000005630337806,0.3096488863671622,4096,0,0,1.0,0.0,0.0,0,0.0,0.3096488863671622,0.0
MF,c1,891,0.556875,7.494025942775895e-17,1.0000043574671595,0.3095936148572136,4096,0,0,1.0,0.0,0.0,0,0.0,0.3095936148572136,0.0
MF,c1,892,0.5575,7.435818672022174e-17,1.000003038437172,0.3095385629666218,4096,0,0,1.0,0.0,0.0,0,0.0,0.3095385629666218,0.0
MF,c1,893,0.558125,7.381834828691239e-17,1.0000016721419085,0.3094837288140521,4096,0,0,1.0,0.0,0.0,0,0.0,0.3094837288140521,0.0
MF,c1,894,0.55875,7.332105538813163e-17,1.0000002574560378,0.3094291105267715,4096,0,0,1.0,0.0,0.0,0,0.0,0.3094291105267715,0.0
MF,c1,895,0.5593750000000001,7.286663960236531e-17,0.9999988437398076,0.3093747062406493,4096,0,0,1.0,0.0,0.0,0,0.0,0.3093747062406493,0.0
MF,c1,896,0.56,7.245545330141559e-17,0.9999980426749053,0.30932051410015693,4096,0,0,1.0,0.0,0.0,0,0.0,0.30932051410015693,0.0
MF,c1,897,0.560625,7.208787013169539e-17,0.9999972091770023,0.30926653225836737,4096,0,0,1.0,0.0,0.0,0,0.0,0.30926653225836737,0.0
MF,c1,898,0.56125,7.176428550176462e-17,0.9999963423950885,0.3092127588769521,4096,0,0,1.0,0.0,0.0,0,0.0,0.3092127588769521,0.0
MF,c1,899,0.561875,7.127562688510944e-17,0.9999954414621718,0.3091591921261781,4096,0,0,1.0,0.0,0.0,0,0.0,0.3091591921261781,0.0
MF,c1,900,0.5625,7.034510120968907e-17,0.9999945054951437,0.3091058301849037,4096,0,0,1.0,0.0,0.0,0,0.0,0.3091058301849037,0.0
MF,c1,901,0.563125,6.944426415913208e-17,0.9999935335945715,0.30905267124057306,4096,0,0,1.0,0.0,0.0,0,0.0,0.30905267124057306,0.0
MF,c1,902,0.56375,6.857315641657855e-17,0.9999925248444118,0.30899971348921035,4096,0,0,1.0,0.0,0.0,0,0.0,0.30899971348921035,0.0
MF,c1,903,0.564375,6.773182817329092e-17,0.9999914783118735,0.3089469551354119,4096,0,0,1.0,0.0,0.0,0,0.0,0.3089469551354119,0.0
MF,c1,904,0.5650000000000001,6.6920339388833e-17,0.9999903930472086,0.3088943943923393,4096,0,0,1.0,0.0,0.0,0,0.0,0.3088943943923393,0.0
MF,c1,905,0.565625,6.613876005346032e-17,0.9999892680834191,0.3088420294817093,4096,0,0,1.0,0.0,0.0,0,0.0,0.3088420294817093,0.0
MF,c1,906,0.56625,6.538717045281246e-17,0.9999881024361228,0.30878985863378516,4096,0,0,1.0,0.0,0.0,0,0.0,0.30878985863378516,0.0
MF,c1,907,0.566875,6.46656614349483e-17,0.9999868951033343,0.3087378800873657,4096,0,0,1.0,0.0,0.0,0,0.0,0.3087378800873657,0.0
MF,c1,908,0.5675,6.39743346797873e-17,0.9999856450651762,0.30868609208977393,4096,0,0,1.0,0.0,0.0,0,0.0,0.30868609208977393,0.0
MF,c1,909,0.568125,6.331330297105066e-17,0.9999843512837614,0.30863449289684547,4096,0,0,1.0,0.0,0.0,0,0.0,0.30863449289684547,0.0
MF,c1,910,0.56875,6.268269047072062e-17,0.9999830127028766,0.30858308077291535,4096,0,0,1.0,0.0,0.0,0,0.0,0.30858308077291535,0.0
MF,c1,911,0.569375,6.208263299612543e-17,0.9999816282478388,0.308531853990805,4096,0,0,1.0,0.0,0.0,0,0.0,0.308531853990805,0.0
MF,c1,912,0.5700000000000001,6.151327829968064e-17,0.9999801968252742,0.30848081083180773,4096,0,0,1.0,0.0,0.0,0,0.0,0.30848081083180773,0.0
MF,c1,913,0.570625,6.097478635134588e-17,0.9999787173228295,0.30842994958567427,4096,0,0,1.0,0.0,0.0,0,0.0,0.30842994958567427,0.0
MF,c1,914,0.57125,6.04673296238852e-17,0.9999771886090204,0.30837926855059755,4096,0,0,1.0,0.0,0.0,0,0.0,0.30837926855059755,0.0
MF,c1,915,0.571875,5.999109338095946e-17,0.9999756095330138,0.3083287660331961,4096,0,0,1.0,0.0,0.0,0,0.0,0.3083287660331961,0.0
MF,c1,916,0.5725,5.954627596810579e-17,0.9999739789243338,0.3082784403484982,4096,0,0,1.0,0.0,0.0,0,0.0,0.3082784403484982,0.0
MF,c1,917,0.573125,5.913308910669329e-17,0.9999722955927359,0.3082282898199245,4096,0,0,1.0,0.0,0.0,0,0.0,0.3082282898199245,0.0
MF,c1,918,0.57375,5.875175819085512e-17,0.9999708487572693,0.30817831277927,4096,0,0,1.0,0.0,0.0,0,0.0,0.30817831277927,0.0
MF,c1,919,0.574375,5.840252258750574e-17,0.9999698453632794,0.3081285075666868,4096,0,0,1.0,0.0,0.0,0,0.0,0.3081285075666868,0.0
MF,c1,920,0.5750000000000001,5.808563593943278e-17,0.9999688065374734,0.30807887253066446,4096,0,0,1.0,0.0,0.0,0,0.0,0.30807887253066446,0.0
MF,c1,921,0.575625,5.780136647156798e-17,0.9999677313767591,0.30802940602801177,4096,0,0,1.0,0.0,0.0,0,0.0,0.30802940602801177,0.0
MF,c1,922,0.57625,5.74162428135461e-17,0.9999666189617237,0.3079801064238366,4096,0,0,1.0,0.0,0.0,0,0.0,0.3079801064238366,0.0
MF,c1,923,0.576875,5.668555802547616e-17,0.9999654683563552,0.3079309720915263,4096,0,0,1.0,0.0,0.0,0,0.0,0.3079309720915263,0.0
MF,c1,924,0.5775,5.597683663274749e-17,0.9999642786079401,0.30788200141272715,4096,0,0,1.0,0.0,0.0,0,0.0,0.30788200141272715,0.0
MF,c1,925,0.578125,5.529010457819361e-17,0.9999630487467602,0.30783319277732374,4096,0,0,1.0,0.0,0.0,0,0.0,0.30783319277732374,0.0
MF,c1,926,0.57875,5.462539412146919e-17,0.9999617777859877,0.30778454458341786,4096,0,0,1.0,0.0,0.0,0,0.0,0.30778454458341786,0.0
MF,c1,927,0.579375,5.398274400486587e-17,0.9999604647213792,0.30773605523730696,4096,0,0,1.0,0.0,0.0,0,0.0,0.30773605523730696,0.0
MF,c1,928,0.58,5.336219962018279e-17,0.9999591085311442,0.30768772315346243,4096,0,0,1.0,0.0,0.0,0,0.0,0.30768772315346243,0.0
MF,c1,929,0.5806250000000001,5.276381317665707e-17,0.9999577081757388,0.30763954675450755,4096,0,0,1.0,0.0,0.0,0,0.0,0.30763954675450755,0.0
MF,c1,930,0.58125,5.218764386998044e-17,0.999956262597585,0.3075915244711951,4096,0,0,1.0,0.0,0.0,0,0.0,0.3075915244711951,0.0
MF,c1,931,0.581875,5.1633758052452236e-17,0.9999547707209571,0.3075436547423849,4096,0,0,1.0,0.0,0.0,0,0.0,0.3075436547423849,0.0
MF,c1,932,0.5825,5.110222940425841e-17,0.9999532314516806,0.30749593601502023,4096,0,0,1.0,0.0,0.0,0,0.0,0.30749593601502023,0.0
MF,c1,933,0.583125,5.059313910593959e-17,0.9999516436770163,0.30744836674410597,4096,0,0,1.0,0.0,0.0,0,0.0,0.30744836674410597,0.0
MF,c1,934,0.58375,5.010657601203301e-17,0.9999500062653554,0.307400945392684,4096,0,0,1.0,0.0,0.0,0,0.0,0.307400945392684,0.0
MF,c1,935,0.584375,4.964263682595066e-17,0.9999483180661051,0.3073536704318103,4096,0,0,1.0,0.0,0.0,0,0.0,0.3073536704318103,0.0
MF,c1,936,0.585,4.920142627607481e-17,0.9999465779093838,0.30730654034053106,4096,0,0,1.0,0.0,0.0,0,0.0,0.30730654034053106,0.0
MF,c1,937,0.5856250000000001,4.878305729313302e-17,0.9999447846059029,0.30725955360585894,4096,0,0,1.0,0.0,0.0,0,0.0,0.30725955360585894,0.0
MF,c1,938,0.58625,4.838765118882969e-17,0.9999429369466647,0.3072127087227486,4096,0,0,1.0,0.0,0.0,0,0.0,0.3072127087227486,0.0
MF,c1,939,0.586875,4.80153378357957e-17,0.9999410337028405,0.307166004194073,4096,0,0,1.0,0.0,0.0,0,0.0,0.307166004194073,0.0
MF,c1,940,0.5875,4.766625584882872e-17,0.9999390736254714,0.30711943853059853,4096,0,0,1.0,0.0,0.0,0,0.0,0.30711943853059853,0.0
MF,c1,941,0.588125,4.7340552767485244e-17,0.999937229519951,0.3070730102509609,4096,0,0,1.0,0.0,0.0,0,0.0,0.3070730102509609,0.0
MF,c1,942,0.58875,4.7038385239991884e-17,0.9999360130233577,0.3070267178816406,4096,0,0,1.0,0.0,0.0,0,0.0,0.3070267178816406,0.0
MF,c1,943,0.589375,4.675991920853641e-17,0.9999347582604893,0.3069805599569379,4096,0,0,1.0,0.0,0.0,0,0.0,0.3069805599569379,0.0
MF,c1,944,0.59,4.650533009590048e-17,0.9999334642806275,0.30693453501894835,4096,0,0,1.0,0.0,0.0,0,0.0,0.30693453501894835,0.0
MF,c1,945,0.5906250000000001,4.6274802993494147e-17,0.9999321301164363,0.3068886416175381,4096,0,0,1.0,0.0,0.0,0,0.0,0.3068886416175381,0.0
MF,c1,946,0.59125,4.5870898126165713e-17,0.9999307547836761,0.3068428783103186,4096,0,0,1.0,0.0,0.0,0,0.0,0.3068428783103186,0.0
MF,c1,947,0.591875,4.5310331104682335e-17,0.9999293372810987,0.3067972436626221,4096,0,0,1.0,0.0,0.0,0,0.0,0.3067972436626221,0.0
MF,c1,948,0.5925,4.4765879525692716e-17,0.9999278765901812,0.3067517362474766,4096,0,0,1.0,0.0,0.0,0,0.0,0.3067517362474766,0.0
MF,c1,949,0.593125,4.4237562279210035e-17,0.9999263716749326,0.30670635464558066,4096,0,0,1.0,0.0,0.0,0,0.0,0.30670635464558066,0.0
MF,c1,950,0.59375,4.372540241215104e-17,0.999924821481759,0.3066610974452787,4096,0,0,1.0,0.0,0.0,0,0.0,0.3066610974452787,0.0
MF,c1,951,0.594375,4.322942723194492e-17,0.999923224939181,0.3066159632425359,4096,0,0,1.0,0.0,0.0,0,0.0,0.3066159632425359,0.0
MF,c1,952,0.595,4.2749668410547e-17,0.9999215809577184,0.30657095064091316,4096,0,0,1.0,0.0,0.0,0,0.0,0.30657095064091316,0.0
MF,c1,953,0.595625,4.228616208883619e-17,0.9999198884296083,0.306526058251542,4096,0,0,1.0,0.0,0.0,0,0.0,0.306526058251542,0.0
MF,c1,954,0.5962500000000001,4.1838948981431807e-17,0.9999181462286882,0.3064812846931,4096,0,0,1.0,0.0,0.0,0,0.0,0.3064812846931,0.0
MF,c1,955,0.596875,4.1408074481907033e-17,0.9999163532101146,0.3064366285917855,4096,0,0,1.0,0.0,0.0,0,0.0,0.3064366285917855,0.0
MF,c1,956,0.5975,4.099358876843416e-17,0.9999145082102434,0.30639208858129285,4096,0,0,1.0,0.0,0.0,0,0.0,0.30639208858129285,0.0
MF,c1,957,0.598125,4.05955469098384e-17,0.9999126100463679,0.30634766330278757,4096,0,0,1.0,0.0,0.0,0,0.0,0.30634766330278757,0.0
MF,c1,958,0.59875,4.021400897208305e-17,0.9999106575165234,0.3063033514048814,4096,0,0,1.0,0.0,0.0,0,0.0,0.3063033514048814,0.0
MF,c1,959,0.599375,3.9849040125190195e-17,0.999908649399338,0.306259151543608,4096,0,0,1.0,0.0,0.0,0,0.0,0.306259151543608,0.0
MF,c1,960,0.6,3.9500710750579195e-17,0.9999065844537619,0.3062150623823977,4096,0,0,1.0,0.0,0.0,0,0.0,0.3062150623823977,0.0
MF,c1,961,0.600625,3.916909654885512e-17,0.9999044614189359,0.3061710825920532,4096,0,0,1.0,0.0,0.0,0,0.0,0.3061710825920532,0.0
MF,c1,962,0.6012500000000001,3.885427864801489e-17,0.9999022790139213,0.3061272108507251,4096,0,0,1.0,0.0,0.0,0,0.0,0.3061272108507251,0.0
MF,c1,963,0.601875,3.855634371210492e-17,0.9999000359375658,0.30608344584388736,4096,0,0,1.0,0.0,0.0,0,0.0,0.30608344584388736,0.0
MF,c1,964,0.6025,3.8275384050296915e-17,0.9998977308682554,0.30603978626431283,4096,0,0,1.0,0.0,0.0,0,0.0,0.30603978626431283,0.0
MF,c1,965,0.603125,3.801149772640108e-17,0.999895898863795,0.3059962308120492,4096,0,0,1.0,0.0,0.0,0,0.0,0.3059962308120492,0.0
MF,c1,966,0.60375,3.77647886688152e-17,0.9998944180414358,0.30595277819439476,4096,0,0,1.0,0.0,0.0,0,0.0,0.30595277819439476,0.0
MF,c1,967,0.604375,3.7535366780880745e-17,0.9998928953279494,0.30590942712587404,4096,0,0,1.0,0.0,0.0,0,0.0,0.30590942712587404,0.0
MF,c1,968,0.605,3.732334805167767e-17,0.9998913297128171,0.3058661763282145,4096,0,0,1.0,0.0,0.0,0,0.0,0.3058661763282145,0.0
MF,c1,969,0.605625,3.712885466721112e-17,0.9998897201684055,0.30582302453032195,4096,0,0,1.0,0.0,0.0,0,0.0,0.30582302453032195,0.0
MF,c1,970,0.6062500000000001,3.695201512202426e-17,0.9998880656498448,0.3057799704682571,4096,0,0,1.0,0.0,0.0,0,0.0,0.3057799704682571,0.0
MF,c1,971,0.606875,3.679060453990805e-17,0.9998863650947794,0.3057370128852121,4096,0,0,1.0,0.0,0.0,0,0.0,0.3057370128852121,0.0
MF,c1,972,0.6075,3.6367785539578546e-17,0.9998846174232351,0.30569415053148674,4096,0,0,1.0,0.0,0.0,0,0.0,0.30569415053148674,0.0
MF,c1,973,0.608125,3.5956716709360795e-17,0.9998828215373755,0.3056513821644653,4096,0,0,1.0,0.0,0.0,0,0.0,0.3056513821644653,0.0
MF,c1,974,0.60875,3.5557412356465134e-17,0.9998809763213673,0.305608706548593,4096,0,0,1.0,0.0,0.0,0,0.0,0.305608706548593,0.0
MF,c1,975,0.609375,3.5169889488121355e-17,0.9998790806411368,0.30556612245535303,4096,0,0,1.0,0.0,0.0,0,0.0,0.30556612245535303,0.0
MF,c1,976,0.61,3.4794167874543573e-17,0.9998771333442297,0.30552362866324334,4096,0,0,1.0,0.0,0.0,0,0.0,0.30552362866324334,0.0
MF,c1,977,0.610625,3.443027011194122e-17,0.9998751332595761,0.3054812239577542,4096,0,0,1.0,0.0,0.0,0,0.0,0.3054812239577542,0.0
MF,c1,978,0.61125,3.407822168558909e-17,0.9998730791973403,0.30543890713134486,4096,0,0,1.0,0.0,0.0,0,0.0,0.30543890713134486,0.0
MF,c1,979,0.6118750000000001,3.3738051032938913e-17,0.9998709699486922,0.3053966769834211,4096,0,0,1.0,0.0,0.0,0,0.0,0.3053966769834211,0.0
MF,c1,980,0.6125,3.340978960678374e-17,0.9998688042856468,0.3053545323203129,4096,0,0,1.0,0.0,0.0,0,0.0,0.3053545323203129,0.0
MF,c1,981,0.613125,3.3093471938462315e-17,0.9998665809608682,0.30531247195525196,4096,0,0,1.0,0.0,0.0,0,0.0,0.30531247195525196,0.0
MF,c1,982,0.61375,3.2789135701098984e-17,0.9998642987074587,0.3052704947083494,4096,0,0,1.0,0.0,0.0,0,0.0,0.3052704947083494,0.0
MF,c1,983,0.614375,3.249682177288394e-17,0.9998619562387916,0.3052285994065734,4096,0,0,1.0,0.0,0.0,0,0.0,0.3052285994065734,0.0
MF,c1,984,0.615,3.221657430037993e-17,0.9998595522483142,0.30518678488372786,4096,0,0,1.0,0.0,0.0,0,0.0,0.30518678488372786,0.0
MF,c1,985,0.615625,3.1948440761849067e-17,0.9998570854093481,0.30514504998043,4096,0,0,1.0,0.0,0.0,0,0.0,0.30514504998043,0.0
MF,c1,986,0.61625,3.169247203060368e-17,0.99985455437491,0.3051033935440889,4096,0,0,1.0,0.0,0.0,0,0.0,0.3051033935440889,0.0
MF,c1,987,0.6168750000000001,3.144872243836358e-17,0.9998519577775195,0.30506181442888364,4096,0,0,1.0,0.0,0.0,0,0.0,0.30506181442888364,0.0
MF,c1,988,0.6175,3.121724983861903e-17,0.9998492942290073,0.30502031149574227,4096,0,0,1.0,0.0,0.0,0,0.0,0.30502031149574227,0.0
MF,c1,989,0.618125,3.0998115669983645e-17,0.9998470634393888,0.30497888361232006,4096,0,0,1.0,0.0,0.0,0,0.0,0.30497888361232006,0.0
MF,c1,990,0.61875,3.079138501954152e-17,0.9998453021330251,0.3049375296529786,4096,0,0,1.0,0.0,0.0,0,0.0,0.3049375296529786,0.0
MF,c1,991,0.619375,3.059712668616649e-17,0.9998434954524626,0.3048962484987647,4096,0,0,1.0,0.0,0.0,0,0.0,0.3048962484987647,0.0
MF,c1,992,0.62,3.0415413243809666e-17,0.9998416423315513,0.30485503903738925,4096,0,0,1.0,0.0,0.0,0,0.0,0.30485503903738925,0.0
MF,c1,993,0.620625,3.024632110474331e-17,0.999839741686737,0.30481390016320664,4096,0,0,1.0,0.0,0.0,0,0.0,0.30481390016320664,0.0
MF,c1,994,0.62125,3.0089930582749435e-17,0.9998377924168792,0.30477283077719397,4096,0,0,1.0,0.0,0.0,0,0.0,0.30477283077719397,0.0
MF,c1,995,0.6218750000000001,2.99463259562409e-17,0.9998357934030739,0.30473182978693053,4096,0,0,1.0,0.0,0.0,0,0.0,0.30473182978693053,0.0
MF,c1,996,0.6225,2.981559553130199e-17,0.9998337435084702,0.3046908961065772,4096,0,0,1.0,0.0,0.0,0,0.0,0.3046908961065772,0.0
MF,c1,997,0.623125,2.9697831704634724e-17,0.999831641578092,0.3046500286568564,4096,0,0,1.0,0.0,0.0,0,0.0,0.3046500286568564,0.0
MF,c1,998,0.62375,2.959313102639621e-17,0.9998294864386561,0.30460922636503185,4096,0,0,1.0,0.0,0.0,0,0.0,0.30460922636503185,0.0
MF,c1,999,0.624375,2.9501594262911754e-17,0.9998272768983923,0.3045684881648881,4096,0,0,1.0,0.0,0.0,0,0.0,0.3045684881648881,0.0
MF,c1,1000,0.625,2.942332645924734e-17,0.9998250117468619,0.304527812996711,4096,0,0,1.0,0.0,0.0,0,0.0,0.304527812996711,0.0
MF,c1,1001,0.625625,2.935843700162465e-17,0.9998226897547772,0.3044871998072679,4096,0,0,1.0,0.0,0.0,0,0.0,0.3044871998072679,0.0
MF,c1,1002,0.62625,2.916756959866865e-17,0.9998203096738308,0.3044466475497873,4096,0,0,1.0,0.0,0.0,0,0.0,0.3044466475497873,0.0
MF,c1,1003,0.626875,2.8892518744543685e-17,0.9998178702364873,0.30440615518393993,4096,0,0,1.0,0.0,0.0,0,0.0,0.30440615518393993,0.0
MF,c1,1004,0.6275000000000001,2.8626077010321594e-17,0.9998153701558282,0.30436572167581877,4096,0,0,1.0,0.0,0.0,0,0.0,0.30436572167581877,0.0
MF,c1,1005,0.628125,2.8368263217212044e-17,0.9998128081253653,0.30432534599791955,4096,0,0,1.0,0.0,0.0,0,0.0,0.30432534599791955,0.0
MF,c1,1006,0.62875,2.811909810318815e-17,0.9998101828188714,0.30428502712912187,4096,0,0,1.0,0.0,0.0,0,0.0,0.30428502712912187,0.0
MF,c1,1007,0.629375,2.787860435911448e-17,0.9998074928901645,0.30424476405466966,4096,0,0,1.0,0.0,0.0,0,0.0,0.30424476405466966,0.0
MF,c1,1008,0.63,2.7646806664746895e-17,0.9998047369729632,0.3042045557661518,4096,0,0,1.0,0.0,0.0,0,0.0,0.3042045557661518,0.0
MF,c1,1009,0.630625,2.7423731724591787e-17,0.9998019136807142,0.30416440126148375,4096,0,0,1.0,0.0,0.0,0,0.0,0.30416440126148375,0.0
MF,c1,1010,0.63125,2.7209408303617813e-17,0.999799021606365,0.30412429954488773,4096,0,0,1.0,0.0,0.0,0,0.0,0.30412429954488773,0.0
MF,c1,1011,0.631875,2.7003867262816783e-17,0.9997960593222489,0.3040842496268747,4096,0,0,1.0,0.0,0.0,0,0.0,0.3040842496268747,0.0
MF,c1,1012,0.6325000000000001,2.6807141594598505e-17,0.9997930253798429,0.3040442505242249,4096,0,0,1.0,0.0,0.0,0,0.0,0.3040442505242249,0.0
MF,c1,1013,0.633125,2.6619266458017766e-17,0.9997899183096385,0.3040043012599695,4096,0,0,1.0,0.0,0.0,0,0.0,0.3040043012599695,0.0
MF,c1,1014,0.63375,2.644027921381981e-17,0.9997878135449326,0.3039644008633719,4096,0,0,1.0,0.0,0.0,0,0.0,0.3039644008633719,0.0
MF,c1,1015,0.634375,2.627021945929571e-17,0.9997857070674895,0.30392454836990906,4096,0,0,1.0,0.0,0.0,0,0.0,0.30392454836990906,0.0
MF,c1,1016,0.635,2.6109129062941044e-17,0.9997835507956561,0.3038847428212531,4096,0,0,1.0,0.0,0.0,0,0.0,0.3038847428212531,0.0
MF,c1,1017,0.635625,2.595705219890286e-17,0.9997813435943863,0.30384498326525283,4096,0,0,1.0,0.0,0.0,0,0.0,0.30384498326525283,0.0
MF,c1,1018,0.63625,2.5814035381209247e-17,0.9997790843108532,0.30380526875591557,4096,0,0,1.0,0.0,0.0,0,0.0,0.30380526875591557,0.0
MF,c1,1019,0.636875,2.5680127497766433e-17,0.9997767717742215,0.30376559835338873,4096,0,0,1.0,0.0,0.0,0,0.0,0.30376559835338873,0.0
MF,c1,1020,0.6375000000000001,2.5555379844114992e-17,0.9997744047954769,0.30372597112394145,4096,0,0,1.0,0.0,0.0,0,0.0,0.30372597112394145,0.0
MF,c1,1021,0.638125,2.5439846156932554e-17,0.9997719821673104,0.3036863861399466,4096,0,0,1.0,0.0,0.0,0,0.0,0.3036863861399466,0.0
MF,c1,1022,0.63875,2.533358264726978e-17,0.9997695026638707,0.30364684247986273,4096,0,0,1.0,0.0,0.0,0,0.0,0.30364684247986273,0.0
MF,c1,1023,0.639375,2.52366480335088e-17,0.9997669650406722,0.3036073392282157,4096,0,0,1.0,0.0,0.0,0,0.0,0.3036073392282157,0.0
MF,c1,1024,0.64,2.514910357402966e-17,0.9997643680343422,0.303567875475581,4096,0,0,1.0,0.0,0.0,0,0.0,0.303567875475581,0.0
MF,c1,1025,0.640625,2.5071013099572137e-17,0.9997617103625343,0.3035284503185656,4096,0,0,1.0,0.0,0.0,0,0.0,0.3035284503185656,0.0
MF,c1,1026,0.64125,2.5002443045278663e-17,0.9997589907236939,0.30348906285978994,4096,0,0,1.0,0.0,0.0,0,0.0,0.30348906285978994,0.0
MF,c1,1027,0.641875,2.4943462482404455e-17,0.9997562077968868,0.3034497122078702,4096,0,0,1.0,0.0,0.0,0,0.0,0.3034497122078702,0.0
MF,c1,1028,0.6425,2.48941431496791e-17,0.9997533602416958,0.3034103974774003,4096,0,0,1.0,0.0,0.0,0,0.0,0.3034103974774003,0.0
MF,c1,1029,0.6431250000000001,2.485455948430598e-17,0.9997504466979621,0.3033711177889342,4096,0,0,1.0,0.0,0.0,0,0.0,0.3033711177889342,0.0
MF,c1,1030,0.64375,2.4824788652581705e-17,0.9997474657857066,0.303331872268968,4096,0,0,1.0,0.0,0.0,0,0.0,0.303331872268968,0.0
MF,c1,1031,0.644375,2.480491058012183e-17,0.9997444161048925,0.30329266004992217,4096,0,0,1.0,0.0,0.0,0,0.0,0.30329266004992217,0.0
MF,c1,1032,0.645,2.479500798167477e-17,0.9997412962352568,0.3032534802701239,4096,0,0,1.0,0.0,0.0,0,0.0,0.3032534802701239,0.0
MF,c1,1033,0.645625,2.4795166390506018e-17,0.999738104736213,0.3032143320737892,4096,0,0,1.0,0.0,0.0,0,0.0,0.3032143320737892,0.0
MF,c1,1034,0.64625,2.4805474187338552e-17,0.9997348401465883,0.3031752146110052,4096,0,0,1.0,0.0,0.0,0,0.0,0.3031752146110052,0.0
MF,c1,1035,0.646875,2.4826022628826575e-17,0.9997315009845564,0.303136127037713,4096,0,0,1.0,0.0,0.0,0,0.0,0.303136127037713,0.0
MF,c1,1036,0.6475,2.4856905875549337e-17,0.9997280857473949,0.3030970685156889,4096,0,0,1.0,0.0,0.0,0,0.0,0.3030970685156889,0.0
MF,c1,1037,0.6481250000000001,2.489822101950282e-17,0.9997245929113227,0.3030580382125278,4096,0,0,1.0,0.0,0.0,0,0.0,0.3030580382125278,0.0
MF,c1,1038,0.64875,2.495006811106912e-17,0.9997210209314101,0.3030190353016249,4096,0,0,1.0,0.0,0.0,0,0.0,0.3030190353016249,0.0
MF,c1,1039,0.649375,2.5012550185448982e-17,0.9997185699429978,0.3029800589621583,4096,0,0,1.0,0.0,0.0,0,0.0,0.3029800589621583,0.0
MF,c1,1040,0.65,2.5085773288529508e-17,0.9997160946600904,0.3029411083790713,4096,0,0,1.0,0.0,0.0,0,0.0,0.3029411083790713,0.0
MF,c2,0,0.0,0.0,1.0,0.5,3456,0,640,0.84375,0.0,0.15625,0,0.0,0.5,0.0
MF,c2,1,0.000625,6.487114674700558e-39,1.000125991563297,0.49942563162096787,4096,0,0,1.0,0.0,0.0,0,0.0,0.49942563162096787,0.0
MF,c2,2,0.00125,6.227663488229468e-36,1.000268896523216,0.49887285710709145,4096,0,0,1.0,0.0,0.0,0,0.0,0.49887285710709145,0.0
MF,c2,3,0.001875,3.2684481114250287e-34,1.0004089837211863,0.4983400604317288,4096,0,0,1.0,0.0,0.0,0,0.0,0.4983400604317288,0.0
MF,c2,4,0.0025,5.274304089920243e-33,1.000546258959327,0.49782579754223705,4096,0,0,1.0,0.0,0.0,0,0.0,0.49782579754223705,0.0
MF,c2,5,0.003125,4.463499860903627e-32,1.0006807337319286,0.4973287713435538,4096,0,0,1.0,0.0,0.0,0,0.0,0.4973287713435538,0.0
MF,c2,6,0.00375,2.511651484419632e-31,1.0008264766795592,0.49684781127685296,4096,0,0,1.0,0.0,0.0,0,0.0,0.49684781127685296,0.0
MF,c2,7,0.004375,1.066549194470473e-30,1.0009734845559808,0.49638185649076,4096,0,0,1.0,0.0,0.0,0,0.0,0.49638185649076,0.0
MF,c2,8,0.005,3.685941654959248e-30,1.0011179563817534,0.4959299418487574,4096,0,0,1.0,0.0,0.0,0,0.0,0.4959299418487574,0.0
MF,c2,9,0.005625,1.088476494131681e-29,1.0012598520011067,0.49549118619660076,4096,0,0,1.0,0.0,0.0,0,0.0,0.49549118619660076,0.0
MF,c2,10,0.00625,2.839476100906001e-29,1.0013991424340436,0.49506478244727076,4096,0,0,1.0,0.0,0.0,0,0.0,0.49506478244727076,0.0
MF,c2,11,0.006875,6.700533182883978e-29,1.0015358081079655,0.4946499891413343,4096,0,0,1.0,0.0,0.0,0,0.0,0.4946499891413343,0.0
MF,c2,12,0.0075,1.4555940226141441e-28,1.001669837425411,0.4942461232164509,4096,0,0,1.0,0.0,0.0,0,0.0,0.4942461232164509,0.0
MF,c2,13,0.008125,2.9499081734568725e-28,1.0018012903163884,0.49385255377729004,4096,0,0,1.0,0.0,0.0,0,0.0,0.49385255377729004,0.0
MF,c2,14,0.00875,5.635146640955623e-28,1.0019333589035961,0.4934686967007042,4096,0,0,1.0,0.0,0.0,0,0.0,0.4934686967007042,0.0
MF,c2,15,0.009375,1.0230359406430057e-27,1.0020631642809603,0.493094009943947,4096,0,0,1.0,0.0,0.0,0,0.0,0.493094009943947,0.0
MF,c2,16,0.01,1.776789285055209e-27,1.0021906992293956,0.4927279894485971,4096,0,0,1.0,0.0,0.0,0,0.0,0.4927279894485971,0.0
MF,c2,17,0.010625,2.9681667533339427e-27,1.0023159608465328,0.4923701655517474,4096,0,0,1.0,0.0,0.0,0,0.0,0.4923701655517474,0.0
MF,c2,18,0.01125,4.790635437903225e-27,1.0024389499878608,0.4920200998305854,4096,0,0,1.0,0.0,0.0,0,0.0,0.4920200998305854,0.0
MF,c2,19,0.011875,-0.0006848981768750141,1.0025596707801732,0.4916773823180536,4094,2,0,0.99951171875,0.00048828125,0.0,2,0.00048828125,0.49167766107659605,-2.787585424397569e-07
MF,c2,20,0.0125,-0.0016274074295919282,1.0026781302018748,0.49134162903676776,4093,3,0,0.999267578125,0.000732421875,0.0,3,0.000732421875,0.4913424652813333,-8.362445655108099e-07
MF,c2,21,0.013125,-0.002214866845168571,1.0027943377180535,0.49101247980643825,4092,4,0,0.9990234375,0.0009765625,0.0,4,0.0009765625,0.4910139631228034,-1.4833163651095678e-06
MF,c2,22,0.01375,-0.0025275063966759092,1.0029083049635812,0.49068959628703174,4092,4,0,0.9990234375,0.0009765625,0.0,4,0.0009765625,0.4906915235511284,-1.927264096618367e-06
MF,c2,23,0.014375,-0.002632662907791657,1.0030200454722382,0.4903726602260095,4092,4,0,0.9990234375,0.0009765625,0.0,4,0.0009765625,0.49037481195814464,-2.1517321351765736e-06
MF,c2,24,0.015,-0.0026009276519343137,1.0031384304483124,0.49006137188321625,4091,5,0,0.998779296875,0.001220703125,0.0,5,0.001220703125,0.49006364406497704,-2.272181760788919e-06
MF,c2,25,0.015625,-0.0024719422331137687,1.0058804862568285,0.48975544861138787,4090,6,0,0.99853515625,0.00146484375,0.0,6,0.00146484375,0.4897577485249989,-2.2999136110439764e-06
MF,c2,26,0.01625,-0.002266970004517004,1.008184428012306,0.4894546235738027,4090,6,0,0.99853515625,0.00146484375,0.0,6,0.00146484375,0.4894568957798678,-2.2722060650953042e-06
MF,c2,27,0.016875,-0.0020157020576020345,1.009951451597559,0.48915864458340436,4090,6,0,0.99853515625,0.00146484375,0.0,6,0.00146484375,0.48916078363389703,-2.139050492634537e-06
MF,c2,28,0.0175,-0.0017412036799710983,1.011309719845768,0.4888672730498789,4088,8,0,0.998046875,0.001953125,0.0,8,0.001953125,0.4888697557941623,-2.48274428340572e-06
MF,c2,29,0.018125,-0.00246282348505933,1.01228734280155,0.4885802830228465,4087,9,0,0.997802734375,0.002197265625,0.0,9,0.002197265625,0.48858321113488357,-2.928112037095415e-06
MF,c2,30,0.01875,-0.003224965003874722,1.0128908622541795,0.488297460320674,4086,10,0,0.99755859375,0.00244140625,0.0,10,0.00244140625,0.48830091021291067,-3.449892236652419e-06
MF,c2,31,0.019375,-0.003671977881007606,1.0131729031182934,0.48801860173558376,4086,10,0,0.99755859375,0.00244140625,0.0,10,0.00244140625,0.48802244576892,-3.844033336265229e-06
MF,c2,32,0.02,-0.0038739569358951973,1.0131829141516961,0.48774351430680113,4086,10,0,0.99755859375,0.00244140625,0.0,10,0.00244140625,0.48774749343927226,-3.979132471100569e-06
MF,c2,33,0.020625,-0.003942756463890392,1.0129668545374644,0.48747201465451,4086,10,0,0.99755859375,0.00244140625,0.0,10,0.00244140625,0.48747593645688014,-3.9218023701225735e-06
MF,c2,34,0.02125,-0.003860445419224997,1.0125669891775815,0.48720392836834475,4085,11,0,0.997314453125,0.002685546875,0.0,11,0.002685546875,0.4872077402275272,-3.8118591824546994e-06
MF,c2,35,0.021875000000000002,-0.003669189749677577,1.0120217801290987,0.4869390894450346,4083,13,0,0.996826171875,0.003173828125,0.0,13,0.003173828125,0.4869427003167669,-3.6108717322969375e-06
MF,c2,36,0.0225,-0.0034036056118461164,1.0113658612825491,0.4866773397705674,4082,14,0,0.99658203125,0.00341796875,0.0,14,0.00341796875,0.4866807611285434,-3.421357976026801e-06
MF,c2,37,0.023125,-0.0030916484348836237,1.010630083510504,0.4864185286428527,4084,12,0,0.9970703125,0.0029296875,0.0,12,0.0029296875,0.48642179080328035,-3.262160427648473e-06
MF,c2,38,0.02375,-0.002755473178094662,1.0098416180112704,0.48616251233131363,4083,13,0,0.996826171875,0.003173828125,0.0,13,0.003173828125,0.4861659021581417,-3.3898268280715756e-06
MF,c2,39,0.024375,-0.0024122489292321765,1.0114525091731321,0.4859091536701649,4081,15,0,0.996337890625,0.003662109375,0.0,15,0.003662109375,0.48591290575626983,-3.75208610492414e-06
MF,c2,40,0.025,-0.0031645603484470974,1.013605319106103,0.4856583216823668,4081,15,0,0.996337890625,0.003662109375,0.0,15,0.003662109375,0.4856624953361121,-4.1736537453460635e-06
MF,c2,41,0.025625000000000002,-0.0036812013869861196,1.0152428121314816,0.48540989123143413,4080,16,0,0.99609375,0.00390625,0.0,16,0.00390625,0.48541424966517366,-4.358433739537816e-06
MF,c2,42,0.02625,-0.00395757293600943,1.0164236036665018,0.48516374269847495,4080,16,0,0.99609375,0.00390625,0.0,16,0.00390625,0.4851683289037902,-4.5862053152497715e-06
MF,c2,43,0.026875,-0.004045379801430842,1.0172035271826891,0.48491976168204753,4080,16,0,0.99609375,0.00390625,0.0,16,0.00390625,0.4849243668639847,-4.605181937196478e-06
MF,c2,44,0.0275,-0.003996311950021887,1.0176352860073485,0.4846778387186867,4080,16,0,0.99609375,0.00390625,0.0,16,0.00390625,0.48468230734417633,-4.4686254896381245e-06
MF,c2,45,0.028125,-0.0039050421786208083,1.017768201105352,0.48443786902222336,4079,17,0,0.995849609375,0.004150390625,0.0,17,0.004150390625,0.48444214500316124,-4.275980937912334e-06
MF,c2,46,0.02875,-0.0037227312059332036,1.0176480453942154,0.48419975224031203,4079,17,0,0.995849609375,0.004150390625,0.0,17,0.004150390625,0.48420382930609684,-4.07706578486658e-06
MF,c2,47,0.029375000000000002,-0.0034769645694627004,1.017316954674086,0.48396339222683027,4079,17,0,0.995849609375,0.004150390625,0.0,17,0.004150390625,0.48396718607474126,-3.7938479110197882e-06
MF,c2,48,0.03,-0.003190331714807572,1.0168134051594315,0.4837286968290262,4078,18,0,0.99560546875,0.00439453125,0.0,18,0.00439453125,0.48373217372542815,-3.4768964019667938e-06
MF,c2,49,0.030625,-0.0028810200742033364,1.0161722478031412,0.4834955776884291,4078,18,0,0.99560546875,0.00439453125,0.0,18,0.00439453125,0.4834989722348067,-3.3945463775843535e-06
MF,c2,50,0.03125,-0.0025633859085771524,1.0154247900351328,0.48326395005462147,4079,17,0,0.995849609375,0.004150390625,0.0,17,0.004150390625,0.48326749991424794,-3.5498596264964375e-06
MF,c2,51,0.031875,-0.0029185434798521016,1.014598916133547,0.48303373261099986,4079,17,0,0.995849609375,0.004150390625,0.0,17,0.004150390625,0.48303768202602154,-3.9494150216389e-06
MF,c2,52,0.0325,-0.0034359777362936157,1.0137192381528832,0.4828048473116527,4079,17,0,0.995849609375,0.004150390625,0.0,17,0.004150390625,0.4828090156669709,-4.168355318202957e-06
MF,c2,53,0.033125,-0.003741045660106934,1.0128072701049002,0.4825772192284782,4080,16,0,0.99609375,0.00390625,0.0,16,0.00390625,0.4825814290828961,-4.209854417891602e-06
MF,c2,54,0.03375,-0.003875712271142263,1.0137427262077519,0.48235077640767615,4081,15,0,0.996337890625,0.003662109375,0.0,15,0.003662109375,0.482354903132351,-4.126724674915444e-06
MF,c2,55,0.034375,-0.0038764613018924393,1.0149866408298924,0.4821254497347835,4081,15,0,0.996337890625,0.003662109375,0.0,15,0.003662109375,0.4821295059400088,-4.056205225353428e-06
MF,c2,56,0.035,-0.003774659382986777,1.0158586119493918,0.48190117280749395,4080,16,0,0.99609375,0.00390625,0.0,16,0.00390625,0.4819051968745195,-4.024067025522542e-06
MF,c2,57,0.035625000000000004,-0.003596958328284783,1.0166592252049267,0.481677881815596,4079,17,0,0.995849609375,0.004150390625,0.0,17,0.004150390625,0.481681792382629,-3.910567032881846e-06
MF,c2,58,0.03625,-0.003365719342867602,1.0171787297495138,0.4814555154274719,4079,17,0,0.995849609375,0.004150390625,0.0,17,0.004150390625,0.48145922150951787,-3.706082045971657e-06
MF,c2,59,0.036875,-0.0031587184445600043,1.0174316783756945,0.481234014682706,4078,18,0,0.99560546875,0.00439453125,0.0,18,0.00439453125,0.481237453412435,-3.4387297290445365e-06
MF,c2,60,0.0375,-0.0029326437848542046,1.0174553555742374,0.4810133228904455,4079,17,0,0.995849609375,0.004150390625,0.0,17,0.004150390625,0.4810164578118739,-3.134921428394066e-06
MF,c2,61,0.038125,-0.002684711187175494,1.0172841766169471,0.4807933855332151,4077,19,0,0.995361328125,0.004638671875,0.0,19,0.004638671875,0.48079629989243444,-2.914359219336172e-06
MF,c2,62,0.03875,-0.002426214330618028,1.016949706367006,0.480574150175928,4078,18,0,0.99560546875,0.00439453125,0.0,18,0.00439453125,0.4805771245698219,-2.9743938938595526e-06
MF,c2,63,0.039375,-0.0021945747751784365,1.0164807106310152,0.48035556637984234,4078,18,0,0.99560546875,0.00439453125,0.0,18,0.00439453125,0.4803586851966106,-3.118816768305125e-06
MF,c2,64,0.04,-0.002755740911600693,1.0159032344187466,0.4801375856211949,4080,16,0,0.99609375,0.00390625,0.0,16,0.00390625,0.480140934807712,-3.3491865171834578e-06
MF,c2,65,0.040625,-0.003130194348386071,1.0152407019326026,0.4799201612142282,4079,17,0,0.995849609375,0.004150390625,0.0,17,0.004150390625,0.47992365672701787,-3.4955127896732277e-06
MF,c2,66,0.04125,-0.003350960120795024,1.014514033593968,0.47970324823830074,4080,16,0,0.99609375,0.00390625,0.0,16,0.00390625,0.4797067712574348,-3.5230191340766088e-06
MF,c2,67,0.041875,-0.003447163618119469,1.0137417758987335,0.47948680346876155,4080,16,0,0.99609375,0.00390625,0.0,16,0.00390625,0.4794903354135643,-3.5319448027603956e-06
MF,c2,68,0.0425,-0.003444252604530402,1.0129402403877557,0.47927078531127204,4081,15,0,0.996337890625,0.003662109375,0.0,15,0.003662109375,0.4792742961301265,-3.5108188544562e-06
MF,c2,69,0.043125000000000004,-0.0033642475019260818,1.0125322565395447,0.4790551537392866,4082,14,0,0.99658203125,0.00341796875,0.0,14,0.00341796875,0.47905855843166933,-3.4046923827509056e-06
MF,c2,70,0.043750000000000004,-0.0032260100150466467,1.0135338056745522,0.47883987023442864,4083,13,0,0.996826171875,0.003173828125,0.0,13,0.003173828125,0.4788431078514965,-3.2376170678101674e-06
MF,c2,71,0.044375,-0.0030455213848479324,1.01424500605986,0.4786248977295583,4083,13,0,0.996826171875,0.003173828125,0.0,13,0.003173828125,0.47862792472197907,-3.026992420736517e-06
MF,c2,72,0.045,-0.0028361628158074252,1.0146998027974474,0.4784102005543609,4082,14,0,0.99658203125,0.00341796875,0.0,14,0.00341796875,0.4784130003655003,-2.799811139296789e-06
MF,c2,73,0.045625,-0.002608991879840921,1.0149299415869022,0.47819574438333884,4084,12,0,0.9970703125,0.0029296875,0.0,12,0.0029296875,0.4781983495435564,-2.6051602175286668e-06
MF,c2,74,0.04625,-0.002373009909830097,1.0149649521335153,0.4779814961861147,4084,12,0,0.9970703125,0.0029296875,0.0,12,0.0029296875,0.47798389698555205,-2.4007994372851214e-06
MF,c2,75,0.046875,-0.002135416525301503,1.014832157452797,0.4777674241799727,4085,11,0,0.997314453125,0.002685546875,0.0,11,0.002685546875,0.4777696103428187,-2.186162846013425e-06
MF,c2,76,0.0475,-0.0019394231472188539,1.014556705279965,0.4775534977845687,4084,12,0,0.9970703125,0.0029296875,0.0,12,0.0029296875,0.4775556617256447,-2.163941075966121e-06
MF,c2,77,0.048125,-0.00175805624947748,1.0141616180438866,0.477339687578733,4084,12,0,0.9970703125,0.0029296875,0.0,12,0.0029296875,0.4773419947983551,-2.3072196220818144e-06
MF,c2,78,0.04875,-0.0016867227056191183,1.0136678581498957,0.47712596525926954,4086,10,0,0.99755859375,0.00244140625,0.0,10,0.00244140625,0.47712833353344386,-2.3682741743434926e-06
MF,c2,79,0.049375,-0.0020769102931533887,1.0131443620630105,0.4769123036016416,4086,10,0,0.99755859375,0.00244140625,0.0,10,0.00244140625,0.47691467313996144,-2.369538319854425e-06
MF,c2,80,0.05,-0.0023425212188470314,1.0127346490669002,0.47669867642241487,4086,10,0,0.99755859375,0.00244140625,0.0,10,0.00244140625,0.4767010880855857,-2.4116631708632233e-06
MF,c2,81,0.050625,-0.002504853558346608,1.0122567866511272,0.4764850585433186,4085,11,0,0.997314453125,0.002685546875,0.0,11,0.002685546875,0.47648756409537424,-2.505552055656478e-06
MF,c2,82,0.051250000000000004,-0.0025827052288040623,1.011725412645579,0.4762714257567873,4085,11,0,0.997314453125,0.002685546875,0.0,11,0.002685546875,0.47627399152523514,-2.5657684478158978e-06
MF,c2,83,0.051875000000000004,-0.002598323532012385,1.01115359961311,0.4760577547928517,4084,12,0,0.9970703125,0.0029296875,0.0,12,0.0029296875,0.47606031664224724,-2.5618493955368926e-06
MF,c2,84,0.0525,-0.0025692178769184735,1.010552948417825,0.4758440232872654,4084,12,0,0.9970703125,0.0029296875,0.0,12,0.0029296875,0.4758465343714503,-2.511084184951626e-06
MF,c2,85,0.053125,-0.0024973849193968534,1.009933683191081,0.47563020975077636,4085,11,0,0.997314453125,0.002685546875,0.0,11,0.002685546875,0.4756326273195646,-2.4175687882212444e-06
MF,c2,86,0.05375,-0.0023932036052055367,1.0099241739286768,0.47541629353947984,4085,11,0,0.997314453125,0.002685546875,0.0,11,0.002685546875,0.47541858566062173,-2.292121141908878e-06
MF,c2,87,0.054375,-0.0022654759607797083,1.0106238789357678,0.4752022548262082,4085,11,0,0.997314453125,0.002685546875,0.0,11,0.002685546875,0.4752043985347443,-2.1437085360498974e-06
MF,c2,88,0.055,-0.0021215906439621124,1.011121129667016,0.4749880745729416,4085,11,0,0.997314453125,0.002685546875,0.0,11,0.002685546875,0.4749900550574408,-1.980484499203259e-06
MF,c2,89,0.055625,-0.001967679490617596,1.0114386436539946,0.47477373450422705,4085,11,0,0.997314453125,0.002685546875,0.0,11,0.002685546875,0.4747755435966096,-1.8090923825499843e-06
MF,c2,90,0.05625,-0.001808765517766941,1.0115976151461894,0.4745592170816076,4086,10,0,0.99755859375,0.00244140625,0.0,10,0.00244140625,0.47456086485847654,-1.64777686899469e-06
MF,c2,91,0.056875,-0.001648901295084474,1.0116177354108047,0.4743445054790567,4086,10,0,0.99755859375,0.00244140625,0.0,10,0.00244140625,0.47434602567651374,-1.520197457075735e-06
MF,c2,92,0.0575,-0.00149129699099798,1.0115172235940242,0.47412958355940577,4089,7,0,0.998291015625,0.001708984375,0.0,7,0.001708984375,0.4741309844747543,-1.4009153485427762e-06
MF,c2,93,0.058125,-0.001338437736648599,1.0113128664127478,0.47391443585174,4088,8,0,0.998046875,0.001953125,0.0,8,0.001953125,0.47391575105573297,-1.3152039930341165e-06
MF,c2,94,0.058750000000000004,-0.001192190232466359,1.01102006510005,0.4736990475297235,4089,7,0,0.998291015625,0.001708984375,0.0,7,0.001708984375,0.4737003575983194,-1.3100685959201095e-06
MF,c2,95,0.059375000000000004,-0.0010538987514653229,1.0106528881693622,0.4734834043908007,4088,8,0,0.998046875,0.001953125,0.0,8,0.001953125,0.47348469921925396,-1.294828453239089e-06
MF,c2,96,0.06,-0.0013032645164891587,1.0102241287092566,0.47326749283620667,4087,9,0,0.997802734375,0.002197265625,0.0,9,0.002197265625,0.47326890021150325,-1.4073752965383403e-06
MF,c2,97,0.060625,-0.0015099477251625344,1.0097453650529231,0.4730512998517185,4087,9,0,0.997802734375,0.002197265625,0.0,9,0.002197265625,0.473052806303415,-1.5064516965537954e-06
MF,c2,98,0.06125,-0.0016501635618146543,1.009227023803487,0.4728348129890716,4087,9,0,0.997802734375,0.002197265625,0.0,9,0.002197265625,0.47283636907628457,-1.556087212980062e-06
MF,c2,99,0.061875,-0.0017350639141233324,1.008678444313863,0.47261802034797307,4087,9,0,0.997802734375,0.002197265625,0.0,9,0.002197265625,0.4726195862669318,-1.5659189587508488e-06
MF,c2,100,0.0625,-0.0017744594264464115,1.0081079438382234,0.4724009105586514,4087,9,0,0.997802734375,0.002197265625,0.0,9,0.002197265625,0.47240245479538073,-1.54423672930738e-06
MF,c2,101,0.063125,-0.0017769265258685905,1.0078819859461967,0.4721834727648959,4087,9,0,0.997802734375,0.002197265625,0.0,9,0.002197265625,0.4721849708878897,-1.4981229937987082e-06
MF,c2,102,0.06375,-0.0017499135170807414,1.0078958202658008,0.4719656966075506,4087,9,0,0.997802734375,0.002197265625,0.0,9,0.002197265625,0.4719671301918767,-1.433584326090914e-06
MF,c2,103,0.064375,-0.0016998442579493826,1.0079082014999308,0.47174757220844565,4087,9,0,0.997802734375,0.002197265625,0.0,9,0.002197265625,0.4717489278823216,-1.3556738759013515e-06
MF,c2,104,0.065,-0.0016322182160999079,1.0079191195666957,0.47152909015475947,4086,10,0,0.99755859375,0.00244140625,0.0,10,0.00244140625,0.47153037142835635,-1.2812735969163836e-06
MF,c2,105,0.065625,-0.0015517059721422847,1.007928563473693,0.47131024148381795,4086,10,0,0.99755859375,0.00244140625,0.0,10,0.00244140625,0.47131146812842717,-1.2266446092385613e-06
MF,c2,106,0.06625,-0.0014622394753206558,1.0079365212536366,0.4710910176683434,4087,9,0,0.997802734375,0.002197265625,0.0,9,0.002197265625,0.47109218110019174,-1.1634318483746156e-06
MF,c2,107,0.066875,-0.0013670965699482992,1.0079429799025097,0.4708714106021671,4087,9,0,0.997802734375,0.002197265625,0.0,9,0.002197265625,0.47087250419972954,-1.0935975624547176e-06
MF,c2,108,0.0675,-0.0012689794962776782,1.0079479253169723,0.47065141258642174,4087,9,0,0.997802734375,0.002197265625,0.0,9,0.002197265625,0.47065243027838466,-1.0176919628404772e-06
MF,c2,109,0.068125,-0.0011700872274347154,1.007951342234033,0.47043101631622286,4088,8,0,0.998046875,0.001953125,0.0,8,0.001953125,0.47043196969700196,-9.533807790990274e-07
MF,c2,110,0.06875,-0.0010721816364480591,1.0079532141729795,0.4702102148678428,4089,7,0,0.998291015625,0.001708984375,0.0,7,0.001708984375,0.47021110516167003,-8.902938272341286e-07
MF,c2,111,0.069375,-0.0009766475955891418,1.0079535233766312,0.46998900168637203,4090,6,0,0.99853515625,0.00146484375,0.0,6,0.00146484375,0.469989826922849,-8.2523647699224e-07
MF,c2,112,0.07,-0.0008845471962861427,1.007952250755179,0.4697673705738532,4091,5,0,0.998779296875,0.001220703125,0.0,5,0.001220703125,0.469768135444927,-7.648710737476998e-07
MF,c2,113,0.07062500000000001,-0.0007966683442372459,1.00794937583064,0.46954531567786506,4091,5,0,0.998779296875,0.001220703125,0.0,5,0.001220703125,0.4695460180241754,-7.023463103094749e-07
MF,c2,114,0.07125000000000001,-0.0007135680331182662,1.0079448766838635,0.4693228314805271,4091,5,0,0.998779296875,0.001220703125,0.0,5,0.001220703125,0.4693234706940075,-6.392134803378847e-07
MF,c2,115,0.07187500000000001,-0.0006356106339302712,1.0079387299008318,0.46909991278788987,4091,5,0,0.998779296875,0.001220703125,0.0,5,0.001220703125,0.4691004894923141,-5.767044241588855e-07
MF,c2,116,0.0725,-0.000563001557704009,1.0079309105214669,0.46887655471967477,4091,5,0,0.998779296875,0.001220703125,0.0,5,0.001220703125,0.4688770704969655,-5.15777290726305e-07
MF,c2,117,0.073125,-0.000495816659170956,1.0079213919889878,0.46865275269932666,4090,6,0,0.99853515625,0.00146484375,0.0,6,0.00146484375,0.46865324073676606,-4.880374394542694e-07
MF,c2,118,0.07375,-0.0004340277499964469,1.0079101461017164,0.4684285024443461,4089,7,0,0.998291015625,0.001708984375,0.0,7,0.001708984375,0.4684290226007463,-5.201564002300764e-07
MF,c2,119,0.074375,-0.000425824479783427,1.0078971429641226,0.46820379995687206,4089,7,0,0.998291015625,0.001708984375,0.0,7,0.001708984375,0.4682043378775186,-5.379206465184113e-07
MF,c2,120,0.075,-0.0005253790910357528,1.0078823509399535,0.4679786415144921,4090,6,0,0.99853515625,0.00146484375,0.0,6,0.00146484375,0.46797918423058393,-5.427160918379207e-07
MF,c2,121,0.075625,-0.0005981486862979515,1.0078657366074202,0.4677530236612644,4090,6,0,0.99853515625,0.00146484375,0.0,6,0.00146484375,0.46775356519909345,-5.41537829011952e-07
MF,c2,122,0.07625,-0.0006483775512115037,1.0078472647135894,0.4675269431989429,4090,6,0,0.99853515625,0.00146484375,0.0,6,0.00146484375,0.4675274752478788,-5.32048935943508e-07
MF,c2,123,0.076875,-0.0006797917011715442,1.0078268981311158,0.46730039717840116,4090,6,0,0.99853515625,0.00146484375,0.0,6,0.00146484375,0.46730091326506695,-5.160866657743068e-07
MF,c2,124,0.0775,-0.0006956476755685276,1.0078045978154158,0.46707338289126066,4090,6,0,0.99853515625,0.00146484375,0.0,6,0.00146484375,0.4670738780996416,-4.952083809673167e-07
MF,c2,125,0.078125,-0.0007039138908521358,1.0077803227641464,0.4668458978617266,4089,7,0,0.998291015625,0.001708984375,0.0,7,0.001708984375,0.4668463804977083,-4.826359817341379e-07
MF,c2,126,0.07875,-0.0007025164547445152,1.0077540299758756,0.4666179398386436,4089,7,0,0.998291015625,0.001708984375,0.0,7,0.001708984375,0.4666184162680474,-4.764294037980124e-07
MF,c2,127,0.079375,-0.0006915719002326638,1.0077256744110403,0.4663895067877781,4088,8,0,0.998046875,0.001953125,0.0,8,0.001953125,0.4663899768464544,-4.7005867633575235e-07
MF,c2,128,0.08,-0.000673128816696439,1.007695208953345,0.46616059688433836,4088,8,0,0.998046875,0.001953125,0.0,8,0.001953125,0.4661610576786703,-4.607943319298901e-07
MF,c2,129,0.080625,-0.0006489338502611728,1.0076625843734288,0.46593120850573816,4088,8,0,0.998046875,0.001953125,0.0,8,0.001953125,0.4659316539495302,-4.454437919944123e-07
MF,c2,130,0.08125,-0.0006204666594437037,1.00762774929176,0.46570134022460846,4088,8,0,0.998046875,0.001953125,0.0,8,0.001953125,0.4657017657112594,-4.254866508518091e-07
MF,c2,131,0.081875,-0.0005889718487499825,1.0075906501435101,0.4654709908020566,4088,8,0,0.998046875,0.001953125,0.0,8,0.001953125,0.46547139296715656,-4.0216509993288356e-07
MF,c2,132,0.0825,-0.0005554879987188232,1.0075512311454047,0.4652401591811696,4089,7,0,0.998291015625,0.001708984375,0.0,7,0.001708984375,0.46524053784692976,-3.7866576014477144e-07
MF,c2,133,0.083125,-0.0005208739320201445,1.0075094342618525,0.465008844480755,4090,6,0,0.99853515625,0.00146484375,0.0,6,0.00146484375,0.4650092001683636,-3.5568760860309554e-07
MF,c2,134,0.08375,-0.00048583237006584717,1.0074651991733723,0.4647770459893065,4092,4,0,0.9990234375,0.0009765625,0.0,4,0.0009765625,0.4647773816913959,-3.3570208935212047e-07
MF,c2,135,0.084375,-0.0004509311443730667,1.0074184632455438,0.46454476315918425,4092,4,0,0.9990234375,0.0009765625,0.0,4,0.0009765625,0.46454507799711475,-3.148379304804409e-07
MF,c2,136,0.085,-0.0004166221320926548,1.0073691615002742,0.46431199560099046,4092,4,0,0.9990234375,0.0009765625,0.0,4,0.0009765625,0.4643122886986005,-2.930976100194589e-07
MF,c2,137,0.085625,-0.0003832580866886473,1.007324851588006,0.46407874307812946,4092,4,0,0.9990234375,0.0009765625,0.0,4,0.0009765625,0.46407901404548074,-2.7096735127292314e-07
MF,c2,138,0.08625000000000001,-0.00035110753318496067,1.0072852537378285,0.4638450055015313,4092,4,0,0.9990234375,0.0009765625,0.0,4,0.0009765625,0.46384525434137336,-2.4883984204782163e-07
MF,c2,139,0.08687500000000001,-0.0003203678935233369,1.0072434716052863,0.4636107829245282,4092,4,0,0.9990234375,0.0009765625,0.0,4,0.0009765625,0.4636110099521352,-2.2702760703662593e-07
MF,c2,140,0.08750000000000001,-0.0002911770017418986,1.0071994399398634,0.4633760755378682,4092,4,0,0.9990234375,0.0009765625,0.0,4,0.0009765625,0.46337628131270225,-2.057748340801708e-07
MF,c2,141,0.088125,-0.00026362316149365227,1.007153091153433,0.46314088366485484,4092,4,0,0.9990234375,0.0009765625,0.0,4,0.0009765625,0.4631410689326463,-1.8526779150019842e-07
MF,c2,142,0.08875,-0.0002377538901669753,1.007104355291475,0.4629052077566063,4092,4,0,0.9990234375,0.0009765625,0.0,4,0.0009765625,0.46290537340057375,-1.6564396747511628e-07
MF,c2,143,0.089375,-0.00021358348500462402,1.0070531600046948,0.46266904838742495,4092,4,0,0.9990234375,0.0009765625,0.0,4,0.0009765625,0.4626691953874804,-1.470000554863315e-07
MF,c2,144,0.09,-0.00019109953732943496,1.0069994305227383,0.46243240625027676,4092,4,0,0.9990234375,0.0009765625,0.0,4,0.0009765625,0.4624325356491791,-1.293989022891655e-07
MF,c2,145,0.090625,-0.00017026851157708669,1.0069430896272868,0.4621952821523767,4093,3,0,0.999267578125,0.000732421875,0.0,3,0.000732421875,0.4621953967972652,-1.146448885404851e-07
MF,c2,146,0.09125,-0.00015104049644536373,1.0068840576273446,0.4619576770108826,4093,3,0,0.999267578125,0.000732421875,0.0,3,0.000732421875,0.4619577786876112,-1.0167672859012217e-07
MF,c2,147,0.091875,-0.00013335322629909856,1.0068222523350991,0.4617195918486996,4093,3,0,0.999267578125,0.000732421875,0.0,3,0.000732421875,0.4617196814934101,-8.964471052708297e-08
MF,c2,148,0.0925,-0.00011713546209048742,1.006757589044048,0.4614810277903963,4093,3,0,0.999267578125,0.000732421875,0.0,3,0.000732421875,0.46148110631318884,-7.852279253921145e-08
MF,c2,149,0.093125,-0.000102309812581569,1.0066899805066922,0.4612419860582389,4093,3,0,0.999267578125,0.000732421875,0.0,3,0.000732421875,0.4612420543355141,-6.827727514865027e-08
MF,c2,150,0.09375,-8.879506862979338e-05,1.0066193369145724,0.46100246796834443,4093,3,0,0.999267578125,0.000732421875,0.0,3,0.000732421875,0.4610025268371882,-5.8868843721173866e-08
MF,c2,151,0.094375,-7.650811577841013e-05,1.0065455658790508,0.460762474926957,4093,3,0,0.999267578125,0.000732421875,0.0,3,0.000732421875,0.4607625251812293,-5.025427231075855e-08
MF,c2,152,0.095,-6.536548338711662e-05,1.006468572414495,0.46052200842684843,4093,3,0,0.999267578125,0.000732421875,0.0,3,0.000732421875,0.46052205081468184,-4.238783340468118e-08
MF,c2,153,0.095625,-5.5284582063087915e-05,1.006388258921212,0.46028107004384533,4092,4,0,0.9990234375,0.0009765625,0.0,4,0.0009765625,0.46028110619742024,-3.6153574887906447e-08
MF,c2,154,0.09625,-4.618467520153437e-05,1.0063045251708527,0.46003966143347985,4092,4,0,0.9990234375,0.0009765625,0.0,4,0.0009765625,0.4600396961019517,-3.4668471870632646e-08
MF,c2,155,0.096875,-4.040619229204588e-05,1.0062172682929793,0.45979778432776386,4092,4,0,0.9990234375,0.0009765625,0.0,4,0.0009765625,0.4597978169978345,-3.2670070658300676e-08
MF,c2,156,0.0975,-5.251994514498902e-05,1.0061263827628366,0.45955544053208297,4092,4,0,0.9990234375,0.0009765625,0.0,4,0.0009765625,0.4595554708144598,-3.028237681778138e-08
MF,c2,157,0.098125,-6.135297189379392e-05,1.0060402127852137,0.45931263192220567,4092,4,0,0.9990234375,0.0009765625,0.0,4,0.0009765625,0.4593126595313182,-2.76091125903571e-08
MF,c2,158,0.09875,-6.74348202395049e-05,1.0059705798553646,0.4590693604414017,4092,4,0,0.9990234375,0.0009765625,0.0,4,0.0009765625,0.4590693851778571,-2.4736455440378994e-08
MF,c2,159,0.099375,-7.122500897061414e-05,1.005897996847941,0.45882562809766486,4092,4,0,0.9990234375,0.0009765625,0.0,4,0.0009765625,0.4588256498331195,-2.1735454660886503e-08
MF,c2,160,0.1,-7.312106222043767e-05,1.005858169307024,0.4585814369610322,4093,3,0,0.999267578125,0.000732421875,0.0,3,0.000732421875,0.458581457221321,-2.0260288724740815e-08
MF,c2,161,0.100625,-7.34657481351182e-05,1.0058271526194362,0.45833678916099285,4093,3,0,0.999267578125,0.000732421875,0.0,3,0.000732421875,0.4583368110782913,-2.1917298465009897e-08
MF,c2,162,0.10125,-7.255358504027241e-05,1.005795007589929,0.45809168688398066,4093,3,0,0.999267578125,0.000732421875,0.0,3,0.000732421875,0.45809170965722906,-2.2773248386394015e-08
MF,c2,163,0.10187500000000001,-7.063667535699767e-05,1.005761707334536,0.45784613237094407,4094,2,0,0.99951171875,0.00048828125,0.0,2,0.00048828125,0.45784615614680346,-2.377585938833788e-08
MF,c2,164,0.10250000000000001,-6.792992460412079e-05,1.0057272238175692,0.45760012791498617,4094,2,0,0.99951171875,0.00048828125,0.0,2,0.00048828125,0.4576001520854527,-2.4170466505942243e-08
MF,c2,165,0.10312500000000001,-6.461569960647047e-05,1.0056915278232899,0.4573536758590713,4094,2,0,0.99951171875,0.00048828125,0.0,2,0.00048828125,0.457353699916177,-2.4057105755029835e-08
MF,c2,166,0.10375000000000001,-6.084797672731931e-05,1.0056545889286073,0.4571067785937935,4094,2,0,0.99951171875,0.00048828125,0.0,2,0.00048828125,0.45710680212814425,-2.353435072195486e-08
MF,c2,167,0.104375,-5.675602766707628e-05,1.0056163754745218,0.45685943855520317,4094,2,0,0.99951171875,0.00048828125,0.0,2,0.00048828125,0.45685946124142696,-2.268622377918471e-08
MF,c2,168,0.105,-5.244768698714441e-05,1.0055768545386585,0.4566116582226889,4094,2,0,0.99951171875,0.00048828125,0.0,2,0.00048828125,0.456611679806727,-2.1584038133396905e-08
MF,c2,169,0.105625,-4.8012242317840707e-05,1.005535991907766,0.4563634401169151,4094,2,0,0.99951171875,0.00048828125,0.0,2,0.00048828125,0.45636346040494863,-2.0288033523987816e-08
MF,c2,170,0.10625,-4.3522985024913376e-05,1.0054937520502116,0.45611478679781187,4094,2,0,0.99951171875,0.00048828125,0.0,2,0.00048828125,0.45611480564663753,-1.8848825638455888e-08
MF,c2,171,0.106875,-3.903945605453808e-05,1.005450098089647,0.4558657008626183,4094,2,0,0.99951171875,0.00048828125,0.0,2,0.00048828125,0.455865718171306,-1.730868775990732e-08
MF,c2,172,0.1075,-3.46094187995981e-05,1.005404991777592,0.45561618494398004,4094,2,0,0.99951171875,0.00048828125,0.0,2,0.00048828125,0.45561620064666175,-1.57026816883552e-08
MF,c2,173,0.108125,-3.027058802586844e-05,1.0053583934672539,0.45536624170810036,4094,2,0,0.99951171875,0.00048828125,0.0,2,0.00048828125,0.4553662557677539,-1.405965353237968e-08
MF,c2,174,0.10875,-2.6052141330838844e-05,1.0053102620874632,0.4551158738529474,4094,2,0,0.99951171875,0.00048828125,0.0,2,0.00048828125,0.45511588625605603,-1.2403108635692685e-08
MF,c2,175,0.109375,-2.2064067290207766e-05,1.0052605551167673,0.4548650841065168,4094,2,0,0.99951171875,0.00048828125,0.0,2,0.00048828125,0.45486509485849547,-1.0751978624860317e-08
MF,c2,176,0.11,-1.930265244292365e-05,1.0052092285588372,0.4546138752251521,4094,2,0,0.99951171875,0.00048828125,0.0,2,0.00048828125,0.45461388434644445,-9.12129237000999e-09
MF,c2,177,0.110625,-1.650391111131645e-05,1.005156236916964,0.4543622499919231,4094,2,0,0.99951171875,0.00048828125,0.0,2,0.00048828125,0.4543622575146846,-7.522761549169916e-09
MF,c2,178,0.11125,-1.3697726969585986e-05,1.005101533169927,0.45411021121506223,4094,2,0,0.99951171875,0.00048828125,0.0,2,0.00048828125,0.4541102171803527,-5.965290461517872e-09
MF,c2,179,0.111875,-1.0907775495384137e-05,1.00504506874814,0.4538577617264602,4094,2,0,0.99951171875,0.00048828125,0.0,2,0.00048828125,0.45385776618187895,-4.4554187923734795e-09
MF,c2,180,0.1125,-8.152457738242339e-06,1.0049867935101127,0.45360490438021844,4094,2,0,0.99951171875,0.00048828125,0.0,2,0.00048828125,0.4536049073779236,-2.9977051509366436e-09
MF,c2,181,0.113125,-5.4457117071644765e-06,1.0049266557203482,0.45335164205126055,4094,2,0,0.99951171875,0.00048828125,0.0,2,0.00048828125,0.4533516436463189,-1.595058394869593e-09
MF,c2,182,0.11375,-2.7977157387711e-06,1.0048646020265155,0.4530979776339989,4095,1,0,0.999755859375,0.000244140625,0.0,1,0.000244140625,0.45309797831703497,-6.830360690359131e-10
MF,c2,183,0.114375,-2.1549668834760686e-07,1.0048005774381237,0.4528439140410559,4095,1,0,0.999755859375,0.000244140625,0.0,1,0.000244140625,0.45284391409366737,-5.2611496178614955e-11
MF,c2,184,0.115,8.069375393694034e-22,1.0047345253056208,0.45258945420203855,4096,0,0,1.0,0.0,0.0,0,0.0,0.45258945420203855,0.0
MF,c2,185,0.115625,8.156637471636708e-22,1.004666387299959,0.452334601062363,4096,0,0,1.0,0.0,0.0,0,0.0,0.452334601062363,0.0
MF,c2,186,0.11625,8.249450660512965e-22,1.0046196228991522,0.45207935758212703,4096,0,0,1.0,0.0,0.0,0,0.0,0.45207935758212703,0.0
MF,c2,187,0.116875,8.351062714031286e-22,1.004573716873249,0.4518237267350274,4096,0,0,1.0,0.0,0.0,0,0.0,0.4518237267350274,0.0
MF,c2,188,0.11750000000000001,8.462754117014281e-22,1.0045261765135935,0.45156771150732133,4096,0,0,1.0,0.0,0.0,0,0.0,0.45156771150732133,0.0
MF,c2,189,0.11812500000000001,8.585952206384443e-22,1.004476951960054,0.4513113148968253,4096,0,0,1.0,0.0,0.0,0,0.0,0.4513113148968253,0.0
MF,c2,190,0.11875000000000001,8.72224762393595e-22,1.0044259918719736,0.4510545399119535,4096,0,0,1.0,0.0,0.0,0,0.0,0.4510545399119535,0.0
MF,c2,191,0.11937500000000001,8.873412605111714e-22,1.0043732434088444,0.4507973895707891,4096,0,0,1.0,0.0,0.0,0,0.0,0.4507973895707891,0.0
MF,c2,192,0.12,9.041421302387584e-22,1.004318652212337,0.4505398669001884,4096,0,0,1.0,0.0,0.0,0,0.0,0.4505398669001884,0.0
MF,c2,193,0.120625,9.22847236261258e-22,1.004262162387728,0.4502819749349155,4096,0,0,1.0,0.0,0.0,0,0.0,0.4502819749349155,0.0
MF,c2,194,0.12125,9.43701400027492e-22,1.0042037164867323,0.4500237167168039,4096,0,0,1.0,0.0,0.0,0,0.0,0.4500237167168039,0.0
MF,c2,195,0.121875,9.669771833720328e-22,1.004143255490775,0.4497650952939461,4096,0,0,1.0,0.0,0.0,0,0.0,0.4497650952939461,0.0
MF,c2,196,0.1225,9.929779778761458e-22,1.0040807187949297,0.44950611371990723,4096,0,0,1.0,0.0,0.0,0,0.0,0.44950611371990723,0.0
MF,c2,197,0.123125,1.0220414324263353e-21,1.0040160441923511,0.44924677505296334,4096,0,0,1.0,0.0,0.0,0,0.0,0.44924677505296334,0.0
MF,c2,198,0.12375,1.0545432547327097e-21,1.0039491678602015,0.44898708235536305,4096,0,0,1.0,0.0,0.0,0,0.0,0.44898708235536305,0.0
MF,c2,199,0.124375,1.0909014262068808e-21,1.0038800243451462,0.44872703869261166,4096,0,0,1.0,0.0,0.0,0,0.0,0.44872703869261166,0.0
MF,c2,200,0.125,1.131580873565583e-21,1.0038085465503954,0.4484666471327775,4096,0,0,1.0,0.0,0.0,0,0.0,0.4484666471327775,0.0
MF,c2,201,0.12562500000000001,1.1770986448948832e-21,1.0037346657233392,0.44820591074582083,4096,0,0,1.0,0.0,0.0,0,0.0,0.44820591074582083,0.0
MF,c2,202,0.12625,1.2280296426821557e-21,1.0036583114439885,0.44794483260294427,4096,0,0,1.0,0.0,0.0,0,0.0,0.44794483260294427,0.0
MF,c2,203,0.12687500000000002,1.28501297155277e-21,1.003601957233803,0.4476834157759656,4096,0,0,1.0,0.0,0.0,0,0.0,0.4476834157759656,0.0
MF,c2,204,0.1275,1.3487589641647661e-21,1.0035517740224944,0.4474216633367128,4096,0,0,1.0,0.0,0.0,0,0.0,0.4474216633367128,0.0
MF,c2,205,0.128125,1.4200569549829917e-21,1.0034997358363618,0.44715957835644077,4096,0,0,1.0,0.0,0.0,0,0.0,0.44715957835644077,0.0
MF,c2,206,0.12875,1.471951619271733e-21,1.0034457856396195,0.4468971639052715,4096,0,0,1.0,0.0,0.0,0,0.0,0.4468971639052715,0.0
MF,c2,207,0.129375,1.5186402348451399e-21,1.003389864964898,0.44663442305165474,4096,0,0,1.0,0.0,0.0,0,0.0,0.44663442305165474,0.0
MF,c2,208,0.13,1.5695640564488312e-21,1.0033319139013097,0.44637135886185386,4096,0,0,1.0,0.0,0.0,0,0.0,0.44637135886185386,0.0
MF,c2,209,0.130625,1.6251711805075529e-21,1.0032718710831725,0.4461079743994511,4096,0,0,1.0,0.0,0.0,0,0.0,0.4461079743994511,0.0
MF,c2,210,0.13125,1.6859572894787452e-21,1.0032096736792466,0.4458442727248773,4096,0,0,1.0,0.0,0.0,0,0.0,0.4458442727248773,0.0
MF,c2,211,0.131875,1.7524707507795718e-21,1.0031452573833526,0.44558025689496233,4096,0,0,1.0,0.0,0.0,0,0.0,0.44558025689496233,0.0
MF,c2,212,0.1325,1.8253182501420046e-21,1.0030785564046911,0.4453159299625071,4096,0,0,1.0,0.0,0.0,0,0.0,0.4453159299625071,0.0
MF,c2,213,0.133125,1.9051710131186934e-21,1.003009503459585,0.44505129497587703,4096,0,0,1.0,0.0,0.0,0,0.0,0.44505129497587703,0.0
MF,c2,214,0.13375,1.9927716736167556e-21,1.002956980576194,0.4447863549786159,4096,0,0,1.0,0.0,0.0,0,0.0,0.4447863549786159,0.0
MF,c2,215,0.134375,2.0889418539313926e-21,1.002925148935551,0.4445211130090791,4096,0,0,1.0,0.0,0.0,0,0.0,0.4445211130090791,0.0
MF,c2,216,0.135,2.1945905268534907e-21,1.0028925233177832,0.4442555721000866,4096,0,0,1.0,0.0,0.0,0,0.0,0.4442555721000866,0.0
MF,c2,217,0.135625,2.3107232370697994e-21,1.002859083421442,0.4439897352785933,4096,0,0,1.0,0.0,0.0,0,0.0,0.4439897352785933,0.0
MF,c2,218,0.13625,2.438452266294196e-21,1.0028248081739177,0.443723605565378,4096,0,0,1.0,0.0,0.0,0,0.0,0.443723605565378,0.0
MF,c2,219,0.136875,2.5790078344526943e-21,1.0027896757154504,0.44345718597474765,4096,0,0,1.0,0.0,0.0,0,0.0,0.44345718597474765,0.0
MF,c2,220,0.1375,2.7337504377638555e-21,1.0027536633839422,0.44319047951425816,4096,0,0,1.0,0.0,0.0,0,0.0,0.44319047951425816,0.0
MF,c2,221,0.138125,2.9041844338630158e-21,1.00271674769983,0.4429234891844498,4096,0,0,1.0,0.0,0.0,0,0.0,0.4429234891844498,0.0
MF,c2,222,0.13875,3.091972994195341e-21,1.0026789043511835,0.44265621797859606,4096,0,0,1.0,0.0,0.0,0,0.0,0.44265621797859606,0.0
MF,c2,223,0.139375,3.2989545548493704e-21,1.0026401081790364,0.4423886688824663,4096,0,0,1.0,0.0,0.0,0,0.0,0.4423886688824663,0.0
MF,c2,224,0.14,3.527160908876315e-21,1.0026003331629767,0.4421208448741004,4096,0,0,1.0,0.0,0.0,0,0.0,0.4421208448741004,0.0
MF,c2,225,0.140625,3.778837096016713e-21,1.0025595524068562,0.4418527489235947,4096,0,0,1.0,0.0,0.0,0,0.0,0.4418527489235947,0.0
MF,c2,226,0.14125000000000001,4.056463259693216e-21,1.0025265411775357,0.4415843839928989,4096,0,0,1.0,0.0,0.0,0,0.0,0.4415843839928989,0.0
MF,c2,227,0.141875,4.362778656272471e-21,1.002502782141447,0.44131575303562415,4096,0,0,1.0,0.0,0.0,0,0.0,0.44131575303562415,0.0
MF,c2,228,0.14250000000000002,4.70080801791439e-21,1.0024782844327305,0.4410468589968591,4096,0,0,1.0,0.0,0.0,0,0.0,0.4410468589968591,0.0
MF,c2,229,0.143125,5.073890488057566e-21,1.002453027363752,0.44077770481299694,4096,0,0,1.0,0.0,0.0,0,0.0,0.44077770481299694,0.0
MF,c2,230,0.14375000000000002,5.421837844066972e-21,1.0024269895765334,0.44050829341157044,4096,0,0,1.0,0.0,0.0,0,0.0,0.44050829341157044,0.0
MF,c2,231,0.144375,5.7762494967020944e-21,1.0024001490310466,0.4402386277110951,4096,0,0,1.0,0.0,0.0,0,0.0,0.4402386277110951,0.0
MF,c2,232,0.145,6.156800795262593e-21,1.0023724829936798,0.4399687106209215,4096,0,0,1.0,0.0,0.0,0,0.0,0.4399687106209215,0.0
MF,c2,233,0.145625,6.5652731835429406e-21,1.0023439680257453,0.43969854504109496,4096,0,0,1.0,0.0,0.0,0,0.0,0.43969854504109496,0.0
MF,c2,234,0.14625,7.00356049035151e-21,1.0023145799727096,0.4394281338622228,4096,0,0,1.0,0.0,0.0,0,0.0,0.4394281338622228,0.0
MF,c2,235,0.146875,7.473675530932864e-21,1.0022842939528391,0.43915747996535026,4096,0,0,1.0,0.0,0.0,0,0.0,0.43915747996535026,0.0
MF,c2,236,0.1475,7.977757062315265e-21,1.0022530843465893,0.4388865862218427,4096,0,0,1.0,0.0,0.0,0,0.0,0.4388865862218427,0.0
MF,c2,237,0.148125,8.518077109083844e-21,1.0022209247860878,0.4386154554932761,4096,0,0,1.0,0.0,0.0,0,0.0,0.4386154554932761,0.0
MF,c2,238,0.14875,9.097048676644007e-21,1.002187788144859,0.438344090631335,4096,0,0,1.0,0.0,0.0,0,0.0,0.438344090631335,0.0
MF,c2,239,0.149375,9.717233869633211e-21,1.0021536465278014,0.4380724944777172,4096,0,0,1.0,0.0,0.0,0,0.0,0.4380724944777172,0.0
MF,c2,240,0.15,1.0381352433736248e-20,1.00211847126143,0.43780066986404653,4096,0,0,1.0,0.0,0.0,0,0.0,0.43780066986404653,0.0
MF,c2,241,0.150625,1.099902289029443e-20,1.0020822328843924,0.4375286196117924,4096,0,0,1.0,0.0,0.0,0,0.0,0.4375286196117924,0.0
MF,c2,242,0.15125,1.1648348750483803e-20,1.002044901138149,0.437256346532197,4096,0,0,1.0,0.0,0.0,0,0.0,0.437256346532197,0.0
MF,c2,243,0.151875,1.2351141794586614e-20,1.002006444958457,0.4369838534262094,4096,0,0,1.0,0.0,0.0,0,0.0,0.4369838534262094,0.0
MF,c2,244,0.1525,1.3112516500554641e-20,1.001966832466406,0.4367111430844268,4096,0,0,1.0,0.0,0.0,0,0.0,0.4367111430844268,0.0
MF,c2,245,0.153125,1.3938092870844678e-20,1.001926030960284,0.4364382182870434,4096,0,0,1.0,0.0,0.0,0,0.0,0.4364382182870434,0.0
MF,c2,246,0.15375,1.483404502037897e-20,1.0018840069076511,0.4361650818038052,4096,0,0,1.0,0.0,0.0,0,0.0,0.4361650818038052,0.0
MF,c2,247,0.154375,1.5807154196297975e-20,1.0018580226239557,0.4358917363939728,4096,0,0,1.0,0.0,0.0,0,0.0,0.4358917363939728,0.0
MF,c2,248,0.155,1.6864866609179183e-20,1.0018335399028244,0.43561818480629033,4096,0,0,1.0,0.0,0.0,0,0.0,0.43561818480629033,0.0
MF,c2,249,0.155625,1.801535648566047e-20,1.0018082061485543,0.4353444297789609,4096,0,0,1.0,0.0,0.0,0,0.0,0.4353444297789609,0.0
MF,c2,250,0.15625,1.92675947848873e-20,1.0017819967701687,0.435070474039628,4096,0,0,1.0,0.0,0.0,0,0.0,0.435070474039628,0.0
MF,c2,251,0.15687500000000001,2.063142405604668e-20,1.0017548865438235,0.43479632030536464,4096,0,0,1.0,0.0,0.0,0,0.0,0.43479632030536464,0.0
MF,c2,252,0.1575,2.211763995162489e-20,1.001726849605698,0.4345219712826668,4096,0,0,1.0,0.0,0.0,0,0.0,0.4345219712826668,0.0
MF,c2,253,0.15812500000000002,2.3738079950993404e-20,1.0016978594455357,0.43424742966745344,4096,0,0,1.0,0.0,0.0,0,0.0,0.43424742966745344,0.0
MF,c2,254,0.15875,2.5505719892008227e-20,1.0016678888997905,0.43397269814507217,4096,0,0,1.0,0.0,0.0,0,0.0,0.43397269814507217,0.0
MF,c2,255,0.15937500000000002,2.7434778954010175e-20,1.0016369101454419,0.43369777939030946,4096,0,0,1.0,0.0,0.0,0,0.0,0.43369777939030946,0.0
MF,c2,256,0.16,2.9540833784953085e-20,1.0016048946939615,0.4334226760674072,4096,0,0,1.0,0.0,0.0,0,0.0,0.4334226760674072,0.0
MF,c2,257,0.160625,3.184094251792803e-20,1.001571813385545,0.4331473908300832,4096,0,0,1.0,0.0,0.0,0,0.0,0.4331473908300832,0.0
MF,c2,258,0.16125,3.4166740673695425e-20,1.00153763638362,0.4328719263215561,4096,0,0,1.0,0.0,0.0,0,0.0,0.4328719263215561,0.0
MF,c2,259,0.161875,3.6471486755124714e-20,1.001502333169633,0.4325962851745759,4096,0,0,1.0,0.0,0.0,0,0.0,0.4325962851745759,0.0
MF,c2,260,0.1625,3.8925452657881015e-20,1.0014658725381356,0.4323204700114572,4096,0,0,1.0,0.0,0.0,0,0.0,0.4323204700114572,0.0
MF,c2,261,0.163125,4.153761771526895e-20,1.001428222592165,0.43204448344411767,4096,0,0,1.0,0.0,0.0,0,0.0,0.43204448344411767,0.0
MF,c2,262,0.16375,4.4317458502692895e-20,1.0013893507389346,0.4317683280741193,4096,0,0,1.0,0.0,0.0,0,0.0,0.4317683280741193,0.0
MF,c2,263,0.164375,4.727497352244914e-20,1.0013675640985726,0.43149200649271363,4096,0,0,1.0,0.0,0.0,0,0.0,0.43149200649271363,0.0
MF,c2,264,0.165,5.042070892218383e-20,1.0013455118725105,0.4312155212808913,4096,0,0,1.0,0.0,0.0,0,0.0,0.4312155212808913,0.0
MF,c2,265,0.165625,5.37657852782667e-20,1.001322644905451,0.4309388750094323,4096,0,0,1.0,0.0,0.0,0,0.0,0.4309388750094323,0.0
MF,c2,266,0.16625,5.732192547510751e-20,1.0012989401055379,0.4306620702389625,4096,0,0,1.0,0.0,0.0,0,0.0,0.4306620702389625,0.0
MF,c2,267,0.166875,6.110148371189546e-20,1.0012743738578997,0.4303851095200108,4096,0,0,1.0,0.0,0.0,0,0.0,0.4303851095200108,0.0
MF,c2,268,0.1675,6.511747566822777e-20,1.0012489220205123,0.43010799539306993,4096,0,0,1.0,0.0,0.0,0,0.0,0.43010799539306993,0.0
MF,c2,269,0.168125,6.938360986016349e-20,1.001222559920279,0.4298307303886599,4096,0,0,1.0,0.0,0.0,0,0.0,0.4298307303886599,0.0
MF,c2,270,0.16875,7.391432021823561e-20,1.001195262349323,0.4295533170273946,4096,0,0,1.0,0.0,0.0,0,0.0,0.4295533170273946,0.0
MF,c2,271,0.169375,7.872479991889524e-20,1.0011811615418116,0.42927575782004956,4096,0,0,1.0,0.0,0.0,0,0.0,0.42927575782004956,0.0
MF,c2,272,0.17,8.290448690902678e-20,1.0011701826933397,0.42899805526763357,4096,0,0,1.0,0.0,0.0,0,0.0,0.42899805526763357,0.0
MF,c2,273,0.170625,8.73331205296392e-20,1.001158869086606,0.42872021186146203,4096,0,0,1.0,0.0,0.0,0,0.0,0.42872021186146203,0.0
MF,c2,274,0.17125,9.209318365737667e-20,1.0011472121981495,0.4284422300832326,4096,0,0,1.0,0.0,0.0,0,0.0,0.4284422300832326,0.0
MF,c2,275,0.171875,9.721426671869537e-20,1.0011352032335905,0.42816411240510344,4096,0,0,1.0,0.0,0.0,0,0.0,0.42816411240510344,0.0
MF,c2,276,0.17250000000000001,1.0272862162911773e-19,1.001122833122991,0.42788586128977324,4096,0,0,1.0,0.0,0.0,0,0.0,0.42788586128977324,0.0
MF,c2,277,0.173125,1.0867138817045949e-19,1.0011100925158576,0.4276074791905638,4096,0,0,1.0,0.0,0.0,0,0.0,0.4276074791905638,0.0
MF,c2,278,0.17375000000000002,1.15080838337623e-19,1.0010969717764786,0.4273289685515049,4096,0,0,1.0,0.0,0.0,0,0.0,0.4273289685515049,0.0
MF,c2,279,0.174375,1.219986399815235e-19,1.0010834609792545,0.4270503318074205,4096,0,0,1.0,0.0,0.0,0,0.0,0.4270503318074205,0.0
MF,c2,280,0.17500000000000002,1.2947014116480393e-19,1.001069549904093,0.42677157138401844,4096,0,0,1.0,0.0,0.0,0,0.0,0.42677157138401844,0.0
MF,c2,281,0.175625,1.3754467674303192e-19,1.001055228031879,0.42649268969798043,4096,0,0,1.0,0.0,0.0,0,0.0,0.42649268969798043,0.0
MF,c2,282,0.17625,1.462758987859981e-19,1.0010404845400185,0.426213689157056,4096,0,0,1.0,0.0,0.0,0,0.0,0.426213689157056,0.0
MF,c2,283,0.176875,1.5572213256191758e-19,1.0010253082980596,0.4259345721601565,4096,0,0,1.0,0.0,0.0,0,0.0,0.4259345721601565,0.0
MF,c2,284,0.1775,1.659467599221247e-19,1.001009687863401,0.4256553410974531,4096,0,0,1.0,0.0,0.0,0,0.0,0.4256553410974531,0.0
MF,c2,285,0.178125,1.7701863204560858e-19,1.0009936114770848,0.4253759983504748,4096,0,0,1.0,0.0,0.0,0,0.0,0.4253759983504748,0.0
MF,c2,286,0.17875,1.890125136318393e-19,1.0009770670596838,0.42509654629221005,4096,0,0,1.0,0.0,0.0,0,0.0,0.42509654629221005,0.0
MF,c2,287,0.179375,2.020095607671846e-19,1.0009600422072849,0.4248169872872088,4096,0,0,1.0,0.0,0.0,0,0.0,0.4248169872872088,0.0
MF,c2,288,0.18,2.1609783483522925e-19,1.0009425241875696,0.42453732369168784,4096,0,0,1.0,0.0,0.0,0,0.0,0.42453732369168784,0.0
MF,c2,289,0.180625,2.3137285499492264e-19,1.0009244999360036,0.4242575578536366,4096,0,0,1.0,0.0,0.0,0,0.0,0.4242575578536366,0.0
MF,c2,290,0.18125,2.4793819191315222e-19,1.0009059560521327,0.4239776921129255,4096,0,0,1.0,0.0,0.0,0,0.0,0.4239776921129255,0.0
MF,c2,291,0.181875,2.6548665217584645e-19,1.0008868787959229,0.4236977288014161,4096,0,0,1.0,0.0,0.0,0,0.0,0.4236977288014161,0.0
MF,c2,292,0.1825,2.8145961515379315e-19,1.000875496587428,0.4234176702430721,4096,0,0,1.0,0.0,0.0,0,0.0,0.4234176702430721,0.0
MF,c2,293,0.183125,2.983249917744393e-19,1.0008655307161267,0.4231375187540733,4096,0,0,1.0,0.0,0.0,0,0.0,0.4231375187540733,0.0
MF,c2,294,0.18375,3.1612809857688196e-19,1.000855213857435,0.4228572766429295,4096,0,0,1.0,0.0,0.0,0,0.0,0.4228572766429295,0.0
MF,c2,295,0.184375,3.3491627332890647e-19,1.0008445366301206,0.4225769462105976,4096,0,0,1.0,0.0,0.0,0,0.0,0.4225769462105976,0.0
MF,c2,296,0.185,3.547389487886764e-19,1.0008334894162203,0.4222965297505988,4096,0,0,1.0,0.0,0.0,0,0.0,0.4222965297505988,0.0
MF,c2,297,0.185625,3.7564772827318904e-19,1.0008220623581692,0.4220160295491377,4096,0,0,1.0,0.0,0.0,0,0.0,0.4220160295491377,0.0
MF,c2,298,0.18625,3.9427378114742645e-19,1.0008102453560037,0.4217354478852234,4096,0,0,1.0,0.0,0.0,0,0.0,0.4217354478852234,0.0
MF,c2,299,0.186875,4.103699166777541e-19,1.0007980280646318,0.4214547870307905,4096,0,0,1.0,0.0,0.0,0,0.0,0.4214547870307905,0.0
MF,c2,300,0.1875,4.2751631383547205e-19,1.0007853998911809,0.4211740492508228,4096,0,0,1.0,0.0,0.0,0,0.0,0.4211740492508228,0.0
MF,c2,301,0.18812500000000001,4.45801418343444e-19,1.000772349992419,0.420893236803477,4096,0,0,1.0,0.0,0.0,0,0.0,0.420893236803477,0.0
MF,c2,302,0.18875,4.653210204912629e-19,1.0007588672722647,0.42061235194020824,4096,0,0,1.0,0.0,0.0,0,0.0,0.42061235194020824,0.0
MF,c2,303,0.18937500000000002,4.861788183462822e-19,1.0007449403793691,0.42033139690589616,4096,0,0,1.0,0.0,0.0,0,0.0,0.42033139690589616,0.0
MF,c2,304,0.19,5.084870209717688e-19,1.0007305577047951,0.4200503739389727,4096,0,0,1.0,0.0,0.0,0,0.0,0.4200503739389727,0.0
MF,c2,305,0.19062500000000002,5.323669942962207e-19,1.000715707379779,0.41976928527154983,4096,0,0,1.0,0.0,0.0,0,0.0,0.41976928527154983,0.0
MF,c2,306,0.19125,5.579499524393817e-19,1.0007003772735894,0.41948813312954925,4096,0,0,1.0,0.0,0.0,0,0.0,0.41948813312954925,0.0
MF,c2,307,0.19187500000000002,5.85377697470968e-19,1.000684554991477,0.4192069197328318,4096,0,0,1.0,0.0,0.0,0,0.0,0.4192069197328318,0.0
MF,c2,308,0.1925,6.148034107580556e-19,1.0006682278727266,0.4189256472953285,4096,0,0,1.0,0.0,0.0,0,0.0,0.4189256472953285,0.0
MF,c2,309,0.193125,6.463924992469427e-19,1.0006513829888084,0.41864431802517194,4096,0,0,1.0,0.0,0.0,0,0.0,0.41864431802517194,0.0
MF,c2,310,0.19375,6.803235002255816e-19,1.0006395129569987,0.4183629341248282,4096,0,0,1.0,0.0,0.0,0,0.0,0.4183629341248282,0.0
MF,c2,311,0.194375,7.16789048324219e-19,1.000630798276021,0.41808149779123005,4096,0,0,1.0,0.0,0.0,0,0.0,0.41808149779123005,0.0
MF,c2,312,0.195,7.559969087327033e-19,1.0006217568325142,0.4178000112159093,4096,0,0,1.0,0.0,0.0,0,0.0,0.4178000112159093,0.0
MF,c2,313,0.195625,7.981710808522282e-19,1.0006123800418898,0.41751847658513175,4096,0,0,1.0,0.0,0.0,0,0.0,0.41751847658513175,0.0
MF,c2,314,0.19625,8.435529768407191e-19,1.0006026591331567,0.4172368960800301,4096,0,0,1.0,0.0,0.0,0,0.0,0.4172368960800301,0.0
MF,c2,315,0.196875,8.9240267977602e-19,1.0005925851473365,0.41695527187674003,4096,0,0,1.0,0.0,0.0,0,0.0,0.41695527187674003,0.0
MF,c2,316,0.1975,9.425795266255604e-19,1.00058214893594,0.4166736061465339,4096,0,0,1.0,0.0,0.0,0,0.0,0.4166736061465339,0.0
MF,c2,317,0.198125,9.85940940868517e-19,1.0005713411595063,0.41639190105595725,4096,0,0,1.0,0.0,0.0,0,0.0,0.41639190105595725,0.0
MF,c2,318,0.19875,1.0311205592655223e-18,1.0005601522862155,0.41611015876696367,4096,0,0,1.0,0.0,0.0,0,0.0,0.41611015876696367,0.0
MF,c2,319,0.199375,1.078187404241976e-18,1.0005485725905647,0.41582838143705125,4096,0,0,1.0,0.0,0.0,0,0.0,0.41582838143705125,0.0
MF,c2,320,0.2,1.127212825939979e-18,1.0005368066900364,0.41554657121939864,4096,0,0,1.0,0.0,0.0,0,0.0,0.41554657121939864,0.0
MF,c2,321,0.200625,1.1782705668429993e-18,1.0005322963824295,0.4152647302630014,4096,0,0,1.0,0.0,0.0,0,0.0,0.4152647302630014,0.0
MF,c2,322,0.20125,1.2314368274321542e-18,1.0005276368347467,0.4149828607128085,4096,0,0,1.0,0.0,0.0,0,0.0,0.4149828607128085,0.0
MF,c2,323,0.201875,1.286790332848754e-18,1.0005228244730053,0.4147009647098591,4096,0,0,1.0,0.0,0.0,0,0.0,0.4147009647098591,0.0
MF,c2,324,0.2025,1.3444124005352438e-18,1.0005178556226049,0.4144190443914194,4096,0,0,1.0,0.0,0.0,0,0.0,0.4144190443914194,0.0
MF,c2,325,0.203125,1.404387008824148e-18,1.0005127265067166,0.41413710189111963,4096,0,0,1.0,0.0,0.0,0,0.0,0.41413710189111963,0.0
MF,c2,326,0.20375000000000001,1.4668008664420154e-18,1.000507433244704,0.41385513933909046,4096,0,0,1.0,0.0,0.0,0,0.0,0.41385513933909046,0.0
MF,c2,327,0.204375,1.531743482892724e-18,1.0005019718505521,0.41357315886210055,4096,0,0,1.0,0.0,0.0,0,0.0,0.41357315886210055,0.0
MF,c2,328,0.20500000000000002,1.5993072396818149e-18,1.0004963382313286,0.4132911625836932,4096,0,0,1.0,0.0,0.0,0,0.0,0.4132911625836932,0.0
MF,c2,329,0.205625,1.6695874623408116e-18,1.0004905281856586,0.41300915262432325,4096,0,0,1.0,0.0,0.0,0,0.0,0.41300915262432325,0.0
MF,c2,330,0.20625000000000002,1.742682493207716e-18,1.0004845374022326,0.4127271311014941,4096,0,0,1.0,0.0,0.0,0,0.0,0.4127271311014941,0.0
MF,c2,331,0.206875,1.8186937649170725e-18,1.0004783614583308,0.4124451001298943,4096,0,0,1.0,0.0,0.0,0,0.0,0.4124451001298943,0.0
MF,c2,332,0.20750000000000002,1.8977258745501985e-18,1.0004719958183816,0.4121630618215344,4096,0,0,1.0,0.0,0.0,0,0.0,0.4121630618215344,0.0
MF,c2,333,0.208125,1.9798866583933025e-18,1.0004654358325433,0.4118810182858834,4096,0,0,1.0,0.0,0.0,0,0.0,0.4118810182858834,0.0
MF,c2,334,0.20875,2.065287267248381e-18,1.0004586767353167,0.41159897163000525,4096,0,0,1.0,0.0,0.0,0,0.0,0.41159897163000525,0.0
MF,c2,335,0.209375,2.154042242238889e-18,1.000451713644187,0.4113169239586948,4096,0,0,1.0,0.0,0.0,0,0.0,0.4113169239586948,0.0
MF,c2,336,0.21,2.2462695910492884e-18,1.0004445415582999,0.4110348773746141,4096,0,0,1.0,0.0,0.0,0,0.0,0.4110348773746141,0.0
MF,c2,337,0.210625,2.342090864534701e-18,1.0004371553571683,0.4107528339784279,4096,0,0,1.0,0.0,0.0,0,0.0,0.4107528339784279,0.0
MF,c2,338,0.21125,2.4416312336339684e-18,1.0004295497994138,0.41047079586893914,4096,0,0,1.0,0.0,0.0,0,0.0,0.41047079586893914,0.0
MF,c2,339,0.211875,2.545019566516553e-18,1.0004217195215424,0.41018876514322467,4096,0,0,1.0,0.0,0.0,0,0.0,0.41018876514322467,0.0
MF,c2,340,0.2125,2.6523885058908035e-18,1.0004136590367605,0.4099067438967691,4096,0,0,1.0,0.0,0.0,0,0.0,0.4099067438967691,0.0
MF,c2,341,0.213125,2.76387454639825e-18,1.0004079616037673,0.4096247342236005,4096,0,0,1.0,0.0,0.0,0,0.0,0.4096247342236005,0.0
MF,c2,342,0.21375,2.8796181120157257e-18,1.0004040874088371,0.4093427382164234,4096,0,0,1.0,0.0,0.0,0,0.0,0.4093427382164234,0.0
MF,c2,343,0.214375,2.9997636333842743e-18,1.0004000696348616,0.40906075796675356,4096,0,0,1.0,0.0,0.0,0,0.0,0.40906075796675356,0.0
MF,c2,344,0.215,3.1244596249810085e-18,1.0003959047380464,0.40877879556505037,4096,0,0,1.0,0.0,0.0,0,0.0,0.40877879556505037,0.0
MF,c2,345,0.215625,3.2538587620472883e-18,1.000391589093316,0.40849685310084993,4096,0,0,1.0,0.0,0.0,0,0.0,0.40849685310084993,0.0
MF,c2,346,0.21625,3.3881179571838666e-18,1.0003871189934104,0.40821493266289793,4096,0,0,1.0,0.0,0.0,0,0.0,0.40821493266289793,0.0
MF,c2,347,0.216875,3.527398436520942e-18,1.000382490648007,0.4079330363392802,4096,0,0,1.0,0.0,0.0,0,0.0,0.4079330363392802,0.0
MF,c2,348,0.2175,3.671865815368422e-18,1.0003777001828622,0.40765116621755493,4096,0,0,1.0,0.0,0.0,0,0.0,0.40765116621755493,0.0
MF,c2,349,0.218125,3.821690173249094e-18,1.000372743638972,0.4073693243848827,4096,0,0,1.0,0.0,0.0,0,0.0,0.4073693243848827,0.0
MF,c2,350,0.21875,3.9770461282148814e-18,1.0003676169717657,0.4070875129281565,4096,0,0,1.0,0.0,0.0,0,0.0,0.4070875129281565,0.0
MF,c2,351,0.21937500000000001,4.138112910345252e-18,1.000362316050304,0.4068057339341308,4096,0,0,1.0,0.0,0.0,0,0.0,0.4068057339341308,0.0
MF,c2,352,0.22,4.305074434316387e-18,1.0003568366565465,0.40652398948955015,4096,0,0,1.0,0.0,0.0,0,0.0,0.40652398948955015,0.0
MF,c2,353,0.22062500000000002,4.478119370947061e-18,1.000351174484588,0.4062422816812772,4096,0,0,1.0,0.0,0.0,0,0.0,0.4062422816812772,0.0
MF,c2,354,0.22125,4.6574412175993624e-18,1.00034532513996,0.4059606125964192,4096,0,0,1.0,0.0,0.0,0,0.0,0.4059606125964192,0.0
MF,c2,355,0.22187500000000002,4.843238367328913e-18,1.0003392841389471,0.40567898432245414,4096,0,0,1.0,0.0,0.0,0,0.0,0.40567898432245414,0.0
MF,c2,356,0.2225,5.035714176669888e-18,1.000333046907938,0.4053973989473565,4096,0,0,1.0,0.0,0.0,0,0.0,0.4053973989473565,0.0
MF,c2,357,0.22312500000000002,5.235077031939341e-18,1.000326608782801,0.40511585855972126,4096,0,0,1.0,0.0,0.0,0,0.0,0.40511585855972126,0.0
MF,c2,358,0.22375,5.441540413943464e-18,1.0003199650082923,0.40483436524888755,4096,0,0,1.0,0.0,0.0,0,0.0,0.40483436524888755,0.0
MF,c2,359,0.224375,5.655322960966631e-18,1.0003131107374958,0.4045529211050611,4096,0,0,1.0,0.0,0.0,0,0.0,0.4045529211050611,0.0
MF,c2,360,0.225,5.876648529922415e-18,1.000306041031294,0.4042715282194357,4096,0,0,1.0,0.0,0.0,0,0.0,0.4042715282194357,0.0
MF,c2,361,0.225625,6.1057462555442245e-18,1.0003015979481549,0.40399018868431413,4096,0,0,1.0,0.0,0.0,0,0.0,0.40399018868431413,0.0
MF,c2,362,0.22625,6.342850607491764e-18,1.0002981596372036,0.4037089045932271,4096,0,0,1.0,0.0,0.0,0,0.0,0.4037089045932271,0.0
MF,c2,363,0.226875,6.588201445248222e-18,1.0002945916444383,0.40342767804105234,4096,0,0,1.0,0.0,0.0,0,0.0,0.40342767804105234,0.0
MF,c2,364,0.2275,6.84204407068191e-18,1.000290890849879,0.40314651112413113,4096,0,0,1.0,0.0,0.0,0,0.0,0.40314651112413113,0.0
MF,c2,365,0.228125,7.10462927814503e-18,1.0002874167861342,0.40286540594038517,4096,0,0,1.0,0.0,0.0,0,0.0,0.40286540594038517,0.0
MF,c2,366,0.22875,7.376213401981339e-18,1.000284044277516,0.40258436458943136,4096,0,0,1.0,0.0,0.0,0,0.0,0.40258436458943136,0.0
MF,c2,367,0.229375,7.6570583613137e-18,1.0002805783343758,0.4023033891726956,4096,0,0,1.0,0.0,0.0,0,0.0,0.4023033891726956,0.0
MF,c2,368,0.23,7.947431701981908e-18,1.0002770168455901,0.40202248179352557,4096,0,0,1.0,0.0,0.0,0,0.0,0.40202248179352557,0.0
MF,c2,369,0.230625,8.247606635500644e-18,1.0002733576466536,0.401741644557302,4096,0,0,1.0,0.0,0.0,0,0.0,0.401741644557302,0.0
MF,c2,370,0.23125,8.557862074907164e-18,1.0002695985190226,0.40146087957154886,4096,0,0,1.0,0.0,0.0,0,0.0,0.40146087957154886,0.0
MF,c2,371,0.231875,8.878482667368077e-18,1.00026573718947,0.40118018894604257,4096,0,0,1.0,0.0,0.0,0,0.0,0.40118018894604257,0.0
MF,c2,372,0.2325,9.209758823414631e-18,1.0002630107947605,0.40089957479291877,4096,0,0,1.0,0.0,0.0,0,0.0,0.40089957479291877,0.0
MF,c2,373,0.233125,9.551986742675964e-18,1.0002612984243158,0.4006190392267794,4096,0,0,1.0,0.0,0.0,0,0.0,0.4006190392267794,0.0
MF,c2,374,0.23375,9.905468435980222e-18,1.0002595228497329,0.4003385843647969,4096,0,0,1.0,0.0,0.0,0,0.0,0.4003385843647969,0.0
MF,c2,375,0.234375,1.0270511743693791e-17,1.0002576826341765,0.4000582123268182,4096,0,0,1.0,0.0,0.0,0,0.0,0.4000582123268182,0.0
MF,c2,376,0.23500000000000001,1.0647430350169617e-17,1.0002557763063975,0.3997779252354665,4096,0,0,1.0,0.0,0.0,0,0.0,0.3997779252354665,0.0
MF,c2,377,0.235625,1.1036543794176367e-17,1.0002538023602803,0.39949772521624166,4096,0,0,1.0,0.0,0.0,0,0.0,0.39949772521624166,0.0
MF,c2,378,0.23625000000000002,1.1438177475181184e-17,1.0002517592543945,0.39921761439762,4096,0,0,1.0,0.0,0.0,0,0.0,0.39921761439762,0.0
MF,c2,379,0.236875,1.1852662655359925e-17,1.0002496454115555,0.39893759491115155,4096,0,0,1.0,0.0,0.0,0,0.0,0.39893759491115155,0.0
MF,c2,380,0.23750000000000002,1.2280336457210153e-17,1.000247459218393,0.3986576688915563,4096,0,0,1.0,0.0,0.0,0,0.0,0.3986576688915563,0.0
MF,c2,381,0.238125,1.2721541856640333e-17,1.0002451990249137,0.3983778384768192,4096,0,0,1.0,0.0,0.0,0,0.0,0.3983778384768192,0.0
MF,c2,382,0.23875000000000002,1.3176627671429527e-17,1.0002428631441178,0.3980981058082824,4096,0,0,1.0,0.0,0.0,0,0.0,0.3980981058082824,0.0
MF,c2,383,0.239375,1.3645948544907194e-17,1.0002404498515565,0.39781847303073825,4096,0,0,1.0,0.0,0.0,0,0.0,0.39781847303073825,0.0
MF,c2,384,0.24,1.412986492476522e-17,1.0002379573849454,0.39753894229251774,4096,0,0,1.0,0.0,0.0,0,0.0,0.39753894229251774,0.0
MF,c2,385,0.240625,1.462874303687234e-17,1.0002353839437705,0.3972595157455797,4096,0,0,1.0,0.0,0.0,0,0.0,0.3972595157455797,0.0
MF,c2,386,0.24125,1.5142954853980742e-17,1.00023272768891,0.39698019554559744,4096,0,0,1.0,0.0,0.0,0,0.0,0.39698019554559744,0.0
MF,c2,387,0.241875,1.5672878059214415e-17,1.000229986742259,0.3967009838520432,4096,0,0,1.0,0.0,0.0,0,0.0,0.3967009838520432,0.0
MF,c2,388,0.2425,1.621889600423161e-17,1.0002271591863712,0.39642188282827223,4096,0,0,1.0,0.0,0.0,0,0.0,0.39642188282827223,0.0
MF,c2,389,0.243125,1.67813976619567e-17,1.0002242430641046,0.3961428946416038,4096,0,0,1.0,0.0,0.0,0,0.0,0.3961428946416038,0.0
MF,c2,390,0.24375,1.736077757377977e-17,1.000221236378284,0.39586402146340116,4096,0,0,1.0,0.0,0.0,0,0.0,0.39586402146340116,0.0
MF,c2,391,0.244375,1.7957435791125832e-17,1.000218137091369,0.3955852654691499,4096,0,0,1.0,0.0,0.0,0,0.0,0.3955852654691499,0.0
MF,c2,392,0.245,1.8571777811298617e-17,1.000214943125138,0.39530662883853374,4096,0,0,1.0,0.0,0.0,0,0.0,0.39530662883853374,0.0
MF,c2,393,0.245625,1.9204214507507933e-17,1.0002116523603801,0.39502811375550984,4096,0,0,1.0,0.0,0.0,0,0.0,0.39502811375550984,0.0
MF,c2,394,0.24625,1.9852705821820427e-17,1.000208262636603,0.39474972240838047,4096,0,0,1.0,0.0,0.0,0,0.0,0.39474972240838047,0.0
MF,c2,395,0.246875,2.04928781059281e-17,1.0002047717517497,0.3944714569898644,4096,0,0,1.0,0.0,0.0,0,0.0,0.3944714569898644,0.0
MF,c2,396,0.2475,2.1176453505843418e-17,1.0002011774619304,0.3941933196971659,4096,0,0,1.0,0.0,0.0,0,0.0,0.3941933196971659,0.0
MF,c2,397,0.248125,2.1906293190603694e-17,1.0001975853862068,0.39391531273204133,4096,0,0,1.0,0.0,0.0,0,0.0,0.39391531273204133,0.0
MF,c2,398,0.24875,2.2652564938695865e-17,1.0001958993891833,0.39363743830086473,4096,0,0,1.0,0.0,0.0,0,0.0,0.39363743830086473,0.0
MF,c2,399,0.249375,2.3402488757948218e-17,1.0001941520024984,0.39335969861469056,4096,0,0,1.0,0.0,0.0,0,0.0,0.39335969861469056,0.0
MF,c2,400,0.25,2.4173526753450632e-17,1.000192341842023,0.3930820958893152,4096,0,0,1.0,0.0,0.0,0,0.0,0.3930820958893152,0.0
MF,c2,401,0.250625,2.4966129561759466e-17,1.000190467496837,0.3928046323453359,4096,0,0,1.0,0.0,0.0,0,0.0,0.3928046323453359,0.0
MF,c2,402,0.25125000000000003,2.578075229081984e-17,1.0001885275290177,0.3925273102082087,4096,0,0,1.0,0.0,0.0,0,0.0,0.3925273102082087,0.0
MF,c2,403,0.251875,2.661785438773544e-17,1.0001865204734353,0.3922501317083025,4096,0,0,1.0,0.0,0.0,0,0.0,0.3922501317083025,0.0
MF,c2,404,0.2525,2.7477899500006927e-17,1.0001844448375579,0.39197309908095335,4096,0,0,1.0,0.0,0.0,0,0.0,0.39197309908095335,0.0
MF,c2,405,0.253125,2.825181398143563e-17,1.0001822991012612,0.3916962145665151,4096,0,0,1.0,0.0,0.0,0,0.0,0.3916962145665151,0.0
MF,c2,406,0.25375000000000003,2.890960688793155e-17,1.0001800817166495,0.3914194804104085,4096,0,0,1.0,0.0,0.0,0,0.0,0.3914194804104085,0.0
MF,c2,407,0.254375,2.9580902760004027e-17,1.0001777911078822,0.39114289886316805,4096,0,0,1.0,0.0,0.0,0,0.0,0.39114289886316805,0.0
MF,c2,408,0.255,3.0265958584936677e-17,1.0001754256710103,0.3908664721804874,4096,0,0,1.0,0.0,0.0,0,0.0,0.3908664721804874,0.0
MF,c2,409,0.255625,3.0965035113175613e-17,1.0001729837738214,0.3905902026232616,4096,0,0,1.0,0.0,0.0,0,0.0,0.3905902026232616,0.0
MF,c2,410,0.25625,3.1678396822921304e-17,1.000170463755693,0.390314092457628,4096,0,0,1.0,0.0,0.0,0,0.0,0.390314092457628,0.0
MF,c2,411,0.256875,3.240631188010395e-17,1.0001680735979823,0.3900381439550046,4096,0,0,1.0,0.0,0.0,0,0.0,0.3900381439550046,0.0
MF,c2,412,0.2575,3.31490520936673e-17,1.000167097729002,0.3897623593921268,4096,0,0,1.0,0.0,0.0,0,0.0,0.3897623593921268,0.0
MF,c2,413,0.258125,3.390689286608999e-17,1.0001660890375266,0.389486741051081,4096,0,0,1.0,0.0,0.0,0,0.0,0.389486741051081,0.0
MF,c2,414,0.25875,3.468011313907763e-17,1.0001650468328336,0.3892112912193373,4096,0,0,1.0,0.0,0.0,0,0.0,0.3892112912193373,0.0
MF,c2,415,0.259375,3.5468995334363e-17,1.0001639704084067,0.3889360121897783,4096,0,0,1.0,0.0,0.0,0,0.0,0.3889360121897783,0.0
MF,c2,416,0.26,3.6273825289556237e-17,1.0001628590417369,0.3886609062607277,4096,0,0,1.0,0.0,0.0,0,0.0,0.3886609062607277,0.0
MF,c2,417,0.260625,3.7094892188991474e-17,1.0001617119941366,0.3883859757359751,4096,0,0,1.0,0.0,0.0,0,0.0,0.3883859757359751,0.0
MF,c2,418,0.26125,3.793248848952078e-17,1.0001605285105497,0.3881112229247991,4096,0,0,1.0,0.0,0.0,0,0.0,0.3881112229247991,0.0
MF,c2,419,0.261875,3.878690984121125e-17,1.000159307819368,0.3878366501419884,4096,0,0,1.0,0.0,0.0,0,0.0,0.3878366501419884,0.0
MF,c2,420,0.2625,3.965845500290584e-17,1.0001580491322521,0.3875622597078602,4096,0,0,1.0,0.0,0.0,0,0.0,0.3875622597078602,0.0
MF,c2,421,0.263125,4.0547425752613507e-17,1.0001567516439507,0.38728805394827637,4096,0,0,1.0,0.0,0.0,0,0.0,0.38728805394827637,0.0
MF,c2,422,0.26375,4.145412679269931e-17,1.0001554145321314,0.3870140351946581,4096,0,0,1.0,0.0,0.0,0,0.0,0.3870140351946581,0.0
MF,c2,423,0.264375,4.2378865649850227e-17,1.0001540369572073,0.3867402057839965,4096,0,0,1.0,0.0,0.0,0,0.0,0.3867402057839965,0.0
MF,c2,424,0.265,4.332195256978735e-17,1.0001526180621532,0.38646656805886337,4096,0,0,1.0,0.0,0.0,0,0.0,0.38646656805886337,0.0
MF,c2,425,0.265625,4.4283700406761607e-17,1.0001511569724035,0.3861931243674168,4096,0,0,1.0,0.0,0.0,0,0.0,0.3861931243674168,0.0
MF,c2,426,0.26625,4.5264424507725175e-17,1.0001496527956335,0.3859198770634074,4096,0,0,1.0,0.0,0.0,0,0.0,0.3859198770634074,0.0
MF,c2,427,0.26687500000000003,4.626444259127328e-17,1.0001481046216278,0.38564682850617943,4096,0,0,1.0,0.0,0.0,0,0.0,0.38564682850617943,0.0
MF,c2,428,0.2675,4.728407462131133e-17,1.000146511522129,0.3853739810606715,4096,0,0,1.0,0.0,0.0,0,0.0,0.3853739810606715,0.0
MF,c2,429,0.268125,4.832364267546511e-17,1.0001448725506956,0.3851013370974142,4096,0,0,1.0,0.0,0.0,0,0.0,0.3851013370974142,0.0
MF,c2,430,0.26875,4.938347080824785e-17,1.0001431867425619,0.3848288989925248,4096,0,0,1.0,0.0,0.0,0,0.0,0.3848288989925248,0.0
MF,c2,431,0.26937500000000003,5.046388490900377e-17,1.000141453114502,0.3845566691277012,4096,0,0,1.0,0.0,0.0,0,0.0,0.3845566691277012,0.0
MF,c2,432,0.27,5.156521255465347e-17,1.0001396706647026,0.3842846498902113,4096,0,0,1.0,0.0,0.0,0,0.0,0.3842846498902113,0.0
MF,c2,433,0.270625,5.2687782857272174e-17,1.0001378383726358,0.384012843672882,4096,0,0,1.0,0.0,0.0,0,0.0,0.384012843672882,0.0
MF,c2,434,0.27125,5.3831926306537614e-17,1.0001359551989408,0.3837412528740841,4096,0,0,1.0,0.0,0.0,0,0.0,0.3837412528740841,0.0
MF,c2,435,0.27187500000000003,5.4997974607090195e-17,1.0001340200853095,0.3834698798977163,4096,0,0,1.0,0.0,0.0,0,0.0,0.3834698798977163,0.0
MF,c2,436,0.2725,5.618626051085386e-17,1.000132031954379,0.38319872715318554,4096,0,0,1.0,0.0,0.0,0,0.0,0.38319872715318554,0.0
MF,c2,437,0.273125,5.739711764437178e-17,1.000129989709628,0.38292779705538543,4096,0,0,1.0,0.0,0.0,0,0.0,0.38292779705538543,0.0
MF,c2,438,0.27375,5.863088033121694e-17,1.0001285305974426,0.3826570920246727,4096,0,0,1.0,0.0,0.0,0,0.0,0.3826570920246727,0.0
MF,c2,439,0.274375,5.988788340954332e-17,1.0001275734272177,0.38238661448684,4096,0,0,1.0,0.0,0.0,0,0.0,0.38238661448684,0.0
MF,c2,440,0.275,6.116846204484953e-17,1.0001265845870757,0.38211636687308764,4096,0,0,1.0,0.0,0.0,0,0.0,0.38211636687308764,0.0
MF,c2,441,0.275625,6.247295153803182e-17,1.0001255634147312,0.381846351619992,4096,0,0,1.0,0.0,0.0,0,0.0,0.381846351619992,0.0
MF,c2,442,0.27625,6.380168712880995e-17,1.0001245092358784,0.3815765711694713,4096,0,0,1.0,0.0,0.0,0,0.0,0.3815765711694713,0.0
MF,c2,443,0.276875,6.515500379461427e-17,1.0001234213641075,0.3813070279687501,4096,0,0,1.0,0.0,0.0,0,0.0,0.3813070279687501,0.0
MF,c2,444,0.2775,6.653323604502902e-17,1.0001222991008243,0.38103772447031997,4096,0,0,1.0,0.0,0.0,0,0.0,0.38103772447031997,0.0
MF,c2,445,0.278125,6.793671771189133e-17,1.0001211417351785,0.38076866313189855,4096,0,0,1.0,0.0,0.0,0,0.0,0.38076866313189855,0.0
MF,c2,446,0.27875,6.936578173515176e-17,1.0001199485439878,0.3804998464163859,4096,0,0,1.0,0.0,0.0,0,0.0,0.3804998464163859,0.0
MF,c2,447,0.279375,7.08207599446077e-17,1.0001187187916722,0.3802312767918181,4096,0,0,1.0,0.0,0.0,0,0.0,0.3802312767918181,0.0
MF,c2,448,0.28,7.230198283761219e-17,1.000117451730166,0.37996295673131913,4096,0,0,1.0,0.0,0.0,0,0.0,0.37996295673131913,0.0
MF,c2,449,0.280625,7.380977935294714e-17,1.00011614659892,0.3796948887130495,4096,0,0,1.0,0.0,0.0,0,0.0,0.3796948887130495,0.0
MF,c2,450,0.28125,7.534447664085709e-17,1.00011480262478,0.3794270752201529,4096,0,0,1.0,0.0,0.0,0,0.0,0.3794270752201529,0.0
MF,c2,451,0.281875,7.690639982950431e-17,1.0001134190219547,0.37915951874070003,4096,0,0,1.0,0.0,0.0,0,0.0,0.37915951874070003,0.0
MF,c2,452,0.28250000000000003,7.849587178791991e-17,1.0001119949919648,0.3788922217676304,4096,0,0,1.0,0.0,0.0,0,0.0,0.3788922217676304,0.0
MF,c2,453,0.283125,8.011321288560561e-17,1.0001107198676578,0.37862518679869134,4096,0,0,1.0,0.0,0.0,0,0.0,0.37862518679869134,0.0
MF,c2,454,0.28375,8.175874074893417e-17,1.0001101399727939,0.37835841633637457,4096,0,0,1.0,0.0,0.0,0,0.0,0.37835841633637457,0.0
MF,c2,455,0.284375,8.343277001450008e-17,1.0001095425751623,0.37809191288785055,4096,0,0,1.0,0.0,0.0,0,0.0,0.37809191288785055,0.0
MF,c2,456,0.28500000000000003,8.513561207957806e-17,1.0001089273295092,0.3778256789649002,4096,0,0,1.0,0.0,0.0,0,0.0,0.3778256789649002,0.0
MF,c2,457,0.285625,8.686757484985058e-17,1.0001082938832508,0.377559717083844,4096,0,0,1.0,0.0,0.0,0,0.0,0.377559717083844,0.0
MF,c2,458,0.28625,8.862896248457069e-17,1.0001076418763952,0.377294029765469,4096,0,0,1.0,0.0,0.0,0,0.0,0.377294029765469,0.0
MF,c2,459,0.286875,9.042007513933029e-17,1.0001069709414694,0.37702861953495304,4096,0,0,1.0,0.0,0.0,0,0.0,0.37702861953495304,0.0
MF,c2,460,0.28750000000000003,9.224120870660862e-17,1.0001062807034435,0.37676348892178707,4096,0,0,1.0,0.0,0.0,0,0.0,0.37676348892178707,0.0
MF,c2,461,0.288125,9.409265455427944e-17,1.0001055707796578,0.37649864045969417,4096,0,0,1.0,0.0,0.0,0,0.0,0.37649864045969417,0.0
MF,c2,462,0.28875,9.597469926225945e-17,1.0001048407797533,0.3762340766865472,4096,0,0,1.0,0.0,0.0,0,0.0,0.3762340766865472,0.0
MF,c2,463,0.289375,9.788762435748442e-17,1.0001040903056,0.3759698001442828,4096,0,0,1.0,0.0,0.0,0,0.0,0.3759698001442828,0.0
MF,c2,464,0.29,9.983170604740284e-17,1.0001033189512318,0.37570581337881415,4096,0,0,1.0,0.0,0.0,0,0.0,0.37570581337881415,0.0
MF,c2,465,0.290625,1.0180721495218044e-16,1.000102526302779,0.37544211893994045,4096,0,0,1.0,0.0,0.0,0,0.0,0.37544211893994045,0.0
MF,c2,466,0.29125,1.0381441583581245e-16,1.0001017119384041,0.3751787193812548,4096,0,0,1.0,0.0,0.0,0,0.0,0.3751787193812548,0.0
MF,c2,467,0.291875,1.0585356733632713e-16,1.000100875428217,0.37491561726004874,4096,0,0,1.0,0.0,0.0,0,0.0,0.37491561726004874,0.0
MF,c2,468,0.2925,1.0792492169536271e-16,1.0001000163342837,0.3746528151372148,4096,0,0,1.0,0.0,0.0,0,0.0,0.3746528151372148,0.0
MF,c2,469,0.293125,1.1002872448716825e-16,1.0000991342104975,0.3743903155771474,4096,0,0,1.0,0.0,0.0,0,0.0,0.3743903155771474,0.0
MF,c2,470,0.29375,1.1216521434738815e-16,1.000098228602546,0.37412812114763994,4096,0,0,1.0,0.0,0.0,0,0.0,0.37412812114763994,0.0
MF,c2,471,0.294375,1.143346227017674e-16,1.0000972990478585,0.37386623441978073,4096,0,0,1.0,0.0,0.0,0,0.0,0.37386623441978073,0.0
MF,c2,472,0.295,1.165371734950043e-16,1.000096345075551,0.3736046579678461,4096,0,0,1.0,0.0,0.0,0,0.0,0.3736046579678461,0.0
MF,c2,473,0.295625,1.1877308291996622e-16,1.0000958445506194,0.3733433943691909,4096,0,0,1.0,0.0,0.0,0,0.0,0.3733433943691909,0.0
MF,c2,474,0.29625,1.210425591474852e-16,1.0000959141613879,0.3730824462041371,4096,0,0,1.0,0.0,0.0,0,0.0,0.3730824462041371,0.0
MF,c2,475,0.296875,1.233458020569517e-16,1.0000959762071442,0.3728218160558603,4096,0,0,1.0,0.0,0.0,0,0.0,0.3728218160558603,0.0
MF,c2,476,0.2975,1.2568300296792707e-16,1.0000960306190851,0.37256150651027253,4096,0,0,1.0,0.0,0.0,0,0.0,0.37256150651027253,0.0
MF,c2,477,0.29812500000000003,1.28054344372996e-16,1.0000960773290657,0.37230152015590484,4096,0,0,1.0,0.0,0.0,0,0.0,0.37230152015590484,0.0
MF,c2,478,0.29875,1.3045999967208145e-16,1.0000961162696227,0.3720418595837858,4096,0,0,1.0,0.0,0.0,0,0.0,0.3720418595837858,0.0
MF,c2,479,0.299375,1.3290013290844563e-16,1.0000961538840039,0.37178252738731865,4096,0,0,1.0,0.0,0.0,0,0.0,0.37178252738731865,0.0
MF,c2,480,0.3,1.3537489850660123e-16,1.0000962099217903,0.37152352616215584,4096,0,0,1.0,0.0,0.0,0,0.0,0.37152352616215584,0.0
MF,c2,481,0.30062500000000003,1.3788444101235757e-16,1.0000962597940828,0.37126485850607155,4096,0,0,1.0,0.0,0.0,0,0.0,0.37126485850607155,0.0
MF,c2,482,0.30125,1.4042889483522668e-16,1.000096303459651,0.37100652701883197,4096,0,0,1.0,0.0,0.0,0,0.0,0.37100652701883197,0.0
MF,c2,483,0.301875,1.4300838399339633e-16,1.0000963408778396,0.3707485343020626,4096,0,0,1.0,0.0,0.0,0,0.0,0.3707485343020626,0.0
MF,c2,484,0.3025,1.4562302186158417e-16,1.0000963720087723,0.3704908829591148,4096,0,0,1.0,0.0,0.0,0,0.0,0.3704908829591148,0.0
MF,c2,485,0.30312500000000003,1.4827291092182317e-16,1.0000963968131746,0.37023357559492887,4096,0,0,1.0,0.0,0.0,0,0.0,0.37023357559492887,0.0
MF,c2,486,0.30375,1.5095814251757336e-16,1.0000964152524485,0.3699766148158953,4096,0,0,1.0,0.0,0.0,0,0.0,0.3699766148158953,0.0
MF,c2,487,0.304375,1.5367879661129988e-16,1.000096427288687,0.3697200032297142,4096,0,0,1.0,0.0,0.0,0,0.0,0.3697200032297142,0.0
MF,c2,488,0.305,1.5643494154575616e-16,1.0000964328846857,0.36946374344525235,4096,0,0,1.0,0.0,0.0,0,0.0,0.36946374344525235,0.0
MF,c2,489,0.305625,1.5922663380919392e-16,1.0000964320039551,0.3692078380723978,4096,0,0,1.0,0.0,0.0,0,0.0,0.3692078380723978,0.0
MF,c2,490,0.30625,1.620539178047199e-16,1.0000964246107336,0.3689522897219132,4096,0,0,1.0,0.0,0.0,0,0.0,0.3689522897219132,0.0
MF,c2,491,0.306875,1.6491682562401807e-16,1.000096410669999,0.36869710100528563,4096,0,0,1.0,0.0,0.0,0,0.0,0.36869710100528563,0.0
MF,c2,492,0.3075,1.6781537682565384e-16,1.0000963901474804,0.3684422745345764,4096,0,0,1.0,0.0,0.0,0,0.0,0.3684422745345764,0.0
MF,c2,493,0.308125,1.7074957821817585e-16,1.0000963630096704,0.36818781292226643,4096,0,0,1.0,0.0,0.0,0,0.0,0.36818781292226643,0.0
MF,c2,494,0.30875,1.7371942364822725e-16,1.0000963292238387,0.3679337187811017,4096,0,0,1.0,0.0,0.0,0,0.0,0.3679337187811017,0.0
MF,c2,495,0.309375,1.7672489379387735e-16,1.0000962887580387,0.3676799947239352,4096,0,0,1.0,0.0,0.0,0,0.0,0.3676799947239352,0.0
MF,c2,496,0.31,1.7976595596338161e-16,1.0000962415811236,0.36742664336356773,4096,0,0,1.0,0.0,0.0,0,0.0,0.36742664336356773,0.0
MF,c2,497,0.310625,1.8150313248338266e-16,1.000096187662756,0.36717366731258616,4096,0,0,1.0,0.0,0.0,0,0.0,0.36717366731258616,0.0
MF,c2,498,0.31125,1.8323880461713069e-16,1.0000961269733615,0.3669210691832003,4096,0,0,1.0,0.0,0.0,0,0.0,0.3669210691832003,0.0
MF,c2,499,0.311875,1.849920477675369e-16,1.000096059484311,0.36666885158707707,4096,0,0,1.0,0.0,0.0,0,0.0,0.36666885158707707,0.0
MF,c2,500,0.3125,1.8676305542356412e-16,1.0000959851677604,0.36641701713517405,4096,0,0,1.0,0.0,0.0,0,0.0,0.36641701713517405,0.0
MF,c2,501,0.313125,1.8855201503405149e-16,1.0000959039967179,0.3661655684375692,4096,0,0,1.0,0.0,0.0,0,0.0,0.3661655684375692,0.0
MF,c2,502,0.31375000000000003,1.9035910774532585e-16,1.0000958159450537,0.36591450810329046,4096,0,0,1.0,0.0,0.0,0,0.0,0.36591450810329046,0.0
MF,c2,503,0.314375,1.9218450814165207e-16,1.0000957209875116,0.36566383874014285,4096,0,0,1.0,0.0,0.0,0,0.0,0.36566383874014285,0.0
MF,c2,504,0.315,1.9402838398875022e-16,1.000095619099717,0.36541356295453337,4096,0,0,1.0,0.0,0.0,0,0.0,0.36541356295453337,0.0
MF,c2,505,0.315625,1.958908959806064e-16,1.0000955102581883,0.3651636833512947,4096,0,0,1.0,0.0,0.0,0,0.0,0.3651636833512947,0.0
MF,c2,506,0.31625000000000003,1.9777219748979912e-16,1.0000953944403457,0.3649142025335067,4096,0,0,1.0,0.0,0.0,0,0.0,0.3649142025335067,0.0
MF,c2,507,0.316875,1.9967243432156202e-16,1.0000952716245204,0.3646651231023164,4096,0,0,1.0,0.0,0.0,0,0.0,0.3646651231023164,0.0
MF,c2,508,0.3175,2.0159174447179794e-16,1.0000951417899624,0.364416447656756,4096,0,0,1.0,0.0,0.0,0,0.0,0.364416447656756,0.0
MF,c2,509,0.318125,2.0353025788925797e-16,1.000095004916852,0.3641681787935596,4096,0,0,1.0,0.0,0.0,0,0.0,0.3641681787935596,0.0
MF,c2,510,0.31875000000000003,2.0548809624209402e-16,1.000094860986307,0.36392031910697764,4096,0,0,1.0,0.0,0.0,0,0.0,0.36392031910697764,0.0
MF,c2,511,0.319375,2.0746537268899014e-16,1.0000947099803894,0.36367287118859015,4096,0,0,1.0,0.0,0.0,0,0.0,0.36367287118859015,0.0
MF,c2,512,0.32,2.0946219165504695e-16,1.000094551882065,0.363425837627118,4096,0,0,1.0,0.0,0.0,0,0.0,0.363425837627118,0.0
MF,c2,513,0.320625,2.1147864861274627e-16,1.0000943866753638,0.36317922100823324,4096,0,0,1.0,0.0,0.0,0,0.0,0.36317922100823324,0.0
MF,c2,514,0.32125,2.1351482986793158e-16,1.0000942143452338,0.36293302391436677,4096,0,0,1.0,0.0,0.0,0,0.0,0.36293302391436677,0.0
MF,c2,515,0.321875,2.155708123512452e-16,1.0000940348775982,0.36268724892451554,4096,0,0,1.0,0.0,0.0,0,0.0,0.36268724892451554,0.0
MF,c2,516,0.3225,2.1764666341508053e-16,1.0000938482593655,0.36244189861404713,4096,0,0,1.0,0.0,0.0,0,0.0,0.36244189861404713,0.0
MF,c2,517,0.323125,2.1974244063625231e-16,1.000093654478434,0.3621969755545042,4096,0,0,1.0,0.0,0.0,0,0.0,0.3621969755545042,0.0
MF,c2,518,0.32375,2.2185819162455858e-16,1.0000934535236996,0.3619524823134061,4096,0,0,1.0,0.0,0.0,0,0.0,0.3619524823134061,0.0
MF,c2,519,0.324375,2.239939538374022e-16,1.0000932453850604,0.36170842145404986,4096,0,0,1.0,0.0,0.0,0,0.0,0.36170842145404986,0.0
MF,c2,520,0.325,2.2614975440063535e-16,1.0000930300534256,0.36146479553530936,4096,0,0,1.0,0.0,0.0,0,0.0,0.36146479553530936,0.0
MF,c2,521,0.325625,2.2832560993578466e-16,1.0000928075207196,0.3612216071114336,4096,0,0,1.0,0.0,0.0,0,0.0,0.3612216071114336,0.0
MF,c2,522,0.32625,2.305215263938098e-16,1.000092577779886,0.3609788587318431,4096,0,0,1.0,0.0,0.0,0,0.0,0.3609788587318431,0.0
MF,c2,523,0.326875,2.3273749889554175e-16,1.000092340824896,0.3607365529409252,4096,0,0,1.0,0.0,0.0,0,0.0,0.3607365529409252,0.0
MF,c2,524,0.3275,2.349735115789424e-16,1.000092096650752,0.36049469227782815,4096,0,0,1.0,0.0,0.0,0,0.0,0.36049469227782815,0.0
MF,c2,525,0.328125,2.372295374533212e-16,1.0000918452534904,0.36025327927625356,4096,0,0,1.0,0.0,0.0,0,0.0,0.36025327927625356,0.0
MF,c2,526,0.32875,2.395055382606121e-16,1.0000915866301447,0.36001231646424803,4096,0,0,1.0,0.0,0.0,0,0.0,0.36001231646424803,0.0
MF,c2,527,0.32937500000000003,2.41801464343961e-16,1.0000913207788815,0.35977180636399386,4096,0,0,1.0,0.0,0.0,0,0.0,0.35977180636399386,0.0
MF,c2,528,0.33,2.4411725452349534e-16,1.0000910476988718,0.35953175149159744,4096,0,0,1.0,0.0,0.0,0,0.0,0.35953175149159744,0.0
MF,c2,529,0.330625,2.4645283597962815e-16,1.0000907673903365,0.35929215435687745,4096,0,0,1.0,0.0,0.0,0,0.0,0.35929215435687745,0.0
MF,c2,530,0.33125,2.4880812414388504e-16,1.0000904798545518,0.3590530174631523,4096,0,0,1.0,0.0,0.0,0,0.0,0.3590530174631523,0.0
MF,c2,531,0.33187500000000003,2.5118302259737607e-16,1.0000901850938524,0.3588143433070251,4096,0,0,1.0,0.0,0.0,0,0.0,0.3588143433070251,0.0
MF,c2,532,0.3325,2.535774229770063e-16,1.000089970675386,0.358576134378169,4096,0,0,1.0,0.0,0.0,0,0.0,0.358576134378169,0.0
MF,c2,533,0.333125,2.5599120488951113e-16,1.000089767773268,0.35833839315911054,4096,0,0,1.0,0.0,0.0,0,0.0,0.35833839315911054,0.0
MF,c2,534,0.33375,2.5842423583339875e-16,1.000089559671191,0.3581011221250127,4096,0,0,1.0,0.0,0.0,0,0.0,0.3581011221250127,0.0
MF,c2,535,0.33437500000000003,2.608763711288718e-16,1.0000893463788332,0.3578643237434569,4096,0,0,1.0,0.0,0.0,0,0.0,0.3578643237434569,0.0
MF,c2,536,0.335,2.633474538557986e-16,1.0000891279065882,0.3576280004742233,4096,0,0,1.0,0.0,0.0,0,0.0,0.3576280004742233,0.0
MF,c2,537,0.335625,2.6583731479979335e-16,1.0000889042655683,0.35739215476907155,4096,0,0,1.0,0.0,0.0,0,0.0,0.35739215476907155,0.0
MF,c2,538,0.33625,2.6834577240646174e-16,1.0000886754675995,0.35715678907151965,4096,0,0,1.0,0.0,0.0,0,0.0,0.35715678907151965,0.0
MF,c2,539,0.336875,2.7087263274383643e-16,1.0000884415251865,0.3569219058166225,4096,0,0,1.0,0.0,0.0,0,0.0,0.3569219058166225,0.0
MF,c2,540,0.3375,2.734176894731606e-16,1.0000882024516196,0.35668750743074945,4096,0,0,1.0,0.0,0.0,0,0.0,0.35668750743074945,0.0
MF,c2,541,0.338125,2.7598072382782765e-16,1.0000879582608624,0.3564535963313616,4096,0,0,1.0,0.0,0.0,0,0.0,0.3564535963313616,0.0
MF,c2,542,0.33875,2.7856150460072856e-16,1.0000877089675895,0.35622017492678754,4096,0,0,1.0,0.0,0.0,0,0.0,0.35622017492678754,0.0
MF,c2,543,0.339375,2.8115978813992274e-16,1.0000874545871818,0.35598724561599937,4096,0,0,1.0,0.0,0.0,0,0.0,0.35598724561599937,0.0
MF,c2,544,0.34,2.837753183526667e-16,1.000087195135725,0.35575481078838755,4096,0,0,1.0,0.0,0.0,0,0.0,0.35575481078838755,0.0
MF,c2,545,0.340625,2.864078267178128e-16,1.0000869306300078,0.35552287282353534,4096,0,0,1.0,0.0,0.0,0,0.0,0.35552287282353534,0.0
MF,c2,546,0.34125,2.8905703230658057e-16,1.0000866610875185,0.3552914340909925,4096,0,0,1.0,0.0,0.0,0,0.0,0.3552914340909925,0.0
MF,c2,547,0.341875,2.917226418116969e-16,1.0000863865264424,0.35506049695004904,4096,0,0,1.0,0.0,0.0,0,0.0,0.35506049695004904,0.0
MF,c2,548,0.3425,2.9440434958489727e-16,1.0000861069656584,0.3548300637495077,4096,0,0,1.0,0.0,0.0,0,0.0,0.3548300637495077,0.0
MF,c2,549,0.343125,2.971018376827703e-16,1.000085822424736,0.3546001368274567,4096,0,0,1.0,0.0,0.0,0,0.0,0.3546001368274567,0.0
MF,c2,550,0.34375,2.9981477592092526e-16,1.0000855329239327,0.3543707185110419,4096,0,0,1.0,0.0,0.0,0,0.0,0.3543707185110419,0.0
MF,c2,551,0.344375,3.025428219364528e-16,1.000085238484188,0.3541418111162383,4096,0,0,1.0,0.0,0.0,0,0.0,0.3541418111162383,0.0
MF,c2,552,0.34500000000000003,3.052856212586238e-16,1.0000849391270903,0.35391341694762185,4096,0,0,1.0,0.0,0.0,0,0.0,0.35391341694762185,0.0
MF,c2,553,0.345625,3.0804280738789065e-16,1.000084634874966,0.3536855382981402,4096,0,0,1.0,0.0,0.0,0,0.0,0.3536855382981402,0.0
MF,c2,554,0.34625,3.1081400188293706e-16,1.0000843257507797,0.3534581774488841,4096,0,0,1.0,0.0,0.0,0,0.0,0.3534581774488841,0.0
MF,c2,555,0.346875,3.13598814455927e-16,1.0000840117781633,0.3532313366688578,4096,0,0,1.0,0.0,0.0,0,0.0,0.3532313366688578,0.0
MF,c2,556,0.34750000000000003,3.163968430757936e-16,1.0000836929814105,0.3530050182147502,4096,0,0,1.0,0.0,0.0,0,0.0,0.3530050182147502,0.0
MF,c2,557,0.348125,3.192076740795236e-16,1.0000833693854712,0.3527792243307049,4096,0,0,1.0,0.0,0.0,0,0.0,0.3527792243307049,0.0
MF,c2,558,0.34875,3.22030882291366e-16,1.000083041015946,0.3525539572480909,4096,0,0,1.0,0.0,0.0,0,0.0,0.3525539572480909,0.0
MF,c2,559,0.349375,3.2486603114988903e-16,1.0000827078990826,0.3523292191852731,4096,0,0,1.0,0.0,0.0,0,0.0,0.3523292191852731,0.0
MF,c2,560,0.35000000000000003,3.2771267284280347e-16,1.0000823700617694,0.35210501234738273,4096,0,0,1.0,0.0,0.0,0,0.0,0.35210501234738273,0.0
MF,c2,561,0.350625,3.3057034844946416e-16,1.0000820275315279,0.351881338926088,4096,0,0,1.0,0.0,0.0,0,0.0,0.351881338926088,0.0
MF,c2,562,0.35125,3.3343858809095736e-16,1.0000816803365093,0.35165820109936485,4096,0,0,1.0,0.0,0.0,0,0.0,0.35165820109936485,0.0
MF,c2,563,0.351875,3.363169110876745e-16,1.000081328505488,0.3514356010312674,4096,0,0,1.0,0.0,0.0,0,0.0,0.3514356010312674,0.0
MF,c2,564,0.3525,3.3920482612426956e-16,1.0000809720678543,0.3512135408716996,4096,0,0,1.0,0.0,0.0,0,0.0,0.3512135408716996,0.0
MF,c2,565,0.353125,3.421018314218901e-16,1.0000806110536067,0.350992022756186,4096,0,0,1.0,0.0,0.0,0,0.0,0.350992022756186,0.0
MF,c2,566,0.35375,3.450074149175499e-16,1.0000802454933237,0.3507710488056435,4096,0,0,1.0,0.0,0.0,0,0.0,0.3507710488056435,0.0
MF,c2,567,0.354375,3.479210544506143e-16,1.0000798754182294,0.35055062112615337,4096,0,0,1.0,0.0,0.0,0,0.0,0.35055062112615337,0.0
MF,c2,568,0.355,3.5084221795609817e-16,1.0000795008601107,0.3503307418087334,4096,0,0,1.0,0.0,0.0,0,0.0,0.3503307418087334,0.0
MF,c2,569,0.355625,3.5377036366481866e-16,1.0000791218513359,0.3501114129291106,4096,0,0,1.0,0.0,0.0,0,0.0,0.3501114129291106,0.0
MF,c2,570,0.35625,3.5670494031018716e-16,1.0000787384248484,0.34989263654749436,4096,0,0,1.0,0.0,0.0,0,0.0,0.34989263654749436,0.0
MF,c2,571,0.356875,3.5964538734151733e-16,1.000078354220184,0.34967441470835026,4096,0,0,1.0,0.0,0.0,0,0.0,0.34967441470835026,0.0
MF,c2,572,0.3575,3.625911351437079e-16,1.0000780872163226,0.3494567494401741,4096,0,0,1.0,0.0,0.0,0,0.0,0.3494567494401741,0.0
MF,c2,573,0.358125,3.65541605263153e-16,1.0000778172310814,0.3492396427552669,4096,0,0,1.0,0.0,0.0,0,0.0,0.3492396427552669,0.0
MF,c2,574,0.35875,3.6849621063972913e-16,1.0000775442900862,0.3490230966495102,4096,0,0,1.0,0.0,0.0,0,0.0,0.3490230966495102,0.0
MF,c2,575,0.359375,3.714543558447053e-16,1.0000772684192425,0.3488071131021427,4096,0,0,1.0,0.0,0.0,0,0.0,0.3488071131021427,0.0
MF,c2,576,0.36,3.744154373244151e-16,1.0000769896447237,0.3485916940755364,4096,0,0,1.0,0.0,0.0,0,0.0,0.3485916940755364,0.0
MF,c2,577,0.36062500000000003,3.773788436495305e-16,1.0000767079929653,0.3483768415149751,4096,0,0,1.0,0.0,0.0,0,0.0,0.3483768415149751,0.0
MF,c2,578,0.36125,3.803439557697708e-16,1.0000765796604403,0.3481625573484325,4096,0,0,1.0,0.0,0.0,0,0.0,0.3481625573484325,0.0
MF,c2,579,0.361875,3.833101472738607e-16,1.0000768128535302,0.34794884348635163,4096,0,0,1.0,0.0,0.0,0,0.0,0.34794884348635163,0.0
MF,c2,580,0.3625,3.862767846546397e-16,1.0000770368296212,0.34773570182142544,4096,0,0,1.0,0.0,0.0,0,0.0,0.34773570182142544,0.0
MF,c2,581,0.36312500000000003,3.8924322757900353e-16,1.0000772512486902,0.347523134228378,4096,0,0,1.0,0.0,0.0,0,0.0,0.347523134228378,0.0
MF,c2,582,0.36375,3.896691989938937e-16,1.0000774557613044,0.34731114256374684,4096,0,0,1.0,0.0,0.0,0,0.0,0.34731114256374684,0.0
MF,c2,583,0.364375,3.8943035871039956e-16,1.0000776500083974,0.3470997286656663,4096,0,0,1.0,0.0,0.0,0,0.0,0.3470997286656663,0.0
MF,c2,584,0.365,3.895364710814604e-16,1.0000778336210405,0.3468888943536524,4096,0,0,1.0,0.0,0.0,0,0.0,0.3468888943536524,0.0
MF,c2,585,0.36562500000000003,3.899988253040862e-16,1.0000780062202144,0.3466786414283881,4096,0,0,1.0,0.0,0.0,0,0.0,0.3466786414283881,0.0
MF,c2,586,0.36625,3.908291839375526e-16,1.0000781674165726,0.34646897167151064,4096,0,0,1.0,0.0,0.0,0,0.0,0.34646897167151064,0.0
MF,c2,587,0.366875,3.9203980443516913e-16,1.0000783168102034,0.34625988684539954,4096,0,0,1.0,0.0,0.0,0,0.0,0.34625988684539954,0.0
MF,c2,588,0.3675,3.936434614661917e-16,1.0000784539903893,0.34605138869296614,4096,0,0,1.0,0.0,0.0,0,0.0,0.34605138869296614,0.0
MF,c2,589,0.368125,3.956534700559437e-16,1.0000785785353583,0.3458434789374444,4096,0,0,1.0,0.0,0.0,0,0.0,0.3458434789374444,0.0
MF,c2,590,0.36875,3.9808370957318353e-16,1.0000786900120378,0.3456361592821835,4096,0,0,1.0,0.0,0.0,0,0.0,0.3456361592821835,0.0
MF,c2,591,0.369375,3.997758036413743e-16,1.0000787879757993,0.34542943141044097,4096,0,0,1.0,0.0,0.0,0,0.0,0.34542943141044097,0.0
MF,c2,592,0.37,4.00405846862857e-16,1.0000788719702025,0.34522329698517873,4096,0,0,1.0,0.0,0.0,0,0.0,0.34522329698517873,0.0
MF,c2,593,0.370625,4.010485420597435e-16,1.0000791067674986,0.34501775764885906,4096,0,0,1.0,0.0,0.0,0,0.0,0.34501775764885906,0.0
MF,c2,594,0.37125,4.017036111815993e-16,1.0000793498432705,0.34481281502324385,4096,0,0,1.0,0.0,0.0,0,0.0,0.34481281502324385,0.0
MF,c2,595,0.371875,4.023707641071013e-16,1.000079583210211,0.34460847070919415,4096,0,0,1.0,0.0,0.0,0,0.0,0.34460847070919415,0.0
MF,c2,596,0.3725,4.030496989060045e-16,1.0000798065089758,0.3444047262864718,4096,0,0,1.0,0.0,0.0,0,0.0,0.3444047262864718,0.0
MF,c2,597,0.373125,4.037401021066462e-16,1.0000800193704342,0.3442015833135434,4096,0,0,1.0,0.0,0.0,0,0.0,0.3442015833135434,0.0
MF,c2,598,0.37375,4.0444164896868286e-16,1.0000802214154412,0.34399904332738535,4096,0,0,1.0,0.0,0.0,0,0.0,0.34399904332738535,0.0
MF,c2,599,0.374375,4.051540037608342e-16,1.0000804122546076,0.3437971078432912,4096,0,0,1.0,0.0,0.0,0,0.0,0.3437971078432912,0.0
MF,c2,600,0.375,4.058768200433954e-16,1.0000805914880653,0.34359577835468064,4096,0,0,1.0,0.0,0.0,0,0.0,0.34359577835468064,0.0
MF,c2,601,0.375625,4.0660974095527896e-16,1.000080758705233,0.3433950563329103,4096,0,0,1.0,0.0,0.0,0,0.0,0.3433950563329103,0.0
MF,c2,602,0.37625000000000003,4.073523995053466e-16,1.0000809134845692,0.3431949432270871,4096,0,0,1.0,0.0,0.0,0,0.0,0.3431949432270871,0.0
MF,c2,603,0.376875,4.081044188677929e-16,1.0000810553933337,0.34299544046388314,4096,0,0,1.0,0.0,0.0,0,0.0,0.34299544046388314,0.0
MF,c2,604,0.3775,4.0886541268134193e-16,1.0000811839873351,0.3427965494473529,4096,0,0,1.0,0.0,0.0,0,0.0,0.3427965494473529,0.0
MF,c2,605,0.378125,4.0963498535201937e-16,1.0000812988106802,0.3425982715587526,4096,0,0,1.0,0.0,0.0,0,0.0,0.3425982715587526,0.0
MF,c2,606,0.37875000000000003,4.104127323592631e-16,1.0000813993955182,0.3424006081563615,4096,0,0,1.0,0.0,0.0,0,0.0,0.3424006081563615,0.0
MF,c2,607,0.379375,4.1119824056513574e-16,1.0000814852617814,0.34220356057530543,4096,0,0,1.0,0.0,0.0,0,0.0,0.34220356057530543,0.0
MF,c2,608,0.38,4.1199108852640375e-16,1.0000815559169236,0.3420071301273839,4096,0,0,1.0,0.0,0.0,0,0.0,0.3420071301273839,0.0
MF,c2,609,0.380625,4.1279084680924967e-16,1.0000816108556507,0.3418113181008967,4096,0,0,1.0,0.0,0.0,0,0.0,0.3418113181008967,0.0
MF,c2,610,0.38125000000000003,4.135970783063745e-16,1.0000817722002828,0.34161612576047623,4096,0,0,1.0,0.0,0.0,0,0.0,0.34161612576047623,0.0
MF,c2,611,0.381875,4.1440933855630456e-16,1.000082003922895,0.3414215543469197,4096,0,0,1.0,0.0,0.0,0,0.0,0.3414215543469197,0.0
MF,c2,612,0.3825,4.152271760645857e-16,1.0000822247909753,0.34122760507702504,4096,0,0,1.0,0.0,0.0,0,0.0,0.34122760507702504,0.0
MF,c2,613,0.383125,4.160501326267206e-16,1.0000824344092953,0.34103427914342915,4096,0,0,1.0,0.0,0.0,0,0.0,0.34103427914342915,0.0
MF,c2,614,0.38375000000000004,4.168777436525827e-16,1.0000826323721004,0.3408415777144485,4096,0,0,1.0,0.0,0.0,0,0.0,0.3408415777144485,0.0
MF,c2,615,0.384375,4.177095384920896e-16,1.0000828182628774,0.34064950193392274,4096,0,0,1.0,0.0,0.0,0,0.0,0.34064950193392274,0.0
MF,c2,616,0.385,4.1854504076191383e-16,1.0000829916541134,0.3404580529210601,4096,0,0,1.0,0.0,0.0,0,0.0,0.3404580529210601,0.0
MF,c2,617,0.385625,4.1938376867301244e-16,1.0000831521070563,0.34026723177028667,4096,0,0,1.0,0.0,0.0,0,0.0,0.34026723177028667,0.0
MF,c2,618,0.38625,4.20225235358754e-16,1.0000832991714683,0.3400770395510978,4096,0,0,1.0,0.0,0.0,0,0.0,0.3400770395510978,0.0
MF,c2,619,0.386875,4.210689492034316e-16,1.000083432385376,0.3398874773079122,4096,0,0,1.0,0.0,0.0,0,0.0,0.3398874773079122,0.0
MF,c2,620,0.3875,4.2191441417094577e-16,1.0000835512748205,0.33969854605992916,4096,0,0,1.0,0.0,0.0,0,0.0,0.33969854605992916,0.0
MF,c2,621,0.388125,4.227611301334493e-16,1.0000836553535981,0.33951024680098857,4096,0,0,1.0,0.0,0.0,0,0.0,0.33951024680098857,0.0
MF,c2,622,0.38875,4.236085931997446e-16,1.0000837441230024,0.33932258049943376,4096,0,0,1.0,0.0,0.0,0,0.0,0.33932258049943376,0.0
MF,c2,623,0.389375,4.244562960432301e-16,1.0000838170715605,0.3391355480979776,4096,0,0,1.0,0.0,0.0,0,0.0,0.3391355480979776,0.0
MF,c2,624,0.39,4.2530372822919275e-16,1.0000838736747673,0.3389491505135714,4096,0,0,1.0,0.0,0.0,0,0.0,0.3389491505135714,0.0
MF,c2,625,0.390625,4.261503765412486e-16,1.0000839133948154,0.3387633886372767,4096,0,0,1.0,0.0,0.0,0,0.0,0.3387633886372767,0.0
MF,c2,626,0.39125,4.251453507989617e-16,1.0000839356803197,0.3385782633341408,4096,0,0,1.0,0.0,0.0,0,0.0,0.3385782633341408,0.0
MF,c2,627,0.39187500000000003,4.235195552991175e-16,1.0000840432862685,0.33839377544307464,4096,0,0,1.0,0.0,0.0,0,0.0,0.33839377544307464,0.0
MF,c2,628,0.3925,4.2225185514578235e-16,1.0000842602455164,0.33820992577673464,4096,0,0,1.0,0.0,0.0,0,0.0,0.33820992577673464,0.0
MF,c2,629,0.393125,4.2135127373658424e-16,1.000084465232099,0.33802671512140686,4096,0,0,1.0,0.0,0.0,0,0.0,0.33802671512140686,0.0
MF,c2,630,0.39375,4.2082723022053793e-16,1.0000846578172715,0.3378441442368957,4096,0,0,1.0,0.0,0.0,0,0.0,0.3378441442368957,0.0
MF,c2,631,0.39437500000000003,4.2068955679886316e-16,1.0000848375612246,0.3376622138564143,4096,0,0,1.0,0.0,0.0,0,0.0,0.3376622138564143,0.0
MF,c2,632,0.395,4.20948516595153e-16,1.0000850040126803,0.3374809246864801,4096,0,0,1.0,0.0,0.0,0,0.0,0.3374809246864801,0.0
MF,c2,633,0.395625,4.2161482211460223e-16,1.0000851567087035,0.3373002774068122,4096,0,0,1.0,0.0,0.0,0,0.0,0.3373002774068122,0.0
MF,c2,634,0.39625,4.226996543122888e-16,1.0000852951744532,0.33712027267023287,4096,0,0,1.0,0.0,0.0,0,0.0,0.33712027267023287,0.0
MF,c2,635,0.39687500000000003,4.242146822912898e-16,1.0000854189229333,0.33694091110257274,4096,0,0,1.0,0.0,0.0,0,0.0,0.33694091110257274,0.0
MF,c2,636,0.3975,4.261720836520435e-16,1.000085527454735,0.33676219330257917,4096,0,0,1.0,0.0,0.0,0,0.0,0.33676219330257917,0.0
MF,c2,637,0.398125,4.2858456551504114e-16,1.0000856202577801,0.3365841198418278,4096,0,0,1.0,0.0,0.0,0,0.0,0.3365841198418278,0.0
MF,c2,638,0.39875,4.314653862396182e-16,1.000085696807061,0.3364066912646386,4096,0,0,1.0,0.0,0.0,0,0.0,0.3364066912646386,0.0
MF,c2,639,0.39937500000000004,4.348283778623164e-16,1.0000857565643728,0.33622990808799474,4096,0,0,1.0,0.0,0.0,0,0.0,0.33622990808799474,0.0
MF,c2,640,0.4,4.38402278004928e-16,1.000085798978048,0.33605377080146526,4096,0,0,1.0,0.0,0.0,0,0.0,0.33605377080146526,0.0
MF,c2,641,0.400625,4.391655588864603e-16,1.0000858234826815,0.3358782798671318,4096,0,0,1.0,0.0,0.0,0,0.0,0.3358782798671318,0.0
MF,c2,642,0.40125,4.3575444437746087e-16,1.00008582949886,0.33570343571951855,4096,0,0,1.0,0.0,0.0,0,0.0,0.33570343571951855,0.0
MF,c2,643,0.401875,4.3180188266097046e-16,1.0000858164328807,0.33552923876552593,4096,0,0,1.0,0.0,0.0,0,0.0,0.33552923876552593,0.0
MF,c2,644,0.4025,4.281568894618684e-16,1.0000858724605697,0.33535568938436877,4096,0,0,1.0,0.0,0.0,0,0.0,0.33535568938436877,0.0
MF,c2,645,0.403125,4.24825334886047e-16,1.0000860717292146,0.3351827879275173,4096,0,0,1.0,0.0,0.0,0,0.0,0.3351827879275173,0.0
MF,c2,646,0.40375,4.218133599639351e-16,1.0000862579636693,0.33501053471864256,4096,0,0,1.0,0.0,0.0,0,0.0,0.33501053471864256,0.0
MF,c2,647,0.404375,4.1912738904603874e-16,1.0000864307049397,0.33483893005356563,4096,0,0,1.0,0.0,0.0,0,0.0,0.33483893005356563,0.0
MF,c2,648,0.405,4.1677414257740304e-16,1.0000865894823114,0.3346679742002106,4096,0,0,1.0,0.0,0.0,0,0.0,0.3346679742002106,0.0
MF,c2,649,0.405625,4.14760650263946e-16,1.000086733813107,0.33449766739856135,4096,0,0,1.0,0.0,0.0,0,0.0,0.33449766739856135,0.0
MF,c2,650,0.40625,4.130942646440383e-16,1.0000868632024373,0.3343280098606222,4096,0,0,1.0,0.0,0.0,0,0.0,0.3343280098606222,0.0
MF,c2,651,0.406875,4.1178267507913376e-16,1.0000869771429488,0.3341590017703835,4096,0,0,1.0,0.0,0.0,0,0.0,0.3341590017703835,0.0
MF,c2,652,0.40750000000000003,4.1083392217769653e-16,1.000087075114571,0.33399064328378947,4096,0,0,1.0,0.0,0.0,0,0.0,0.33399064328378947,0.0
MF,c2,653,0.408125,4.1025641266712027e-16,1.000087156584258,0.3338229345287116,4096,0,0,1.0,0.0,0.0,0,0.0,0.3338229345287116,0.0
MF,c2,654,0.40875,4.1005893472879346e-16,1.0000872210057263,0.3336558756049249,4096,0,0,1.0,0.0,0.0,0,0.0,0.3336558756049249,0.0
MF,c2,655,0.409375,4.102506738119348e-16,1.0000872678191906,0.3334894665840894,4096,0,0,1.0,0.0,0.0,0,0.0,0.3334894665840894,0.0
MF,c2,656,0.41000000000000003,4.10841228942298e-16,1.000087296451097,0.3333237075097344,4096,0,0,1.0,0.0,0.0,0,0.0,0.3333237075097344,0.0
MF,c2,657,0.410625,4.1184062954235624e-16,1.0000873063138103,0.33315859839724793,4096,0,0,1.0,0.0,0.0,0,0.0,0.33315859839724793,0.0
MF,c2,658,0.41125,4.132593527799609e-16,1.0000872968054617,0.3329941392338694,4096,0,0,1.0,0.0,0.0,0,0.0,0.3329941392338694,0.0
MF,c2,659,0.411875,4.151083414632309e-16,1.0000872673095487,0.332830329978687,4096,0,0,1.0,0.0,0.0,0,0.0,0.332830329978687,0.0
MF,c2,660,0.41250000000000003,4.17399022499639e-16,1.0000872171946968,0.33266717056263895,4096,0,0,1.0,0.0,0.0,0,0.0,0.33266717056263895,0.0
MF,c2,661,0.413125,4.201433259379989e-16,1.000087200906345,0.33250466088851893,4096,0,0,1.0,0.0,0.0,0,0.0,0.33250466088851893,0.0
MF,c2,662,0.41375,4.225565101295834e-16,1.000087380112643,0.33234280083098555,4096,0,0,1.0,0.0,0.0,0,0.0,0.33234280083098555,0.0
MF,c2,663,0.414375,4.179656156823824e-16,1.0000875453079372,0.3321815902365761,4096,0,0,1.0,0.0,0.0,0,0.0,0.3321815902365761,0.0
MF,c2,664,0.41500000000000004,4.1365888585888247e-16,1.0000876960067078,0.33202102892372476,4096,0,0,1.0,0.0,0.0,0,0.0,0.33202102892372476,0.0
MF,c2,665,0.415625,4.0964065846106063e-16,1.0000878317112774,0.331861116682784,4096,0,0,1.0,0.0,0.0,0,0.0,0.331861116682784,0.0
MF,c2,666,0.41625,4.059154890987098e-16,1.0000879519115649,0.33170185327605156,4096,0,0,1.0,0.0,0.0,0,0.0,0.33170185327605156,0.0
MF,c2,667,0.416875,4.024881610851055e-16,1.0000880560848358,0.33154323843780037,4096,0,0,1.0,0.0,0.0,0,0.0,0.33154323843780037,0.0
MF,c2,668,0.4175,3.9936369561341856e-16,1.0000881436954485,0.33138527187431344,4096,0,0,1.0,0.0,0.0,0,0.0,0.33138527187431344,0.0
MF,c2,669,0.418125,3.9654736222347283e-16,1.0000882141946004,0.33122795326392246,4096,0,0,1.0,0.0,0.0,0,0.0,0.33122795326392246,0.0
MF,c2,670,0.41875,3.9404468956874767e-16,1.0000882670200668,0.33107128225705135,4096,0,0,1.0,0.0,0.0,0,0.0,0.33107128225705135,0.0
MF,c2,671,0.419375,3.918614764938368e-16,1.0000883015959403,0.33091525847626246,4096,0,0,1.0,0.0,0.0,0,0.0,0.33091525847626246,0.0
MF,c2,672,0.42,3.9000380343289106e-16,1.0000883173323638,0.3307598815163094,4096,0,0,1.0,0.0,0.0,0,0.0,0.3307598815163094,0.0
MF,c2,673,0.420625,3.884780441398907e-16,1.000088313625262,0.3306051509441914,4096,0,0,1.0,0.0,0.0,0,0.0,0.3306051509441914,0.0
MF,c2,674,0.42125,3.8729087776192353e-16,1.0000882898560717,0.33045106629921367,4096,0,0,1.0,0.0,0.0,0,0.0,0.33045106629921367,0.0
MF,c2,675,0.421875,3.864493012669737e-16,1.0000882453914643,0.3302976270930515,4096,0,0,1.0,0.0,0.0,0,0.0,0.3302976270930515,0.0
MF,c2,676,0.4225,3.859606422380671e-16,1.0000881795830705,0.3301448328098181,4096,0,0,1.0,0.0,0.0,0,0.0,0.3301448328098181,0.0
MF,c2,677,0.42312500000000003,3.8583257204596206e-16,1.000088091767197,0.32999268290613737,4096,0,0,1.0,0.0,0.0,0,0.0,0.32999268290613737,0.0
MF,c2,678,0.42375,3.8607311941292514e-16,1.000087981264544,0.3298411768112199,4096,0,0,1.0,0.0,0.0,0,0.0,0.3298411768112199,0.0
MF,c2,679,0.424375,3.866906843804875e-16,1.0000881119010918,0.3296903139269442,4096,0,0,1.0,0.0,0.0,0,0.0,0.3296903139269442,0.0
MF,c2,680,0.425,3.8769405269443893e-16,1.0000882543825171,0.32954009362794096,4096,0,0,1.0,0.0,0.0,0,0.0,0.32954009362794096,0.0
MF,c2,681,0.42562500000000003,3.890924106206862e-16,1.0000883814791033,0.3293905152616826,4096,0,0,1.0,0.0,0.0,0,0.0,0.3293905152616826,0.0
MF,c2,682,0.42625,3.9089536020597577e-16,1.0000884926705829,0.32924157814857574,4096,0,0,1.0,0.0,0.0,0,0.0,0.32924157814857574,0.0
MF,c2,683,0.426875,3.9308053994217435e-16,1.0000885874239596,0.32909328158205886,4096,0,0,1.0,0.0,0.0,0,0.0,0.32909328158205886,0.0
MF,c2,684,0.4275,3.884401896296509e-16,1.0000886651932575,0.3289456248287033,4096,0,0,1.0,0.0,0.0,0,0.0,0.3289456248287033,0.0
MF,c2,685,0.42812500000000003,3.8405937556318637e-16,1.0000887254192699,0.32879860712831854,4096,0,0,1.0,0.0,0.0,0,0.0,0.32879860712831854,0.0
MF,c2,686,0.42875,3.799413264022086e-16,1.000088767529302,0.3286522276940618,4096,0,0,1.0,0.0,0.0,0,0.0,0.3286522276940618,0.0
MF,c2,687,0.429375,3.7608945101815512e-16,1.000088790936916,0.32850648571255114,4096,0,0,1.0,0.0,0.0,0,0.0,0.32850648571255114,0.0
MF,c2,688,0.43,3.7250734643095276e-16,1.0000887950416675,0.32836138034398327,4096,0,0,1.0,0.0,0.0,0,0.0,0.32836138034398327,0.0
MF,c2,689,0.43062500000000004,3.691988059547911e-16,1.000088779228841,0.3282169107222543,4096,0,0,1.0,0.0,0.0,0,0.0,0.3282169107222543,0.0
MF,c2,690,0.43125,3.66167827560368e-16,1.0000887428691838,0.32807307595508567,4096,0,0,1.0,0.0,0.0,0,0.0,0.32807307595508567,0.0
MF,c2,691,0.431875,3.634186224609994e-16,1.000088685318635,0.3279298751241532,4096,0,0,1.0,0.0,0.0,0,0.0,0.3279298751241532,0.0
MF,c2,692,0.4325,3.6095562393020556e-16,1.0000886059180523,0.3277873072852201,4096,0,0,1.0,0.0,0.0,0,0.0,0.3277873072852201,0.0
MF,c2,693,0.433125,3.5878349635860977e-16,1.0000885039929361,0.3276453714682742,4096,0,0,1.0,0.0,0.0,0,0.0,0.3276453714682742,0.0
MF,c2,694,0.43375,3.569071445582084e-16,1.0000883788531512,0.32750406667766874,4096,0,0,1.0,0.0,0.0,0,0.0,0.32750406667766874,0.0
MF,c2,695,0.434375,3.55331723322303e-16,1.0000882297926428,0.32736339189226693,4096,0,0,1.0,0.0,0.0,0,0.0,0.32736339189226693,0.0
MF,c2,696,0.435,3.540626472496165e-16,1.0000881741295136,0.32722334606559067,4096,0,0,1.0,0.0,0.0,0,0.0,0.32722334606559067,0.0
MF,c2,697,0.435625,3.5310560084134953e-16,1.000088292816012,0.3270839281259724,4096,0,0,1.0,0.0,0.0,0,0.0,0.3270839281259724,0.0
MF,c2,698,0.43625,3.524665488801758e-16,1.0000883953677981,0.3269451369767113,4096,0,0,1.0,0.0,0.0,0,0.0,0.3269451369767113,0.0
MF,c2,699,0.436875,3.5215174710041355e-16,1.000088481246727,0.3268069714962326,4096,0,0,1.0,0.0,0.0,0,0.0,0.3268069714962326,0.0
MF,c2,700,0.4375,3.521677531588569e-16,1.0000885499017131,0.3266694305382509,4096,0,0,1.0,0.0,0.0,0,0.0,0.3266694305382509,0.0
MF,c2,701,0.438125,3.52521437916003e-16,1.00008860076848,0.32653251293193697,4096,0,0,1.0,0.0,0.0,0,0.0,0.32653251293193697,0.0
MF,c2,702,0.43875000000000003,3.532199970376576e-16,1.0000886332693135,0.3263962174820878,4096,0,0,1.0,0.0,0.0,0,0.0,0.3263962174820878,0.0
MF,c2,703,0.439375,3.542709629271618e-16,1.0000886468128085,0.32626054296930085,4096,0,0,1.0,0.0,0.0,0,0.0,0.32626054296930085,0.0
MF,c2,704,0.44,3.556822169987388e-16,1.0000886407936116,0.326125488150151,4096,0,0,1.0,0.0,0.0,0,0.0,0.326125488150151,0.0
MF,c2,705,0.440625,3.5125021813039803e-16,1.000088614592165,0.3259910517573713,4096,0,0,1.0,0.0,0.0,0,0.0,0.3259910517573713,0.0
MF,c2,706,0.44125000000000003,3.4701978286898876e-16,1.000088567574444,0.3258572325000369,4096,0,0,1.0,0.0,0.0,0,0.0,0.3258572325000369,0.0
MF,c2,707,0.441875,3.4302194903109046e-16,1.0000884990916923,0.32572402906375286,4096,0,0,1.0,0.0,0.0,0,0.0,0.32572402906375286,0.0
MF,c2,708,0.4425,3.3925917794585177e-16,1.0000884084801562,0.32559144011084434,4096,0,0,1.0,0.0,0.0,0,0.0,0.32559144011084434,0.0
MF,c2,709,0.443125,3.3573408358465755e-16,1.0000882950608139,0.3254594642805507,4096,0,0,1.0,0.0,0.0,0,0.0,0.3254594642805507,0.0
MF,c2,710,0.44375000000000003,3.3244943891927275e-16,1.0000881581391048,0.32532810018922237,4096,0,0,1.0,0.0,0.0,0,0.0,0.32532810018922237,0.0
MF,c2,711,0.444375,3.2940818243706186e-16,1.000087997004651,0.3251973464305213,4096,0,0,1.0,0.0,0.0,0,0.0,0.3251973464305213,0.0
MF,c2,712,0.445,3.266134248186656e-16,1.0000878109309688,0.3250672015756238,4096,0,0,1.0,0.0,0.0,0,0.0,0.3250672015756238,0.0
MF,c2,713,0.445625,3.240684557836741e-16,1.0000875991752265,0.32493766417342707,4096,0,0,1.0,0.0,0.0,0,0.0,0.32493766417342707,0.0
MF,c2,714,0.44625000000000004,3.2177675110996266e-16,1.0000875445261632,0.32480873275075844,4096,0,0,1.0,0.0,0.0,0,0.0,0.32480873275075844,0.0
MF,c2,715,0.446875,3.197419798325548e-16,1.0000876221340795,0.32468040581258695,4096,0,0,1.0,0.0,0.0,0,0.0,0.32468040581258695,0.0
MF,c2,716,0.4475,3.179680116279857e-16,1.000087682464349,0.324552681842239,4096,0,0,1.0,0.0,0.0,0,0.0,0.324552681842239,0.0
MF,c2,717,0.448125,3.164589243903202e-16,1.000087724952804,0.3244255593016155,4096,0,0,1.0,0.0,0.0,0,0.0,0.3244255593016155,0.0
MF,c2,718,0.44875,3.1521901200512956e-16,1.0000877490219895,0.3242990366314125,4096,0,0,1.0,0.0,0.0,0,0.0,0.3242990366314125,0.0
MF,c2,719,0.449375,3.142527923278933e-16,1.0000877540809192,0.3241731122513442,4096,0,0,1.0,0.0,0.0,0,0.0,0.3241731122513442,0.0
MF,c2,720,0.45,3.1356501537345192e-16,1.0000877395248255,0.3240477845603692,4096,0,0,1.0,0.0,0.0,0,0.0,0.3240477845603692,0.0
MF,c2,721,0.450625,3.1316067172329867e-16,1.00008770473491,0.3239230519369177,4096,0,0,1.0,0.0,0.0,0,0.0,0.3239230519369177,0.0
MF,c2,722,0.45125,3.1304500115766397e-16,1.0000876490780881,0.32379891273912303,4096,0,0,1.0,0.0,0.0,0,0.0,0.32379891273912303,0.0
MF,c2,723,0.451875,3.132235015195107e-16,1.0000875719067333,0.3236753653050547,4096,0,0,1.0,0.0,0.0,0,0.0,0.3236753653050547,0.0
MF,c2,724,0.4525,3.1370193781772413e-16,1.0000874725584161,0.3235524079529534,4096,0,0,1.0,0.0,0.0,0,0.0,0.3235524079529534,0.0
MF,c2,725,0.453125,3.1445385277526947e-16,1.000087350355645,0.3234300389814693,4096,0,0,1.0,0.0,0.0,0,0.0,0.3234300389814693,0.0
MF,c2,726,0.45375,3.1033129677298453e-16,1.0000872046056,0.3233082566699019,4096,0,0,1.0,0.0,0.0,0,0.0,0.3233082566699019,0.0
MF,c2,727,0.45437500000000003,3.064075728629411e-16,1.000087034599864,0.32318705927844166,4096,0,0,1.0,0.0,0.0,0,0.0,0.32318705927844166,0.0
MF,c2,728,0.455,3.0268427937907633e-16,1.000086839614155,0.323066445048415,4096,0,0,1.0,0.0,0.0,0,0.0,0.323066445048415,0.0
MF,c2,729,0.455625,2.991631313257833e-16,1.000086618908053,0.32294641220252984,4096,0,0,1.0,0.0,0.0,0,0.0,0.32294641220252984,0.0
MF,c2,730,0.45625,2.95845965112193e-16,1.0000863717247255,0.32282695894512436,4096,0,0,1.0,0.0,0.0,0,0.0,0.32282695894512436,0.0
MF,c2,731,0.45687500000000003,2.9273474339364097e-16,1.0000860972906482,0.3227080834624165,4096,0,0,1.0,0.0,0.0,0,0.0,0.3227080834624165,0.0
MF,c2,732,0.4575,2.8983156002403914e-16,1.000085918539571,0.322589783922756,4096,0,0,1.0,0.0,0.0,0,0.0,0.322589783922756,0.0
MF,c2,733,0.458125,2.8713864512297007e-16,1.0000859535162288,0.32247205847687826,4096,0,0,1.0,0.0,0.0,0,0.0,0.32247205847687826,0.0
MF,c2,734,0.45875,2.8465837026141886e-16,1.0000859702166356,0.3223549052581592,4096,0,0,1.0,0.0,0.0,0,0.0,0.3223549052581592,0.0
MF,c2,735,0.45937500000000003,2.82393253770158e-16,1.0000859680553074,0.3222383223828721,4096,0,0,1.0,0.0,0.0,0,0.0,0.3222383223828721,0.0
MF,c2,736,0.46,2.8034596617489783e-16,1.0000859464332417,0.3221223079504464,4096,0,0,1.0,0.0,0.0,0,0.0,0.3221223079504464,0.0
MF,c2,737,0.460625,2.7851933576241563e-16,1.000085904737676,0.3220068600437271,4096,0,0,1.0,0.0,0.0,0,0.0,0.3220068600437271,0.0
MF,c2,738,0.46125,2.7691635428197874e-16,1.0000858423418428,0.32189197672923603,4096,0,0,1.0,0.0,0.0,0,0.0,0.32189197672923603,0.0
MF,c2,739,0.46187500000000004,2.75540182786475e-16,1.0000857586047192,0.3217776560574344,4096,0,0,1.0,0.0,0.0,0,0.0,0.3217776560574344,0.0
MF,c2,740,0.4625,2.743941576177685e-16,1.00008565287078,0.3216638960629865,4096,0,0,1.0,0.0,0.0,0,0.0,0.3216638960629865,0.0
MF,c2,741,0.463125,2.7348179654089895e-16,1.0000855244697413,0.3215506947650245,4096,0,0,1.0,0.0,0.0,0,0.0,0.3215506947650245,0.0
MF,c2,742,0.46375,2.7280680503184584e-16,1.0000853727163064,0.32143805016741467,4096,0,0,1.0,0.0,0.0,0,0.0,0.32143805016741467,0.0
MF,c2,743,0.464375,2.7237308272368335e-16,1.000085196909907,0.3213259602590241,4096,0,0,1.0,0.0,0.0,0,0.0,0.3213259602590241,0.0
MF,c2,744,0.465,2.7218473001605327e-16,1.0000849963344443,0.32121442301398856,4096,0,0,1.0,0.0,0.0,0,0.0,0.32121442301398856,0.0
MF,c2,745,0.465625,2.7224605485298887e-16,1.000084770258023,0.3211034363919814,4096,0,0,1.0,0.0,0.0,0,0.0,0.3211034363919814,0.0
MF,c2,746,0.46625,2.725615796742267e-16,1.0000845179326883,0.3209929983384833,4096,0,0,1.0,0.0,0.0,0,0.0,0.3209929983384833,0.0
MF,c2,747,0.466875,2.689734012120638e-16,1.0000842385941562,0.3208831067850522,4096,0,0,1.0,0.0,0.0,0,0.0,0.3208831067850522,0.0
MF,c2,748,0.4675,2.6544694960312547e-16,1.0000839314615448,0.3207737596495944,4096,0,0,1.0,0.0,0.0,0,0.0,0.3207737596495944,0.0
MF,c2,749,0.468125,2.620889456830163e-16,1.0000835957371004,0.320664954836636,4096,0,0,1.0,0.0,0.0,0,0.0,0.320664954836636,0.0
MF,c2,750,0.46875,2.589005413434012e-16,1.000083230605924,0.3205566902375949,4096,0,0,1.0,0.0,0.0,0,0.0,0.3205566902375949,0.0
MF,c2,751,0.469375,2.558829830018396e-16,1.0000831120046698,0.32044896373105314,4096,0,0,1.0,0.0,0.0,0,0.0,0.32044896373105314,0.0
MF,c2,752,0.47000000000000003,2.530376152006576e-16,1.0000830844446453,0.3203417731830298,4096,0,0,1.0,0.0,0.0,0,0.0,0.3203417731830298,0.0
MF,c2,753,0.470625,2.503658842819637e-16,1.000083037177804,0.3202351164472539,4096,0,0,1.0,0.0,0.0,0,0.0,0.3202351164472539,0.0
MF,c2,754,0.47125,2.478693421414384e-16,1.0000829695886306,0.32012899136543743,4096,0,0,1.0,0.0,0.0,0,0.0,0.32012899136543743,0.0
MF,c2,755,0.471875,2.4554965006359124e-16,1.0000828810477298,0.3200233957675492,4096,0,0,1.0,0.0,0.0,0,0.0,0.3200233957675492,0.0
MF,c2,756,0.47250000000000003,2.4340858264123746e-16,1.0000827709115878,0.3199183274720876,4096,0,0,1.0,0.0,0.0,0,0.0,0.3199183274720876,0.0
MF,c2,757,0.473125,2.414480317820116e-16,1.0000826385223298,0.31981378428635476,4096,0,0,1.0,0.0,0.0,0,0.0,0.31981378428635476,0.0
MF,c2,758,0.47375,2.3967001080480325e-16,1.0000824832074773,0.3197097640067291,4096,0,0,1.0,0.0,0.0,0,0.0,0.3197097640067291,0.0
MF,c2,759,0.474375,2.380766586290058e-16,1.0000823042796847,0.31960626441893886,4096,0,0,1.0,0.0,0.0,0,0.0,0.31960626441893886,0.0
MF,c2,760,0.47500000000000003,2.366702440596725e-16,1.000082101036506,0.31950328329833483,4096,0,0,1.0,0.0,0.0,0,0.0,0.31950328329833483,0.0
MF,c2,761,0.475625,2.3545317017155075e-16,1.000081872760136,0.3194008184101634,4096,0,0,1.0,0.0,0.0,0,0.0,0.3194008184101634,0.0
MF,c2,762,0.47625,2.344279787951634e-16,1.0000816187171544,0.3192988675098381,4096,0,0,1.0,0.0,0.0,0,0.0,0.3192988675098381,0.0
MF,c2,763,0.476875,2.335973551081112e-16,1.000081338158271,0.31919742834321196,4096,0,0,1.0,0.0,0.0,0,0.0,0.31919742834321196,0.0
MF,c2,764,0.47750000000000004,2.3296413233484584e-16,1.0000810303180632,0.3190964986468486,4096,0,0,1.0,0.0,0.0,0,0.0,0.3190964986468486,0.0
MF,c2,765,0.478125,2.325312965582186e-16,1.0000806944147147,0.3189960761482929,4096,0,0,1.0,0.0,0.0,0,0.0,0.3189960761482929,0.0
MF,c2,766,0.47875,2.323019916461768e-16,1.0000803296497531,0.31889615856634107,4096,0,0,1.0,0.0,0.0,0,0.0,0.31889615856634107,0.0
MF,c2,767,0.479375,2.3227952429703534e-16,1.0000799352077827,0.3187967436113103,4096,0,0,1.0,0.0,0.0,0,0.0,0.3187967436113103,0.0
MF,c2,768,0.48,2.295855582876858e-16,1.0000795102562157,0.31869782898530685,4096,0,0,1.0,0.0,0.0,0,0.0,0.31869782898530685,0.0
MF,c2,769,0.480625,2.264926325503695e-16,1.0000790539450017,0.3185994123824943,4096,0,0,1.0,0.0,0.0,0,0.0,0.3185994123824943,0.0
MF,c2,770,0.48125,2.235380784473357e-16,1.0000788189313932,0.31850149148936013,4096,0,0,1.0,0.0,0.0,0,0.0,0.31850149148936013,0.0
MF,c2,771,0.481875,2.207226394061552e-16,1.0000787267183666,0.31840406398498133,4096,0,0,1.0,0.0,0.0,0,0.0,0.31840406398498133,0.0
MF,c2,772,0.4825,2.1804713081094118e-16,1.0000786135223498,0.31830712754129,4096,0,0,1.0,0.0,0.0,0,0.0,0.31830712754129,0.0
MF,c2,773,0.483125,2.1551244261612738e-16,1.0000784787025188,0.31821067982333623,4096,0,0,1.0,0.0,0.0,0,0.0,0.31821067982333623,0.0
MF,c2,774,0.48375,2.131195420110107e-16,1.0000783216039213,0.3181147184895514,4096,0,0,1.0,0.0,0.0,0,0.0,0.3181147184895514,0.0
MF,c2,775,0.484375,2.1086947613681644e-16,1.0000781415572395,0.31801924119200903,4096,0,0,1.0,0.0,0.0,0,0.0,0.31801924119200903,0.0
MF,c2,776,0.485,2.0876337485808183e-16,1.000077937878552,0.31792424557668536,4096,0,0,1.0,0.0,0.0,0,0.0,0.31792424557668536,0.0
MF,c2,777,0.48562500000000003,2.0680245359018857e-16,1.0000777098690914,0.3178297292837175,4096,0,0,1.0,0.0,0.0,0,0.0,0.3178297292837175,0.0
MF,c2,778,0.48625,2.0498801618491263e-16,1.000077456815,0.3177356899476616,4096,0,0,1.0,0.0,0.0,0,0.0,0.3177356899476616,0.0
MF,c2,779,0.486875,2.033214578759042e-16,1.0000771779870954,0.3176421251977479,4096,0,0,1.0,0.0,0.0,0,0.0,0.3176421251977479,0.0
MF,c2,780,0.4875,2.0180426828599193e-16,1.0000768726405884,0.31754903265813617,4096,0,0,1.0,0.0,0.0,0,0.0,0.31754903265813617,0.0
MF,c2,781,0.48812500000000003,2.0043803449837367e-16,1.0000765400148668,0.3174564099481675,4096,0,0,1.0,0.0,0.0,0,0.0,0.3174564099481675,0.0
MF,c2,782,0.48875,1.9922444419361963e-16,1.0000761793332311,0.3173642546826164,4096,0,0,1.0,0.0,0.0,0,0.0,0.3173642546826164,0.0
MF,c2,783,0.489375,1.981652888545741e-16,1.0000757898026402,0.31727256447194024,4096,0,0,1.0,0.0,0.0,0,0.0,0.31727256447194024,0.0
MF,c2,784,0.49,1.972624670412266e-16,1.0000753706134544,0.31718133692252654,4096,0,0,1.0,0.0,0.0,0,0.0,0.31718133692252654,0.0
MF,c2,785,0.49062500000000003,1.9651798773766733e-16,1.000074920939177,0.3170905696369399,4096,0,0,1.0,0.0,0.0,0,0.0,0.3170905696369399,0.0
MF,c2,786,0.49125,1.959339737732739e-16,1.0000744399361947,0.31700026021416594,4096,0,0,1.0,0.0,0.0,0,0.0,0.31700026021416594,0.0
MF,c2,787,0.491875,1.955126653203109e-16,1.0000739267435128,0.3169104062498537,4096,0,0,1.0,0.0,0.0,0,0.0,0.3169104062498537,0.0
MF,c2,788,0.4925,1.9525642347015667e-16,1.0000733804824948,0.3168210053365565,4096,0,0,1.0,0.0,0.0,0,0.0,0.3168210053365565,0.0
MF,c2,789,0.49312500000000004,1.9368302180798542e-16,1.0000728002565915,0.31673205506396995,4096,0,0,1.0,0.0,0.0,0,0.0,0.31673205506396995,0.0
MF,c2,790,0.49375,1.910205759623524e-16,1.000072638195891,0.31664355301916924,4096,0,0,1.0,0.0,0.0,0,0.0,0.31664355301916924,0.0
MF,c2,791,0.494375,1.884694744352334e-16,1.0000724580451716,0.31655549678684325,4096,0,0,1.0,0.0,0.0,0,0.0,0.31655549678684325,0.0
MF,c2,792,0.495,1.8603017523751284e-16,1.0000722551592296,0.31646788394952724,4096,0,0,1.0,0.0,0.0,0,0.0,0.31646788394952724,0.0
MF,c2,793,0.49562500000000004,1.8370318987802043e-16,1.000072028862624,0.3163807120878331,4096,0,0,1.0,0.0,0.0,0,0.0,0.3163807120878331,0.0
MF,c2,794,0.49625,1.8148908522007721e-16,1.0000717784654265,0.31629397878067755,4096,0,0,1.0,0.0,0.0,0,0.0,0.31629397878067755,0.0
MF,c2,795,0.496875,1.79388485370818e-16,1.00007150326294,0.31620768160550833,4096,0,0,1.0,0.0,0.0,0,0.0,0.31620768160550833,0.0
MF,c2,796,0.4975,1.774020736044672e-16,1.0000712025355079,0.31612181813852774,4096,0,0,1.0,0.0,0.0,0,0.0,0.31612181813852774,0.0
MF,c2,797,0.498125,1.755305943206883e-16,1.0000708755482624,0.3160363859549141,4096,0,0,1.0,0.0,0.0,0,0.0,0.3160363859549141,0.0
MF,c2,798,0.49875,1.737748550392022e-16,1.0000705215508825,0.3159513826290415,4096,0,0,1.0,0.0,0.0,0,0.0,0.3159513826290415,0.0
MF,c2,799,0.499375,1.7213572843187003e-16,1.000070139777353,0.31586680573469567,4096,0,0,1.0,0.0,0.0,0,0.0,0.31586680573469567,0.0
MF,c2,800,0.5,1.706141543934571e-16,1.000069729445718,0.31578265284528934,4096,0,0,1.0,0.0,0.0,0,0.0,0.31578265284528934,0.0
MF,c2,801,0.500625,1.6921114215231615e-16,1.000069289757837,0.31569892153407403,4096,0,0,1.0,0.0,0.0,0,0.0,0.31569892153407403,0.0
MF,c2,802,0.50125,1.67927772422245e-16,1.0000688198991345,0.31561560937434946,4096,0,0,1.0,0.0,0.0,0,0.0,0.31561560937434946,0.0
MF,c2,803,0.501875,1.667651995967937e-16,1.0000683190383535,0.31553271393967136,4096,0,0,1.0,0.0,0.0,0,0.0,0.31553271393967136,0.0
MF,c2,804,0.5025000000000001,1.6572465398731427e-16,1.0000677863272986,0.31545023280405543,4096,0,0,1.0,0.0,0.0,0,0.0,0.31545023280405543,0.0
MF,c2,805,0.503125,1.6480744410606351e-16,1.0000672209005874,0.31536816354217995,4096,0,0,1.0,0.0,0.0,0,0.0,0.31536816354217995,0.0
MF,c2,806,0.50375,1.6401495899569945e-16,1.0000666218754066,0.3152865037295856,4096,0,0,1.0,0.0,0.0,0,0.0,0.3152865037295856,0.0
MF,c2,807,0.504375,1.633486706064572e-16,1.0000659883512109,0.31520525094287216,4096,0,0,1.0,0.0,0.0,0,0.0,0.31520525094287216,0.0
MF,c2,808,0.505,1.6281013622248254e-16,1.0000653194095102,0.3151244027598935,4096,0,0,1.0,0.0,0.0,0,0.0,0.3151244027598935,0.0
MF,c2,809,0.505625,1.6240100093858693e-16,1.000064614113594,0.3150439567599491,4096,0,0,1.0,0.0,0.0,0,0.0,0.3150439567599491,0.0
MF,c2,810,0.50625,1.6201470877920507e-16,1.0000642949025111,0.31496391052397366,4096,0,0,1.0,0.0,0.0,0,0.0,0.31496391052397366,0.0
MF,c2,811,0.506875,1.597549121486325e-16,1.0000640238188938,0.31488426163472355,4096,0,0,1.0,0.0,0.0,0,0.0,0.31488426163472355,0.0
MF,c2,812,0.5075000000000001,1.5758307283523303e-16,1.0000637284134781,0.3148050076769612,4096,0,0,1.0,0.0,0.0,0,0.0,0.3148050076769612,0.0
MF,c2,813,0.508125,1.5549945672764895e-16,1.0000634079809498,0.314726146237636,4096,0,0,1.0,0.0,0.0,0,0.0,0.314726146237636,0.0
MF,c2,814,0.50875,1.5350436852597226e-16,1.0000630618012216,0.3146476749060634,4096,0,0,1.0,0.0,0.0,0,0.0,0.3146476749060634,0.0
MF,c2,815,0.509375,1.515981530327625e-16,1.0000626891392277,0.3145695912741007,4096,0,0,1.0,0.0,0.0,0,0.0,0.3145695912741007,0.0
MF,c2,816,0.51,1.497811964645066e-16,1.0000622892446305,0.31449189293632046,4096,0,0,1.0,0.0,0.0,0,0.0,0.31449189293632046,0.0
MF,c2,817,0.510625,1.480539277842711e-16,1.0000618613516472,0.31441457749018076,4096,0,0,1.0,0.0,0.0,0,0.0,0.31441457749018076,0.0
MF,c2,818,0.51125,1.4641682005622683e-16,1.0000614046787928,0.31433764253619356,4096,0,0,1.0,0.0,0.0,0,0.0,0.31433764253619356,0.0
MF,c2,819,0.511875,1.4487039182279689e-16,1.0000609184286464,0.3142610856780894,4096,0,0,1.0,0.0,0.0,0,0.0,0.3142610856780894,0.0
MF,c2,820,0.5125,1.434152085051639e-16,1.0000604017876087,0.31418490452298004,4096,0,0,1.0,0.0,0.0,0,0.0,0.31418490452298004,0.0
MF,c2,821,0.513125,1.4205188382788827e-16,1.0000598539256627,0.3141090966815179,4096,0,0,1.0,0.0,0.0,0,0.0,0.3141090966815179,0.0
MF,c2,822,0.51375,1.4078108126839667e-16,1.0000592739961314,0.314033659768053,4096,0,0,1.0,0.0,0.0,0,0.0,0.314033659768053,0.0
MF,c2,823,0.514375,1.3960351553211128e-16,1.0000586611354356,0.3139585914007873,4096,0,0,1.0,0.0,0.0,0,0.0,0.3139585914007873,0.0
MF,c2,824,0.515,1.3851995405400497e-16,1.0000580144628624,0.3138838892019259,4096,0,0,1.0,0.0,0.0,0,0.0,0.3138838892019259,0.0
MF,c2,825,0.515625,1.3753121852733123e-16,1.0000573330802656,0.31380955079782574,4096,0,0,1.0,0.0,0.0,0,0.0,0.31380955079782574,0.0
MF,c2,826,0.51625,1.3663818646039874e-16,1.0000566160718731,0.31373557381914124,4096,0,0,1.0,0.0,0.0,0,0.0,0.31373557381914124,0.0
MF,c2,827,0.516875,1.358417927621202e-16,1.0000558625040152,0.313661955900968,4096,0,0,1.0,0.0,0.0,0,0.0,0.313661955900968,0.0
MF,c2,828,0.5175,1.3514303135718072e-16,1.0000550714248757,0.3135886946829827,4096,0,0,1.0,0.0,0.0,0,0.0,0.3135886946829827,0.0
MF,c2,829,0.5181250000000001,1.345429568316362e-16,1.0000542418642369,0.31351578780958067,4096,0,0,1.0,0.0,0.0,0,0.0,0.31351578780958067,0.0
MF,c2,830,0.51875,1.340426861097651e-16,1.000053472251424,0.3134432329300111,4096,0,0,1.0,0.0,0.0,0,0.0,0.3134432329300111,0.0
MF,c2,831,0.519375,1.3364340016301497e-16,1.0000531081973172,0.31337102769850933,4096,0,0,1.0,0.0,0.0,0,0.0,0.31337102769850933,0.0
MF,c2,832,0.52,1.3285470851131018e-16,1.00005271843518,0.31329916977442573,4096,0,0,1.0,0.0,0.0,0,0.0,0.31329916977442573,0.0
MF,c2,833,0.520625,1.3102511655538578e-16,1.000052302234816,0.31322765682235276,4096,0,0,1.0,0.0,0.0,0,0.0,0.31322765682235276,0.0
MF,c2,834,0.52125,1.292640195210084e-16,1.000051858851094,0.31315648651224914,4096,0,0,1.0,0.0,0.0,0,0.0,0.31315648651224914,0.0
MF,c2,835,0.521875,1.2757158651222866e-16,1.000051387523722,0.31308565651956066,4096,0,0,1.0,0.0,0.0,0,0.0,0.31308565651956066,0.0
MF,c2,836,0.5225,1.2594801496405712e-16,1.0000508874770238,0.31301516452533934,4096,0,0,1.0,0.0,0.0,0,0.0,0.31301516452533934,0.0
MF,c2,837,0.5231250000000001,1.2439353153463387e-16,1.0000503579197106,0.3129450082163588,4096,0,0,1.0,0.0,0.0,0,0.0,0.3129450082163588,0.0
MF,c2,838,0.52375,1.2290839301009507e-16,1.0000497980446734,0.31287518528522795,4096,0,0,1.0,0.0,0.0,0,0.0,0.31287518528522795,0.0
MF,c2,839,0.524375,1.2149288722254557e-16,1.0000492070286868,0.3128056934305013,4096,0,0,1.0,0.0,0.0,0,0.0,0.3128056934305013,0.0
MF,c2,840,0.525,1.201473339816151e-16,1.0000485840322428,0.3127365303567873,4096,0,0,1.0,0.0,0.0,0,0.0,0.3127365303567873,0.0
MF,c2,841,0.525625,1.1887208601999675e-16,1.0000479281992947,0.31266769377485326,4096,0,0,1.0,0.0,0.0,0,0.0,0.31266769377485326,0.0
MF,c2,842,0.52625,1.1766752995343157e-16,1.0000472386570205,0.31259918140172815,4096,0,0,1.0,0.0,0.0,0,0.0,0.31259918140172815,0.0
MF,c2,843,0.526875,1.1653408725558394e-16,1.000046514515588,0.3125309909608031,4096,0,0,1.0,0.0,0.0,0,0.0,0.3125309909608031,0.0
MF,c2,844,0.5275,1.1547221524826597e-16,1.0000457548679351,0.3124631201819284,4096,0,0,1.0,0.0,0.0,0,0.0,0.3124631201819284,0.0
MF,c2,845,0.528125,1.1448240810743658e-16,1.0000449587894704,0.31239556680150904,4096,0,0,1.0,0.0,0.0,0,0.0,0.31239556680150904,0.0
MF,c2,846,0.52875,1.1356519788549194e-16,1.0000441253378913,0.3123283285625967,4096,0,0,1.0,0.0,0.0,0,0.0,0.3123283285625967,0.0
MF,c2,847,0.529375,1.1272115555025193e-16,1.0000432535529227,0.31226140321498014,4096,0,0,1.0,0.0,0.0,0,0.0,0.31226140321498014,0.0
MF,c2,848,0.53,1.1195089204113552e-16,1.0000423424560734,0.31219478851527227,4096,0,0,1.0,0.0,0.0,0,0.0,0.31219478851527227,0.0
MF,c2,849,0.530625,1.1125505934298515e-16,1.0000413910503905,0.31212848222699535,4096,0,0,1.0,0.0,0.0,0,0.0,0.31212848222699535,0.0
MF,c2,850,0.53125,1.1063435157801677e-16,1.0000403983202346,0.3120624821206633,4096,0,0,1.0,0.0,0.0,0,0.0,0.3120624821206633,0.0
MF,c2,851,0.531875,1.1008950611632788e-16,1.0000393632309694,0.3119967859738622,4096,0,0,1.0,0.0,0.0,0,0.0,0.3119967859738622,0.0
MF,c2,852,0.5325,1.096213047055094e-16,1.0000388730073857,0.31193139157132743,4096,0,0,1.0,0.0,0.0,0,0.0,0.31193139157132743,0.0
MF,c2,853,0.533125,1.0923057461976056e-16,1.000038360090302,0.3118662967050192,4096,0,0,1.0,0.0,0.0,0,0.0,0.3118662967050192,0.0
MF,c2,854,0.5337500000000001,1.0857637767922578e-16,1.0000378187930545,0.31180149917419564,4096,0,0,1.0,0.0,0.0,0,0.0,0.31180149917419564,0.0
MF,c2,855,0.534375,1.0709971932075187e-16,1.0000372483354554,0.31173699678548306,4096,0,0,1.0,0.0,0.0,0,0.0,0.31173699678548306,0.0
MF,c2,856,0.535,1.0567556619487892e-16,1.000036647921829,0.3116727873529446,4096,0,0,1.0,0.0,0.0,0,0.0,0.3116727873529446,0.0
MF,c2,857,0.535625,1.0430402172355498e-16,1.0000360167408586,0.31160886869814575,4096,0,0,1.0,0.0,0.0,0,0.0,0.31160886869814575,0.0
MF,c2,858,0.53625,1.0298520942273559e-16,1.000035353965343,0.3115452386502185,4096,0,0,1.0,0.0,0.0,0,0.0,0.3115452386502185,0.0
MF,c2,859,0.536875,1.0171927350515203e-16,1.0000346587519724,0.31148189504592255,4096,0,0,1.0,0.0,0.0,0,0.0,0.31148189504592255,0.0
MF,c2,860,0.5375,1.0050637949059173e-16,1.0000339302411254,0.3114188357297048,4096,0,0,1.0,0.0,0.0,0,0.0,0.3114188357297048,0.0
MF,c2,861,0.538125,9.934671482391822e-17,1.0000331675565755,0.3113560585537564,4096,0,0,1.0,0.0,0.0,0,0.0,0.3113560585537564,0.0
MF,c2,862,0.5387500000000001,9.824048950111892e-17,1.000032369805331,0.31129356137806763,4096,0,0,1.0,0.0,0.0,0,0.0,0.31129356137806763,0.0
MF,c2,863,0.539375,9.718793670359318e-17,1.0000315360773837,0.31123134207048064,4096,0,0,1.0,0.0,0.0,0,0.0,0.31123134207048064,0.0
MF,c2,864,0.54,9.618931344095122e-17,1.00003066544548,0.31116939850674064,4096,0,0,1.0,0.0,0.0,0,0.0,0.31116939850674064,0.0
MF,c2,865,0.540625,9.52449012025785e-17,1.0000297569649095,0.3111077285705439,4096,0,0,1.0,0.0,0.0,0,0.0,0.3111077285705439,0.0
MF,c2,866,0.54125,9.435500661819564e-17,1.000028809673206,0.3110463301535851,4096,0,0,1.0,0.0,0.0,0,0.0,0.3110463301535851,0.0
MF,c2,867,0.541875,9.351996212771435e-17,1.000027822589982,0.31098520115560124,4096,0,0,1.0,0.0,0.0,0,0.0,0.31098520115560124,0.0
MF,c2,868,0.5425,9.27401266605993e-17,1.0000267947166697,0.31092433948441506,4096,0,0,1.0,0.0,0.0,0,0.0,0.31092433948441506,0.0
MF,c2,869,0.543125,9.201588632501848e-17,1.0000257250363096,0.3108637430559751,4096,0,0,1.0,0.0,0.0,0,0.0,0.3108637430559751,0.0
MF,c2,870,0.5437500000000001,9.134765510700611e-17,1.0000246125132433,0.3108034097943947,4096,0,0,1.0,0.0,0.0,0,0.0,0.3108034097943947,0.0
MF,c2,871,0.544375,9.073587557994536e-17,1.0000234560929468,0.31074333763198914,4096,0,0,1.0,0.0,0.0,0,0.0,0.31074333763198914,0.0
MF,c2,872,0.545,9.018101962457348e-17,1.000022254701765,0.31068352450931025,4096,0,0,1.0,0.0,0.0,0,0.0,0.31068352450931025,0.0
MF,c2,873,0.545625,8.968358915979436e-17,1.0000211889350512,0.3106239683751801,4096,0,0,1.0,0.0,0.0,0,0.0,0.3106239683751801,0.0
MF,c2,874,0.54625,8.924411688451498e-17,1.0000205492843401,0.3105646671867221,4096,0,0,1.0,0.0,0.0,0,0.0,0.3105646671867221,0.0
MF,c2,875,0.546875,8.886316703081817e-17,1.0000198795233795,0.3105056189093907,4096,0,0,1.0,0.0,0.0,0,0.0,0.3105056189093907,0.0
MF,c2,876,0.5475,8.85413361286608e-17,1.0000191788418658,0.31044682151699954,4096,0,0,1.0,0.0,0.0,0,0.0,0.31044682151699954,0.0
MF,c2,877,0.548125,8.739401339419637e-17,1.0000184464138937,0.31038827299174737,4096,0,0,1.0,0.0,0.0,0,0.0,0.31038827299174737,0.0
MF,c2,878,0.54875,8.624304666379942e-17,1.0000176813976642,0.31032997132424295,4096,0,0,1.0,0.0,0.0,0,0.0,0.31032997132424295,0.0
MF,c2,879,0.5493750000000001,8.51318374197035e-17,1.0000168829353464,0.31027191451352776,4096,0,0,1.0,0.0,0.0,0,0.0,0.31027191451352776,0.0
MF,c2,880,0.55,8.406045922166561e-17,1.0000160501528343,0.3102141005670973,4096,0,0,1.0,0.0,0.0,0,0.0,0.3102141005670973,0.0
MF,c2,881,0.550625,8.302899986888443e-17,1.0000151821595529,0.31015652750092104,4096,0,0,1.0,0.0,0.0,0,0.0,0.31015652750092104,0.0
MF,c2,882,0.55125,8.203756180266304e-17,1.0000142780481676,0.3100991933394604,4096,0,0,1.0,0.0,0.0,0,0.0,0.3100991933394604,0.0
MF,c2,883,0.551875,8.108626251340902e-17,1.0000133368944348,0.3100420961156855,4096,0,0,1.0,0.0,0.0,0,0.0,0.3100420961156855,0.0
MF,c2,884,0.5525,8.017523495207386e-17,1.000012357756958,0.30998523387109045,4096,0,0,1.0,0.0,0.0,0,0.0,0.30998523387109045,0.0
MF,c2,885,0.553125,7.930462794618464e-17,1.000011339676988,0.30992860465570726,4096,0,0,1.0,0.0,0.0,0,0.0,0.30992860465570726,0.0
MF,c2,886,0.55375,7.847460662058054e-17,1.0000102816781282,0.3098722065281177,4096,0,0,1.0,0.0,0.0,0,0.0,0.3098722065281177,0.0
MF,c2,887,0.5543750000000001,7.7685352823023e-17,1.000009182766181,0.3098160375554647,4096,0,0,1.0,0.0,0.0,0,0.0,0.3098160375554647,0.0
MF,c2,888,0.555,7.693706555478122e-17,1.000008041928923,0.3097600958134619,4096,0,0,1.0,0.0,0.0,0,0.0,0.3097600958134619,0.0
MF,c2,889,0.555625,7.622996140632273e-17,1.0000068581358073,0.3097043793864016,4096,0,0,1.0,0.0,0.0,0,0.0,0.3097043793864016,0.0
MF,c2,890,0.55625,7.556427499827635e-17,1.000005630337806,0.3096488863671622,4096,0,0,1.0,0.0,0.0,0,0.0,0.3096488863671622,0.0
MF,c2,891,0.556875,7.494025942775936e-17,1.0000043574671595,0.3095936148572136,4096,0,0,1.0,0.0,0.0,0,0.0,0.3095936148572136,0.0
MF,c2,892,0.5575,7.435818672022215e-17,1.000003038437172,0.30953856296662174,4096,0,0,1.0,0.0,0.0,0,0.0,0.30953856296662174,0.0
MF,c2,893,0.558125,7.38183482869128e-17,1.0000016721419087,0.3094837288140522,4096,0,0,1.0,0.0,0.0,0,0.0,0.3094837288140522,0.0
MF,c2,894,0.55875,7.332105538813204e-17,1.000000257456038,0.3094291105267715,4096,0,0,1.0,0.0,0.0,0,0.0,0.3094291105267715,0.0
MF,c2,895,0.5593750000000001,7.286663960236571e-17,0.9999988437398079,0.3093747062406493,4096,0,0,1.0,0.0,0.0,0,0.0,0.3093747062406493,0.0
MF,c2,896,0.56,7.2455453301416e-17,0.9999980426749054,0.309320514100157,4096,0,0,1.0,0.0,0.0,0,0.0,0.309320514100157,0.0
MF,c2,897,0.560625,7.20878701316958e-17,0.9999972091770021,0.30926653225836737,4096,0,0,1.0,0.0,0.0,0,0.0,0.30926653225836737,0.0
MF,c2,898,0.56125,7.176428550176502e-17,0.9999963423950887,0.3092127588769521,4096,0,0,1.0,0.0,0.0,0,0.0,0.3092127588769521,0.0
MF,c2,899,0.561875,7.127562688510984e-17,0.9999954414621719,0.3091591921261781,4096,0,0,1.0,0.0,0.0,0,0.0,0.3091591921261781,0.0
MF,c2,900,0.5625,7.034510120968945e-17,0.9999945054951438,0.3091058301849037,4096,0,0,1.0,0.0,0.0,0,0.0,0.3091058301849037,0.0
MF,c2,901,0.563125,6.944426415913246e-17,0.9999935335945717,0.3090526712405731,4096,0,0,1.0,0.0,0.0,0,0.0,0.3090526712405731,0.0
MF,c2,902,0.56375,6.857315641657892e-17,0.9999925248444119,0.3089997134892103,4096,0,0,1.0,0.0,0.0,0,0.0,0.3089997134892103,0.0
MF,c2,903,0.564375,6.773182817329129e-17,0.9999914783118738,0.308946955135412,4096,0,0,1.0,0.0,0.0,0,0.0,0.308946955135412,0.0
MF,c2,904,0.5650000000000001,6.692033938883337e-17,0.9999903930472088,0.3088943943923393,4096,0,0,1.0,0.0,0.0,0,0.0,0.3088943943923393,0.0
MF,c2,905,0.565625,6.613876005346069e-17,0.9999892680834194,0.3088420294817093,4096,0,0,1.0,0.0,0.0,0,0.0,0.3088420294817093,0.0
MF,c2,906,0.56625,6.538717045281283e-17,0.999988102436123,0.3087898586337852,4096,0,0,1.0,0.0,0.0,0,0.0,0.3087898586337852,0.0
MF,c2,907,0.566875,6.466566143494866e-17,0.9999868951033345,0.3087378800873657,4096,0,0,1.0,0.0,0.0,0,0.0,0.3087378800873657,0.0
MF,c2,908,0.5675,6.397433467978767e-17,0.9999856450651764,0.30868609208977393,4096,0,0,1.0,0.0,0.0,0,0.0,0.30868609208977393,0.0
MF,c2,909,0.568125,6.331330297105103e-17,0.9999843512837614,0.30863449289684547,4096,0,0,1.0,0.0,0.0,0,0.0,0.30863449289684547,0.0
MF,c2,910,0.56875,6.268269047072099e-17,0.9999830127028767,0.3085830807729154,4096,0,0,1.0,0.0,0.0,0,0.0,0.3085830807729154,0.0
MF,c2,911,0.569375,6.20826329961258e-17,0.9999816282478389,0.308531853990805,4096,0,0,1.0,0.0,0.0,0,0.0,0.308531853990805,0.0
MF,c2,912,0.5700000000000001,6.1513278299681e-17,0.9999801968252746,0.3084808108318077,4096,0,0,1.0,0.0,0.0,0,0.0,0.3084808108318077,0.0
MF,c2,913,0.570625,6.097478635134624e-17,0.9999787173228296,0.3084299495856743,4096,0,0,1.0,0.0,0.0,0,0.0,0.3084299495856743,0.0
MF,c2,914,0.57125,6.046732962388554e-17,0.9999771886090206,0.30837926855059755,4096,0,0,1.0,0.0,0.0,0,0.0,0.30837926855059755,0.0
MF,c2,915,0.571875,5.99910933809598e-17,0.9999756095330138,0.3083287660331961,4096,0,0,1.0,0.0,0.0,0,0.0,0.3083287660331961,0.0
MF,c2,916,0.5725,5.954627596810611e-17,0.9999739789243339,0.3082784403484982,4096,0,0,1.0,0.0,0.0,0,0.0,0.3082784403484982,0.0
MF,c2,917,0.573125,5.913308910669361e-17,0.9999722955927359,0.30822828981992445,4096,0,0,1.0,0.0,0.0,0,0.0,0.30822828981992445,0.0
MF,c2,918,0.57375,5.875175819085544e-17,0.9999708487572694,0.30817831277927,4096,0,0,1.0,0.0,0.0,0,0.0,0.30817831277927,0.0
MF,c2,919,0.574375,5.840252258750606e-17,0.9999698453632795,0.3081285075666868,4096,0,0,1.0,0.0,0.0,0,0.0,0.3081285075666868,0.0
MF,c2,920,0.5750000000000001,5.80856359394331e-17,0.9999688065374734,0.30807887253066446,4096,0,0,1.0,0.0,0.0,0,0.0,0.30807887253066446,0.0
MF,c2,921,0.575625,5.78013664715683e-17,0.9999677313767591,0.30802940602801177,4096,0,0,1.0,0.0,0.0,0,0.0,0.30802940602801177,0.0
MF,c2,922,0.57625,5.741624281354641e-17,0.9999666189617238,0.3079801064238366,4096,0,0,1.0,0.0,0.0,0,0.0,0.3079801064238366,0.0
MF,c2,923,0.576875,5.668555802547648e-17,0.9999654683563554,0.30793097209152626,4096,0,0,1.0,0.0,0.0,0,0.0,0.30793097209152626,0.0
MF,c2,924,0.5775,5.597683663274781e-17,0.9999642786079401,0.30788200141272715,4096,0,0,1.0,0.0,0.0,0,0.0,0.30788200141272715,0.0
MF,c2,925,0.578125,5.529010457819393e-17,0.9999630487467603,0.3078331927773238,4096,0,0,1.0,0.0,0.0,0,0.0,0.3078331927773238,0.0
MF,c2,926,0.57875,5.4625394121469507e-17,0.9999617777859879,0.3077845445834179,4096,0,0,1.0,0.0,0.0,0,0.0,0.3077845445834179,0.0
MF,c2,927,0.579375,5.398274400486618e-17,0.9999604647213791,0.30773605523730696,4096,0,0,1.0,0.0,0.0,0,0.0,0.30773605523730696,0.0
MF,c2,928,0.58,5.336219962018311e-17,0.9999591085311443,0.30768772315346243,4096,0,0,1.0,0.0,0.0,0,0.0,0.30768772315346243,0.0
MF,c2,929,0.5806250000000001,5.2763813176657376e-17,0.999957708175739,0.30763954675450755,4096,0,0,1.0,0.0,0.0,0,0.0,0.30763954675450755,0.0
MF,c2,930,0.58125,5.218764386998075e-17,0.9999562625975851,0.3075915244711952,4096,0,0,1.0,0.0,0.0,0,0.0,0.3075915244711952,0.0
MF,c2,931,0.581875,5.1633758052452544e-17,0.9999547707209573,0.3075436547423849,4096,0,0,1.0,0.0,0.0,0,0.0,0.3075436547423849,0.0
MF,c2,932,0.5825,5.1102229404258715e-17,0.9999532314516808,0.30749593601502023,4096,0,0,1.0,0.0,0.0,0,0.0,0.30749593601502023,0.0
MF,c2,933,0.583125,5.0593139105939897e-17,0.9999516436770165,0.30744836674410597,4096,0,0,1.0,0.0,0.0,0,0.0,0.30744836674410597,0.0
MF,c2,934,0.58375,5.010657601203332e-17,0.9999500062653556,0.307400945392684,4096,0,0,1.0,0.0,0.0,0,0.0,0.307400945392684,0.0
MF,c2,935,0.584375,4.964263682595096e-17,0.9999483180661053,0.3073536704318103,4096,0,0,1.0,0.0,0.0,0,0.0,0.3073536704318103,0.0
MF,c2,936,0.585,4.920142627607511e-17,0.9999465779093839,0.30730654034053106,4096,0,0,1.0,0.0,0.0,0,0.0,0.30730654034053106,0.0
MF,c2,937,0.5856250000000001,4.878305729313332e-17,0.9999447846059031,0.30725955360585894,4096,0,0,1.0,0.0,0.0,0,0.0,0.30725955360585894,0.0
MF,c2,938,0.58625,4.838765118882998e-17,0.9999429369466649,0.3072127087227486,4096,0,0,1.0,0.0,0.0,0,0.0,0.3072127087227486,0.0
MF,c2,939,0.586875,4.801533783579599e-17,0.9999410337028407,0.307166004194073,4096,0,0,1.0,0.0,0.0,0,0.0,0.307166004194073,0.0
MF,c2,940,0.5875,4.766625584882901e-17,0.9999390736254716,0.30711943853059853,4096,0,0,1.0,0.0,0.0,0,0.0,0.30711943853059853,0.0
MF,c2,941,0.588125,4.7340552767485534e-17,0.9999372295199513,0.3070730102509609,4096,0,0,1.0,0.0,0.0,0,0.0,0.3070730102509609,0.0
MF,c2,942,0.58875,4.703838523999217e-17,0.999936013023358,0.30702671788164065,4096,0,0,1.0,0.0,0.0,0,0.0,0.30702671788164065,0.0
MF,c2,943,0.589375,4.6759919208536695e-17,0.9999347582604896,0.3069805599569379,4096,0,0,1.0,0.0,0.0,0,0.0,0.3069805599569379,0.0
MF,c2,944,0.59,4.6505330095900766e-17,0.9999334642806278,0.3069345350189484,4096,0,0,1.0,0.0,0.0,0,0.0,0.3069345350189484,0.0
MF,c2,945,0.5906250000000001,4.6274802993494424e-17,0.9999321301164364,0.3068886416175381,4096,0,0,1.0,0.0,0.0,0,0.0,0.3068886416175381,0.0
MF,c2,946,0.59125,4.587089812616598e-17,0.9999307547836764,0.3068428783103186,4096,0,0,1.0,0.0,0.0,0,0.0,0.3068428783103186,0.0
MF,c2,947,0.591875,4.531033110468259e-17,0.9999293372810989,0.3067972436626221,4096,0,0,1.0,0.0,0.0,0,0.0,0.3067972436626221,0.0
MF,c2,948,0.5925,4.476587952569297e-17,0.9999278765901813,0.3067517362474766,4096,0,0,1.0,0.0,0.0,0,0.0,0.3067517362474766,0.0
MF,c2,949,0.593125,4.423756227921029e-17,0.9999263716749327,0.3067063546455807,4096,0,0,1.0,0.0,0.0,0,0.0,0.3067063546455807,0.0
MF,c2,950,0.59375,4.3725402412151284e-17,0.9999248214817592,0.3066610974452787,4096,0,0,1.0,0.0,0.0,0,0.0,0.3066610974452787,0.0
MF,c2,951,0.594375,4.3229427231945163e-17,0.9999232249391812,0.3066159632425359,4096,0,0,1.0,0.0,0.0,0,0.0,0.3066159632425359,0.0
MF,c2,952,0.595,4.274966841054724e-17,0.9999215809577185,0.30657095064091316,4096,0,0,1.0,0.0,0.0,0,0.0,0.30657095064091316,0.0
MF,c2,953,0.595625,4.228616208883643e-17,0.9999198884296084,0.306526058251542,4096,0,0,1.0,0.0,0.0,0,0.0,0.306526058251542,0.0
MF,c2,954,0.5962500000000001,4.183894898143203e-17,0.9999181462286884,0.30648128469310004,4096,0,0,1.0,0.0,0.0,0,0.0,0.30648128469310004,0.0
MF,c2,955,0.596875,4.1408074481907255e-17,0.9999163532101148,0.3064366285917855,4096,0,0,1.0,0.0,0.0,0,0.0,0.3064366285917855,0.0
MF,c2,956,0.5975,4.099358876843438e-17,0.9999145082102434,0.3063920885812929,4096,0,0,1.0,0.0,0.0,0,0.0,0.3063920885812929,0.0
MF,c2,957,0.598125,4.059554690983862e-17,0.9999126100463679,0.30634766330278757,4096,0,0,1.0,0.0,0.0,0,0.0,0.30634766330278757,0.0
MF,c2,958,0.59875,4.021400897208327e-17,0.9999106575165234,0.30630335140488146,4096,0,0,1.0,0.0,0.0,0,0.0,0.30630335140488146,0.0
MF,c2,959,0.599375,3.984904012519041e-17,0.999908649399338,0.306259151543608,4096,0,0,1.0,0.0,0.0,0,0.0,0.306259151543608,0.0
MF,c2,960,0.6,3.950071075057941e-17,0.9999065844537619,0.3062150623823977,4096,0,0,1.0,0.0,0.0,0,0.0,0.3062150623823977,0.0
MF,c2,961,0.600625,3.916909654885534e-17,0.9999044614189359,0.30617108259205317,4096,0,0,1.0,0.0,0.0,0,0.0,0.30617108259205317,0.0
MF,c2,962,0.6012500000000001,3.88542786480151e-17,0.9999022790139213,0.3061272108507251,4096,0,0,1.0,0.0,0.0,0,0.0,0.3061272108507251,0.0
MF,c2,963,0.601875,3.855634371210513e-17,0.9999000359375659,0.30608344584388736,4096,0,0,1.0,0.0,0.0,0,0.0,0.30608344584388736,0.0
MF,c2,964,0.6025,3.8275384050297125e-17,0.9998977308682554,0.30603978626431283,4096,0,0,1.0,0.0,0.0,0,0.0,0.30603978626431283,0.0
MF,c2,965,0.603125,3.801149772640129e-17,0.999895898863795,0.3059962308120492,4096,0,0,1.0,0.0,0.0,0,0.0,0.3059962308120492,0.0
MF,c2,966,0.60375,3.776478866881541e-17,0.9998944180414359,0.3059527781943947,4096,0,0,1.0,0.0,0.0,0,0.0,0.3059527781943947,0.0
MF,c2,967,0.604375,3.7535366780880954e-17,0.9998928953279496,0.3059094271258741,4096,0,0,1.0,0.0,0.0,0,0.0,0.3059094271258741,0.0
MF,c2,968,0.605,3.732334805167788e-17,0.9998913297128174,0.30586617632821456,4096,0,0,1.0,0.0,0.0,0,0.0,0.30586617632821456,0.0
MF,c2,969,0.605625,3.712885466721133e-17,0.9998897201684057,0.30582302453032195,4096,0,0,1.0,0.0,0.0,0,0.0,0.30582302453032195,0.0
MF,c2,970,0.6062500000000001,3.695201512202446e-17,0.999888065649845,0.3057799704682571,4096,0,0,1.0,0.0,0.0,0,0.0,0.3057799704682571,0.0
MF,c2,971,0.606875,3.6790604539908233e-17,0.9998863650947796,0.3057370128852121,4096,0,0,1.0,0.0,0.0,0,0.0,0.3057370128852121,0.0
MF,c2,972,0.6075,3.636778553957873e-17,0.9998846174232353,0.3056941505314868,4096,0,0,1.0,0.0,0.0,0,0.0,0.3056941505314868,0.0
MF,c2,973,0.608125,3.595671670936098e-17,0.9998828215373757,0.30565138216446536,4096,0,0,1.0,0.0,0.0,0,0.0,0.30565138216446536,0.0
MF,c2,974,0.60875,3.555741235646531e-17,0.9998809763213675,0.30560870654859307,4096,0,0,1.0,0.0,0.0,0,0.0,0.30560870654859307,0.0
MF,c2,975,0.609375,3.516988948812153e-17,0.999879080641137,0.30556612245535303,4096,0,0,1.0,0.0,0.0,0,0.0,0.30556612245535303,0.0
MF,c2,976,0.61,3.4794167874543746e-17,0.9998771333442299,0.3055236286632434,4096,0,0,1.0,0.0,0.0,0,0.0,0.3055236286632434,0.0
MF,c2,977,0.610625,3.443027011194139e-17,0.9998751332595762,0.30548122395775423,4096,0,0,1.0,0.0,0.0,0,0.0,0.30548122395775423,0.0
MF,c2,978,0.61125,3.407822168558926e-17,0.9998730791973403,0.30543890713134486,4096,0,0,1.0,0.0,0.0,0,0.0,0.30543890713134486,0.0
MF,c2,979,0.6118750000000001,3.3738051032939086e-17,0.9998709699486924,0.3053966769834211,4096,0,0,1.0,0.0,0.0,0,0.0,0.3053966769834211,0.0
MF,c2,980,0.6125,3.340978960678391e-17,0.999868804285647,0.3053545323203129,4096,0,0,1.0,0.0,0.0,0,0.0,0.3053545323203129,0.0
MF,c2,981,0.613125,3.309347193846249e-17,0.9998665809608682,0.305312471955252,4096,0,0,1.0,0.0,0.0,0,0.0,0.305312471955252,0.0
MF,c2,982,0.61375,3.2789135701099156e-17,0.9998642987074589,0.3052704947083494,4096,0,0,1.0,0.0,0.0,0,0.0,0.3052704947083494,0.0
MF,c2,983,0.614375,3.249682177288411e-17,0.9998619562387916,0.3052285994065734,4096,0,0,1.0,0.0,0.0,0,0.0,0.3052285994065734,0.0
MF,c2,984,0.615,3.2216574300380103e-17,0.9998595522483141,0.30518678488372786,4096,0,0,1.0,0.0,0.0,0,0.0,0.30518678488372786,0.0
MF,c2,985,0.615625,3.194844076184924e-17,0.999857085409348,0.30514504998043,4096,0,0,1.0,0.0,0.0,0,0.0,0.30514504998043,0.0
MF,c2,986,0.61625,3.1692472030603845e-17,0.9998545543749099,0.3051033935440889,4096,0,0,1.0,0.0,0.0,0,0.0,0.3051033935440889,0.0
MF,c2,987,0.6168750000000001,3.1448722438363746e-17,0.9998519577775193,0.30506181442888364,4096,0,0,1.0,0.0,0.0,0,0.0,0.30506181442888364,0.0
MF,c2,988,0.6175,3.121724983861919e-17,0.9998492942290074,0.30502031149574227,4096,0,0,1.0,0.0,0.0,0,0.0,0.30502031149574227,0.0
MF,c2,989,0.618125,3.0998115669983806e-17,0.9998470634393889,0.30497888361232006,4096,0,0,1.0,0.0,0.0,0,0.0,0.30497888361232006,0.0
MF,c2,990,0.61875,3.079138501954168e-17,0.9998453021330252,0.3049375296529786,4096,0,0,1.0,0.0,0.0,0,0.0,0.3049375296529786,0.0
MF,c2,991,0.619375,3.059712668616665e-17,0.9998434954524628,0.30489624849876473,4096,0,0,1.0,0.0,0.0,0,0.0,0.30489624849876473,0.0
MF,c2,992,0.62,3.0415413243809826e-17,0.9998416423315515,0.3048550390373893,4096,0,0,1.0,0.0,0.0,0,0.0,0.3048550390373893,0.0
MF,c2,993,0.620625,3.024632110474347e-17,0.9998397416867372,0.30481390016320664,4096,0,0,1.0,0.0,0.0,0,0.0,0.30481390016320664,0.0
MF,c2,994,0.62125,3.0089930582749596e-17,0.9998377924168794,0.30477283077719397,4096,0,0,1.0,0.0,0.0,0,0.0,0.30477283077719397,0.0
MF,c2,995,0.6218750000000001,2.9946325956241055e-17,0.9998357934030739,0.30473182978693053,4096,0,0,1.0,0.0,0.0,0,0.0,0.30473182978693053,0.0
MF,c2,996,0.6225,2.981559553130214e-17,0.9998337435084702,0.3046908961065772,4096,0,0,1.0,0.0,0.0,0,0.0,0.3046908961065772,0.0
MF,c2,997,0.623125,2.969783170463488e-17,0.999831641578092,0.3046500286568564,4096,0,0,1.0,0.0,0.0,0,0.0,0.3046500286568564,0.0
MF,c2,998,0.62375,2.9593131026396366e-17,0.9998294864386561,0.30460922636503185,4096,0,0,1.0,0.0,0.0,0,0.0,0.30460922636503185,0.0
MF,c2,999,0.624375,2.950159426291191e-17,0.9998272768983925,0.304568488164888,4096,0,0,1.0,0.0,0.0,0,0.0,0.304568488164888,0.0
MF,c2,1000,0.625,2.942332645924749e-17,0.9998250117468619,0.304527812996711,4096,0,0,1.0,0.0,0.0,0,0.0,0.304527812996711,0.0
MF,c2,1001,0.625625,2.9358437001624805e-17,0.9998226897547773,0.3044871998072679,4096,0,0,1.0,0.0,0.0,0,0.0,0.3044871998072679,0.0
MF,c2,1002,0.62625,2.9167569598668784e-17,0.9998203096738308,0.30444664754978734,4096,0,0,1.0,0.0,0.0,0,0.0,0.30444664754978734,0.0
MF,c2,1003,0.626875,2.889251874454382e-17,0.9998178702364873,0.30440615518393993,4096,0,0,1.0,0.0,0.0,0,0.0,0.30440615518393993,0.0
MF,c2,1004,0.6275000000000001,2.862607701032173e-17,0.9998153701558282,0.30436572167581877,4096,0,0,1.0,0.0,0.0,0,0.0,0.30436572167581877,0.0
MF,c2,1005,0.628125,2.836826321721218e-17,0.9998128081253654,0.30432534599791955,4096,0,0,1.0,0.0,0.0,0,0.0,0.30432534599791955,0.0
MF,c2,1006,0.62875,2.811909810318828e-17,0.9998101828188715,0.30428502712912187,4096,0,0,1.0,0.0,0.0,0,0.0,0.30428502712912187,0.0
MF,c2,1007,0.629375,2.7878604359114617e-17,0.9998074928901645,0.30424476405466966,4096,0,0,1.0,0.0,0.0,0,0.0,0.30424476405466966,0.0
MF,c2,1008,0.63,2.764680666474703e-17,0.9998047369729632,0.30420455576615185,4096,0,0,1.0,0.0,0.0,0,0.0,0.30420455576615185,0.0
MF,c2,1009,0.630625,2.7423731724591922e-17,0.9998019136807142,0.30416440126148375,4096,0,0,1.0,0.0,0.0,0,0.0,0.30416440126148375,0.0
MF,c2,1010,0.63125,2.720940830361795e-17,0.999799021606365,0.30412429954488773,4096,0,0,1.0,0.0,0.0,0,0.0,0.30412429954488773,0.0
MF,c2,1011,0.631875,2.7003867262816918e-17,0.999796059322249,0.30408424962687475,4096,0,0,1.0,0.0,0.0,0,0.0,0.30408424962687475,0.0
MF,c2,1012,0.6325000000000001,2.680714159459864e-17,0.999793025379843,0.30404425052422496,4096,0,0,1.0,0.0,0.0,0,0.0,0.30404425052422496,0.0
MF,c2,1013,0.633125,2.6619266458017898e-17,0.9997899183096386,0.3040043012599696,4096,0,0,1.0,0.0,0.0,0,0.0,0.3040043012599696,0.0
MF,c2,1014,0.63375,2.6440279213819937e-17,0.9997878135449326,0.3039644008633719,4096,0,0,1.0,0.0,0.0,0,0.0,0.3039644008633719,0.0
MF,c2,1015,0.634375,2.6270219459295837e-17,0.9997857070674895,0.30392454836990906,4096,0,0,1.0,0.0,0.0,0,0.0,0.30392454836990906,0.0
MF,c2,1016,0.635,2.610912906294117e-17,0.9997835507956558,0.3038847428212531,4096,0,0,1.0,0.0,0.0,0,0.0,0.3038847428212531,0.0
MF,c2,1017,0.635625,2.5957052198902986e-17,0.9997813435943865,0.30384498326525283,4096,0,0,1.0,0.0,0.0,0,0.0,0.30384498326525283,0.0
MF,c2,1018,0.63625,2.5814035381209373e-17,0.9997790843108532,0.3038052687559156,4096,0,0,1.0,0.0,0.0,0,0.0,0.3038052687559156,0.0
MF,c2,1019,0.636875,2.568012749776656e-17,0.9997767717742215,0.3037655983533887,4096,0,0,1.0,0.0,0.0,0,0.0,0.3037655983533887,0.0
MF,c2,1020,0.6375000000000001,2.5555379844115113e-17,0.9997744047954769,0.30372597112394145,4096,0,0,1.0,0.0,0.0,0,0.0,0.30372597112394145,0.0
MF,c2,1021,0.638125,2.5439846156932674e-17,0.9997719821673104,0.30368638613994664,4096,0,0,1.0,0.0,0.0,0,0.0,0.30368638613994664,0.0
MF,c2,1022,0.63875,2.5333582647269896e-17,0.9997695026638707,0.30364684247986273,4096,0,0,1.0,0.0,0.0,0,0.0,0.30364684247986273,0.0
MF,c2,1023,0.639375,2.5236648033508918e-17,0.9997669650406722,0.30360733922821576,4096,0,0,1.0,0.0,0.0,0,0.0,0.30360733922821576,0.0
MF,c2,1024,0.64,2.5149103574029778e-17,0.9997643680343422,0.30356787547558106,4096,0,0,1.0,0.0,0.0,0,0.0,0.30356787547558106,0.0
MF,c2,1025,0.640625,2.507101309957225e-17,0.9997617103625344,0.30352845031856557,4096,0,0,1.0,0.0,0.0,0,0.0,0.30352845031856557,0.0
MF,c2,1026,0.64125,2.5002443045278777e-17,0.999758990723694,0.30348906285979,4096,0,0,1.0,0.0,0.0,0,0.0,0.30348906285979,0.0
MF,c2,1027,0.641875,2.494346248240457e-17,0.9997562077968868,0.3034497122078702,4096,0,0,1.0,0.0,0.0,0,0.0,0.3034497122078702,0.0
MF,c2,1028,0.6425,2.489414314967921e-17,0.9997533602416958,0.3034103974774003,4096,0,0,1.0,0.0,0.0,0,0.0,0.3034103974774003,0.0
MF,c2,1029,0.6431250000000001,2.485455948430609e-17,0.999750446697962,0.3033711177889342,4096,0,0,1.0,0.0,0.0,0,0.0,0.3033711177889342,0.0
MF,c2,1030,0.64375,2.4824788652581816e-17,0.9997474657857065,0.303331872268968,4096,0,0,1.0,0.0,0.0,0,0.0,0.303331872268968,0.0
MF,c2,1031,0.644375,2.480491058012194e-17,0.9997444161048925,0.30329266004992217,4096,0,0,1.0,0.0,0.0,0,0.0,0.30329266004992217,0.0
MF,c2,1032,0.645,2.479500798167488e-17,0.9997412962352568,0.30325348027012383,4096,0,0,1.0,0.0,0.0,0,0.0,0.30325348027012383,0.0
MF,c2,1033,0.645625,2.479516639050613e-17,0.999738104736213,0.3032143320737891,4096,0,0,1.0,0.0,0.0,0,0.0,0.3032143320737891,0.0
MF,c2,1034,0.64625,2.4805474187338663e-17,0.9997348401465883,0.3031752146110053,4096,0,0,1.0,0.0,0.0,0,0.0,0.3031752146110053,0.0
MF,c2,1035,0.646875,2.4826022628826686e-17,0.9997315009845564,0.303136127037713,4096,0,0,1.0,0.0,0.0,0,0.0,0.303136127037713,0.0
MF,c2,1036,0.6475,2.4856905875549448e-17,0.9997280857473949,0.3030970685156889,4096,0,0,1.0,0.0,0.0,0,0.0,0.3030970685156889,0.0
MF,c2,1037,0.6481250000000001,2.489822101950293e-17,0.9997245929113227,0.3030580382125278,4096,0,0,1.0,0.0,0.0,0,0.0,0.3030580382125278,0.0
MF,c2,1038,0.64875,2.495006811106923e-17,0.9997210209314101,0.3030190353016249,4096,0,0,1.0,0.0,0.0,0,0.0,0.3030190353016249,0.0
MF,c2,1039,0.649375,2.501255018544909e-17,0.9997185699429979,0.3029800589621583,4096,0,0,1.0,0.0,0.0,0,0.0,0.3029800589621583,0.0
MF,c2,1040,0.65,2.5085773288529616e-17,0.9997160946600903,0.3029411083790713,4096,0,0,1.0,0.0,0.0,0,0.0,0.3029411083790713,0.0
MF,c3,0,0.0,0.0,0.0,0.0,0,0,4096,0.0,0.0,1.0,0,0.0,0.0,0.0
MF,c3,1,0.000625,4.083748090720716e-40,0.013331873085595407,0.0005743683790319404,4096,0,0,1.0,0.0,0.0,0,0.0,0.0005743683790319404,0.0
MF,c3,2,0.00125,8.273952771809759e-37,0.026651253799468123,0.0011271428929082719,4096,0,0,1.0,0.0,0.0,0,0.0,0.0011271428929082719,0.0
MF,c3,3,0.001875,6.737245209781269e-35,0.03958533608571196,0.0016599395682708406,4096,0,0,1.0,0.0,0.0,0,0.0,0.0016599395682708406,0.0
MF,c3,4,0.0025,1.4977919669008929e-33,0.05182244249952376,0.002174202457762598,4096,0,0,1.0,0.0,0.0,0,0.0,0.002174202457762598,0.0
MF,c3,5,0.003125,1.6372682544319052e-32,0.06312244380209109,0.0026712286564458806,4096,0,0,1.0,0.0,0.0,0,0.0,0.0026712286564458806,0.0
MF,c3,6,0.00375,1.1427412178890203e-31,0.0733704678906858,0.0031521887231468525,4096,0,0,1.0,0.0,0.0,0,0.0,0.0031521887231468525,0.0
MF,c3,7,0.004375,5.853437258686967e-31,0.08283227513361352,0.0036181435092400415,4096,0,0,1.0,0.0,0.0,0,0.0,0.0036181435092400415,0.0
MF,c3,8,0.005,2.3911228052442058e-30,0.09178121079731927,0.004070058151242983,4096,0,0,1.0,0.0,0.0,0,0.0,0.004070058151242983,0.0
MF,c3,9,0.005625,8.218536713063475e-30,0.10017058054851477,0.004508813803400045,4096,0,0,1.0,0.0,0.0,0,0.0,0.004508813803400045,0.0
MF,c3,10,0.00625,2.4653526887591648e-29,0.10794691420301619,0.004935217552730419,4096,0,0,1.0,0.0,0.0,0,0.0,0.004935217552730419,0.0
MF,c3,11,0.006875,6.62504817794195e-29,0.11545366974962795,0.00535001085866739,4096,0,0,1.0,0.0,0.0,0,0.0,0.00535001085866739,0.0
MF,c3,12,0.0075,1.6258950903570313e-28,0.12233205843462192,0.00575387678355133,4096,0,0,1.0,0.0,0.0,0,0.0,0.00575387678355133,0.0
MF,c3,13,0.008125,3.697806840617012e-28,0.1288466091020079,0.006147446222712911,4096,0,0,1.0,0.0,0.0,0,0.0,0.006147446222712911,0.0
MF,c3,14,0.00875,7.88285848593646e-28,0.13521890783867885,0.006531303299299346,4096,0,0,1.0,0.0,0.0,0,0.0,0.006531303299299346,0.0
MF,c3,15,0.009375,1.5893764978874141e-27,0.14113267481321676,0.006905990056057382,4096,0,0,1.0,0.0,0.0,0,0.0,0.006905990056057382,0.0
MF,c3,16,0.01,3.0530227500374867e-27,0.1466020671518121,0.0072720105514081255,4096,0,0,1.0,0.0,0.0,0,0.0,0.0072720105514081255,0.0
MF,c3,17,0.010625,5.62050567902499e-27,0.151641725941201,0.007629834448258684,4096,0,0,1.0,0.0,0.0,0,0.0,0.007629834448258684,0.0
MF,c3,18,0.01125,9.965556586250902e-27,0.1563448635852362,0.007979900169421524,4096,0,0,1.0,0.0,0.0,0,0.0,0.007979900169421524,0.0
MF,c3,19,0.011875,1.708834639312545e-26,0.16120052342070346,0.008322617681954416,4096,0,0,1.0,0.0,0.0,0,0.0,0.008322617681954416,0.0
MF,c3,20,0.0125,-0.00012194980045221954,0.1659273250130964,0.00865837096324136,4092,4,0,0.9990234375,0.0009765625,0.0,4,0.0009765625,0.008658469506787106,-9.854354574380114e-08
MF,c3,21,0.013125,-0.00016837987263448618,0.1703807046725461,0.00898752019357201,4092,4,0,0.9990234375,0.0009765625,0.0,4,0.0009765625,0.008987673081068001,-1.5288749599238577e-07
MF,c3,22,0.01375,-0.00015009866355894584,0.174572153228474,0.009310403712979625,4092,4,0,0.9990234375,0.0009765625,0.0,4,0.0009765625,0.009310546951640656,-1.4323866103116276e-07
MF,c3,23,0.014375,-8.652384643548779e-05,0.1785127518590076,0.009627339774003096,4092,4,0,0.9990234375,0.0009765625,0.0,4,0.0009765625,0.009627420330905585,-8.055690248987116e-08
MF,c3,24,0.015,1.7055227227223874e-25,0.18221320051416237,0.009938628116797542,4096,0,0,1.0,0.0,0.0,0,0.0,0.009938628116797542,0.0
MF,c3,25,0.015625,-0.0012365139893698483,0.18568384335364796,0.010244551388627222,4092,4,0,0.9990234375,0.0009765625,0.0,4,0.0009765625,0.010245631625076183,-1.0802364489605001e-06
MF,c3,26,0.01625,-0.0024550597715775166,0.1889346912715902,0.010545376426213723,4092,4,0,0.9990234375,0.0009765625,0.0,4,0.0009765625,0.010547680019016977,-2.303592803253317e-06
MF,c3,27,0.016875,-0.0034244097325845505,0.1919754416309303,0.01084135541661352,4088,8,0,0.998046875,0.001953125,0.0,8,0.001953125,0.010845109566502958,-3.7541498894386837e-06
MF,c3,28,0.0175,-0.0041635022655477335,0.19481549536458773,0.011132726950140392,4088,8,0,0.998046875,0.001953125,0.0,8,0.001953125,0.011138204284823554,-5.477334683162129e-06
MF,c3,29,0.018125,-0.00469317069193317,0.19746397162739546,0.011419716977174279,4088,8,0,0.998046875,0.001953125,0.0,8,0.001953125,0.011426509823550294,-6.792846376015284e-06
MF,c3,30,0.01875,-0.005084518021031237,0.19992972019981345,0.01170253967934822,4086,10,0,0.99755859375,0.00244140625,0.0,10,0.00244140625,0.011710279062094452,-7.739382746232676e-06
MF,c3,31,0.019375,-0.005310595511746546,0.20222133185466495,0.011981398264440115,4084,12,0,0.9970703125,0.0029296875,0.0,12,0.0029296875,0.011989762592433428,-8.364327993313573e-06
MF,c3,32,0.02,-0.0053883131117388175,0.20497374909917657,0.012256485693224288,4084,12,0,0.9970703125,0.0029296875,0.0,12,0.0029296875,0.012265184725578655,-8.699032354367531e-06
MF,c3,33,0.020625,-0.005339000523806919,0.20809224391696954,0.012527985345517065,4084,12,0,0.9970703125,0.0029296875,0.0,12,0.0029296875,0.012536767718855932,-8.782373338867442e-06
MF,c3,34,0.02125,-0.005183091667893036,0.211168400266655,0.012796071631683961,4084,12,0,0.9970703125,0.0029296875,0.0,12,0.0029296875,0.012804723848692552,-8.652217008592554e-06
MF,c3,35,0.021875000000000002,-0.0049398374635589454,0.21395184698967318,0.013060910554995905,4084,12,0,0.9970703125,0.0029296875,0.0,12,0.0029296875,0.0130692549813576,-8.344426361695546e-06
MF,c3,36,0.0225,-0.004627099074459021,0.21644676773721333,0.013322660229464843,4082,14,0,0.99658203125,0.00341796875,0.0,14,0.00341796875,0.013330553539081628,-7.893309616784793e-06
MF,c3,37,0.023125,-0.004261211198387607,0.21865823417491254,0.013581471357181352,4078,18,0,0.99560546875,0.00439453125,0.0,18,0.00439453125,0.013589599416030291,-8.12805884893739e-06
MF,c3,38,0.02375,-0.0038569051718546086,0.22059213496218144,0.013837487668722311,4078,18,0,0.99560546875,0.00439453125,0.0,18,0.00439453125,0.013846746733448883,-9.259064726572843e-06
MF,c3,39,0.024375,-0.004046450551541658,0.22263022608703,0.014090846329872873,4078,18,0,0.99560546875,0.00439453125,0.0,18,0.00439453125,0.0141008349301193,-9.9886002464298e-06
MF,c3,40,0.025,-0.005133653585655573,0.2248934970321309,0.01434167831767293,4074,22,0,0.99462890625,0.00537109375,0.0,22,0.00537109375,0.01435225279719974,-1.0574479526807474e-05
MF,c3,41,0.025625000000000002,-0.005962066866377203,0.22708625851699352,0.014590108768607496,4072,24,0,0.994140625,0.005859375,0.0,24,0.005859375,0.01460155544013062,-1.1446671523123088e-05
MF,c3,42,0.02625,-0.0066057204158692165,0.22920233816421673,0.014836257301568748,4072,24,0,0.994140625,0.005859375,0.0,24,0.005859375,0.014848536149943232,-1.2278848374484836e-05
MF,c3,43,0.026875,-0.007094330686790968,0.2312443465079462,0.015080238317998103,4074,22,0,0.99462890625,0.00537109375,0.0,22,0.00537109375,0.015092924615756051,-1.2686297757950054e-05
MF,c3,44,0.0275,-0.007393512835037487,0.233589821728467,0.015322161281361024,4074,22,0,0.99462890625,0.00537109375,0.0,22,0.00537109375,0.015334892259097666,-1.273097773664158e-05
MF,c3,45,0.028125,-0.007527612275946495,0.235566791736413,0.015562130977826431,4076,20,0,0.9951171875,0.0048828125,0.0,20,0.0048828125,0.015574615110315996,-1.2484132489567283e-05
MF,c3,46,0.02875,-0.007519758990042657,0.23747432859003015,0.015800247759739944,4078,18,0,0.99560546875,0.00439453125,0.0,18,0.00439453125,0.015812298482754058,-1.2050723014115237e-05
MF,c3,47,0.029375000000000002,-0.007391673797602298,0.23947816186681165,0.016036607773223834,4080,16,0,0.99609375,0.00390625,0.0,16,0.00390625,0.016048236758054474,-1.1628984830644126e-05
MF,c3,48,0.03,-0.007163533748931679,0.24131773977741902,0.016271303171030038,4080,16,0,0.99609375,0.00390625,0.0,16,0.00390625,0.016282523862022266,-1.1220690992227867e-05
MF,c3,49,0.030625,-0.006853888869135365,0.2429962011020543,0.016504422311629314,4080,16,0,0.99609375,0.00390625,0.0,16,0.00390625,0.01651514471888215,-1.0722407252839121e-05
MF,c3,50,0.03125,-0.006479622733574847,0.24451688914258266,0.01673604994543916,4082,14,0,0.99658203125,0.00341796875,0.0,14,0.00341796875,0.016746434577380252,-1.0384631941091265e-05
MF,c3,51,0.031875,-0.006055949753799793,0.24613431808280342,0.016966267389063025,4080,16,0,0.99609375,0.00390625,0.0,16,0.00390625,0.01697725527857194,-1.0987889508916765e-05
MF,c3,52,0.0325,-0.005596442571821568,0.24807386255159744,0.017195152688412502,4080,16,0,0.99609375,0.00390625,0.0,16,0.00390625,0.017206945783159316,-1.1793094746815872e-05
MF,c3,53,0.033125,-0.005113083550021717,0.2497284637440095,0.017422780771589298,4078,18,0,0.99560546875,0.00439453125,0.0,18,0.00439453125,0.01743504701123756,-1.2266239648263023e-05
MF,c3,54,0.03375,-0.0056466986394070814,0.251100967761472,0.017649223592393654,4078,18,0,0.99560546875,0.00439453125,0.0,18,0.00439453125,0.01766167670756598,-1.2453115172321364e-05
MF,c3,55,0.034375,-0.006341101388006421,0.25219518695853615,0.017874550265288638,4076,20,0,0.9951171875,0.0048828125,0.0,20,0.0048828125,0.017887390201487413,-1.2839936198775808e-05
MF,c3,56,0.035,-0.0068358305898761455,0.25301585223294726,0.018098827192580505,4076,20,0,0.9951171875,0.0048828125,0.0,20,0.0048828125,0.018111765152343952,-1.293795976344334e-05
MF,c3,57,0.035625000000000004,-0.007153974809294214,0.254002686980166,0.018322118184480776,4076,20,0,0.9951171875,0.0048828125,0.0,20,0.0048828125,0.01833488909128262,-1.2770906801843143e-05
MF,c3,58,0.03625,-0.00731749647702173,0.2553784443603092,0.018544484572607385,4074,22,0,0.99462890625,0.00537109375,0.0,22,0.00537109375,0.01855723169638806,-1.2747123780674058e-05
MF,c3,59,0.036875,-0.0073756468277228465,0.25672410406848645,0.018765985317375625,4074,22,0,0.99462890625,0.00537109375,0.0,22,0.00537109375,0.01877850727052046,-1.2521953144835913e-05
MF,c3,60,0.0375,-0.007412407607481305,0.2580410234249924,0.018986677109638497,4076,20,0,0.9951171875,0.0048828125,0.0,20,0.0048828125,0.01899877692705437,-1.2099817415874189e-05
MF,c3,61,0.038125,-0.007340912071335298,0.25933048907634076,0.01920661446687142,4076,20,0,0.9951171875,0.0048828125,0.0,20,0.0048828125,0.019218246460815755,-1.1631993944335084e-05
MF,c3,62,0.03875,-0.007177933256747697,0.26128409908876454,0.019425849824160873,4076,20,0,0.9951171875,0.0048828125,0.0,20,0.0048828125,0.019436856103954105,-1.1006279793232697e-05
MF,c3,63,0.039375,-0.00693887156966972,0.2630547595063307,0.019644433620248994,4076,20,0,0.9951171875,0.0048828125,0.0,20,0.0048828125,0.019654688102729523,-1.0254482480527909e-05
MF,c3,64,0.04,-0.006637760751729085,0.2646269223172958,0.01986241437889894,4078,18,0,0.99560546875,0.00439453125,0.0,18,0.00439453125,0.01987194668414387,-9.532305244930169e-06
MF,c3,65,0.040625,-0.006287293012915302,0.266002181596091,0.020079838785868113,4076,20,0,0.9951171875,0.0048828125,0.0,20,0.0048828125,0.020089126247390343,-9.287461522229465e-06
MF,c3,66,0.04125,-0.0058988596161002466,0.26718260177280556,0.020296751761797932,4080,16,0,0.99609375,0.00390625,0.0,16,0.00390625,0.02030598325126523,-9.231489467300223e-06
MF,c3,67,0.041875,-0.005482603588951277,0.2681706982680744,0.02051319653133972,4078,18,0,0.99560546875,0.00439453125,0.0,18,0.00439453125,0.020522698097029488,-9.501565689763052e-06
MF,c3,68,0.0425,-0.005047481625018951,0.2689694166228702,0.02072921468883162,4080,16,0,0.99609375,0.00390625,0.0,16,0.00390625,0.02073903072182942,-9.816032997800109e-06
MF,c3,69,0.043125000000000004,-0.00519556156423056,0.2701020770682051,0.020944846260819737,4080,16,0,0.99609375,0.00390625,0.0,16,0.00390625,0.0209547500612182,-9.90380039846254e-06
MF,c3,70,0.043750000000000004,-0.00573178653934657,0.271291461960005,0.021160129765680123,4078,18,0,0.99560546875,0.00439453125,0.0,18,0.00439453125,0.02117027245194386,-1.0142686263738554e-05
MF,c3,71,0.044375,-0.006112557147129824,0.27239453298418825,0.021375102270552948,4080,16,0,0.99609375,0.00390625,0.0,16,0.00390625,0.0213852476174067,-1.0145346853750093e-05
MF,c3,72,0.045,-0.0063555691315432695,0.2734123564022709,0.021589799445752893,4082,14,0,0.99658203125,0.00341796875,0.0,14,0.00341796875,0.021599740214262128,-9.940768509238128e-06
MF,c3,73,0.045625,-0.006477496889777089,0.2743460608406225,0.021804255616777464,4082,14,0,0.99658203125,0.00341796875,0.0,14,0.00341796875,0.02181399447489837,-9.738858120904098e-06
MF,c3,74,0.04625,-0.006493947456544681,0.27519683573254844,0.022018503814004123,4082,14,0,0.99658203125,0.00341796875,0.0,14,0.00341796875,0.022027887970151715,-9.384156147591829e-06
MF,c3,75,0.046875,-0.006419435237686701,0.275965929665379,0.022232575820148755,4082,14,0,0.99658203125,0.00341796875,0.0,14,0.00341796875,0.022241478061928957,-8.902241780204068e-06
MF,c3,76,0.0475,-0.006267374520655204,0.2766546486331637,0.022446502215555247,4082,14,0,0.99658203125,0.00341796875,0.0,14,0.00341796875,0.022454818512978647,-8.316297423398088e-06
MF,c3,77,0.048125,-0.0060500869966347865,0.2772643541944935,0.022660312421393512,4084,12,0,0.9970703125,0.0029296875,0.0,12,0.0029296875,0.022667959807378374,-7.647385984862751e-06
MF,c3,78,0.04875,-0.00577882175496756,0.2780652757308661,0.022874034740859556,4084,12,0,0.9970703125,0.0029296875,0.0,12,0.0029296875,0.022880953596246884,-6.918855387327585e-06
MF,c3,79,0.049375,-0.0054637854458251985,0.27910739261597334,0.02308769639849001,4088,8,0,0.998046875,0.001953125,0.0,8,0.001953125,0.023094064186096247,-6.367787606233848e-06
MF,c3,80,0.05,-0.005114180543371265,0.2801133119363273,0.02330132357771934,4088,8,0,0.998046875,0.001953125,0.0,8,0.001953125,0.02330714727474368,-5.823697024338057e-06
MF,c3,81,0.050625,-0.0047382498732182025,0.2810845298482551,0.023514941456818223,4088,8,0,0.998046875,0.001953125,0.0,8,0.001953125,0.02352018352812485,-5.24207130662639e-06
MF,c3,82,0.051250000000000004,-0.004367948735760877,0.28214543157629735,0.023728574243352077,4088,8,0,0.998046875,0.001953125,0.0,8,0.001953125,0.02373381680677106,-5.242563418986423e-06
MF,c3,83,0.051875000000000004,-0.004050945997017025,0.28317847388285383,0.02394224520729022,4088,8,0,0.998046875,0.001953125,0.0,8,0.001953125,0.023947424728153192,-5.179520862971114e-06
MF,c3,84,0.0525,-0.0037173105806562416,0.28407635007539095,0.024155976712879147,4088,8,0,0.998046875,0.001953125,0.0,8,0.001953125,0.024160995044799807,-5.018331920659571e-06
MF,c3,85,0.053125,-0.0033725593211811834,0.2848404248045627,0.02436979024937065,4090,6,0,0.99853515625,0.00146484375,0.0,6,0.00146484375,0.024374578579846644,-4.788330475992003e-06
MF,c3,86,0.05375,-0.003807132574264352,0.2854722739432869,0.024583706460669846,4088,8,0,0.998046875,0.001953125,0.0,8,0.001953125,0.02458857524258025,-4.868781910403268e-06
MF,c3,87,0.054375,-0.004165621511139524,0.286262934453639,0.024797745173944,4088,8,0,0.998046875,0.001953125,0.0,8,0.001953125,0.02480262719064308,-4.8820166990797004e-06
MF,c3,88,0.055,-0.004416726282304413,0.28703046673225,0.025011925427213207,4086,10,0,0.99755859375,0.00244140625,0.0,10,0.00244140625,0.0250169010423612,-4.975615147991916e-06
MF,c3,89,0.055625,-0.004572384578596539,0.28779556843859755,0.025226265495930413,4086,10,0,0.99755859375,0.00244140625,0.0,10,0.00244140625,0.025231278251993866,-5.0127560634547416e-06
MF,c3,90,0.05625,-0.0046437693206563355,0.2886175997923512,0.025440782918552486,4086,10,0,0.99755859375,0.00244140625,0.0,10,0.00244140625,0.02544570997143178,-4.927052879291621e-06
MF,c3,91,0.056875,-0.004641287442441602,0.289429181830289,0.025655494521105958,4086,10,0,0.99755859375,0.00244140625,0.0,10,0.00244140625,0.02566023011132379,-4.735590217833652e-06
MF,c3,92,0.0575,-0.0045745868065733865,0.29023043600185605,0.025870416440759485,4086,10,0,0.99755859375,0.00244140625,0.0,10,0.00244140625,0.025874870448760107,-4.454008000619288e-06
MF,c3,93,0.058125,-0.004452569932749697,0.291021468439093,0.02608556414842788,4086,10,0,0.99755859375,0.00244140625,0.0,10,0.00244140625,0.026089660703636566,-4.09655520868946e-06
MF,c3,94,0.058750000000000004,-0.004283413342858939,0.2918023709309834,0.02630095247044687,4088,8,0,0.998046875,0.001953125,0.0,8,0.001953125,0.026304733898072676,-3.7814276258049685e-06
MF,c3,95,0.059375000000000004,-0.004074591447202717,0.29261403300929584,0.026516595609372362,4088,8,0,0.998046875,0.001953125,0.0,8,0.001953125,0.026520047479064425,-3.4518696920661953e-06
MF,c3,96,0.06,-0.0038329040124797076,0.29347705326662943,0.026732507163969,4090,6,0,0.99853515625,0.00146484375,0.0,6,0.00146484375,0.026735660801710685,-3.1536377416891403e-06
MF,c3,97,0.060625,-0.003564506362963966,0.2943113409968969,0.02694870014845972,4090,6,0,0.99853515625,0.00146484375,0.0,6,0.00146484375,0.026951556653999762,-2.856505540043843e-06
MF,c3,98,0.06125,-0.0032749415701372026,0.2951167851534485,0.027165187011109176,4090,6,0,0.99853515625,0.00146484375,0.0,6,0.00146484375,0.02716770738105327,-2.5203699440915345e-06
MF,c3,99,0.061875,-0.0029691739827401643,0.29589329242097473,0.027381979652210384,4090,6,0,0.99853515625,0.00146484375,0.0,6,0.00146484375,0.027384132448472688,-2.1527962623037098e-06
MF,c3,100,0.0625,-0.002651623538075798,0.2966407879019176,0.027599089441534636,4092,4,0,0.9990234375,0.0009765625,0.0,4,0.0009765625,0.027600929086774924,-1.8396452402871564e-06
MF,c3,101,0.063125,-0.002326200376595119,0.2973592157453527,0.027816527235292737,4092,4,0,0.9990234375,0.0009765625,0.0,4,0.0009765625,0.027818111981408787,-1.5847461160492756e-06
MF,c3,102,0.06375,-0.00199633935528331,0.2980485397187539,0.028034303392640587,4092,4,0,0.9990234375,0.0009765625,0.0,4,0.0009765625,0.028035623897698335,-1.3205050577506045e-06
MF,c3,103,0.064375,-0.0016650341215335496,0.2987087437221891,0.028252427791748157,4092,4,0,0.9990234375,0.0009765625,0.0,4,0.0009765625,0.028253477894190335,-1.0501024421781637e-06
MF,c3,104,0.065,-0.0013348704682665843,0.2993398322436509,0.028470909845437042,4090,6,0,0.99853515625,0.00146484375,0.0,6,0.00146484375,0.02847170250371718,-7.926582801404691e-07
MF,c3,105,0.065625,-0.0010080587435279662,0.29994183075624564,0.028689758516381156,4090,6,0,0.99853515625,0.00146484375,0.0,6,0.00146484375,0.02869045678661758,-6.98270236426524e-07
MF,c3,106,0.06625,-0.0006918440829830438,0.3005147860564379,0.028908982331858298,4090,6,0,0.99853515625,0.00146484375,0.0,6,0.00146484375,0.02890967948173947,-6.971498811694992e-07
MF,c3,107,0.066875,-0.0009084331266184923,0.30105876654386127,0.02912858939803714,4090,6,0,0.99853515625,0.00146484375,0.0,6,0.00146484375,0.029129319078923223,-7.296808860836874e-07
MF,c3,108,0.0675,-0.0010599630418510874,0.3016962642329105,0.02934858741378506,4090,6,0,0.99853515625,0.00146484375,0.0,6,0.00146484375,0.029349289349569534,-7.019357844729879e-07
MF,c3,109,0.068125,-0.0011533364790689631,0.3023291575902752,0.029568983683986548,4092,4,0,0.9990234375,0.0009765625,0.0,4,0.0009765625,0.02956971864651973,-7.34962533180733e-07
MF,c3,110,0.06875,-0.001194981860573262,0.30295213385009573,0.029789785132369205,4092,4,0,0.9990234375,0.0009765625,0.0,4,0.0009765625,0.029790533798964118,-7.48666594911863e-07
MF,c3,111,0.069375,-0.0011908653338754294,0.3035651652503225,0.030010998313842567,4092,4,0,0.9990234375,0.0009765625,0.0,4,0.0009765625,0.03001171560234244,-7.172884998746629e-07
MF,c3,112,0.07,-0.0011465049308589789,0.30416822291157,0.03023262942636403,4092,4,0,0.9990234375,0.0009765625,0.0,4,0.0009765625,0.030233275715799167,-6.462894351376142e-07
MF,c3,113,0.07062500000000001,-0.0010669864916499653,0.304761277343357,0.030454684322354767,4092,4,0,0.9990234375,0.0009765625,0.0,4,0.0009765625,0.030455225021927913,-5.406995731474932e-07
MF,c3,114,0.07125000000000001,-0.0009569809602805836,0.3053442989274469,0.0306771685196953,4094,2,0,0.99951171875,0.00048828125,0.0,2,0.00048828125,0.03067763579555481,-4.6727585951200103e-07
MF,c3,115,0.07187500000000001,-0.0008207627047940657,0.30591725837742556,0.030900087212335114,4094,2,0,0.99951171875,0.00048828125,0.0,2,0.00048828125,0.030900487975374563,-4.007630394502251e-07
MF,c3,116,0.0725,-0.0006622285562166628,0.3064801271756495,0.03112344528055285,4094,2,0,0.99951171875,0.00048828125,0.0,2,0.00048828125,0.031123768634340063,-3.233537872151654e-07
MF,c3,117,0.073125,-0.00048491729983466786,0.30703287798713397,0.031347247300903595,4094,2,0,0.99951171875,0.00048828125,0.0,2,0.00048828125,0.03134748407692891,-2.3677602530989456e-07
MF,c3,118,0.07375,-0.0002920293875879205,0.30757548505114746,0.03157149755588674,4094,2,0,0.99951171875,0.00048828125,0.0,2,0.00048828125,0.031571640148361155,-1.4259247440816256e-07
MF,c3,119,0.074375,-8.64466728894536e-05,0.30810792454973723,0.03179620004336338,4094,2,0,0.99951171875,0.00048828125,0.0,2,0.00048828125,0.03179624225365288,-4.221028949680185e-08
MF,c3,120,0.075,5.661004302995411e-19,0.3086301749542832,0.03202135848574594,4096,0,0,1.0,0.0,0.0,0,0.0,0.03202135848574594,0.0
MF,c3,121,0.075625,6.162546911453031e-19,0.3091422173503208,0.032246976338976135,4096,0,0,1.0,0.0,0.0,0,0.0,0.032246976338976135,0.0
MF,c3,122,0.07625,6.706527444139672e-19,0.3096440357400352,0.03247305680130029,4096,0,0,1.0,0.0,0.0,0,0.0,0.03247305680130029,0.0
MF,c3,123,0.076875,7.296541530918354e-19,0.3101356173236761,0.0326996028218446,4096,0,0,1.0,0.0,0.0,0,0.0,0.0326996028218446,0.0
MF,c3,124,0.0775,7.936522600710696e-19,0.3106169527596376,0.03292661710898776,4096,0,0,1.0,0.0,0.0,0,0.0,0.03292661710898776,0.0
MF,c3,125,0.078125,8.623101942676304e-19,0.31108803640411303,0.03315410213852433,4096,0,0,1.0,0.0,0.0,0,0.0,0.03315410213852433,0.0
MF,c3,126,0.07875,9.362228433910953e-19,0.311548866529739,0.03338206016160987,4096,0,0,1.0,0.0,0.0,0,0.0,0.03338206016160987,0.0
MF,c3,127,0.079375,1.0161572554013454e-18,0.31199944552456876,0.03361049321247797,4096,0,0,1.0,0.0,0.0,0,0.0,0.03361049321247797,0.0
MF,c3,128,0.08,1.1025985960534003e-18,0.3124397800712193,0.03383940311592034,4096,0,0,1.0,0.0,0.0,0,0.0,0.03383940311592034,0.0
MF,c3,129,0.080625,1.1960745293955406e-18,0.3128698813071935,0.034068791494523076,4096,0,0,1.0,0.0,0.0,0,0.0,0.034068791494523076,0.0
MF,c3,130,0.08125,1.297159908387863e-18,0.313289764965901,0.03429865977565531,4096,0,0,1.0,0.0,0.0,0,0.0,0.03429865977565531,0.0
MF,c3,131,0.081875,1.4064821569242897e-18,0.31369945149969786,0.03452900919820977,4096,0,0,1.0,0.0,0.0,0,0.0,0.03452900919820977,0.0
MF,c3,132,0.0825,1.524727464910081e-18,0.3140989661854475,0.03475984081909926,4096,0,0,1.0,0.0,0.0,0,0.0,0.03475984081909926,0.0
MF,c3,133,0.083125,1.6526479405352238e-18,0.3144883392122888,0.03499115551951649,4096,0,0,1.0,0.0,0.0,0,0.0,0.03499115551951649,0.0
MF,c3,134,0.08375,1.7910698904273047e-18,0.31486760575307327,0.03522295401096747,4096,0,0,1.0,0.0,0.0,0,0.0,0.03522295401096747,0.0
MF,c3,135,0.084375,1.940903429745492e-18,0.3152368060194757,0.03545523684109238,4096,0,0,1.0,0.0,0.0,0,0.0,0.03545523684109238,0.0
MF,c3,136,0.085,2.103153661251227e-18,0.31559598530189253,0.03568800439928865,4096,0,0,1.0,0.0,0.0,0,0.0,0.03568800439928865,0.0
MF,c3,137,0.085625,2.2745586352008164e-18,0.31594519399380006,0.035921256922152256,4096,0,0,1.0,0.0,0.0,0,0.0,0.035921256922152256,0.0
MF,c3,138,0.08625000000000001,2.4589699044143283e-18,0.31628448760207445,0.03615499449875298,4096,0,0,1.0,0.0,0.0,0,0.0,0.03615499449875298,0.0
MF,c3,139,0.08687500000000001,2.6578386218078413e-18,0.31661392674333083,0.03638921707575857,4096,0,0,1.0,0.0,0.0,0,0.0,0.03638921707575857,0.0
MF,c3,140,0.08750000000000001,2.8723336459667377e-18,0.31713040982787866,0.036623924462421166,4096,0,0,1.0,0.0,0.0,0,0.0,0.036623924462421166,0.0
MF,c3,141,0.088125,3.1037349608799264e-18,0.3176677936703735,0.03685911633543701,4096,0,0,1.0,0.0,0.0,0,0.0,0.03685911633543701,0.0
MF,c3,142,0.08875,3.353447690670716e-18,0.3181656434217318,0.03709479224368812,4096,0,0,1.0,0.0,0.0,0,0.0,0.03709479224368812,0.0
MF,c3,143,0.089375,3.623018348047053e-18,0.3186241062049636,0.037330951612871935,4096,0,0,1.0,0.0,0.0,0,0.0,0.037330951612871935,0.0
MF,c3,144,0.09,3.914153707178607e-18,0.3190433684509396,0.03756759375002268,4096,0,0,1.0,0.0,0.0,0,0.0,0.03756759375002268,0.0
MF,c3,145,0.090625,4.2287427602542196e-18,0.3194236553682848,0.03780471784792534,4096,0,0,1.0,0.0,0.0,0,0.0,0.03780471784792534,0.0
MF,c3,146,0.09125,4.5688822970222855e-18,0.31976523033716947,0.03804232298942192,4096,0,0,1.0,0.0,0.0,0,0.0,0.03804232298942192,0.0
MF,c3,147,0.091875,4.936906740210278e-18,0.3200683942283399,0.03828040815160749,4096,0,0,1.0,0.0,0.0,0,0.0,0.03828040815160749,0.0
MF,c3,148,0.0925,5.3311099240825986e-18,0.32033348465011313,0.03851897220991328,4096,0,0,1.0,0.0,0.0,0,0.0,0.03851897220991328,0.0
MF,c3,149,0.093125,5.743788394287495e-18,0.3205608751248996,0.038758013942073136,4096,0,0,1.0,0.0,0.0,0,0.0,0.038758013942073136,0.0
MF,c3,150,0.09375,6.187856646312954e-18,0.3207509741988722,0.03899753203197012,4096,0,0,1.0,0.0,0.0,0,0.0,0.03899753203197012,0.0
MF,c3,151,0.094375,6.66587703398229e-18,0.32090422448722666,0.03923752507336015,4096,0,0,1.0,0.0,0.0,0,0.0,0.03923752507336015,0.0
MF,c3,152,0.095,7.180672010468382e-18,0.3210211016587707,0.039477991573471156,4096,0,0,1.0,0.0,0.0,0,0.0,0.039477991573471156,0.0
MF,c3,153,0.095625,7.735359254069556e-18,0.3213020940675771,0.03971892995647669,4096,0,0,1.0,0.0,0.0,0,0.0,0.03971892995647669,0.0
MF,c3,154,0.09625,8.33339245658439e-18,0.3217208336705978,0.03996033856684467,4096,0,0,1.0,0.0,0.0,0,0.0,0.03996033856684467,0.0
MF,c3,155,0.096875,8.978608730609764e-18,0.3221319839628261,0.040202215672563185,4096,0,0,1.0,0.0,0.0,0,0.0,0.040202215672563185,0.0
MF,c3,156,0.0975,9.675283750559088e-18,0.32253579146782313,0.040444559468246585,4096,0,0,1.0,0.0,0.0,0,0.0,0.040444559468246585,0.0
MF,c3,157,0.098125,1.0428195925782438e-17,0.3229324969007201,0.040687368078126444,4096,0,0,1.0,0.0,0.0,0,0.0,0.040687368078126444,0.0
MF,c3,158,0.09875,1.1242701116786137e-17,0.3233223351592882,0.04093063955893288,4096,0,0,1.0,0.0,0.0,0,0.0,0.04093063955893288,0.0
MF,c3,159,0.099375,1.2124819651142621e-17,0.3237738901065032,0.0411743719026721,4096,0,0,1.0,0.0,0.0,0,0.0,0.0411743719026721,0.0
MF,c3,160,0.1,1.3062573444735536e-17,0.32431901609336694,0.04141856303930724,4096,0,0,1.0,0.0,0.0,0,0.0,0.04141856303930724,0.0
MF,c3,161,0.100625,1.4032333875631004e-17,0.32484212425884734,0.0416632108393491,4096,0,0,1.0,0.0,0.0,0,0.0,0.0416632108393491,0.0
MF,c3,162,0.10125,1.507466672610733e-17,0.32534322103638785,0.0419083131163637,4096,0,0,1.0,0.0,0.0,0,0.0,0.0419083131163637,0.0
MF,c3,163,0.10187500000000001,1.6195723506147847e-17,0.3258223322553949,0.042153867629402764,4096,0,0,1.0,0.0,0.0,0,0.0,0.042153867629402764,0.0
MF,c3,164,0.10250000000000001,1.7402333867732297e-17,0.32627950283149365,0.04239987208536317,4096,0,0,1.0,0.0,0.0,0,0.0,0.04239987208536317,0.0
MF,c3,165,0.10312500000000001,1.8702101848097037e-17,0.326714796433132,0.04264632414128049,4096,0,0,1.0,0.0,0.0,0,0.0,0.04264632414128049,0.0
MF,c3,166,0.10375000000000001,2.0103517418903537e-17,0.3271282951260219,0.04289322140656067,4096,0,0,1.0,0.0,0.0,0,0.0,0.04289322140656067,0.0
MF,c3,167,0.104375,2.1616085800630013e-17,0.3275200989956827,0.04314056144515353,4096,0,0,1.0,0.0,0.0,0,0.0,0.04314056144515353,0.0
MF,c3,168,0.105,2.3250477383417173e-17,0.327890325750077,0.04338834177767023,4096,0,0,1.0,0.0,0.0,0,0.0,0.04338834177767023,0.0
MF,c3,169,0.105625,2.501870153437027e-17,0.32823911030309494,0.04363655988344644,4096,0,0,1.0,0.0,0.0,0,0.0,0.04363655988344644,0.0
MF,c3,170,0.10625,2.6934308074212758e-17,0.3285666043400951,0.04388521320255216,4096,0,0,1.0,0.0,0.0,0,0.0,0.04388521320255216,0.0
MF,c3,171,0.106875,2.901262078224289e-17,0.32887297586714415,0.044134299137748134,4096,0,0,1.0,0.0,0.0,0,0.0,0.044134299137748134,0.0
MF,c3,172,0.1075,3.127100794818169e-17,0.3291584087443688,0.04438381505638883,4096,0,0,1.0,0.0,0.0,0,0.0,0.04438381505638883,0.0
MF,c3,173,0.108125,3.3647430836175756e-17,0.32942310220550225,0.04463375829227087,4096,0,0,1.0,0.0,0.0,0,0.0,0.04463375829227087,0.0
MF,c3,174,0.10875,3.606980162450831e-17,0.32966727036447235,0.04488412614742625,4096,0,0,1.0,0.0,0.0,0,0.0,0.04488412614742625,0.0
MF,c3,175,0.109375,3.8674830255558215e-17,0.329891141710293,0.0451349158938593,4096,0,0,1.0,0.0,0.0,0,0.0,0.0451349158938593,0.0
MF,c3,176,0.11,4.1479039644346725e-17,0.3300949585919241,0.04538612477522641,4096,0,0,1.0,0.0,0.0,0,0.0,0.04538612477522641,0.0
MF,c3,177,0.110625,4.450091596224015e-17,0.33027897669353184,0.04563775000845783,4096,0,0,1.0,0.0,0.0,0,0.0,0.04563775000845783,0.0
MF,c3,178,0.11125,4.776119150587144e-17,0.33044346450220063,0.04588978878532102,4096,0,0,1.0,0.0,0.0,0,0.0,0.04588978878532102,0.0
MF,c3,179,0.111875,5.128317085568616e-17,0.3305887027689083,0.046142238273925495,4096,0,0,1.0,0.0,0.0,0,0.0,0.046142238273925495,0.0
MF,c3,180,0.1125,5.509310686040939e-17,0.3307149839639643,0.04639509562016963,4096,0,0,1.0,0.0,0.0,0,0.0,0.04639509562016963,0.0
MF,c3,181,0.113125,5.922063392965226e-17,0.3308487868202268,0.04664835794912986,4096,0,0,1.0,0.0,0.0,0,0.0,0.04664835794912986,0.0
MF,c3,182,0.11375,6.369926719314963e-17,0.3311297429347161,0.046902022366393945,4096,0,0,1.0,0.0,0.0,0,0.0,0.046902022366393945,0.0
MF,c3,183,0.114375,6.856697730668512e-17,0.3314079353134553,0.04715608595933932,4096,0,0,1.0,0.0,0.0,0,0.0,0.04715608595933932,0.0
MF,c3,184,0.115,7.386685207247186e-17,0.3316834664366206,0.04741054579835899,4096,0,0,1.0,0.0,0.0,0,0.0,0.04741054579835899,0.0
MF,c3,185,0.115625,7.964785761491665e-17,0.3319564349398043,0.04766539893803689,4096,0,0,1.0,0.0,0.0,0,0.0,0.04766539893803689,0.0
MF,c3,186,0.11625,8.596571363512111e-17,0.3322269357229231,0.0479206424182753,4096,0,0,1.0,0.0,0.0,0,0.0,0.0479206424182753,0.0
MF,c3,187,0.116875,9.288389928636319e-17,0.3324950600583401,0.048176273265377184,4096,0,0,1.0,0.0,0.0,0,0.0,0.048176273265377184,0.0
MF,c3,188,0.11750000000000001,1.0047480849482605e-16,0.33276437301606016,0.04843228849308568,4096,0,0,1.0,0.0,0.0,0,0.0,0.04843228849308568,0.0
MF,c3,189,0.11812500000000001,1.0797845568808593e-16,0.3332316054319958,0.04868868510358403,4096,0,0,1.0,0.0,0.0,0,0.0,0.04868868510358403,0.0
MF,c3,190,0.11875000000000001,1.158178305701589e-16,0.3336640167390941,0.04894546008845821,4096,0,0,1.0,0.0,0.0,0,0.0,0.04894546008845821,0.0
MF,c3,191,0.11937500000000001,1.2429326536063777e-16,0.3340618810764448,0.049202610429624996,4096,0,0,1.0,0.0,0.0,0,0.0,0.049202610429624996,0.0
MF,c3,192,0.12,1.3346922785853503e-16,0.3344254988199067,0.049460133100227954,4096,0,0,1.0,0.0,0.0,0,0.0,0.049460133100227954,0.0
MF,c3,193,0.120625,1.4341832273839544e-16,0.3347551958683484,0.0497180250655032,4096,0,0,1.0,0.0,0.0,0,0.0,0.0497180250655032,0.0
MF,c3,194,0.12125,1.5422243686515918e-16,0.33505132289851797,0.04997628328361706,4096,0,0,1.0,0.0,0.0,0,0.0,0.04997628328361706,0.0
MF,c3,195,0.121875,1.6597404835544698e-16,0.33531425459032926,0.050234904706477165,4096,0,0,1.0,0.0,0.0,0,0.0,0.050234904706477165,0.0
MF,c3,196,0.1225,1.7877772212513587e-16,0.3355443888248963,0.05049388628051839,4096,0,0,1.0,0.0,0.0,0,0.0,0.05049388628051839,0.0
MF,c3,197,0.123125,1.927518176734253e-16,0.33574214585751855,0.05075322494746459,4096,0,0,1.0,0.0,0.0,0,0.0,0.05075322494746459,0.0
MF,c3,198,0.12375,2.0803043823907562e-16,0.33590796746833945,0.05101291764506716,4096,0,0,1.0,0.0,0.0,0,0.0,0.05101291764506716,0.0
MF,c3,199,0.124375,2.247656542721673e-16,0.336042316092235,0.05127296130782087,4096,0,0,1.0,0.0,0.0,0,0.0,0.05127296130782087,0.0
MF,c3,200,0.125,2.4313003843741043e-16,0.3361456739310757,0.05153335286765732,4096,0,0,1.0,0.0,0.0,0,0.0,0.05153335286765732,0.0
MF,c3,201,0.12562500000000001,2.6331955416378766e-16,0.3362185420503319,0.0517940892546163,4096,0,0,1.0,0.0,0.0,0,0.0,0.0517940892546163,0.0
MF,c3,202,0.12625,2.8555684513430675e-16,0.33628394199337824,0.052055167397495175,4096,0,0,1.0,0.0,0.0,0,0.0,0.052055167397495175,0.0
MF,c3,203,0.12687500000000002,3.1009497913771726e-16,0.3365239012308122,0.05231658422447608,4096,0,0,1.0,0.0,0.0,0,0.0,0.05231658422447608,0.0
MF,c3,204,0.1275,3.3722170645198515e-16,0.33676258050047986,0.05257833666373116,4096,0,0,1.0,0.0,0.0,0,0.0,0.05257833666373116,0.0
MF,c3,205,0.128125,3.6726430048244637e-16,0.33700002294675346,0.052840421644005355,4096,0,0,1.0,0.0,0.0,0,0.0,0.052840421644005355,0.0
MF,c3,206,0.12875,4.0059505681546994e-16,0.337236269881605,0.05310283609517702,4096,0,0,1.0,0.0,0.0,0,0.0,0.05310283609517702,0.0
MF,c3,207,0.129375,4.3763753628013355e-16,0.33747136085914836,0.05336557694879596,4096,0,0,1.0,0.0,0.0,0,0.0,0.05336557694879596,0.0
MF,c3,208,0.13,4.788736481350338e-16,0.3377053337479527,0.05362864113859918,4096,0,0,1.0,0.0,0.0,0,0.0,0.05362864113859918,0.0
MF,c3,209,0.130625,5.248516812376874e-16,0.33804252754903474,0.05389202560100419,4096,0,0,1.0,0.0,0.0,0,0.0,0.05389202560100419,0.0
MF,c3,210,0.13125,5.6895859959577e-16,0.3383836222679847,0.054155727275580184,4096,0,0,1.0,0.0,0.0,0,0.0,0.054155727275580184,0.0
MF,c3,211,0.131875,6.144228402463496e-16,0.33871130047434034,0.05441974310549742,4096,0,0,1.0,0.0,0.0,0,0.0,0.05441974310549742,0.0
MF,c3,212,0.1325,6.641019950442643e-16,0.33902567363068964,0.054684070037954904,4096,0,0,1.0,0.0,0.0,0,0.0,0.054684070037954904,0.0
MF,c3,213,0.133125,7.184611150433713e-16,0.33932686045312327,0.054948705024587166,4096,0,0,1.0,0.0,0.0,0,0.0,0.054948705024587166,0.0
MF,c3,214,0.13375,7.78023110645306e-16,0.3396149866810664,0.05521364502185051,4096,0,0,1.0,0.0,0.0,0,0.0,0.05521364502185051,0.0
MF,c3,215,0.134375,8.433762706474543e-16,0.3398901848450123,0.05547888699138949,4096,0,0,1.0,0.0,0.0,0,0.0,0.05547888699138949,0.0
MF,c3,216,0.135,9.151827495220459e-16,0.34015259403242903,0.055744427900384266,4096,0,0,1.0,0.0,0.0,0,0.0,0.055744427900384266,0.0
MF,c3,217,0.135625,9.941881430358847e-16,0.3404023596520414,0.05601026472187974,4096,0,0,1.0,0.0,0.0,0,0.0,0.05601026472187974,0.0
MF,c3,218,0.13625,1.0812322864515114e-15,0.34063963319711166,0.05627639443509726,4096,0,0,1.0,0.0,0.0,0,0.0,0.05627639443509726,0.0
MF,c3,219,0.136875,1.1772614252548248e-15,0.3408645720072831,0.05654281402572982,4096,0,0,1.0,0.0,0.0,0,0.0,0.05654281402572982,0.0
MF,c3,220,0.1375,1.283341925762242e-15,0.3410773390299575,0.05680952048622146,4096,0,0,1.0,0.0,0.0,0,0.0,0.05680952048622146,0.0
MF,c3,221,0.138125,1.4006757122836873e-15,0.34127810258111807,0.057076510816032044,4096,0,0,1.0,0.0,0.0,0,0.0,0.057076510816032044,0.0
MF,c3,222,0.13875,1.5306176389203747e-15,0.3414670361059306,0.057343782021887946,4096,0,0,1.0,0.0,0.0,0,0.0,0.057343782021887946,0.0
MF,c3,223,0.139375,1.6746950277817493e-15,0.34164431793937966,0.057611331118019804,4096,0,0,1.0,0.0,0.0,0,0.0,0.057611331118019804,0.0
MF,c3,224,0.14,1.8346296316395567e-15,0.3418653325826241,0.05787915512638789,4096,0,0,1.0,0.0,0.0,0,0.0,0.05787915512638789,0.0
MF,c3,225,0.140625,2.012362308050521e-15,0.3421490118728902,0.05814725107689584,4096,0,0,1.0,0.0,0.0,0,0.0,0.05814725107689584,0.0
MF,c3,226,0.14125000000000001,2.210080724036577e-15,0.34240935640175163,0.05841561600759375,4096,0,0,1.0,0.0,0.0,0,0.0,0.05841561600759375,0.0
MF,c3,227,0.141875,2.4302504458397558e-15,0.34264667180170505,0.05868424696487072,4096,0,0,1.0,0.0,0.0,0,0.0,0.05868424696487072,0.0
MF,c3,228,0.14250000000000002,2.675649807334673e-15,0.34286127458513976,0.058953141003637924,4096,0,0,1.0,0.0,0.0,0,0.0,0.058953141003637924,0.0
MF,c3,229,0.143125,2.949408993805983e-15,0.34305349167639765,0.05922229518750215,4096,0,0,1.0,0.0,0.0,0,0.0,0.05922229518750215,0.0
MF,c3,230,0.14375000000000002,3.2550538253115334e-15,0.34322365994048765,0.059491706588930826,4096,0,0,1.0,0.0,0.0,0,0.0,0.059491706588930826,0.0
MF,c3,231,0.144375,3.596554776196339e-15,0.3433721257092007,0.05976137228940831,4096,0,0,1.0,0.0,0.0,0,0.0,0.05976137228940831,0.0
MF,c3,232,0.145,3.9783818249433435e-15,0.34349924430536855,0.060031289379584046,4096,0,0,1.0,0.0,0.0,0,0.0,0.060031289379584046,0.0
MF,c3,233,0.145625,4.405565791938502e-15,0.34360537956592,0.06030145495941279,4096,0,0,1.0,0.0,0.0,0,0.0,0.06030145495941279,0.0
MF,c3,234,0.14625,4.883766892404668e-15,0.3436909033648012,0.06057186613828702,4096,0,0,1.0,0.0,0.0,0,0.0,0.06057186613828702,0.0
MF,c3,235,0.146875,5.41935130835917e-15,0.3438206186201881,0.060842520035161704,4096,0,0,1.0,0.0,0.0,0,0.0,0.060842520035161704,0.0
MF,c3,236,0.1475,6.009893482279235e-15,0.34402509589610375,0.06111341377867141,4096,0,0,1.0,0.0,0.0,0,0.0,0.06111341377867141,0.0
MF,c3,237,0.148125,6.522888273519343e-15,0.34422703169911417,0.061384544507240096,4096,0,0,1.0,0.0,0.0,0,0.0,0.061384544507240096,0.0
MF,c3,238,0.14875,7.084547926600042e-15,0.3444265269371715,0.06165590936918333,4096,0,0,1.0,0.0,0.0,0,0.0,0.06165590936918333,0.0
MF,c3,239,0.149375,7.700015844874468e-15,0.344623679824865,0.061927505522803225,4096,0,0,1.0,0.0,0.0,0,0.0,0.061927505522803225,0.0
MF,c3,240,0.15,8.375018532622742e-15,0.34481858592881026,0.062199330136475994,4096,0,0,1.0,0.0,0.0,0,0.0,0.062199330136475994,0.0
MF,c3,241,0.150625,9.115933004219306e-15,0.34501133821332075,0.06247138038873218,4096,0,0,1.0,0.0,0.0,0,0.0,0.06247138038873218,0.0
MF,c3,242,0.15125,9.929861832058974e-15,0.3452020270862215,0.06274365346832966,4096,0,0,1.0,0.0,0.0,0,0.0,0.06274365346832966,0.0
MF,c3,243,0.151875,1.0824716660998768e-14,0.345393381636788,0.06301614657431938,4096,0,0,1.0,0.0,0.0,0,0.0,0.06301614657431938,0.0
MF,c3,244,0.1525,1.1809311101630823e-14,0.34560269254756737,0.06328885691610403,4096,0,0,1.0,0.0,0.0,0,0.0,0.06328885691610403,0.0
MF,c3,245,0.153125,1.289346400711345e-14,0.3458115781547766,0.06356178171348961,4096,0,0,1.0,0.0,0.0,0,0.0,0.06356178171348961,0.0
MF,c3,246,0.15375,1.4088114239597389e-14,0.3460200467207539,0.06383491819672987,4096,0,0,1.0,0.0,0.0,0,0.0,0.06383491819672987,0.0
MF,c3,247,0.154375,1.5405448142984428e-14,0.34622810623935824,0.06410826360656427,4096,0,0,1.0,0.0,0.0,0,0.0,0.06410826360656427,0.0
MF,c3,248,0.155,1.6859041059792024e-14,0.34643576444770147,0.06438181519424875,4096,0,0,1.0,0.0,0.0,0,0.0,0.06438181519424875,0.0
MF,c3,249,0.155625,1.8464014362115445e-14,0.346643028837197,0.06465557022158037,4096,0,0,1.0,0.0,0.0,0,0.0,0.06465557022158037,0.0
MF,c3,250,0.15625,2.0237209611031748e-14,0.34684990666396126,0.06492952596091531,4096,0,0,1.0,0.0,0.0,0,0.0,0.06492952596091531,0.0
MF,c3,251,0.15687500000000001,2.2197381616299154e-14,0.3470564049585963,0.0652036796951807,4096,0,0,1.0,0.0,0.0,0,0.0,0.0652036796951807,0.0
MF,c3,252,0.1575,2.4365412339982595e-14,0.34726253053532297,0.06547802871788058,4096,0,0,1.0,0.0,0.0,0,0.0,0.06547802871788058,0.0
MF,c3,253,0.15812500000000002,2.676454777476852e-14,0.3474682900008102,0.06575257033309595,4096,0,0,1.0,0.0,0.0,0,0.0,0.06575257033309595,0.0
MF,c3,254,0.15875,2.9420660131810734e-14,0.3476736897620972,0.06602730185547935,4096,0,0,1.0,0.0,0.0,0,0.0,0.06602730185547935,0.0
MF,c3,255,0.15937500000000002,3.236253789471735e-14,0.34787873603426817,0.06630222061024409,4096,0,0,1.0,0.0,0.0,0,0.0,0.06630222061024409,0.0
MF,c3,256,0.16,3.562220653796146e-14,0.34808343484759,0.06657732393314833,4096,0,0,1.0,0.0,0.0,0,0.0,0.06657732393314833,0.0
MF,c3,257,0.160625,3.9235282970564825e-14,0.3482877920542042,0.06685260917047445,4096,0,0,1.0,0.0,0.0,0,0.0,0.06685260917047445,0.0
MF,c3,258,0.16125,4.324136705132936e-14,0.348491813334395,0.06712807367900353,4096,0,0,1.0,0.0,0.0,0,0.0,0.06712807367900353,0.0
MF,c3,259,0.161875,4.7684473831900835e-14,0.34869550420246037,0.06740371482598578,4096,0,0,1.0,0.0,0.0,0,0.0,0.06740371482598578,0.0
MF,c3,260,0.1625,5.261351052048553e-14,0.34889887001220743,0.06767952998910645,4096,0,0,1.0,0.0,0.0,0,0.0,0.06767952998910645,0.0
MF,c3,261,0.163125,5.808280252416891e-14,0.3491019159620954,0.06795551655644805,4096,0,0,1.0,0.0,0.0,0,0.0,0.06795551655644805,0.0
MF,c3,262,0.16375,6.415267332371636e-14,0.34933552823663294,0.06823167192644847,4096,0,0,1.0,0.0,0.0,0,0.0,0.06823167192644847,0.0
MF,c3,263,0.164375,7.089008336386511e-14,0.3496497041430188,0.06850799350785602,4096,0,0,1.0,0.0,0.0,0,0.0,0.06850799350785602,0.0
MF,c3,264,0.165,7.836933360672052e-14,0.34995273717562947,0.06878447871968049,4096,0,0,1.0,0.0,0.0,0,0.0,0.06878447871968049,0.0
MF,c3,265,0.165625,8.658563155808192e-14,0.3502447613710506,0.06906112499114145,4096,0,0,1.0,0.0,0.0,0,0.0,0.06906112499114145,0.0
MF,c3,266,0.16625,9.345225619025374e-14,0.3505259144264065,0.06933792976161324,4096,0,0,1.0,0.0,0.0,0,0.0,0.06933792976161324,0.0
MF,c3,267,0.166875,1.0091381680138004e-13,0.3507963375386515,0.06961489048056699,4096,0,0,1.0,0.0,0.0,0,0.0,0.06961489048056699,0.0
MF,c3,268,0.1675,1.0902707307493562e-13,0.351056175244031,0.06989200460750992,4096,0,0,1.0,0.0,0.0,0,0.0,0.06989200460750992,0.0
MF,c3,269,0.168125,1.178545341792888e-13,0.3513055752578595,0.07016926961192188,4096,0,0,1.0,0.0,0.0,0,0.0,0.07016926961192188,0.0
MF,c3,270,0.16875,1.2746504621990817e-13,0.3515446883147671,0.0704466829731892,4096,0,0,1.0,0.0,0.0,0,0.0,0.0704466829731892,0.0
MF,c3,271,0.169375,1.379344378885565e-13,0.35177366800955817,0.07072424218053627,4096,0,0,1.0,0.0,0.0,0,0.0,0.07072424218053627,0.0
MF,c3,272,0.17,1.4934622976643704e-13,0.35199267063882916,0.07100194473295422,4096,0,0,1.0,0.0,0.0,0,0.0,0.07100194473295422,0.0
MF,c3,273,0.170625,1.617924132153289e-13,0.3522018550434823,0.07127978813912775,4096,0,0,1.0,0.0,0.0,0,0.0,0.07127978813912775,0.0
MF,c3,274,0.17125,1.7537430530621527e-13,0.35240138245227876,0.07155776991735913,4096,0,0,1.0,0.0,0.0,0,0.0,0.07155776991735913,0.0
MF,c3,275,0.171875,1.902034867916688e-13,0.35259141632650354,0.0718358875954903,4096,0,0,1.0,0.0,0.0,0,0.0,0.0718358875954903,0.0
MF,c3,276,0.17250000000000001,2.0640283072860083e-13,0.3527721222061701,0.0721141387108225,4096,0,0,1.0,0.0,0.0,0,0.0,0.0721141387108225,0.0
MF,c3,277,0.173125,2.241076300074225e-13,0.352943667557304,0.0723925208100339,4096,0,0,1.0,0.0,0.0,0,0.0,0.0723925208100339,0.0
MF,c3,278,0.17375000000000002,2.434668327410379e-13,0.35310622162101785,0.07267103144909486,4096,0,0,1.0,0.0,0.0,0,0.0,0.07267103144909486,0.0
MF,c3,279,0.174375,2.646443952214979e-13,0.35325995526420495,0.07294966819318117,4096,0,0,1.0,0.0,0.0,0,0.0,0.07294966819318117,0.0
MF,c3,280,0.17500000000000002,2.8782076296310787e-13,0.35340504083202645,0.07322842861658527,4096,0,0,1.0,0.0,0.0,0,0.0,0.07322842861658527,0.0
MF,c3,281,0.175625,3.131944912244376e-13,0.3535416520023048,0.07350731030262517,4096,0,0,1.0,0.0,0.0,0,0.0,0.07350731030262517,0.0
MF,c3,282,0.17625,3.409840173417387e-13,0.3536699636419299,0.07378631084355164,4096,0,0,1.0,0.0,0.0,0,0.0,0.07378631084355164,0.0
MF,c3,283,0.176875,3.7142959821735857e-13,0.35379015166538313,0.07406542784045303,4096,0,0,1.0,0.0,0.0,0,0.0,0.07406542784045303,0.0
MF,c3,284,0.1775,4.0479542739367665e-13,0.3539023928954774,0.07434465890315844,4096,0,0,1.0,0.0,0.0,0,0.0,0.07434465890315844,0.0
MF,c3,285,0.178125,4.4137194731098894e-13,0.35400686492640654,0.07462400165013869,4096,0,0,1.0,0.0,0.0,0,0.0,0.07462400165013869,0.0
MF,c3,286,0.17875,4.81478373602046e-13,0.3541037459891942,0.07490345370840545,4096,0,0,1.0,0.0,0.0,0,0.0,0.07490345370840545,0.0
MF,c3,287,0.179375,5.254654496223281e-13,0.3542827168871029,0.0751830127134086,4096,0,0,1.0,0.0,0.0,0,0.0,0.0751830127134086,0.0
MF,c3,288,0.18,5.737184508596873e-13,0.35447862164659466,0.07546267630893153,4096,0,0,1.0,0.0,0.0,0,0.0,0.07546267630893153,0.0
MF,c3,289,0.180625,6.266604604160851e-13,0.3546743023904495,0.07574244214698478,4096,0,0,1.0,0.0,0.0,0,0.0,0.07574244214698478,0.0
MF,c3,290,0.18125,6.847559384145915e-13,0.35486976107328194,0.07602230788769783,4096,0,0,1.0,0.0,0.0,0,0.0,0.07602230788769783,0.0
MF,c3,291,0.181875,7.485146099639798e-13,0.35506499956290266,0.07630227119920927,4096,0,0,1.0,0.0,0.0,0,0.0,0.07630227119920927,0.0
MF,c3,292,0.1825,8.184956982165233e-13,0.35526001964163634,0.07658232975755519,4096,0,0,1.0,0.0,0.0,0,0.0,0.07658232975755519,0.0
MF,c3,293,0.183125,8.953125310973455e-13,0.3554548230072898,0.07686248124655601,4096,0,0,1.0,0.0,0.0,0,0.0,0.07686248124655601,0.0
MF,c3,294,0.18375,9.796375524598363e-13,0.3556494112743425,0.07714272335770173,4096,0,0,1.0,0.0,0.0,0,0.0,0.07714272335770173,0.0
MF,c3,295,0.184375,1.0533122423584511e-12,0.3558437859750777,0.0774230537900356,4096,0,0,1.0,0.0,0.0,0,0.0,0.0774230537900356,0.0
MF,c3,296,0.185,1.1268690104826748e-12,0.3560379485607112,0.07770347025003643,4096,0,0,1.0,0.0,0.0,0,0.0,0.07770347025003643,0.0
MF,c3,297,0.185625,1.2061147376198528e-12,0.35623190040252506,0.07798397045149943,4096,0,0,1.0,0.0,0.0,0,0.0,0.07798397045149943,0.0
MF,c3,298,0.18625,1.2915387001065825e-12,0.35642564279300076,0.07826455211541573,4096,0,0,1.0,0.0,0.0,0,0.0,0.07826455211541573,0.0
MF,c3,299,0.186875,1.3836746731031694e-12,0.35665111722438886,0.07854521296985054,4096,0,0,1.0,0.0,0.0,0,0.0,0.07854521296985054,0.0
MF,c3,300,0.1875,1.4831049625325018e-12,0.35687297814840896,0.07882595074982018,4096,0,0,1.0,0.0,0.0,0,0.0,0.07882595074982018,0.0
MF,c3,301,0.18812500000000001,1.5904647866030846e-12,0.3570911415191775,0.07910676319716797,4096,0,0,1.0,0.0,0.0,0,0.0,0.07910676319716797,0.0
MF,c3,302,0.18875,1.7064470352720177e-12,0.35730567046455475,0.07938764806043876,4096,0,0,1.0,0.0,0.0,0,0.0,0.07938764806043876,0.0
MF,c3,303,0.18937500000000002,1.8318074381236976e-12,0.35751662850365185,0.0796686030947528,4096,0,0,1.0,0.0,0.0,0,0.0,0.0796686030947528,0.0
MF,c3,304,0.19,1.9673701734039268e-12,0.35772407949688984,0.07994962606167826,4096,0,0,1.0,0.0,0.0,0,0.0,0.07994962606167826,0.0
MF,c3,305,0.19062500000000002,2.1140339533655615e-12,0.3579280875971723,0.08023071472910302,4096,0,0,1.0,0.0,0.0,0,0.0,0.08023071472910302,0.0
MF,c3,306,0.19125,2.27277862366e-12,0.35812871720217976,0.08051186687110556,4096,0,0,1.0,0.0,0.0,0,0.0,0.08051186687110556,0.0
MF,c3,307,0.19187500000000002,2.4446723172581917e-12,0.35832603290779674,0.08079308026782499,4096,0,0,1.0,0.0,0.0,0,0.0,0.08079308026782499,0.0
MF,c3,308,0.1925,2.6308792063155972e-12,0.35852009946267654,0.08107435270533025,4096,0,0,1.0,0.0,0.0,0,0.0,0.08107435270533025,0.0
MF,c3,309,0.193125,2.832667898518133e-12,0.3587331599242198,0.0813556819754888,4096,0,0,1.0,0.0,0.0,0,0.0,0.0813556819754888,0.0
MF,c3,310,0.19375,3.0514205277717197e-12,0.3590462871855255,0.08163706587583444,4096,0,0,1.0,0.0,0.0,0,0.0,0.08163706587583444,0.0
MF,c3,311,0.194375,3.288642592639397e-12,0.35934845802184917,0.08191850220943464,4096,0,0,1.0,0.0,0.0,0,0.0,0.08191850220943464,0.0
MF,c3,312,0.195,3.545973599690039e-12,0.35963982268352085,0.08219998878475729,4096,0,0,1.0,0.0,0.0,0,0.0,0.08219998878475729,0.0
MF,c3,313,0.195625,3.825198572945723e-12,0.3599205336443635,0.08248152341553688,4096,0,0,1.0,0.0,0.0,0,0.0,0.08248152341553688,0.0
MF,c3,314,0.19625,4.1282604948527744e-12,0.36019074547398644,0.0827631039206404,4096,0,0,1.0,0.0,0.0,0,0.0,0.0827631039206404,0.0
MF,c3,315,0.196875,4.457273748743166e-12,0.36045061471080997,0.0830447281239325,4096,0,0,1.0,0.0,0.0,0,0.0,0.0830447281239325,0.0
MF,c3,316,0.1975,4.8145386375546244e-12,0.36070029973597556,0.08332639385414056,4096,0,0,1.0,0.0,0.0,0,0.0,0.08332639385414056,0.0
MF,c3,317,0.198125,5.202557058683124e-12,0.36093996064824213,0.08360809894471921,4096,0,0,1.0,0.0,0.0,0,0.0,0.08360809894471921,0.0
MF,c3,318,0.19875,5.6240494202585415e-12,0.36116975913996835,0.08388984123371476,4096,0,0,1.0,0.0,0.0,0,0.0,0.08388984123371476,0.0
MF,c3,319,0.199375,6.0819728898807456e-12,0.36138985837427684,0.08417161856362915,4096,0,0,1.0,0.0,0.0,0,0.0,0.08417161856362915,0.0
MF,c3,320,0.2,6.579541072946572e-12,0.36160042286349553,0.08445342878128373,4096,0,0,1.0,0.0,0.0,0,0.0,0.08445342878128373,0.0
MF,c3,321,0.200625,7.120245224156287e-12,0.361801618348963,0.084735269737683,4096,0,0,1.0,0.0,0.0,0,0.0,0.084735269737683,0.0
MF,c3,322,0.20125,7.707877102630093e-12,0.3619936116822886,0.08501713928787794,4096,0,0,1.0,0.0,0.0,0,0.0,0.08501713928787794,0.0
MF,c3,323,0.201875,8.346553588310657e-12,0.3621765707081482,0.08529903529082929,4096,0,0,1.0,0.0,0.0,0,0.0,0.08529903529082929,0.0
MF,c3,324,0.2025,8.871594370108284e-12,0.36235066414869643,0.0855809556092709,4096,0,0,1.0,0.0,0.0,0,0.0,0.0855809556092709,0.0
MF,c3,325,0.203125,9.411059698492191e-12,0.36251606148967336,0.08586289810957269,4096,0,0,1.0,0.0,0.0,0,0.0,0.08586289810957269,0.0
MF,c3,326,0.20375000000000001,9.987722377951722e-12,0.3626729328682766,0.08614486066160382,4096,0,0,1.0,0.0,0.0,0,0.0,0.08614486066160382,0.0
MF,c3,327,0.204375,1.0604483284373205e-11,0.3628214489628702,0.0864268411385957,4096,0,0,1.0,0.0,0.0,0,0.0,0.0864268411385957,0.0
MF,c3,328,0.20500000000000002,1.1264482061753179e-11,0.3629617808845946,0.08670883741700505,4096,0,0,1.0,0.0,0.0,0,0.0,0.08670883741700505,0.0
MF,c3,329,0.205625,1.1971116472110266e-11,0.36309410007094156,0.086990847376377,4096,0,0,1.0,0.0,0.0,0,0.0,0.086990847376377,0.0
MF,c3,330,0.20625000000000002,1.2728063227489471e-11,0.36321857818134956,0.08727286889920817,4096,0,0,1.0,0.0,0.0,0,0.0,0.08727286889920817,0.0
MF,c3,331,0.206875,1.3539300409077864e-11,0.36333538699487794,0.08755489987080997,4096,0,0,1.0,0.0,0.0,0,0.0,0.08755489987080997,0.0
MF,c3,332,0.20750000000000002,1.4409131585227968e-11,0.3634446983100069,0.08783693817917185,4096,0,0,1.0,0.0,0.0,0,0.0,0.08783693817917185,0.0
MF,c3,333,0.208125,1.5342211747352842e-11,0.3635466838466127,0.08811898171482481,4096,0,0,1.0,0.0,0.0,0,0.0,0.08811898171482481,0.0
MF,c3,334,0.20875,1.634357519023451e-11,0.3636415151501615,0.08840102837070496,4096,0,0,1.0,0.0,0.0,0,0.0,0.08840102837070496,0.0
MF,c3,335,0.209375,1.7418665471295135e-11,0.3637293634981593,0.08868307604201739,4096,0,0,1.0,0.0,0.0,0,0.0,0.08868307604201739,0.0
MF,c3,336,0.21,1.8573367591839106e-11,0.3638103998088959,0.08896512262610011,4096,0,0,1.0,0.0,0.0,0,0.0,0.08896512262610011,0.0
MF,c3,337,0.210625,1.981404255220579e-11,0.3638847945525134,0.08924716602228834,4096,0,0,1.0,0.0,0.0,0,0.0,0.08924716602228834,0.0
MF,c3,338,0.21125,2.1147564442199852e-11,0.36401000661251415,0.08952920413177902,4096,0,0,1.0,0.0,0.0,0,0.0,0.08952920413177902,0.0
MF,c3,339,0.211875,2.2581360238112034e-11,0.36419546697484206,0.08981123485749554,4096,0,0,1.0,0.0,0.0,0,0.0,0.08981123485749554,0.0
MF,c3,340,0.2125,2.4123452488132652e-11,0.36438071738505157,0.09009325610395301,4096,0,0,1.0,0.0,0.0,0,0.0,0.09009325610395301,0.0
MF,c3,341,0.213125,2.5782505079017923e-11,0.36456575694244014,0.09037526577712365,4096,0,0,1.0,0.0,0.0,0,0.0,0.09037526577712365,0.0
MF,c3,342,0.21375,2.7567872288521778e-11,0.3647505847245706,0.09065726178430268,4096,0,0,1.0,0.0,0.0,0,0.0,0.09065726178430268,0.0
MF,c3,343,0.214375,2.948965134038007e-11,0.36501245967654505,0.09093924203397458,4096,0,0,1.0,0.0,0.0,0,0.0,0.09093924203397458,0.0
MF,c3,344,0.215,3.155873869155819e-11,0.36527913258923017,0.09122120443567981,4096,0,0,1.0,0.0,0.0,0,0.0,0.09122120443567981,0.0
MF,c3,345,0.215625,3.378689029507591e-11,0.36554018921372783,0.09150314689988216,4096,0,0,1.0,0.0,0.0,0,0.0,0.09150314689988216,0.0
MF,c3,346,0.21625,3.6186786096034525e-11,0.36579571836753927,0.09178506733783626,4096,0,0,1.0,0.0,0.0,0,0.0,0.09178506733783626,0.0
MF,c3,347,0.216875,3.8772099033523e-11,0.36604580923495444,0.09206696366145596,4096,0,0,1.0,0.0,0.0,0,0.0,0.09206696366145596,0.0
MF,c3,348,0.2175,4.15575688369019e-11,0.36629055131369975,0.09234883378318322,4096,0,0,1.0,0.0,0.0,0,0.0,0.09234883378318322,0.0
MF,c3,349,0.218125,4.4559080921591497e-11,0.3665300343626346,0.09263067561585744,4096,0,0,1.0,0.0,0.0,0,0.0,0.09263067561585744,0.0
MF,c3,350,0.21875,4.7793750706956305e-11,0.3667643483505164,0.09291248707258569,4096,0,0,1.0,0.0,0.0,0,0.0,0.09291248707258569,0.0
MF,c3,351,0.21937500000000001,5.1280013697230646e-11,0.36699358340579885,0.0931942660666134,4096,0,0,1.0,0.0,0.0,0,0.0,0.0931942660666134,0.0
MF,c3,352,0.22,5.445205154467559e-11,0.36721782976769385,0.09347601051119593,4096,0,0,1.0,0.0,0.0,0,0.0,0.09347601051119593,0.0
MF,c3,353,0.22062500000000002,5.733769911990511e-11,0.36743717773806955,0.09375771831947087,4096,0,0,1.0,0.0,0.0,0,0.0,0.09375771831947087,0.0
MF,c3,354,0.22125,6.040167396697982e-11,0.3676517176346301,0.09403938740433093,4096,0,0,1.0,0.0,0.0,0,0.0,0.09403938740433093,0.0
MF,c3,355,0.22187500000000002,6.365669279057086e-11,0.3678615397451642,0.09432101567829795,4096,0,0,1.0,0.0,0.0,0,0.0,0.09432101567829795,0.0
MF,c3,356,0.2225,6.71164274129298e-11,0.3680667342829148,0.09460260105339757,4096,0,0,1.0,0.0,0.0,0,0.0,0.09460260105339757,0.0
MF,c3,357,0.22312500000000002,7.079557456880762e-11,0.36826739134307224,0.09488414144103478,4096,0,0,1.0,0.0,0.0,0,0.0,0.09488414144103478,0.0
MF,c3,358,0.22375,7.470993046385264e-11,0.3684636008603954,0.09516563475187051,4096,0,0,1.0,0.0,0.0,0,0.0,0.09516563475187051,0.0
MF,c3,359,0.224375,7.887647039397785e-11,0.3686554525679625,0.09544707889569898,4096,0,0,1.0,0.0,0.0,0,0.0,0.09544707889569898,0.0
MF,c3,360,0.225,8.331343373989127e-11,0.36884303595705487,0.09572847178132632,4096,0,0,1.0,0.0,0.0,0,0.0,0.09572847178132632,0.0
MF,c3,361,0.225625,8.804041466850585e-11,0.3690264402381714,0.0960098113164499,4096,0,0,1.0,0.0,0.0,0,0.0,0.0960098113164499,0.0
MF,c3,362,0.22625,9.307845889132298e-11,0.3692057543031746,0.09629109540753884,4096,0,0,1.0,0.0,0.0,0,0.0,0.09629109540753884,0.0
MF,c3,363,0.226875,9.845016684914876e-11,0.3693810666885657,0.09657232195971566,4096,0,0,1.0,0.0,0.0,0,0.0,0.09657232195971566,0.0
MF,c3,364,0.2275,1.0417980371269092e-10,0.36955246553988663,0.09685348887663883,4096,0,0,1.0,0.0,0.0,0,0.0,0.09685348887663883,0.0
MF,c3,365,0.228125,1.1029341660973269e-10,0.3697200385772445,0.09713459406038676,4096,0,0,1.0,0.0,0.0,0,0.0,0.09713459406038676,0.0
MF,c3,366,0.22875,1.1681895951172582e-10,0.3698838730619546,0.09741563541134254,4096,0,0,1.0,0.0,0.0,0,0.0,0.09741563541134254,0.0
MF,c3,367,0.229375,1.2378642623582608e-10,0.37004405576429555,0.09769661082808026,4096,0,0,1.0,0.0,0.0,0,0.0,0.09769661082808026,0.0
MF,c3,368,0.23,1.3122799204265047e-10,0.370200672932371,0.0979775182072523,4096,0,0,1.0,0.0,0.0,0,0.0,0.0979775182072523,0.0
MF,c3,369,0.230625,1.3917816433540696e-10,0.37035381026207115,0.09825835544347786,4096,0,0,1.0,0.0,0.0,0,0.0,0.09825835544347786,0.0
MF,c3,370,0.23125,1.4767394299257505e-10,0.37050355286812386,0.09853912042923288,4096,0,0,1.0,0.0,0.0,0,0.0,0.09853912042923288,0.0
MF,c3,371,0.231875,1.5675499089404232e-10,0.37064998525622966,0.09881981105474122,4096,0,0,1.0,0.0,0.0,0,0.0,0.09881981105474122,0.0
MF,c3,372,0.2325,1.6646381522957203e-10,0.3707931912962691,0.09910042520786697,4096,0,0,1.0,0.0,0.0,0,0.0,0.09910042520786697,0.0
MF,c3,373,0.233125,1.7684596020873095e-10,0.3709332541965729,0.09938096077400829,4096,0,0,1.0,0.0,0.0,0,0.0,0.09938096077400829,0.0
MF,c3,374,0.23375,1.8795021182299627e-10,0.3710702564792443,0.09966141563599269,4096,0,0,1.0,0.0,0.0,0,0.0,0.09966141563599269,0.0
MF,c3,375,0.234375,1.998288153437264e-10,0.3712042799565221,0.09994178767397333,4096,0,0,1.0,0.0,0.0,0,0.0,0.09994178767397333,0.0
MF,c3,376,0.23500000000000001,2.1253770627407167e-10,0.37133540570817264,0.10022207476532705,4096,0,0,1.0,0.0,0.0,0,0.0,0.10022207476532705,0.0
MF,c3,377,0.235625,2.2613675550876866e-10,0.3714756806449747,0.10050227478455379,4096,0,0,1.0,0.0,0.0,0,0.0,0.10050227478455379,0.0
MF,c3,378,0.23625000000000002,2.406900294931507e-10,0.37177322328553764,0.10078238560317739,4096,0,0,1.0,0.0,0.0,0,0.0,0.10078238560317739,0.0
MF,c3,379,0.236875,2.5626606621166996e-10,0.3720633862655929,0.10106240508964777,4096,0,0,1.0,0.0,0.0,0,0.0,0.10106240508964777,0.0
MF,c3,380,0.23750000000000002,2.6930165420310296e-10,0.3723462810896382,0.1013423311092449,4096,0,0,1.0,0.0,0.0,0,0.0,0.1013423311092449,0.0
MF,c3,381,0.238125,2.818759590221714e-10,0.3726220197301693,0.10162216152398403,4096,0,0,1.0,0.0,0.0,0,0.0,0.10162216152398403,0.0
MF,c3,382,0.23875000000000002,2.9515680573939077e-10,0.3728907145672054,0.10190189419252262,4096,0,0,1.0,0.0,0.0,0,0.0,0.10190189419252262,0.0
MF,c3,383,0.239375,3.0919077665709814e-10,0.3731524783289961,0.10218152697006874,4096,0,0,1.0,0.0,0.0,0,0.0,0.10218152697006874,0.0
MF,c3,384,0.24,3.2402766347538103e-10,0.3734074240335628,0.10246105770829117,4096,0,0,1.0,0.0,0.0,0,0.0,0.10246105770829117,0.0
MF,c3,385,0.240625,3.3972067937820613e-10,0.37365566493128516,0.10274048425523108,4096,0,0,1.0,0.0,0.0,0,0.0,0.10274048425523108,0.0
MF,c3,386,0.24125,3.563266840513711e-10,0.37389731444851476,0.10301980445521529,4096,0,0,1.0,0.0,0.0,0,0.0,0.10301980445521529,0.0
MF,c3,387,0.241875,3.73906422345683e-10,0.37413248613223876,0.10329901614877135,4096,0,0,1.0,0.0,0.0,0,0.0,0.10329901614877135,0.0
MF,c3,388,0.2425,3.9252477733361545e-10,0.3743612935958095,0.10357811717254417,4096,0,0,1.0,0.0,0.0,0,0.0,0.10357811717254417,0.0
MF,c3,389,0.243125,4.1225103854399677e-10,0.37458385046576037,0.10385710535921452,4096,0,0,1.0,0.0,0.0,0,0.0,0.10385710535921452,0.0
MF,c3,390,0.24375,4.331591861970764e-10,0.3748002703297213,0.10413597853741903,4096,0,0,1.0,0.0,0.0,0,0.0,0.10413597853741903,0.0
MF,c3,391,0.244375,4.5532819230165634e-10,0.37501066668545135,0.10441473453167219,4096,0,0,1.0,0.0,0.0,0,0.0,0.10441473453167219,0.0
MF,c3,392,0.245,4.788423395169041e-10,0.3752151528909987,0.10469337116229012,4096,0,0,1.0,0.0,0.0,0,0.0,0.10469337116229012,0.0
MF,c3,393,0.245625,5.037915587240385e-10,0.37541384211600226,0.10497188624531592,4096,0,0,1.0,0.0,0.0,0,0.0,0.10497188624531592,0.0
MF,c3,394,0.24625,5.302717862973402e-10,0.37560684729414295,0.10525027759244718,4096,0,0,1.0,0.0,0.0,0,0.0,0.10525027759244718,0.0
MF,c3,395,0.246875,5.583853421099488e-10,0.3757942810767576,0.10552854301096504,4096,0,0,1.0,0.0,0.0,0,0.0,0.10552854301096504,0.0
MF,c3,396,0.2475,5.882413293577057e-10,0.375976255787619,0.10580668030366538,4096,0,0,1.0,0.0,0.0,0,0.0,0.10580668030366538,0.0
MF,c3,397,0.248125,6.199560573339476e-10,0.3761528833788913,0.10608468726879172,4096,0,0,1.0,0.0,0.0,0,0.0,0.10608468726879172,0.0
MF,c3,398,0.24875,6.536534883397039e-10,0.37632427538826535,0.10636256169997017,4096,0,0,1.0,0.0,0.0,0,0.0,0.10636256169997017,0.0
MF,c3,399,0.249375,6.894657099672424e-10,0.37649054289727885,0.10664030138614614,4096,0,0,1.0,0.0,0.0,0,0.0,0.10664030138614614,0.0
MF,c3,400,0.25,7.275334340504173e-10,0.3766517964908216,0.10691790411152333,4096,0,0,1.0,0.0,0.0,0,0.0,0.10691790411152333,0.0
MF,c3,401,0.250625,7.680065236328319e-10,0.37680814621783154,0.10719536765550432,4096,0,0,1.0,0.0,0.0,0,0.0,0.10719536765550432,0.0
MF,c3,402,0.25125000000000003,8.110445493645152e-10,0.3769597015531785,0.1074726897926334,4096,0,0,1.0,0.0,0.0,0,0.0,0.1074726897926334,0.0
MF,c3,403,0.251875,8.568173767996578e-10,0.37710657136073666,0.10774986829254132,4096,0,0,1.0,0.0,0.0,0,0.0,0.10774986829254132,0.0
MF,c3,404,0.2525,9.055057861320348e-10,0.3772488638576437,0.1080269009198922,4096,0,0,1.0,0.0,0.0,0,0.0,0.1080269009198922,0.0
MF,c3,405,0.253125,9.573021259711051e-10,0.3773866865797441,0.10830378543433217,4096,0,0,1.0,0.0,0.0,0,0.0,0.10830378543433217,0.0
MF,c3,406,0.25375000000000003,1.0124110028304823e-09,0.37752014634821346,0.10858051959044056,4096,0,0,1.0,0.0,0.0,0,0.0,0.10858051959044056,0.0
MF,c3,407,0.254375,1.0630318406111117e-09,0.37764934923735605,0.10885710113768268,4096,0,0,1.0,0.0,0.0,0,0.0,0.10885710113768268,0.0
MF,c3,408,0.255,1.1068485309480956e-09,0.37777440054357464,0.10913352782036505,4096,0,0,1.0,0.0,0.0,0,0.0,0.10913352782036505,0.0
MF,c3,409,0.255625,1.1529129396931774e-09,0.37789540475550154,0.1094097973775926,4096,0,0,1.0,0.0,0.0,0,0.0,0.1094097973775926,0.0
MF,c3,410,0.25625,1.2013629132017393e-09,0.3780124655252855,0.10968590754322796,4096,0,0,1.0,0.0,0.0,0,0.0,0.10968590754322796,0.0
MF,c3,411,0.256875,1.2523450647624378e-09,0.3781256856410264,0.109961856045853,4096,0,0,1.0,0.0,0.0,0,0.0,0.109961856045853,0.0
MF,c3,412,0.2575,1.3060153021819285e-09,0.3782351670003465,0.11023764060873249,4096,0,0,1.0,0.0,0.0,0,0.0,0.11023764060873249,0.0
MF,c3,413,0.258125,1.3625393843326983e-09,0.3783410105850904,0.11051325894977988,4096,0,0,1.0,0.0,0.0,0,0.0,0.11051325894977988,0.0
MF,c3,414,0.25875,1.4220935080862557e-09,0.37844331643714135,0.11078870878152536,4096,0,0,1.0,0.0,0.0,0,0.0,0.11078870878152536,0.0
MF,c3,415,0.259375,1.4848649271146983e-09,0.3785421836353441,0.11106398781108597,4096,0,0,1.0,0.0,0.0,0,0.0,0.11106398781108597,0.0
MF,c3,416,0.26,1.5510526041066136e-09,0.37863771027351983,0.11133909374013817,4096,0,0,1.0,0.0,0.0,0,0.0,0.11133909374013817,0.0
MF,c3,417,0.260625,1.6208678980083656e-09,0.378729993439562,0.11161402426489242,4096,0,0,1.0,0.0,0.0,0,0.0,0.11161402426489242,0.0
MF,c3,418,0.26125,1.6945352879691778e-09,0.37883240832276827,0.11188877707606999,4096,0,0,1.0,0.0,0.0,0,0.0,0.11188877707606999,0.0
MF,c3,419,0.261875,1.772293135738056e-09,0.3790825803120544,0.1121633498588823,4096,0,0,1.0,0.0,0.0,0,0.0,0.1121633498588823,0.0
MF,c3,420,0.2625,1.854394488332579e-09,0.37932560931563253,0.1124377402930121,4096,0,0,1.0,0.0,0.0,0,0.0,0.1124377402930121,0.0
MF,c3,421,0.263125,1.941107922873976e-09,0.3795616175014878,0.11271194605259743,4096,0,0,1.0,0.0,0.0,0,0.0,0.11271194605259743,0.0
MF,c3,422,0.26375,2.032718435559733e-09,0.3797907269956684,0.11298596480621734,4096,0,0,1.0,0.0,0.0,0,0.0,0.11298596480621734,0.0
MF,c3,423,0.264375,2.1295283768243176e-09,0.3800130598308058,0.11325979421688041,4096,0,0,1.0,0.0,0.0,0,0.0,0.11325979421688041,0.0
MF,c3,424,0.265,2.2318584348200795e-09,0.38022873789573647,0.11353343194201518,4096,0,0,1.0,0.0,0.0,0,0.0,0.11353343194201518,0.0
MF,c3,425,0.265625,2.3400486694373886e-09,0.38043788288608604,0.11380687563346316,4096,0,0,1.0,0.0,0.0,0,0.0,0.11380687563346316,0.0
MF,c3,426,0.26625,2.4544595991640915e-09,0.3806406162561378,0.11408012293747408,4096,0,0,1.0,0.0,0.0,0,0.0,0.11408012293747408,0.0
MF,c3,427,0.26687500000000003,2.5754733431823164e-09,0.38083705917169064,0.11435317149470356,4096,0,0,1.0,0.0,0.0,0,0.0,0.11435317149470356,0.0
MF,c3,428,0.2675,2.7034948211873418e-09,0.3810273324640724,0.11462601894021297,4096,0,0,1.0,0.0,0.0,0,0.0,0.11462601894021297,0.0
MF,c3,429,0.268125,2.8389530135110504e-09,0.38121155658528494,0.11489866290347182,4096,0,0,1.0,0.0,0.0,0,0.0,0.11489866290347182,0.0
MF,c3,430,0.26875,2.9823022842304438e-09,0.38138985156429334,0.1151711010083626,4096,0,0,1.0,0.0,0.0,0,0.0,0.1151711010083626,0.0
MF,c3,431,0.26937500000000003,3.1340237700429215e-09,0.38156233696446284,0.11544333087318767,4096,0,0,1.0,0.0,0.0,0,0.0,0.11544333087318767,0.0
MF,c3,432,0.27,3.2946268377942466e-09,0.3817291318421522,0.11571535011067893,4096,0,0,1.0,0.0,0.0,0,0.0,0.11571535011067893,0.0
MF,c3,433,0.270625,3.4646506136523317e-09,0.38189035470646665,0.11598715632800974,4096,0,0,1.0,0.0,0.0,0,0.0,0.11598715632800974,0.0
MF,c3,434,0.27125,3.6111770496483215e-09,0.3820461234801749,0.11625874712680898,4096,0,0,1.0,0.0,0.0,0,0.0,0.11625874712680898,0.0
MF,c3,435,0.27187500000000003,3.7439103800086095e-09,0.3821965554617911,0.11653012010317818,4096,0,0,1.0,0.0,0.0,0,0.0,0.11653012010317818,0.0
MF,c3,436,0.2725,3.882935509363897e-09,0.3823417672888253,0.11680127284771036,4096,0,0,1.0,0.0,0.0,0,0.0,0.11680127284771036,0.0
MF,c3,437,0.273125,4.028614009693931e-09,0.382481874902199,0.1170722029455118,4096,0,0,1.0,0.0,0.0,0,0.0,0.1170722029455118,0.0
MF,c3,438,0.27375,4.181328738923676e-09,0.3826169935118286,0.1173429079762259,4096,0,0,1.0,0.0,0.0,0,0.0,0.1173429079762259,0.0
MF,c3,439,0.274375,4.3414850096256035e-09,0.3827472375633704,0.11761338551405989,4096,0,0,1.0,0.0,0.0,0,0.0,0.11761338551405989,0.0
MF,c3,440,0.275,4.509511815602647e-09,0.3828727207061278,0.11788363312781355,4096,0,0,1.0,0.0,0.0,0,0.0,0.11788363312781355,0.0
MF,c3,441,0.275625,4.68586311888465e-09,0.38299355576211347,0.11815364838091058,4096,0,0,1.0,0.0,0.0,0,0.0,0.11815364838091058,0.0
MF,c3,442,0.27625,4.871019199765458e-09,0.38310985469626224,0.11842342883143255,4096,0,0,1.0,0.0,0.0,0,0.0,0.11842342883143255,0.0
MF,c3,443,0.276875,5.065488072605069e-09,0.3832217285877894,0.11869297203215501,4096,0,0,1.0,0.0,0.0,0,0.0,0.11869297203215501,0.0
MF,c3,444,0.2775,5.2698069702211546e-09,0.3833292876026865,0.11896227553058637,4096,0,0,1.0,0.0,0.0,0,0.0,0.11896227553058637,0.0
MF,c3,445,0.278125,5.484543899797086e-09,0.3834326409673448,0.11923133686900902,4096,0,0,1.0,0.0,0.0,0,0.0,0.11923133686900902,0.0
MF,c3,446,0.27875,5.710299273339314e-09,0.3835318969433025,0.11950015358452296,4096,0,0,1.0,0.0,0.0,0,0.0,0.11950015358452296,0.0
MF,c3,447,0.279375,5.947707615825479e-09,0.3836271628031002,0.11976872320909193,4096,0,0,1.0,0.0,0.0,0,0.0,0.11976872320909193,0.0
MF,c3,448,0.28,6.1974393542951885e-09,0.38377625362106776,0.12003704326959205,4096,0,0,1.0,0.0,0.0,0,0.0,0.12003704326959205,0.0
MF,c3,449,0.280625,6.460202691256376e-09,0.38396442665436187,0.12030511128786286,4096,0,0,1.0,0.0,0.0,0,0.0,0.12030511128786286,0.0
MF,c3,450,0.28125,6.736745565881826e-09,0.38414982753504695,0.12057292478076068,4096,0,0,1.0,0.0,0.0,0,0.0,0.12057292478076068,0.0
MF,c3,451,0.281875,7.027857706612165e-09,0.3843325164709632,0.12084048126021471,4096,0,0,1.0,0.0,0.0,0,0.0,0.12084048126021471,0.0
MF,c3,452,0.28250000000000003,7.334372778889859e-09,0.3845125531140734,0.12110777823328549,4096,0,0,1.0,0.0,0.0,0,0.0,0.12110777823328549,0.0
MF,c3,453,0.283125,7.657170631881865e-09,0.3847380496401087,0.12137481320222568,4096,0,0,1.0,0.0,0.0,0,0.0,0.12137481320222568,0.0
MF,c3,454,0.28375,7.997179648177708e-09,0.38498971798009773,0.12164158366454353,4096,0,0,1.0,0.0,0.0,0,0.0,0.12164158366454353,0.0
MF,c3,455,0.284375,8.355379200583125e-09,0.38523619537846227,0.1219080871130686,4096,0,0,1.0,0.0,0.0,0,0.0,0.1219080871130686,0.0
MF,c3,456,0.28500000000000003,8.732802220266009e-09,0.38547757155353624,0.12217432103602002,4096,0,0,1.0,0.0,0.0,0,0.0,0.12217432103602002,0.0
MF,c3,457,0.285625,9.130537880651232e-09,0.38571393592712605,0.12244028291707731,4096,0,0,1.0,0.0,0.0,0,0.0,0.12244028291707731,0.0
MF,c3,458,0.28625,9.549734401604149e-09,0.38594537759582015,0.12270597023545342,4096,0,0,1.0,0.0,0.0,0,0.0,0.12270597023545342,0.0
MF,c3,459,0.286875,9.991601978588958e-09,0.3861719853030544,0.12297138046597036,4096,0,0,1.0,0.0,0.0,0,0.0,0.12297138046597036,0.0
MF,c3,460,0.28750000000000003,1.0432798776756083e-08,0.3863938474119342,0.12323651107913736,4096,0,0,1.0,0.0,0.0,0,0.0,0.12323651107913736,0.0
MF,c3,461,0.288125,1.0774413210900221e-08,0.38661105187881256,0.12350135954123119,4096,0,0,1.0,0.0,0.0,0,0.0,0.12350135954123119,0.0
MF,c3,462,0.28875,1.1131004594502823e-08,0.38682368622762764,0.12376592331437919,4096,0,0,1.0,0.0,0.0,0,0.0,0.12376592331437919,0.0
MF,c3,463,0.289375,1.1503383069096989e-08,0.387031837524997,0.12403019985664458,4096,0,0,1.0,0.0,0.0,0,0.0,0.12403019985664458,0.0
MF,c3,464,0.29,1.1892403181510345e-08,0.3872355923560694,0.12429418662211421,4096,0,0,1.0,0.0,0.0,0,0.0,0.12429418662211421,0.0
MF,c3,465,0.290625,1.22989661234104e-08,0.38743503680113067,0.12455788106098875,4096,0,0,1.0,0.0,0.0,0,0.0,0.12455788106098875,0.0
MF,c3,466,0.29125,1.2724022071646435e-08,0.3876302564129631,0.12482128061967529,4096,0,0,1.0,0.0,0.0,0,0.0,0.12482128061967529,0.0
MF,c3,467,0.291875,1.3168572633342615e-08,0.3878213361949833,0.12508438274088235,4096,0,0,1.0,0.0,0.0,0,0.0,0.12508438274088235,0.0
MF,c3,468,0.2925,1.363367339984093e-08,0.3880083605800213,0.1253471848637171,4096,0,0,1.0,0.0,0.0,0,0.0,0.1253471848637171,0.0
MF,c3,469,0.293125,1.4120436613688025e-08,0.3881914134100013,0.1256096844237854,4096,0,0,1.0,0.0,0.0,0,0.0,0.1256096844237854,0.0
MF,c3,470,0.29375,1.463003395304356e-08,0.38837057791625784,0.1258718788532937,4096,0,0,1.0,0.0,0.0,0,0.0,0.1258718788532937,0.0
MF,c3,471,0.294375,1.5163699437990155e-08,0.38854593670061405,0.12613376558115375,4096,0,0,1.0,0.0,0.0,0,0.0,0.12613376558115375,0.0
MF,c3,472,0.295,1.572273246338049e-08,0.3887175717171887,0.12639534203308922,4096,0,0,1.0,0.0,0.0,0,0.0,0.12639534203308922,0.0
MF,c3,473,0.295625,1.6308500962999527e-08,0.3888855642549309,0.12665660563174527,4096,0,0,1.0,0.0,0.0,0,0.0,0.12665660563174527,0.0
MF,c3,474,0.29625,1.692244470996734e-08,0.3890499949208706,0.1269175537967998,4096,0,0,1.0,0.0,0.0,0,0.0,0.1269175537967998,0.0
MF,c3,475,0.296875,1.7566078758459064e-08,0.38921094362408387,0.1271781839450775,4096,0,0,1.0,0.0,0.0,0,0.0,0.1271781839450775,0.0
MF,c3,476,0.2975,1.8240997031972403e-08,0.38936848956036363,0.127438493490666,4096,0,0,1.0,0.0,0.0,0,0.0,0.127438493490666,0.0
MF,c3,477,0.29812500000000003,1.8948876063530396e-08,0.3895227111975882,0.1276984798450344,4096,0,0,1.0,0.0,0.0,0,0.0,0.1276984798450344,0.0
MF,c3,478,0.29875,1.969147889336761e-08,0.38967368626178245,0.1279581404171542,4096,0,0,1.0,0.0,0.0,0,0.0,0.1279581404171542,0.0
MF,c3,479,0.299375,2.047065912981136e-08,0.38982149172386193,0.12821747261362207,4096,0,0,1.0,0.0,0.0,0,0.0,0.12821747261362207,0.0
MF,c3,480,0.3,2.1288365179236545e-08,0.3899662037870517,0.12847647383878558,4096,0,0,1.0,0.0,0.0,0,0.0,0.12847647383878558,0.0
MF,c3,481,0.30062500000000003,2.2146644651142373e-08,0.3901078978749724,0.12873514149487048,4096,0,0,1.0,0.0,0.0,0,0.0,0.12873514149487048,0.0
MF,c3,482,0.30125,2.304764894457267e-08,0.3902466486203854,0.12899347298211084,4096,0,0,1.0,0.0,0.0,0,0.0,0.12899347298211084,0.0
MF,c3,483,0.301875,2.3993638022274756e-08,0.39038252985461086,0.12925146569888082,4096,0,0,1.0,0.0,0.0,0,0.0,0.12925146569888082,0.0
MF,c3,484,0.3025,2.4986985379187205e-08,0.39051561459748463,0.12950911704182924,4096,0,0,1.0,0.0,0.0,0,0.0,0.12950911704182924,0.0
MF,c3,485,0.30312500000000003,2.6030183211990484e-08,0.3906459750480974,0.12976642440601585,4096,0,0,1.0,0.0,0.0,0,0.0,0.12976642440601585,0.0
MF,c3,486,0.30375,2.7102782976213877e-08,0.39077368257605405,0.13002338518505005,4096,0,0,1.0,0.0,0.0,0,0.0,0.13002338518505005,0.0
MF,c3,487,0.304375,2.7899851268612862e-08,0.3908988077133667,0.1302799967712317,4096,0,0,1.0,0.0,0.0,0,0.0,0.1302799967712317,0.0
MF,c3,488,0.305,2.8729545017764104e-08,0.39102142014695,0.13053625655569417,4096,0,0,1.0,0.0,0.0,0,0.0,0.13053625655569417,0.0
MF,c3,489,0.305625,2.959353370454903e-08,0.3911415887117047,0.13079216192854923,4096,0,0,1.0,0.0,0.0,0,0.0,0.13079216192854923,0.0
MF,c3,490,0.30625,3.049357215935628e-08,0.39125938138418265,0.1310477102790345,4096,0,0,1.0,0.0,0.0,0,0.0,0.1310477102790345,0.0
MF,c3,491,0.306875,3.1431504522373603e-08,0.3913748652768183,0.13130289899566253,4096,0,0,1.0,0.0,0.0,0,0.0,0.13130289899566253,0.0
MF,c3,492,0.3075,3.240926836612591e-08,0.39148810663271955,0.13155772546637234,4096,0,0,1.0,0.0,0.0,0,0.0,0.13155772546637234,0.0
MF,c3,493,0.308125,3.342889898597416e-08,0.3915991708210051,0.1318121870786828,4096,0,0,1.0,0.0,0.0,0,0.0,0.1318121870786828,0.0
MF,c3,494,0.30875,3.4492533864451806e-08,0.39170812233267854,0.13206628121984804,4096,0,0,1.0,0.0,0.0,0,0.0,0.13206628121984804,0.0
MF,c3,495,0.309375,3.5602417315479956e-08,0.39181502477702546,0.132320005277015,4096,0,0,1.0,0.0,0.0,0,0.0,0.132320005277015,0.0
MF,c3,496,0.31,3.6760905314670556e-08,0.39191994087852666,0.13257335663738298,4096,0,0,1.0,0.0,0.0,0,0.0,0.13257335663738298,0.0
MF,c3,497,0.310625,3.797047052209726e-08,0.3920775646908993,0.13282633268836502,4096,0,0,1.0,0.0,0.0,0,0.0,0.13282633268836502,0.0
MF,c3,498,0.31125,3.923370750408186e-08,0.39225468124816754,0.13307893081775138,4096,0,0,1.0,0.0,0.0,0,0.0,0.13307893081775138,0.0
MF,c3,499,0.311875,4.055333816075401e-08,0.392427673129369,0.13333114841387494,4096,0,0,1.0,0.0,0.0,0,0.0,0.13333114841387494,0.0
MF,c3,500,0.3125,4.1932217366238075e-08,0.3925966262757381,0.1335829828657784,4096,0,0,1.0,0.0,0.0,0,0.0,0.1335829828657784,0.0
MF,c3,501,0.313125,4.33733388286136e-08,0.3927616259238082,0.1338344315633837,4096,0,0,1.0,0.0,0.0,0,0.0,0.1338344315633837,0.0
MF,c3,502,0.31375000000000003,4.4879841176898504e-08,0.3929227565892203,0.1340854918976628,4096,0,0,1.0,0.0,0.0,0,0.0,0.1340854918976628,0.0
MF,c3,503,0.314375,4.645501428252454e-08,0.3930801020512525,0.13433616126081083,4096,0,0,1.0,0.0,0.0,0,0.0,0.13433616126081083,0.0
MF,c3,504,0.315,4.8102305822959686e-08,0.39323374533806144,0.13458643704642065,4096,0,0,1.0,0.0,0.0,0,0.0,0.13458643704642065,0.0
MF,c3,505,0.315625,4.9825328095325475e-08,0.393383768712629,0.13483631664965967,4096,0,0,1.0,0.0,0.0,0,0.0,0.13483631664965967,0.0
MF,c3,506,0.31625000000000003,5.1627865088052725e-08,0.39353025365940614,0.135085797467448,4096,0,0,1.0,0.0,0.0,0,0.0,0.135085797467448,0.0
MF,c3,507,0.316875,5.3513879818817654e-08,0.39367328087164377,0.13533487689863866,4096,0,0,1.0,0.0,0.0,0,0.0,0.13533487689863866,0.0
MF,c3,508,0.3175,5.548752194720141e-08,0.39381293023940606,0.13558355234419933,4096,0,0,1.0,0.0,0.0,0,0.0,0.13558355234419933,0.0
MF,c3,509,0.318125,5.755313567071907e-08,0.39394928083825076,0.13583182120739604,4096,0,0,1.0,0.0,0.0,0,0.0,0.13583182120739604,0.0
MF,c3,510,0.31875000000000003,5.971526791307021e-08,0.3940824109185739,0.1360796808939783,4096,0,0,1.0,0.0,0.0,0,0.0,0.1360796808939783,0.0
MF,c3,511,0.319375,6.197867681367081e-08,0.3942123978956053,0.13632712881236614,4096,0,0,1.0,0.0,0.0,0,0.0,0.13632712881236614,0.0
MF,c3,512,0.32,6.415933851212797e-08,0.3943393183400652,0.1365741623738385,4096,0,0,1.0,0.0,0.0,0,0.0,0.1365741623738385,0.0
MF,c3,513,0.320625,6.586695310683205e-08,0.39446324796937143,0.1368207789927235,4096,0,0,1.0,0.0,0.0,0,0.0,0.1368207789927235,0.0
MF,c3,514,0.32125,6.764036067797214e-08,0.3945842616395911,0.1370669760865902,4096,0,0,1.0,0.0,0.0,0,0.0,0.1370669760865902,0.0
MF,c3,515,0.321875,6.948275744401801e-08,0.3947024333379209,0.13731275107644172,4096,0,0,1.0,0.0,0.0,0,0.0,0.13731275107644172,0.0
MF,c3,516,0.3225,7.139749222349169e-08,0.39481783617578653,0.13755810138691027,4096,0,0,1.0,0.0,0.0,0,0.0,0.13755810138691027,0.0
MF,c3,517,0.323125,7.338807295926245e-08,0.39493054238253317,0.13780302444645343,4096,0,0,1.0,0.0,0.0,0,0.0,0.13780302444645343,0.0
MF,c3,518,0.32375,7.545817348648529e-08,0.39504062329969214,0.13804751768755175,4096,0,0,1.0,0.0,0.0,0,0.0,0.13804751768755175,0.0
MF,c3,519,0.324375,7.761164055187541e-08,0.3951481493758148,0.13829157854690824,4096,0,0,1.0,0.0,0.0,0,0.0,0.13829157854690824,0.0
MF,c3,520,0.325,7.985250109219787e-08,0.3952531901618621,0.1385352044656489,4096,0,0,1.0,0.0,0.0,0,0.0,0.1385352044656489,0.0
MF,c3,521,0.325625,8.218496978004078e-08,0.39536275143975125,0.13877839288952482,4096,0,0,1.0,0.0,0.0,0,0.0,0.13877839288952482,0.0
MF,c3,522,0.32625,8.461345684513187e-08,0.3955997414519182,0.13902114126911547,4096,0,0,1.0,0.0,0.0,0,0.0,0.13902114126911547,0.0
MF,c3,523,0.326875,8.714257617965234e-08,0.3958325923287334,0.13926344706003346,4096,0,0,1.0,0.0,0.0,0,0.0,0.13926344706003346,0.0
MF,c3,524,0.3275,8.977715373619761e-08,0.39606137651796886,0.13950530772313072,4096,0,0,1.0,0.0,0.0,0,0.0,0.13950530772313072,0.0
MF,c3,525,0.328125,9.252223622723313e-08,0.39628616600585764,0.13974672072470545,4096,0,0,1.0,0.0,0.0,0,0.0,0.13974672072470545,0.0
MF,c3,526,0.32875,9.538310013508229e-08,0.3965070323019454,0.13998768353671104,4096,0,0,1.0,0.0,0.0,0,0.0,0.13998768353671104,0.0
MF,c3,527,0.32937500000000003,9.836526104174958e-08,0.3967240464244278,0.14022819363696531,4096,0,0,1.0,0.0,0.0,0,0.0,0.14022819363696531,0.0
MF,c3,528,0.33,1.0147448328792768e-07,0.39693727888612335,0.14046824850936193,4096,0,0,1.0,0.0,0.0,0,0.0,0.14046824850936193,0.0
MF,c3,529,0.330625,1.0471678997095342e-07,0.3971467996809261,0.1407078456440819,4096,0,0,1.0,0.0,0.0,0,0.0,0.1407078456440819,0.0
MF,c3,530,0.33125,1.0809847329152725e-07,0.39735267827080734,0.14094698253780716,4096,0,0,1.0,0.0,0.0,0,0.0,0.14094698253780716,0.0
MF,c3,531,0.33187500000000003,1.1162610525928308e-07,0.3975549835733513,0.1411856566939344,4096,0,0,1.0,0.0,0.0,0,0.0,0.1411856566939344,0.0
MF,c3,532,0.3325,1.1530654876749535e-07,0.3977537839498149,0.1414238656227906,4096,0,0,1.0,0.0,0.0,0,0.0,0.1414238656227906,0.0
MF,c3,533,0.333125,1.1914696904742162e-07,0.3979491471937117,0.1416616068418491,4096,0,0,1.0,0.0,0.0,0,0.0,0.1416616068418491,0.0
MF,c3,534,0.33375,1.231548455129926e-07,0.39814114051990884,0.14189887787594693,4096,0,0,1.0,0.0,0.0,0,0.0,0.14189887787594693,0.0
MF,c3,535,0.33437500000000003,1.2733798400677605e-07,0.39832983055423843,0.14213567625750279,4096,0,0,1.0,0.0,0.0,0,0.0,0.14213567625750279,0.0
MF,c3,536,0.335,1.317045294583551e-07,0.39851528332361197,0.1423719995267364,4096,0,0,1.0,0.0,0.0,0,0.0,0.1423719995267364,0.0
MF,c3,537,0.335625,1.3626297896647903e-07,0.39869756424663444,0.14260784523188813,4096,0,0,1.0,0.0,0.0,0,0.0,0.14260784523188813,0.0
MF,c3,538,0.33625,1.399981071656603e-07,0.398876738124711,0.14284321092944008,4096,0,0,1.0,0.0,0.0,0,0.0,0.14284321092944008,0.0
MF,c3,539,0.336875,1.4339387832462797e-07,0.3990528691336556,0.14307809418433726,4096,0,0,1.0,0.0,0.0,0,0.0,0.14307809418433726,0.0
MF,c3,540,0.3375,1.4691365551559457e-07,0.39922602081572023,0.14331249257021025,4096,0,0,1.0,0.0,0.0,0,0.0,0.14331249257021025,0.0
MF,c3,541,0.338125,1.505631716644497e-07,0.3993962560721861,0.1435464036695981,4096,0,0,1.0,0.0,0.0,0,0.0,0.1435464036695981,0.0
MF,c3,542,0.33875,1.5434841558005756e-07,0.3995636371563624,0.14377982507417214,4096,0,0,1.0,0.0,0.0,0,0.0,0.14377982507417214,0.0
MF,c3,543,0.339375,1.5827564204940524e-07,0.3997282256670583,0.14401275438496025,4096,0,0,1.0,0.0,0.0,0,0.0,0.14401275438496025,0.0
MF,c3,544,0.34,1.62351382276786e-07,0.39989008254250774,0.144245189212572,4096,0,0,1.0,0.0,0.0,0,0.0,0.144245189212572,0.0
MF,c3,545,0.340625,1.6658245467673288e-07,0.40004926805473806,0.14447712717742417,4096,0,0,1.0,0.0,0.0,0,0.0,0.14447712717742417,0.0
MF,c3,546,0.34125,1.7097597603061765e-07,0.4002058418043769,0.14470856590996695,4096,0,0,1.0,0.0,0.0,0,0.0,0.14470856590996695,0.0
MF,c3,547,0.341875,1.7553937301702753e-07,0.40035986271588725,0.14493950305091036,4096,0,0,1.0,0.0,0.0,0,0.0,0.14493950305091036,0.0
MF,c3,548,0.3425,1.8028039412623612e-07,0.40051138903322564,0.14516993625145164,4096,0,0,1.0,0.0,0.0,0,0.0,0.14516993625145164,0.0
MF,c3,549,0.343125,1.852071219692848e-07,0.4006604783159131,0.14539986317350256,4096,0,0,1.0,0.0,0.0,0,0.0,0.14539986317350256,0.0
MF,c3,550,0.34375,1.903279859923952e-07,0.40080718743551297,0.14562928148991724,4096,0,0,1.0,0.0,0.0,0,0.0,0.14562928148991724,0.0
MF,c3,551,0.344375,1.956517756076359e-07,0.4009515725725072,0.1458581888847207,4096,0,0,1.0,0.0,0.0,0,0.0,0.1458581888847207,0.0
MF,c3,552,0.34500000000000003,2.011876537509561e-07,0.401093689213575,0.14608658305333708,4096,0,0,1.0,0.0,0.0,0,0.0,0.14608658305333708,0.0
MF,c3,553,0.345625,2.0694517087900552e-07,0.4012335921491993,0.14631446170281864,4096,0,0,1.0,0.0,0.0,0,0.0,0.14631446170281864,0.0
MF,c3,554,0.34625,2.129342794161045e-07,0.40137133547172926,0.14654182255207468,4096,0,0,1.0,0.0,0.0,0,0.0,0.14654182255207468,0.0
MF,c3,555,0.346875,2.1916534866328488e-07,0.40150697257375456,0.14676866333210078,4096,0,0,1.0,0.0,0.0,0,0.0,0.14676866333210078,0.0
MF,c3,556,0.34750000000000003,2.2564918018126434e-07,0.40164055614684846,0.14699498178620823,4096,0,0,1.0,0.0,0.0,0,0.0,0.14699498178620823,0.0
MF,c3,557,0.348125,2.3239702365952745e-07,0.40177213818066243,0.14722077567025343,4096,0,0,1.0,0.0,0.0,0,0.0,0.14722077567025343,0.0
MF,c3,558,0.34875,2.3942059328387567e-07,0.40190176996235877,0.14744604275286732,4096,0,0,1.0,0.0,0.0,0,0.0,0.14744604275286732,0.0
MF,c3,559,0.349375,2.467320846150127e-07,0.40202950207637844,0.14767078081568497,4096,0,0,1.0,0.0,0.0,0,0.0,0.14767078081568497,0.0
MF,c3,560,0.35000000000000003,2.543441919909369e-07,0.40215538440453114,0.14789498765357523,4096,0,0,1.0,0.0,0.0,0,0.0,0.14789498765357523,0.0
MF,c3,561,0.350625,2.622701264661176e-07,0.40227946612640286,0.1481186610748697,4096,0,0,1.0,0.0,0.0,0,0.0,0.1481186610748697,0.0
MF,c3,562,0.35125,2.7052363430063213e-07,0.40240179572006973,0.14834179890159277,4096,0,0,1.0,0.0,0.0,0,0.0,0.14834179890159277,0.0
MF,c3,563,0.351875,2.782652166392172e-07,0.4025224209631114,0.14856439896969004,4096,0,0,1.0,0.0,0.0,0,0.0,0.14856439896969004,0.0
MF,c3,564,0.3525,2.843807406225577e-07,0.4026413889339171,0.14878645912925767,4096,0,0,1.0,0.0,0.0,0,0.0,0.14878645912925767,0.0
MF,c3,565,0.353125,2.907071402603169e-07,0.40275874601327244,0.1490079772447711,4096,0,0,1.0,0.0,0.0,0,0.0,0.1490079772447711,0.0
MF,c3,566,0.35375,2.972537271104969e-07,0.40287453788623623,0.14922895119531343,4096,0,0,1.0,0.0,0.0,0,0.0,0.14922895119531343,0.0
MF,c3,567,0.354375,3.0403020364651044e-07,0.4029888095442292,0.14944937887480333,4096,0,0,1.0,0.0,0.0,0,0.0,0.14944937887480333,0.0
MF,c3,568,0.355,3.1104667758288396e-07,0.4031016052874626,0.1496692581922231,4096,0,0,1.0,0.0,0.0,0,0.0,0.1496692581922231,0.0
MF,c3,569,0.355625,3.1831367664956833e-07,0.4032129687275624,0.1498885870718457,4096,0,0,1.0,0.0,0.0,0,0.0,0.1498885870718457,0.0
MF,c3,570,0.35625,3.258421638260538e-07,0.40332294279045205,0.15010736345346173,4096,0,0,1.0,0.0,0.0,0,0.0,0.15010736345346173,0.0
MF,c3,571,0.356875,3.3364355304689687e-07,0.40343156971946675,0.15032558529260565,4096,0,0,1.0,0.0,0.0,0,0.0,0.15032558529260565,0.0
MF,c3,572,0.3575,3.4172972539042706e-07,0.40353889107869756,0.1505432505607816,4096,0,0,1.0,0.0,0.0,0,0.0,0.1505432505607816,0.0
MF,c3,573,0.358125,3.5011304576259015e-07,0.4036449477565526,0.1507603572456886,4096,0,0,1.0,0.0,0.0,0,0.0,0.1507603572456886,0.0
MF,c3,574,0.35875,3.5880638008807985e-07,0.4037610078561495,0.150976903351445,4096,0,0,1.0,0.0,0.0,0,0.0,0.150976903351445,0.0
MF,c3,575,0.359375,3.678231130210998e-07,0.40391414258331815,0.15119288689881238,4096,0,0,1.0,0.0,0.0,0,0.0,0.15119288689881238,0.0
MF,c3,576,0.36,3.771771661882885e-07,0.40406470455848675,0.15140830592541843,4096,0,0,1.0,0.0,0.0,0,0.0,0.15140830592541843,0.0
MF,c3,577,0.36062500000000003,3.8688301697653197e-07,0.40421274821756764,0.1516231584859795,4096,0,0,1.0,0.0,0.0,0,0.0,0.1516231584859795,0.0
MF,c3,578,0.36125,3.969557178785713e-07,0.40435832734940136,0.15183744265252191,4096,0,0,1.0,0.0,0.0,0,0.0,0.15183744265252191,0.0
MF,c3,579,0.361875,4.0741091640948596e-07,0.40450149509428385,0.15205115651460252,4096,0,0,1.0,0.0,0.0,0,0.0,0.15205115651460252,0.0
MF,c3,580,0.3625,4.1826487560745745e-07,0.40464230394278183,0.15226429817952847,4096,0,0,1.0,0.0,0.0,0,0.0,0.15226429817952847,0.0
MF,c3,581,0.36312500000000003,4.2953449513203196e-07,0.4047808057349261,0.15247686577257563,4096,0,0,1.0,0.0,0.0,0,0.0,0.15247686577257563,0.0
MF,c3,582,0.36375,4.4123733297378964e-07,0.40491705165967523,0.15268885743720656,4096,0,0,1.0,0.0,0.0,0,0.0,0.15268885743720656,0.0
MF,c3,583,0.364375,4.5339162778912367e-07,0.4050510922546938,0.15290027133528683,4096,0,0,1.0,0.0,0.0,0,0.0,0.15290027133528683,0.0
MF,c3,584,0.365,4.660163218741636e-07,0.4051829774064251,0.1531111056473005,4096,0,0,1.0,0.0,0.0,0,0.0,0.1531111056473005,0.0
MF,c3,585,0.36562500000000003,4.791310847920323e-07,0.4053127563504524,0.15332135857256454,4096,0,0,1.0,0.0,0.0,0,0.0,0.15332135857256454,0.0
MF,c3,586,0.36625,4.927563376677923e-07,0.405440477672139,0.1535310283294417,4096,0,0,1.0,0.0,0.0,0,0.0,0.1535310283294417,0.0
MF,c3,587,0.366875,5.06913278165612e-07,0.4055661893075427,0.15374011315555253,4096,0,0,1.0,0.0,0.0,0,0.0,0.15374011315555253,0.0
MF,c3,588,0.3675,5.211759170686828e-07,0.4056899385445927,0.1539486113079857,4096,0,0,1.0,0.0,0.0,0,0.0,0.1539486113079857,0.0
MF,c3,589,0.368125,5.316078041657765e-07,0.40588054217410047,0.15415652106350713,4096,0,0,1.0,0.0,0.0,0,0.0,0.15415652106350713,0.0
MF,c3,590,0.36875,5.423810330505664e-07,0.4060947869165316,0.15436384071876785,4096,0,0,1.0,0.0,0.0,0,0.0,0.15436384071876785,0.0
MF,c3,591,0.369375,5.53510031506804e-07,0.4063057952707683,0.15457056859051008,4096,0,0,1.0,0.0,0.0,0,0.0,0.15457056859051008,0.0
MF,c3,592,0.37,5.650097977204295e-07,0.40651362244964084,0.15477670301577207,4096,0,0,1.0,0.0,0.0,0,0.0,0.15477670301577207,0.0
MF,c3,593,0.370625,5.768959197230535e-07,0.40671832319135115,0.15498224235209138,4096,0,0,1.0,0.0,0.0,0,0.0,0.15498224235209138,0.0
MF,c3,594,0.37125,5.891845953948678e-07,0.4069199517535308,0.15518718497770628,4096,0,0,1.0,0.0,0.0,0,0.0,0.15518718497770628,0.0
MF,c3,595,0.371875,6.018926530399695e-07,0.40711856190762485,0.15539152929175576,4096,0,0,1.0,0.0,0.0,0,0.0,0.15539152929175576,0.0
MF,c3,596,0.3725,6.150375725464294e-07,0.4073142069336482,0.15559527371447784,4096,0,0,1.0,0.0,0.0,0,0.0,0.15559527371447784,0.0
MF,c3,597,0.373125,6.286375071447023e-07,0.4075069396152591,0.15579841668740596,4096,0,0,1.0,0.0,0.0,0,0.0,0.15579841668740596,0.0
MF,c3,598,0.37375,6.427113057773207e-07,0.4076968122351665,0.1560009566735637,4096,0,0,1.0,0.0,0.0,0,0.0,0.1560009566735637,0.0
MF,c3,599,0.374375,6.572785360933056e-07,0.4078838765708666,0.1562028921576575,4096,0,0,1.0,0.0,0.0,0,0.0,0.1562028921576575,0.0
MF,c3,600,0.375,6.723595080808447e-07,0.40806818389069616,0.15640422164626783,4096,0,0,1.0,0.0,0.0,0,0.0,0.15640422164626783,0.0
MF,c3,601,0.375625,6.879752983519401e-07,0.4082497849502016,0.15660494366803787,4096,0,0,1.0,0.0,0.0,0,0.0,0.15660494366803787,0.0
MF,c3,602,0.37625000000000003,7.041477750928885e-07,0.4084287299888175,0.15680505677386078,4096,0,0,1.0,0.0,0.0,0,0.0,0.15680505677386078,0.0
MF,c3,603,0.376875,7.208996236946166e-07,0.40860506872684615,0.15700455953706444,4096,0,0,1.0,0.0,0.0,0,0.0,0.15700455953706444,0.0
MF,c3,604,0.3775,7.382543730770357e-07,0.4087788503627365,0.15720345055359433,4096,0,0,1.0,0.0,0.0,0,0.0,0.15720345055359433,0.0
MF,c3,605,0.378125,7.562364227217402e-07,0.4089501235706522,0.15740172844219436,4096,0,0,1.0,0.0,0.0,0,0.0,0.15740172844219436,0.0
MF,c3,606,0.37875000000000003,7.748710704275105e-07,0.4091189364983266,0.15759939184458527,4096,0,0,1.0,0.0,0.0,0,0.0,0.15759939184458527,0.0
MF,c3,607,0.379375,7.941845408032222e-07,0.4092853367651962,0.1577964394256409,4096,0,0,1.0,0.0,0.0,0,0.0,0.1577964394256409,0.0
MF,c3,608,0.38,8.142040145129097e-07,0.4094493714608086,0.15799286987356223,4096,0,0,1.0,0.0,0.0,0,0.0,0.15799286987356223,0.0
MF,c3,609,0.380625,8.34957658287852e-07,0.4096110871434957,0.15818868190004906,4096,0,0,1.0,0.0,0.0,0,0.0,0.15818868190004906,0.0
MF,c3,610,0.38125000000000003,8.564746557206725e-07,0.4097705298393152,0.15838387424046924,4096,0,0,1.0,0.0,0.0,0,0.0,0.15838387424046924,0.0
MF,c3,611,0.381875,8.787852388566507e-07,0.4099277450412287,0.1585784456540255,4096,0,0,1.0,0.0,0.0,0,0.0,0.1585784456540255,0.0
MF,c3,612,0.3825,9.019207205973355e-07,0.410082777708555,0.15877239492391987,4096,0,0,1.0,0.0,0.0,0,0.0,0.15877239492391987,0.0
MF,c3,613,0.383125,9.259135279319843e-07,0.41023567226664975,0.1589657208575154,4096,0,0,1.0,0.0,0.0,0,0.0,0.1589657208575154,0.0
MF,c3,614,0.38375000000000004,9.429308707787675e-07,0.41038647260682715,0.15915842228649568,4096,0,0,1.0,0.0,0.0,0,0.0,0.15915842228649568,0.0
MF,c3,615,0.384375,9.604179748267337e-07,0.41055888454211587,0.15935049806702117,4096,0,0,1.0,0.0,0.0,0,0.0,0.15935049806702117,0.0
MF,c3,616,0.385,9.784551799154745e-07,0.4107415441913563,0.15954194707988356,4096,0,0,1.0,0.0,0.0,0,0.0,0.15954194707988356,0.0
MF,c3,617,0.385625,9.970647113836e-07,0.41092426060155834,0.15973276823065666,4096,0,0,1.0,0.0,0.0,0,0.0,0.15973276823065666,0.0
MF,c3,618,0.38625,1.016269618600839e-06,0.4111070379899031,0.15992296044984522,4096,0,0,1.0,0.0,0.0,0,0.0,0.15992296044984522,0.0
MF,c3,619,0.386875,1.0360938009951912e-06,0.41128988045405446,0.1601125226930305,4096,0,0,1.0,0.0,0.0,0,0.0,0.1601125226930305,0.0
MF,c3,620,0.3875,1.0565620347645486e-06,0.4114727919656565,0.1603014539410132,4096,0,0,1.0,0.0,0.0,0,0.0,0.1603014539410132,0.0
MF,c3,621,0.388125,1.077700000286475e-06,0.4116557763636947,0.16048975319995348,4096,0,0,1.0,0.0,0.0,0,0.0,0.16048975319995348,0.0
MF,c3,622,0.38875,1.0995343102399799e-06,0.41183883734772603,0.160677419501508,4096,0,0,1.0,0.0,0.0,0,0.0,0.160677419501508,0.0
MF,c3,623,0.389375,1.1220925384532294e-06,0.41202197847097805,0.16086445190296383,4096,0,0,1.0,0.0,0.0,0,0.0,0.16086445190296383,0.0
MF,c3,624,0.39,1.1454032494912805e-06,0.4122202910802732,0.16105084948736975,4096,0,0,1.0,0.0,0.0,0,0.0,0.16105084948736975,0.0
MF,c3,625,0.390625,1.1694960289980324e-06,0.412419810440332,0.1612366113636641,4096,0,0,1.0,0.0,0.0,0,0.0,0.1612366113636641,0.0
MF,c3,626,0.39125,1.194401514806702e-06,0.41261977287793006,0.16142173666679968,4096,0,0,1.0,0.0,0.0,0,0.0,0.16142173666679968,0.0
MF,c3,627,0.39187500000000003,1.2201514288332504e-06,0.4128201716677064,0.1616062245578655,4096,0,0,1.0,0.0,0.0,0,0.0,0.1616062245578655,0.0
MF,c3,628,0.3925,1.246778609767285e-06,0.41302099949863563,0.16179007422420522,4096,0,0,1.0,0.0,0.0,0,0.0,0.16179007422420522,0.0
MF,c3,629,0.393125,1.2743170465750668e-06,0.41322224846181593,0.16197328487953266,4096,0,0,1.0,0.0,0.0,0,0.0,0.16197328487953266,0.0
MF,c3,630,0.39375,1.3028019128293073e-06,0.41342391003835594,0.16215585576404357,4096,0,0,1.0,0.0,0.0,0,0.0,0.16215585576404357,0.0
MF,c3,631,0.39437500000000003,1.3322696018807384e-06,0.41362597508733373,0.16233778614452457,4096,0,0,1.0,0.0,0.0,0,0.0,0.16233778614452457,0.0
MF,c3,632,0.395,1.3627577628860079e-06,0.4138284338339083,0.16251907531445847,4096,0,0,1.0,0.0,0.0,0,0.0,0.16251907531445847,0.0
MF,c3,633,0.395625,1.3943053377072258e-06,0.41403127585752963,0.1626997225941261,4096,0,0,1.0,0.0,0.0,0,0.0,0.1626997225941261,0.0
MF,c3,634,0.39625,1.426952598698031e-06,0.41423449008028684,0.16287972733070516,4096,0,0,1.0,0.0,0.0,0,0.0,0.16287972733070516,0.0
MF,c3,635,0.39687500000000003,1.4607411873913166e-06,0.41443806475540756,0.1630590888983649,4096,0,0,1.0,0.0,0.0,0,0.0,0.1630590888983649,0.0
MF,c3,636,0.3975,1.495714154103802e-06,0.41464198745591463,0.16323780669835825,4096,0,0,1.0,0.0,0.0,0,0.0,0.16323780669835825,0.0
MF,c3,637,0.398125,1.5319159984726437e-06,0.4148462450634546,0.1634158801591093,4096,0,0,1.0,0.0,0.0,0,0.0,0.1634158801591093,0.0
MF,c3,638,0.39875,1.569392710939391e-06,0.4150508237573106,0.16359330873629813,4096,0,0,1.0,0.0,0.0,0,0.0,0.16359330873629813,0.0
MF,c3,639,0.39937500000000004,1.5962068950676896e-06,0.4152557090036114,0.16377009191294167,4096,0,0,1.0,0.0,0.0,0,0.0,0.16377009191294167,0.0
MF,c3,640,0.4,1.6234062271583556e-06,0.41546088554474964,0.1639462291994708,4096,0,0,1.0,0.0,0.0,0,0.0,0.1639462291994708,0.0
MF,c3,641,0.400625,1.6514231382035266e-06,0.4156663373890218,0.16412172013380394,4096,0,0,1.0,0.0,0.0,0,0.0,0.16412172013380394,0.0
MF,c3,642,0.40125,1.6802893305928128e-06,0.41587204780050274,0.16429656428141692,4096,0,0,1.0,0.0,0.0,0,0.0,0.16429656428141692,0.0
MF,c3,643,0.401875,1.7100376161839106e-06,0.4160779992891694,0.16447076123540924,4096,0,0,1.0,0.0,0.0,0,0.0,0.16447076123540924,0.0
MF,c3,644,0.4025,1.7407019489806126e-06,0.4162841736012823,0.16464431061656612,4096,0,0,1.0,0.0,0.0,0,0.0,0.16464431061656612,0.0
MF,c3,645,0.403125,1.7723174586008034e-06,0.41649055171004384,0.16481721207341732,4096,0,0,1.0,0.0,0.0,0,0.0,0.16481721207341732,0.0
MF,c3,646,0.40375,1.8049204845483643e-06,0.4166971138065421,0.16498946528229172,4096,0,0,1.0,0.0,0.0,0,0.0,0.16498946528229172,0.0
MF,c3,647,0.404375,1.838548611303003e-06,0.41690383929099434,0.16516106994736832,4096,0,0,1.0,0.0,0.0,0,0.0,0.16516106994736832,0.0
MF,c3,648,0.405,1.873240704242091e-06,0.4171107067643059,0.16533202580072304,4096,0,0,1.0,0.0,0.0,0,0.0,0.16533202580072304,0.0
MF,c3,649,0.405625,1.9090369464086682e-06,0.41731769401995394,0.16550233260237207,4096,0,0,1.0,0.0,0.0,0,0.0,0.16550233260237207,0.0
MF,c3,650,0.40625,1.9459788761398258e-06,0.41752477803621285,0.1656719901403108,4096,0,0,1.0,0.0,0.0,0,0.0,0.1656719901403108,0.0
MF,c3,651,0.406875,1.984109425569747e-06,0.41773193496873157,0.1658409982305492,4096,0,0,1.0,0.0,0.0,0,0.0,0.1658409982305492,0.0
MF,c3,652,0.40750000000000003,2.0234729600217246e-06,0.4179391401434786,0.16600935671714295,4096,0,0,1.0,0.0,0.0,0,0.0,0.16600935671714295,0.0
MF,c3,653,0.408125,2.0641153183035154e-06,0.41814636805006766,0.1661770654722206,4096,0,0,1.0,0.0,0.0,0,0.0,0.1661770654722206,0.0
MF,c3,654,0.40875,2.1060838539204553e-06,0.4183535923354741,0.16634412439600696,4096,0,0,1.0,0.0,0.0,0,0.0,0.16634412439600696,0.0
MF,c3,655,0.409375,2.1494274772207526e-06,0.41856078579816064,0.16651053341684213,4096,0,0,1.0,0.0,0.0,0,0.0,0.16651053341684213,0.0
MF,c3,656,0.41000000000000003,2.1941966984874105e-06,0.41876792038262084,0.1666762924911968,4096,0,0,1.0,0.0,0.0,0,0.0,0.1666762924911968,0.0
MF,c3,657,0.410625,2.2404436719912732e-06,0.4189749671743589,0.166841401603683,4096,0,0,1.0,0.0,0.0,0,0.0,0.166841401603683,0.0
MF,c3,658,0.41125,2.288222241019683e-06,0.41918189639530046,0.16700586076706123,4096,0,0,1.0,0.0,0.0,0,0.0,0.16700586076706123,0.0
MF,c3,659,0.411875,2.3375879838951406e-06,0.4193886773996843,0.16716967002224334,4096,0,0,1.0,0.0,0.0,0,0.0,0.16716967002224334,0.0
MF,c3,660,0.41250000000000003,2.388598260998578e-06,0.4195952786704088,0.1673328294382911,4096,0,0,1.0,0.0,0.0,0,0.0,0.1673328294382911,0.0
MF,c3,661,0.413125,2.4413122628116e-06,0.41980166781586714,0.16749533911241085,4096,0,0,1.0,0.0,0.0,0,0.0,0.16749533911241085,0.0
MF,c3,662,0.41375,2.4957910589921583e-06,0.4200078115672763,0.16765719916994395,4096,0,0,1.0,0.0,0.0,0,0.0,0.16765719916994395,0.0
MF,c3,663,0.414375,2.5520976484980507e-06,0.4202136757765165,0.16781840976435303,4096,0,0,1.0,0.0,0.0,0,0.0,0.16781840976435303,0.0
MF,c3,664,0.41500000000000004,2.592001199367605e-06,0.42041922541448834,0.16797897107720414,4096,0,0,1.0,0.0,0.0,0,0.0,0.16797897107720414,0.0
MF,c3,665,0.415625,2.6327254389259823e-06,0.42062442457000226,0.16813888331814458,4096,0,0,1.0,0.0,0.0,0,0.0,0.16813888331814458,0.0
MF,c3,666,0.41625,2.674622094609158e-06,0.42082923644921216,0.1682981467248767,4096,0,0,1.0,0.0,0.0,0,0.0,0.1682981467248767,0.0
MF,c3,667,0.416875,2.717734852200519e-06,0.42103362337560263,0.16845676156312764,4096,0,0,1.0,0.0,0.0,0,0.0,0.16845676156312764,0.0
MF,c3,668,0.4175,2.762108842385638e-06,0.421237546790542,0.16861472812661432,4096,0,0,1.0,0.0,0.0,0,0.0,0.16861472812661432,0.0
MF,c3,669,0.418125,2.8077906804832e-06,0.42144096725441016,0.16877204673700497,4096,0,0,1.0,0.0,0.0,0,0.0,0.16877204673700497,0.0
MF,c3,670,0.41875,2.8548285070584024e-06,0.4216438444483164,0.1689287177438759,4096,0,0,1.0,0.0,0.0,0,0.0,0.1689287177438759,0.0
MF,c3,671,0.419375,2.903272029432354e-06,0.42184613717641023,0.1690847415246644,4096,0,0,1.0,0.0,0.0,0,0.0,0.1690847415246644,0.0
MF,c3,672,0.42,2.953172564101044e-06,0.422047803368801,0.16924011848461717,4096,0,0,1.0,0.0,0.0,0,0.0,0.16924011848461717,0.0
MF,c3,673,0.420625,3.004583080077492e-06,0.4222488000850926,0.16939484905673496,4096,0,0,1.0,0.0,0.0,0,0.0,0.16939484905673496,0.0
MF,c3,674,0.42125,3.0575582431706174e-06,0.42244908351854316,0.16954893370171237,4096,0,0,1.0,0.0,0.0,0,0.0,0.16954893370171237,0.0
MF,c3,675,0.421875,3.112154461214478e-06,0.422648609000859,0.16970237290787432,4096,0,0,1.0,0.0,0.0,0,0.0,0.16970237290787432,0.0
MF,c3,676,0.4225,3.168429930261385e-06,0.4228473310076284,0.16985516719110738,4096,0,0,1.0,0.0,0.0,0,0.0,0.16985516719110738,0.0
MF,c3,677,0.42312500000000003,3.226444681752508e-06,0.42304520316440747,0.17000731709478786,4096,0,0,1.0,0.0,0.0,0,0.0,0.17000731709478786,0.0
MF,c3,678,0.42375,3.286260630679456e-06,0.42324217825346117,0.17015882318970504,4096,0,0,1.0,0.0,0.0,0,0.0,0.17015882318970504,0.0
MF,c3,679,0.424375,3.3479416247503746e-06,0.4234382082211683,0.1703096860739805,4096,0,0,1.0,0.0,0.0,0,0.0,0.1703096860739805,0.0
MF,c3,680,0.425,3.4115534945739607e-06,0.42363324418609777,0.17045990637298342,4096,0,0,1.0,0.0,0.0,0,0.0,0.17045990637298342,0.0
MF,c3,681,0.42562500000000003,3.4771641048748594e-06,0.4238272364477596,0.17060948473924156,4096,0,0,1.0,0.0,0.0,0,0.0,0.17060948473924156,0.0
MF,c3,682,0.42625,3.5448434067537298e-06,0.42402013449603826,0.17075842185234813,4096,0,0,1.0,0.0,0.0,0,0.0,0.17075842185234813,0.0
MF,c3,683,0.426875,3.6146634910052996e-06,0.42421188702131185,0.17090671841886468,4096,0,0,1.0,0.0,0.0,0,0.0,0.17090671841886468,0.0
MF,c3,684,0.4275,3.6866986425075745e-06,0.42440244192526316,0.17105437517222,4096,0,0,1.0,0.0,0.0,0,0.0,0.17105437517222,0.0
MF,c3,685,0.42812500000000003,3.7610253956953323e-06,0.4245917463323822,0.1712013928726045,4096,0,0,1.0,0.0,0.0,0,0.0,0.1712013928726045,0.0
MF,c3,686,0.42875,3.837722591130905e-06,0.42477974660217127,0.171347772306861,4096,0,0,1.0,0.0,0.0,0,0.0,0.171347772306861,0.0
MF,c3,687,0.429375,3.916871433185151e-06,0.4249663883420437,0.17149351428837134,4096,0,0,1.0,0.0,0.0,0,0.0,0.17149351428837134,0.0
MF,c3,688,0.43,3.9983451740471375e-06,0.42515161642093113,0.17163861965693902,4096,0,0,1.0,0.0,0.0,0,0.0,0.17163861965693902,0.0
MF,c3,689,0.43062500000000004,4.055703805412499e-06,0.4253353749835901,0.1717830892786677,4096,0,0,1.0,0.0,0.0,0,0.0,0.1717830892786677,0.0
MF,c3,690,0.43125,4.114633424712269e-06,0.42551760746561434,0.1719269240458361,4096,0,0,1.0,0.0,0.0,0,0.0,0.1719269240458361,0.0
MF,c3,691,0.431875,4.175190595049218e-06,0.4256982566091507,0.1720701248767683,4096,0,0,1.0,0.0,0.0,0,0.0,0.1720701248767683,0.0
MF,c3,692,0.4325,4.237433659676638e-06,0.4258772644793203,0.17221269271570114,4096,0,0,1.0,0.0,0.0,0,0.0,0.17221269271570114,0.0
MF,c3,693,0.433125,4.301422787981046e-06,0.426054572481339,0.17235462853264677,4096,0,0,1.0,0.0,0.0,0,0.0,0.17235462853264677,0.0
MF,c3,694,0.43375,4.367220022408892e-06,0.4262301213783419,0.17249593332325197,4096,0,0,1.0,0.0,0.0,0,0.0,0.17249593332325197,0.0
MF,c3,695,0.434375,4.434889326349896e-06,0.42640385130990277,0.17263660810865353,4096,0,0,1.0,0.0,0.0,0,0.0,0.17263660810865353,0.0
MF,c3,696,0.435,4.504496632989595e-06,0.4265757018112498,0.17277665393532954,4096,0,0,1.0,0.0,0.0,0,0.0,0.17277665393532954,0.0
MF,c3,697,0.435625,4.576109895143608e-06,0.4267456118331706,0.17291607187494756,4096,0,0,1.0,0.0,0.0,0,0.0,0.17291607187494756,0.0
MF,c3,698,0.43625,4.649799136086103e-06,0.4269135197626025,0.17305486302420844,4096,0,0,1.0,0.0,0.0,0,0.0,0.17305486302420844,0.0
MF,c3,699,0.436875,4.725636501384888e-06,0.42707936344390435,0.17319302850468693,4096,0,0,1.0,0.0,0.0,0,0.0,0.17319302850468693,0.0
MF,c3,700,0.4375,4.803696311755421e-06,0.4272430802008005,0.17333056946266834,4096,0,0,1.0,0.0,0.0,0,0.0,0.17333056946266834,0.0
MF,c3,701,0.438125,4.884055116946046e-06,0.4274046068589921,0.17346748706898207,4096,0,0,1.0,0.0,0.0,0,0.0,0.17346748706898207,0.0
MF,c3,702,0.43875000000000003,4.966791750666582e-06,0.4275638797694284,0.17360378251883096,4096,0,0,1.0,0.0,0.0,0,0.0,0.17360378251883096,0.0
MF,c3,703,0.439375,5.051987386572363e-06,0.42772083483222634,0.1737394570316176,4096,0,0,1.0,0.0,0.0,0,0.0,0.1737394570316176,0.0
MF,c3,704,0.44,5.139725595315648e-06,0.427875407521234,0.17387451185076724,4096,0,0,1.0,0.0,0.0,0,0.0,0.17387451185076724,0.0
MF,c3,705,0.440625,5.230092402676306e-06,0.4280275329092228,0.1740089482435468,4096,0,0,1.0,0.0,0.0,0,0.0,0.1740089482435468,0.0
MF,c3,706,0.44125000000000003,5.323176348783419e-06,0.4281771456937016,0.17414276750088087,4096,0,0,1.0,0.0,0.0,0,0.0,0.17414276750088087,0.0
MF,c3,707,0.441875,5.4190685484394595e-06,0.42832418022333957,0.17427597093716468,4096,0,0,1.0,0.0,0.0,0,0.0,0.17427597093716468,0.0
MF,c3,708,0.4425,5.517862752558417e-06,0.4284685705249855,0.17440855989007298,4096,0,0,1.0,0.0,0.0,0,0.0,0.17440855989007298,0.0
MF,c3,709,0.443125,5.619655410729187e-06,0.4286102503312701,0.17454053572036643,4096,0,0,1.0,0.0,0.0,0,0.0,0.17454053572036643,0.0
MF,c3,710,0.44375000000000003,5.724545734915319e-06,0.42874915310877976,0.1746718998116945,4096,0,0,1.0,0.0,0.0,0,0.0,0.1746718998116945,0.0
MF,c3,711,0.444375,5.8326357643020685e-06,0.42888521208678276,0.17480265357039537,4096,0,0,1.0,0.0,0.0,0,0.0,0.17480265357039537,0.0
MF,c3,712,0.445,5.944030431301706e-06,0.42901836028649604,0.17493279842529263,4096,0,0,1.0,0.0,0.0,0,0.0,0.17493279842529263,0.0
MF,c3,713,0.445625,6.058430409533383e-06,0.42914853055088276,0.1750623358274891,4096,0,0,1.0,0.0,0.0,0,0.0,0.1750623358274891,0.0
MF,c3,714,0.44625000000000004,6.139012586909494e-06,0.42927565557494524,0.17519126725015755,4096,0,0,1.0,0.0,0.0,0,0.0,0.17519126725015755,0.0
MF,c3,715,0.446875,6.221714781647458e-06,0.4293996679365146,0.17531959418832876,4096,0,0,1.0,0.0,0.0,0,0.0,0.17531959418832876,0.0
MF,c3,716,0.4475,6.306610535574416e-06,0.4295205001275112,0.17544731815867648,4096,0,0,1.0,0.0,0.0,0,0.0,0.17544731815867648,0.0
MF,c3,717,0.448125,6.393775583837592e-06,0.42963808458565744,0.1755744406992998,4096,0,0,1.0,0.0,0.0,0,0.0,0.1755744406992998,0.0
MF,c3,718,0.44875,6.483287907902147e-06,0.4297523537266223,0.17570096336950258,4096,0,0,1.0,0.0,0.0,0,0.0,0.17570096336950258,0.0
MF,c3,719,0.449375,6.575227789546528e-06,0.42986323997658044,0.17582688774957056,4096,0,0,1.0,0.0,0.0,0,0.0,0.17582688774957056,0.0
MF,c3,720,0.45,6.669677865866546e-06,0.4299706758051621,0.1759522154405454,4096,0,0,1.0,0.0,0.0,0,0.0,0.1759522154405454,0.0
MF,c3,721,0.450625,6.766723185299188e-06,0.430074593758773,0.1760769480639967,4096,0,0,1.0,0.0,0.0,0,0.0,0.1760769480639967,0.0
MF,c3,722,0.45125,6.866451264677134e-06,0.4301749264942638,0.17620108726179112,4096,0,0,1.0,0.0,0.0,0,0.0,0.17620108726179112,0.0
MF,c3,723,0.451875,6.968952147324833e-06,0.4302716068129227,0.1763246346958593,4096,0,0,1.0,0.0,0.0,0,0.0,0.1763246346958593,0.0
MF,c3,724,0.4525,7.074318462206763e-06,0.43036456769477294,0.17644759204796034,4096,0,0,1.0,0.0,0.0,0,0.0,0.17644759204796034,0.0
MF,c3,725,0.453125,7.182645484138516e-06,0.4304537423331455,0.1765699610194442,4096,0,0,1.0,0.0,0.0,0,0.0,0.1765699610194442,0.0
MF,c3,726,0.45375,7.2940311950710234e-06,0.43053906416950655,0.17669174333101145,4096,0,0,1.0,0.0,0.0,0,0.0,0.17669174333101145,0.0
MF,c3,727,0.45437500000000003,7.408576346458238e-06,0.43062046692851447,0.1768129407224715,4096,0,0,1.0,0.0,0.0,0,0.0,0.1768129407224715,0.0
MF,c3,728,0.455,7.52638452271831e-06,0.4306978846532774,0.17693355495249796,4096,0,0,1.0,0.0,0.0,0,0.0,0.17693355495249796,0.0
MF,c3,729,0.455625,7.647562205798161e-06,0.43081607973163877,0.17705358779838282,4096,0,0,1.0,0.0,0.0,0,0.0,0.17705358779838282,0.0
MF,c3,730,0.45625,7.772218840851153e-06,0.4309520470838504,0.17717304105578813,4096,0,0,1.0,0.0,0.0,0,0.0,0.17717304105578813,0.0
MF,c3,731,0.45687500000000003,7.900466903037396e-06,0.43108601422511794,0.17729191653849583,4096,0,0,1.0,0.0,0.0,0,0.0,0.17729191653849583,0.0
MF,c3,732,0.4575,8.032421965455948e-06,0.4312179322158104,0.17741021607815607,4096,0,0,1.0,0.0,0.0,0,0.0,0.17741021607815607,0.0
MF,c3,733,0.458125,8.16820276821801e-06,0.43134775176940887,0.17752794152403362,4096,0,0,1.0,0.0,0.0,0,0.0,0.17752794152403362,0.0
MF,c3,734,0.45875,8.307931288669979e-06,0.43147542327024696,0.17764509474275256,4096,0,0,1.0,0.0,0.0,0,0.0,0.17764509474275256,0.0
MF,c3,735,0.45937500000000003,8.451732812774932e-06,0.43160089679170516,0.1777616776180394,4096,0,0,1.0,0.0,0.0,0,0.0,0.1777616776180394,0.0
MF,c3,736,0.46,8.599736007660957e-06,0.4317241221148555,0.1778776920504649,4096,0,0,1.0,0.0,0.0,0,0.0,0.1778776920504649,0.0
MF,c3,737,0.460625,8.75207299534434e-06,0.4318450487475485,0.177993139957184,4096,0,0,1.0,0.0,0.0,0,0.0,0.177993139957184,0.0
MF,c3,738,0.46125,8.908879427635515e-06,0.43196362594393256,0.17810802327167485,4096,0,0,1.0,0.0,0.0,0,0.0,0.17810802327167485,0.0
MF,c3,739,0.46187500000000004,9.020845560824299e-06,0.43212303841848687,0.17822234394347633,4096,0,0,1.0,0.0,0.0,0,0.0,0.17822234394347633,0.0
MF,c3,740,0.4625,9.133757547857198e-06,0.432300485326283,0.17833610393792404,4096,0,0,1.0,0.0,0.0,0,0.0,0.17833610393792404,0.0
MF,c3,741,0.463125,9.249547229559514e-06,0.43247301946166283,0.1784493052358858,4096,0,0,1.0,0.0,0.0,0,0.0,0.1784493052358858,0.0
MF,c3,742,0.46375,9.368310411973944e-06,0.4326701327810074,0.17856194983349538,4096,0,0,1.0,0.0,0.0,0,0.0,0.17856194983349538,0.0
MF,c3,743,0.464375,9.490145597677925e-06,0.43286229056668674,0.17867403974188584,4096,0,0,1.0,0.0,0.0,0,0.0,0.17867403974188584,0.0
MF,c3,744,0.465,9.615154046462874e-06,0.43304790738357196,0.1787855769869212,4096,0,0,1.0,0.0,0.0,0,0.0,0.1787855769869212,0.0
MF,c3,745,0.465625,9.743439837049951e-06,0.43322701240848144,0.17889656360892814,4096,0,0,1.0,0.0,0.0,0,0.0,0.17889656360892814,0.0
MF,c3,746,0.46625,9.875109929851515e-06,0.433399635888143,0.17900700166242606,4096,0,0,1.0,0.0,0.0,0,0.0,0.17900700166242606,0.0
MF,c3,747,0.466875,1.0010274230787107e-05,0.4335658091326782,0.17911689321585694,4096,0,0,1.0,0.0,0.0,0,0.0,0.17911689321585694,0.0
MF,c3,748,0.4675,1.0149045656162824e-05,0.43372556450853045,0.17922624035131457,4096,0,0,1.0,0.0,0.0,0,0.0,0.17922624035131457,0.0
MF,c3,749,0.468125,1.0291540198622554e-05,0.433878935430843,0.1793350451642728,4096,0,0,1.0,0.0,0.0,0,0.0,0.1793350451642728,0.0
MF,c3,750,0.46875,1.0437876994179484e-05,0.43402595635528757,0.1794433097633137,4096,0,0,1.0,0.0,0.0,0,0.0,0.1794433097633137,0.0
MF,c3,751,0.469375,1.0588178390335958e-05,0.4341666627693485,0.1795510362698553,4096,0,0,1.0,0.0,0.0,0,0.0,0.1795510362698553,0.0
MF,c3,752,0.47000000000000003,1.0742570015299696e-05,0.4343010911830661,0.1796582268178784,4096,0,0,1.0,0.0,0.0,0,0.0,0.1796582268178784,0.0
MF,c3,753,0.470625,1.0901180848303932e-05,0.43442927911924517,0.1797648835536542,4096,0,0,1.0,0.0,0.0,0,0.0,0.1797648835536542,0.0
MF,c3,754,0.47125,1.1064143291039015e-05,0.43461943817033855,0.17987100863547045,4096,0,0,1.0,0.0,0.0,0,0.0,0.17987100863547045,0.0
MF,c3,755,0.471875,1.1231593240202581e-05,0.4348070599088068,0.17997660423335854,4096,0,0,1.0,0.0,0.0,0,0.0,0.17997660423335854,0.0
MF,c3,756,0.47250000000000003,1.140367016117526e-05,0.43498827849299787,0.1800816725288199,4096,0,0,1.0,0.0,0.0,0,0.0,0.1800816725288199,0.0
MF,c3,757,0.473125,1.1580517162828527e-05,0.43516312507373894,0.18018621571455254,4096,0,0,1.0,0.0,0.0,0,0.0,0.18018621571455254,0.0
MF,c3,758,0.47375,1.1762281073471467e-05,0.4353316318498343,0.18029023599417804,4096,0,0,1.0,0.0,0.0,0,0.0,0.18029023599417804,0.0
MF,c3,759,0.474375,1.1949112517940683e-05,0.4354938320607335,0.1803937355819682,4096,0,0,1.0,0.0,0.0,0,0.0,0.1803937355819682,0.0
MF,c3,760,0.47500000000000003,1.2141165995842578e-05,0.4356497599786138,0.18049671670257195,4096,0,0,1.0,0.0,0.0,0,0.0,0.18049671670257195,0.0
MF,c3,761,0.475625,1.233859996095014e-05,0.43579945089994865,0.18059918159074326,4096,0,0,1.0,0.0,0.0,0,0.0,0.18059918159074326,0.0
MF,c3,762,0.47625,1.2541576901760886e-05,0.4359429411365292,0.18070113249106834,4096,0,0,1.0,0.0,0.0,0,0.0,0.18070113249106834,0.0
MF,c3,763,0.476875,1.2750263423220526e-05,0.4360802680059529,0.1808025716576943,4096,0,0,1.0,0.0,0.0,0,0.0,0.1808025716576943,0.0
MF,c3,764,0.47750000000000004,1.2907833757201035e-05,0.43621146982158054,0.18090350135405753,4096,0,0,1.0,0.0,0.0,0,0.0,0.18090350135405753,0.0
MF,c3,765,0.478125,1.3058213455929653e-05,0.43633658588196955,0.1810039238526131,4096,0,0,1.0,0.0,0.0,0,0.0,0.1810039238526131,0.0
MF,c3,766,0.47875,1.3212276328786367e-05,0.43645565645978823,0.1811038414345647,4096,0,0,1.0,0.0,0.0,0,0.0,0.1811038414345647,0.0
MF,c3,767,0.479375,1.3370140763037573e-05,0.43656872279021736,0.18120325638959534,4096,0,0,1.0,0.0,0.0,0,0.0,0.18120325638959534,0.0
MF,c3,768,0.48,1.3531928312467273e-05,0.4366758270588476,0.1813021710155986,4096,0,0,1.0,0.0,0.0,0,0.0,0.1813021710155986,0.0
MF,c3,769,0.480625,1.369776376412953e-05,0.4367770123890794,0.18140058761841094,4096,0,0,1.0,0.0,0.0,0,0.0,0.18140058761841094,0.0
MF,c3,770,0.48125,1.3867775206140651e-05,0.43693728865910975,0.18149850851154503,4096,0,0,1.0,0.0,0.0,0,0.0,0.18149850851154503,0.0
MF,c3,771,0.481875,1.4042094096517904e-05,0.4371013012060362,0.1815959360159236,4096,0,0,1.0,0.0,0.0,0,0.0,0.1815959360159236,0.0
MF,c3,772,0.4825,1.4220855333071397e-05,0.4372590993954658,0.1816928724596148,4096,0,0,1.0,0.0,0.0,0,0.0,0.1816928724596148,0.0
MF,c3,773,0.483125,1.440419732435553e-05,0.43741071975411183,0.18178932017756838,4096,0,0,1.0,0.0,0.0,0,0.0,0.18178932017756838,0.0
MF,c3,774,0.48375,1.4592262061686111e-05,0.43755619982768634,0.18188528151135303,4096,0,0,1.0,0.0,0.0,0,0.0,0.18188528151135303,0.0
MF,c3,775,0.484375,1.4785195192229037e-05,0.4376955781705027,0.1819807588088952,4096,0,0,1.0,0.0,0.0,0,0.0,0.1819807588088952,0.0
MF,c3,776,0.485,1.4983146093166094e-05,0.4378288943345465,0.18207575442421878,4096,0,0,1.0,0.0,0.0,0,0.0,0.18207575442421878,0.0
MF,c3,777,0.48562500000000003,1.5186267946943254e-05,0.4379561888580243,0.18217027071718644,4096,0,0,1.0,0.0,0.0,0,0.0,0.18217027071718644,0.0
MF,c3,778,0.48625,1.5394717817606464e-05,0.4380775032533924,0.18226431005324223,4096,0,0,1.0,0.0,0.0,0,0.0,0.18226431005324223,0.0
MF,c3,779,0.486875,1.560865672823002e-05,0.43819287999486844,0.18235787480315563,4096,0,0,1.0,0.0,0.0,0,0.0,0.18235787480315563,0.0
MF,c3,780,0.4875,1.582824973944005e-05,0.4383023625054704,0.18245096734276728,4096,0,0,1.0,0.0,0.0,0,0.0,0.18245096734276728,0.0
MF,c3,781,0.48812500000000003,1.6053666029040977e-05,0.4384059951435116,0.18254359005273574,4096,0,0,1.0,0.0,0.0,0,0.0,0.18254359005273574,0.0
MF,c3,782,0.48875,1.6285078972745062e-05,0.4385038231886428,0.1826357453182866,4096,0,0,1.0,0.0,0.0,0,0.0,0.1826357453182866,0.0
MF,c3,783,0.489375,1.6522666226010166e-05,0.4385958928274072,0.18272743552896273,4096,0,0,1.0,0.0,0.0,0,0.0,0.18272743552896273,0.0
MF,c3,784,0.49,1.676660980698861e-05,0.4386822511383298,0.18281866307837624,4096,0,0,1.0,0.0,0.0,0,0.0,0.18281866307837624,0.0
MF,c3,785,0.49062500000000003,1.7017096180589663e-05,0.4387629460765478,0.18290943036396273,4096,0,0,1.0,0.0,0.0,0,0.0,0.18290943036396273,0.0
MF,c3,786,0.49125,1.7274316343658223e-05,0.43884850864053215,0.1829997397867365,4096,0,0,1.0,0.0,0.0,0,0.0,0.1829997397867365,0.0
MF,c3,787,0.491875,1.7538465911271444e-05,0.4389958810254145,0.18308959375104855,4096,0,0,1.0,0.0,0.0,0,0.0,0.18308959375104855,0.0
MF,c3,788,0.4925,1.7809745204155055e-05,0.4391371727431713,0.18317899466434567,4096,0,0,1.0,0.0,0.0,0,0.0,0.18317899466434567,0.0
MF,c3,789,0.49312500000000004,1.803460889712007e-05,0.4392724245960835,0.18326794493693205,4096,0,0,1.0,0.0,0.0,0,0.0,0.18326794493693205,0.0
MF,c3,790,0.49375,1.8230459784650372e-05,0.4394016783947281,0.1833564469817326,4096,0,0,1.0,0.0,0.0,0,0.0,0.1833564469817326,0.0
MF,c3,791,0.494375,1.843091945272569e-05,0.4395249769446369,0.18344450321405842,4096,0,0,1.0,0.0,0.0,0,0.0,0.18344450321405842,0.0
MF,c3,792,0.495,1.8636131110706756e-05,0.4396423640324374,0.18353211605137426,4096,0,0,1.0,0.0,0.0,0,0.0,0.18353211605137426,0.0
MF,c3,793,0.49562500000000004,1.884624161340877e-05,0.43975388441148594,0.18361928791306828,4096,0,0,1.0,0.0,0.0,0,0.0,0.18361928791306828,0.0
MF,c3,794,0.49625,1.906140153313664e-05,0.43985958378699014,0.18370602122022361,4096,0,0,1.0,0.0,0.0,0,0.0,0.18370602122022361,0.0
MF,c3,795,0.496875,1.928176523273841e-05,0.4399595088006797,0.18379231839539267,4096,0,0,1.0,0.0,0.0,0,0.0,0.18379231839539267,0.0
MF,c3,796,0.4975,1.950749093968386e-05,0.4400537070149423,0.18387818186237315,4096,0,0,1.0,0.0,0.0,0,0.0,0.18387818186237315,0.0
MF,c3,797,0.498125,1.9738740821169922e-05,0.440142226896525,0.18396361404598655,4096,0,0,1.0,0.0,0.0,0,0.0,0.18396361404598655,0.0
MF,c3,798,0.49875,1.9975681060258006e-05,0.4402251177997734,0.18404861737185912,4096,0,0,1.0,0.0,0.0,0,0.0,0.18404861737185912,0.0
MF,c3,799,0.499375,2.0218481933046444e-05,0.4403024299494224,0.18413319426620478,4096,0,0,1.0,0.0,0.0,0,0.0,0.18413319426620478,0.0
MF,c3,800,0.5,2.046731788688139e-05,0.4403742144229565,0.18421734715561094,4096,0,0,1.0,0.0,0.0,0,0.0,0.18421734715561094,0.0
MF,c3,801,0.500625,2.0722367619609087e-05,0.44044052313254917,0.18430107846682608,4096,0,0,1.0,0.0,0.0,0,0.0,0.18430107846682608,0.0
MF,c3,802,0.50125,2.098381415987199e-05,0.4405014088065985,0.18438439062655043,4096,0,0,1.0,0.0,0.0,0,0.0,0.18438439062655043,0.0
MF,c3,803,0.501875,2.1251844948451172e-05,0.4405569249708691,0.1844672860612284,4096,0,0,1.0,0.0,0.0,0,0.0,0.1844672860612284,0.0
MF,c3,804,0.5025000000000001,2.1526651920656805e-05,0.44066310782432827,0.18454976719684424,4096,0,0,1.0,0.0,0.0,0,0.0,0.18454976719684424,0.0
MF,c3,805,0.503125,2.180843158976828e-05,0.44078783176151537,0.18463183645871953,4096,0,0,1.0,0.0,0.0,0,0.0,0.18463183645871953,0.0
MF,c3,806,0.50375,2.209738513152597e-05,0.44090664887611863,0.18471349627131373,4096,0,0,1.0,0.0,0.0,0,0.0,0.18471349627131373,0.0
MF,c3,807,0.504375,2.2393718469671934e-05,0.44101960506990634,0.18479474905802695,4096,0,0,1.0,0.0,0.0,0,0.0,0.18479474905802695,0.0
MF,c3,808,0.505,2.2697642362546743e-05,0.4411267472309344,0.18487559724100547,4096,0,0,1.0,0.0,0.0,0,0.0,0.18487559724100547,0.0
MF,c3,809,0.505625,2.3009372490735884e-05,0.44122812321642946,0.18495604324094975,4096,0,0,1.0,0.0,0.0,0,0.0,0.18495604324094975,0.0
MF,c3,810,0.50625,2.3329129545768762e-05,0.4413237818351718,0.18503608947692507,4096,0,0,1.0,0.0,0.0,0,0.0,0.18503608947692507,0.0
MF,c3,811,0.506875,2.3657139319868665e-05,0.44141377282940486,0.18511573836617498,4096,0,0,1.0,0.0,0.0,0,0.0,0.18511573836617498,0.0
MF,c3,812,0.5075000000000001,2.3993632796752683e-05,0.4414981468562788,0.1851949923239372,4096,0,0,1.0,0.0,0.0,0,0.0,0.1851949923239372,0.0
MF,c3,813,0.508125,2.4338846243480025e-05,0.4415769554688472,0.18527385376326222,4096,0,0,1.0,0.0,0.0,0,0.0,0.18527385376326222,0.0
MF,c3,814,0.50875,2.4664131917344733e-05,0.44165025109662787,0.18535232509483468,4096,0,0,1.0,0.0,0.0,0,0.0,0.18535232509483468,0.0
MF,c3,815,0.509375,2.4914111770726577e-05,0.4417180870257338,0.1854304087267972,4096,0,0,1.0,0.0,0.0,0,0.0,0.1854304087267972,0.0
MF,c3,816,0.51,2.5169740443471513e-05,0.4417805173786398,0.18550810706457735,4096,0,0,1.0,0.0,0.0,0,0.0,0.18550810706457735,0.0
MF,c3,817,0.510625,2.5431187857902127e-05,0.44183759709349935,0.18558542251071686,4096,0,0,1.0,0.0,0.0,0,0.0,0.18558542251071686,0.0
MF,c3,818,0.51125,2.5698628059093865e-05,0.4418893819031285,0.1856623574647039,4096,0,0,1.0,0.0,0.0,0,0.0,0.1856623574647039,0.0
MF,c3,819,0.511875,2.5972239291275242e-05,0.4419359283136259,0.18573891432280787,4096,0,0,1.0,0.0,0.0,0,0.0,0.18573891432280787,0.0
MF,c3,820,0.5125,2.6252204075205545e-05,0.4419772935826509,0.18581509547791716,4096,0,0,1.0,0.0,0.0,0,0.0,0.18581509547791716,0.0
MF,c3,821,0.513125,2.653870928653194e-05,0.44201353569738344,0.18589090331937919,4096,0,0,1.0,0.0,0.0,0,0.0,0.18589090331937919,0.0
MF,c3,822,0.51375,2.6831946235127543e-05,0.44210100405246316,0.18596634023284392,4096,0,0,1.0,0.0,0.0,0,0.0,0.18596634023284392,0.0
MF,c3,823,0.514375,2.713211074541173e-05,0.4422080126443467,0.18604140860010943,4096,0,0,1.0,0.0,0.0,0,0.0,0.18604140860010943,0.0
MF,c3,824,0.515,2.743940323765433e-05,0.44230926292371686,0.18611611079897067,4096,0,0,1.0,0.0,0.0,0,0.0,0.18611611079897067,0.0
MF,c3,825,0.515625,2.775402881026101e-05,0.44240480469728444,0.1861904492030707,4096,0,0,1.0,0.0,0.0,0,0.0,0.1861904492030707,0.0
MF,c3,826,0.51625,2.807619732304639e-05,0.44249468874625403,0.18626442618175498,4096,0,0,1.0,0.0,0.0,0,0.0,0.18626442618175498,0.0
MF,c3,827,0.516875,2.840612348148872e-05,0.44257896680569864,0.18633804409992805,4096,0,0,1.0,0.0,0.0,0,0.0,0.18633804409992805,0.0
MF,c3,828,0.5175,2.874402692196848e-05,0.44265769154346535,0.18641130531791328,4096,0,0,1.0,0.0,0.0,0,0.0,0.18641130531791328,0.0
MF,c3,829,0.5181250000000001,2.9090132297989523e-05,0.4427309165386429,0.18648421219131522,4096,0,0,1.0,0.0,0.0,0,0.0,0.18648421219131522,0.0
MF,c3,830,0.51875,2.9444669367381552e-05,0.44279869625960444,0.18655676707088453,4096,0,0,1.0,0.0,0.0,0,0.0,0.18655676707088453,0.0
MF,c3,831,0.519375,2.9807873080483237e-05,0.44286108604163565,0.18662897230238618,4096,0,0,1.0,0.0,0.0,0,0.0,0.18662897230238618,0.0
MF,c3,832,0.52,3.0179983669299047e-05,0.442918142064217,0.18670083022646966,4096,0,0,1.0,0.0,0.0,0,0.0,0.18670083022646966,0.0
MF,c3,833,0.520625,3.056124673763688e-05,0.4429699213278734,0.1867723431785424,4096,0,0,1.0,0.0,0.0,0,0.0,0.1867723431785424,0.0
MF,c3,834,0.52125,3.09519133522143e-05,0.4430164816307149,0.18684351348864592,4096,0,0,1.0,0.0,0.0,0,0.0,0.18684351348864592,0.0
MF,c3,835,0.521875,3.1352240134734574e-05,0.44305788154463616,0.18691434348133418,4096,0,0,1.0,0.0,0.0,0,0.0,0.18691434348133418,0.0
MF,c3,836,0.5225,3.176248935492807e-05,0.44309418039120485,0.1869848354755554,4096,0,0,1.0,0.0,0.0,0,0.0,0.1869848354755554,0.0
MF,c3,837,0.5231250000000001,3.2182929024554475e-05,0.4431254382172562,0.1870549917845358,4096,0,0,1.0,0.0,0.0,0,0.0,0.1870549917845358,0.0
MF,c3,838,0.52375,3.261383299236293e-05,0.44315171577020807,0.18712481471566653,4096,0,0,1.0,0.0,0.0,0,0.0,0.18712481471566653,0.0
MF,c3,839,0.524375,3.30554810399981e-05,0.44317307447316384,0.187194306570393,4096,0,0,1.0,0.0,0.0,0,0.0,0.187194306570393,0.0
MF,c3,840,0.525,3.340163516613554e-05,0.4432178760684377,0.18726346964410678,4096,0,0,1.0,0.0,0.0,0,0.0,0.18726346964410678,0.0
MF,c3,841,0.525625,3.3721753521806595e-05,0.4433104220550229,0.1873323062260407,4096,0,0,1.0,0.0,0.0,0,0.0,0.1873323062260407,0.0
MF,c3,842,0.52625,3.4048863411656566e-05,0.4433973408894743,0.18740081859916563,4096,0,0,1.0,0.0,0.0,0,0.0,0.18740081859916563,0.0
MF,c3,843,0.526875,3.4383167545110184e-05,0.4434786851823524,0.18746900904009053,4096,0,0,1.0,0.0,0.0,0,0.0,0.18746900904009053,0.0
MF,c3,844,0.5275,3.472487330006562e-05,0.44355450851756845,0.18753687981896508,4096,0,0,1.0,0.0,0.0,0,0.0,0.18753687981896508,0.0
MF,c3,845,0.528125,3.507419280358697e-05,0.44362486542857277,0.1876044331993843,4096,0,0,1.0,0.0,0.0,0,0.0,0.1876044331993843,0.0
MF,c3,846,0.52875,3.543134301351819e-05,0.4436898113740516,0.18767167143829644,4096,0,0,1.0,0.0,0.0,0,0.0,0.18767167143829644,0.0
MF,c3,847,0.529375,3.57965458010102e-05,0.443749402713265,0.1877385967859129,4096,0,0,1.0,0.0,0.0,0,0.0,0.1877385967859129,0.0
MF,c3,848,0.53,3.6170028033963633e-05,0.44380369668099223,0.18780521148562057,4096,0,0,1.0,0.0,0.0,0,0.0,0.18780521148562057,0.0
MF,c3,849,0.530625,3.6552021661384856e-05,0.4438527513621142,0.1878715177738974,4096,0,0,1.0,0.0,0.0,0,0.0,0.1878715177738974,0.0
MF,c3,850,0.53125,3.6942763798654274e-05,0.4438966256658441,0.18793751788022922,4096,0,0,1.0,0.0,0.0,0,0.0,0.18793751788022922,0.0
MF,c3,851,0.531875,3.7342496813699795e-05,0.44393537929968346,0.18800321402703019,4096,0,0,1.0,0.0,0.0,0,0.0,0.18800321402703019,0.0
MF,c3,852,0.5325,3.775146841408217e-05,0.4439690727430146,0.18806860842956485,4096,0,0,1.0,0.0,0.0,0,0.0,0.18806860842956485,0.0
MF,c3,853,0.533125,3.816993173497997e-05,0.44399776722046236,0.18813370329587287,4096,0,0,1.0,0.0,0.0,0,0.0,0.18813370329587287,0.0
MF,c3,854,0.5337500000000001,3.8598145428074875e-05,0.4440215246749919,0.18819850082669626,4096,0,0,1.0,0.0,0.0,0,0.0,0.18819850082669626,0.0
MF,c3,855,0.534375,3.9036373751334234e-05,0.44404040774076625,0.18826300321540868,4096,0,0,1.0,0.0,0.0,0,0.0,0.18826300321540868,0.0
MF,c3,856,0.535,3.948488665967991e-05,0.44405447971584056,0.188327212647947,4096,0,0,1.0,0.0,0.0,0,0.0,0.188327212647947,0.0
MF,c3,857,0.535625,3.994395989655116e-05,0.4440638045346063,0.1883911313027457,4096,0,0,1.0,0.0,0.0,0,0.0,0.1883911313027457,0.0
MF,c3,858,0.53625,4.0413875086344304e-05,0.44406844674011964,0.1884547613506728,4096,0,0,1.0,0.0,0.0,0,0.0,0.1884547613506728,0.0
MF,c3,859,0.536875,4.08949198277294e-05,0.44414258800741724,0.18851810495496857,4096,0,0,1.0,0.0,0.0,0,0.0,0.18851810495496857,0.0
MF,c3,860,0.5375,4.1387387787838315e-05,0.4442167989204726,0.18858116427118615,4096,0,0,1.0,0.0,0.0,0,0.0,0.18858116427118615,0.0
MF,c3,861,0.538125,4.189157879731032e-05,0.44428556066246655,0.1886439414471344,4096,0,0,1.0,0.0,0.0,0,0.0,0.1886439414471344,0.0
MF,c3,862,0.5387500000000001,4.24077989462026e-05,0.44434892864792414,0.18870643862282305,4096,0,0,1.0,0.0,0.0,0,0.0,0.18870643862282305,0.0
MF,c3,863,0.539375,4.293636068074429e-05,0.4444069592463796,0.18876865793040984,4096,0,0,1.0,0.0,0.0,0,0.0,0.18876865793040984,0.0
MF,c3,864,0.54,4.3477582900932834e-05,0.44445970975524096,0.1888306014941497,4096,0,0,1.0,0.0,0.0,0,0.0,0.1888306014941497,0.0
MF,c3,865,0.540625,4.401548458776121e-05,0.44450723837227807,0.18889227143034626,4096,0,0,1.0,0.0,0.0,0,0.0,0.18889227143034626,0.0
MF,c3,866,0.54125,4.440986924606827e-05,0.4445496041678119,0.18895366984730494,4096,0,0,1.0,0.0,0.0,0,0.0,0.18895366984730494,0.0
MF,c3,867,0.541875,4.481251035899925e-05,0.44461923408272536,0.18901479884528855,4096,0,0,1.0,0.0,0.0,0,0.0,0.18901479884528855,0.0
MF,c3,868,0.5425,4.5223640332179116e-05,0.4447097572416243,0.18907566051647456,4096,0,0,1.0,0.0,0.0,0,0.0,0.18907566051647456,0.0
MF,c3,869,0.543125,4.564349668831708e-05,0.4447985805666443,0.18913625694491443,4096,0,0,1.0,0.0,0.0,0,0.0,0.18913625694491443,0.0
MF,c3,870,0.5437500000000001,4.607232215019346e-05,0.44488569032826897,0.1891965902064946,4096,0,0,1.0,0.0,0.0,0,0.0,0.1891965902064946,0.0
MF,c3,871,0.544375,4.651036472449307e-05,0.44497107286119814,0.18925666236890004,4096,0,0,1.0,0.0,0.0,0,0.0,0.18925666236890004,0.0
MF,c3,872,0.545,4.695787778647148e-05,0.4450547145704059,0.18931647549157876,4096,0,0,1.0,0.0,0.0,0,0.0,0.18931647549157876,0.0
MF,c3,873,0.545625,4.7415120165456815e-05,0.44513660193718035,0.18937603162570876,4096,0,0,1.0,0.0,0.0,0,0.0,0.18937603162570876,0.0
MF,c3,874,0.54625,4.788235623117636e-05,0.44521672152511615,0.18943533281416663,4096,0,0,1.0,0.0,0.0,0,0.0,0.18943533281416663,0.0
MF,c3,875,0.546875,4.8359855980915295e-05,0.44529505998610064,0.18949438109149785,4096,0,0,1.0,0.0,0.0,0,0.0,0.18949438109149785,0.0
MF,c3,876,0.5475,4.884789512749128e-05,0.44537160406624465,0.18955317848388886,4096,0,0,1.0,0.0,0.0,0,0.0,0.18955317848388886,0.0
MF,c3,877,0.548125,4.934675518804677e-05,0.4454463406117843,0.1896117270091408,4096,0,0,1.0,0.0,0.0,0,0.0,0.1896117270091408,0.0
MF,c3,878,0.54875,4.985672357364569e-05,0.44551925657492214,0.18967002867664506,4096,0,0,1.0,0.0,0.0,0,0.0,0.18967002867664506,0.0
MF,c3,879,0.5493750000000001,5.0378093679682085e-05,0.4455903390196496,0.1897280854873601,4096,0,0,1.0,0.0,0.0,0,0.0,0.1897280854873601,0.0
MF,c3,880,0.55,5.09111649770811e-05,0.4456595751275027,0.18978589943379037,4096,0,0,1.0,0.0,0.0,0,0.0,0.18978589943379037,0.0
MF,c3,881,0.550625,5.145624310429354e-05,0.44572695220327496,0.18984347249996647,4096,0,0,1.0,0.0,0.0,0,0.0,0.18984347249996647,0.0
MF,c3,882,0.55125,5.2013639960067617e-05,0.4457924576806615,0.189900806661427,4096,0,0,1.0,0.0,0.0,0,0.0,0.189900806661427,0.0
MF,c3,883,0.551875,5.25836737970063e-05,0.44585607912786723,0.18995790388520173,4096,0,0,1.0,0.0,0.0,0,0.0,0.18995790388520173,0.0
MF,c3,884,0.5525,5.3166669315886344e-05,0.4459178042531413,0.19001476612979656,4096,0,0,1.0,0.0,0.0,0,0.0,0.19001476612979656,0.0
MF,c3,885,0.553125,5.3762957760740255e-05,0.4459776209102533,0.19007139534517964,4096,0,0,1.0,0.0,0.0,0,0.0,0.19007139534517964,0.0
MF,c3,886,0.55375,5.43728770146811e-05,0.4460355171038918,0.19012779347276898,4096,0,0,1.0,0.0,0.0,0,0.0,0.19012779347276898,0.0
MF,c3,887,0.5543750000000001,5.4996771696479653e-05,0.4460914809950147,0.19018396244542177,4096,0,0,1.0,0.0,0.0,0,0.0,0.19018396244542177,0.0
MF,c3,888,0.555,5.5634993257867715e-05,0.44614550090611654,0.19023990418742442,4096,0,0,1.0,0.0,0.0,0,0.0,0.19023990418742442,0.0
MF,c3,889,0.555625,5.628790008155541e-05,0.44619756532641164,0.19029562061448457,4096,0,0,1.0,0.0,0.0,0,0.0,0.19029562061448457,0.0
MF,c3,890,0.55625,5.695585757997133e-05,0.44624766291696144,0.1903511136337238,4096,0,0,1.0,0.0,0.0,0,0.0,0.1903511136337238,0.0
MF,c3,891,0.556875,5.758876321341346e-05,0.4462957825157087,0.19040638514367222,4096,0,0,1.0,0.0,0.0,0,0.0,0.19040638514367222,0.0
MF,c3,892,0.5575,5.807716945915206e-05,0.4463419131424357,0.19046143703426388,4096,0,0,1.0,0.0,0.0,0,0.0,0.19046143703426388,0.0
MF,c3,893,0.558125,5.857543516804846e-05,0.44638604400362347,0.19051627118683334,4096,0,0,1.0,0.0,0.0,0,0.0,0.19051627118683334,0.0
MF,c3,894,0.55875,5.908382856909649e-05,0.4464281644972465,0.19057088947411382,4096,0,0,1.0,0.0,0.0,0,0.0,0.19057088947411382,0.0
MF,c3,895,0.5593750000000001,5.960262351393582e-05,0.4464682642174657,0.1906252937602359,4096,0,0,1.0,0.0,0.0,0,0.0,0.1906252937602359,0.0
MF,c3,896,0.56,6.0132099561894176e-05,0.4465063329592205,0.19067948590072803,4096,0,0,1.0,0.0,0.0,0,0.0,0.19067948590072803,0.0
MF,c3,897,0.560625,6.067254206578573e-05,0.44654236072274567,0.1907334677425174,4096,0,0,1.0,0.0,0.0,0,0.0,0.1907334677425174,0.0
MF,c3,898,0.56125,6.122424225844723e-05,0.446576337717983,0.19078724112393255,4096,0,0,1.0,0.0,0.0,0,0.0,0.19078724112393255,0.0
MF,c3,899,0.561875,6.178749734000481e-05,0.44660825436888396,0.19084080787470636,4096,0,0,1.0,0.0,0.0,0,0.0,0.19084080787470636,0.0
MF,c3,900,0.5625,6.236261056587985e-05,0.4466381013176304,0.1908941698159806,4096,0,0,1.0,0.0,0.0,0,0.0,0.1908941698159806,0.0
MF,c3,901,0.563125,6.294989133551248e-05,0.4466658694287442,0.19094732876031104,4096,0,0,1.0,0.0,0.0,0,0.0,0.19094732876031104,0.0
MF,c3,902,0.56375,6.354965528179501e-05,0.44669154979308195,0.1910002865116736,4096,0,0,1.0,0.0,0.0,0,0.0,0.1910002865116736,0.0
MF,c3,903,0.564375,6.416222436122333e-05,0.44671513373174193,0.1910530448654718,4096,0,0,1.0,0.0,0.0,0,0.0,0.1910530448654718,0.0
MF,c3,904,0.5650000000000001,6.478792694474296e-05,0.4467366127998526,0.1911056056085443,4096,0,0,1.0,0.0,0.0,0,0.0,0.1911056056085443,0.0
MF,c3,905,0.565625,6.542709790928007e-05,0.4467559787902439,0.1911579705191741,4096,0,0,1.0,0.0,0.0,0,0.0,0.1911579705191741,0.0
MF,c3,906,0.56625,6.60800787299661e-05,0.4467732237370226,0.19121014136709802,4096,0,0,1.0,0.0,0.0,0,0.0,0.19121014136709802,0.0
MF,c3,907,0.566875,6.67472175730301e-05,0.4467883399190259,0.19126211991351733,4096,0,0,1.0,0.0,0.0,0,0.0,0.19126211991351733,0.0
MF,c3,908,0.5675,6.742886938934733e-05,0.4468013198631527,0.19131390791110886,4096,0,0,1.0,0.0,0.0,0,0.0,0.19131390791110886,0.0
MF,c3,909,0.568125,6.812539600865577e-05,0.4468269901334071,0.19136550710403716,4096,0,0,1.0,0.0,0.0,0,0.0,0.19136550710403716,0.0
MF,c3,910,0.56875,6.883716623439804e-05,0.44690357253557333,0.1914169192279671,4096,0,0,1.0,0.0,0.0,0,0.0,0.1914169192279671,0.0
MF,c3,911,0.569375,6.95645559392096e-05,0.4469794668000155,0.19146814601007733,4096,0,0,1.0,0.0,0.0,0,0.0,0.19146814601007733,0.0
MF,c3,912,0.5700000000000001,7.03079481610209e-05,0.44705468199147264,0.19151918916907446,4096,0,0,1.0,0.0,0.0,0,0.0,0.19151918916907446,0.0
MF,c3,913,0.570625,7.106773319975951e-05,0.4471292271136267,0.19157005041520767,4096,0,0,1.0,0.0,0.0,0,0.0,0.19157005041520767,0.0
MF,c3,914,0.57125,7.184430871466256e-05,0.4472031111083592,0.19162073145028427,4096,0,0,1.0,0.0,0.0,0,0.0,0.19162073145028427,0.0
MF,c3,915,0.571875,7.263807982216489e-05,0.44727634285508494,0.19167123396768554,4096,0,0,1.0,0.0,0.0,0,0.0,0.19167123396768554,0.0
MF,c3,916,0.5725,7.344945919434797e-05,0.447348931170158,0.1917215596523832,4096,0,0,1.0,0.0,0.0,0,0.0,0.1917215596523832,0.0
MF,c3,917,0.573125,7.423232805175924e-05,0.4474208848061919,0.1917717101809568,4096,0,0,1.0,0.0,0.0,0,0.0,0.1917717101809568,0.0
MF,c3,918,0.57375,7.482833658195955e-05,0.4474922124515331,0.19182168722161108,4096,0,0,1.0,0.0,0.0,0,0.0,0.19182168722161108,0.0
MF,c3,919,0.574375,7.543593118845341e-05,0.4475629227296319,0.19187149243419413,4096,0,0,1.0,0.0,0.0,0,0.0,0.19187149243419413,0.0
MF,c3,920,0.5750000000000001,7.605541695453155e-05,0.4476330241985656,0.19192112747021622,4096,0,0,1.0,0.0,0.0,0,0.0,0.19192112747021622,0.0
MF,c3,921,0.575625,7.668710506098859e-05,0.4477025253504757,0.19197059397286875,4096,0,0,1.0,0.0,0.0,0,0.0,0.19197059397286875,0.0
MF,c3,922,0.57625,7.733131287210497e-05,0.44777143461107477,0.19201989357704374,4096,0,0,1.0,0.0,0.0,0,0.0,0.19201989357704374,0.0
MF,c3,923,0.576875,7.798836402226669e-05,0.4478397603392288,0.19206902790935387,4096,0,0,1.0,0.0,0.0,0,0.0,0.19206902790935387,0.0
MF,c3,924,0.5775,7.865858850323434e-05,0.447907510826448,0.19211799858815282,4096,0,0,1.0,0.0,0.0,0,0.0,0.19211799858815282,0.0
MF,c3,925,0.578125,7.934232275202462e-05,0.4479746942965316,0.192166807223556,4096,0,0,1.0,0.0,0.0,0,0.0,0.192166807223556,0.0
MF,c3,926,0.57875,8.003990973942634e-05,0.4480413189051057,0.1922154554174617,4096,0,0,1.0,0.0,0.0,0,0.0,0.1922154554174617,0.0
MF,c3,927,0.579375,8.075169905911023e-05,0.4481073927393143,0.19226394476357245,4096,0,0,1.0,0.0,0.0,0,0.0,0.19226394476357245,0.0
MF,c3,928,0.58,8.147804701735372e-05,0.4481729238174187,0.19231227684741675,4096,0,0,1.0,0.0,0.0,0,0.0,0.19231227684741675,0.0
MF,c3,929,0.5806250000000001,8.221931672335037e-05,0.4482379200884684,0.19236045324637147,4096,0,0,1.0,0.0,0.0,0,0.0,0.19236045324637147,0.0
MF,c3,930,0.58125,8.297587818009238e-05,0.44830238943204115,0.1924084755296837,4096,0,0,1.0,0.0,0.0,0,0.0,0.1924084755296837,0.0
MF,c3,931,0.581875,8.374810837583891e-05,0.4483663396578944,0.19245634525849387,4096,0,0,1.0,0.0,0.0,0,0.0,0.19245634525849387,0.0
MF,c3,932,0.5825,8.45363913761243e-05,0.4484297785057627,0.19250406398585823,4096,0,0,1.0,0.0,0.0,0,0.0,0.19250406398585823,0.0
MF,c3,933,0.583125,8.534111841633268e-05,0.44849271364505255,0.19255163325677233,4096,0,0,1.0,0.0,0.0,0,0.0,0.19255163325677233,0.0
MF,c3,934,0.58375,8.616268799478761e-05,0.4485551526746816,0.19259905460819415,4096,0,0,1.0,0.0,0.0,0,0.0,0.19259905460819415,0.0
MF,c3,935,0.584375,8.700150596638533e-05,0.4486171031228135,0.19264632956906763,4096,0,0,1.0,0.0,0.0,0,0.0,0.19264632956906763,0.0
MF,c3,936,0.585,8.785798563671696e-05,0.44867857244673914,0.19269345966034665,4096,0,0,1.0,0.0,0.0,0,0.0,0.19269345966034665,0.0
MF,c3,937,0.5856250000000001,8.873254785670902e-05,0.4487395680326503,0.19274044639501864,4096,0,0,1.0,0.0,0.0,0,0.0,0.19274044639501864,0.0
MF,c3,938,0.58625,8.9625621117725e-05,0.4488000971955593,0.19278729127812877,4096,0,0,1.0,0.0,0.0,0,0.0,0.19278729127812877,0.0
MF,c3,939,0.586875,9.053764164715901e-05,0.4488601671791137,0.19283399580680416,4096,0,0,1.0,0.0,0.0,0,0.0,0.19283399580680416,0.0
MF,c3,940,0.5875,9.146905350446063e-05,0.4489197851555515,0.1928805614702785,4096,0,0,1.0,0.0,0.0,0,0.0,0.1928805614702785,0.0
MF,c3,941,0.588125,9.242030867762324e-05,0.4489789582255538,0.19292698974991584,4096,0,0,1.0,0.0,0.0,0,0.0,0.19292698974991584,0.0
MF,c3,942,0.58875,9.339186718007234e-05,0.4490376934182374,0.19297328211923598,4096,0,0,1.0,0.0,0.0,0,0.0,0.19297328211923598,0.0
MF,c3,943,0.589375,9.438419714798711e-05,0.4490959976910425,0.1930194400439385,4096,0,0,1.0,0.0,0.0,0,0.0,0.1930194400439385,0.0
MF,c3,944,0.59,9.512800343928972e-05,0.44915387792976025,0.19306546498192786,4096,0,0,1.0,0.0,0.0,0,0.0,0.19306546498192786,0.0
MF,c3,945,0.5906250000000001,9.585914093066086e-05,0.4492113409484575,0.19311135838333798,4096,0,0,1.0,0.0,0.0,0,0.0,0.19311135838333798,0.0
MF,c3,946,0.59125,9.66040381232678e-05,0.44926839348953557,0.19315712169055727,4096,0,0,1.0,0.0,0.0,0,0.0,0.19315712169055727,0.0
MF,c3,947,0.591875,9.73630440350678e-05,0.4493250422236897,0.1932027563382536,4096,0,0,1.0,0.0,0.0,0,0.0,0.1932027563382536,0.0
MF,c3,948,0.5925,9.813651430579405e-05,0.4493812937499863,0.19324826375339893,4096,0,0,1.0,0.0,0.0,0,0.0,0.19324826375339893,0.0
MF,c3,949,0.593125,9.89248112833597e-05,0.449437154595913,0.19329364535529464,4096,0,0,1.0,0.0,0.0,0,0.0,0.19329364535529464,0.0
MF,c3,950,0.59375,9.972830411079207e-05,0.44949263121739874,0.19333890255559638,4096,0,0,1.0,0.0,0.0,0,0.0,0.19333890255559638,0.0
MF,c3,951,0.594375,0.00010054736881366537,0.44954772999895404,0.19338403675833898,4096,0,0,1.0,0.0,0.0,0,0.0,0.19338403675833898,0.0
MF,c3,952,0.595,0.00010138238838805358,0.44960245725370657,0.19342904935996158,4096,0,0,1.0,0.0,0.0,0,0.0,0.19342904935996158,0.0
MF,c3,953,0.595625,0.00010223375288895721,0.44965681922357037,0.19347394174933252,4096,0,0,1.0,0.0,0.0,0,0.0,0.19347394174933252,0.0
MF,c3,954,0.5962500000000001,0.00010310185951922923,0.4497108220793122,0.1935187153077743,4096,0,0,1.0,0.0,0.0,0,0.0,0.1935187153077743,0.0
MF,c3,955,0.596875,0.00010398711271895076,0.44976447192074653,0.19356337140908864,4096,0,0,1.0,0.0,0.0,0,0.0,0.19356337140908864,0.0
MF,c3,956,0.5975,0.00010488992425528273,0.44981777477683216,0.1936079114195811,4096,0,0,1.0,0.0,0.0,0,0.0,0.1936079114195811,0.0
MF,c3,957,0.598125,0.00010581071331274456,0.44987073660587884,0.19365233669808624,4096,0,0,1.0,0.0,0.0,0,0.0,0.19365233669808624,0.0
MF,c3,958,0.59875,0.00010674990658393125,0.449923363295726,0.19369664859599212,4096,0,0,1.0,0.0,0.0,0,0.0,0.19369664859599212,0.0
MF,c3,959,0.599375,0.0001077079383606565,0.4499756606638933,0.19374084845726536,4096,0,0,1.0,0.0,0.0,0,0.0,0.19374084845726536,0.0
MF,c3,960,0.6,0.00010868525062548129,0.4500276344578381,0.19378493761847548,4096,0,0,1.0,0.0,0.0,0,0.0,0.19378493761847548,0.0
MF,c3,961,0.600625,0.00010968229314365442,0.450079290355119,0.1938289174088198,4096,0,0,1.0,0.0,0.0,0,0.0,0.1938289174088198,0.0
MF,c3,962,0.6012500000000001,0.00011069952355540619,0.45013063396367603,0.19387278915014772,4096,0,0,1.0,0.0,0.0,0,0.0,0.19387278915014772,0.0
MF,c3,963,0.601875,0.00011173740746862539,0.4501816708220178,0.19391655415698528,4096,0,0,1.0,0.0,0.0,0,0.0,0.19391655415698528,0.0
MF,c3,964,0.6025,0.00011279641855186155,0.45023240639951206,0.1939602137365596,4096,0,0,1.0,0.0,0.0,0,0.0,0.1939602137365596,0.0
MF,c3,965,0.603125,0.00011387703862766469,0.45028284609664654,0.19400376918882306,4096,0,0,1.0,0.0,0.0,0,0.0,0.19400376918882306,0.0
MF,c3,966,0.60375,0.00011497975776624825,0.4503329952452638,0.19404722180647732,4096,0,0,1.0,0.0,0.0,0,0.0,0.19404722180647732,0.0
MF,c3,967,0.604375,0.00011610507437942669,0.450382859108895,0.1940905728749978,4096,0,0,1.0,0.0,0.0,0,0.0,0.1940905728749978,0.0
MF,c3,968,0.605,0.00011725349531485805,0.45043244288300294,0.1941338236726572,4096,0,0,1.0,0.0,0.0,0,0.0,0.1941338236726572,0.0
MF,c3,969,0.605625,0.00011842553595052287,0.4504817516953337,0.19417697547054957,4096,0,0,1.0,0.0,0.0,0,0.0,0.19417697547054957,0.0
MF,c3,970,0.6062500000000001,0.00011948521978607103,0.4505307906061825,0.19422002953261425,4096,0,0,1.0,0.0,0.0,0,0.0,0.19422002953261425,0.0
MF,c3,971,0.606875,0.00012035456100033675,0.4505795646087615,0.19426298711565904,4096,0,0,1.0,0.0,0.0,0,0.0,0.19426298711565904,0.0
MF,c3,972,0.6075,0.00012123961439997516,0.4506280786294849,0.19430584946938417,4096,0,0,1.0,0.0,0.0,0,0.0,0.19430584946938417,0.0
MF,c3,973,0.608125,0.00012214076690132022,0.45067633752835445,0.1943486178364054,4096,0,0,1.0,0.0,0.0,0,0.0,0.1943486178364054,0.0
MF,c3,974,0.60875,0.00012305841243973444,0.4507243460992628,0.1943912934522775,4096,0,0,1.0,0.0,0.0,0,0.0,0.1943912934522775,0.0
MF,c3,975,0.609375,0.0001239929520548412,0.4507721090703931,0.19443387754551733,4096,0,0,1.0,0.0,0.0,0,0.0,0.19443387754551733,0.0
MF,c3,976,0.61,0.00012494479397617643,0.4508196311045422,0.1944763713376268,4096,0,0,1.0,0.0,0.0,0,0.0,0.1944763713376268,0.0
MF,c3,977,0.610625,0.0001259143537092265,0.4508669167995327,0.1945187760431158,4096,0,0,1.0,0.0,0.0,0,0.0,0.1945187760431158,0.0
MF,c3,978,0.61125,0.00012690205412186134,0.45091397068855354,0.19456109286952494,4096,0,0,1.0,0.0,0.0,0,0.0,0.19456109286952494,0.0
MF,c3,979,0.6118750000000001,0.00012790832553112892,0.4509607972405849,0.19460332301744854,4096,0,0,1.0,0.0,0.0,0,0.0,0.19460332301744854,0.0
MF,c3,980,0.6125,0.0001289336057904185,0.4510074008607632,0.1946454676805565,4096,0,0,1.0,0.0,0.0,0,0.0,0.1946454676805565,0.0
MF,c3,981,0.613125,0.0001299783403769658,0.451053785890783,0.1946875280456173,4096,0,0,1.0,0.0,0.0,0,0.0,0.1946875280456173,0.0
MF,c3,982,0.61375,0.00013104298247968655,0.4510999566093294,0.1947295052925197,4096,0,0,1.0,0.0,0.0,0,0.0,0.1947295052925197,0.0
MF,c3,983,0.614375,0.00013212799308733579,0.4511459172324652,0.19477140059429549,4096,0,0,1.0,0.0,0.0,0,0.0,0.19477140059429549,0.0
MF,c3,984,0.615,0.00013323384107696853,0.4511916719140516,0.19481321511714084,4096,0,0,1.0,0.0,0.0,0,0.0,0.19481321511714084,0.0
MF,c3,985,0.615625,0.000134361003302684,0.45123722474619465,0.19485495002043846,4096,0,0,1.0,0.0,0.0,0,0.0,0.19485495002043846,0.0
MF,c3,986,0.61625,0.00013550996468465317,0.4512825797596535,0.1948966064567794,4096,0,0,1.0,0.0,0.0,0,0.0,0.1948966064567794,0.0
MF,c3,987,0.6168750000000001,0.0001366812182983989,0.4513277409242831,0.19493818557198447,4096,0,0,1.0,0.0,0.0,0,0.0,0.19493818557198447,0.0
MF,c3,988,0.6175,0.00013787526546432175,0.4513727121494702,0.1949796885051257,4096,0,0,1.0,0.0,0.0,0,0.0,0.1949796885051257,0.0
MF,c3,989,0.618125,0.0001390926158374467,0.4514174972845949,0.1950211163885477,4096,0,0,1.0,0.0,0.0,0,0.0,0.1950211163885477,0.0
MF,c3,990,0.61875,0.00014033378749738734,0.4514621001194638,0.19506247034788893,4096,0,0,1.0,0.0,0.0,0,0.0,0.19506247034788893,0.0
MF,c3,991,0.619375,0.0001415993070384979,0.4515065243847699,0.19510375150210268,4096,0,0,1.0,0.0,0.0,0,0.0,0.19510375150210268,0.0
MF,c3,992,0.62,0.00014288970966020153,0.45155077375255187,0.1951449609634779,4096,0,0,1.0,0.0,0.0,0,0.0,0.1951449609634779,0.0
MF,c3,993,0.620625,0.00014420553925747592,0.45159485183665654,0.19518609983766033,4096,0,0,1.0,0.0,0.0,0,0.0,0.19518609983766033,0.0
MF,c3,994,0.62125,0.00014554734851147827,0.45163986647988014,0.19522716922367284,4096,0,0,1.0,0.0,0.0,0,0.0,0.19522716922367284,0.0
MF,c3,995,0.6218750000000001,0.0001469156989802908,0.45168511840567427,0.1952681702139361,4096,0,0,1.0,0.0,0.0,0,0.0,0.1952681702139361,0.0
MF,c3,996,0.6225,0.00014831116118976738,0.45173021915831973,0.19530910389428927,4096,0,0,1.0,0.0,0.0,0,0.0,0.19530910389428927,0.0
MF,c3,997,0.623125,0.0001494819522659965,0.45177517147736884,0.19534997134400983,4096,0,0,1.0,0.0,0.0,0,0.0,0.19534997134400983,0.0
MF,c3,998,0.62375,0.00015052230216956334,0.4518199780566486,0.1953907736358343,4096,0,0,1.0,0.0,0.0,0,0.0,0.1953907736358343,0.0
MF,c3,999,0.624375,0.00015158080354010716,0.4518646415447163,0.19543151183597784,4096,0,0,1.0,0.0,0.0,0,0.0,0.19543151183597784,0.0
MF,c3,1000,0.625,0.0001526578882414004,0.4519091645453149,0.1954721870041547,4096,0,0,1.0,0.0,0.0,0,0.0,0.1954721870041547,0.0
MF,c3,1001,0.625625,0.0001537539955940851,0.4519535496178286,0.19551280019359762,4096,0,0,1.0,0.0,0.0,0,0.0,0.19551280019359762,0.0
MF,c3,1002,0.62625,0.00015486957245921878,0.4519977992777375,0.19555335245107802,4096,0,0,1.0,0.0,0.0,0,0.0,0.19555335245107802,0.0
MF,c3,1003,0.626875,0.00015600507332209438,0.45204191599707444,0.1955938448169252,4096,0,0,1.0,0.0,0.0,0,0.0,0.1955938448169252,0.0
MF,c3,1004,0.6275000000000001,0.00015716096037633786,0.4520859022048788,0.19563427832504626,4096,0,0,1.0,0.0,0.0,0,0.0,0.19563427832504626,0.0
MF,c3,1005,0.628125,0.00015833770360825265,0.45212976028765023,0.19567465400294526,4096,0,0,1.0,0.0,0.0,0,0.0,0.19567465400294526,0.0
MF,c3,1006,0.62875,0.00015953578088140772,0.4521734925897998,0.19571497287174272,4096,0,0,1.0,0.0,0.0,0,0.0,0.19571497287174272,0.0
MF,c3,1007,0.629375,0.00016075567802144357,0.4522171014141099,0.19575523594619482,4096,0,0,1.0,0.0,0.0,0,0.0,0.19575523594619482,0.0
MF,c3,1008,0.63,0.00016199788890109947,0.4522605890221803,0.19579544423471246,4096,0,0,1.0,0.0,0.0,0,0.0,0.19579544423471246,0.0
MF,c3,1009,0.630625,0.00016326291552543057,0.452303957634877,0.1958355987393804,4096,0,0,1.0,0.0,0.0,0,0.0,0.1958355987393804,0.0
MF,c3,1010,0.63125,0.00016455126811719964,0.45234720943279266,0.19587570045597613,4096,0,0,1.0,0.0,0.0,0,0.0,0.19587570045597613,0.0
MF,c3,1011,0.631875,0.00016586346520244615,0.45239034655668253,0.195915750373989,4096,0,0,1.0,0.0,0.0,0,0.0,0.195915750373989,0.0
MF,c3,1012,0.6325000000000001,0.00016720003369618722,0.45243337110792703,0.1959557494766386,4096,0,0,1.0,0.0,0.0,0,0.0,0.1959557494766386,0.0
MF,c3,1013,0.633125,0.00016856150898826447,0.4524762851489667,0.1959956987408938,4096,0,0,1.0,0.0,0.0,0,0.0,0.1959956987408938,0.0
MF,c3,1014,0.63375,0.00016994843502929886,0.4525190907037466,0.19603559913749125,4096,0,0,1.0,0.0,0.0,0,0.0,0.19603559913749125,0.0
MF,c3,1015,0.634375,0.00017136136441673686,0.45256178975817535,0.19607545163095397,4096,0,0,1.0,0.0,0.0,0,0.0,0.19607545163095397,0.0
MF,c3,1016,0.635,0.000172800858480991,0.45260438426054744,0.19611525717960976,4096,0,0,1.0,0.0,0.0,0,0.0,0.19611525717960976,0.0
MF,c3,1017,0.635625,0.00017426748737162456,0.45264687612200555,0.19615501673560987,4096,0,0,1.0,0.0,0.0,0,0.0,0.19615501673560987,0.0
MF,c3,1018,0.63625,0.00017576183014359782,0.4526892672169577,0.1961947312449469,4096,0,0,1.0,0.0,0.0,0,0.0,0.1961947312449469,0.0
MF,c3,1019,0.636875,0.00017728447484352287,0.45273155938353155,0.19623440164747358,4096,0,0,1.0,0.0,0.0,0,0.0,0.19623440164747358,0.0
MF,c3,1020,0.6375000000000001,0.00017883601859593104,0.452773754424013,0.1962740288769207,4096,0,0,1.0,0.0,0.0,0,0.0,0.1962740288769207,0.0
MF,c3,1021,0.638125,0.000180417067689534,0.4528158541052591,0.1963136138609154,4096,0,0,1.0,0.0,0.0,0,0.0,0.1963136138609154,0.0
MF,c3,1022,0.63875,0.00018202823766343455,0.45285786015915797,0.19635315752099908,4096,0,0,1.0,0.0,0.0,0,0.0,0.19635315752099908,0.0
MF,c3,1023,0.639375,0.00018367015339330314,0.45289977428303074,0.19639266077264594,4096,0,0,1.0,0.0,0.0,0,0.0,0.19639266077264594,0.0
MF,c3,1024,0.64,0.0001850697760448833,0.4529415981400896,0.19643212452528047,4096,0,0,1.0,0.0,0.0,0,0.0,0.19643212452528047,0.0
MF,c3,1025,0.640625,0.00018630120494403157,0.45298333335983365,0.1964715496822957,4096,0,0,1.0,0.0,0.0,0,0.0,0.1964715496822957,0.0
MF,c3,1026,0.64125,0.00018755334725114193,0.45302498153849646,0.1965109371410712,4096,0,0,1.0,0.0,0.0,0,0.0,0.1965109371410712,0.0
MF,c3,1027,0.641875,0.00018882667984150588,0.45306654423946907,0.19655028779299077,4096,0,0,1.0,0.0,0.0,0,0.0,0.19655028779299077,0.0
MF,c3,1028,0.6425,0.000190121687437356,0.453108022993694,0.19658960252346053,4096,0,0,1.0,0.0,0.0,0,0.0,0.19658960252346053,0.0
MF,c3,1029,0.6431250000000001,0.00019143886268876896,0.45314941930011776,0.19662888221192643,4096,0,0,1.0,0.0,0.0,0,0.0,0.19662888221192643,0.0
MF,c3,1030,0.64375,0.00019277870625475897,0.4531907346260702,0.19666812773189246,4096,0,0,1.0,0.0,0.0,0,0.0,0.19666812773189246,0.0
MF,c3,1031,0.644375,0.00019414172688447863,0.45323197040770474,0.19670733995093814,4096,0,0,1.0,0.0,0.0,0,0.0,0.19670733995093814,0.0
MF,c3,1032,0.645,0.00019552844149855786,0.4532731280504098,0.19674651973073626,4096,0,0,1.0,0.0,0.0,0,0.0,0.19674651973073626,0.0
MF,c3,1033,0.645625,0.0001969393752705663,0.4533142089291876,0.1967856679270708,4096,0,0,1.0,0.0,0.0,0,0.0,0.1967856679270708,0.0
MF,c3,1034,0.64625,0.00019837506170853616,0.4533552143890988,0.1968247853898546,4096,0,0,1.0,0.0,0.0,0,0.0,0.1968247853898546,0.0
MF,c3,1035,0.646875,0.00019983604273660012,0.45339614574562564,0.19686387296314667,4096,0,0,1.0,0.0,0.0,0,0.0,0.19686387296314667,0.0
MF,c3,1036,0.6475,0.00020132286877665832,0.453437004285103,0.1969029314851706,4096,0,0,1.0,0.0,0.0,0,0.0,0.1969029314851706,0.0
MF,c3,1037,0.6481250000000001,0.0002028360988301031,0.4534777912651161,0.19694196178833157,4096,0,0,1.0,0.0,0.0,0,0.0,0.19694196178833157,0.0
MF,c3,1038,0.64875,0.00020437630055958732,0.45351850791486487,0.19698096469923426,4096,0,0,1.0,0.0,0.0,0,0.0,0.19698096469923426,0.0
MF,c3,1039,0.649375,0.00020594405037076884,0.45355915543559827,0.19701994103870069,4096,0,0,1.0,0.0,0.0,0,0.0,0.19701994103870069,0.0
MF,c3,1040,0.65,0.0002075399334940873,0.4535997350009614,0.19705889162178758,4096,0,0,1.0,0.0,0.0,0,0.0,0.19705889162178758,0.0
DNS,c1,0,0.0,0.0,1.0,0.5,3520,0,576,0.859375,0.0,0.140625,0,0.0,0.5,0.0
DNS,c1,1,0.000625,0.0,1.0,0.4994256031624259,3776,0,320,0.921875,0.0,0.078125,0,0.0,0.4994256031624259,0.0
DNS,c1,2,0.00125,0.0,1.0,0.4988727196937265,4032,0,64,0.984375,0.0,0.015625,0,0.0,0.4988727196937265,0.0
DNS,c1,3,0.001875,6.582197263588797e-33,1.0,0.4983397418611731,4096,0,0,1.0,0.0,0.0,0,0.0,0.4983397418611731,0.0
DNS,c1,4,0.0025,1.082477477140293e-31,1.0,0.4978252326129401,4096,0,0,1.0,0.0,0.0,0,0.0,0.4978252326129401,0.0
DNS,c1,5,0.003125,8.041491280898274e-31,1.0,0.49732790080882966,4096,0,0,1.0,0.0,0.0,0,0.0,0.49732790080882966,0.0
DNS,c1,6,0.00375,3.905299332490711e-30,1.0,0.496846580991314,4096,0,0,1.0,0.0,0.0,0,0.0,0.496846580991314,0.0
DNS,c1,7,0.004375,1.442436581820319e-29,1.0,0.49638021670798527,4096,0,0,1.0,0.0,0.0,0,0.0,0.49638021670798527,0.0
DNS,c1,8,0.005,4.389584112994593e-29,1.0,0.4959278466389561,4096,0,0,1.0,0.0,0.0,0,0.0,0.4959278466389561,0.0
DNS,c1,9,0.005625,1.155212245180006e-28,1.0,0.4954885929602821,4096,0,0,1.0,0.0,0.0,0,0.0,0.4954885929602821,0.0
DNS,c1,10,0.00625,2.7142845242315704e-28,1.0,0.49506165150629633,4096,0,0,1.0,0.0,0.0,0,0.0,0.49506165150629633,0.0
DNS,c1,11,0.006875,5.821915451549563e-28,1.0,0.494646283392752,4096,0,0,1.0,0.0,0.0,0,0.0,0.494646283392752,0.0
DNS,c1,12,0.0075,1.1585960602508199e-27,1.0,0.49424180783757193,4096,0,0,1.0,0.0,0.0,0,0.0,0.49424180783757193,0.0
DNS,c1,13,0.008125,2.1654766667031732e-27,1.0,0.4938475959728356,4096,0,0,1.0,0.0,0.0,0,0.0,0.4938475959728356,0.0
DNS,c1,14,0.00875,3.8373092448481755e-27,1.0,0.49346306548470675,4096,0,0,1.0,0.0,0.0,0,0.0,0.49346306548470675,0.0
DNS,c1,15,0.009375,6.495121327924189e-27,1.0,0.49308767595055625,4096,0,0,1.0,0.0,0.0,0,0.0,0.49308767595055625,0.0
DNS,c1,16,0.01,1.0564197304899406e-26,1.0,0.4927209247671139,4096,0,0,1.0,0.0,0.0,0,0.0,0.4927209247671139,0.0
DNS,c1,17,0.010625,1.6592000946581098e-26,1.0,0.4923623435821247,4096,0,0,1.0,0.0,0.0,0,0.0,0.4923623435821247,0.0
DNS,c1,18,0.01125,2.5265717017394536e-26,1.0,0.49201149515636405,4096,0,0,1.0,0.0,0.0,0,0.0,0.49201149515636405,0.0
DNS,c1,19,0.011875,-0.0007878929289179474,1.0,0.4916679705942507,4094,2,0,0.99951171875,0.00048828125,0.0,2,0.00048828125,0.4916682809962463,-3.104019955953408e-07
DNS,c1,20,0.0125,-0.001721712102592721,1.0,0.4913313868906626,4093,3,0,0.999267578125,0.000732421875,0.0,3,0.000732421875,0.4913323003603504,-9.134696878579936e-07
DNS,c1,21,0.013125,-0.002300326803335262,1.0,0.4910013847495188,4092,4,0,0.9990234375,0.0009765625,0.0,4,0.0009765625,0.49100293407844897,-1.549328930191276e-06
DNS,c1,22,0.01375,-0.0026041458802889073,1.0,0.490677626636615,4092,4,0,0.9990234375,0.0009765625,0.0,4,0.0009765625,0.49067961400550153,-1.987368886517192e-06
DNS,c1,23,0.014375,-0.0027006592010361662,1.0,0.49035979503524685,4091,5,0,0.998779296875,0.001220703125,0.0,5,0.001220703125,0.49036201960812154,-2.224572874687224e-06
DNS,c1,24,0.015,-0.002645758144982262,1.002539825409174,0.49004759087836713,4091,5,0,0.998779296875,0.001220703125,0.0,5,0.001220703125,0.490049969115778,-2.3782374108821453e-06
DNS,c1,25,0.015625,-0.002495177092087659,1.0053434401642634,0.4897407321353953,4090,6,0,0.99853515625,0.00146484375,0.0,6,0.00146484375,0.4897431203529781,-2.3882175828146563e-06
DNS,c1,26,0.01625,-0.0022891557883058847,1.0075442210867818,0.4894389525353477,4090,6,0,0.99853515625,0.00146484375,0.0,6,0.00146484375,0.4894413026123584,-2.3500770106922495e-06
DNS,c1,27,0.016875,-0.00203668321411752,1.009203480503827,0.4891420004107424,4090,6,0,0.99853515625,0.00146484375,0.0,6,0.00146484375,0.48914420751529675,-2.2071045543068256e-06
DNS,c1,28,0.0175,-0.001760842680432616,1.010381618855987,0.4888496376488773,4088,8,0,0.998046875,0.001953125,0.0,8,0.001953125,0.488852201719883,-2.5640710055916253e-06
DNS,c1,29,0.018125,-0.002568614405748988,1.011137292105931,0.4885616387387375,4087,9,0,0.997802734375,0.002197265625,0.0,9,0.002197265625,0.4885647087977962,-3.0700590587076875e-06
DNS,c1,30,0.01875,-0.0033256016425571855,1.0115267257430918,0.4882777899031147,4086,10,0,0.99755859375,0.00244140625,0.0,10,0.00244140625,0.48828135020467794,-3.560301563224615e-06
DNS,c1,31,0.019375,-0.0037667419344244364,1.0116776851153548,0.4879978883066694,4086,10,0,0.99755859375,0.00244140625,0.0,10,0.00244140625,0.4880018337704795,-3.945463810136001e-06
DNS,c1,32,0.02,-0.003961004271090124,1.0115970073011535,0.4877217413317199,4086,10,0,0.99755859375,0.00244140625,0.0,10,0.00244140625,0.4877258130920033,-4.071760283349334e-06
DNS,c1,33,0.020625,-0.00396708526738122,1.0112871233199423,0.48744916591455406,4085,11,0,0.997314453125,0.002685546875,0.0,11,0.002685546875,0.4874532233285905,-4.057414036412069e-06
DNS,c1,34,0.02125,-0.0038816976933696,1.0107904576729396,0.4871799879360177,4085,11,0,0.997314453125,0.002685546875,0.0,11,0.002685546875,0.4871839609867997,-3.973050782057107e-06
DNS,c1,35,0.021875000000000002,-0.0036934248567582367,1.0101456535875821,0.4869140416610168,4082,14,0,0.99658203125,0.00341796875,0.0,14,0.00341796875,0.48691780486510955,-3.7632040927368173e-06
DNS,c1,36,0.0225,-0.003429895471998758,1.009387544604846,0.48665116922232793,4081,15,0,0.996337890625,0.003662109375,0.0,15,0.003662109375,0.48665471494804735,-3.5457257194398642e-06
DNS,c1,37,0.023125,-0.0031191506410746667,1.0085471965163613,0.48639122014472286,4084,12,0,0.9970703125,0.0029296875,0.0,12,0.0029296875,0.4863945915963948,-3.3714516719319475e-06
DNS,c1,38,0.02375,-0.0027834409507050584,1.0085406675677913,0.4861340509058714,4083,13,0,0.996826171875,0.003173828125,0.0,13,0.003173828125,0.48613752626038426,-3.475354512831447e-06
DNS,c1,39,0.024375,-0.0024400364064095584,1.0109294552678239,0.48587952453080724,4080,16,0,0.99609375,0.00390625,0.0,16,0.00390625,0.4858834329075373,-3.908376730039734e-06
DNS,c1,40,0.025,-0.0032404643817036216,1.0127550766172855,0.48562751021697204,4081,15,0,0.996337890625,0.003662109375,0.0,15,0.003662109375,0.48563183071491295,-4.3204979408929685e-06
DNS,c1,41,0.025625000000000002,-0.0037600087160814767,1.014079409477159,0.4853778829870357,4081,15,0,0.996337890625,0.003662109375,0.0,15,0.003662109375,0.48538237007585683,-4.487088821096635e-06
DNS,c1,42,0.02625,-0.004037613989318929,1.0149617381165021,0.485130523366875,4080,16,0,0.99609375,0.00390625,0.0,16,0.00390625,0.48513520867011545,-4.685303240442024e-06
DNS,c1,43,0.026875,-0.004125202219261278,1.0154815612307637,0.48488531708630356,4080,16,0,0.99609375,0.00390625,0.0,16,0.00390625,0.4848900179525399,-4.700866236305056e-06
DNS,c1,44,0.0275,-0.004067286484070028,1.015846472566196,0.4846421548003976,4079,17,0,0.995849609375,0.004150390625,0.0,17,0.004150390625,0.4846467599982162,-4.605197818597212e-06
DNS,c1,45,0.028125,-0.003918469335063551,1.0159084898763955,0.4844009318295406,4078,18,0,0.99560546875,0.00439453125,0.0,18,0.00439453125,0.48440540987905734,-4.478049516791468e-06
DNS,c1,46,0.02875,-0.003744380925081989,1.0157134945660609,0.484161547916595,4079,17,0,0.995849609375,0.004150390625,0.0,17,0.004150390625,0.484165810476246,-4.2625596510002074e-06
DNS,c1,47,0.029375000000000002,-0.0035049603623480085,1.0153037681041455,0.48392390699987037,4079,17,0,0.995849609375,0.004150390625,0.0,17,0.004150390625,0.48392787000027077,-3.963000400399749e-06
DNS,c1,48,0.03,-0.0032229880149353424,1.0147179649332527,0.48368791700076885,4078,18,0,0.99560546875,0.00439453125,0.0,18,0.00439453125,0.4836915440932104,-3.6270924415769124e-06
DNS,c1,49,0.030625,-0.0029168468008130203,1.0139911420720777,0.4834534896251406,4078,18,0,0.99560546875,0.00439453125,0.0,18,0.00439453125,0.48345700274082026,-3.5131156796633e-06
DNS,c1,50,0.03125,-0.002601087568026442,1.0131548361435454,0.48322054017746113,4079,17,0,0.995849609375,0.004150390625,0.0,17,0.004150390625,0.4832242080746884,-3.667897227283274e-06
DNS,c1,51,0.031875,-0.002921429319164827,1.0122371791402323,0.4829889873869781,4078,18,0,0.99560546875,0.00439453125,0.0,18,0.00439453125,0.4829930503123417,-4.062925363582821e-06
DNS,c1,52,0.0325,-0.0034556356389041617,1.0112630449283744,0.4827587532449699,4078,18,0,0.99560546875,0.00439453125,0.0,18,0.00439453125,0.48276304463992475,-4.291394954874746e-06
DNS,c1,53,0.033125,-0.0037744750895185655,1.0115294680531488,0.48252976285224963,4078,18,0,0.99560546875,0.00439453125,0.0,18,0.00439453125,0.48253409982097406,-4.336968724394649e-06
DNS,c1,54,0.03375,-0.003920149768420435,1.0131081047211856,0.48230194427605033,4080,16,0,0.99609375,0.00390625,0.0,16,0.00390625,0.482306196317343,-4.2520412926831486e-06
DNS,c1,55,0.034375,-0.0039293939064788935,1.0142622731502395,0.482075228415459,4079,17,0,0.995849609375,0.004150390625,0.0,17,0.004150390625,0.48207943284882676,-4.20443336775343e-06
DNS,c1,56,0.035,-0.003833831046743375,1.015040655121781,0.48184954887463016,4079,17,0,0.995849609375,0.004150390625,0.0,17,0.004150390625,0.48185375671684183,-4.207842211668907e-06
DNS,c1,57,0.035625000000000004,-0.0036603702401488323,1.0154892078171418,0.48162484184310156,4078,18,0,0.99560546875,0.00439453125,0.0,18,0.00439453125,0.48162892607867325,-4.084235571691409e-06
DNS,c1,58,0.03625,-0.0034316251039320737,1.0156510115597002,0.4814010459826439,4077,19,0,0.995361328125,0.004638671875,0.0,19,0.004638671875,0.4814049142697998,-3.868287155968063e-06
DNS,c1,59,0.036875,-0.0031766683276787384,1.015566175477702,0.4811781023201844,4077,19,0,0.995361328125,0.004638671875,0.0,19,0.004638671875,0.48118169072695305,-3.5884067686863176e-06
DNS,c1,60,0.0375,-0.002960049520475601,1.0152717941004477,0.480955954146443,4078,18,0,0.99560546875,0.00439453125,0.0,18,0.00439453125,0.48095922400243235,-3.2698559893772216e-06
DNS,c1,61,0.038125,-0.002719340051733468,1.0150133506937626,0.48073454691998707,4077,19,0,0.995361328125,0.004638671875,0.0,19,0.004638671875,0.48073753951287146,-2.9925928844304282e-06
DNS,c1,62,0.03875,-0.0024661037676648396,1.0146202719431328,0.48051382817645394,4077,19,0,0.995361328125,0.004638671875,0.0,19,0.004638671875,0.4805169030044113,-3.0748279573574266e-06
DNS,c1,63,0.039375,-0.0022095157015141207,1.0140883837964314,0.48029374744270065,4077,19,0,0.995361328125,0.004638671875,0.0,19,0.004638671875,0.4802969790005169,-3.2315578162328565e-06
DNS,c1,64,0.04,-0.0026567699916027147,1.0134439762827727,0.4800742561556293,4079,17,0,0.995849609375,0.004150390625,0.0,17,0.004150390625,0.4800776638846469,-3.4077290175922074e-06
DNS,c1,65,0.040625,-0.003061724031128218,1.0127107378608162,0.4798553075854141,4079,17,0,0.995849609375,0.004150390625,0.0,17,0.004150390625,0.4798588749704279,-3.567385013739961e-06
DNS,c1,66,0.04125,-0.0033089312489738274,1.0119098679021368,0.47963685676282897,4079,17,0,0.995849609375,0.004150390625,0.0,17,0.004150390625,0.4796404900280297,-3.633265200844362e-06
DNS,c1,67,0.041875,-0.0034277752790994606,1.0110602023176343,0.4794188604103614,4079,17,0,0.995849609375,0.004150390625,0.0,17,0.004150390625,0.47942257090954077,-3.710499179339234e-06
DNS,c1,68,0.0425,-0.0034439810747327513,1.0102886338367805,0.47920127687679837,4080,16,0,0.99609375,0.00390625,0.0,16,0.00390625,0.47920496063468576,-3.683757887430852e-06
DNS,c1,69,0.043125000000000004,-0.0033798577298943433,1.011562529773128,0.4789840660749816,4082,14,0,0.99658203125,0.00341796875,0.0,14,0.00341796875,0.4789876383935222,-3.5723185405535458e-06
DNS,c1,70,0.043750000000000004,-0.003254560497005532,1.0125054604246895,0.478767189422471,4083,13,0,0.996826171875,0.003173828125,0.0,13,0.003173828125,0.4787705870852064,-3.397662735355484e-06
DNS,c1,71,0.044375,-0.0030843633189239833,1.013153795008929,0.4785506097848909,4083,13,0,0.996826171875,0.003173828125,0.0,13,0.003173828125,0.47855378996137765,-3.1801764867404107e-06
DNS,c1,72,0.045,-0.002882934421250587,1.013541767402746,0.4783342914217863,4083,13,0,0.996826171875,0.003173828125,0.0,13,0.003173828125,0.4783372243929284,-2.9329711421403625e-06
DNS,c1,73,0.045625,-0.0026616087418223407,1.0137014254790284,0.4781181999348594,4083,13,0,0.996826171875,0.003173828125,0.0,13,0.003173828125,0.47812090989051814,-2.7099556587609615e-06
DNS,c1,74,0.04625,-0.0024296521641439654,1.013662610601472,0.47790230221849095,4084,12,0,0.9970703125,0.0029296875,0.0,12,0.0029296875,0.4779047971943226,-2.4949758317145103e-06
DNS,c1,75,0.046875,-0.0021945136362459114,1.013452963289222,0.4776865664124738,4085,11,0,0.997314453125,0.002685546875,0.0,11,0.002685546875,0.4776888426747515,-2.276262277603439e-06
DNS,c1,76,0.0475,-0.001965299509985899,1.0130979512764609,0.47747096185689414,4085,11,0,0.997314453125,0.002685546875,0.0,11,0.002685546875,0.477473103428698,-2.1415718038735127e-06
DNS,c1,77,0.048125,-0.0017906156280663684,1.0126209164410842,0.4772554590490878,4083,13,0,0.996826171875,0.003173828125,0.0,13,0.003173828125,0.4772577527452288,-2.29369614100488e-06
DNS,c1,78,0.04875,-0.00162548373405786,1.0120431373479062,0.47704002960258995,4083,13,0,0.996826171875,0.003173828125,0.0,13,0.003173828125,0.47704239830123873,-2.3686986487218004e-06
DNS,c1,79,0.049375,-0.002037826934423025,1.0113839044345796,0.47682464620797305,4085,11,0,0.997314453125,0.002685546875,0.0,11,0.002685546875,0.47682703445883545,-2.3882508624245023e-06
DNS,c1,80,0.05,-0.0023226908528869105,1.0106606051539457,0.476609282595453,4085,11,0,0.997314453125,0.002685546875,0.0,11,0.002685546875,0.4766117696132092,-2.4870177562440316e-06
DNS,c1,81,0.050625,-0.0025015690189491486,1.0098888166680842,0.4763939134991303,4086,10,0,0.99755859375,0.00244140625,0.0,10,0.00244140625,0.4763964275911017,-2.5140919713683242e-06
DNS,c1,82,0.051250000000000004,-0.002593461485109101,1.0090824039617674,0.4761785146227301,4084,12,0,0.9970703125,0.0029296875,0.0,12,0.0029296875,0.4761811010366886,-2.58641395850577e-06
DNS,c1,83,0.051875000000000004,-0.002615034038819377,1.0082536215026192,0.47596306260670673,4084,12,0,0.9970703125,0.0029296875,0.0,12,0.0029296875,0.4759656687738796,-2.6061671728517925e-06
DNS,c1,84,0.0525,-0.002580787796643161,1.0075286731956061,0.4757475349965969,4084,12,0,0.9970703125,0.0029296875,0.0,12,0.0029296875,0.47575010005075774,-2.565054160830388e-06
DNS,c1,85,0.053125,-0.0025032344094901094,1.0072552712366583,0.47553191021252245,4084,12,0,0.9970703125,0.0029296875,0.0,12,0.0029296875,0.4755343876060361,-2.47739351366356e-06
DNS,c1,86,0.05375,-0.002393072766976218,1.0081634082372803,0.4753161675197696,4085,11,0,0.997314453125,0.002685546875,0.0,11,0.002685546875,0.4753185229591511,-2.3554393815323093e-06
DNS,c1,87,0.054375,-0.0022658498858359774,1.0088401906679092,0.47510028700039675,4085,11,0,0.997314453125,0.002685546875,0.0,11,0.002685546875,0.47510249829267925,-2.211292282506766e-06
DNS,c1,88,0.055,-0.002134068311855874,1.0093100495357856,0.4748842495258424,4084,12,0,0.9970703125,0.0029296875,0.0,12,0.0029296875,0.4748863076945601,-2.0581687176690815e-06
DNS,c1,89,0.055625,-0.0019899882629974674,1.0095959032931099,0.47466803673052216,4084,12,0,0.9970703125,0.0029296875,0.0,12,0.0029296875,0.4746699683763431,-1.9316458209586e-06
DNS,c1,90,0.05625,-0.001838889816491428,1.0097191624353854,0.4744516309864113,4085,11,0,0.997314453125,0.002685546875,0.0,11,0.002685546875,0.4744534230734194,-1.7920870081297748e-06
DNS,c1,91,0.056875,-0.0016850672105912833,1.0096997467155435,0.4742350153786103,4086,10,0,0.99755859375,0.00244140625,0.0,10,0.00244140625,0.4742366711913796,-1.6558127692790795e-06
DNS,c1,92,0.0575,-0.0015319559138455808,1.0095561131140507,0.4740181736818863,4089,7,0,0.998291015625,0.001708984375,0.0,7,0.001708984375,0.47401969331712795,-1.5196352416797732e-06
DNS,c1,93,0.058125,-0.0013822494345246388,1.0093052928467519,0.4738010903381704,4089,7,0,0.998291015625,0.001708984375,0.0,7,0.001708984375,0.4738024808574311,-1.3905192606974915e-06
DNS,c1,94,0.058750000000000004,-0.001238005734747892,1.0089629358362007,0.47358375043497863,4087,9,0,0.997802734375,0.002197265625,0.0,9,0.002197265625,0.473585105408696,-1.3549737173919965e-06
DNS,c1,95,0.059375000000000004,-0.0011007433457947808,1.0085433612154624,0.4733661396847095,4088,8,0,0.998046875,0.001953125,0.0,8,0.001953125,0.4733674691787699,-1.3294940603993961e-06
DNS,c1,96,0.06,-0.001124322160384027,1.0080596125733898,0.4731482444047598,4086,10,0,0.99755859375,0.00244140625,0.0,10,0.00244140625,0.4731496109749974,-1.3665702376416763e-06
DNS,c1,97,0.060625,-0.0013614352459324628,1.0075235167852765,0.47293005149839007,4086,10,0,0.99755859375,0.00244140625,0.0,10,0.00244140625,0.47293153241576935,-1.4809173792477746e-06
DNS,c1,98,0.06125,-0.0015288465894470545,1.0069457454012571,0.4727115484362703,4086,10,0,0.99755859375,0.00244140625,0.0,10,0.00244140625,0.47271309188664673,-1.543450376425277e-06
DNS,c1,99,0.061875,-0.0016379112343540012,1.0063358776859073,0.4724927232386343,4086,10,0,0.99755859375,0.00244140625,0.0,10,0.00244140625,0.4724942872974693,-1.5640588350071496e-06
DNS,c1,100,0.0625,-0.00169864682172409,1.0057024645156367,0.4722735644579824,4086,10,0,0.99755859375,0.00244140625,0.0,10,0.00244140625,0.4722751157232286,-1.5512652461888367e-06
DNS,c1,101,0.063125,-0.001719837568630158,1.0050530924453591,0.4720540611622795,4087,9,0,0.997802734375,0.002197265625,0.0,9,0.002197265625,0.472055573939444,-1.5127771644617324e-06
DNS,c1,102,0.06375,-0.001709137727683839,1.0043944473524926,0.4718342029186083,4087,9,0,0.997802734375,0.002197265625,0.0,9,0.002197265625,0.47183565795167476,-1.4550330665160594e-06
DNS,c1,103,0.064375,-0.001673173026173154,1.003732377154687,0.47161397977725605,4086,10,0,0.99755859375,0.00244140625,0.0,10,0.00244140625,0.4716153764003167,-1.3966230606437805e-06
DNS,c1,104,0.065,-0.001617638865137029,1.0030719531780088,0.47139338225622085,4086,10,0,0.99755859375,0.00244140625,0.0,10,0.00244140625,0.47139474150993704,-1.3592537162112905e-06
DNS,c1,105,0.065625,-0.0015473943194204657,1.0024175298249516,0.47117240132613986,4086,10,0,0.99755859375,0.00244140625,0.0,10,0.00244140625,0.47117370526175006,-1.3039356102358435e-06
DNS,c1,106,0.06625,-0.0014665512162513243,1.0017728022569783,0.47095102839564734,4086,10,0,0.99755859375,0.00244140625,0.0,10,0.00244140625,0.4709522638667022,-1.2354710548443772e-06
DNS,c1,107,0.066875,-0.0013785577804908944,1.001777653785531,0.47072925529717713,4086,10,0,0.99755859375,0.00244140625,0.0,10,0.00244140625,0.47073041316351283,-1.1578663356825463e-06
DNS,c1,108,0.0675,-0.0012862765188724505,1.002103018592517,0.47050707427322314,4087,9,0,0.997802734375,0.002197265625,0.0,9,0.002197265625,0.47050815286886677,-1.078595643628631e-06
DNS,c1,109,0.068125,-0.0011920561735912914,1.0023130388163577,0.4702844779630705,4087,9,0,0.997802734375,0.002197265625,0.0,9,0.002197265625,0.47028547596381187,-9.980007413811469e-07
DNS,c1,110,0.06875,-0.0010977977085806139,1.002420159709642,0.4700614593900041,4089,7,0,0.998291015625,0.001708984375,0.0,7,0.001708984375,0.4700623829699265,-9.235799223463914e-07
DNS,c1,111,0.069375,-0.0010050144012486919,1.0024359429902987,0.46983801194899216,4089,7,0,0.998291015625,0.001708984375,0.0,7,0.001708984375,0.4698388638291127,-8.518801205558403e-07
DNS,c1,112,0.07,-0.0009148862002654849,1.0023710959602055,0.4696141293948367,4091,5,0,0.998779296875,0.001220703125,0.0,5,0.001220703125,0.46961491628810237,-7.86893265633138e-07
DNS,c1,113,0.07062500000000001,-0.000828308578286782,1.0022355030794847,0.46938980583077294,4091,5,0,0.998779296875,0.001220703125,0.0,5,0.001220703125,0.4693905322678493,-7.264370763787625e-07
DNS,c1,114,0.07125000000000001,-0.0007459361595072607,1.0020382594456874,0.46916503569749035,4091,5,0,0.998779296875,0.001220703125,0.0,5,0.001220703125,0.46916570047212697,-6.647746365964133e-07
DNS,c1,115,0.07187500000000001,-0.0006682214378650035,1.0017877056838633,0.4689398137625481,4091,5,0,0.998779296875,0.001220703125,0.0,5,0.001220703125,0.468940416983074,-6.032205258607981e-07
DNS,c1,116,0.0725,-0.0005954489247416837,1.0014914638070938,0.4687141351101469,4091,5,0,0.998779296875,0.001220703125,0.0,5,0.001220703125,0.46871467791798826,-5.428078413791708e-07
DNS,c1,117,0.073125,-0.0005277650771634453,1.0011564736572582,0.46848799513122447,4091,5,0,0.998779296875,0.001220703125,0.0,5,0.001220703125,0.46848847946155,-4.843303255596976e-07
DNS,c1,118,0.07375,-0.0004652043607062008,1.0007890295825914,0.4682613895138398,4089,7,0,0.998291015625,0.001708984375,0.0,7,0.001708984375,0.46826184599815646,-4.564843166271957e-07
DNS,c1,119,0.074375,-0.0004077117972720377,1.0003948170519175,0.4680343142338163,4089,7,0,0.998291015625,0.001708984375,0.0,7,0.001708984375,0.4680347995112884,-4.852774720954133e-07
DNS,c1,120,0.075,-0.00036834013502085646,1.0000000000000002,0.46780676554561745,4090,6,0,0.99853515625,0.00146484375,0.0,6,0.00146484375,0.4678072686440046,-5.030983872144867e-07
DNS,c1,121,0.075625,-0.00047375740763041255,1.0000000000000002,0.4675787399734376,4090,6,0,0.99853515625,0.00146484375,0.0,6,0.00146484375,0.4675792495860479,-5.096126103873113e-07
DNS,c1,122,0.07625,-0.0005518865100021437,1.0000000000000002,0.46735023430249323,4090,6,0,0.99853515625,0.00146484375,0.0,6,0.00146484375,0.46735074118218617,-5.068796929504743e-07
DNS,c1,123,0.076875,-0.0006070272496338751,1.0000000000000002,0.46712124557051093,4090,6,0,0.99853515625,0.00146484375,0.0,6,0.00146484375,0.46712174239060056,-4.968200896307726e-07
DNS,c1,124,0.0775,-0.0006429533986398685,1.0000000000000002,0.466891771059408,4090,6,0,0.99853515625,0.00146484375,0.0,6,0.00146484375,0.46689225212920976,-4.810698017558254e-07
DNS,c1,125,0.078125,-0.0006629625002492906,1.0000000000000002,0.46666180828717363,4089,7,0,0.998291015625,0.001708984375,0.0,7,0.001708984375,0.46666228511816754,-4.7683099391890826e-07
DNS,c1,126,0.07875,-0.0006699227983277545,1.0000000000000002,0.46643135499995414,4089,7,0,0.998291015625,0.001708984375,0.0,7,0.001708984375,0.4664318295675659,-4.7456761173909767e-07
DNS,c1,127,0.079375,-0.0006663171670036693,1.0000000000000002,0.4662004091643542,4089,7,0,0.998291015625,0.001708984375,0.0,7,0.001708984375,0.46620087440828273,-4.652439285429726e-07
DNS,c1,128,0.08,-0.0006542839823801948,1.0000000000000002,0.4659689689599598,4089,7,0,0.998291015625,0.001708984375,0.0,7,0.001708984375,0.46596941939404074,-4.5043408096384167e-07
DNS,c1,129,0.080625,-0.0006356549330054577,1.0000000000000002,0.4657370327720935,4089,7,0,0.998291015625,0.001708984375,0.0,7,0.001708984375,0.4657374642417219,-4.3146962841058753e-07
DNS,c1,130,0.08125,-0.0006119898109820475,1.0000000000000002,0.4655045991848053,4089,7,0,0.998291015625,0.001708984375,0.0,7,0.001708984375,0.4655050086542653,-4.0946946001741497e-07
DNS,c1,131,0.081875,-0.0005846083621363033,1.0000000000000002,0.4652716669741028,4088,8,0,0.998046875,0.001953125,0.0,8,0.001953125,0.4652720575706004,-3.9059649758027095e-07
DNS,c1,132,0.0825,-0.0005546193024022827,1.0000000000000002,0.4650382351014195,4088,8,0,0.998046875,0.001953125,0.0,8,0.001953125,0.46503860389105645,-3.687896369662219e-07
DNS,c1,133,0.083125,-0.0005229466293833999,1.0000000000000002,0.46480430270731515,4089,7,0,0.998291015625,0.001708984375,0.0,7,0.001708984375,0.4648046496492954,-3.469419802300429e-07
DNS,c1,134,0.08375,-0.0004903533738032279,1.0000000000000002,0.4645698691054024,4090,6,0,0.99853515625,0.00146484375,0.0,6,0.00146484375,0.4645701949522885,-3.258468861199792e-07
DNS,c1,135,0.084375,-0.00045746294607987477,1.0000000000000002,0.4643349337764868,4092,4,0,0.9990234375,0.0009765625,0.0,4,0.0009765625,0.46433524027247786,-3.064959909834076e-07
DNS,c1,136,0.085,-0.0004247782393417528,1.0000000000000002,0.46409949636290915,4092,4,0,0.9990234375,0.0009765625,0.0,4,0.0009765625,0.464099783856211,-2.8749330176153434e-07
DNS,c1,137,0.085625,-0.00039269865257440074,1.0000000000000002,0.4638635566630731,4092,4,0,0.9990234375,0.0009765625,0.0,4,0.0009765625,0.46386382434660334,-2.676835301764836e-07
DNS,c1,138,0.08625000000000001,-0.0003615351969118044,1.0000000000000002,0.4636271146261461,4092,4,0,0.9990234375,0.0009765625,0.0,4,0.0009765625,0.4636273621325003,-2.4750635419732335e-07
DNS,c1,139,0.08687500000000001,-0.00033152384495742956,1.0000000000000002,0.46339017034691665,4092,4,0,0.9990234375,0.0009765625,0.0,4,0.0009765625,0.4633903976640878,-2.273171711242313e-07
DNS,c1,140,0.08750000000000001,-0.0003028372779681345,1.0000000000000002,0.4631527240607957,4092,4,0,0.9990234375,0.0009765625,0.0,4,0.0009765625,0.46315293145995273,-2.07399156975264e-07
DNS,c1,141,0.088125,-0.0002755951792201897,1.0000000000000002,0.4629147761389498,4092,4,0,0.9990234375,0.0009765625,0.0,4,0.0009765625,0.46291496411287086,-1.8797392104298898e-07
DNS,c1,142,0.08875,-0.0002498732142994914,1.0000000000000002,0.4626763270835552,4092,4,0,0.9990234375,0.0009765625,0.0,4,0.0009765625,0.46267649629443836,-1.6921088316133375e-07
DNS,c1,143,0.089375,-0.00022571083075727092,1.0000000000000002,0.46243737752316755,4093,3,0,0.999267578125,0.000732421875,0.0,3,0.000732421875,0.4624375290687973,-1.5154562975050433e-07
DNS,c1,144,0.09,-0.0002031180008333181,1.0000000000000002,0.46219792820819894,4093,3,0,0.999267578125,0.000732421875,0.0,3,0.000732421875,0.46219806481266745,-1.3660446852059262e-07
DNS,c1,145,0.090625,-0.00018208102200679171,1.0000000000000002,0.46195798000650223,4093,3,0,0.999267578125,0.000732421875,0.0,3,0.000732421875,0.46195810255852054,-1.2255201830817368e-07
DNS,c1,146,0.09125,-0.00016256748118183395,1.0000000000000002,0.46171753389906,4093,3,0,0.999267578125,0.000732421875,0.0,3,0.000732421875,0.46171764329588294,-1.093968229671428e-07
DNS,c1,147,0.091875,-0.0001445304795042787,1.0000000000000002,0.46147659097577914,4093,3,0,0.999267578125,0.000732421875,0.0,3,0.000732421875,0.4614766881088685,-9.713308932848086e-08
DNS,c1,148,0.0925,-0.00012791220625564173,1.0000000000000002,0.46123515243139346,4093,3,0,0.999267578125,0.000732421875,0.0,3,0.000732421875,0.4612352381750749,-8.574368144822148e-08
DNS,c1,149,0.093125,-0.00011264694207096493,1.0000000000000002,0.4609932195614769,4093,3,0,0.999267578125,0.000732421875,0.0,3,0.000732421875,0.4609932947641421,-7.520266517926402e-08
DNS,c1,150,0.09375,-9.866356394272723e-05,1.0000000000000002,0.46075079375857003,4093,3,0,0.999267578125,0.000732421875,0.0,3,0.000732421875,0.4607508592360279,-6.547745787105074e-08
DNS,c1,151,0.094375,-8.588761714778004e-05,1.0000000000000002,0.46050787650842345,4093,3,0,0.999267578125,0.000732421875,0.0,3,0.000732421875,0.4605079330390562,-5.6530632704708695e-08
DNS,c1,152,0.095,-7.424301239461347e-05,1.0000000000000002,0.46026446938635907,4093,3,0,0.999267578125,0.000732421875,0.0,3,0.000732421875,0.4602645177077812,-4.8321422190125e-08
DNS,c1,153,0.095625,-6.36534001465349e-05,1.0000000000000002,0.4600205740537524,4093,3,0,0.999267578125,0.000732421875,0.0,3,0.000732421875,0.4600206148607131,-4.0806960702412914e-08
DNS,c1,154,0.09625,-5.404326823347338e-05,1.0000000000000002,0.4597761922546345,4093,3,0,0.999267578125,0.000732421875,0.0,3,0.000732421875,0.4597762261979361,-3.394330162577425e-08
DNS,c1,155,0.096875,-4.53388035130749e-05,1.0000000000000002,0.45953132581241457,4093,3,0,0.999267578125,0.000732421875,0.0,3,0.000732421875,0.4595313534986552,-2.7686240702776954e-08
DNS,c1,156,0.0975,-3.746855346559235e-05,1.0000000000000002,0.459285976626719,4093,3,0,0.999267578125,0.000732421875,0.0,3,0.000732421875,0.45928599861869257,-2.1991973550533303e-08
DNS,c1,157,0.098125,-3.0363919186743254e-05,1.0,0.4590401466703455,4092,4,0,0.9990234375,0.0009765625,0.0,4,0.0009765625,0.45904016581596474,-1.914561924751411e-08
DNS,c1,158,0.09875,-2.3959507254503957e-05,1.0,0.4587938379863271,4092,4,0,0.9990234375,0.0009765625,0.0,4,0.0009765625,0.45879385523709226,-1.725076511540094e-08
DNS,c1,159,0.099375,-2.9663995772681824e-05,1.0,0.458547052685101,4092,4,0,0.9990234375,0.0009765625,0.0,4,0.0009765625,0.4585470677912016,-1.5106100562429925e-08
DNS,c1,160,0.1,-3.59434279010305e-05,1.0,0.4582997929417762,4093,3,0,0.999267578125,0.000732421875,0.0,3,0.000732421875,0.45829980575876045,-1.2816984312865653e-08
DNS,c1,161,0.100625,-4.023265173834703e-05,1.0,0.45805206099349455,4094,2,0,0.99951171875,0.00048828125,0.0,2,0.00048828125,0.45805207285352256,-1.186002799197008e-08
DNS,c1,162,0.10125,-4.286543651966063e-05,1.0,0.4578038591368783,4093,3,0,0.999267578125,0.000732421875,0.0,3,0.000732421875,0.4578038706227639,-1.1485885595923496e-08
DNS,c1,163,0.10187500000000001,-4.4130109557835676e-05,1.0,0.45755518972555814,4093,3,0,0.999267578125,0.000732421875,0.0,3,0.000732421875,0.4575552026499818,-1.292442363324446e-08
DNS,c1,164,0.10250000000000001,-4.4274947015874665e-05,1.0,0.45730605516777517,4094,2,0,0.99951171875,0.00048828125,0.0,2,0.00048828125,0.4573060695890426,-1.4421267426700829e-08
DNS,c1,165,0.10312500000000001,-4.351300241151361e-05,1.0,0.4570564579240534,4094,2,0,0.99951171875,0.00048828125,0.0,2,0.00048828125,0.4570564733047244,-1.5380670997728183e-08
DNS,c1,166,0.10375000000000001,-4.202642224250723e-05,1.0,0.45680640050493604,4094,2,0,0.99951171875,0.00048828125,0.0,2,0.00048828125,0.4568064163204591,-1.5815523057534214e-08
DNS,c1,167,0.104375,-3.9970295061883345e-05,1.0,0.4565558854687824,4094,2,0,0.99951171875,0.00048828125,0.0,2,0.00048828125,0.4565559012892949,-1.5820512539955535e-08
DNS,c1,168,0.105,-3.747607725759154e-05,1.0,0.4563049154196233,4094,2,0,0.99951171875,0.00048828125,0.0,2,0.00048828125,0.45630493089636787,-1.5476744575646014e-08
DNS,c1,169,0.105625,-3.4654635745270505e-05,1.0,0.45605349300507064,4094,2,0,0.99951171875,0.00048828125,0.0,2,0.00048828125,0.45605350785850246,-1.4853431831015386e-08
DNS,c1,170,0.10625,-3.159894480220096e-05,1.0,0.4558016209142816,4094,2,0,0.99951171875,0.00048828125,0.0,2,0.00048828125,0.45580163492367964,-1.4009398010741876e-08
DNS,c1,171,0.106875,-2.8386471382945246e-05,1.0,0.4555493018759751,4094,2,0,0.99951171875,0.00048828125,0.0,2,0.00048828125,0.45554931487038686,-1.2994411764885823e-08
DNS,c1,172,0.1075,-2.50812804839805e-05,1.0,0.4552965386565012,4094,2,0,0.99951171875,0.00048828125,0.0,2,0.00048828125,0.45529655050686907,-1.1850367817786959e-08
DNS,c1,173,0.108125,-2.1735889481297815e-05,1.0,0.45504333405796316,4094,2,0,0.99951171875,0.00048828125,0.0,2,0.00048828125,0.45504334467029395,-1.0612330770358819e-08
DNS,c1,174,0.10875,-1.9738632797513424e-05,1.0,0.4547896909163925,4094,2,0,0.99951171875,0.00048828125,0.0,2,0.00048828125,0.4547897002258482,-9.309455727434539e-09
DNS,c1,175,0.109375,-1.7541494946680415e-05,1.0,0.45453561209997817,4094,2,0,0.99951171875,0.00048828125,0.0,2,0.00048828125,0.45453562006577686,-7.965798672397407e-09
DNS,c1,176,0.11,-1.519449440153476e-05,1.0,0.45428110050735065,4094,2,0,0.99951171875,0.00048828125,0.0,2,0.00048828125,0.454281107108379,-6.601028355371285e-09
DNS,c1,177,0.110625,-1.274205447122584e-05,1.0,0.45402615906592103,4094,2,0,0.99951171875,0.00048828125,0.0,2,0.00048828125,0.4540261642969714,-5.231050380024465e-09
DNS,c1,178,0.11125,-1.0220616791861579e-05,1.0,0.4537707907302758,4094,2,0,0.99951171875,0.00048828125,0.0,2,0.00048828125,0.45377079459882896,-3.868553167491427e-09
DNS,c1,179,0.111875,-7.659767620990886e-06,1.0,0.4535149984806288,4094,2,0,0.99951171875,0.00048828125,0.0,2,0.00048828125,0.45351500100411335,-2.523484542908546e-09
DNS,c1,180,0.1125,-5.083222589634304e-06,1.0,0.45325878532132813,4095,1,0,0.999755859375,0.000244140625,0.0,1,0.000244140625,0.45325878656234925,-1.2410211400474376e-09
DNS,c1,181,0.113125,-2.509685935100174e-06,1.0,0.45300215427941987,4095,1,0,0.999755859375,0.000244140625,0.0,1,0.000244140625,0.45300215489213613,-6.12716292749066e-10
DNS,c1,182,0.11375,7.714753475327962e-22,1.0,0.4527451084032659,4096,0,0,1.0,0.0,0.0,0,0.0,0.4527451084032659,0.0
DNS,c1,183,0.114375,7.861952085772876e-22,1.0,0.4524876507612162,4096,0,0,1.0,0.0,0.0,0,0.0,0.4524876507612162,0.0
DNS,c1,184,0.115,8.026636532107388e-22,1.0,0.45222978444033396,4096,0,0,1.0,0.0,0.0,0,0.0,0.45222978444033396,0.0
DNS,c1,185,0.115625,8.1411363575013445e-22,1.0,0.45197151254516943,4096,0,0,1.0,0.0,0.0,0,0.0,0.45197151254516943,0.0
DNS,c1,186,0.11625,8.230861235985386e-22,1.0,0.45171283819658514,4096,0,0,1.0,0.0,0.0,0,0.0,0.45171283819658514,0.0
DNS,c1,187,0.116875,8.32923949752775e-22,1.0,0.4514537645306246,4096,0,0,1.0,0.0,0.0,0,0.0,0.4514537645306246,0.0
DNS,c1,188,0.11750000000000001,8.437537406584666e-22,1.0,0.4511942946974266,4096,0,0,1.0,0.0,0.0,0,0.0,0.4511942946974266,0.0
DNS,c1,189,0.11812500000000001,8.557167412844193e-22,1.0,0.45093443186018073,4096,0,0,1.0,0.0,0.0,0,0.0,0.45093443186018073,0.0
DNS,c1,190,0.11875000000000001,8.689704618791649e-22,1.0,0.45067417919412045,4096,0,0,1.0,0.0,0.0,0,0.0,0.45067417919412045,0.0
DNS,c1,191,0.11937500000000001,8.836905092954578e-22,1.0,0.4504135398855541,4096,0,0,1.0,0.0,0.0,0,0.0,0.4504135398855541,0.0
DNS,c1,192,0.12,9.000726229058943e-22,1.0,0.4501525171309294,4096,0,0,1.0,0.0,0.0,0,0.0,0.4501525171309294,0.0
DNS,c1,193,0.120625,9.183349372176472e-22,1.0,0.44989111413592914,4096,0,0,1.0,0.0,0.0,0,0.0,0.44989111413592914,0.0
DNS,c1,194,0.12125,9.38720495586583e-22,1.0,0.4496293341145982,4096,0,0,1.0,0.0,0.0,0,0.0,0.4496293341145982,0.0
DNS,c1,195,0.121875,9.615000419501903e-22,1.0,0.44936718028849687,4096,0,0,1.0,0.0,0.0,0,0.0,0.44936718028849687,0.0
DNS,c1,196,0.1225,9.869751202658928e-22,1.0,0.4491046558858822,4096,0,0,1.0,0.0,0.0,0,0.0,0.4491046558858822,0.0
DNS,c1,197,0.123125,1.015481514379349e-21,1.0,0.44884176414091387,4096,0,0,1.0,0.0,0.0,0,0.0,0.44884176414091387,0.0
DNS,c1,198,0.12375,1.047393064381084e-21,1.0,0.4485785082928839,4096,0,0,1.0,0.0,0.0,0,0.0,0.4485785082928839,0.0
DNS,c1,199,0.124375,1.0831258991661784e-21,1.0,0.4483148915854711,4096,0,0,1.0,0.0,0.0,0,0.0,0.4483148915854711,0.0
DNS,c1,200,0.125,1.1231431289199065e-21,1.0,0.44805091726601565,4096,0,0,1.0,0.0,0.0,0,0.0,0.44805091726601565,0.0
DNS,c1,201,0.12562500000000001,1.1679600456437264e-21,1.0,0.4477865885848187,4096,0,0,1.0,0.0,0.0,0,0.0,0.4477865885848187,0.0
DNS,c1,202,0.12625,1.2181498846450016e-21,1.0,0.4475219087944623,4096,0,0,1.0,0.0,0.0,0,0.0,0.4475219087944623,0.0
DNS,c1,203,0.12687500000000002,1.2743502051771794e-21,1.0,0.4472568811491512,4096,0,0,1.0,0.0,0.0,0,0.0,0.4472568811491512,0.0
DNS,c1,204,0.1275,1.337269954174699e-21,1.0,0.4469915089040769,4096,0,0,1.0,0.0,0.0,0,0.0,0.4469915089040769,0.0
DNS,c1,205,0.128125,1.4076972833216839e-21,0.9999999999999999,0.44672579531480294,4096,0,0,1.0,0.0,0.0,0,0.0,0.44672579531480294,0.0
DNS,c1,206,0.12875,1.4639278800509464e-21,0.9999999999999998,0.44645974363667223,4096,0,0,1.0,0.0,0.0,0,0.0,0.44645974363667223,0.0
DNS,c1,207,0.129375,1.5099513496964215e-21,0.9999999999999997,0.446193357124236,4096,0,0,1.0,0.0,0.0,0,0.0,0.446193357124236,0.0
DNS,c1,208,0.13,1.560174680265731e-21,0.9999999999999996,0.4459266390307044,4096,0,0,1.0,0.0,0.0,0,0.0,0.4459266390307044,0.0
DNS,c1,209,0.130625,1.6150449877057313e-21,0.9999999999999994,0.44565959260741894,4096,0,0,1.0,0.0,0.0,0,0.0,0.44565959260741894,0.0
DNS,c1,210,0.13125,1.6750571437724668e-21,0.9999999999999993,0.4453922211033463,4096,0,0,1.0,0.0,0.0,0,0.0,0.4453922211033463,0.0
DNS,c1,211,0.131875,1.74075891190645e-21,0.9999999999999992,0.445124527764594,4096,0,0,1.0,0.0,0.0,0,0.0,0.445124527764594,0.0
DNS,c1,212,0.1325,1.8127566222821534e-21,0.9999999999999991,0.44485651583394686,4096,0,0,1.0,0.0,0.0,0,0.0,0.44485651583394686,0.0
DNS,c1,213,0.133125,1.8917214402265563e-21,0.999999999999999,0.4445881885504242,4096,0,0,1.0,0.0,0.0,0,0.0,0.4445881885504242,0.0
DNS,c1,214,0.13375,1.978396287372605e-21,0.9999999999999988,0.44431954914885796,4096,0,0,1.0,0.0,0.0,0,0.0,0.44431954914885796,0.0
DNS,c1,215,0.134375,2.073603480547281e-21,0.9999999999999986,0.4440506008594895,4096,0,0,1.0,0.0,0.0,0,0.0,0.4440506008594895,0.0
DNS,c1,216,0.135,2.1782531595287636e-21,0.9999999999999983,0.4437813469075877,4096,0,0,1.0,0.0,0.0,0,0.0,0.4437813469075877,0.0
DNS,c1,217,0.135625,2.2933525814838907e-21,0.9999999999999981,0.4435117905130832,4096,0,0,1.0,0.0,0.0,0,0.0,0.4435117905130832,0.0
DNS,c1,218,0.13625,2.4200163671597864e-21,0.9999999999999979,0.4432419348902229,4096,0,0,1.0,0.0,0.0,0,0.0,0.4432419348902229,0.0
DNS,c1,219,0.136875,2.559477791799262e-21,0.9999999999999976,0.4429717832472397,4096,0,0,1.0,0.0,0.0,0,0.0,0.4429717832472397,0.0
DNS,c1,220,0.1375,2.7131012223290785e-21,0.9999999999999972,0.44270133878604023,4096,0,0,1.0,0.0,0.0,0,0.0,0.44270133878604023,0.0
DNS,c1,221,0.138125,2.8823958116875377e-21,0.9999999999999969,0.4424306047019071,4096,0,0,1.0,0.0,0.0,0,0.0,0.4424306047019071,0.0
DNS,c1,222,0.13875,3.0690305712712293e-21,0.9999999999999964,0.44215958418321644,4096,0,0,1.0,0.0,0.0,0,0.0,0.44215958418321644,0.0
DNS,c1,223,0.139375,3.2748509534522514e-21,0.999999999999996,0.44188828041116945,4096,0,0,1.0,0.0,0.0,0,0.0,0.44188828041116945,0.0
DNS,c1,224,0.14,3.501897088013272e-21,0.9999999999999954,0.4416166965595375,4096,0,0,1.0,0.0,0.0,0,0.0,0.4416166965595375,0.0
DNS,c1,225,0.140625,3.752423829239488e-21,0.999999999999995,0.44134483579441913,4096,0,0,1.0,0.0,0.0,0,0.0,0.44134483579441913,0.0
DNS,c1,226,0.14125000000000001,4.028922784369747e-21,0.9999999999999947,0.44107270127400944,4096,0,0,1.0,0.0,0.0,0,0.0,0.44107270127400944,0.0
DNS,c1,227,0.141875,4.334146509224913e-21,0.9999999999999942,0.4408002961483814,4096,0,0,1.0,0.0,0.0,0,0.0,0.4408002961483814,0.0
DNS,c1,228,0.14250000000000002,4.671135073186393e-21,0.9999999999999938,0.4405276235592759,4096,0,0,1.0,0.0,0.0,0,0.0,0.4405276235592759,0.0
DNS,c1,229,0.143125,5.043192671569521e-21,0.9999999999999932,0.4402546866399045,4096,0,0,1.0,0.0,0.0,0,0.0,0.4402546866399045,0.0
DNS,c1,230,0.14375000000000002,5.371003689396961e-21,0.9999999999999927,0.4399814885147597,4096,0,0,1.0,0.0,0.0,0,0.0,0.4399814885147597,0.0
DNS,c1,231,0.144375,5.723262862252188e-21,0.999999999999992,0.43970803229943567,4096,0,0,1.0,0.0,0.0,0,0.0,0.43970803229943567,0.0
DNS,c1,232,0.145,6.101654190523486e-21,0.9999999999999912,0.4394343211004578,4096,0,0,1.0,0.0,0.0,0,0.0,0.4394343211004578,0.0
DNS,c1,233,0.145625,6.50796895679274e-21,0.9999999999999906,0.43916035801512066,4096,0,0,1.0,0.0,0.0,0,0.0,0.43916035801512066,0.0
DNS,c1,234,0.14625,6.944112084228968e-21,0.9999999999999898,0.4388861461313341,4096,0,0,1.0,0.0,0.0,0,0.0,0.4388861461313341,0.0
DNS,c1,235,0.146875,7.41210883834898e-21,0.999999999999989,0.4386116885274783,4096,0,0,1.0,0.0,0.0,0,0.0,0.4386116885274783,0.0
DNS,c1,236,0.1475,7.914111888204217e-21,0.9999999999999881,0.4383369882722661,4096,0,0,1.0,0.0,0.0,0,0.0,0.4383369882722661,0.0
DNS,c1,237,0.148125,8.452408743620325e-21,0.9999999999999871,0.4380620484246134,4096,0,0,1.0,0.0,0.0,0,0.0,0.4380620484246134,0.0
DNS,c1,238,0.14875,9.029429585690313e-21,0.999999999999986,0.43778687203351757,4096,0,0,1.0,0.0,0.0,0,0.0,0.43778687203351757,0.0
DNS,c1,239,0.149375,9.647755508302134e-21,0.9999999999999848,0.437511462137943,4096,0,0,1.0,0.0,0.0,0,0.0,0.437511462137943,0.0
DNS,c1,240,0.15,1.029412681534886e-20,0.9999999999999835,0.43723582176671505,4096,0,0,1.0,0.0,0.0,0,0.0,0.43723582176671505,0.0
DNS,c1,241,0.150625,1.089100925466362e-20,0.999999999999982,0.4369599539384206,4096,0,0,1.0,0.0,0.0,0,0.0,0.4369599539384206,0.0
DNS,c1,242,0.15125,1.1536805819039744e-20,0.9999999999999805,0.4366838616613163,4096,0,0,1.0,0.0,0.0,0,0.0,0.4366838616613163,0.0
DNS,c1,243,0.151875,1.2236203693444759e-20,0.9999999999999787,0.43640754793324543,4096,0,0,1.0,0.0,0.0,0,0.0,0.43640754793324543,0.0
DNS,c1,244,0.1525,1.299435502631068e-20,0.9999999999999768,0.4361310157415599,4096,0,0,1.0,0.0,0.0,0,0.0,0.4361310157415599,0.0
DNS,c1,245,0.153125,1.3816921761942824e-20,0.9999999999999747,0.4358542680630513,4096,0,0,1.0,0.0,0.0,0,0.0,0.4358542680630513,0.0
DNS,c1,246,0.15375,1.471012457051663e-20,0.9999999999999724,0.43557730786388826,4096,0,0,1.0,0.0,0.0,0,0.0,0.43557730786388826,0.0
DNS,c1,247,0.154375,1.5680796226932213e-20,0.9999999999999698,0.4353001380995618,4096,0,0,1.0,0.0,0.0,0,0.0,0.4353001380995618,0.0
DNS,c1,248,0.155,1.6736439817767382e-20,0.9999999999999669,0.43502276171483595,4096,0,0,1.0,0.0,0.0,0,0.0,0.43502276171483595,0.0
DNS,c1,249,0.155625,1.788529218558202e-20,0.9999999999999638,0.43474518164370723,4096,0,0,1.0,0.0,0.0,0,0.0,0.43474518164370723,0.0
DNS,c1,250,0.15625,1.9136393052014118e-20,0.9999999999999604,0.4344674008093692,4096,0,0,1.0,0.0,0.0,0,0.0,0.4344674008093692,0.0
DNS,c1,251,0.15687500000000001,2.0499660295612263e-20,0.9999999999999565,0.4341894221241847,4096,0,0,1.0,0.0,0.0,0,0.0,0.4341894221241847,0.0
DNS,c1,252,0.1575,2.1985971897320903e-20,0.9999999999999523,0.43391124848966406,4096,0,0,1.0,0.0,0.0,0,0.0,0.43391124848966406,0.0
DNS,c1,253,0.15812500000000002,2.360725510613145e-20,0.9999999999999475,0.43363288279644896,4096,0,0,1.0,0.0,0.0,0,0.0,0.43363288279644896,0.0
DNS,c1,254,0.15875,2.5376583419801983e-20,0.9999999999999423,0.4333543279243036,4096,0,0,1.0,0.0,0.0,0,0.0,0.4333543279243036,0.0
DNS,c1,255,0.15937500000000002,2.730828202090727e-20,0.9999999999999365,0.43307558674211055,4096,0,0,1.0,0.0,0.0,0,0.0,0.43307558674211055,0.0
DNS,c1,256,0.16,2.941804235699583e-20,0.9999999999999301,0.4327966621078727,4096,0,0,1.0,0.0,0.0,0,0.0,0.4327966621078727,0.0
DNS,c1,257,0.160625,3.172304660549839e-20,0.999999999999923,0.4325175568687208,4096,0,0,1.0,0.0,0.0,0,0.0,0.4325175568687208,0.0
DNS,c1,258,0.16125,3.4122803958319043e-20,0.9999999999999151,0.4322382738609258,4096,0,0,1.0,0.0,0.0,0,0.0,0.4322382738609258,0.0
DNS,c1,259,0.161875,3.6435651773023043e-20,0.9999999999999064,0.43195881590991675,4096,0,0,1.0,0.0,0.0,0,0.0,0.43195881590991675,0.0
DNS,c1,260,0.1625,3.889891165480474e-20,0.9999999999998967,0.4316791858303032,4096,0,0,1.0,0.0,0.0,0,0.0,0.4316791858303032,0.0
DNS,c1,261,0.163125,4.1521665199871534e-20,0.9999999999998861,0.43139938642590175,4096,0,0,1.0,0.0,0.0,0,0.0,0.43139938642590175,0.0
DNS,c1,262,0.16375,4.431349748703934e-20,0.9999999999998742,0.4311194204897683,4096,0,0,1.0,0.0,0.0,0,0.0,0.4311194204897683,0.0
DNS,c1,263,0.164375,4.728452200127255e-20,0.999999999999861,0.4308392908042332,4096,0,0,1.0,0.0,0.0,0,0.0,0.4308392908042332,0.0
DNS,c1,264,0.165,5.044540659029311e-20,0.9999999999998463,0.4305590001409411,4096,0,0,1.0,0.0,0.0,0,0.0,0.4305590001409411,0.0
DNS,c1,265,0.165625,5.3807400484325795e-20,0.9999999999998301,0.43027855126089437,4096,0,0,1.0,0.0,0.0,0,0.0,0.43027855126089437,0.0
DNS,c1,266,0.16625,5.738236240916049e-20,0.9999999999998157,0.429997946914501,4096,0,0,1.0,0.0,0.0,0,0.0,0.429997946914501,0.0
DNS,c1,267,0.166875,6.11827898227766e-20,0.999999999999801,0.42971718984162455,4096,0,0,1.0,0.0,0.0,0,0.0,0.42971718984162455,0.0
DNS,c1,268,0.1675,6.522184930578761e-20,0.9999999999997851,0.4294362827716393,4096,0,0,1.0,0.0,0.0,0,0.0,0.4294362827716393,0.0
DNS,c1,269,0.168125,6.951340813592176e-20,0.9999999999997677,0.4291552284234872,4096,0,0,1.0,0.0,0.0,0,0.0,0.4291552284234872,0.0
DNS,c1,270,0.16875,7.387342876777926e-20,0.9999999999997489,0.42887402950573855,4096,0,0,1.0,0.0,0.0,0,0.0,0.42887402950573855,0.0
DNS,c1,271,0.169375,7.770035675568594e-20,0.9999999999997283,0.42859268871665596,4096,0,0,1.0,0.0,0.0,0,0.0,0.42859268871665596,0.0
DNS,c1,272,0.17,8.180819025027313e-20,0.9999999999997059,0.42831120874426076,4096,0,0,1.0,0.0,0.0,0,0.0,0.42831120874426076,0.0
DNS,c1,273,0.170625,8.622199679198098e-20,0.9999999999996815,0.42802959226640264,4096,0,0,1.0,0.0,0.0,0,0.0,0.42802959226640264,0.0
DNS,c1,274,0.17125,9.0969112459209e-20,0.9999999999996548,0.42774784195083126,4096,0,0,1.0,0.0,0.0,0,0.0,0.42774784195083126,0.0
DNS,c1,275,0.171875,9.607933597331894e-20,0.9999999999996257,0.42746596045527196,4096,0,0,1.0,0.0,0.0,0,0.0,0.42746596045527196,0.0
DNS,c1,276,0.17250000000000001,1.0158513827803441e-19,0.999999999999594,0.42718395042750235,4096,0,0,1.0,0.0,0.0,0,0.0,0.42718395042750235,0.0
DNS,c1,277,0.173125,1.075218887382942e-19,0.9999999999995592,0.42690181450543296,4096,0,0,1.0,0.0,0.0,0,0.0,0.42690181450543296,0.0
DNS,c1,278,0.17375000000000002,1.1392809918168901e-19,0.9999999999995213,0.426619555317189,4096,0,0,1.0,0.0,0.0,0,0.0,0.426619555317189,0.0
DNS,c1,279,0.174375,1.2084568708852521e-19,0.9999999999994797,0.42633717548119576,4096,0,0,1.0,0.0,0.0,0,0.0,0.42633717548119576,0.0
DNS,c1,280,0.17500000000000002,1.2832025932458558e-19,0.9999999999994343,0.4260546776062655,4096,0,0,1.0,0.0,0.0,0,0.0,0.4260546776062655,0.0
DNS,c1,281,0.175625,1.3640141790407508e-19,0.9999999999993846,0.4257720642916869,4096,0,0,1.0,0.0,0.0,0,0.0,0.4257720642916869,0.0
DNS,c1,282,0.17625,1.4514308936934779e-19,0.9999999999993302,0.42548933812731726,4096,0,0,1.0,0.0,0.0,0,0.0,0.42548933812731726,0.0
DNS,c1,283,0.176875,1.5460387947911709e-19,0.9999999999992706,0.42520650169367613,4096,0,0,1.0,0.0,0.0,0,0.0,0.42520650169367613,0.0
DNS,c1,284,0.1775,1.648474550082816e-19,0.9999999999992052,0.42492355756204137,4096,0,0,1.0,0.0,0.0,0,0.0,0.42492355756204137,0.0
DNS,c1,285,0.178125,1.7594295458059288e-19,0.9999999999991336,0.42464050829454814,4096,0,0,1.0,0.0,0.0,0,0.0,0.42464050829454814,0.0
DNS,c1,286,0.17875,1.879654305805061e-19,0.999999999999055,0.4243573564442888,4096,0,0,1.0,0.0,0.0,0,0.0,0.4243573564442888,0.0
DNS,c1,287,0.179375,2.0099632432306334e-19,0.9999999999989688,0.4240741045554157,4096,0,0,1.0,0.0,0.0,0,0.0,0.4240741045554157,0.0
DNS,c1,288,0.18,2.1512397680095273e-19,0.9999999999988743,0.4237907551632458,4096,0,0,1.0,0.0,0.0,0,0.0,0.4237907551632458,0.0
DNS,c1,289,0.180625,2.3044417747637477e-19,0.9999999999987707,0.42350731079436715,4096,0,0,1.0,0.0,0.0,0,0.0,0.42350731079436715,0.0
DNS,c1,290,0.18125,2.4706075374245745e-19,0.999999999998657,0.42322377396674726,4096,0,0,1.0,0.0,0.0,0,0.0,0.42322377396674726,0.0
DNS,c1,291,0.181875,2.6508620384514267e-19,0.9999999999985322,0.42294014718984374,4096,0,0,1.0,0.0,0.0,0,0.0,0.42294014718984374,0.0
DNS,c1,292,0.1825,2.8331997202021772e-19,0.9999999999983952,0.4226564329647163,4096,0,0,1.0,0.0,0.0,0,0.0,0.4226564329647163,0.0
DNS,c1,293,0.183125,3.0033777551130303e-19,0.9999999999982448,0.422372633784141,4096,0,0,1.0,0.0,0.0,0,0.0,0.422372633784141,0.0
DNS,c1,294,0.18375,3.1830247837381177e-19,0.9999999999980798,0.4220887521327262,4096,0,0,1.0,0.0,0.0,0,0.0,0.4220887521327262,0.0
DNS,c1,295,0.184375,3.3726179052405594e-19,0.9999999999979271,0.42180479048702924,4096,0,0,1.0,0.0,0.0,0,0.0,0.42180479048702924,0.0
DNS,c1,296,0.185,3.571451464553461e-19,0.9999999999977828,0.4215207513156767,4096,0,0,1.0,0.0,0.0,0,0.0,0.4215207513156767,0.0
DNS,c1,297,0.185625,3.712652572413185e-19,0.9999999999976273,0.42123663707948394,4096,0,0,1.0,0.0,0.0,0,0.0,0.42123663707948394,0.0
DNS,c1,298,0.18625,3.8628305688323847e-19,0.9999999999974598,0.4209524502315784,4096,0,0,1.0,0.0,0.0,0,0.0,0.4209524502315784,0.0
DNS,c1,299,0.186875,4.0227414587679535e-19,0.9999999999972792,0.420668193217522,4096,0,0,1.0,0.0,0.0,0,0.0,0.420668193217522,0.0
DNS,c1,300,0.1875,4.1932044136930717e-19,0.9999999999970842,0.42038386847543757,4096,0,0,1.0,0.0,0.0,0,0.0,0.42038386847543757,0.0
DNS,c1,301,0.18812500000000001,4.375106634374138e-19,0.9999999999968737,0.4200994784361339,4096,0,0,1.0,0.0,0.0,0,0.0,0.4200994784361339,0.0
DNS,c1,302,0.18875,4.569408559477766e-19,0.9999999999966463,0.4198150255232342,4096,0,0,1.0,0.0,0.0,0,0.0,0.4198150255232342,0.0
DNS,c1,303,0.18937500000000002,4.777149442844339e-19,0.9999999999964007,0.41953051215330456,4096,0,0,1.0,0.0,0.0,0,0.0,0.41953051215330456,0.0
DNS,c1,304,0.19,4.999453323655381e-19,0.999999999996135,0.4192459407359842,4096,0,0,1.0,0.0,0.0,0,0.0,0.4192459407359842,0.0
DNS,c1,305,0.19062500000000002,5.237535415189795e-19,0.9999999999958475,0.41896131367411593,4096,0,0,1.0,0.0,0.0,0,0.0,0.41896131367411593,0.0
DNS,c1,306,0.19125,5.492708939412749e-19,0.9999999999955365,0.4186766333638786,4096,0,0,1.0,0.0,0.0,0,0.0,0.4186766333638786,0.0
DNS,c1,307,0.19187500000000002,5.766392436274609e-19,0.9999999999951996,0.41839190219491995,4096,0,0,1.0,0.0,0.0,0,0.0,0.41839190219491995,0.0
DNS,c1,308,0.1925,6.060117578320026e-19,0.9999999999948347,0.4181071225504901,4096,0,0,1.0,0.0,0.0,0,0.0,0.4181071225504901,0.0
DNS,c1,309,0.193125,6.375537523023489e-19,0.9999999999944393,0.41782229680757643,4096,0,0,1.0,0.0,0.0,0,0.0,0.41782229680757643,0.0
DNS,c1,310,0.19375,6.714435837181899e-19,0.9999999999940107,0.41753742733703875,4096,0,0,1.0,0.0,0.0,0,0.0,0.41753742733703875,0.0
DNS,c1,311,0.194375,7.078736029711746e-19,0.9999999999935459,0.41725251650374545,4096,0,0,1.0,0.0,0.0,0,0.0,0.41725251650374545,0.0
DNS,c1,312,0.195,7.470511731323311e-19,0.9999999999930418,0.4169675666667098,4096,0,0,1.0,0.0,0.0,0,0.0,0.4169675666667098,0.0
DNS,c1,313,0.195625,7.891997561782124e-19,0.9999999999924948,0.41668258017922744,4096,0,0,1.0,0.0,0.0,0,0.0,0.41668258017922744,0.0
DNS,c1,314,0.19625,8.345600727824076e-19,0.9999999999919011,0.41639755938901396,4096,0,0,1.0,0.0,0.0,0,0.0,0.41639755938901396,0.0
DNS,c1,315,0.196875,8.833913397270867e-19,0.9999999999912567,0.4161125066383427,4096,0,0,1.0,0.0,0.0,0,0.0,0.4161125066383427,0.0
DNS,c1,316,0.1975,9.359725897502594e-19,0.9999999999905569,0.4158274242641839,4096,0,0,1.0,0.0,0.0,0,0.0,0.4158274242641839,0.0
DNS,c1,317,0.198125,9.876815610633393e-19,0.9999999999897969,0.4155423145983428,4096,0,0,1.0,0.0,0.0,0,0.0,0.4155423145983428,0.0
DNS,c1,318,0.19875,1.0330686876630316e-18,0.9999999999889714,0.4152571799675995,4096,0,0,1.0,0.0,0.0,0,0.0,0.4152571799675995,0.0
DNS,c1,319,0.199375,1.0803550619176544e-18,0.9999999999880745,0.4149720226938476,4096,0,0,1.0,0.0,0.0,0,0.0,0.4149720226938476,0.0
DNS,c1,320,0.2,1.1296123570148314e-18,0.9999999999871001,0.4146868450942347,4096,0,0,1.0,0.0,0.0,0,0.0,0.4146868450942347,0.0
DNS,c1,321,0.200625,1.1809146248531234e-18,0.9999999999860412,0.41440164948130137,4096,0,0,1.0,0.0,0.0,0,0.0,0.41440164948130137,0.0
DNS,c1,322,0.20125,1.2343383594857907e-18,0.9999999999848904,0.4141164381631215,4096,0,0,1.0,0.0,0.0,0,0.0,0.4141164381631215,0.0
DNS,c1,323,0.201875,1.2899625614351991e-18,0.9999999999836398,0.4138312134434421,4096,0,0,1.0,0.0,0.0,0,0.0,0.4138312134434421,0.0
DNS,c1,324,0.2025,1.3478688028459078e-18,0.9999999999825825,0.4135459776218235,4096,0,0,1.0,0.0,0.0,0,0.0,0.4135459776218235,0.0
DNS,c1,325,0.203125,1.4081412934419683e-18,0.9999999999815252,0.413260732993779,4096,0,0,1.0,0.0,0.0,0,0.0,0.413260732993779,0.0
DNS,c1,326,0.20375000000000001,1.4708669472514025e-18,0.9999999999803951,0.4129754818509154,4096,0,0,1.0,0.0,0.0,0,0.0,0.4129754818509154,0.0
DNS,c1,327,0.204375,1.5361354500582394e-18,0.9999999999791865,0.4126902264810727,4096,0,0,1.0,0.0,0.0,0,0.0,0.4126902264810727,0.0
DNS,c1,328,0.20500000000000002,1.6040393275398628e-18,0.9999999999778932,0.41240496916846364,4096,0,0,1.0,0.0,0.0,0,0.0,0.41240496916846364,0.0
DNS,c1,329,0.205625,1.6746740140447652e-18,0.9999999999765087,0.41211971219381416,4096,0,0,1.0,0.0,0.0,0,0.0,0.41211971219381416,0.0
DNS,c1,330,0.20625000000000002,1.748137921963122e-18,0.9999999999750255,0.4118344578345024,4096,0,0,1.0,0.0,0.0,0,0.0,0.4118344578345024,0.0
DNS,c1,331,0.206875,1.8245325116398966e-18,0.9999999999734361,0.4115492083646983,4096,0,0,1.0,0.0,0.0,0,0.0,0.4115492083646983,0.0
DNS,c1,332,0.20750000000000002,1.9039623617774576e-18,0.9999999999717321,0.41126396605550275,4096,0,0,1.0,0.0,0.0,0,0.0,0.41126396605550275,0.0
DNS,c1,333,0.208125,1.986535240271959e-18,0.9999999999699041,0.41097873317508665,4096,0,0,1.0,0.0,0.0,0,0.0,0.41097873317508665,0.0
DNS,c1,334,0.20875,2.0723621754249825e-18,0.9999999999679424,0.41069351198882925,4096,0,0,1.0,0.0,0.0,0,0.0,0.41069351198882925,0.0
DNS,c1,335,0.209375,2.1615575274691853e-18,0.9999999999658364,0.410408304759457,4096,0,0,1.0,0.0,0.0,0,0.0,0.410408304759457,0.0
DNS,c1,336,0.21,2.254239060343945e-18,0.9999999999635746,0.4101231137471809,4096,0,0,1.0,0.0,0.0,0,0.0,0.4101231137471809,0.0
DNS,c1,337,0.210625,2.3505280136542402e-18,0.9999999999611444,0.40983794120983474,4096,0,0,1.0,0.0,0.0,0,0.0,0.40983794120983474,0.0
DNS,c1,338,0.21125,2.4505491747432582e-18,0.9999999999585324,0.4095527894030118,4096,0,0,1.0,0.0,0.0,0,0.0,0.4095527894030118,0.0
DNS,c1,339,0.211875,2.5544309508064952e-18,0.9999999999557241,0.40926766058020203,4096,0,0,1.0,0.0,0.0,0,0.0,0.40926766058020203,0.0
DNS,c1,340,0.2125,2.6623054409723928e-18,0.9999999999527037,0.408982556992928,4096,0,0,1.0,0.0,0.0,0,0.0,0.408982556992928,0.0
DNS,c1,341,0.213125,2.7743085082718688e-18,0.9999999999494544,0.40869748089088087,4096,0,0,1.0,0.0,0.0,0,0.0,0.40869748089088087,0.0
DNS,c1,342,0.21375,2.890579851416431e-18,0.9999999999459579,0.4084124345220556,4096,0,0,1.0,0.0,0.0,0,0.0,0.4084124345220556,0.0
DNS,c1,343,0.214375,3.011263076301932e-18,0.9999999999421942,0.40812742013288555,4096,0,0,1.0,0.0,0.0,0,0.0,0.40812742013288555,0.0
DNS,c1,344,0.215,3.136505767152423e-18,0.9999999999381423,0.40784243996837655,4096,0,0,1.0,0.0,0.0,0,0.0,0.40784243996837655,0.0
DNS,c1,345,0.215625,3.2664595572160214e-18,0.9999999999337789,0.4075574962722403,4096,0,0,1.0,0.0,0.0,0,0.0,0.4075574962722403,0.0
DNS,c1,346,0.21625,3.4012801989221852e-18,0.9999999999290793,0.40727259128702703,4096,0,0,1.0,0.0,0.0,0,0.0,0.40727259128702703,0.0
DNS,c1,347,0.216875,3.541127633407346e-18,0.9999999999240168,0.4069877272542573,4096,0,0,1.0,0.0,0.0,0,0.0,0.4069877272542573,0.0
DNS,c1,348,0.2175,3.6861660593134524e-18,0.9999999999185625,0.4067029064145536,4096,0,0,1.0,0.0,0.0,0,0.0,0.4067029064145536,0.0
DNS,c1,349,0.218125,3.836564000761635e-18,0.9999999999126854,0.4064181310077706,4096,0,0,1.0,0.0,0.0,0,0.0,0.4064181310077706,0.0
DNS,c1,350,0.21875,3.992494374400953e-18,0.9999999999063519,0.40613340327312436,4096,0,0,1.0,0.0,0.0,0,0.0,0.40613340327312436,0.0
DNS,c1,351,0.21937500000000001,4.1541345554299696e-18,0.999999999899526,0.40584872544932166,4096,0,0,1.0,0.0,0.0,0,0.0,0.40584872544932166,0.0
DNS,c1,352,0.22,4.321666442486805e-18,0.9999999998932793,0.4055640997746873,4096,0,0,1.0,0.0,0.0,0,0.0,0.4055640997746873,0.0
DNS,c1,353,0.22062500000000002,4.495276521301274e-18,0.9999999998876296,0.40527952848729143,4096,0,0,1.0,0.0,0.0,0,0.0,0.40527952848729143,0.0
DNS,c1,354,0.22125,4.675155927000771e-18,0.9999999998816308,0.4049950138250749,4096,0,0,1.0,0.0,0.0,0,0.0,0.4049950138250749,0.0
DNS,c1,355,0.22187500000000002,4.861500504959716e-18,0.9999999998752581,0.4047105580259748,4096,0,0,1.0,0.0,0.0,0,0.0,0.4047105580259748,0.0
DNS,c1,356,0.2225,5.054510870080614e-18,0.9999999998684848,0.40442616332804754,4096,0,0,1.0,0.0,0.0,0,0.0,0.40442616332804754,0.0
DNS,c1,357,0.22312500000000002,5.254392464393139e-18,0.999999999861282,0.40414183196959247,4096,0,0,1.0,0.0,0.0,0,0.0,0.40414183196959247,0.0
DNS,c1,358,0.22375,5.461355612856092e-18,0.9999999998536188,0.4038575661892729,4096,0,0,1.0,0.0,0.0,0,0.0,0.4038575661892729,0.0
DNS,c1,359,0.224375,5.675615577245663e-18,0.9999999998454621,0.4035733682262371,4096,0,0,1.0,0.0,0.0,0,0.0,0.4035733682262371,0.0
DNS,c1,360,0.225,5.8973926080121e-18,0.999999999836776,0.40328924032023705,4096,0,0,1.0,0.0,0.0,0,0.0,0.40328924032023705,0.0
DNS,c1,361,0.225625,6.126911993985691e-18,0.9999999998275224,0.40300518471174757,4096,0,0,1.0,0.0,0.0,0,0.0,0.40300518471174757,0.0
DNS,c1,362,0.22625,6.364404109811895e-18,0.9999999998176601,0.4027212036420824,4096,0,0,1.0,0.0,0.0,0,0.0,0.4027212036420824,0.0
DNS,c1,363,0.226875,6.6101044609945045e-18,0.9999999998071447,0.40243729935351047,4096,0,0,1.0,0.0,0.0,0,0.0,0.40243729935351047,0.0
DNS,c1,364,0.2275,6.864253726424926e-18,0.9999999997959289,0.4021534740893699,4096,0,0,1.0,0.0,0.0,0,0.0,0.4021534740893699,0.0
DNS,c1,365,0.228125,7.127097798274963e-18,0.9999999997839616,0.4018697300941813,4096,0,0,1.0,0.0,0.0,0,0.0,0.4018697300941813,0.0
DNS,c1,366,0.22875,7.398887819129979e-18,0.9999999997711883,0.40158606961376003,4096,0,0,1.0,0.0,0.0,0,0.0,0.40158606961376003,0.0
DNS,c1,367,0.229375,7.679880216238907e-18,0.9999999997575502,0.40130249489532555,4096,0,0,1.0,0.0,0.0,0,0.0,0.40130249489532555,0.0
DNS,c1,368,0.23,7.970336732757322e-18,0.9999999997429844,0.4010190081876116,4096,0,0,1.0,0.0,0.0,0,0.0,0.4010190081876116,0.0
DNS,c1,369,0.230625,8.270524455859723e-18,0.9999999997274234,0.40073561174097294,4096,0,0,1.0,0.0,0.0,0,0.0,0.40073561174097294,0.0
DNS,c1,370,0.23125,8.580715841597201e-18,0.9999999997107949,0.4004523078074921,4096,0,0,1.0,0.0,0.0,0,0.0,0.4004523078074921,0.0
DNS,c1,371,0.231875,8.901188736376903e-18,0.9999999996930213,0.40016909864108385,4096,0,0,1.0,0.0,0.0,0,0.0,0.40016909864108385,0.0
DNS,c1,372,0.2325,9.232226394940053e-18,0.9999999996740195,0.39988598649759854,4096,0,0,1.0,0.0,0.0,0,0.0,0.39988598649759854,0.0
DNS,c1,373,0.233125,9.574117494715853e-18,0.9999999996537006,0.3996029736349238,4096,0,0,1.0,0.0,0.0,0,0.0,0.3996029736349238,0.0
DNS,c1,374,0.23375,9.92715614642926e-18,0.9999999996319691,0.3993200623130846,4096,0,0,1.0,0.0,0.0,0,0.0,0.3993200623130846,0.0
DNS,c1,375,0.234375,1.0291641900841504e-17,0.9999999996087229,0.3990372547943422,4096,0,0,1.0,0.0,0.0,0,0.0,0.3990372547943422,0.0
DNS,c1,376,0.23500000000000001,1.0667879751503247e-17,0.9999999995838527,0.3987545533432908,4096,0,0,1.0,0.0,0.0,0,0.0,0.3987545533432908,0.0
DNS,c1,377,0.235625,1.1056180133401472e-17,0.9999999995572414,0.3984719602269536,4096,0,0,1.0,0.0,0.0,0,0.0,0.3984719602269536,0.0
DNS,c1,378,0.23625000000000002,1.1456858917382558e-17,0.9999999995287638,0.3981894777148757,4096,0,0,1.0,0.0,0.0,0,0.0,0.3981894777148757,0.0
DNS,c1,379,0.236875,1.1870237400235559e-17,0.9999999994982862,0.39790710807921703,4096,0,0,1.0,0.0,0.0,0,0.0,0.39790710807921703,0.0
DNS,c1,380,0.23750000000000002,1.2296642290321355e-17,0.9999999994730744,0.3976248535948428,4096,0,0,1.0,0.0,0.0,0,0.0,0.3976248535948428,0.0
DNS,c1,381,0.238125,1.273640568863533e-17,0.9999999994484817,0.3973427165394116,4096,0,0,1.0,0.0,0.0,0,0.0,0.3973427165394116,0.0
DNS,c1,382,0.23875000000000002,1.3189865065193161e-17,0.9999999994225071,0.39706069919346315,4096,0,0,1.0,0.0,0.0,0,0.0,0.39706069919346315,0.0
DNS,c1,383,0.239375,1.3657363230631663e-17,0.9999999993950593,0.3967788038405034,4096,0,0,1.0,0.0,0.0,0,0.0,0.3967788038405034,0.0
DNS,c1,384,0.24,1.4139248302918918e-17,0.9999999993660411,0.39649703276708786,4096,0,0,1.0,0.0,0.0,0,0.0,0.39649703276708786,0.0
DNS,c1,385,0.240625,1.4635873669070593e-17,0.9999999993353484,0.39621538826290353,4096,0,0,1.0,0.0,0.0,0,0.0,0.39621538826290353,0.0
DNS,c1,386,0.24125,1.514759794177204e-17,0.9999999993028702,0.3959338726208485,4096,0,0,1.0,0.0,0.0,0,0.0,0.3959338726208485,0.0
DNS,c1,387,0.241875,1.567478491080873e-17,0.9999999992684876,0.3956524881371107,4096,0,0,1.0,0.0,0.0,0,0.0,0.3956524881371107,0.0
DNS,c1,388,0.2425,1.6191277685395192e-17,0.9999999992320737,0.39537123711124306,4096,0,0,1.0,0.0,0.0,0,0.0,0.39537123711124306,0.0
DNS,c1,389,0.243125,1.6616939427541186e-17,0.9999999991934932,0.3950901218462388,4096,0,0,1.0,0.0,0.0,0,0.0,0.3950901218462388,0.0
DNS,c1,390,0.24375,1.7071376939252565e-17,0.9999999991526016,0.39480914464860317,4096,0,0,1.0,0.0,0.0,0,0.0,0.39480914464860317,0.0
DNS,c1,391,0.244375,1.7556557470444438e-17,0.9999999991092444,0.3945283078284241,4096,0,0,1.0,0.0,0.0,0,0.0,0.3945283078284241,0.0
DNS,c1,392,0.245,1.8074564677479384e-17,0.999999999063257,0.3942476136994408,4096,0,0,1.0,0.0,0.0,0,0.0,0.3942476136994408,0.0
DNS,c1,393,0.245625,1.8627605059075387e-17,0.9999999990144637,0.3939670645791101,4096,0,0,1.0,0.0,0.0,0,0.0,0.3939670645791101,0.0
DNS,c1,394,0.24625,1.9218014731741943e-17,0.999999998962677,0.3936866627886712,4096,0,0,1.0,0.0,0.0,0,0.0,0.3936866627886712,0.0
DNS,c1,395,0.246875,1.9848266561474338e-17,0.9999999989076972,0.39340641065320775,4096,0,0,1.0,0.0,0.0,0,0.0,0.39340641065320775,0.0
DNS,c1,396,0.2475,2.0520977669196666e-17,0.999999998849311,0.3931263105017088,4096,0,0,1.0,0.0,0.0,0,0.0,0.3931263105017088,0.0
DNS,c1,397,0.248125,2.1238917328236852e-17,0.9999999987872914,0.3928463646671273,4096,0,0,1.0,0.0,0.0,0,0.0,0.3928463646671273,0.0
DNS,c1,398,0.24875,2.2005015272942795e-17,0.9999999987213963,0.39256657548643564,4096,0,0,1.0,0.0,0.0,0,0.0,0.39256657548643564,0.0
DNS,c1,399,0.249375,2.282237043840925e-17,0.9999999986513678,0.3922869453006809,4096,0,0,1.0,0.0,0.0,0,0.0,0.3922869453006809,0.0
DNS,c1,400,0.25,2.3694260152181437e-17,0.9999999985769311,0.3920074764550365,4096,0,0,1.0,0.0,0.0,0,0.0,0.3920074764550365,0.0
DNS,c1,401,0.250625,2.462414979973493e-17,0.9999999984977938,0.3917281712988521,4096,0,0,1.0,0.0,0.0,0,0.0,0.3917281712988521,0.0
DNS,c1,402,0.25125000000000003,2.5615702986503772e-17,0.9999999984136442,0.39144903218570215,4096,0,0,1.0,0.0,0.0,0,0.0,0.39144903218570215,0.0
DNS,c1,403,0.251875,2.6528572309872336e-17,0.999999998324151,0.39117006147343064,4096,0,0,1.0,0.0,0.0,0,0.0,0.39117006147343064,0.0
DNS,c1,404,0.2525,2.7378954166948155e-17,0.9999999982289614,0.39089126152419584,4096,0,0,1.0,0.0,0.0,0,0.0,0.39089126152419584,0.0
DNS,c1,405,0.253125,2.8189372713509503e-17,0.9999999981276999,0.39061263470451085,4096,0,0,1.0,0.0,0.0,0,0.0,0.39061263470451085,0.0
DNS,c1,406,0.25375000000000003,2.8844465082478287e-17,0.9999999980199675,0.39033418338528303,4096,0,0,1.0,0.0,0.0,0,0.0,0.39033418338528303,0.0
DNS,c1,407,0.254375,2.951281613302676e-17,0.999999997923283,0.3900559099418513,4096,0,0,1.0,0.0,0.0,0,0.0,0.3900559099418513,0.0
DNS,c1,408,0.255,3.019466827252717e-17,0.9999999978376811,0.38977781675402035,4096,0,0,1.0,0.0,0.0,0,0.0,0.38977781675402035,0.0
DNS,c1,409,0.255625,3.0890267151734756e-17,0.9999999977476868,0.3894999062060939,4096,0,0,1.0,0.0,0.0,0,0.0,0.3894999062060939,0.0
DNS,c1,410,0.25625,3.159986162143509e-17,0.9999999976530307,0.3892221806869045,4096,0,0,1.0,0.0,0.0,0,0.0,0.3892221806869045,0.0
DNS,c1,411,0.256875,3.232370368466844e-17,0.9999999975534266,0.3889446425898413,4096,0,0,1.0,0.0,0.0,0,0.0,0.3889446425898413,0.0
DNS,c1,412,0.2575,3.3062048444467776e-17,0.99999999744857,0.3886672943128766,4096,0,0,1.0,0.0,0.0,0,0.0,0.3886672943128766,0.0
DNS,c1,413,0.258125,3.374814662449863e-17,0.9999999973381374,0.3883901382585889,4096,0,0,1.0,0.0,0.0,0,0.0,0.3883901382585889,0.0
DNS,c1,414,0.25875,3.4411499690191146e-17,0.9999999972217847,0.38811317683418406,4096,0,0,1.0,0.0,0.0,0,0.0,0.38811317683418406,0.0
DNS,c1,415,0.259375,3.512281722749873e-17,0.9999999970991464,0.387836412451514,4096,0,0,1.0,0.0,0.0,0,0.0,0.387836412451514,0.0
DNS,c1,416,0.26,3.5885212553642e-17,0.9999999969698343,0.3875598475270939,4096,0,0,1.0,0.0,0.0,0,0.0,0.3875598475270939,0.0
DNS,c1,417,0.260625,3.670196871004483e-17,0.9999999968334359,0.3872834844821154,4096,0,0,1.0,0.0,0.0,0,0.0,0.3872834844821154,0.0
DNS,c1,418,0.26125,3.757654731929778e-17,0.9999999966895131,0.3870073257424597,4096,0,0,1.0,0.0,0.0,0,0.0,0.3870073257424597,0.0
DNS,c1,419,0.261875,3.851259788715155e-17,0.999999996537601,0.3867313737387061,4096,0,0,1.0,0.0,0.0,0,0.0,0.3867313737387061,0.0
DNS,c1,420,0.2625,3.9513967570286546e-17,0.9999999963772057,0.38645563090613966,4096,0,0,1.0,0.0,0.0,0,0.0,0.38645563090613966,0.0
DNS,c1,421,0.263125,4.0403318036758606e-17,0.9999999962078036,0.38618009968475586,4096,0,0,1.0,0.0,0.0,0,0.0,0.38618009968475586,0.0
DNS,c1,422,0.26375,4.1301355808967426e-17,0.9999999960288386,0.3859047825192629,4096,0,0,1.0,0.0,0.0,0,0.0,0.3859047825192629,0.0
DNS,c1,423,0.264375,4.221688741625276e-17,0.9999999958397213,0.38562968185908203,4096,0,0,1.0,0.0,0.0,0,0.0,0.38562968185908203,0.0
DNS,c1,424,0.265,4.315019938418419e-17,0.9999999956398264,0.38535480015834495,4096,0,0,1.0,0.0,0.0,0,0.0,0.38535480015834495,0.0
DNS,c1,425,0.265625,4.41015802296915e-17,0.9999999954284909,0.3850801398758888,4096,0,0,1.0,0.0,0.0,0,0.0,0.3850801398758888,0.0
DNS,c1,426,0.26625,4.5071320341811816e-17,0.999999995205012,0.38480570347524945,4096,0,0,1.0,0.0,0.0,0,0.0,0.38480570347524945,0.0
DNS,c1,427,0.26687500000000003,4.605971185754673e-17,0.999999994968645,0.3845314934246516,4096,0,0,1.0,0.0,0.0,0,0.0,0.3845314934246516,0.0
DNS,c1,428,0.2675,4.70670485328433e-17,0.9999999947186008,0.3842575121969963,4096,0,0,1.0,0.0,0.0,0,0.0,0.3842575121969963,0.0
DNS,c1,429,0.268125,4.809362560871801e-17,0.9999999944540434,0.38398376226984726,4096,0,0,1.0,0.0,0.0,0,0.0,0.38398376226984726,0.0
DNS,c1,430,0.26875,4.91397396725483e-17,0.9999999941740877,0.38371024612541316,4096,0,0,1.0,0.0,0.0,0,0.0,0.38371024612541316,0.0
DNS,c1,431,0.26937500000000003,5.020568851456192e-17,0.9999999938777965,0.3834369662505285,4096,0,0,1.0,0.0,0.0,0,0.0,0.3834369662505285,0.0
DNS,c1,432,0.27,5.1291770979559727e-17,0.9999999935641776,0.3831639251366316,4096,0,0,1.0,0.0,0.0,0,0.0,0.3831639251366316,0.0
DNS,c1,433,0.270625,5.239828681391331e-17,0.999999993232181,0.3828911252797405,4096,0,0,1.0,0.0,0.0,0,0.0,0.3828911252797405,0.0
DNS,c1,434,0.27125,5.3525536507884165e-17,0.9999999929556601,0.3826185691804258,4096,0,0,1.0,0.0,0.0,0,0.0,0.3826185691804258,0.0
DNS,c1,435,0.27187500000000003,5.4673821133316975e-17,0.9999999926966407,0.38234625934378147,4096,0,0,1.0,0.0,0.0,0,0.0,0.38234625934378147,0.0
DNS,c1,436,0.2725,5.584344217676495e-17,0.9999999924253397,0.38207419827939304,4096,0,0,1.0,0.0,0.0,0,0.0,0.38207419827939304,0.0
DNS,c1,437,0.273125,5.70347013681109e-17,0.999999992141052,0.3818023885013034,4096,0,0,1.0,0.0,0.0,0,0.0,0.3818023885013034,0.0
DNS,c1,438,0.27375,5.824790050475306e-17,0.9999999918430311,0.38153083252797565,4096,0,0,1.0,0.0,0.0,0,0.0,0.38153083252797565,0.0
DNS,c1,439,0.274375,5.948334127143067e-17,0.999999991530487,0.3812595328822545,4096,0,0,1.0,0.0,0.0,0,0.0,0.3812595328822545,0.0
DNS,c1,440,0.275,6.074132505576918e-17,0.9999999912025836,0.3809884920913238,4096,0,0,1.0,0.0,0.0,0,0.0,0.3809884920913238,0.0
DNS,c1,441,0.275625,6.202215275963114e-17,0.9999999908584362,0.3807177126866629,4096,0,0,1.0,0.0,0.0,0,0.0,0.3807177126866629,0.0
DNS,c1,442,0.27625,6.332612460636369e-17,0.9999999904971086,0.38044719720399933,4096,0,0,1.0,0.0,0.0,0,0.0,0.38044719720399933,0.0
DNS,c1,443,0.276875,6.465353994403953e-17,0.9999999901176114,0.38017694818326025,4096,0,0,1.0,0.0,0.0,0,0.0,0.38017694818326025,0.0
DNS,c1,444,0.2775,6.600469704479293e-17,0.9999999897188979,0.37990696816851977,4096,0,0,1.0,0.0,0.0,0,0.0,0.37990696816851977,0.0
DNS,c1,445,0.278125,6.737989290035841e-17,0.9999999892998617,0.3796372597079458,4096,0,0,1.0,0.0,0.0,0,0.0,0.3796372597079458,0.0
DNS,c1,446,0.27875,6.877942301392424e-17,0.9999999888593335,0.3793678253537424,4096,0,0,1.0,0.0,0.0,0,0.0,0.3793678253537424,0.0
DNS,c1,447,0.279375,7.020358118841859e-17,0.9999999883960777,0.3790986676620912,4096,0,0,1.0,0.0,0.0,0,0.0,0.3790986676620912,0.0
DNS,c1,448,0.28,7.165265931135098e-17,0.9999999879087891,0.37882978919308913,4096,0,0,1.0,0.0,0.0,0,0.0,0.37882978919308913,0.0
DNS,c1,449,0.280625,7.31269471363368e-17,0.999999987396089,0.378561192510685,4096,0,0,1.0,0.0,0.0,0,0.0,0.378561192510685,0.0
DNS,c1,450,0.28125,7.46267320614374e-17,0.9999999868565216,0.3782928801826117,4096,0,0,1.0,0.0,0.0,0,0.0,0.3782928801826117,0.0
DNS,c1,451,0.281875,7.615229890445345e-17,0.9999999862885499,0.37802485478031833,4096,0,0,1.0,0.0,0.0,0,0.0,0.37802485478031833,0.0
DNS,c1,452,0.28250000000000003,7.770392967531357e-17,0.9999999856905519,0.37775711887889757,4096,0,0,1.0,0.0,0.0,0,0.0,0.37775711887889757,0.0
DNS,c1,453,0.283125,7.92819033457051e-17,0.9999999850608158,0.377489675057012,4096,0,0,1.0,0.0,0.0,0,0.0,0.377489675057012,0.0
DNS,c1,454,0.28375,8.088649561609833e-17,0.9999999843975356,0.37722252589681726,4096,0,0,1.0,0.0,0.0,0,0.0,0.37722252589681726,0.0
DNS,c1,455,0.284375,8.251797868031998e-17,0.9999999836988064,0.37695567398388324,4096,0,0,1.0,0.0,0.0,0,0.0,0.37695567398388324,0.0
DNS,c1,456,0.28500000000000003,8.41766209878357e-17,0.9999999829626196,0.37668912190711246,4096,0,0,1.0,0.0,0.0,0,0.0,0.37668912190711246,0.0
DNS,c1,457,0.285625,8.58626870039059e-17,0.9999999821868574,0.3764228722586562,4096,0,0,1.0,0.0,0.0,0,0.0,0.3764228722586562,0.0
DNS,c1,458,0.28625,8.757643696778304e-17,0.9999999813692876,0.37615692763382774,4096,0,0,1.0,0.0,0.0,0,0.0,0.37615692763382774,0.0
DNS,c1,459,0.286875,8.931812664912221e-17,0.9999999805075578,0.3758912906310136,4096,0,0,1.0,0.0,0.0,0,0.0,0.3758912906310136,0.0
DNS,c1,460,0.28750000000000003,9.108800710278095e-17,0.999999979676865,0.37562596385158264,4096,0,0,1.0,0.0,0.0,0,0.0,0.37562596385158264,0.0
DNS,c1,461,0.288125,9.288632442218754e-17,0.9999999790110062,0.37536094989979174,4096,0,0,1.0,0.0,0.0,0,0.0,0.37536094989979174,0.0
DNS,c1,462,0.28875,9.471331949146047e-17,0.999999978315949,0.37509625138269004,4096,0,0,1.0,0.0,0.0,0,0.0,0.37509625138269004,0.0
DNS,c1,463,0.289375,9.65692277364653e-17,0.9999999775901165,0.37483187091001996,4096,0,0,1.0,0.0,0.0,0,0.0,0.37483187091001996,0.0
DNS,c1,464,0.29,9.84542788749979e-17,0.9999999768318455,0.3745678110941165,4096,0,0,1.0,0.0,0.0,0,0.0,0.3745678110941165,0.0
DNS,c1,465,0.290625,1.0036869666628635e-16,0.9999999760393824,0.3743040745498038,4096,0,0,1.0,0.0,0.0,0,0.0,0.3743040745498038,0.0
DNS,c1,466,0.29125,1.0231269866000627e-16,0.9999999752108785,0.3740406638942892,4096,0,0,1.0,0.0,0.0,0,0.0,0.3740406638942892,0.0
DNS,c1,467,0.291875,1.0428649594500726e-16,0.9999999743443853,0.37377758174705517,4096,0,0,1.0,0.0,0.0,0,0.0,0.37377758174705517,0.0
DNS,c1,468,0.2925,1.0629029289795044e-16,0.9999999734378495,0.3735148307297486,4096,0,0,1.0,0.0,0.0,0,0.0,0.3735148307297486,0.0
DNS,c1,469,0.293125,1.083242869320592e-16,0.9999999724891083,0.3732524134660683,4096,0,0,1.0,0.0,0.0,0,0.0,0.3732524134660683,0.0
DNS,c1,470,0.29375,1.1038866824618772e-16,0.9999999714958834,0.37299033258164926,4096,0,0,1.0,0.0,0.0,0,0.0,0.37299033258164926,0.0
DNS,c1,471,0.294375,1.1248361957441333e-16,0.9999999704557756,0.3727285907039451,4096,0,0,1.0,0.0,0.0,0,0.0,0.3727285907039451,0.0
DNS,c1,472,0.295,1.1460931593636094e-16,0.9999999693662592,0.37246719046210847,4096,0,0,1.0,0.0,0.0,0,0.0,0.37246719046210847,0.0
DNS,c1,473,0.295625,1.167659243884687e-16,0.9999999682246755,0.3722061344868686,4096,0,0,1.0,0.0,0.0,0,0.0,0.3722061344868686,0.0
DNS,c1,474,0.29625,1.1895360377640621e-16,0.9999999670282267,0.37194542541040676,4096,0,0,1.0,0.0,0.0,0,0.0,0.37194542541040676,0.0
DNS,c1,475,0.296875,1.211725044888567e-16,0.999999965773969,0.37168506586622935,4096,0,0,1.0,0.0,0.0,0,0.0,0.37168506586622935,0.0
DNS,c1,476,0.2975,1.234227682128769e-16,0.9999999644588061,0.3714250584890389,4096,0,0,1.0,0.0,0.0,0,0.0,0.3714250584890389,0.0
DNS,c1,477,0.29812500000000003,1.2570452769104744e-16,0.9999999630794818,0.3711654059146027,4096,0,0,1.0,0.0,0.0,0,0.0,0.3711654059146027,0.0
DNS,c1,478,0.29875,1.2801790648062887e-16,0.9999999616325721,0.3709061107796191,4096,0,0,1.0,0.0,0.0,0,0.0,0.3709061107796191,0.0
DNS,c1,479,0.299375,1.3036301871493734e-16,0.9999999601144779,0.37064717572158185,4096,0,0,1.0,0.0,0.0,0,0.0,0.37064717572158185,0.0
DNS,c1,480,0.3,1.3273996886715506e-16,0.9999999585214167,0.370388603378642,4096,0,0,1.0,0.0,0.0,0,0.0,0.370388603378642,0.0
DNS,c1,481,0.30062500000000003,1.3514885151679014e-16,0.9999999568494138,0.37013039638946726,4096,0,0,1.0,0.0,0.0,0,0.0,0.37013039638946726,0.0
DNS,c1,482,0.30125,1.3758975111900038e-16,0.9999999550942938,0.3698725573931003,4096,0,0,1.0,0.0,0.0,0,0.0,0.3698725573931003,0.0
DNS,c1,483,0.301875,1.4006274177699495e-16,0.9999999532516716,0.36961508902881346,4096,0,0,1.0,0.0,0.0,0,0.0,0.36961508902881346,0.0
DNS,c1,484,0.3025,1.4256788701772752e-16,0.9999999513169422,0.3693579939359626,4096,0,0,1.0,0.0,0.0,0,0.0,0.3693579939359626,0.0
DNS,c1,485,0.30312500000000003,1.4510523957109317e-16,0.9999999492852713,0.36910127475383786,4096,0,0,1.0,0.0,0.0,0,0.0,0.36910127475383786,0.0
DNS,c1,486,0.30375,1.4767484115284067e-16,0.9999999472714234,0.36884493412151276,4096,0,0,1.0,0.0,0.0,0,0.0,0.36884493412151276,0.0
DNS,c1,487,0.304375,1.5027672225141035e-16,0.9999999457196476,0.36858897467769125,4096,0,0,1.0,0.0,0.0,0,0.0,0.36858897467769125,0.0
DNS,c1,488,0.305,1.5291090191890624e-16,0.999999944104357,0.3683333990605525,4096,0,0,1.0,0.0,0.0,0,0.0,0.3683333990605525,0.0
DNS,c1,489,0.305625,1.5557738756640947e-16,0.9999999424223083,0.3680782099075938,4096,0,0,1.0,0.0,0.0,0,0.0,0.3680782099075938,0.0
DNS,c1,490,0.30625,1.5785923380984593e-16,0.9999999406700928,0.3678234098554715,4096,0,0,1.0,0.0,0.0,0,0.0,0.3678234098554715,0.0
DNS,c1,491,0.306875,1.5941485411203765e-16,0.9999999388441291,0.36756900153983935,4096,0,0,1.0,0.0,0.0,0,0.0,0.36756900153983935,0.0
DNS,c1,492,0.3075,1.6114501428799446e-16,0.9999999369406548,0.3673149875951857,4096,0,0,1.0,0.0,0.0,0,0.0,0.3673149875951857,0.0
DNS,c1,493,0.308125,1.6305845649991433e-16,0.9999999349557186,0.36706137065466843,4096,0,0,1.0,0.0,0.0,0,0.0,0.36706137065466843,0.0
DNS,c1,494,0.30875,1.651643147300415e-16,0.9999999328851712,0.3668081533499472,4096,0,0,1.0,0.0,0.0,0,0.0,0.3668081533499472,0.0
DNS,c1,495,0.309375,1.6747213326834776e-16,0.9999999307246569,0.3665553383110154,4096,0,0,1.0,0.0,0.0,0,0.0,0.3665553383110154,0.0
DNS,c1,496,0.31,1.6999188600734706e-16,0.999999928469604,0.36630292816602816,4096,0,0,1.0,0.0,0.0,0,0.0,0.36630292816602816,0.0
DNS,c1,497,0.310625,1.727339965761304e-16,0.9999999261152149,0.3660509255411304,4096,0,0,1.0,0.0,0.0,0,0.0,0.3660509255411304,0.0
DNS,c1,498,0.31125,1.7570935934692202e-16,0.9999999236564567,0.3657993330602819,4096,0,0,1.0,0.0,0.0,0,0.0,0.3657993330602819,0.0
DNS,c1,499,0.311875,1.7892936134871674e-16,0.9999999210880502,0.3655481533450805,4096,0,0,1.0,0.0,0.0,0,0.0,0.3655481533450805,0.0
DNS,c1,500,0.3125,1.824059051238587e-16,0.9999999184044592,0.36529738901458425,4096,0,0,1.0,0.0,0.0,0,0.0,0.36529738901458425,0.0
DNS,c1,501,0.313125,1.8615143256476794e-16,0.9999999155998791,0.365047042685131,4096,0,0,1.0,0.0,0.0,0,0.0,0.365047042685131,0.0
DNS,c1,502,0.31375000000000003,1.8812341087517833e-16,0.9999999126682256,0.3647971169701568,4096,0,0,1.0,0.0,0.0,0,0.0,0.3647971169701568,0.0
DNS,c1,503,0.314375,1.8986332362990427e-16,0.9999999096031222,0.36454761448001227,4096,0,0,1.0,0.0,0.0,0,0.0,0.36454761448001227,0.0
DNS,c1,504,0.315,1.9161907829441647e-16,0.9999999063978876,0.36429853782177735,4096,0,0,1.0,0.0,0.0,0,0.0,0.36429853782177735,0.0
DNS,c1,505,0.315625,1.933907958003932e-16,0.9999999030455226,0.36404988959907414,4096,0,0,1.0,0.0,0.0,0,0.0,0.36404988959907414,0.0
DNS,c1,506,0.31625000000000003,1.9517859009823791e-16,0.9999998995386966,0.3638016724118787,4096,0,0,1.0,0.0,0.0,0,0.0,0.3638016724118787,0.0
DNS,c1,507,0.316875,1.9698256793511376e-16,0.9999998958697337,0.3635538888563306,4096,0,0,1.0,0.0,0.0,0,0.0,0.3635538888563306,0.0
DNS,c1,508,0.3175,1.988028286370372e-16,0.9999998920305976,0.363306541524541,4096,0,0,1.0,0.0,0.0,0,0.0,0.363306541524541,0.0
DNS,c1,509,0.318125,2.0063946389523175e-16,0.9999998880128768,0.36305963300439953,4096,0,0,1.0,0.0,0.0,0,0.0,0.36305963300439953,0.0
DNS,c1,510,0.31875000000000003,2.0249255755693901e-16,0.9999998838077685,0.3628131658793791,4096,0,0,1.0,0.0,0.0,0,0.0,0.3628131658793791,0.0
DNS,c1,511,0.319375,2.0436218542087949e-16,0.999999879406063,0.3625671427283398,4096,0,0,1.0,0.0,0.0,0,0.0,0.3625671427283398,0.0
DNS,c1,512,0.32,2.0624841503755208e-16,0.9999998753252631,0.3623215661253306,4096,0,0,1.0,0.0,0.0,0,0.0,0.3623215661253306,0.0
DNS,c1,513,0.320625,2.0815130551455654e-16,0.9999998720047758,0.3620764386393905,4096,0,0,1.0,0.0,0.0,0,0.0,0.3620764386393905,0.0
DNS,c1,514,0.32125,2.1007090732711834e-16,0.9999998685564059,0.361831762834347,4096,0,0,1.0,0.0,0.0,0,0.0,0.361831762834347,0.0
DNS,c1,515,0.321875,2.1200726213399092e-16,0.9999998649739572,0.36158754126861453,4096,0,0,1.0,0.0,0.0,0,0.0,0.36158754126861453,0.0
DNS,c1,516,0.3225,2.1396040259890554e-16,0.9999998612509388,0.36134377649499105,4096,0,0,1.0,0.0,0.0,0,0.0,0.36134377649499105,0.0
DNS,c1,517,0.323125,2.1593035221773379e-16,0.9999998573805523,0.36110047106045245,4096,0,0,1.0,0.0,0.0,0,0.0,0.36110047106045245,0.0
DNS,c1,518,0.32375,2.1791712515152265e-16,0.9999998533556793,0.36085762750594713,4096,0,0,1.0,0.0,0.0,0,0.0,0.36085762750594713,0.0
DNS,c1,519,0.324375,2.1992072606555707e-16,0.9999998491688676,0.36061524836618825,4096,0,0,1.0,0.0,0.0,0,0.0,0.36061524836618825,0.0
DNS,c1,520,0.325,2.219411499745993e-16,0.9999998448123173,0.360373336169445,4096,0,0,1.0,0.0,0.0,0,0.0,0.360373336169445,0.0
DNS,c1,521,0.325625,2.239783820944491e-16,0.999999840277866,0.360131893437333,4096,0,0,1.0,0.0,0.0,0,0.0,0.360131893437333,0.0
DNS,c1,522,0.32625,2.2603239769996313e-16,0.9999998355569744,0.3598909226846031,4096,0,0,1.0,0.0,0.0,0,0.0,0.3598909226846031,0.0
DNS,c1,523,0.326875,2.281031619896664e-16,0.9999998306407101,0.35965042641892947,4096,0,0,1.0,0.0,0.0,0,0.0,0.35965042641892947,0.0
DNS,c1,524,0.3275,2.3019062995708225e-16,0.999999825519732,0.35941040714069605,4096,0,0,1.0,0.0,0.0,0,0.0,0.35941040714069605,0.0
DNS,c1,525,0.328125,2.322947462689032e-16,0.9999998201842734,0.3591708673427826,4096,0,0,1.0,0.0,0.0,0,0.0,0.3591708673427826,0.0
DNS,c1,526,0.32875,2.3441544515011604e-16,0.9999998146241245,0.3589318095103491,4096,0,0,1.0,0.0,0.0,0,0.0,0.3589318095103491,0.0
DNS,c1,527,0.32937500000000003,2.365526502761924e-16,0.9999998088286148,0.3586932361206195,4096,0,0,1.0,0.0,0.0,0,0.0,0.3586932361206195,0.0
DNS,c1,528,0.33,2.3870627467244633e-16,0.9999998027865947,0.35845514964266456,4096,0,0,1.0,0.0,0.0,0,0.0,0.35845514964266456,0.0
DNS,c1,529,0.330625,2.408762206206565e-16,0.9999997964864157,0.35821755253718385,4096,0,0,1.0,0.0,0.0,0,0.0,0.35821755253718385,0.0
DNS,c1,530,0.33125,2.430623795730443e-16,0.9999997899159112,0.35798044725628597,4096,0,0,1.0,0.0,0.0,0,0.0,0.35798044725628597,0.0
DNS,c1,531,0.33187500000000003,2.452646320736913e-16,0.9999997830623759,0.3577438362432695,4096,0,0,1.0,0.0,0.0,0,0.0,0.3577438362432695,0.0
DNS,c1,532,0.3325,2.4748284768747547e-16,0.9999997759125442,0.3575077219324018,4096,0,0,1.0,0.0,0.0,0,0.0,0.3575077219324018,0.0
DNS,c1,533,0.333125,2.4971688493659714e-16,0.9999997684525687,0.35727210674869764,4096,0,0,1.0,0.0,0.0,0,0.0,0.35727210674869764,0.0
DNS,c1,534,0.33375,2.5196659124476103e-16,0.9999997606679971,0.35703699310769677,4096,0,0,1.0,0.0,0.0,0,0.0,0.35703699310769677,0.0
DNS,c1,535,0.33437500000000003,2.542318028890727e-16,0.9999997525437493,0.35680238341524145,4096,0,0,1.0,0.0,0.0,0,0.0,0.35680238341524145,0.0
DNS,c1,536,0.335,2.5651234495970304e-16,0.9999997440640924,0.3565682800672523,4096,0,0,1.0,0.0,0.0,0,0.0,0.3565682800672523,0.0
DNS,c1,537,0.335625,2.5880803132736617e-16,0.9999997352126165,0.3563346854495047,4096,0,0,1.0,0.0,0.0,0,0.0,0.3563346854495047,0.0
DNS,c1,538,0.33625,2.611186646186514e-16,0.9999997282504995,0.35610160193740364,4096,0,0,1.0,0.0,0.0,0,0.0,0.35610160193740364,0.0
DNS,c1,539,0.336875,2.634440361992421e-16,0.9999997216555023,0.35586903189575836,4096,0,0,1.0,0.0,0.0,0,0.0,0.35586903189575836,0.0
DNS,c1,540,0.3375,2.657839261650484e-16,0.9999997148198914,0.3556369776785569,4096,0,0,1.0,0.0,0.0,0,0.0,0.3556369776785569,0.0
DNS,c1,541,0.338125,2.6813810334127455e-16,0.9999997077325776,0.3554054416287394,4096,0,0,1.0,0.0,0.0,0,0.0,0.3554054416287394,0.0
DNS,c1,542,0.33875,2.705063252894347e-16,0.9999997003819792,0.3551744260779719,4096,0,0,1.0,0.0,0.0,0,0.0,0.3551744260779719,0.0
DNS,c1,543,0.339375,2.728883383223243e-16,0.999999692756002,0.3549439333464186,4096,0,0,1.0,0.0,0.0,0,0.0,0.3549439333464186,0.0
DNS,c1,544,0.34,2.7528387752694926e-16,0.9999996848420197,0.3547139657425153,4096,0,0,1.0,0.0,0.0,0,0.0,0.3547139657425153,0.0
DNS,c1,545,0.340625,2.7769266679540644e-16,0.9999996766268531,0.3544845255627411,4096,0,0,1.0,0.0,0.0,0,0.0,0.3544845255627411,0.0
DNS,c1,546,0.34125,2.801144188637051e-16,0.9999996680967486,0.35425561509139064,4096,0,0,1.0,0.0,0.0,0,0.0,0.35425561509139064,0.0
DNS,c1,547,0.341875,2.8254883535851035e-16,0.9999996592373563,0.35402723660034596,4096,0,0,1.0,0.0,0.0,0,0.0,0.35402723660034596,0.0
DNS,c1,548,0.3425,2.8499560685178525e-16,0.9999996500337073,0.3537993923488483,4096,0,0,1.0,0.0,0.0,0,0.0,0.3537993923488483,0.0
DNS,c1,549,0.343125,2.8745441292330065e-16,0.9999996404701897,0.35357208458326933,4096,0,0,1.0,0.0,0.0,0,0.0,0.35357208458326933,0.0
DNS,c1,550,0.34375,2.8992492223097653e-16,0.999999630530525,0.3533453155368831,4096,0,0,1.0,0.0,0.0,0,0.0,0.3533453155368831,0.0
DNS,c1,551,0.344375,2.924067925890119e-16,0.9999996201977421,0.35311908742963716,4096,0,0,1.0,0.0,0.0,0,0.0,0.35311908742963716,0.0
DNS,c1,552,0.34500000000000003,2.9489967105375486e-16,0.9999996094541521,0.352893402467924,4096,0,0,1.0,0.0,0.0,0,0.0,0.352893402467924,0.0
DNS,c1,553,0.345625,2.974031940172576e-16,0.999999598281321,0.35266826284435293,4096,0,0,1.0,0.0,0.0,0,0.0,0.35266826284435293,0.0
DNS,c1,554,0.34625,2.9991698730845614e-16,0.9999995866600425,0.3524436707375213,4096,0,0,1.0,0.0,0.0,0,0.0,0.3524436707375213,0.0
DNS,c1,555,0.346875,3.02440666301908e-16,0.9999995745703094,0.3522196283117862,4096,0,0,1.0,0.0,0.0,0,0.0,0.3522196283117862,0.0
DNS,c1,556,0.34750000000000003,3.049738360340157e-16,0.999999561991284,0.3519961377170371,4096,0,0,1.0,0.0,0.0,0,0.0,0.3519961377170371,0.0
DNS,c1,557,0.348125,3.075160913266582e-16,0.9999995489012681,0.3517732010884667,4096,0,0,1.0,0.0,0.0,0,0.0,0.3517732010884667,0.0
DNS,c1,558,0.34875,3.1006701691814613e-16,0.9999995352776713,0.3515508205463451,4096,0,0,1.0,0.0,0.0,0,0.0,0.3515508205463451,0.0
DNS,c1,559,0.349375,3.126261876014129e-16,0.9999995210969791,0.351328998195791,4096,0,0,1.0,0.0,0.0,0,0.0,0.351328998195791,0.0
DNS,c1,560,0.35000000000000003,3.1519316836934584e-16,0.9999995063347198,0.35110773612654583,4096,0,0,1.0,0.0,0.0,0,0.0,0.35110773612654583,0.0
DNS,c1,561,0.350625,3.177675145671587e-16,0.99999949096543,0.35088703641274704,4096,0,0,1.0,0.0,0.0,0,0.0,0.35088703641274704,0.0
DNS,c1,562,0.35125,3.201866662840276e-16,0.9999994749626191,0.35066690111270177,4096,0,0,1.0,0.0,0.0,0,0.0,0.35066690111270177,0.0
DNS,c1,563,0.351875,3.214240815481005e-16,0.9999994604040441,0.35044733226866215,4096,0,0,1.0,0.0,0.0,0,0.0,0.35044733226866215,0.0
DNS,c1,564,0.3525,3.229814539876625e-16,0.9999994485415967,0.3502283319065995,4096,0,0,1.0,0.0,0.0,0,0.0,0.3502283319065995,0.0
DNS,c1,565,0.353125,3.2487050040311744e-16,0.9999994362706878,0.3500099020359809,4096,0,0,1.0,0.0,0.0,0,0.0,0.3500099020359809,0.0
DNS,c1,566,0.35375,3.2710342681030976e-16,0.9999994235733454,0.34979204464954494,4096,0,0,1.0,0.0,0.0,0,0.0,0.34979204464954494,0.0
DNS,c1,567,0.354375,3.2969295029526186e-16,0.9999994104308465,0.34957476172307883,4096,0,0,1.0,0.0,0.0,0,0.0,0.34957476172307883,0.0
DNS,c1,568,0.355,3.32652321689747e-16,0.9999993968236897,0.3493580552151967,4096,0,0,1.0,0.0,0.0,0,0.0,0.3493580552151967,0.0
DNS,c1,569,0.355625,3.3599534909684645e-16,0.9999993827315667,0.3491419270671174,4096,0,0,1.0,0.0,0.0,0,0.0,0.3491419270671174,0.0
DNS,c1,570,0.35625,3.397364222966405e-16,0.9999993681333338,0.3489263792024448,4096,0,0,1.0,0.0,0.0,0,0.0,0.3489263792024448,0.0
DNS,c1,571,0.356875,3.438116920728849e-16,0.9999993530069812,0.3487114135269475,4096,0,0,1.0,0.0,0.0,0,0.0,0.3487114135269475,0.0
DNS,c1,572,0.3575,3.464351243197719e-16,0.9999993373296023,0.34849703192834036,4096,0,0,1.0,0.0,0.0,0,0.0,0.34849703192834036,0.0
DNS,c1,573,0.358125,3.490598981968031e-16,0.9999993210773623,0.3482832362760668,4096,0,0,1.0,0.0,0.0,0,0.0,0.3482832362760668,0.0
DNS,c1,574,0.35875,3.516854604864894e-16,0.9999993042254649,0.3480700284210818,4096,0,0,1.0,0.0,0.0,0,0.0,0.3480700284210818,0.0
DNS,c1,575,0.359375,3.543112511286044e-16,0.9999992867481187,0.3478574101956371,4096,0,0,1.0,0.0,0.0,0,0.0,0.3478574101956371,0.0
DNS,c1,576,0.36,3.5693670346292917e-16,0.9999992686185023,0.34764538341306545,4096,0,0,1.0,0.0,0.0,0,0.0,0.34764538341306545,0.0
DNS,c1,577,0.36062500000000003,3.5956124447681304e-16,0.9999992498087288,0.3474339498675687,4096,0,0,1.0,0.0,0.0,0,0.0,0.3474339498675687,0.0
DNS,c1,578,0.36125,3.585710262642443e-16,0.9999992302898083,0.34722311133400474,4096,0,0,1.0,0.0,0.0,0,0.0,0.34722311133400474,0.0
DNS,c1,579,0.361875,3.57240315341324e-16,0.9999992100316106,0.34701286956767735,4096,0,0,1.0,0.0,0.0,0,0.0,0.34701286956767735,0.0
DNS,c1,580,0.3625,3.561891282775307e-16,0.9999991890028258,0.34680322630412636,4096,0,0,1.0,0.0,0.0,0,0.0,0.34680322630412636,0.0
DNS,c1,581,0.36312500000000003,3.5542603941877445e-16,0.999999167170924,0.3465941832589201,4096,0,0,1.0,0.0,0.0,0,0.0,0.3465941832589201,0.0
DNS,c1,582,0.36375,3.549599727108296e-16,0.999999144502114,0.3463857421274484,4096,0,0,1.0,0.0,0.0,0,0.0,0.3463857421274484,0.0
DNS,c1,583,0.364375,3.548002179931168e-16,0.9999991209613013,0.34617790458471737,4096,0,0,1.0,0.0,0.0,0,0.0,0.34617790458471737,0.0
DNS,c1,584,0.365,3.549564478771206e-16,0.9999990965120433,0.3459706722851466,4096,0,0,1.0,0.0,0.0,0,0.0,0.3459706722851466,0.0
DNS,c1,585,0.36562500000000003,3.554387352297463e-16,0.9999990711165054,0.3457640468623661,4096,0,0,1.0,0.0,0.0,0,0.0,0.3457640468623661,0.0
DNS,c1,586,0.36625,3.5625757128262555e-16,0.9999990447354141,0.34555802992901674,4096,0,0,1.0,0.0,0.0,0,0.0,0.34555802992901674,0.0
DNS,c1,587,0.366875,3.5742388438910206e-16,0.9999990173280097,0.34535262307655135,4096,0,0,1.0,0.0,0.0,0,0.0,0.34535262307655135,0.0
DNS,c1,588,0.3675,3.58949059451374e-16,0.999998990285828,0.34514782787503745,4096,0,0,1.0,0.0,0.0,0,0.0,0.34514782787503745,0.0
DNS,c1,589,0.368125,3.608449580410308e-16,0.9999989700762139,0.3449436458729627,4096,0,0,1.0,0.0,0.0,0,0.0,0.3449436458729627,0.0
DNS,c1,590,0.36875,3.6312393923700693e-16,0.9999989492066511,0.3447400785970411,4096,0,0,1.0,0.0,0.0,0,0.0,0.3447400785970411,0.0
DNS,c1,591,0.369375,3.657988812057781e-16,0.999998927649356,0.3445371275520218,4096,0,0,1.0,0.0,0.0,0,0.0,0.3445371275520218,0.0
DNS,c1,592,0.37,3.6888320354945184e-16,0.9999989053754518,0.3443347942204993,4096,0,0,1.0,0.0,0.0,0,0.0,0.3443347942204993,0.0
DNS,c1,593,0.370625,3.7239089044825055e-16,0.9999988823549312,0.3441330800627265,4096,0,0,1.0,0.0,0.0,0,0.0,0.3441330800627265,0.0
DNS,c1,594,0.37125,3.763365146247531e-16,0.9999988585566189,0.34393198651642853,4096,0,0,1.0,0.0,0.0,0,0.0,0.34393198651642853,0.0
DNS,c1,595,0.371875,3.807352621581542e-16,0.9999988339481319,0.34373151499661964,4096,0,0,1.0,0.0,0.0,0,0.0,0.34373151499661964,0.0
DNS,c1,596,0.3725,3.8560295817771194e-16,0.9999988084958399,0.3435316668954221,4096,0,0,1.0,0.0,0.0,0,0.0,0.3435316668954221,0.0
DNS,c1,597,0.373125,3.9073299659812515e-16,0.9999987821648227,0.3433324435818869,4096,0,0,1.0,0.0,0.0,0,0.0,0.3433324435818869,0.0
DNS,c1,598,0.37375,3.878118983387639e-16,0.999998754918829,0.34313384640181677,4096,0,0,1.0,0.0,0.0,0,0.0,0.34313384640181677,0.0
DNS,c1,599,0.374375,3.8516170743879255e-16,0.9999987267202314,0.34293587667759184,4096,0,0,1.0,0.0,0.0,0,0.0,0.34293587667759184,0.0
DNS,c1,600,0.375,3.827892165342818e-16,0.9999986975299825,0.34273853570799717,4096,0,0,1.0,0.0,0.0,0,0.0,0.34273853570799717,0.0
DNS,c1,601,0.375625,3.8070149736578984e-16,0.9999986673075681,0.34254182476805295,4096,0,0,1.0,0.0,0.0,0,0.0,0.34254182476805295,0.0
DNS,c1,602,0.37625000000000003,3.7890591415111164e-16,0.99999863601096,0.34234574510884697,4096,0,0,1.0,0.0,0.0,0,0.0,0.34234574510884697,0.0
DNS,c1,603,0.376875,3.7741013740792956e-16,0.9999986035965668,0.3421502979573697,4096,0,0,1.0,0.0,0.0,0,0.0,0.3421502979573697,0.0
DNS,c1,604,0.3775,3.762221582416892e-16,0.9999985700191848,0.34195548451635155,4096,0,0,1.0,0.0,0.0,0,0.0,0.34195548451635155,0.0
DNS,c1,605,0.378125,3.7535030311455397e-16,0.9999985352319458,0.3417613059641034,4096,0,0,1.0,0.0,0.0,0,0.0,0.3417613059641034,0.0
DNS,c1,606,0.37875000000000003,3.7480324911183714e-16,0.9999984991862647,0.3415677634543587,4096,0,0,1.0,0.0,0.0,0,0.0,0.3415677634543587,0.0
DNS,c1,607,0.379375,3.745900397228654e-16,0.9999984618317853,0.34137485811611934,4096,0,0,1.0,0.0,0.0,0,0.0,0.34137485811611934,0.0
DNS,c1,608,0.38,3.747201011538018e-16,0.999998423116325,0.34118259105350335,4096,0,0,1.0,0.0,0.0,0,0.0,0.34118259105350335,0.0
DNS,c1,609,0.380625,3.7520325919053934e-16,0.9999983829858174,0.34099096334559575,4096,0,0,1.0,0.0,0.0,0,0.0,0.34099096334559575,0.0
DNS,c1,610,0.38125000000000003,3.760497566303767e-16,0.9999983413842543,0.3407999760463023,4096,0,0,1.0,0.0,0.0,0,0.0,0.3407999760463023,0.0
DNS,c1,611,0.381875,3.7727027130180165e-16,0.9999982982536252,0.34060963018420565,4096,0,0,1.0,0.0,0.0,0,0.0,0.34060963018420565,0.0
DNS,c1,612,0.3825,3.788759346923366e-16,0.9999982535338566,0.34041992676242483,4096,0,0,1.0,0.0,0.0,0,0.0,0.34041992676242483,0.0
DNS,c1,613,0.383125,3.808783512050441e-16,0.999998207513247,0.3402308667584776,4096,0,0,1.0,0.0,0.0,0,0.0,0.3402308667584776,0.0
DNS,c1,614,0.38375000000000004,3.832896180649495e-16,0.9999981747020441,0.3400424511241453,4096,0,0,1.0,0.0,0.0,0,0.0,0.3400424511241453,0.0
DNS,c1,615,0.384375,3.8612234589731303e-16,0.9999981408707139,0.3398546807853413,4096,0,0,1.0,0.0,0.0,0,0.0,0.3398546807853413,0.0
DNS,c1,616,0.385,3.893896800003718e-16,0.9999981059780908,0.3396675566419825,4096,0,0,1.0,0.0,0.0,0,0.0,0.3396675566419825,0.0
DNS,c1,617,0.385625,3.9310532233588177e-16,0.9999980699814826,0.3394810795678631,4096,0,0,1.0,0.0,0.0,0,0.0,0.3394810795678631,0.0
DNS,c1,618,0.38625,3.9728355426150823e-16,0.9999980328366223,0.33929525041053266,4096,0,0,1.0,0.0,0.0,0,0.0,0.33929525041053266,0.0
DNS,c1,619,0.386875,3.99382541975939e-16,0.9999979944976186,0.3391100699911767,4096,0,0,1.0,0.0,0.0,0,0.0,0.3391100699911767,0.0
DNS,c1,620,0.3875,3.958959767121961e-16,0.9999979549169055,0.3389255391045004,4096,0,0,1.0,0.0,0.0,0,0.0,0.3389255391045004,0.0
DNS,c1,621,0.388125,3.9268601075053933e-16,0.9999979140451895,0.33874165851861604,4096,0,0,1.0,0.0,0.0,0,0.0,0.33874165851861604,0.0
DNS,c1,622,0.38875,3.897584543442492e-16,0.999997871831397,0.3385584289749335,4096,0,0,1.0,0.0,0.0,0,0.0,0.3385584289749335,0.0
DNS,c1,623,0.389375,3.871193697367806e-16,0.9999978282226194,0.3383758511880538,4096,0,0,1.0,0.0,0.0,0,0.0,0.3383758511880538,0.0
DNS,c1,624,0.39,3.847750830191023e-16,0.9999977831640567,0.3381939258456666,4096,0,0,1.0,0.0,0.0,0,0.0,0.3381939258456666,0.0
DNS,c1,625,0.390625,3.827321963584904e-16,0.9999977365989603,0.33801265360845095,4096,0,0,1.0,0.0,0.0,0,0.0,0.33801265360845095,0.0
DNS,c1,626,0.39125,3.8099760061130436e-16,0.9999976884685735,0.337832035109979,4096,0,0,1.0,0.0,0.0,0,0.0,0.337832035109979,0.0
DNS,c1,627,0.39187500000000003,3.795784883326897e-16,0.9999976387120716,0.3376520709566238,4096,0,0,1.0,0.0,0.0,0,0.0,0.3376520709566238,0.0
DNS,c1,628,0.3925,3.7848236719658374e-16,0.9999975872664997,0.3374727617274704,4096,0,0,1.0,0.0,0.0,0,0.0,0.3374727617274704,0.0
DNS,c1,629,0.393125,3.7771707383983586e-16,0.9999975340667091,0.33729410797423076,4096,0,0,1.0,0.0,0.0,0,0.0,0.33729410797423076,0.0
DNS,c1,630,0.39375,3.77290788144703e-16,0.9999974790452925,0.33711611022116145,4096,0,0,1.0,0.0,0.0,0,0.0,0.33711611022116145,0.0
DNS,c1,631,0.39437500000000003,3.77212047974438e-16,0.9999974221325172,0.33693876896498587,4096,0,0,1.0,0.0,0.0,0,0.0,0.33693876896498587,0.0
DNS,c1,632,0.395,3.774897643771548e-16,0.9999973632562569,0.33676208467482016,4096,0,0,1.0,0.0,0.0,0,0.0,0.33676208467482016,0.0
DNS,c1,633,0.395625,3.78133237273632e-16,0.999997302341922,0.3365860577921017,4096,0,0,1.0,0.0,0.0,0,0.0,0.3365860577921017,0.0
DNS,c1,634,0.39625,3.7915217164520315e-16,0.9999972393123878,0.3364106887305226,4096,0,0,1.0,0.0,0.0,0,0.0,0.3364106887305226,0.0
DNS,c1,635,0.39687500000000003,3.805566942383796e-16,0.9999971740879217,0.3362359778759666,4096,0,0,1.0,0.0,0.0,0,0.0,0.3362359778759666,0.0
DNS,c1,636,0.3975,3.8235737080335824e-16,0.9999971065861075,0.3360619255864487,4096,0,0,1.0,0.0,0.0,0,0.0,0.3360619255864487,0.0
DNS,c1,637,0.398125,3.845652238840856e-16,0.9999970367217698,0.3358885321920605,4096,0,0,1.0,0.0,0.0,0,0.0,0.3358885321920605,0.0
DNS,c1,638,0.39875,3.8719175117807814e-16,0.9999969644068945,0.3357157979949176,4096,0,0,1.0,0.0,0.0,0,0.0,0.3357157979949176,0.0
DNS,c1,639,0.39937500000000004,3.9024894448473625e-16,0.999996912400662,0.33554372326911214,4096,0,0,1.0,0.0,0.0,0,0.0,0.33554372326911214,0.0
DNS,c1,640,0.4,3.9374930926144225e-16,0.9999968598501191,0.3353723082606683,4096,0,0,1.0,0.0,0.0,0,0.0,0.3353723082606683,0.0
DNS,c1,641,0.400625,3.908440758066792e-16,0.9999968057255337,0.3352015531875022,4096,0,0,1.0,0.0,0.0,0,0.0,0.3352015531875022,0.0
DNS,c1,642,0.40125,3.8706957254004497e-16,0.9999967499661548,0.33503145823938585,4096,0,0,1.0,0.0,0.0,0,0.0,0.33503145823938585,0.0
DNS,c1,643,0.401875,3.8356706116498996e-16,0.9999966925091166,0.33486202357791467,4096,0,0,1.0,0.0,0.0,0,0.0,0.33486202357791467,0.0
DNS,c1,644,0.4025,3.8034132451451916e-16,0.9999966332893767,0.3346932493364791,4096,0,0,1.0,0.0,0.0,0,0.0,0.3346932493364791,0.0
DNS,c1,645,0.403125,3.773973691811266e-16,0.9999965722396527,0.3345251356202405,4096,0,0,1.0,0.0,0.0,0,0.0,0.3345251356202405,0.0
DNS,c1,646,0.40375,3.747404357222206e-16,0.9999965092903572,0.33435768250611064,4096,0,0,1.0,0.0,0.0,0,0.0,0.33435768250611064,0.0
DNS,c1,647,0.404375,3.7237600916290723e-16,0.9999964443695318,0.3341908900427354,4096,0,0,1.0,0.0,0.0,0,0.0,0.3341908900427354,0.0
DNS,c1,648,0.405,3.7030982980612597e-16,0.9999963774027788,0.3340247582504828,4096,0,0,1.0,0.0,0.0,0,0.0,0.3340247582504828,0.0
DNS,c1,649,0.405625,3.6854790436045284e-16,0.9999963083131916,0.3338592871214347,4096,0,0,1.0,0.0,0.0,0,0.0,0.3338592871214347,0.0
DNS,c1,650,0.40625,3.6709651739620915e-16,0.9999962370212839,0.3336944766193826,4096,0,0,1.0,0.0,0.0,0,0.0,0.3336944766193826,0.0
DNS,c1,651,0.406875,3.659622431408479e-16,0.9999961634449167,0.33353032667982785,4096,0,0,1.0,0.0,0.0,0,0.0,0.33353032667982785,0.0
DNS,c1,652,0.40750000000000003,3.651519576249253e-16,0.9999960874992238,0.3333668372099857,4096,0,0,1.0,0.0,0.0,0,0.0,0.3333668372099857,0.0
DNS,c1,653,0.408125,3.6467285119030995e-16,0.9999960090965356,0.33320400808879364,4096,0,0,1.0,0.0,0.0,0,0.0,0.33320400808879364,0.0
DNS,c1,654,0.40875,3.645324413726311e-16,0.9999959281463018,0.3330418391669235,4096,0,0,1.0,0.0,0.0,0,0.0,0.3330418391669235,0.0
DNS,c1,655,0.409375,3.6473858617032465e-16,0.9999958445550107,0.3328803302667982,4096,0,0,1.0,0.0,0.0,0,0.0,0.3328803302667982,0.0
DNS,c1,656,0.41000000000000003,3.6529949771299667e-16,0.999995758226109,0.3327194811826126,4096,0,0,1.0,0.0,0.0,0,0.0,0.3327194811826126,0.0
DNS,c1,657,0.410625,3.662237563421953e-16,0.9999956690599178,0.33255929168035775,4096,0,0,1.0,0.0,0.0,0,0.0,0.33255929168035775,0.0
DNS,c1,658,0.41125,3.675203251180546e-16,0.999995576953548,0.3323997614978505,4096,0,0,1.0,0.0,0.0,0,0.0,0.3323997614978505,0.0
DNS,c1,659,0.411875,3.6919856476565884e-16,0.9999954818008135,0.3322408903447661,4096,0,0,1.0,0.0,0.0,0,0.0,0.3322408903447661,0.0
DNS,c1,660,0.41250000000000003,3.7126824907536103e-16,0.9999953834921421,0.3320826779026758,4096,0,0,1.0,0.0,0.0,0,0.0,0.3320826779026758,0.0
DNS,c1,661,0.413125,3.7373958077168786e-16,0.9999952819144852,0.33192512382508815,4096,0,0,1.0,0.0,0.0,0,0.0,0.33192512382508815,0.0
DNS,c1,662,0.41375,3.7210780708050906e-16,0.9999951769512249,0.3317682277374948,4096,0,0,1.0,0.0,0.0,0,0.0,0.3317682277374948,0.0
DNS,c1,663,0.414375,3.680566749673692e-16,0.9999950684820801,0.33161198923741997,4096,0,0,1.0,0.0,0.0,0,0.0,0.33161198923741997,0.0
DNS,c1,664,0.41500000000000004,3.642596854697729e-16,0.9999949894934579,0.3314564078944749,4096,0,0,1.0,0.0,0.0,0,0.0,0.3314564078944749,0.0
DNS,c1,665,0.415625,3.607204546151047e-16,0.9999949109205847,0.3313014832504152,4096,0,0,1.0,0.0,0.0,0,0.0,0.3313014832504152,0.0
DNS,c1,666,0.41625,3.5744278527376154e-16,0.9999948300954662,0.3311472148192039,4096,0,0,1.0,0.0,0.0,0,0.0,0.3311472148192039,0.0
DNS,c1,667,0.416875,3.5443067545736706e-16,0.9999947469345922,0.3309936020870774,4096,0,0,1.0,0.0,0.0,0,0.0,0.3309936020870774,0.0
DNS,c1,668,0.4175,3.516883268404853e-16,0.9999946613517057,0.330840644512616,4096,0,0,1.0,0.0,0.0,0,0.0,0.330840644512616,0.0
DNS,c1,669,0.418125,3.492201535133782e-16,0.9999945732577277,0.3306883415268187,4096,0,0,1.0,0.0,0.0,0,0.0,0.3306883415268187,0.0
DNS,c1,670,0.41875,3.4703079097357835e-16,0.9999944825606808,0.33053669253318196,4096,0,0,1.0,0.0,0.0,0,0.0,0.33053669253318196,0.0
DNS,c1,671,0.419375,3.4512510536428437e-16,0.9999943891656108,0.3303856969077826,4096,0,0,1.0,0.0,0.0,0,0.0,0.3303856969077826,0.0
DNS,c1,672,0.42,3.435082029678213e-16,0.9999942929745066,0.3302353539993645,4096,0,0,1.0,0.0,0.0,0,0.0,0.3302353539993645,0.0
DNS,c1,673,0.420625,3.421854399626497e-16,0.9999941938862186,0.3300856631294301,4096,0,0,1.0,0.0,0.0,0,0.0,0.3300856631294301,0.0
DNS,c1,674,0.42125,3.4116243245265076e-16,0.9999940917963751,0.3299366235923355,4096,0,0,1.0,0.0,0.0,0,0.0,0.3299366235923355,0.0
DNS,c1,675,0.421875,3.404450667776626e-16,0.9999939865972972,0.3297882346553889,4096,0,0,1.0,0.0,0.0,0,0.0,0.3297882346553889,0.0
DNS,c1,676,0.4225,3.4003951011449344e-16,0.9999938781779116,0.32964049555895486,4096,0,0,1.0,0.0,0.0,0,0.0,0.32964049555895486,0.0
DNS,c1,677,0.42312500000000003,3.399522213778926e-16,0.9999937664236617,0.32949340551656064,4096,0,0,1.0,0.0,0.0,0,0.0,0.32949340551656064,0.0
DNS,c1,678,0.42375,3.401899624312188e-16,0.9999936512164166,0.3293469637150079,4096,0,0,1.0,0.0,0.0,0,0.0,0.3293469637150079,0.0
DNS,c1,679,0.424375,3.407598096168056e-16,0.9999935324343793,0.32920116931448756,4096,0,0,1.0,0.0,0.0,0,0.0,0.32920116931448756,0.0
DNS,c1,680,0.425,3.4166916561629225e-16,0.9999934099519913,0.3290560214486991,4096,0,0,1.0,0.0,0.0,0,0.0,0.3290560214486991,0.0
DNS,c1,681,0.42562500000000003,3.429257716514538e-16,0.9999932836398367,0.3289115192249734,4096,0,0,1.0,0.0,0.0,0,0.0,0.3289115192249734,0.0
DNS,c1,682,0.42625,3.4453772003634045e-16,0.9999931533645438,0.3287676617243997,4096,0,0,1.0,0.0,0.0,0,0.0,0.3287676617243997,0.0
DNS,c1,683,0.426875,3.430924216490518e-16,0.9999930189886842,0.3286244480019565,4096,0,0,1.0,0.0,0.0,0,0.0,0.3286244480019565,0.0
DNS,c1,684,0.4275,3.3902326563947105e-16,0.9999928803706715,0.3284818770866457,4096,0,0,1.0,0.0,0.0,0,0.0,0.3284818770866457,0.0
DNS,c1,685,0.42812500000000003,3.3518451939989426e-16,0.9999927373646558,0.32833994798163174,4096,0,0,1.0,0.0,0.0,0,0.0,0.32833994798163174,0.0
DNS,c1,686,0.42875,3.3157880127428274e-16,0.999992589820418,0.3281986596643829,4096,0,0,1.0,0.0,0.0,0,0.0,0.3281986596643829,0.0
DNS,c1,687,0.429375,3.282088830812266e-16,0.9999924375832615,0.3280580110868177,4096,0,0,1.0,0.0,0.0,0,0.0,0.3280580110868177,0.0
DNS,c1,688,0.43,3.250776966857965e-16,0.9999922804939008,0.32791800117545455,4096,0,0,1.0,0.0,0.0,0,0.0,0.32791800117545455,0.0
DNS,c1,689,0.43062500000000004,3.2218834073448085e-16,0.999992164549903,0.32777862883156494,4096,0,0,1.0,0.0,0.0,0,0.0,0.32777862883156494,0.0
DNS,c1,690,0.43125,3.1954408755876857e-16,0.9999920510130026,0.3276398929313299,4096,0,0,1.0,0.0,0.0,0,0.0,0.3276398929313299,0.0
DNS,c1,691,0.431875,3.1714839025309525e-16,0.9999919343567076,0.3275017923260012,4096,0,0,1.0,0.0,0.0,0,0.0,0.3275017923260012,0.0
DNS,c1,692,0.4325,3.150048899330327e-16,0.9999918144697661,0.32736432584206476,4096,0,0,1.0,0.0,0.0,0,0.0,0.32736432584206476,0.0
DNS,c1,693,0.433125,3.131174231797641e-16,0.999991691237464,0.3272274922814087,4096,0,0,1.0,0.0,0.0,0,0.0,0.3272274922814087,0.0
DNS,c1,694,0.43375,3.114900296770524e-16,0.9999915645415363,0.327091290421494,4096,0,0,1.0,0.0,0.0,0,0.0,0.327091290421494,0.0
DNS,c1,695,0.434375,3.101269600470747e-16,0.9999914342600774,0.3269557190155291,4096,0,0,1.0,0.0,0.0,0,0.0,0.3269557190155291,0.0
DNS,c1,696,0.435,3.0903268389166574e-16,0.9999913002674493,0.32682077679264787,4096,0,0,1.0,0.0,0.0,0,0.0,0.32682077679264787,0.0
DNS,c1,697,0.435625,3.082118980456806e-16,0.9999911624341874,0.3266864624580904,4096,0,0,1.0,0.0,0.0,0,0.0,0.3266864624580904,0.0
DNS,c1,698,0.43625,3.0766953504936146e-16,0.9999910206269055,0.3265527746933877,4096,0,0,1.0,0.0,0.0,0,0.0,0.3265527746933877,0.0
DNS,c1,699,0.436875,3.074107718467644e-16,0.9999908747081979,0.3264197121565495,4096,0,0,1.0,0.0,0.0,0,0.0,0.3264197121565495,0.0
DNS,c1,700,0.4375,3.0744103871747904e-16,0.9999907245365404,0.3262872734822551,4096,0,0,1.0,0.0,0.0,0,0.0,0.3262872734822551,0.0
DNS,c1,701,0.438125,3.077660284490489e-16,0.9999905699661886,0.3261554572820471,4096,0,0,1.0,0.0,0.0,0,0.0,0.3261554572820471,0.0
DNS,c1,702,0.43875000000000003,3.0839170575768094e-16,0.9999904108470754,0.3260242621445289,4096,0,0,1.0,0.0,0.0,0,0.0,0.3260242621445289,0.0
DNS,c1,703,0.439375,3.0932431696501083e-16,0.9999902470247052,0.3258936866355647,4096,0,0,1.0,0.0,0.0,0,0.0,0.3258936866355647,0.0
DNS,c1,704,0.44,3.076740941870282e-16,0.9999900783400469,0.325763729298483,4096,0,0,1.0,0.0,0.0,0,0.0,0.325763729298483,0.0
DNS,c1,705,0.440625,3.0378889393586485e-16,0.9999899046294253,0.3256343886542821,4096,0,0,1.0,0.0,0.0,0,0.0,0.3256343886542821,0.0
DNS,c1,706,0.44125000000000003,3.0010659149546357e-16,0.9999897257244089,0.32550566320183955,4096,0,0,1.0,0.0,0.0,0,0.0,0.32550566320183955,0.0
DNS,c1,707,0.441875,2.966289996437762e-16,0.9999895414516978,0.3253775514181238,4096,0,0,1.0,0.0,0.0,0,0.0,0.3253775514181238,0.0
DNS,c1,708,0.4425,2.9335805497683377e-16,0.9999893516330078,0.32525005175840893,4096,0,0,1.0,0.0,0.0,0,0.0,0.32525005175840893,0.0
DNS,c1,709,0.443125,2.9029582297822825e-16,0.999989156084953,0.3251231626564916,4096,0,0,1.0,0.0,0.0,0,0.0,0.3251231626564916,0.0
DNS,c1,710,0.44375000000000003,2.874445032041167e-16,0.9999889546189265,0.3249968825249114,4096,0,0,1.0,0.0,0.0,0,0.0,0.3249968825249114,0.0
DNS,c1,711,0.444375,2.8480643458774305e-16,0.9999887470409787,0.324871209755173,4096,0,0,1.0,0.0,0.0,0,0.0,0.324871209755173,0.0
DNS,c1,712,0.445,2.8238410086757884e-16,0.999988533151694,0.3247461427179715,4096,0,0,1.0,0.0,0.0,0,0.0,0.3247461427179715,0.0
DNS,c1,713,0.445625,2.8018013614328963e-16,0.9999883127460641,0.32462167976341966,4096,0,0,1.0,0.0,0.0,0,0.0,0.32462167976341966,0.0
DNS,c1,714,0.44625000000000004,2.7819733056384297e-16,0.9999881454650741,0.3244978192212784,4096,0,0,1.0,0.0,0.0,0,0.0,0.3244978192212784,0.0
DNS,c1,715,0.446875,2.7643863615218017e-16,0.9999879863582334,0.3243745594011883,4096,0,0,1.0,0.0,0.0,0,0.0,0.3243745594011883,0.0
DNS,c1,716,0.4475,2.7490717277098337e-16,0.9999878230572523,0.3242518985929047,4096,0,0,1.0,0.0,0.0,0,0.0,0.3242518985929047,0.0
DNS,c1,717,0.448125,2.736062342341789e-16,0.9999876554180808,0.3241298350665344,4096,0,0,1.0,0.0,0.0,0,0.0,0.3241298350665344,0.0
DNS,c1,718,0.44875,2.725392945689278e-16,0.9999874832924214,0.32400836707277436,4096,0,0,1.0,0.0,0.0,0,0.0,0.32400836707277436,0.0
DNS,c1,719,0.449375,2.7171001443296415e-16,0.9999873065276277,0.32388749284315305,4096,0,0,1.0,0.0,0.0,0,0.0,0.32388749284315305,0.0
DNS,c1,720,0.45,2.711222476922537e-16,0.9999871249666016,0.3237672105902731,4096,0,0,1.0,0.0,0.0,0,0.0,0.3237672105902731,0.0
DNS,c1,721,0.450625,2.7078004816405687e-16,0.9999869384476877,0.32364751850805673,4096,0,0,1.0,0.0,0.0,0,0.0,0.32364751850805673,0.0
DNS,c1,722,0.45125,2.706876765305917e-16,0.9999867468045669,0.3235284147719923,4096,0,0,1.0,0.0,0.0,0,0.0,0.3235284147719923,0.0
DNS,c1,723,0.451875,2.7084960742860515e-16,0.9999865498661469,0.32340989753938293,4096,0,0,1.0,0.0,0.0,0,0.0,0.32340989753938293,0.0
DNS,c1,724,0.4525,2.7127053672027486e-16,0.9999863474564519,0.32329196494959744,4096,0,0,1.0,0.0,0.0,0,0.0,0.32329196494959744,0.0
DNS,c1,725,0.453125,2.694981853209058e-16,0.9999861393945094,0.3231746151243219,4096,0,0,1.0,0.0,0.0,0,0.0,0.3231746151243219,0.0
DNS,c1,726,0.45375,2.6593268505934583e-16,0.9999859254942357,0.32305784616781363,4096,0,0,1.0,0.0,0.0,0,0.0,0.32305784616781363,0.0
DNS,c1,727,0.45437500000000003,2.625410185214555e-16,0.9999857055643188,0.32294165616715637,4096,0,0,1.0,0.0,0.0,0,0.0,0.32294165616715637,0.0
DNS,c1,728,0.455,2.5932438108292896e-16,0.9999854794080996,0.3228260431925174,4096,0,0,1.0,0.0,0.0,0,0.0,0.3228260431925174,0.0
DNS,c1,729,0.455625,2.5628406605669654e-16,0.9999852468234512,0.32271100529740515,4096,0,0,1.0,0.0,0.0,0,0.0,0.32271100529740515,0.0
DNS,c1,730,0.45625,2.534214685035465e-16,0.9999850076026562,0.32259654051892894,4096,0,0,1.0,0.0,0.0,0,0.0,0.32259654051892894,0.0
DNS,c1,731,0.45687500000000003,2.5073808912213493e-16,0.9999847615322808,0.32248264687805966,4096,0,0,1.0,0.0,0.0,0,0.0,0.32248264687805966,0.0
DNS,c1,732,0.4575,2.482355382211783e-16,0.9999845083930485,0.3223693223798921,4096,0,0,1.0,0.0,0.0,0,0.0,0.3223693223798921,0.0
DNS,c1,733,0.458125,2.459155397766894e-16,0.9999842479597107,0.3222565650139069,4096,0,0,1.0,0.0,0.0,0,0.0,0.3222565650139069,0.0
DNS,c1,734,0.45875,2.4377993557718576e-16,0.9999839800009153,0.32214437275423635,4096,0,0,1.0,0.0,0.0,0,0.0,0.32214437275423635,0.0
DNS,c1,735,0.45937500000000003,2.4183068945986664e-16,0.999983704279073,0.3220327435599278,4096,0,0,1.0,0.0,0.0,0,0.0,0.3220327435599278,0.0
DNS,c1,736,0.46,2.4006989164082146e-16,0.9999834205502223,0.3219216753752104,4096,0,0,1.0,0.0,0.0,0,0.0,0.3219216753752104,0.0
DNS,c1,737,0.460625,2.3849976314240126e-16,0.9999831285638908,0.32181116612976207,4096,0,0,1.0,0.0,0.0,0,0.0,0.32181116612976207,0.0
DNS,c1,738,0.46125,2.3712266032095118e-16,0.9999828280629561,0.3217012137389767,4096,0,0,1.0,0.0,0.0,0,0.0,0.3217012137389767,0.0
DNS,c1,739,0.46187500000000004,2.359410794981699e-16,0.9999825875661423,0.32159181610423243,4096,0,0,1.0,0.0,0.0,0,0.0,0.32159181610423243,0.0
DNS,c1,740,0.4625,2.349576616994287e-16,0.9999823706619099,0.32148297111316076,4096,0,0,1.0,0.0,0.0,0,0.0,0.32148297111316076,0.0
DNS,c1,741,0.463125,2.3417519750245155e-16,0.9999821482691768,0.3213746766399157,4096,0,0,1.0,0.0,0.0,0,0.0,0.3213746766399157,0.0
DNS,c1,742,0.46375,2.335966319998227e-16,0.9999819202061859,0.3212669305454438,4096,0,0,1.0,0.0,0.0,0,0.0,0.3212669305454438,0.0
DNS,c1,743,0.464375,2.332250698788571e-16,0.9999816862860953,0.32115973067775433,4096,0,0,1.0,0.0,0.0,0,0.0,0.32115973067775433,0.0
DNS,c1,744,0.465,2.3306378062243536e-16,0.9999814463168644,0.3210530748721899,4096,0,0,1.0,0.0,0.0,0,0.0,0.3210530748721899,0.0
DNS,c1,745,0.465625,2.3311620383447095e-16,0.9999812001011387,0.32094696095169784,4096,0,0,1.0,0.0,0.0,0,0.0,0.32094696095169784,0.0
DNS,c1,746,0.46625,2.315299743389063e-16,0.9999809474361325,0.3208413867271002,4096,0,0,1.0,0.0,0.0,0,0.0,0.3208413867271002,0.0
DNS,c1,747,0.466875,2.283578522451314e-16,0.9999806881135096,0.320736349997366,4096,0,0,1.0,0.0,0.0,0,0.0,0.320736349997366,0.0
DNS,c1,748,0.4675,2.253309316429303e-16,0.9999804219192621,0.3206318485498817,4096,0,0,1.0,0.0,0.0,0,0.0,0.3206318485498817,0.0
DNS,c1,749,0.468125,2.2244995720869576e-16,0.9999801486335868,0.32052788016072303,4096,0,0,1.0,0.0,0.0,0,0.0,0.32052788016072303,0.0
DNS,c1,750,0.46875,2.1971574944094779e-16,0.9999798680307607,0.3204244425949256,4096,0,0,1.0,0.0,0.0,0,0.0,0.3204244425949256,0.0
DNS,c1,751,0.469375,2.1712920745350376e-16,0.9999795798790131,0.3203215336067562,4096,0,0,1.0,0.0,0.0,0,0.0,0.3203215336067562,0.0
DNS,c1,752,0.47000000000000003,2.1469131182149916e-16,0.9999792839403967,0.3202191509399834,4096,0,0,1.0,0.0,0.0,0,0.0,0.3202191509399834,0.0
DNS,c1,753,0.470625,2.1240312748215697e-16,0.9999789799706562,0.32011729232814784,4096,0,0,1.0,0.0,0.0,0,0.0,0.32011729232814784,0.0
DNS,c1,754,0.47125,2.102658066922438e-16,0.9999786677190952,0.3200159554948327,4096,0,0,1.0,0.0,0.0,0,0.0,0.3200159554948327,0.0
DNS,c1,755,0.471875,2.0828059204419153e-16,0.9999783469284403,0.3199151381539329,4096,0,0,1.0,0.0,0.0,0,0.0,0.3199151381539329,0.0
DNS,c1,756,0.47250000000000003,2.0644881954290268e-16,0.9999780173347044,0.3198148380099246,4096,0,0,1.0,0.0,0.0,0,0.0,0.3198148380099246,0.0
DNS,c1,757,0.473125,2.047719217452982e-16,0.9999776786670462,0.31971505275813367,4096,0,0,1.0,0.0,0.0,0,0.0,0.31971505275813367,0.0
DNS,c1,758,0.47375,2.0325143096470504e-16,0.9999773306476295,0.3196157800850035,4096,0,0,1.0,0.0,0.0,0,0.0,0.3196157800850035,0.0
DNS,c1,759,0.474375,2.018889825422208e-16,0.9999769729914787,0.31951701766836255,4096,0,0,1.0,0.0,0.0,0,0.0,0.31951701766836255,0.0
DNS,c1,760,0.47500000000000003,2.0068631818723078e-16,0.9999766054063334,0.3194187631776904,4096,0,0,1.0,0.0,0.0,0,0.0,0.3194187631776904,0.0
DNS,c1,761,0.475625,1.9964528938929225e-16,0.9999762275925002,0.3193210142743842,4096,0,0,1.0,0.0,0.0,0,0.0,0.3193210142743842,0.0
DNS,c1,762,0.47625,1.9876786090363754e-16,0.9999758392427026,0.3192237686120228,4096,0,0,1.0,0.0,0.0,0,0.0,0.3192237686120228,0.0
DNS,c1,763,0.476875,1.9805611431258687e-16,0.9999754400419287,0.3191270238366308,4096,0,0,1.0,0.0,0.0,0,0.0,0.3191270238366308,0.0
DNS,c1,764,0.47750000000000004,1.9751225166519748e-16,0.9999750924369591,0.3190307775869415,4096,0,0,1.0,0.0,0.0,0,0.0,0.3190307775869415,0.0
DNS,c1,765,0.478125,1.9713859919751383e-16,0.9999748039902591,0.3189350274946588,4096,0,0,1.0,0.0,0.0,0,0.0,0.3189350274946588,0.0
DNS,c1,766,0.47875,1.9693761113581913e-16,0.9999745085369912,0.31883977118471757,4096,0,0,1.0,0.0,0.0,0,0.0,0.31883977118471757,0.0
DNS,c1,767,0.479375,1.9586954962163677e-16,0.9999742058531433,0.31874500627554364,4096,0,0,1.0,0.0,0.0,0,0.0,0.31874500627554364,0.0
DNS,c1,768,0.48,1.931146015624296e-16,0.9999738957087481,0.3186507303793114,4096,0,0,1.0,0.0,0.0,0,0.0,0.3186507303793114,0.0
DNS,c1,769,0.480625,1.9047817048410067e-16,0.9999735778677584,0.3185569411022013,4096,0,0,1.0,0.0,0.0,0,0.0,0.3185569411022013,0.0
DNS,c1,770,0.48125,1.8796068723568757e-16,0.9999732520879214,0.31846363604465533,4096,0,0,1.0,0.0,0.0,0,0.0,0.31846363604465533,0.0
DNS,c1,771,0.481875,1.85562640039028e-16,0.9999729181206497,0.31837081280163115,4096,0,0,1.0,0.0,0.0,0,0.0,0.31837081280163115,0.0
DNS,c1,772,0.4825,1.8328457648713862e-16,0.9999725757108915,0.31827846896285483,4096,0,0,1.0,0.0,0.0,0,0.0,0.31827846896285483,0.0
DNS,c1,773,0.483125,1.8112710557658918e-16,0.9999722245969982,0.3181866021130722,4096,0,0,1.0,0.0,0.0,0,0.0,0.3181866021130722,0.0
DNS,c1,774,0.48375,1.7909089977512076e-16,0.9999718645105904,0.31809520983229855,4096,0,0,1.0,0.0,0.0,0,0.0,0.31809520983229855,0.0
DNS,c1,775,0.484375,1.7717669712577972e-16,0.9999714951764217,0.3180042896960665,4096,0,0,1.0,0.0,0.0,0,0.0,0.3180042896960665,0.0
DNS,c1,776,0.485,1.753853033888618e-16,0.9999711163122407,0.31791383927567257,4096,0,0,1.0,0.0,0.0,0,0.0,0.31791383927567257,0.0
DNS,c1,777,0.48562500000000003,1.7371759422298251e-16,0.9999707276286505,0.31782385613842185,4096,0,0,1.0,0.0,0.0,0,0.0,0.31782385613842185,0.0
DNS,c1,778,0.48625,1.721745174066127e-16,0.9999703288289672,0.317734337847871,4096,0,0,1.0,0.0,0.0,0,0.0,0.317734337847871,0.0
DNS,c1,779,0.486875,1.7075709510143843e-16,0.9999699196090756,0.3176452819640691,4096,0,0,1.0,0.0,0.0,0,0.0,0.3176452819640691,0.0
DNS,c1,780,0.4875,1.6946642615892665e-16,0.9999694996572829,0.31755668604379733,4096,0,0,1.0,0.0,0.0,0,0.0,0.31755668604379733,0.0
DNS,c1,781,0.48812500000000003,1.6830368847149746e-16,0.9999690686541708,0.3174685476408059,4096,0,0,1.0,0.0,0.0,0,0.0,0.3174685476408059,0.0
DNS,c1,782,0.48875,1.6727014136972518e-16,0.9999686262724452,0.31738086430605,4096,0,0,1.0,0.0,0.0,0,0.0,0.31738086430605,0.0
DNS,c1,783,0.489375,1.6636712806700919e-16,0.9999681721767842,0.31729363358792284,4096,0,0,1.0,0.0,0.0,0,0.0,0.31729363358792284,0.0
DNS,c1,784,0.49,1.6559607815317536e-16,0.9999677060236839,0.31720685303248736,4096,0,0,1.0,0.0,0.0,0,0.0,0.31720685303248736,0.0
DNS,c1,785,0.49062500000000003,1.649585101384873e-16,0.9999672274613017,0.31712052018370535,4096,0,0,1.0,0.0,0.0,0,0.0,0.31712052018370535,0.0
DNS,c1,786,0.49125,1.6445603404956523e-16,0.9999667361292987,0.31703463258366527,4096,0,0,1.0,0.0,0.0,0,0.0,0.31703463258366527,0.0
DNS,c1,787,0.491875,1.6409035407872754e-16,0.9999662316586785,0.3169491877728066,4096,0,0,1.0,0.0,0.0,0,0.0,0.3169491877728066,0.0
DNS,c1,788,0.4925,1.637723683023917e-16,0.9999657136716257,0.3168641832901437,4096,0,0,1.0,0.0,0.0,0,0.0,0.3168641832901437,0.0
DNS,c1,789,0.49312500000000004,1.6142338501973732e-16,0.9999652070319569,0.3167796166734858,4096,0,0,1.0,0.0,0.0,0,0.0,0.3167796166734858,0.0
DNS,c1,790,0.49375,1.5916915320534419e-16,0.9999648319308431,0.31669548545965626,4096,0,0,1.0,0.0,0.0,0,0.0,0.31669548545965626,0.0
DNS,c1,791,0.494375,1.570098955405231e-16,0.9999644480858774,0.31661178718470817,4096,0,0,1.0,0.0,0.0,0,0.0,0.31661178718470817,0.0
DNS,c1,792,0.495,1.549458770881099e-16,0.9999640552267918,0.31652851938413895,4096,0,0,1.0,0.0,0.0,0,0.0,0.31652851938413895,0.0
DNS,c1,793,0.49562500000000004,1.529774066895411e-16,0.9999636530764807,0.31644567959310144,4096,0,0,1.0,0.0,0.0,0,0.0,0.31644567959310144,0.0
DNS,c1,794,0.49625,1.5110483838296757e-16,0.9999632413508674,0.31636326534661363,4096,0,0,1.0,0.0,0.0,0,0.0,0.31636326534661363,0.0
DNS,c1,795,0.496875,1.493285728431998e-16,0.9999628197587681,0.31628127417976487,4096,0,0,1.0,0.0,0.0,0,0.0,0.31628127417976487,0.0
DNS,c1,796,0.4975,1.4764905884429069e-16,0.9999623880017541,0.31619970362792155,4096,0,0,1.0,0.0,0.0,0,0.0,0.31619970362792155,0.0
DNS,c1,797,0.498125,1.460667947455738e-16,0.9999619457740125,0.31611855122692767,4096,0,0,1.0,0.0,0.0,0,0.0,0.31611855122692767,0.0
DNS,c1,798,0.49875,1.4458233000198578e-16,0.9999614927622048,0.3160378145133057,4096,0,0,1.0,0.0,0.0,0,0.0,0.3160378145133057,0.0
DNS,c1,799,0.499375,1.431962666995125e-16,0.9999610286453234,0.31595749102445264,4096,0,0,1.0,0.0,0.0,0,0.0,0.31595749102445264,0.0
DNS,c1,800,0.5,1.4190926111660974e-16,0.9999605530945466,0.31587757829883534,4096,0,0,1.0,0.0,0.0,0,0.0,0.31587757829883534,0.0
DNS,c1,801,0.500625,1.4072202531245859e-16,0.9999600657730909,0.3157980738761823,4096,0,0,1.0,0.0,0.0,0,0.0,0.3157980738761823,0.0
DNS,c1,802,0.50125,1.396353287429256e-16,0.9999595663360631,0.31571897529767295,4096,0,0,1.0,0.0,0.0,0,0.0,0.31571897529767295,0.0
DNS,c1,803,0.501875,1.3864999990510782e-16,0.9999590544303081,0.315640280106125,4096,0,0,1.0,0.0,0.0,0,0.0,0.315640280106125,0.0
DNS,c1,804,0.5025000000000001,1.377669280113504e-16,0.9999585296942567,0.31556198584617845,4096,0,0,1.0,0.0,0.0,0,0.0,0.31556198584617845,0.0
DNS,c1,805,0.503125,1.3698706469363425e-16,0.9999579917577708,0.31548409006447753,4096,0,0,1.0,0.0,0.0,0,0.0,0.31548409006447753,0.0
DNS,c1,806,0.50375,1.3631142573923843e-16,0.9999574402419865,0.3154065903098498,4096,0,0,1.0,0.0,0.0,0,0.0,0.3154065903098498,0.0
DNS,c1,807,0.504375,1.357410928585894e-16,0.9999568747591556,0.315329484133483,4096,0,0,1.0,0.0,0.0,0,0.0,0.315329484133483,0.0
DNS,c1,808,0.505,1.3527721548621714e-16,0.999956294912485,0.3152527690890984,4096,0,0,1.0,0.0,0.0,0,0.0,0.3152527690890984,0.0
DNS,c1,809,0.505625,1.3492101261574347e-16,0.9999557002959744,0.3151764427331224,4096,0,0,1.0,0.0,0.0,0,0.0,0.3151764427331224,0.0
DNS,c1,810,0.50625,1.3381704141870398e-16,0.9999550904942512,0.31510050262485506,4096,0,0,1.0,0.0,0.0,0,0.0,0.31510050262485506,0.0
DNS,c1,811,0.506875,1.3191604536828512e-16,0.9999544650824054,0.3150249463266362,4096,0,0,1.0,0.0,0.0,0,0.0,0.3150249463266362,0.0
DNS,c1,812,0.5075000000000001,1.300895113046206e-16,0.99995382362582,0.3149497714040084,4096,0,0,1.0,0.0,0.0,0,0.0,0.3149497714040084,0.0
DNS,c1,813,0.508125,1.2833756166037405e-16,0.999953165680002,0.3148749754258779,4096,0,0,1.0,0.0,0.0,0,0.0,0.3148749754258779,0.0
DNS,c1,814,0.50875,1.266603503585749e-16,0.9999524907904099,0.3148005559646721,4096,0,0,1.0,0.0,0.0,0,0.0,0.3148005559646721,0.0
DNS,c1,815,0.509375,1.250580637806396e-16,0.9999519445369786,0.3147265105964955,4096,0,0,1.0,0.0,0.0,0,0.0,0.3147265105964955,0.0
DNS,c1,816,0.51,1.2353092174731844e-16,0.9999514557930077,0.3146528369012814,4096,0,0,1.0,0.0,0.0,0,0.0,0.3146528369012814,0.0
DNS,c1,817,0.510625,1.2207917851306018e-16,0.9999509560418954,0.31457953246294235,4096,0,0,1.0,0.0,0.0,0,0.0,0.31457953246294235,0.0
DNS,c1,818,0.51125,1.20703123774291e-16,0.9999504449560984,0.31450659486951743,4096,0,0,1.0,0.0,0.0,0,0.0,0.31450659486951743,0.0
DNS,c1,819,0.511875,1.1940308369211032e-16,0.9999499222002198,0.3144340217133161,4096,0,0,1.0,0.0,0.0,0,0.0,0.3144340217133161,0.0
DNS,c1,820,0.5125,1.1817942192991025e-16,0.9999493874308659,0.3143618105910608,4096,0,0,1.0,0.0,0.0,0,0.0,0.3143618105910608,0.0
DNS,c1,821,0.513125,1.1703254070642959e-16,0.9999488402965009,0.3142899591040253,4096,0,0,1.0,0.0,0.0,0,0.0,0.3142899591040253,0.0
DNS,c1,822,0.51375,1.1596288186475804e-16,0.9999482804372998,0.31421846485817184,4096,0,0,1.0,0.0,0.0,0,0.0,0.31421846485817184,0.0
DNS,c1,823,0.514375,1.1497092795780914e-16,0.9999477074849998,0.3141473254642845,4096,0,0,1.0,0.0,0.0,0,0.0,0.3141473254642845,0.0
DNS,c1,824,0.515,1.1405720335078475e-16,0.99994712106275,0.3140765385381004,4096,0,0,1.0,0.0,0.0,0,0.0,0.3140765385381004,0.0
DNS,c1,825,0.515625,1.132222753411559e-16,0.9999465207849585,0.31400610170043836,4096,0,0,1.0,0.0,0.0,0,0.0,0.31400610170043836,0.0
DNS,c1,826,0.51625,1.124667552966886e-16,0.9999459062571388,0.31393601257732434,4096,0,0,1.0,0.0,0.0,0,0.0,0.31393601257732434,0.0
DNS,c1,827,0.516875,1.1179129981204455e-16,0.9999452770757534,0.3138662688001147,4096,0,0,1.0,0.0,0.0,0,0.0,0.3138662688001147,0.0
DNS,c1,828,0.5175,1.1119661188448914e-16,0.9999446328280566,0.313796868005617,4096,0,0,1.0,0.0,0.0,0,0.0,0.313796868005617,0.0
DNS,c1,829,0.5181250000000001,1.1068344210924051e-16,0.9999439730919345,0.3137278078362075,4096,0,0,1.0,0.0,0.0,0,0.0,0.3137278078362075,0.0
DNS,c1,830,0.51875,1.102525898949947e-16,0.9999432974357441,0.3136590859399469,4096,0,0,1.0,0.0,0.0,0,0.0,0.3136590859399469,0.0
DNS,c1,831,0.519375,1.0990490470016225e-16,0.9999426054181497,0.31359069997069233,4096,0,0,1.0,0.0,0.0,0,0.0,0.31359069997069233,0.0
DNS,c1,832,0.52,1.0874186444239726e-16,0.9999418965879587,0.3135226475882083,4096,0,0,1.0,0.0,0.0,0,0.0,0.3135226475882083,0.0
DNS,c1,833,0.520625,1.0721247664857275e-16,0.9999411704839546,0.31345492645827344,4096,0,0,1.0,0.0,0.0,0,0.0,0.31345492645827344,0.0
DNS,c1,834,0.52125,1.0574057688278464e-16,0.9999404266347285,0.3133875342527859,4096,0,0,1.0,0.0,0.0,0,0.0,0.3133875342527859,0.0
DNS,c1,835,0.521875,1.0432622381948164e-16,0.999939664558509,0.31332046864986596,4096,0,0,1.0,0.0,0.0,0,0.0,0.31332046864986596,0.0
DNS,c1,836,0.5225,1.0296949885835915e-16,0.9999388837629907,0.3132537273339551,4096,0,0,1.0,0.0,0.0,0,0.0,0.3132537273339551,0.0
DNS,c1,837,0.5231250000000001,1.0167050677890719e-16,0.9999380837451596,0.3131873079959144,4096,0,0,1.0,0.0,0.0,0,0.0,0.3131873079959144,0.0
DNS,c1,838,0.52375,1.0042937640247965e-16,0.9999372639911187,0.31312120833311863,4096,0,0,1.0,0.0,0.0,0,0.0,0.31312120833311863,0.0
DNS,c1,839,0.524375,9.924626126217434e-17,0.9999364239759104,0.31305542604954917,4096,0,0,1.0,0.0,0.0,0,0.0,0.31305542604954917,0.0
DNS,c1,840,0.525,9.812134028081531e-17,0.9999355745681593,0.3129899588558836,4096,0,0,1.0,0.0,0.0,0,0.0,0.3129899588558836,0.0
DNS,c1,841,0.525625,9.705481845733017e-17,0.9999349634313001,0.3129248044695835,4096,0,0,1.0,0.0,0.0,0,0.0,0.3129248044695835,0.0
DNS,c1,842,0.52625,9.604692756181621e-17,0.9999343391065042,0.31285996061497945,4096,0,0,1.0,0.0,0.0,0,0.0,0.31285996061497945,0.0
DNS,c1,843,0.526875,9.509792683959076e-17,0.9999337012132983,0.3127954250233537,4096,0,0,1.0,0.0,0.0,0,0.0,0.3127954250233537,0.0
DNS,c1,844,0.5275,9.420810372452095e-17,0.9999330493625005,0.3127311954330206,4096,0,0,1.0,0.0,0.0,0,0.0,0.3127311954330206,0.0
DNS,c1,845,0.528125,9.337777456192956e-17,0.9999323831560717,0.3126672695894046,4096,0,0,1.0,0.0,0.0,0,0.0,0.3126672695894046,0.0
DNS,c1,846,0.52875,9.260728534137295e-17,0.9999317021869647,0.31260364524511575,4096,0,0,1.0,0.0,0.0,0,0.0,0.31260364524511575,0.0
DNS,c1,847,0.529375,9.18970124395877e-17,0.9999310060389716,0.3125403201600232,4096,0,0,1.0,0.0,0.0,0,0.0,0.3125403201600232,0.0
DNS,c1,848,0.53,9.124736337390172e-17,0.9999302942865698,0.3124772921013263,4096,0,0,1.0,0.0,0.0,0,0.0,0.3124772921013263,0.0
DNS,c1,849,0.530625,9.065877756640547e-17,0.9999295664947665,0.31241455884362346,4096,0,0,1.0,0.0,0.0,0,0.0,0.31241455884362346,0.0
DNS,c1,850,0.53125,9.01317271191775e-17,0.999928822218941,0.31235211816897845,4096,0,0,1.0,0.0,0.0,0,0.0,0.31235211816897845,0.0
DNS,c1,851,0.531875,8.96667176008578e-17,0.9999280610046857,0.31228996786698526,4096,0,0,1.0,0.0,0.0,0,0.0,0.31228996786698526,0.0
DNS,c1,852,0.5325,8.926428884486077e-17,0.9999272823876455,0.3122281057348298,4096,0,0,1.0,0.0,0.0,0,0.0,0.3122281057348298,0.0
DNS,c1,853,0.533125,8.892501575951783e-17,0.9999264858933553,0.31216652957735047,4096,0,0,1.0,0.0,0.0,0,0.0,0.31216652957735047,0.0
DNS,c1,854,0.5337500000000001,8.808988712711059e-17,0.9999256710370763,0.3121052372070956,4096,0,0,1.0,0.0,0.0,0,0.0,0.3121052372070956,0.0
DNS,c1,855,0.534375,8.686272391619684e-17,0.99992483732363,0.31204422644437974,4096,0,0,1.0,0.0,0.0,0,0.0,0.31204422644437974,0.0
DNS,c1,856,0.535,8.567926620224826e-17,0.9999239842472314,0.3119834951173369,4096,0,0,1.0,0.0,0.0,0,0.0,0.3119834951173369,0.0
DNS,c1,857,0.535625,8.453953365746947e-17,0.9999231112913198,0.31192304106197294,4096,0,0,1.0,0.0,0.0,0,0.0,0.31192304106197294,0.0
DNS,c1,858,0.53625,8.344356187959601e-17,0.9999222179283886,0.3118628621222145,4096,0,0,1.0,0.0,0.0,0,0.0,0.3118628621222145,0.0
DNS,c1,859,0.536875,8.239140282424768e-17,0.9999213036198135,0.3118029561499572,4096,0,0,1.0,0.0,0.0,0,0.0,0.3118029561499572,0.0
DNS,c1,860,0.5375,8.138312524135343e-17,0.9999203678156783,0.3117433210051113,4096,0,0,1.0,0.0,0.0,0,0.0,0.3117433210051113,0.0
DNS,c1,861,0.538125,8.041881511580826e-17,0.9999194099546003,0.31168395455564546,4096,0,0,1.0,0.0,0.0,0,0.0,0.31168395455564546,0.0
DNS,c1,862,0.5387500000000001,7.94985761125231e-17,0.9999184294635532,0.3116248546776287,4096,0,0,1.0,0.0,0.0,0,0.0,0.3116248546776287,0.0
DNS,c1,863,0.539375,7.862253002602827e-17,0.9999174257576896,0.31156601925527017,4096,0,0,1.0,0.0,0.0,0,0.0,0.31156601925527017,0.0
DNS,c1,864,0.54,7.779081723479065e-17,0.9999163982401601,0.3115074461809578,4096,0,0,1.0,0.0,0.0,0,0.0,0.3115074461809578,0.0
DNS,c1,865,0.540625,7.700359716040453e-17,0.9999153463019329,0.31144913335529456,4096,0,0,1.0,0.0,0.0,0,0.0,0.31144913335529456,0.0
DNS,c1,866,0.54125,7.626104873181486e-17,0.9999143427481637,0.3113910786871325,4096,0,0,1.0,0.0,0.0,0,0.0,0.3113910786871325,0.0
DNS,c1,867,0.541875,7.556337085473139e-17,0.9999135753791032,0.3113332800936063,4096,0,0,1.0,0.0,0.0,0,0.0,0.3113332800936063,0.0
DNS,c1,868,0.5425,7.491078288639053e-17,0.9999127920469066,0.311275735500164,4096,0,0,1.0,0.0,0.0,0,0.0,0.311275735500164,0.0
DNS,c1,869,0.543125,7.430352511582082e-17,0.9999119923070062,0.3112184428405967,4096,0,0,1.0,0.0,0.0,0,0.0,0.3112184428405967,0.0
DNS,c1,870,0.5437500000000001,7.374185924976647e-17,0.9999111757051609,0.3111614000570659,4096,0,0,1.0,0.0,0.0,0,0.0,0.3111614000570659,0.0
DNS,c1,871,0.544375,7.322606890442157e-17,0.9999103417773018,0.3111046051001298,4096,0,0,1.0,0.0,0.0,0,0.0,0.3111046051001298,0.0
DNS,c1,872,0.545,7.275646010312582e-17,0.9999094900493765,0.31104805592876805,4096,0,0,1.0,0.0,0.0,0,0.0,0.31104805592876805,0.0
DNS,c1,873,0.545625,7.233336178017084e-17,0.9999086200371914,0.3109917505104045,4096,0,0,1.0,0.0,0.0,0,0.0,0.3109917505104045,0.0
DNS,c1,874,0.54625,7.195712629086334e-17,0.999907731246253,0.3109356868209282,4096,0,0,1.0,0.0,0.0,0,0.0,0.3109356868209282,0.0
DNS,c1,875,0.546875,7.162812992798953e-17,0.9999068231716072,0.31087986284471414,4096,0,0,1.0,0.0,0.0,0,0.0,0.31087986284471414,0.0
DNS,c1,876,0.5475,7.126209747893955e-17,0.9999058952976774,0.31082427657464073,4096,0,0,1.0,0.0,0.0,0,0.0,0.31082427657464073,0.0
DNS,c1,877,0.548125,7.027797211058932e-17,0.9999049470981013,0.3107689260121076,4096,0,0,1.0,0.0,0.0,0,0.0,0.3107689260121076,0.0
DNS,c1,878,0.54875,6.932663632727483e-17,0.999903978035566,0.31071380916705016,4096,0,0,1.0,0.0,0.0,0,0.0,0.31071380916705016,0.0
DNS,c1,879,0.5493750000000001,6.840808728461346e-17,0.9999029875616414,0.3106589240579548,4096,0,0,1.0,0.0,0.0,0,0.0,0.3106589240579548,0.0
DNS,c1,880,0.55,6.752233297122961e-17,0.9999019751166128,0.31060426871187086,4096,0,0,1.0,0.0,0.0,0,0.0,0.31060426871187086,0.0
DNS,c1,881,0.550625,6.6669392488059e-17,0.9999009401293114,0.3105498411644222,4096,0,0,1.0,0.0,0.0,0,0.0,0.3105498411644222,0.0
DNS,c1,882,0.55125,6.584929632963211e-17,0.9998998820169438,0.3104956394598177,4096,0,0,1.0,0.0,0.0,0,0.0,0.3104956394598177,0.0
DNS,c1,883,0.551875,6.506208666741969e-17,0.9998988001849202,0.3104416616508596,4096,0,0,1.0,0.0,0.0,0,0.0,0.3104416616508596,0.0
DNS,c1,884,0.5525,6.430781763532294e-17,0.9998976940266805,0.3103879057989518,4096,0,0,1.0,0.0,0.0,0,0.0,0.3103879057989518,0.0
DNS,c1,885,0.553125,6.358655561738953e-17,0.9998965629235202,0.31033436997410535,4096,0,0,1.0,0.0,0.0,0,0.0,0.31033436997410535,0.0
DNS,c1,886,0.55375,6.289837953783654e-17,0.9998954062444138,0.31028105225494446,4096,0,0,1.0,0.0,0.0,0,0.0,0.31028105225494446,0.0
DNS,c1,887,0.5543750000000001,6.224338115345989e-17,0.9998942233458372,0.3102279507287102,4096,0,0,1.0,0.0,0.0,0,0.0,0.3102279507287102,0.0
DNS,c1,888,0.555,6.16216653485089e-17,0.9998930135715896,0.31017506349126356,4096,0,0,1.0,0.0,0.0,0,0.0,0.31017506349126356,0.0
DNS,c1,889,0.555625,6.103335043210342e-17,0.9998917762526127,0.3101223886470869,4096,0,0,1.0,0.0,0.0,0,0.0,0.3101223886470869,0.0
DNS,c1,890,0.55625,6.047856843826958e-17,0.9998905107068099,0.31006992430928554,4096,0,0,1.0,0.0,0.0,0,0.0,0.31006992430928554,0.0
DNS,c1,891,0.556875,5.995746542866873e-17,0.9998892162388632,0.3100176685995868,4096,0,0,1.0,0.0,0.0,0,0.0,0.3100176685995868,0.0
DNS,c1,892,0.5575,5.947020179809264e-17,0.9998879714826958,0.3099656196483387,4096,0,0,1.0,0.0,0.0,0,0.0,0.3099656196483387,0.0
DNS,c1,893,0.558125,5.901695258279606e-17,0.9998870234583002,0.30991377559450817,4096,0,0,1.0,0.0,0.0,0,0.0,0.30991377559450817,0.0
DNS,c1,894,0.55875,5.859790777173627e-17,0.9998860564486743,0.30986213458567746,4096,0,0,1.0,0.0,0.0,0,0.0,0.30986213458567746,0.0
DNS,c1,895,0.5593750000000001,5.82132726207869e-17,0.9998850699426822,0.30981069477804013,4096,0,0,1.0,0.0,0.0,0,0.0,0.30981069477804013,0.0
DNS,c1,896,0.56,5.786326796999144e-17,0.9998840634185981,0.309759454336396,4096,0,0,1.0,0.0,0.0,0,0.0,0.309759454336396,0.0
DNS,c1,897,0.560625,5.754813056391943e-17,0.9998830363439499,0.3097084114341449,4096,0,0,1.0,0.0,0.0,0,0.0,0.3097084114341449,0.0
DNS,c1,898,0.56125,5.72681133751862e-17,0.9998819881753594,0.30965756425328056,4096,0,0,1.0,0.0,0.0,0,0.0,0.30965756425328056,0.0
DNS,c1,899,0.561875,5.685626703035843e-17,0.9998809183583826,0.3096069109843823,4096,0,0,1.0,0.0,0.0,0,0.0,0.3096069109843823,0.0
DNS,c1,900,0.5625,5.609102299528005e-17,0.9998798263273477,0.3095564498266071,4096,0,0,1.0,0.0,0.0,0,0.0,0.3095564498266071,0.0
DNS,c1,901,0.563125,5.535008794067211e-17,0.9998787115051928,0.30950617898768046,4096,0,0,1.0,0.0,0.0,0,0.0,0.30950617898768046,0.0
DNS,c1,902,0.56375,5.46334544035837e-17,0.9998775733033011,0.30945609668388563,4096,0,0,1.0,0.0,0.0,0,0.0,0.30945609668388563,0.0
DNS,c1,903,0.564375,5.394112224412145e-17,0.9998764111213357,0.30940620114005435,4096,0,0,1.0,0.0,0.0,0,0.0,0.30940620114005435,0.0
DNS,c1,904,0.5650000000000001,5.3273098822956566e-17,0.9998752243470733,0.3093564905895545,4096,0,0,1.0,0.0,0.0,0,0.0,0.3093564905895545,0.0
DNS,c1,905,0.565625,5.262939917966071e-17,0.9998740123562356,0.30930696327427837,4096,0,0,1.0,0.0,0.0,0,0.0,0.30930696327427837,0.0
DNS,c1,906,0.56625,5.201004621190874e-17,0.9998727745123206,0.3092576174446301,4096,0,0,1.0,0.0,0.0,0,0.0,0.3092576174446301,0.0
DNS,c1,907,0.566875,5.141507085558544e-17,0.9998715101664318,0.3092084513595123,4096,0,0,1.0,0.0,0.0,0,0.0,0.3092084513595123,0.0
DNS,c1,908,0.5675,5.0844512265832636e-17,0.9998702186571071,0.3091594632863122,4096,0,0,1.0,0.0,0.0,0,0.0,0.3091594632863122,0.0
DNS,c1,909,0.568125,5.0298417999071965e-17,0.9998688993101458,0.30911065150088723,4096,0,0,1.0,0.0,0.0,0,0.0,0.30911065150088723,0.0
DNS,c1,910,0.56875,4.9776844196037714e-17,0.9998675514384346,0.30906201428755,4096,0,0,1.0,0.0,0.0,0,0.0,0.30906201428755,0.0
DNS,c1,911,0.569375,4.9279855765852925e-17,0.9998661743417728,0.30901354993905245,4096,0,0,1.0,0.0,0.0,0,0.0,0.30901354993905245,0.0
DNS,c1,912,0.5700000000000001,4.8807526571180835e-17,0.9998647673066958,0.3089652567565705,4096,0,0,1.0,0.0,0.0,0,0.0,0.3089652567565705,0.0
DNS,c1,913,0.570625,4.835993961448252e-17,0.9998633296062983,0.3089171330496867,4096,0,0,1.0,0.0,0.0,0,0.0,0.3089171330496867,0.0
DNS,c1,914,0.57125,4.793718722541016e-17,0.9998618605000554,0.3088691771363738,4096,0,0,1.0,0.0,0.0,0,0.0,0.3088691771363738,0.0
DNS,c1,915,0.571875,4.75393712493641e-17,0.999860359233644,0.30882138734297687,4096,0,0,1.0,0.0,0.0,0,0.0,0.30882138734297687,0.0
DNS,c1,916,0.5725,4.716660323724019e-17,0.9998588250387617,0.30877376200419554,4096,0,0,1.0,0.0,0.0,0,0.0,0.30877376200419554,0.0
DNS,c1,917,0.573125,4.6819004636392626e-17,0.9998572571329456,0.30872629946306607,4096,0,0,1.0,0.0,0.0,0,0.0,0.30872629946306607,0.0
DNS,c1,918,0.57375,4.649670698283556e-17,0.9998556547193904,0.30867899807094185,4096,0,0,1.0,0.0,0.0,0,0.0,0.30867899807094185,0.0
DNS,c1,919,0.574375,4.619985209470521e-17,0.9998544767306141,0.308631856187475,4096,0,0,1.0,0.0,0.0,0,0.0,0.308631856187475,0.0
DNS,c1,920,0.5750000000000001,4.592859226700244e-17,0.9998533003445558,0.3085848721805969,4096,0,0,1.0,0.0,0.0,0,0.0,0.3085848721805969,0.0
DNS,c1,921,0.575625,4.56830904676337e-17,0.9998521011595537,0.30853804442649796,4096,0,0,1.0,0.0,0.0,0,0.0,0.30853804442649796,0.0
DNS,c1,922,0.57625,4.5460521560764095e-17,0.9998508785849608,0.3084913713096082,4096,0,0,1.0,0.0,0.0,0,0.0,0.3084913713096082,0.0
DNS,c1,923,0.576875,4.486243117737534e-17,0.9998496320185286,0.3084448512225761,4096,0,0,1.0,0.0,0.0,0,0.0,0.3084448512225761,0.0
DNS,c1,924,0.5775,4.428218056898907e-17,0.9998483608462481,0.3083984825662488,4096,0,0,1.0,0.0,0.0,0,0.0,0.3083984825662488,0.0
DNS,c1,925,0.578125,4.37197593682026e-17,0.999847064442188,0.30835226374965063,4096,0,0,1.0,0.0,0.0,0,0.0,0.30835226374965063,0.0
DNS,c1,926,0.57875,4.317516199200638e-17,0.9998457421683332,0.30830619318996205,4096,0,0,1.0,0.0,0.0,0,0.0,0.30830619318996205,0.0
DNS,c1,927,0.579375,4.2648387751854384e-17,0.9998443933744218,0.3082602693124982,4096,0,0,1.0,0.0,0.0,0,0.0,0.3082602693124982,0.0
DNS,c1,928,0.58,4.213944096393719e-17,0.99984301739778,0.30821449055068767,4096,0,0,1.0,0.0,0.0,0,0.0,0.30821449055068767,0.0
DNS,c1,929,0.5806250000000001,4.164833105967166e-17,0.9998416135631577,0.3081688553460501,4096,0,0,1.0,0.0,0.0,0,0.0,0.3081688553460501,0.0
DNS,c1,930,0.58125,4.1175072696420613e-17,0.9998401811825617,0.3081233621481746,4096,0,0,1.0,0.0,0.0,0,0.0,0.3081233621481746,0.0
DNS,c1,931,0.581875,4.0719685868455085e-17,0.9998387195550882,0.3080780094146974,4096,0,0,1.0,0.0,0.0,0,0.0,0.3080780094146974,0.0
DNS,c1,932,0.5825,4.028219601817101e-17,0.9998372279667548,0.3080327956112795,4096,0,0,1.0,0.0,0.0,0,0.0,0.3080327956112795,0.0
DNS,c1,933,0.583125,3.9862634147571366e-17,0.999835705690331,0.30798771921158424,4096,0,0,1.0,0.0,0.0,0,0.0,0.30798771921158424,0.0
DNS,c1,934,0.58375,3.946103693002392e-17,0.9998341519851677,0.3079427786972549,4096,0,0,1.0,0.0,0.0,0,0.0,0.3079427786972549,0.0
DNS,c1,935,0.584375,3.9077446822303866e-17,0.9998325660970261,0.30789797255789125,4096,0,0,1.0,0.0,0.0,0,0.0,0.30789797255789125,0.0
DNS,c1,936,0.585,3.8711912176929614e-17,0.9998309472579056,0.30785329929102767,4096,0,0,1.0,0.0,0.0,0,0.0,0.30785329929102767,0.0
DNS,c1,937,0.5856250000000001,3.8364487354799114e-17,0.9998292946858705,0.3078087574021094,4096,0,0,1.0,0.0,0.0,0,0.0,0.3078087574021094,0.0
DNS,c1,938,0.58625,3.803523283813292e-17,0.9998276075848763,0.30776434540447,4096,0,0,1.0,0.0,0.0,0,0.0,0.30776434540447,0.0
DNS,c1,939,0.586875,3.772421534372927e-17,0.9998258851445949,0.3077200618193079,4096,0,0,1.0,0.0,0.0,0,0.0,0.3077200618193079,0.0
DNS,c1,940,0.5875,3.7431507936535193e-17,0.999824126540239,0.30767590517566373,4096,0,0,1.0,0.0,0.0,0,0.0,0.30767590517566373,0.0
DNS,c1,941,0.588125,3.7157190143536604e-17,0.9998223309323856,0.3076318740103965,4096,0,0,1.0,0.0,0.0,0,0.0,0.3076318740103965,0.0
DNS,c1,942,0.58875,3.690134806796903e-17,0.999820497466799,0.3075879668681606,4096,0,0,1.0,0.0,0.0,0,0.0,0.3075879668681606,0.0
DNS,c1,943,0.589375,3.66640745038495e-17,0.9998186252742531,0.30754418230138275,4096,0,0,1.0,0.0,0.0,0,0.0,0.30754418230138275,0.0
DNS,c1,944,0.59,3.64454690508286e-17,0.9998167134703525,0.3075005188702384,4096,0,0,1.0,0.0,0.0,0,0.0,0.3075005188702384,0.0
DNS,c1,945,0.5906250000000001,3.624563822936066e-17,0.9998150224883905,0.3074569751426282,4096,0,0,1.0,0.0,0.0,0,0.0,0.3074569751426282,0.0
DNS,c1,946,0.59125,3.6064695596188347e-17,0.9998136101604573,0.30741354969415535,4096,0,0,1.0,0.0,0.0,0,0.0,0.30741354969415535,0.0
DNS,c1,947,0.591875,3.568893643361444e-17,0.999812171557174,0.30737024110810146,4096,0,0,1.0,0.0,0.0,0,0.0,0.30737024110810146,0.0
DNS,c1,948,0.5925,3.5244879080526036e-17,0.9998107060184616,0.3073270479754039,4096,0,0,1.0,0.0,0.0,0,0.0,0.3073270479754039,0.0
DNS,c1,949,0.593125,3.481378656167534e-17,0.9998092128718601,0.30728396889463183,4096,0,0,1.0,0.0,0.0,0,0.0,0.30728396889463183,0.0
DNS,c1,950,0.59375,3.439565297127487e-17,0.9998076914323697,0.30724100247196373,4096,0,0,1.0,0.0,0.0,0,0.0,0.30724100247196373,0.0
DNS,c1,951,0.594375,3.399047555512395e-17,0.9998061410022907,0.3071981473211632,4096,0,0,1.0,0.0,0.0,0,0.0,0.3071981473211632,0.0
DNS,c1,952,0.595,3.359825477710163e-17,0.9998045608710633,0.3071554020635566,4096,0,0,1.0,0.0,0.0,0,0.0,0.3071554020635566,0.0
DNS,c1,953,0.595625,3.3218994385570936e-17,0.9998029503151056,0.3071127653280094,4096,0,0,1.0,0.0,0.0,0,0.0,0.3071127653280094,0.0
DNS,c1,954,0.5962500000000001,3.285270147969607e-17,0.9998013085976515,0.30707023575090314,4096,0,0,1.0,0.0,0.0,0,0.0,0.30707023575090314,0.0
DNS,c1,955,0.596875,3.249938657567369e-17,0.9997996349685874,0.30702781197611245,4096,0,0,1.0,0.0,0.0,0,0.0,0.30702781197611245,0.0
DNS,c1,956,0.5975,3.215906367287866e-17,0.9997979286642882,0.30698549265498193,4096,0,0,1.0,0.0,0.0,0,0.0,0.30698549265498193,0.0
DNS,c1,957,0.598125,3.183175031992426e-17,0.9997961889074525,0.30694327644630326,4096,0,0,1.0,0.0,0.0,0,0.0,0.30694327644630326,0.0
DNS,c1,958,0.59875,3.151746768063616e-17,0.9997944149069368,0.3069011620162925,4096,0,0,1.0,0.0,0.0,0,0.0,0.3069011620162925,0.0
DNS,c1,959,0.599375,3.1216240599938836e-17,0.9997926058575891,0.30685914803856684,4096,0,0,1.0,0.0,0.0,0,0.0,0.30685914803856684,0.0
DNS,c1,960,0.6,3.092809766965248e-17,0.9997907609400821,0.30681723319412263,4096,0,0,1.0,0.0,0.0,0,0.0,0.30681723319412263,0.0
DNS,c1,961,0.600625,3.065307129419772e-17,0.9997888793207452,0.30677541617131193,4096,0,0,1.0,0.0,0.0,0,0.0,0.30677541617131193,0.0
DNS,c1,962,0.6012500000000001,3.039119775620485e-17,0.9997869601513961,0.3067336956658205,4096,0,0,1.0,0.0,0.0,0,0.0,0.3067336956658205,0.0
DNS,c1,963,0.601875,3.014251728202348e-17,0.9997850025691717,0.3066920703806451,4096,0,0,1.0,0.0,0.0,0,0.0,0.3066920703806451,0.0
DNS,c1,964,0.6025,2.990707410712779e-17,0.9997830056963584,0.3066505390260713,4096,0,0,1.0,0.0,0.0,0,0.0,0.3066505390260713,0.0
DNS,c1,965,0.603125,2.968491654141186e-17,0.9997809686402216,0.3066091003196513,4096,0,0,1.0,0.0,0.0,0,0.0,0.3066091003196513,0.0
DNS,c1,966,0.60375,2.947609703436869e-17,0.9997788904928354,0.30656775298618116,4096,0,0,1.0,0.0,0.0,0,0.0,0.30656775298618116,0.0
DNS,c1,967,0.604375,2.9280672240145724e-17,0.9997767703309105,0.3065264957576796,4096,0,0,1.0,0.0,0.0,0,0.0,0.3065264957576796,0.0
DNS,c1,968,0.605,2.909870308246893e-17,0.9997746072156226,0.30648532737336526,4096,0,0,1.0,0.0,0.0,0,0.0,0.30648532737336526,0.0
DNS,c1,969,0.605625,2.8930254819426546e-17,0.9997724001924404,0.3064442465796355,4096,0,0,1.0,0.0,0.0,0,0.0,0.3064442465796355,0.0
DNS,c1,970,0.6062500000000001,2.877539710810282e-17,0.9997701482909521,0.30640325213004405,4096,0,0,1.0,0.0,0.0,0,0.0,0.30640325213004405,0.0
DNS,c1,971,0.606875,2.863420406905107e-17,0.999767850524693,0.3063623427852798,4096,0,0,1.0,0.0,0.0,0,0.0,0.3063623427852798,0.0
DNS,c1,972,0.6075,2.8506754350594664e-17,0.9997659803468312,0.306321517313145,4096,0,0,1.0,0.0,0.0,0,0.0,0.306321517313145,0.0
DNS,c1,973,0.608125,2.8393131192943356e-17,0.9997642748591136,0.306280774488534,4096,0,0,1.0,0.0,0.0,0,0.0,0.306280774488534,0.0
DNS,c1,974,0.60875,2.813671086800666e-17,0.9997625387591351,0.3062401130934118,4096,0,0,1.0,0.0,0.0,0,0.0,0.3062401130934118,0.0
DNS,c1,975,0.609375,2.782065975566082e-17,0.9997607713046207,0.30619953191679294,4096,0,0,1.0,0.0,0.0,0,0.0,0.30619953191679294,0.0
DNS,c1,976,0.61,2.7513962428118816e-17,0.9997589717400576,0.3061590297547203,4096,0,0,1.0,0.0,0.0,0,0.0,0.3061590297547203,0.0
DNS,c1,977,0.610625,2.7216617594956617e-17,0.9997571392965383,0.3061186054102443,4096,0,0,1.0,0.0,0.0,0,0.0,0.3061186054102443,0.0
DNS,c1,978,0.61125,2.6928626040444217e-17,0.9997552731916034,0.3060782576934017,4096,0,0,1.0,0.0,0.0,0,0.0,0.3060782576934017,0.0
DNS,c1,979,0.6118750000000001,2.6649990661814327e-17,0.9997533726290831,0.30603798542119504,4096,0,0,1.0,0.0,0.0,0,0.0,0.30603798542119504,0.0
DNS,c1,980,0.6125,2.6380716507317864e-17,0.9997514367989385,0.30599778741757216,4096,0,0,1.0,0.0,0.0,0,0.0,0.30599778741757216,0.0
DNS,c1,981,0.613125,2.6120810814062252e-17,0.999749464877102,0.3059576625134053,4096,0,0,1.0,0.0,0.0,0,0.0,0.3059576625134053,0.0
DNS,c1,982,0.61375,2.587028304562813e-17,0.9997474560253173,0.3059176095464707,4096,0,0,1.0,0.0,0.0,0,0.0,0.3059176095464707,0.0
DNS,c1,983,0.614375,2.5629144929459722e-17,0.999745409390979,0.30587762736142865,4096,0,0,1.0,0.0,0.0,0,0.0,0.30587762736142865,0.0
DNS,c1,984,0.615,2.5397410494023656e-17,0.9997433241069709,0.30583771480980293,4096,0,0,1.0,0.0,0.0,0,0.0,0.30583771480980293,0.0
DNS,c1,985,0.615625,2.5175096105730734e-17,0.9997411992915047,0.3057978707499607,4096,0,0,1.0,0.0,0.0,0,0.0,0.3057978707499607,0.0
DNS,c1,986,0.61625,2.496222050561461e-17,0.999739034047958,0.3057580940470924,4096,0,0,1.0,0.0,0.0,0,0.0,0.3057580940470924,0.0
DNS,c1,987,0.6168750000000001,2.4758804845761004e-17,0.9997368274647114,0.30571838357319236,4096,0,0,1.0,0.0,0.0,0,0.0,0.30571838357319236,0.0
DNS,c1,988,0.6175,2.4564872725480615e-17,0.999734578614985,0.30567873820703845,4096,0,0,1.0,0.0,0.0,0,0.0,0.30567873820703845,0.0
DNS,c1,989,0.618125,2.438045022721845e-17,0.999732286556676,0.3056391568341725,4096,0,0,1.0,0.0,0.0,0,0.0,0.3056391568341725,0.0
DNS,c1,990,0.61875,2.4205565952191832e-17,0.9997299503321937,0.30559963834688075,4096,0,0,1.0,0.0,0.0,0,0.0,0.30559963834688075,0.0
DNS,c1,991,0.619375,2.4040251055748896e-17,0.9997275689682962,0.3055601816441744,4096,0,0,1.0,0.0,0.0,0,0.0,0.3055601816441744,0.0
DNS,c1,992,0.62,2.388453928243893e-17,0.9997251414759253,0.3055207856317703,4096,0,0,1.0,0.0,0.0,0,0.0,0.3055207856317703,0.0
DNS,c1,993,0.620625,2.3738467000785397e-17,0.9997226668500422,0.30548144922207116,4096,0,0,1.0,0.0,0.0,0,0.0,0.30548144922207116,0.0
DNS,c1,994,0.62125,2.3602073237752022e-17,0.9997201440694621,0.30544217133414664,4096,0,0,1.0,0.0,0.0,0,0.0,0.30544217133414664,0.0
DNS,c1,995,0.6218750000000001,2.3475399712891856e-17,0.999717572096689,0.3054029508937145,4096,0,0,1.0,0.0,0.0,0,0.0,0.3054029508937145,0.0
DNS,c1,996,0.6225,2.3358490872168647e-17,0.9997149498777506,0.3053637868331208,4096,0,0,1.0,0.0,0.0,0,0.0,0.3053637868331208,0.0
DNS,c1,997,0.623125,2.3251393921439456e-17,0.9997122763420323,0.30532467809132163,4096,0,0,1.0,0.0,0.0,0,0.0,0.30532467809132163,0.0
DNS,c1,998,0.62375,2.3154158859586817e-17,0.9997095504021118,0.305285623613864,4096,0,0,1.0,0.0,0.0,0,0.0,0.305285623613864,0.0
DNS,c1,999,0.624375,2.306683851128835e-17,0.9997072997545469,0.30524662235286676,4096,0,0,1.0,0.0,0.0,0,0.0,0.30524662235286676,0.0
DNS,c1,1000,0.625,2.29894885594111e-17,0.9997052648403963,0.30520767326700204,4096,0,0,1.0,0.0,0.0,0,0.0,0.30520767326700204,0.0
DNS,c1,1001,0.625625,2.2922167577017405e-17,0.9997031947387774,0.30516877532147685,4096,0,0,1.0,0.0,0.0,0,0.0,0.30516877532147685,0.0
DNS,c1,1002,0.62625,2.2864937058968562e-17,0.9997010886248453,0.30512992748801404,4096,0,0,1.0,0.0,0.0,0,0.0,0.30512992748801404,0.0
DNS,c1,1003,0.626875,2.281786145311197e-17,0.9996989456597495,0.30509112874483413,4096,0,0,1.0,0.0,0.0,0,0.0,0.30509112874483413,0.0
DNS,c1,1004,0.6275000000000001,2.278100819103697e-17,0.9996967649904814,0.3050523780766367,4096,0,0,1.0,0.0,0.0,0,0.0,0.3050523780766367,0.0
DNS,c1,1005,0.628125,2.275444771838396e-17,0.9996945457497208,0.30501367447458183,4096,0,0,1.0,0.0,0.0,0,0.0,0.30501367447458183,0.0
DNS,c1,1006,0.62875,2.2738253524690886e-17,0.9996922870556815,0.3049750169362722,4096,0,0,1.0,0.0,0.0,0,0.0,0.3049750169362722,0.0
DNS,c1,1007,0.629375,2.2732502172760634e-17,0.9996899880119574,0.3049364044657344,4096,0,0,1.0,0.0,0.0,0,0.0,0.3049364044657344,0.0
DNS,c1,1008,0.63,2.2664123895932037e-17,0.999687647707368,0.3048978360734007,4096,0,0,1.0,0.0,0.0,0,0.0,0.3048978360734007,0.0
DNS,c1,1009,0.630625,2.2477735741567284e-17,0.9996852652158028,0.3048593107760914,4096,0,0,1.0,0.0,0.0,0,0.0,0.3048593107760914,0.0
DNS,c1,1010,0.63125,2.229809317312372e-17,0.9996828395960669,0.304820827596996,4096,0,0,1.0,0.0,0.0,0,0.0,0.304820827596996,0.0
DNS,c1,1011,0.631875,2.2125203969231267e-17,0.9996803698917244,0.30478238556565573,4096,0,0,1.0,0.0,0.0,0,0.0,0.30478238556565573,0.0
DNS,c1,1012,0.6325000000000001,2.195907736601194e-17,0.9996778551309431,0.304743983717945,4096,0,0,1.0,0.0,0.0,0,0.0,0.304743983717945,0.0
DNS,c1,1013,0.633125,2.1799724075869758e-17,0.9996752943263383,0.30470562109605376,4096,0,0,1.0,0.0,0.0,0,0.0,0.30470562109605376,0.0
DNS,c1,1014,0.63375,2.1647156306001253e-17,0.9996726864748162,0.30466729674846943,4096,0,0,1.0,0.0,0.0,0,0.0,0.30466729674846943,0.0
DNS,c1,1015,0.634375,2.150138777661984e-17,0.999670030557418,0.30462900972995893,4096,0,0,1.0,0.0,0.0,0,0.0,0.30462900972995893,0.0
DNS,c1,1016,0.635,2.1362433738887036e-17,0.9996673255391625,0.3045907591015508,4096,0,0,1.0,0.0,0.0,0,0.0,0.3045907591015508,0.0
DNS,c1,1017,0.635625,2.1230310992543304e-17,0.9996645703688899,0.30455254393051745,4096,0,0,1.0,0.0,0.0,0,0.0,0.30455254393051745,0.0
DNS,c1,1018,0.63625,2.1105037903231086e-17,0.9996617639791049,0.3045143632903572,4096,0,0,1.0,0.0,0.0,0,0.0,0.3045143632903572,0.0
DNS,c1,1019,0.636875,2.0986634419502327e-17,0.9996589052858196,0.3044762162607762,4096,0,0,1.0,0.0,0.0,0,0.0,0.3044762162607762,0.0
DNS,c1,1020,0.6375000000000001,2.0875122089502558e-17,0.9996559931883967,0.3044381019276713,4096,0,0,1.0,0.0,0.0,0,0.0,0.3044381019276713,0.0
DNS,c1,1021,0.638125,2.0770524077323412e-17,0.999653026569393,0.3044000193831117,4096,0,0,1.0,0.0,0.0,0,0.0,0.3044000193831117,0.0
DNS,c1,1022,0.63875,2.0672865179015136e-17,0.9996500042944021,0.3043619677253212,4096,0,0,1.0,0.0,0.0,0,0.0,0.3043619677253212,0.0
DNS,c1,1023,0.639375,2.0582171838250502e-17,0.9996469252118978,0.30432394605866087,4096,0,0,1.0,0.0,0.0,0,0.0,0.30432394605866087,0.0
DNS,c1,1024,0.64,2.049847216163124e-17,0.9996437881530779,0.30428595349361065,4096,0,0,1.0,0.0,0.0,0,0.0,0.30428595349361065,0.0
DNS,c1,1025,0.640625,2.0421795933627865e-17,0.9996405919317074,0.3042479891467524,4096,0,0,1.0,0.0,0.0,0,0.0,0.3042479891467524,0.0
DNS,c1,1026,0.64125,2.0352174631143577e-17,0.9996376512169084,0.3042100521407513,4096,0,0,1.0,0.0,0.0,0,0.0,0.3042100521407513,0.0
DNS,c1,1027,0.641875,2.0289641437692645e-17,0.9996352494753071,0.3041721416043386,4096,0,0,1.0,0.0,0.0,0,0.0,0.3041721416043386,0.0
DNS,c1,1028,0.6425,2.0234231257183442e-17,0.9996328077772509,0.3041342566722941,4096,0,0,1.0,0.0,0.0,0,0.0,0.3041342566722941,0.0
DNS,c1,1029,0.6431250000000001,2.0185980727296084e-17,0.9996303252157658,0.30409639648542763,4096,0,0,1.0,0.0,0.0,0,0.0,0.30409639648542763,0.0
DNS,c1,1030,0.64375,2.0144928232444408e-17,0.9996278008691962,0.30405856019056193,4096,0,0,1.0,0.0,0.0,0,0.0,0.30405856019056193,0.0
DNS,c1,1031,0.644375,2.0111113916311716e-17,0.9996252338010584,0.30402074694051484,4096,0,0,1.0,0.0,0.0,0,0.0,0.30402074694051484,0.0
DNS,c1,1032,0.645,2.0084579693949578e-17,0.9996226230598917,0.303982955894081,4096,0,0,1.0,0.0,0.0,0,0.0,0.303982955894081,0.0
DNS,c1,1033,0.645625,2.0065369263428697e-17,0.9996199676791113,0.3039451862160146,4096,0,0,1.0,0.0,0.0,0,0.0,0.3039451862160146,0.0
DNS,c1,1034,0.64625,2.0053528117030622e-17,0.9996172666768599,0.3039074370770113,4096,0,0,1.0,0.0,0.0,0,0.0,0.3039074370770113,0.0
DNS,c1,1035,0.646875,2.0049103551968905e-17,0.9996145190558592,0.3038697076536904,4096,0,0,1.0,0.0,0.0,0,0.0,0.3038697076536904,0.0
DNS,c1,1036,0.6475,2.0052144680628032e-17,0.9996117238032618,0.30383199712857717,4096,0,0,1.0,0.0,0.0,0,0.0,0.30383199712857717,0.0
DNS,c1,1037,0.6481250000000001,2.006270244030827e-17,0.9996088798905028,0.3037943046900845,4096,0,0,1.0,0.0,0.0,0,0.0,0.3037943046900845,0.0
DNS,c1,1038,0.64875,2.0080829602464372e-17,0.9996059862731512,0.3037566295324955,4096,0,0,1.0,0.0,0.0,0,0.0,0.3037566295324955,0.0
DNS,c1,1039,0.649375,2.0106580781425837e-17,0.9996030418907612,0.30371897085594535,4096,0,0,1.0,0.0,0.0,0,0.0,0.30371897085594535,0.0
DNS,c1,1040,0.65,2.014001244258626e-17,0.999600045666724,0.30368132786640306,4096,0,0,1.0,0.0,0.0,0,0.0,0.30368132786640306,0.0
DNS,c2,0,0.0,0.0,1.0,0.5,3456,0,640,0.84375,0.0,0.15625,0,0.0,0.5,0.0
DNS,c2,1,0.000625,0.0,1.0,0.4994256031624259,3712,0,384,0.90625,0.0,0.09375,0,0.0,0.4994256031624259,0.0
DNS,c2,2,0.00125,0.0,1.0,0.4988727196937265,3968,0,128,0.96875,0.0,0.03125,0,0.0,0.4988727196937265,0.0
DNS,c2,3,0.001875,1.3931263970679815e-34,1.0,0.4983397418611731,4096,0,0,1.0,0.0,0.0,0,0.0,0.4983397418611731,0.0
DNS,c2,4,0.0025,3.9041062976783555e-33,1.0,0.4978252326129401,4096,0,0,1.0,0.0,0.0,0,0.0,0.4978252326129401,0.0
DNS,c2,5,0.003125,3.9030953771660767e-32,1.0,0.4973279008088296,4096,0,0,1.0,0.0,0.0,0,0.0,0.4973279008088296,0.0
DNS,c2,6,0.00375,2.3471514012880755e-31,1.0,0.49684658099131407,4096,0,0,1.0,0.0,0.0,0,0.0,0.49684658099131407,0.0
DNS,c2,7,0.004375,1.0275757739495463e-30,1.0,0.49638021670798527,4096,0,0,1.0,0.0,0.0,0,0.0,0.49638021670798527,0.0
DNS,c2,8,0.005,3.6062837993881866e-30,1.0,0.4959278466389561,4096,0,0,1.0,0.0,0.0,0,0.0,0.4959278466389561,0.0
DNS,c2,9,0.005625,1.0738237398071467e-29,1.0,0.4954885929602821,4096,0,0,1.0,0.0,0.0,0,0.0,0.4954885929602821,0.0
DNS,c2,10,0.00625,2.81449325690661e-29,1.0,0.4950616515062964,4096,0,0,1.0,0.0,0.0,0,0.0,0.4950616515062964,0.0
DNS,c2,11,0.006875,6.660173637051075e-29,1.0,0.4946462833927521,4096,0,0,1.0,0.0,0.0,0,0.0,0.4946462833927521,0.0
DNS,c2,12,0.0075,1.449309985619591e-28,1.0,0.49424180783757193,4096,0,0,1.0,0.0,0.0,0,0.0,0.49424180783757193,0.0
DNS,c2,13,0.008125,2.9403526674401816e-28,1.0,0.4938475959728356,4096,0,0,1.0,0.0,0.0,0,0.0,0.4938475959728356,0.0
DNS,c2,14,0.00875,5.620818079500225e-28,1.0,0.4934630654847067,4096,0,0,1.0,0.0,0.0,0,0.0,0.4934630654847067,0.0
DNS,c2,15,0.009375,1.0209037368998819e-27,1.0,0.49308767595055625,4096,0,0,1.0,0.0,0.0,0,0.0,0.49308767595055625,0.0
DNS,c2,16,0.01,1.7736304064252577e-27,1.0,0.4927209247671139,4096,0,0,1.0,0.0,0.0,0,0.0,0.4927209247671139,0.0
DNS,c2,17,0.010625,2.9635040573384305e-27,1.0,0.4923623435821247,4096,0,0,1.0,0.0,0.0,0,0.0,0.4923623435821247,0.0
DNS,c2,18,0.01125,4.783784587798362e-27,1.0,0.49201149515636405,4096,0,0,1.0,0.0,0.0,0,0.0,0.49201149515636405,0.0
DNS,c2,19,0.011875,-0.0007878929289179494,1.0,0.49166797059425066,4094,2,0,0.99951171875,0.00048828125,0.0,2,0.00048828125,0.49166828099624627,-3.104019955953288e-07
DNS,c2,20,0.0125,-0.0017217121025927286,1.0,0.4913313868906626,4093,3,0,0.999267578125,0.000732421875,0.0,3,0.000732421875,0.4913323003603504,-9.134696878579894e-07
DNS,c2,21,0.013125,-0.0023003268033352734,1.0,0.4910013847495188,4092,4,0,0.9990234375,0.0009765625,0.0,4,0.0009765625,0.49100293407844897,-1.5493289301912838e-06
DNS,c2,22,0.01375,-0.0026041458802889203,1.0,0.49067762663661507,4092,4,0,0.9990234375,0.0009765625,0.0,4,0.0009765625,0.4906796140055016,-1.9873688865171986e-06
DNS,c2,23,0.014375,-0.00270065920103618,1.0,0.49035979503524685,4091,5,0,0.998779296875,0.001220703125,0.0,5,0.001220703125,0.49036201960812154,-2.2245728746872244e-06
DNS,c2,24,0.015,-0.0026457581449822755,1.002539825409174,0.49004759087836713,4091,5,0,0.998779296875,0.001220703125,0.0,5,0.001220703125,0.490049969115778,-2.3782374108821475e-06
DNS,c2,25,0.015625,-0.0024951770920876486,1.0053434401642634,0.4897407321353953,4090,6,0,0.99853515625,0.00146484375,0.0,6,0.00146484375,0.4897431203529781,-2.3882175828146584e-06
DNS,c2,26,0.01625,-0.002289155788305877,1.0075442210867818,0.48943895253534775,4090,6,0,0.99853515625,0.00146484375,0.0,6,0.00146484375,0.48944130261235846,-2.350077010692252e-06
DNS,c2,27,0.016875,-0.0020366832141175146,1.009203480503827,0.4891420004107424,4090,6,0,0.99853515625,0.00146484375,0.0,6,0.00146484375,0.48914420751529675,-2.2071045543068303e-06
DNS,c2,28,0.0175,-0.0017608426804326125,1.010381618855987,0.4888496376488773,4088,8,0,0.998046875,0.001953125,0.0,8,0.001953125,0.4888522017198829,-2.5640710055916266e-06
DNS,c2,29,0.018125,-0.0025686144057489833,1.011137292105931,0.4885616387387375,4087,9,0,0.997802734375,0.002197265625,0.0,9,0.002197265625,0.4885647087977962,-3.0700590587076896e-06
DNS,c2,30,0.01875,-0.0033256016425571855,1.0115267257430918,0.4882777899031147,4086,10,0,0.99755859375,0.00244140625,0.0,10,0.00244140625,0.48828135020467794,-3.560301563224624e-06
DNS,c2,31,0.019375,-0.0037667419344244394,1.0116776851153553,0.48799788830666935,4086,10,0,0.99755859375,0.00244140625,0.0,10,0.00244140625,0.4880018337704795,-3.945463810136009e-06
DNS,c2,32,0.02,-0.003961004271090129,1.011597007301154,0.4877217413317199,4086,10,0,0.99755859375,0.00244140625,0.0,10,0.00244140625,0.4877258130920033,-4.071760283349342e-06
DNS,c2,33,0.020625,-0.003967085267381227,1.0112871233199427,0.48744916591455406,4085,11,0,0.997314453125,0.002685546875,0.0,11,0.002685546875,0.4874532233285905,-4.05741403641206e-06
DNS,c2,34,0.02125,-0.0038816976933696112,1.01079045767294,0.4871799879360177,4085,11,0,0.997314453125,0.002685546875,0.0,11,0.002685546875,0.4871839609867997,-3.9730507820571e-06
DNS,c2,35,0.021875000000000002,-0.0036934248567582484,1.0101456535875826,0.4869140416610168,4082,14,0,0.99658203125,0.00341796875,0.0,14,0.00341796875,0.48691780486510955,-3.7632040927368126e-06
DNS,c2,36,0.0225,-0.0034298954719987696,1.0093875446048464,0.48665116922232793,4081,15,0,0.996337890625,0.003662109375,0.0,15,0.003662109375,0.4866547149480474,-3.5457257194398634e-06
DNS,c2,37,0.023125,-0.0031191506410746784,1.0085471965163617,0.48639122014472286,4084,12,0,0.9970703125,0.0029296875,0.0,12,0.0029296875,0.4863945915963948,-3.3714516719319446e-06
DNS,c2,38,0.02375,-0.0027834409507050692,1.0085406675677908,0.48613405090587136,4083,13,0,0.996826171875,0.003173828125,0.0,13,0.003173828125,0.4861375262603842,-3.475354512831432e-06
DNS,c2,39,0.024375,-0.002440036406409569,1.0109294552678234,0.48587952453080724,4080,16,0,0.99609375,0.00390625,0.0,16,0.00390625,0.48588343290753727,-3.908376730039713e-06
DNS,c2,40,0.025,-0.0032404643817036194,1.012755076617285,0.48562751021697204,4081,15,0,0.996337890625,0.003662109375,0.0,15,0.003662109375,0.48563183071491295,-4.32049794089295e-06
DNS,c2,41,0.025625000000000002,-0.003760008716081476,1.0140794094771586,0.4853778829870357,4081,15,0,0.996337890625,0.003662109375,0.0,15,0.003662109375,0.48538237007585683,-4.487088821096621e-06
DNS,c2,42,0.02625,-0.0040376139893189295,1.014961738116502,0.485130523366875,4080,16,0,0.99609375,0.00390625,0.0,16,0.00390625,0.48513520867011545,-4.685303240442018e-06
DNS,c2,43,0.026875,-0.00412520221926128,1.0154815612307648,0.48488531708630356,4080,16,0,0.99609375,0.00390625,0.0,16,0.00390625,0.48489001795253983,-4.700866236305052e-06
DNS,c2,44,0.0275,-0.0040672864840700295,1.0158464725661973,0.4846421548003976,4079,17,0,0.995849609375,0.004150390625,0.0,17,0.004150390625,0.4846467599982162,-4.605197818597199e-06
DNS,c2,45,0.028125,-0.0039184693350635385,1.0159084898763968,0.4844009318295406,4078,18,0,0.99560546875,0.00439453125,0.0,18,0.00439453125,0.48440540987905734,-4.4780495167914614e-06
DNS,c2,46,0.02875,-0.003744380925081979,1.0157134945660622,0.484161547916595,4079,17,0,0.995849609375,0.004150390625,0.0,17,0.004150390625,0.484165810476246,-4.2625596510002e-06
DNS,c2,47,0.029375000000000002,-0.0035049603623480007,1.015303768104147,0.4839239069998703,4079,17,0,0.995849609375,0.004150390625,0.0,17,0.004150390625,0.48392787000027077,-3.963000400399745e-06
DNS,c2,48,0.03,-0.0032229880149353364,1.0147179649332545,0.48368791700076885,4078,18,0,0.99560546875,0.00439453125,0.0,18,0.00439453125,0.4836915440932104,-3.6270924415769078e-06
DNS,c2,49,0.030625,-0.0029168468008130156,1.0139911420720795,0.4834534896251406,4078,18,0,0.99560546875,0.00439453125,0.0,18,0.00439453125,0.48345700274082026,-3.5131156796632955e-06
DNS,c2,50,0.03125,-0.0026010875680264386,1.0131548361435472,0.48322054017746113,4079,17,0,0.995849609375,0.004150390625,0.0,17,0.004150390625,0.4832242080746884,-3.66789722728327e-06
DNS,c2,51,0.031875,-0.0029214293191648266,1.0122371791402343,0.4829889873869781,4078,18,0,0.99560546875,0.00439453125,0.0,18,0.00439453125,0.4829930503123417,-4.06292536358282e-06
DNS,c2,52,0.0325,-0.0034556356389041634,1.0112630449283764,0.4827587532449699,4078,18,0,0.99560546875,0.00439453125,0.0,18,0.00439453125,0.48276304463992475,-4.291394954874746e-06
DNS,c2,53,0.033125,-0.0037744750895185686,1.0115294680531481,0.48252976285224963,4078,18,0,0.99560546875,0.00439453125,0.0,18,0.00439453125,0.48253409982097406,-4.33696872439465e-06
DNS,c2,54,0.03375,-0.00392014976842044,1.013108104721185,0.48230194427605033,4080,16,0,0.99609375,0.00390625,0.0,16,0.00390625,0.482306196317343,-4.252041292683152e-06
DNS,c2,55,0.034375,-0.003929393906478899,1.0142622731502389,0.482075228415459,4079,17,0,0.995849609375,0.004150390625,0.0,17,0.004150390625,0.48207943284882676,-4.204433367753432e-06
DNS,c2,56,0.035,-0.0038338310467433802,1.0150406551217803,0.48184954887463016,4079,17,0,0.995849609375,0.004150390625,0.0,17,0.004150390625,0.48185375671684183,-4.207842211668909e-06
DNS,c2,57,0.035625000000000004,-0.0036603702401488375,1.0154892078171411,0.48162484184310156,4078,18,0,0.99560546875,0.00439453125,0.0,18,0.00439453125,0.48162892607867325,-4.084235571691413e-06
DNS,c2,58,0.03625,-0.0034316251039320784,1.0156510115596995,0.4814010459826439,4077,19,0,0.995361328125,0.004638671875,0.0,19,0.004638671875,0.4814049142697998,-3.868287155968067e-06
DNS,c2,59,0.036875,-0.003176668327678738,1.0155661754777012,0.4811781023201843,4077,19,0,0.995361328125,0.004638671875,0.0,19,0.004638671875,0.48118169072695305,-3.5884067686863226e-06
DNS,c2,60,0.0375,-0.0029600495204756007,1.015271794100447,0.480955954146443,4078,18,0,0.99560546875,0.00439453125,0.0,18,0.00439453125,0.48095922400243235,-3.2698559893772267e-06
DNS,c2,61,0.038125,-0.0027193400517334675,1.0150133506937622,0.48073454691998707,4077,19,0,0.995361328125,0.004638671875,0.0,19,0.004638671875,0.48073753951287146,-2.992592884430435e-06
DNS,c2,62,0.03875,-0.002466103767664839,1.0146202719431323,0.48051382817645394,4077,19,0,0.995361328125,0.004638671875,0.0,19,0.004638671875,0.4805169030044113,-3.0748279573574266e-06
DNS,c2,63,0.039375,-0.00220951570151412,1.014088383796431,0.48029374744270054,4077,19,0,0.995361328125,0.004638671875,0.0,19,0.004638671875,0.48029697900051677,-3.2315578162328582e-06
DNS,c2,64,0.04,-0.0026567699916027225,1.013443976282772,0.4800742561556293,4079,17,0,0.995849609375,0.004150390625,0.0,17,0.004150390625,0.4800776638846469,-3.4077290175922083e-06
DNS,c2,65,0.040625,-0.0030617240311282276,1.0127107378608153,0.4798553075854141,4079,17,0,0.995849609375,0.004150390625,0.0,17,0.004150390625,0.4798588749704279,-3.5673850137399634e-06
DNS,c2,66,0.04125,-0.003308931248973838,1.0119098679021359,0.47963685676282897,4079,17,0,0.995849609375,0.004150390625,0.0,17,0.004150390625,0.4796404900280297,-3.6332652008443516e-06
DNS,c2,67,0.041875,-0.0034277752790994715,1.0110602023176334,0.4794188604103614,4079,17,0,0.995849609375,0.004150390625,0.0,17,0.004150390625,0.47942257090954077,-3.7104991793392265e-06
DNS,c2,68,0.0425,-0.0034439810747327626,1.0102886338367807,0.47920127687679837,4080,16,0,0.99609375,0.00390625,0.0,16,0.00390625,0.47920496063468576,-3.6837578874308463e-06
DNS,c2,69,0.043125000000000004,-0.0033798577298943546,1.0115625297731283,0.4789840660749816,4082,14,0,0.99658203125,0.00341796875,0.0,14,0.00341796875,0.47898763839352215,-3.572318540553543e-06
DNS,c2,70,0.043750000000000004,-0.003254560497005543,1.0125054604246897,0.478767189422471,4083,13,0,0.996826171875,0.003173828125,0.0,13,0.003173828125,0.47877058708520637,-3.397662735355483e-06
DNS,c2,71,0.044375,-0.0030843633189239945,1.0131537950089293,0.4785506097848909,4083,13,0,0.996826171875,0.003173828125,0.0,13,0.003173828125,0.4785537899613776,-3.1801764867404115e-06
DNS,c2,72,0.045,-0.0028829344212505984,1.0135417674027463,0.4783342914217863,4083,13,0,0.996826171875,0.003173828125,0.0,13,0.003173828125,0.4783372243929284,-2.9329711421403646e-06
DNS,c2,73,0.045625,-0.0026616087418223516,1.0137014254790286,0.4781181999348593,4083,13,0,0.996826171875,0.003173828125,0.0,13,0.003173828125,0.47812090989051814,-2.7099556587609695e-06
DNS,c2,74,0.04625,-0.002429652164143976,1.0136626106014721,0.47790230221849095,4084,12,0,0.9970703125,0.0029296875,0.0,12,0.0029296875,0.4779047971943226,-2.4949758317145175e-06
DNS,c2,75,0.046875,-0.0021945136362459218,1.0134529632892222,0.4776865664124738,4085,11,0,0.997314453125,0.002685546875,0.0,11,0.002685546875,0.4776888426747515,-2.276262277603446e-06
DNS,c2,76,0.0475,-0.0019652995099859053,1.013097951276461,0.47747096185689414,4085,11,0,0.997314453125,0.002685546875,0.0,11,0.002685546875,0.477473103428698,-2.141571803873509e-06
DNS,c2,77,0.048125,-0.0017906156280663745,1.0126209164410844,0.4772554590490878,4083,13,0,0.996826171875,0.003173828125,0.0,13,0.003173828125,0.4772577527452288,-2.2936961410048667e-06
DNS,c2,78,0.04875,-0.0016254837340578224,1.0120431373479064,0.47704002960258995,4083,13,0,0.996826171875,0.003173828125,0.0,13,0.003173828125,0.47704239830123873,-2.368698648721789e-06
DNS,c2,79,0.049375,-0.0020378269344229916,1.0113839044345798,0.47682464620797305,4085,11,0,0.997314453125,0.002685546875,0.0,11,0.002685546875,0.4768270344588355,-2.3882508624244837e-06
DNS,c2,80,0.05,-0.0023226908528868806,1.010660605153946,0.476609282595453,4085,11,0,0.997314453125,0.002685546875,0.0,11,0.002685546875,0.4766117696132092,-2.487017756244015e-06
DNS,c2,81,0.050625,-0.002501569018949122,1.0098888166680844,0.4763939134991303,4086,10,0,0.99755859375,0.00244140625,0.0,10,0.00244140625,0.4763964275911017,-2.514091971368311e-06
DNS,c2,82,0.051250000000000004,-0.0025934614851090775,1.0090824039617676,0.4761785146227301,4084,12,0,0.9970703125,0.0029296875,0.0,12,0.0029296875,0.4761811010366886,-2.586413958505756e-06
DNS,c2,83,0.051875000000000004,-0.002615034038819356,1.0082536215026194,0.47596306260670673,4084,12,0,0.9970703125,0.0029296875,0.0,12,0.0029296875,0.4759656687738796,-2.60616717285178e-06
DNS,c2,84,0.0525,-0.0025807877966431423,1.0075286731956066,0.4757475349965969,4084,12,0,0.9970703125,0.0029296875,0.0,12,0.0029296875,0.47575010005075774,-2.5650541608303773e-06
DNS,c2,85,0.053125,-0.002503234409490093,1.0072552712366585,0.47553191021252245,4084,12,0,0.9970703125,0.0029296875,0.0,12,0.0029296875,0.47553438760603606,-2.4773935136635515e-06
DNS,c2,86,0.05375,-0.0023930727669762035,1.0081634082372806,0.4753161675197696,4085,11,0,0.997314453125,0.002685546875,0.0,11,0.002685546875,0.4753185229591511,-2.355439381532302e-06
DNS,c2,87,0.054375,-0.0022658498858359613,1.0088401906679094,0.47510028700039675,4085,11,0,0.997314453125,0.002685546875,0.0,11,0.002685546875,0.47510249829267925,-2.21129228250676e-06
DNS,c2,88,0.055,-0.0021340683118558595,1.0093100495357858,0.47488424952584246,4084,12,0,0.9970703125,0.0029296875,0.0,12,0.0029296875,0.4748863076945601,-2.0581687176690726e-06
DNS,c2,89,0.055625,-0.001989988262997455,1.00959590329311,0.47466803673052216,4084,12,0,0.9970703125,0.0029296875,0.0,12,0.0029296875,0.4746699683763431,-1.9316458209585923e-06
DNS,c2,90,0.05625,-0.0018388898164914168,1.0097191624353856,0.4744516309864113,4085,11,0,0.997314453125,0.002685546875,0.0,11,0.002685546875,0.4744534230734194,-1.7920870081297678e-06
DNS,c2,91,0.056875,-0.001685067210591273,1.0096997467155437,0.4742350153786103,4086,10,0,0.99755859375,0.00244140625,0.0,10,0.00244140625,0.4742366711913795,-1.6558127692790727e-06
DNS,c2,92,0.0575,-0.0015319559138455715,1.009556113114051,0.47401817368188637,4089,7,0,0.998291015625,0.001708984375,0.0,7,0.001708984375,0.474019693317128,-1.519635241679765e-06
DNS,c2,93,0.058125,-0.0013822494345246304,1.0093052928467523,0.4738010903381704,4089,7,0,0.998291015625,0.001708984375,0.0,7,0.001708984375,0.4738024808574311,-1.3905192606974843e-06
DNS,c2,94,0.058750000000000004,-0.0012380057347478844,1.0089629358362011,0.47358375043497863,4087,9,0,0.997802734375,0.002197265625,0.0,9,0.002197265625,0.47358510540869597,-1.3549737173919946e-06
DNS,c2,95,0.059375000000000004,-0.0011007433457947738,1.0085433612154628,0.4733661396847095,4088,8,0,0.998046875,0.001953125,0.0,8,0.001953125,0.4733674691787699,-1.3294940603993944e-06
DNS,c2,96,0.06,-0.0011243221603840453,1.0080596125733903,0.4731482444047598,4086,10,0,0.99755859375,0.00244140625,0.0,10,0.00244140625,0.4731496109749974,-1.3665702376416786e-06
DNS,c2,97,0.060625,-0.001361435245932481,1.007523516785277,0.47293005149839007,4086,10,0,0.99755859375,0.00244140625,0.0,10,0.00244140625,0.47293153241576935,-1.4809173792477784e-06
DNS,c2,98,0.06125,-0.0015288465894470723,1.0069457454012576,0.4727115484362703,4086,10,0,0.99755859375,0.00244140625,0.0,10,0.00244140625,0.47271309188664673,-1.5434503764252812e-06
DNS,c2,99,0.061875,-0.0016379112343540185,1.0063358776859077,0.4724927232386343,4086,10,0,0.99755859375,0.00244140625,0.0,10,0.00244140625,0.4724942872974693,-1.5640588350071545e-06
DNS,c2,100,0.0625,-0.001698646821724107,1.0057024645156372,0.4722735644579824,4086,10,0,0.99755859375,0.00244140625,0.0,10,0.00244140625,0.4722751157232286,-1.5512652461888418e-06
DNS,c2,101,0.063125,-0.0017198375686301745,1.0050530924453596,0.4720540611622795,4087,9,0,0.997802734375,0.002197265625,0.0,9,0.002197265625,0.472055573939444,-1.512777164461738e-06
DNS,c2,102,0.06375,-0.001709137727683855,1.004394447352493,0.4718342029186083,4087,9,0,0.997802734375,0.002197265625,0.0,9,0.002197265625,0.47183565795167476,-1.4550330665160658e-06
DNS,c2,103,0.064375,-0.0016731730261731691,1.0037323771546875,0.471613979777256,4086,10,0,0.99755859375,0.00244140625,0.0,10,0.00244140625,0.47161537640031664,-1.396623060643786e-06
DNS,c2,104,0.065,-0.0016176388651370438,1.0030719531780092,0.47139338225622085,4086,10,0,0.99755859375,0.00244140625,0.0,10,0.00244140625,0.47139474150993704,-1.3592537162112965e-06
DNS,c2,105,0.065625,-0.0015473943194204798,1.002417529824952,0.47117240132613986,4086,10,0,0.99755859375,0.00244140625,0.0,10,0.00244140625,0.47117370526175,-1.3039356102358493e-06
DNS,c2,106,0.06625,-0.0014665512162513378,1.0017728022569787,0.47095102839564734,4086,10,0,0.99755859375,0.00244140625,0.0,10,0.00244140625,0.47095226386670214,-1.2354710548443835e-06
DNS,c2,107,0.066875,-0.001378557780490907,1.0017776537855305,0.47072925529717713,4086,10,0,0.99755859375,0.00244140625,0.0,10,0.00244140625,0.47073041316351283,-1.1578663356825522e-06
DNS,c2,108,0.0675,-0.0012862765188724624,1.0021030185925166,0.4705070742732231,4087,9,0,0.997802734375,0.002197265625,0.0,9,0.002197265625,0.4705081528688667,-1.078595643628637e-06
DNS,c2,109,0.068125,-0.0011920561735913027,1.0023130388163572,0.4702844779630705,4087,9,0,0.997802734375,0.002197265625,0.0,9,0.002197265625,0.47028547596381187,-9.980007413811532e-07
DNS,c2,110,0.06875,-0.0010977977085806245,1.0024201597096416,0.4700614593900041,4089,7,0,0.998291015625,0.001708984375,0.0,7,0.001708984375,0.4700623829699264,-9.23579922346398e-07
DNS,c2,111,0.069375,-0.0010050144012487018,1.0024359429902983,0.46983801194899216,4089,7,0,0.998291015625,0.001708984375,0.0,7,0.001708984375,0.4698388638291127,-8.518801205558498e-07
DNS,c2,112,0.07,-0.0009148862002654942,1.002371095960205,0.4696141293948367,4091,5,0,0.998779296875,0.001220703125,0.0,5,0.001220703125,0.46961491628810237,-7.868932656331478e-07
DNS,c2,113,0.07062500000000001,-0.0008283085782867908,1.0022355030794843,0.4693898058307729,4091,5,0,0.998779296875,0.001220703125,0.0,5,0.001220703125,0.46939053226784927,-7.264370763787716e-07
DNS,c2,114,0.07125000000000001,-0.0007459361595072689,1.0020382594456867,0.46916503569749035,4091,5,0,0.998779296875,0.001220703125,0.0,5,0.001220703125,0.46916570047212697,-6.647746365964219e-07
DNS,c2,115,0.07187500000000001,-0.0006682214378650112,1.0017877056838627,0.4689398137625482,4091,5,0,0.998779296875,0.001220703125,0.0,5,0.001220703125,0.46894041698307404,-6.032205258608061e-07
DNS,c2,116,0.0725,-0.0005954489247416908,1.001491463807093,0.4687141351101469,4091,5,0,0.998779296875,0.001220703125,0.0,5,0.001220703125,0.46871467791798826,-5.428078413791785e-07
DNS,c2,117,0.073125,-0.000527765077163452,1.0011564736572576,0.4684879951312244,4091,5,0,0.998779296875,0.001220703125,0.0,5,0.001220703125,0.46848847946155,-4.843303255597048e-07
DNS,c2,118,0.07375,-0.000465204360706207,1.0007890295825908,0.4682613895138398,4089,7,0,0.998291015625,0.001708984375,0.0,7,0.001708984375,0.46826184599815646,-4.5648431662719185e-07
DNS,c2,119,0.074375,-0.00040771179727204347,1.0003948170519168,0.4680343142338163,4089,7,0,0.998291015625,0.001708984375,0.0,7,0.001708984375,0.4680347995112884,-4.852774720954103e-07
DNS,c2,120,0.075,-0.0003683401350208429,1.0,0.46780676554561734,4090,6,0,0.99853515625,0.00146484375,0.0,6,0.00146484375,0.46780726864400457,-5.030983872144824e-07
DNS,c2,121,0.075625,-0.00047375740763040073,1.0,0.46757873997343746,4090,6,0,0.99853515625,0.00146484375,0.0,6,0.00146484375,0.4675792495860479,-5.096126103873077e-07
DNS,c2,122,0.07625,-0.0005518865100021335,1.0,0.4673502343024933,4090,6,0,0.99853515625,0.00146484375,0.0,6,0.00146484375,0.46735074118218617,-5.068796929504712e-07
DNS,c2,123,0.076875,-0.0006070272496338664,1.0,0.4671212455705109,4090,6,0,0.99853515625,0.00146484375,0.0,6,0.00146484375,0.4671217423906005,-4.968200896307701e-07
DNS,c2,124,0.0775,-0.0006429533986398613,1.0,0.466891771059408,4090,6,0,0.99853515625,0.00146484375,0.0,6,0.00146484375,0.46689225212920976,-4.810698017558234e-07
DNS,c2,125,0.078125,-0.0006629625002492844,1.0,0.46666180828717363,4089,7,0,0.998291015625,0.001708984375,0.0,7,0.001708984375,0.46666228511816754,-4.768309939189048e-07
DNS,c2,126,0.07875,-0.0006699227983277492,1.0,0.4664313549999542,4089,7,0,0.998291015625,0.001708984375,0.0,7,0.001708984375,0.4664318295675659,-4.7456761173909486e-07
DNS,c2,127,0.079375,-0.000666317167003665,1.0,0.4662004091643542,4089,7,0,0.998291015625,0.001708984375,0.0,7,0.001708984375,0.46620087440828273,-4.652439285429703e-07
DNS,c2,128,0.08,-0.0006542839823801914,1.0,0.4659689689599598,4089,7,0,0.998291015625,0.001708984375,0.0,7,0.001708984375,0.46596941939404074,-4.5043408096383987e-07
DNS,c2,129,0.080625,-0.0006356549330054548,1.0,0.4657370327720935,4089,7,0,0.998291015625,0.001708984375,0.0,7,0.001708984375,0.4657374642417219,-4.3146962841058616e-07
DNS,c2,130,0.08125,-0.0006119898109820453,1.0,0.46550459918480525,4089,7,0,0.998291015625,0.001708984375,0.0,7,0.001708984375,0.4655050086542653,-4.094694600174139e-07
DNS,c2,131,0.081875,-0.0005846083621363014,1.0,0.4652716669741028,4088,8,0,0.998046875,0.001953125,0.0,8,0.001953125,0.4652720575706004,-3.9059649758026867e-07
DNS,c2,132,0.0825,-0.0005546193024022813,1.0,0.4650382351014195,4088,8,0,0.998046875,0.001953125,0.0,8,0.001953125,0.46503860389105645,-3.6878963696621997e-07
DNS,c2,133,0.083125,-0.0005229466293833988,1.0,0.46480430270731515,4089,7,0,0.998291015625,0.001708984375,0.0,7,0.001708984375,0.46480464964929535,-3.469419802300411e-07
DNS,c2,134,0.08375,-0.000490353373803227,1.0,0.4645698691054024,4090,6,0,0.99853515625,0.00146484375,0.0,6,0.00146484375,0.46457019495228846,-3.258468861199774e-07
DNS,c2,135,0.084375,-0.0004574629460798741,1.0,0.4643349337764868,4092,4,0,0.9990234375,0.0009765625,0.0,4,0.0009765625,0.46433524027247786,-3.0649599098340537e-07
DNS,c2,136,0.085,-0.00042477823934175237,1.0,0.46409949636290915,4092,4,0,0.9990234375,0.0009765625,0.0,4,0.0009765625,0.464099783856211,-2.874933017615324e-07
DNS,c2,137,0.085625,-0.00039269865257440047,1.0,0.4638635566630731,4092,4,0,0.9990234375,0.0009765625,0.0,4,0.0009765625,0.46386382434660334,-2.6768353017648193e-07
DNS,c2,138,0.08625000000000001,-0.0003615351969118043,1.0,0.4636271146261461,4092,4,0,0.9990234375,0.0009765625,0.0,4,0.0009765625,0.4636273621325003,-2.4750635419732186e-07
DNS,c2,139,0.08687500000000001,-0.00033152384495742956,1.0,0.46339017034691665,4092,4,0,0.9990234375,0.0009765625,0.0,4,0.0009765625,0.46339039766408774,-2.2731717112423002e-07
DNS,c2,140,0.08750000000000001,-0.00030283727796813454,1.0,0.4631527240607957,4092,4,0,0.9990234375,0.0009765625,0.0,4,0.0009765625,0.4631529314599527,-2.0739915697526286e-07
DNS,c2,141,0.088125,-0.0002755951792201898,1.0,0.4629147761389498,4092,4,0,0.9990234375,0.0009765625,0.0,4,0.0009765625,0.46291496411287086,-1.8797392104298802e-07
DNS,c2,142,0.08875,-0.0002498732142994916,1.0,0.4626763270835552,4092,4,0,0.9990234375,0.0009765625,0.0,4,0.0009765625,0.46267649629443836,-1.6921088316133293e-07
DNS,c2,143,0.089375,-0.00022571083075727114,1.0,0.46243737752316755,4093,3,0,0.999267578125,0.000732421875,0.0,3,0.000732421875,0.46243752906879726,-1.5154562975050415e-07
DNS,c2,144,0.09,-0.00020311800083331835,1.0,0.4621979282081989,4093,3,0,0.999267578125,0.000732421875,0.0,3,0.000732421875,0.4621980648126674,-1.3660446852059248e-07
DNS,c2,145,0.090625,-0.000182081022006792,1.0,0.46195798000650223,4093,3,0,0.999267578125,0.000732421875,0.0,3,0.000732421875,0.46195810255852054,-1.2255201830817357e-07
DNS,c2,146,0.09125,-0.00016256748118183425,1.0,0.46171753389906,4093,3,0,0.999267578125,0.000732421875,0.0,3,0.000732421875,0.46171764329588294,-1.0939682296714272e-07
DNS,c2,147,0.091875,-0.000144530479504279,1.0,0.46147659097577914,4093,3,0,0.999267578125,0.000732421875,0.0,3,0.000732421875,0.4614766881088685,-9.713308932848083e-08
DNS,c2,148,0.0925,-0.00012791220625564203,1.0,0.4612351524313934,4093,3,0,0.999267578125,0.000732421875,0.0,3,0.000732421875,0.4612352381750749,-8.574368144822146e-08
DNS,c2,149,0.093125,-0.00011264694207096523,1.0,0.4609932195614769,4093,3,0,0.999267578125,0.000732421875,0.0,3,0.000732421875,0.4609932947641421,-7.5202665179264e-08
DNS,c2,150,0.09375,-9.866356394272753e-05,1.0,0.46075079375857003,4093,3,0,0.999267578125,0.000732421875,0.0,3,0.000732421875,0.4607508592360279,-6.547745787105074e-08
DNS,c2,151,0.094375,-8.588761714778032e-05,1.0,0.4605078765084234,4093,3,0,0.999267578125,0.000732421875,0.0,3,0.000732421875,0.46050793303905607,-5.6530632704708695e-08
DNS,c2,152,0.095,-7.424301239461374e-05,1.0,0.460264469386359,4093,3,0,0.999267578125,0.000732421875,0.0,3,0.000732421875,0.4602645177077812,-4.8321422190125e-08
DNS,c2,153,0.095625,-6.365340014653515e-05,1.0,0.4600205740537524,4093,3,0,0.999267578125,0.000732421875,0.0,3,0.000732421875,0.4600206148607131,-4.080696070241293e-08
DNS,c2,154,0.09625,-5.4043268233473624e-05,1.0,0.4597761922546345,4093,3,0,0.999267578125,0.000732421875,0.0,3,0.000732421875,0.4597762261979361,-3.394330162577426e-08
DNS,c2,155,0.096875,-4.533880351307513e-05,1.0,0.45953132581241457,4093,3,0,0.999267578125,0.000732421875,0.0,3,0.000732421875,0.4595313534986552,-2.768624070277696e-08
DNS,c2,156,0.0975,-3.7468553465592565e-05,1.0,0.459285976626719,4093,3,0,0.999267578125,0.000732421875,0.0,3,0.000732421875,0.45928599861869257,-2.199197355053331e-08
DNS,c2,157,0.098125,-3.0363919186743458e-05,1.0,0.45904014667034543,4092,4,0,0.9990234375,0.0009765625,0.0,4,0.0009765625,0.45904016581596474,-1.91456192475131e-08
DNS,c2,158,0.09875,-2.3959507254504147e-05,1.0,0.4587938379863271,4092,4,0,0.9990234375,0.0009765625,0.0,4,0.0009765625,0.45879385523709226,-1.725076511540003e-08
DNS,c2,159,0.099375,-2.9663995772678442e-05,1.0,0.45854705268510093,4092,4,0,0.9990234375,0.0009765625,0.0,4,0.0009765625,0.45854706779120147,-1.5106100562429098e-08
DNS,c2,160,0.1,-3.594342790102745e-05,1.0,0.4582997929417761,4093,3,0,0.999267578125,0.000732421875,0.0,3,0.000732421875,0.45829980575876045,-1.281698431286491e-08
DNS,c2,161,0.100625,-4.02326517383443e-05,1.0,0.4580520609934945,4094,2,0,0.99951171875,0.00048828125,0.0,2,0.00048828125,0.45805207285352245,-1.186002799196945e-08
DNS,c2,162,0.10125,-4.286543651965819e-05,1.0,0.4578038591368783,4093,3,0,0.999267578125,0.000732421875,0.0,3,0.000732421875,0.4578038706227639,-1.1485885595923145e-08
DNS,c2,163,0.10187500000000001,-4.4130109557833474e-05,1.0,0.4575551897255581,4093,3,0,0.999267578125,0.000732421875,0.0,3,0.000732421875,0.45755520264998173,-1.2924423633244164e-08
DNS,c2,164,0.10250000000000001,-4.4274947015872686e-05,1.0,0.45730605516777517,4094,2,0,0.99951171875,0.00048828125,0.0,2,0.00048828125,0.4573060695890426,-1.4421267426700563e-08
DNS,c2,165,0.10312500000000001,-4.351300241151183e-05,1.0,0.4570564579240534,4094,2,0,0.99951171875,0.00048828125,0.0,2,0.00048828125,0.45705647330472443,-1.5380670997727965e-08
DNS,c2,166,0.10375000000000001,-4.202642224250564e-05,1.0,0.456806400504936,4094,2,0,0.99951171875,0.00048828125,0.0,2,0.00048828125,0.4568064163204591,-1.581552305753404e-08
DNS,c2,167,0.104375,-3.9970295061881956e-05,1.0,0.45655588546878245,4094,2,0,0.99951171875,0.00048828125,0.0,2,0.00048828125,0.4565559012892949,-1.5820512539955406e-08
DNS,c2,168,0.105,-3.747607725759031e-05,1.0,0.45630491541962326,4094,2,0,0.99951171875,0.00048828125,0.0,2,0.00048828125,0.45630493089636787,-1.5476744575645918e-08
DNS,c2,169,0.105625,-3.465463574526942e-05,1.0,0.45605349300507064,4094,2,0,0.99951171875,0.00048828125,0.0,2,0.00048828125,0.45605350785850246,-1.4853431831015317e-08
DNS,c2,170,0.10625,-3.159894480220001e-05,1.0,0.4558016209142816,4094,2,0,0.99951171875,0.00048828125,0.0,2,0.00048828125,0.45580163492367964,-1.4009398010741831e-08
DNS,c2,171,0.106875,-2.8386471382944416e-05,1.0,0.4555493018759751,4094,2,0,0.99951171875,0.00048828125,0.0,2,0.00048828125,0.45554931487038686,-1.2994411764885802e-08
DNS,c2,172,0.1075,-2.5081280483979774e-05,1.0,0.45529653865650116,4094,2,0,0.99951171875,0.00048828125,0.0,2,0.00048828125,0.455296550506869,-1.1850367817786956e-08
DNS,c2,173,0.108125,-2.173588948129717e-05,1.0,0.4550433340579632,4094,2,0,0.99951171875,0.00048828125,0.0,2,0.00048828125,0.45504334467029395,-1.0612330770358825e-08
DNS,c2,174,0.10875,-1.9738632797514058e-05,1.0,0.45478969091639243,4094,2,0,0.99951171875,0.00048828125,0.0,2,0.00048828125,0.45478970022584814,-9.309455727434556e-09
DNS,c2,175,0.109375,-1.7541494946681e-05,1.0,0.45453561209997817,4094,2,0,0.99951171875,0.00048828125,0.0,2,0.00048828125,0.45453562006577686,-7.96579867239743e-09
DNS,c2,176,0.11,-1.519449440153531e-05,1.0,0.4542811005073507,4094,2,0,0.99951171875,0.00048828125,0.0,2,0.00048828125,0.454281107108379,-6.601028355371313e-09
DNS,c2,177,0.110625,-1.2742054471226355e-05,1.0,0.4540261590659209,4094,2,0,0.99951171875,0.00048828125,0.0,2,0.00048828125,0.4540261642969713,-5.231050380024501e-09
DNS,c2,178,0.11125,-1.0220616791862058e-05,1.0,0.4537707907302758,4094,2,0,0.99951171875,0.00048828125,0.0,2,0.00048828125,0.45377079459882896,-3.868553167491465e-09
DNS,c2,179,0.111875,-7.65976762099133e-06,1.0,0.4535149984806287,4094,2,0,0.99951171875,0.00048828125,0.0,2,0.00048828125,0.45351500100411335,-2.523484542908584e-09
DNS,c2,180,0.1125,-5.083222589634708e-06,1.0,0.45325878532132813,4095,1,0,0.999755859375,0.000244140625,0.0,1,0.000244140625,0.45325878656234925,-1.241021140047536e-09
DNS,c2,181,0.113125,-2.5096859351005464e-06,1.0,0.4530021542794198,4095,1,0,0.999755859375,0.000244140625,0.0,1,0.000244140625,0.45300215489213613,-6.127162927491568e-10
DNS,c2,182,0.11375,7.6927256236304e-22,1.0,0.4527451084032659,4096,0,0,1.0,0.0,0.0,0,0.0,0.4527451084032659,0.0
DNS,c2,183,0.114375,7.840833748982365e-22,1.0,0.45248765076121633,4096,0,0,1.0,0.0,0.0,0,0.0,0.45248765076121633,0.0
DNS,c2,184,0.115,8.006394159210427e-22,1.0,0.45222978444033396,4096,0,0,1.0,0.0,0.0,0,0.0,0.45222978444033396,0.0
DNS,c2,185,0.115625,8.121586015869771e-22,1.0,0.45197151254516943,4096,0,0,1.0,0.0,0.0,0,0.0,0.45197151254516943,0.0
DNS,c2,186,0.11625,8.212128847863318e-22,1.0,0.45171283819658514,4096,0,0,1.0,0.0,0.0,0,0.0,0.45171283819658514,0.0
DNS,c2,187,0.116875,8.311294262656208e-22,1.0,0.4514537645306245,4096,0,0,1.0,0.0,0.0,0,0.0,0.4514537645306245,0.0
DNS,c2,188,0.11750000000000001,8.4203494813539985e-22,1.0,0.4511942946974266,4096,0,0,1.0,0.0,0.0,0,0.0,0.4511942946974266,0.0
DNS,c2,189,0.11812500000000001,8.540707892979985e-22,1.0,0.45093443186018073,4096,0,0,1.0,0.0,0.0,0,0.0,0.45093443186018073,0.0
DNS,c2,190,0.11875000000000001,8.673945521509628e-22,1.0,0.4506741791941205,4096,0,0,1.0,0.0,0.0,0,0.0,0.4506741791941205,0.0
DNS,c2,191,0.11937500000000001,8.821819338661487e-22,1.0,0.45041353988555416,4096,0,0,1.0,0.0,0.0,0,0.0,0.45041353988555416,0.0
DNS,c2,192,0.12,8.986287622671677e-22,1.0,0.4501525171309294,4096,0,0,1.0,0.0,0.0,0,0.0,0.4501525171309294,0.0
DNS,c2,193,0.120625,9.169532584127261e-22,1.0,0.4498911141359292,4096,0,0,1.0,0.0,0.0,0,0.0,0.4498911141359292,0.0
DNS,c2,194,0.12125,9.373985502856886e-22,1.0,0.4496293341145982,4096,0,0,1.0,0.0,0.0,0,0.0,0.4496293341145982,0.0
DNS,c2,195,0.121875,9.602354645068777e-22,1.0,0.44936718028849687,4096,0,0,1.0,0.0,0.0,0,0.0,0.44936718028849687,0.0
DNS,c2,196,0.1225,9.857656257597801e-22,1.0,0.4491046558858822,4096,0,0,1.0,0.0,0.0,0,0.0,0.4491046558858822,0.0
DNS,c2,197,0.123125,1.0143248966503726e-21,1.0,0.44884176414091387,4096,0,0,1.0,0.0,0.0,0,0.0,0.44884176414091387,0.0
DNS,c2,198,0.12375,1.0462871940600448e-21,0.9999999999999999,0.44857850829288404,4096,0,0,1.0,0.0,0.0,0,0.0,0.44857850829288404,0.0
DNS,c2,199,0.124375,1.082068721705989e-21,0.9999999999999998,0.44831489158547105,4096,0,0,1.0,0.0,0.0,0,0.0,0.44831489158547105,0.0
DNS,c2,200,0.125,1.1221326626316112e-21,0.9999999999999997,0.4480509172660156,4096,0,0,1.0,0.0,0.0,0,0.0,0.4480509172660156,0.0
DNS,c2,201,0.12562500000000001,1.1669943797410422e-21,0.9999999999999996,0.4477865885848187,4096,0,0,1.0,0.0,0.0,0,0.0,0.4477865885848187,0.0
DNS,c2,202,0.12625,1.2172271773008206e-21,0.9999999999999994,0.4475219087944623,4096,0,0,1.0,0.0,0.0,0,0.0,0.4475219087944623,0.0
DNS,c2,203,0.12687500000000002,1.2734686815951824e-21,0.9999999999999993,0.44725688114915124,4096,0,0,1.0,0.0,0.0,0,0.0,0.44725688114915124,0.0
DNS,c2,204,0.1275,1.3364279046789498e-21,0.9999999999999992,0.44699150890407685,4096,0,0,1.0,0.0,0.0,0,0.0,0.44699150890407685,0.0
DNS,c2,205,0.128125,1.4068930614668128e-21,0.9999999999999991,0.44672579531480294,4096,0,0,1.0,0.0,0.0,0,0.0,0.44672579531480294,0.0
DNS,c2,206,0.12875,1.4631534357691273e-21,0.999999999999999,0.4464597436366723,4096,0,0,1.0,0.0,0.0,0,0.0,0.4464597436366723,0.0
DNS,c2,207,0.129375,1.5092119052591675e-21,0.9999999999999989,0.446193357124236,4096,0,0,1.0,0.0,0.0,0,0.0,0.446193357124236,0.0
DNS,c2,208,0.13,1.5594687569384348e-21,0.9999999999999988,0.4459266390307044,4096,0,0,1.0,0.0,0.0,0,0.0,0.4459266390307044,0.0
DNS,c2,209,0.130625,1.6143711630110986e-21,0.9999999999999987,0.44565959260741894,4096,0,0,1.0,0.0,0.0,0,0.0,0.44565959260741894,0.0
DNS,c2,210,0.13125,1.6744140497288088e-21,0.9999999999999986,0.44539222110334625,4096,0,0,1.0,0.0,0.0,0,0.0,0.44539222110334625,0.0
DNS,c2,211,0.131875,1.740145233297225e-21,0.9999999999999984,0.44512452776459394,4096,0,0,1.0,0.0,0.0,0,0.0,0.44512452776459394,0.0
DNS,c2,212,0.1325,1.8121710949579133e-21,0.9999999999999983,0.4448565158339468,4096,0,0,1.0,0.0,0.0,0,0.0,0.4448565158339468,0.0
DNS,c2,213,0.133125,1.8911628494402958e-21,0.9999999999999982,0.44458818855042426,4096,0,0,1.0,0.0,0.0,0,0.0,0.44458818855042426,0.0
DNS,c2,214,0.13375,1.977863466149352e-21,0.999999999999998,0.44431954914885785,4096,0,0,1.0,0.0,0.0,0,0.0,0.44431954914885785,0.0
DNS,c2,215,0.134375,2.0730953080886264e-21,0.9999999999999979,0.44405060085948955,4096,0,0,1.0,0.0,0.0,0,0.0,0.44405060085948955,0.0
DNS,c2,216,0.135,2.1777685596528915e-21,0.9999999999999977,0.4437813469075877,4096,0,0,1.0,0.0,0.0,0,0.0,0.4437813469075877,0.0
DNS,c2,217,0.135625,2.2928905211015518e-21,0.9999999999999974,0.44351179051308326,4096,0,0,1.0,0.0,0.0,0,0.0,0.44351179051308326,0.0
DNS,c2,218,0.13625,2.4195758547865334e-21,0.9999999999999972,0.44324193489022284,4096,0,0,1.0,0.0,0.0,0,0.0,0.44324193489022284,0.0
DNS,c2,219,0.136875,2.5590578761041667e-21,0.999999999999997,0.4429717832472397,4096,0,0,1.0,0.0,0.0,0,0.0,0.4429717832472397,0.0
DNS,c2,220,0.1375,2.7127009907200453e-21,0.9999999999999968,0.44270133878604023,4096,0,0,1.0,0.0,0.0,0,0.0,0.44270133878604023,0.0
DNS,c2,221,0.138125,2.882014388933239e-21,0.9999999999999964,0.4424306047019071,4096,0,0,1.0,0.0,0.0,0,0.0,0.4424306047019071,0.0
DNS,c2,222,0.13875,3.0686671181596074e-21,0.9999999999999961,0.44215958418321644,4096,0,0,1.0,0.0,0.0,0,0.0,0.44215958418321644,0.0
DNS,c2,223,0.139375,3.274504665485448e-21,0.9999999999999958,0.44188828041116945,4096,0,0,1.0,0.0,0.0,0,0.0,0.44188828041116945,0.0
DNS,c2,224,0.14,3.5015671941387845e-21,0.9999999999999953,0.4416166965595375,4096,0,0,1.0,0.0,0.0,0,0.0,0.4416166965595375,0.0
DNS,c2,225,0.140625,3.752109590617276e-21,0.999999999999995,0.441344835794419,4096,0,0,1.0,0.0,0.0,0,0.0,0.441344835794419,0.0
DNS,c2,226,0.14125000000000001,4.028623493174972e-21,0.9999999999999947,0.44107270127400944,4096,0,0,1.0,0.0,0.0,0,0.0,0.44107270127400944,0.0
DNS,c2,227,0.141875,4.333861487485915e-21,0.9999999999999942,0.4408002961483814,4096,0,0,1.0,0.0,0.0,0,0.0,0.4408002961483814,0.0
DNS,c2,228,0.14250000000000002,4.670863671657491e-21,0.9999999999999938,0.4405276235592759,4096,0,0,1.0,0.0,0.0,0,0.0,0.4405276235592759,0.0
DNS,c2,229,0.143125,5.0429083782625035e-21,0.9999999999999932,0.4402546866399045,4096,0,0,1.0,0.0,0.0,0,0.0,0.4402546866399045,0.0
DNS,c2,230,0.14375000000000002,5.3707329985802815e-21,0.9999999999999927,0.4399814885147597,4096,0,0,1.0,0.0,0.0,0,0.0,0.4399814885147597,0.0
DNS,c2,231,0.144375,5.7230051519975664e-21,0.999999999999992,0.43970803229943567,4096,0,0,1.0,0.0,0.0,0,0.0,0.43970803229943567,0.0
DNS,c2,232,0.145,6.1014088655712554e-21,0.9999999999999912,0.4394343211004578,4096,0,0,1.0,0.0,0.0,0,0.0,0.4394343211004578,0.0
DNS,c2,233,0.145625,6.5077354475164805e-21,0.9999999999999905,0.43916035801512066,4096,0,0,1.0,0.0,0.0,0,0.0,0.43916035801512066,0.0
DNS,c2,234,0.14625,6.943889845633628e-21,0.9999999999999897,0.4388861461313341,4096,0,0,1.0,0.0,0.0,0,0.0,0.4388861461313341,0.0
DNS,c2,235,0.146875,7.411897349101833e-21,0.9999999999999888,0.4386116885274783,4096,0,0,1.0,0.0,0.0,0,0.0,0.4386116885274783,0.0
DNS,c2,236,0.1475,7.913910649697979e-21,0.9999999999999879,0.43833698827226614,4096,0,0,1.0,0.0,0.0,0,0.0,0.43833698827226614,0.0
DNS,c2,237,0.148125,8.452217279067766e-21,0.9999999999999869,0.4380620484246134,4096,0,0,1.0,0.0,0.0,0,0.0,0.4380620484246134,0.0
DNS,c2,238,0.14875,9.029247439249642e-21,0.9999999999999858,0.4377868720335175,4096,0,0,1.0,0.0,0.0,0,0.0,0.4377868720335175,0.0
DNS,c2,239,0.149375,9.647582244232475e-21,0.9999999999999846,0.437511462137943,4096,0,0,1.0,0.0,0.0,0,0.0,0.437511462137943,0.0
DNS,c2,240,0.15,1.0293975925340096e-20,0.9999999999999832,0.43723582176671505,4096,0,0,1.0,0.0,0.0,0,0.0,0.43723582176671505,0.0
DNS,c2,241,0.150625,1.0890865772067738e-20,0.9999999999999818,0.43695995393842046,4096,0,0,1.0,0.0,0.0,0,0.0,0.43695995393842046,0.0
DNS,c2,242,0.15125,1.1536669393626356e-20,0.9999999999999801,0.4366838616613163,4096,0,0,1.0,0.0,0.0,0,0.0,0.4366838616613163,0.0
DNS,c2,243,0.151875,1.2236073990713543e-20,0.9999999999999784,0.43640754793324543,4096,0,0,1.0,0.0,0.0,0,0.0,0.43640754793324543,0.0
DNS,c2,244,0.1525,1.299423172683609e-20,0.9999999999999765,0.4361310157415598,4096,0,0,1.0,0.0,0.0,0,0.0,0.4361310157415598,0.0
DNS,c2,245,0.153125,1.381680456074293e-20,0.9999999999999744,0.4358542680630513,4096,0,0,1.0,0.0,0.0,0,0.0,0.4358542680630513,0.0
DNS,c2,246,0.15375,1.4710013176445368e-20,0.999999999999972,0.43557730786388826,4096,0,0,1.0,0.0,0.0,0,0.0,0.43557730786388826,0.0
DNS,c2,247,0.154375,1.56806903620944e-20,0.9999999999999695,0.4353001380995618,4096,0,0,1.0,0.0,0.0,0,0.0,0.4353001380995618,0.0
DNS,c2,248,0.155,1.6736339216955822e-20,0.9999999999999666,0.43502276171483595,4096,0,0,1.0,0.0,0.0,0,0.0,0.43502276171483595,0.0
DNS,c2,249,0.155625,1.788519659573599e-20,0.9999999999999635,0.43474518164370723,4096,0,0,1.0,0.0,0.0,0,0.0,0.43474518164370723,0.0
DNS,c2,250,0.15625,1.9136302231698637e-20,0.99999999999996,0.4344674008093692,4096,0,0,1.0,0.0,0.0,0,0.0,0.4344674008093692,0.0
DNS,c2,251,0.15687500000000001,2.0499574014517468e-20,0.9999999999999561,0.4341894221241847,4096,0,0,1.0,0.0,0.0,0,0.0,0.4341894221241847,0.0
DNS,c2,252,0.1575,2.19858899357809e-20,0.9999999999999519,0.4339112484896641,4096,0,0,1.0,0.0,0.0,0,0.0,0.4339112484896641,0.0
DNS,c2,253,0.15812500000000002,2.360717725466201e-20,0.9999999999999472,0.433632882796449,4096,0,0,1.0,0.0,0.0,0,0.0,0.433632882796449,0.0
DNS,c2,254,0.15875,2.5376509478656473e-20,0.9999999999999419,0.4333543279243037,4096,0,0,1.0,0.0,0.0,0,0.0,0.4333543279243037,0.0
DNS,c2,255,0.15937500000000002,2.730821179965022e-20,0.9999999999999362,0.4330755867421106,4096,0,0,1.0,0.0,0.0,0,0.0,0.4330755867421106,0.0
DNS,c2,256,0.16,2.9417975674093536e-20,0.9999999999999297,0.4327966621078727,4096,0,0,1.0,0.0,0.0,0,0.0,0.4327966621078727,0.0
DNS,c2,257,0.160625,3.1722983287926e-20,0.9999999999999226,0.4325175568687208,4096,0,0,1.0,0.0,0.0,0,0.0,0.4325175568687208,0.0
DNS,c2,258,0.16125,3.412273814030629e-20,0.9999999999999147,0.4322382738609258,4096,0,0,1.0,0.0,0.0,0,0.0,0.4322382738609258,0.0
DNS,c2,259,0.161875,3.643558927900834e-20,0.9999999999999061,0.43195881590991675,4096,0,0,1.0,0.0,0.0,0,0.0,0.43195881590991675,0.0
DNS,c2,260,0.1625,3.8898852321750405e-20,0.9999999999998964,0.43167918583030307,4096,0,0,1.0,0.0,0.0,0,0.0,0.43167918583030307,0.0
DNS,c2,261,0.163125,4.152160887243598e-20,0.9999999999998858,0.43139938642590175,4096,0,0,1.0,0.0,0.0,0,0.0,0.43139938642590175,0.0
DNS,c2,262,0.16375,4.4313444017232444e-20,0.9999999999998739,0.4311194204897683,4096,0,0,1.0,0.0,0.0,0,0.0,0.4311194204897683,0.0
DNS,c2,263,0.164375,4.728447124812533e-20,0.9999999999998607,0.4308392908042332,4096,0,0,1.0,0.0,0.0,0,0.0,0.4308392908042332,0.0
DNS,c2,264,0.165,5.0445358419541133e-20,0.999999999999846,0.4305590001409411,4096,0,0,1.0,0.0,0.0,0,0.0,0.4305590001409411,0.0
DNS,c2,265,0.165625,5.380735476810583e-20,0.9999999999998298,0.43027855126089437,4096,0,0,1.0,0.0,0.0,0,0.0,0.43027855126089437,0.0
DNS,c2,266,0.16625,5.73823190257199e-20,0.9999999999998157,0.429997946914501,4096,0,0,1.0,0.0,0.0,0,0.0,0.429997946914501,0.0
DNS,c2,267,0.166875,6.118274865619506e-20,0.999999999999801,0.42971718984162455,4096,0,0,1.0,0.0,0.0,0,0.0,0.42971718984162455,0.0
DNS,c2,268,0.1675,6.522181024571062e-20,0.9999999999997851,0.4294362827716393,4096,0,0,1.0,0.0,0.0,0,0.0,0.4294362827716393,0.0
DNS,c2,269,0.168125,6.95133710773055e-20,0.9999999999997677,0.4291552284234872,4096,0,0,1.0,0.0,0.0,0,0.0,0.4291552284234872,0.0
DNS,c2,270,0.16875,7.387339639804449e-20,0.9999999999997489,0.42887402950573855,4096,0,0,1.0,0.0,0.0,0,0.0,0.42887402950573855,0.0
DNS,c2,271,0.169375,7.770032605273432e-20,0.9999999999997283,0.42859268871665596,4096,0,0,1.0,0.0,0.0,0,0.0,0.42859268871665596,0.0
DNS,c2,272,0.17,8.18081611303666e-20,0.9999999999997059,0.4283112087442608,4096,0,0,1.0,0.0,0.0,0,0.0,0.4283112087442608,0.0
DNS,c2,273,0.170625,8.622196917545714e-20,0.9999999999996815,0.42802959226640264,4096,0,0,1.0,0.0,0.0,0,0.0,0.42802959226640264,0.0
DNS,c2,274,0.17125,9.096908627029099e-20,0.9999999999996548,0.42774784195083126,4096,0,0,1.0,0.0,0.0,0,0.0,0.42774784195083126,0.0
DNS,c2,275,0.171875,9.607931113993364e-20,0.9999999999996257,0.42746596045527196,4096,0,0,1.0,0.0,0.0,0,0.0,0.42746596045527196,0.0
DNS,c2,276,0.17250000000000001,1.0158511473163866e-19,0.999999999999594,0.42718395042750235,4096,0,0,1.0,0.0,0.0,0,0.0,0.42718395042750235,0.0
DNS,c2,277,0.173125,1.0752186641370875e-19,0.9999999999995592,0.42690181450543296,4096,0,0,1.0,0.0,0.0,0,0.0,0.42690181450543296,0.0
DNS,c2,278,0.17375000000000002,1.1392807801693977e-19,0.9999999999995213,0.426619555317189,4096,0,0,1.0,0.0,0.0,0,0.0,0.426619555317189,0.0
DNS,c2,279,0.174375,1.2084566702469174e-19,0.9999999999994797,0.42633717548119576,4096,0,0,1.0,0.0,0.0,0,0.0,0.42633717548119576,0.0
DNS,c2,280,0.17500000000000002,1.2832024030565625e-19,0.9999999999994343,0.4260546776062655,4096,0,0,1.0,0.0,0.0,0,0.0,0.4260546776062655,0.0
DNS,c2,281,0.175625,1.3640139987680875e-19,0.9999999999993846,0.42577206429168696,4096,0,0,1.0,0.0,0.0,0,0.0,0.42577206429168696,0.0
DNS,c2,282,0.17625,1.4514307228314174e-19,0.9999999999993302,0.42548933812731726,4096,0,0,1.0,0.0,0.0,0,0.0,0.42548933812731726,0.0
DNS,c2,283,0.176875,1.5460386328588102e-19,0.9999999999992706,0.4252065016936761,4096,0,0,1.0,0.0,0.0,0,0.0,0.4252065016936761,0.0
DNS,c2,284,0.1775,1.648474396623172e-19,0.9999999999992052,0.42492355756204137,4096,0,0,1.0,0.0,0.0,0,0.0,0.42492355756204137,0.0
DNS,c2,285,0.178125,1.7594294003847904e-19,0.9999999999991336,0.4246405082945481,4096,0,0,1.0,0.0,0.0,0,0.0,0.4246405082945481,0.0
DNS,c2,286,0.17875,1.879654168009893e-19,0.999999999999055,0.4243573564442888,4096,0,0,1.0,0.0,0.0,0,0.0,0.4243573564442888,0.0
DNS,c2,287,0.179375,2.0099631126695306e-19,0.9999999999989688,0.4240741045554157,4096,0,0,1.0,0.0,0.0,0,0.0,0.4240741045554157,0.0
DNS,c2,288,0.18,2.151239644310217e-19,0.9999999999988743,0.4237907551632458,4096,0,0,1.0,0.0,0.0,0,0.0,0.4237907551632458,0.0
DNS,c2,289,0.180625,2.3044416575726386e-19,0.9999999999987707,0.42350731079436715,4096,0,0,1.0,0.0,0.0,0,0.0,0.42350731079436715,0.0
DNS,c2,290,0.18125,2.4706074264058495e-19,0.9999999999986569,0.4232237739667473,4096,0,0,1.0,0.0,0.0,0,0.0,0.4232237739667473,0.0
DNS,c2,291,0.181875,2.650861933286176e-19,0.9999999999985321,0.42294014718984374,4096,0,0,1.0,0.0,0.0,0,0.0,0.42294014718984374,0.0
DNS,c2,292,0.1825,2.8331996117316207e-19,0.9999999999983951,0.4226564329647163,4096,0,0,1.0,0.0,0.0,0,0.0,0.4226564329647163,0.0
DNS,c2,293,0.183125,3.0033776523619315e-19,0.9999999999982447,0.422372633784141,4096,0,0,1.0,0.0,0.0,0,0.0,0.422372633784141,0.0
DNS,c2,294,0.18375,3.1830246864104997e-19,0.9999999999980796,0.4220887521327262,4096,0,0,1.0,0.0,0.0,0,0.0,0.4220887521327262,0.0
DNS,c2,295,0.184375,3.372617813055408e-19,0.9999999999979272,0.42180479048702924,4096,0,0,1.0,0.0,0.0,0,0.0,0.42180479048702924,0.0
DNS,c2,296,0.185,3.5714513836189625e-19,0.9999999999977829,0.4215207513156767,4096,0,0,1.0,0.0,0.0,0,0.0,0.4215207513156767,0.0
DNS,c2,297,0.185625,3.712652495772644e-19,0.9999999999976275,0.42123663707948394,4096,0,0,1.0,0.0,0.0,0,0.0,0.42123663707948394,0.0
DNS,c2,298,0.18625,3.8628304962620324e-19,0.9999999999974599,0.42095245023157835,4096,0,0,1.0,0.0,0.0,0,0.0,0.42095245023157835,0.0
DNS,c2,299,0.186875,4.022741390055425e-19,0.9999999999972792,0.4206681932175221,4096,0,0,1.0,0.0,0.0,0,0.0,0.4206681932175221,0.0
DNS,c2,300,0.1875,4.193204348636841e-19,0.9999999999970842,0.42038386847543757,4096,0,0,1.0,0.0,0.0,0,0.0,0.42038386847543757,0.0
DNS,c2,301,0.18812500000000001,4.37510657278298e-19,0.9999999999968737,0.4200994784361339,4096,0,0,1.0,0.0,0.0,0,0.0,0.4200994784361339,0.0
DNS,c2,302,0.18875,4.569408501170245e-19,0.9999999999966463,0.4198150255232341,4096,0,0,1.0,0.0,0.0,0,0.0,0.4198150255232341,0.0
DNS,c2,303,0.18937500000000002,4.7771493876483205e-19,0.9999999999964005,0.41953051215330456,4096,0,0,1.0,0.0,0.0,0,0.0,0.41953051215330456,0.0
DNS,c2,304,0.19,4.999453271407567e-19,0.9999999999961349,0.41924594073598415,4096,0,0,1.0,0.0,0.0,0,0.0,0.41924594073598415,0.0
DNS,c2,305,0.19062500000000002,5.237535365735282e-19,0.9999999999958474,0.41896131367411593,4096,0,0,1.0,0.0,0.0,0,0.0,0.41896131367411593,0.0
DNS,c2,306,0.19125,5.49270889260461e-19,0.9999999999955363,0.4186766333638786,4096,0,0,1.0,0.0,0.0,0,0.0,0.4186766333638786,0.0
DNS,c2,307,0.19187500000000002,5.766392391973491e-19,0.9999999999951995,0.4183919021949199,4096,0,0,1.0,0.0,0.0,0,0.0,0.4183919021949199,0.0
DNS,c2,308,0.1925,6.06011753639377e-19,0.9999999999948346,0.4181071225504901,4096,0,0,1.0,0.0,0.0,0,0.0,0.4181071225504901,0.0
DNS,c2,309,0.193125,6.375537483346767e-19,0.9999999999944392,0.41782229680757643,4096,0,0,1.0,0.0,0.0,0,0.0,0.41782229680757643,0.0
DNS,c2,310,0.19375,6.714435799635871e-19,0.9999999999940106,0.41753742733703875,4096,0,0,1.0,0.0,0.0,0,0.0,0.41753742733703875,0.0
DNS,c2,311,0.194375,7.07873599418373e-19,0.9999999999935458,0.4172525165037454,4096,0,0,1.0,0.0,0.0,0,0.0,0.4172525165037454,0.0
DNS,c2,312,0.195,7.470511697706474e-19,0.9999999999930417,0.4169675666667098,4096,0,0,1.0,0.0,0.0,0,0.0,0.4169675666667098,0.0
DNS,c2,313,0.195625,7.891997529975182e-19,0.9999999999924947,0.41668258017922744,4096,0,0,1.0,0.0,0.0,0,0.0,0.41668258017922744,0.0
DNS,c2,314,0.19625,8.345600697731017e-19,0.999999999991901,0.4163975593890139,4096,0,0,1.0,0.0,0.0,0,0.0,0.4163975593890139,0.0
DNS,c2,315,0.196875,8.833913368800683e-19,0.9999999999912565,0.4161125066383427,4096,0,0,1.0,0.0,0.0,0,0.0,0.4161125066383427,0.0
DNS,c2,316,0.1975,9.359725870569017e-19,0.9999999999905568,0.4158274242641839,4096,0,0,1.0,0.0,0.0,0,0.0,0.4158274242641839,0.0
DNS,c2,317,0.198125,9.876815582554395e-19,0.9999999999897968,0.4155423145983428,4096,0,0,1.0,0.0,0.0,0,0.0,0.4155423145983428,0.0
DNS,c2,318,0.19875,1.0330686850066594e-18,0.9999999999889713,0.4152571799675994,4096,0,0,1.0,0.0,0.0,0,0.0,0.4152571799675994,0.0
DNS,c2,319,0.199375,1.0803550594047476e-18,0.9999999999880744,0.4149720226938476,4096,0,0,1.0,0.0,0.0,0,0.0,0.4149720226938476,0.0
DNS,c2,320,0.2,1.1296123546377496e-18,0.9999999999871,0.4146868450942347,4096,0,0,1.0,0.0,0.0,0,0.0,0.4146868450942347,0.0
DNS,c2,321,0.200625,1.1809146226046262e-18,0.999999999986041,0.41440164948130137,4096,0,0,1.0,0.0,0.0,0,0.0,0.41440164948130137,0.0
DNS,c2,322,0.20125,1.2343383573590171e-18,0.9999999999848903,0.4141164381631215,4096,0,0,1.0,0.0,0.0,0,0.0,0.4141164381631215,0.0
DNS,c2,323,0.201875,1.2899625594236483e-18,0.9999999999836396,0.41383121344344204,4096,0,0,1.0,0.0,0.0,0,0.0,0.41383121344344204,0.0
DNS,c2,324,0.2025,1.3478688009434205e-18,0.9999999999825824,0.4135459776218234,4096,0,0,1.0,0.0,0.0,0,0.0,0.4135459776218234,0.0
DNS,c2,325,0.203125,1.4081412916427091e-18,0.9999999999815251,0.41326073299377897,4096,0,0,1.0,0.0,0.0,0,0.0,0.41326073299377897,0.0
DNS,c2,326,0.20375000000000001,1.4708669455498434e-18,0.999999999980395,0.4129754818509154,4096,0,0,1.0,0.0,0.0,0,0.0,0.4129754818509154,0.0
DNS,c2,327,0.204375,1.5361354484491436e-18,0.9999999999791864,0.4126902264810726,4096,0,0,1.0,0.0,0.0,0,0.0,0.4126902264810726,0.0
DNS,c2,328,0.20500000000000002,1.6040393260182699e-18,0.9999999999778931,0.4124049691684636,4096,0,0,1.0,0.0,0.0,0,0.0,0.4124049691684636,0.0
DNS,c2,329,0.205625,1.6746740126059767e-18,0.9999999999765086,0.41211971219381416,4096,0,0,1.0,0.0,0.0,0,0.0,0.41211971219381416,0.0
DNS,c2,330,0.20625000000000002,1.7481379206026882e-18,0.9999999999750254,0.4118344578345024,4096,0,0,1.0,0.0,0.0,0,0.0,0.4118344578345024,0.0
DNS,c2,331,0.206875,1.824532510353603e-18,0.999999999973436,0.4115492083646984,4096,0,0,1.0,0.0,0.0,0,0.0,0.4115492083646984,0.0
DNS,c2,332,0.20750000000000002,1.903962360561313e-18,0.999999999971732,0.41126396605550275,4096,0,0,1.0,0.0,0.0,0,0.0,0.41126396605550275,0.0
DNS,c2,333,0.208125,1.986535239122184e-18,0.999999999969904,0.41097873317508665,4096,0,0,1.0,0.0,0.0,0,0.0,0.41097873317508665,0.0
DNS,c2,334,0.20875,2.0723621743379984e-18,0.9999999999679423,0.4106935119888293,4096,0,0,1.0,0.0,0.0,0,0.0,0.4106935119888293,0.0
DNS,c2,335,0.209375,2.1615575264416034e-18,0.9999999999658363,0.410408304759457,4096,0,0,1.0,0.0,0.0,0,0.0,0.410408304759457,0.0
DNS,c2,336,0.21,2.2542390593725573e-18,0.9999999999635745,0.4101231137471809,4096,0,0,1.0,0.0,0.0,0,0.0,0.4101231137471809,0.0
DNS,c2,337,0.210625,2.3505280127360092e-18,0.9999999999611442,0.40983794120983474,4096,0,0,1.0,0.0,0.0,0,0.0,0.40983794120983474,0.0
DNS,c2,338,0.21125,2.4505491738753082e-18,0.9999999999585322,0.4095527894030118,4096,0,0,1.0,0.0,0.0,0,0.0,0.4095527894030118,0.0
DNS,c2,339,0.211875,2.554430949986104e-18,0.9999999999557239,0.40926766058020203,4096,0,0,1.0,0.0,0.0,0,0.0,0.40926766058020203,0.0
DNS,c2,340,0.2125,2.662305440196984e-18,0.9999999999527035,0.40898255699292796,4096,0,0,1.0,0.0,0.0,0,0.0,0.40898255699292796,0.0
DNS,c2,341,0.213125,2.7743085075390035e-18,0.9999999999494542,0.40869748089088087,4096,0,0,1.0,0.0,0.0,0,0.0,0.40869748089088087,0.0
DNS,c2,342,0.21375,2.890579850723801e-18,0.9999999999459576,0.40841243452205556,4096,0,0,1.0,0.0,0.0,0,0.0,0.40841243452205556,0.0
DNS,c2,343,0.214375,3.0112630756473515e-18,0.9999999999421939,0.40812742013288555,4096,0,0,1.0,0.0,0.0,0,0.0,0.40812742013288555,0.0
DNS,c2,344,0.215,3.1365057665338248e-18,0.9999999999381419,0.4078424399683766,4096,0,0,1.0,0.0,0.0,0,0.0,0.4078424399683766,0.0
DNS,c2,345,0.215625,3.2664595566314485e-18,0.9999999999337785,0.40755749627224036,4096,0,0,1.0,0.0,0.0,0,0.0,0.40755749627224036,0.0
DNS,c2,346,0.21625,3.4012801983697858e-18,0.999999999929079,0.40727259128702703,4096,0,0,1.0,0.0,0.0,0,0.0,0.40727259128702703,0.0
DNS,c2,347,0.216875,3.541127632885368e-18,0.9999999999240164,0.4069877272542573,4096,0,0,1.0,0.0,0.0,0,0.0,0.4069877272542573,0.0
DNS,c2,348,0.2175,3.686166058820238e-18,0.9999999999185621,0.40670290641455364,4096,0,0,1.0,0.0,0.0,0,0.0,0.40670290641455364,0.0
DNS,c2,349,0.218125,3.8365640002956155e-18,0.9999999999126851,0.4064181310077706,4096,0,0,1.0,0.0,0.0,0,0.0,0.4064181310077706,0.0
DNS,c2,350,0.21875,3.992494373960644e-18,0.9999999999063516,0.4061334032731243,4096,0,0,1.0,0.0,0.0,0,0.0,0.4061334032731243,0.0
DNS,c2,351,0.21937500000000001,4.1541345550139664e-18,0.9999999998995257,0.4058487254493216,4096,0,0,1.0,0.0,0.0,0,0.0,0.4058487254493216,0.0
DNS,c2,352,0.22,4.321666442093779e-18,0.9999999998932793,0.4055640997746873,4096,0,0,1.0,0.0,0.0,0,0.0,0.4055640997746873,0.0
DNS,c2,353,0.22062500000000002,4.495276520929969e-18,0.9999999998876296,0.40527952848729143,4096,0,0,1.0,0.0,0.0,0,0.0,0.40527952848729143,0.0
DNS,c2,354,0.22125,4.6751559266499985e-18,0.9999999998816308,0.4049950138250749,4096,0,0,1.0,0.0,0.0,0,0.0,0.4049950138250749,0.0
DNS,c2,355,0.22187500000000002,4.8615005046283506e-18,0.9999999998752581,0.4047105580259747,4096,0,0,1.0,0.0,0.0,0,0.0,0.4047105580259747,0.0
DNS,c2,356,0.2225,5.054510869767592e-18,0.9999999998684848,0.40442616332804754,4096,0,0,1.0,0.0,0.0,0,0.0,0.40442616332804754,0.0
DNS,c2,357,0.22312500000000002,5.254392464097455e-18,0.999999999861282,0.40414183196959247,4096,0,0,1.0,0.0,0.0,0,0.0,0.40414183196959247,0.0
DNS,c2,358,0.22375,5.461355612576795e-18,0.9999999998536188,0.4038575661892729,4096,0,0,1.0,0.0,0.0,0,0.0,0.4038575661892729,0.0
DNS,c2,359,0.224375,5.675615576981852e-18,0.9999999998454621,0.4035733682262371,4096,0,0,1.0,0.0,0.0,0,0.0,0.4035733682262371,0.0
DNS,c2,360,0.225,5.8973926077629245e-18,0.999999999836776,0.40328924032023705,4096,0,0,1.0,0.0,0.0,0,0.0,0.40328924032023705,0.0
DNS,c2,361,0.225625,6.126911993750347e-18,0.9999999998275224,0.40300518471174757,4096,0,0,1.0,0.0,0.0,0,0.0,0.40300518471174757,0.0
DNS,c2,362,0.22625,6.364404109589621e-18,0.99999999981766,0.4027212036420824,4096,0,0,1.0,0.0,0.0,0,0.0,0.4027212036420824,0.0
DNS,c2,363,0.226875,6.610104460784582e-18,0.9999999998071446,0.40243729935351047,4096,0,0,1.0,0.0,0.0,0,0.0,0.40243729935351047,0.0
DNS,c2,364,0.2275,6.864253726226675e-18,0.9999999997959288,0.40215347408936986,4096,0,0,1.0,0.0,0.0,0,0.0,0.40215347408936986,0.0
DNS,c2,365,0.228125,7.12709779808774e-18,0.9999999997839615,0.40186973009418137,4096,0,0,1.0,0.0,0.0,0,0.0,0.40186973009418137,0.0
DNS,c2,366,0.22875,7.398887818953176e-18,0.9999999997711881,0.40158606961376003,4096,0,0,1.0,0.0,0.0,0,0.0,0.40158606961376003,0.0
DNS,c2,367,0.229375,7.679880216071949e-18,0.99999999975755,0.40130249489532555,4096,0,0,1.0,0.0,0.0,0,0.0,0.40130249489532555,0.0
DNS,c2,368,0.23,7.970336732599664e-18,0.9999999997429843,0.4010190081876116,4096,0,0,1.0,0.0,0.0,0,0.0,0.4010190081876116,0.0
DNS,c2,369,0.230625,8.270524455710852e-18,0.9999999997274233,0.40073561174097294,4096,0,0,1.0,0.0,0.0,0,0.0,0.40073561174097294,0.0
DNS,c2,370,0.23125,8.580715841456631e-18,0.9999999997107948,0.4004523078074921,4096,0,0,1.0,0.0,0.0,0,0.0,0.4004523078074921,0.0
DNS,c2,371,0.231875,8.901188736244175e-18,0.9999999996930212,0.40016909864108385,4096,0,0,1.0,0.0,0.0,0,0.0,0.40016909864108385,0.0
DNS,c2,372,0.2325,9.232226394814735e-18,0.9999999996740194,0.39988598649759854,4096,0,0,1.0,0.0,0.0,0,0.0,0.39988598649759854,0.0
DNS,c2,373,0.233125,9.574117494597533e-18,0.9999999996537005,0.3996029736349238,4096,0,0,1.0,0.0,0.0,0,0.0,0.3996029736349238,0.0
DNS,c2,374,0.23375,9.92715614631755e-18,0.999999999631969,0.39932006231308453,4096,0,0,1.0,0.0,0.0,0,0.0,0.39932006231308453,0.0
DNS,c2,375,0.234375,1.0291641900736037e-17,0.9999999996087227,0.3990372547943422,4096,0,0,1.0,0.0,0.0,0,0.0,0.3990372547943422,0.0
DNS,c2,376,0.23500000000000001,1.0667879751403678e-17,0.9999999995838524,0.3987545533432908,4096,0,0,1.0,0.0,0.0,0,0.0,0.3987545533432908,0.0
DNS,c2,377,0.235625,1.1056180133307474e-17,0.9999999995572412,0.3984719602269536,4096,0,0,1.0,0.0,0.0,0,0.0,0.3984719602269536,0.0
DNS,c2,378,0.23625000000000002,1.1456858917293824e-17,0.9999999995287636,0.3981894777148756,4096,0,0,1.0,0.0,0.0,0,0.0,0.3981894777148756,0.0
DNS,c2,379,0.236875,1.1870237400151793e-17,0.999999999498286,0.39790710807921703,4096,0,0,1.0,0.0,0.0,0,0.0,0.39790710807921703,0.0
DNS,c2,380,0.23750000000000002,1.2296642290242283e-17,0.9999999994730744,0.3976248535948428,4096,0,0,1.0,0.0,0.0,0,0.0,0.3976248535948428,0.0
DNS,c2,381,0.238125,1.273640568856069e-17,0.9999999994484817,0.39734271653941156,4096,0,0,1.0,0.0,0.0,0,0.0,0.39734271653941156,0.0
DNS,c2,382,0.23875000000000002,1.3189865065122708e-17,0.9999999994225071,0.3970606991934632,4096,0,0,1.0,0.0,0.0,0,0.0,0.3970606991934632,0.0
DNS,c2,383,0.239375,1.3657363230565163e-17,0.9999999993950593,0.3967788038405034,4096,0,0,1.0,0.0,0.0,0,0.0,0.3967788038405034,0.0
DNS,c2,384,0.24,1.4139248302856148e-17,0.9999999993660411,0.39649703276708786,4096,0,0,1.0,0.0,0.0,0,0.0,0.39649703276708786,0.0
DNS,c2,385,0.240625,1.4635873669011348e-17,0.9999999993353484,0.3962153882629035,4096,0,0,1.0,0.0,0.0,0,0.0,0.3962153882629035,0.0
DNS,c2,386,0.24125,1.5147597941716123e-17,0.9999999993028702,0.3959338726208485,4096,0,0,1.0,0.0,0.0,0,0.0,0.3959338726208485,0.0
DNS,c2,387,0.241875,1.5674784910755952e-17,0.9999999992684876,0.39565248813711057,4096,0,0,1.0,0.0,0.0,0,0.0,0.39565248813711057,0.0
DNS,c2,388,0.2425,1.619127768534899e-17,0.9999999992320737,0.39537123711124306,4096,0,0,1.0,0.0,0.0,0,0.0,0.39537123711124306,0.0
DNS,c2,389,0.243125,1.6616939427497592e-17,0.9999999991934932,0.39509012184623876,4096,0,0,1.0,0.0,0.0,0,0.0,0.39509012184623876,0.0
DNS,c2,390,0.24375,1.7071376939211433e-17,0.9999999991526016,0.3948091446486031,4096,0,0,1.0,0.0,0.0,0,0.0,0.3948091446486031,0.0
DNS,c2,391,0.244375,1.7556557470405633e-17,0.9999999991092444,0.3945283078284241,4096,0,0,1.0,0.0,0.0,0,0.0,0.3945283078284241,0.0
DNS,c2,392,0.245,1.8074564677442773e-17,0.999999999063257,0.39424761369944084,4096,0,0,1.0,0.0,0.0,0,0.0,0.39424761369944084,0.0
DNS,c2,393,0.245625,1.8627605059040846e-17,0.9999999990144637,0.3939670645791101,4096,0,0,1.0,0.0,0.0,0,0.0,0.3939670645791101,0.0
DNS,c2,394,0.24625,1.921801473170936e-17,0.999999998962677,0.3936866627886712,4096,0,0,1.0,0.0,0.0,0,0.0,0.3936866627886712,0.0
DNS,c2,395,0.246875,1.98482665614436e-17,0.9999999989076971,0.39340641065320775,4096,0,0,1.0,0.0,0.0,0,0.0,0.39340641065320775,0.0
DNS,c2,396,0.2475,2.0520977669167673e-17,0.9999999988493109,0.3931263105017089,4096,0,0,1.0,0.0,0.0,0,0.0,0.3931263105017089,0.0
DNS,c2,397,0.248125,2.1238917328209504e-17,0.9999999987872913,0.3928463646671273,4096,0,0,1.0,0.0,0.0,0,0.0,0.3928463646671273,0.0
DNS,c2,398,0.24875,2.2005015272917e-17,0.9999999987213962,0.3925665754864357,4096,0,0,1.0,0.0,0.0,0,0.0,0.3925665754864357,0.0
DNS,c2,399,0.249375,2.282237043838492e-17,0.9999999986513677,0.3922869453006809,4096,0,0,1.0,0.0,0.0,0,0.0,0.3922869453006809,0.0
DNS,c2,400,0.25,2.3694260152158493e-17,0.999999998576931,0.39200747645503653,4096,0,0,1.0,0.0,0.0,0,0.0,0.39200747645503653,0.0
DNS,c2,401,0.250625,2.4624149799713293e-17,0.9999999984977936,0.3917281712988522,4096,0,0,1.0,0.0,0.0,0,0.0,0.3917281712988522,0.0
DNS,c2,402,0.25125000000000003,2.5615702986483366e-17,0.9999999984136441,0.39144903218570204,4096,0,0,1.0,0.0,0.0,0,0.0,0.39144903218570204,0.0
DNS,c2,403,0.251875,2.652857230985149e-17,0.9999999983241509,0.39117006147343064,4096,0,0,1.0,0.0,0.0,0,0.0,0.39117006147343064,0.0
DNS,c2,404,0.2525,2.737895416692849e-17,0.9999999982289612,0.39089126152419584,4096,0,0,1.0,0.0,0.0,0,0.0,0.39089126152419584,0.0
DNS,c2,405,0.253125,2.818937271349058e-17,0.9999999981276998,0.3906126347045108,4096,0,0,1.0,0.0,0.0,0,0.0,0.3906126347045108,0.0
DNS,c2,406,0.25375000000000003,2.884446508246043e-17,0.9999999980199674,0.39033418338528303,4096,0,0,1.0,0.0,0.0,0,0.0,0.39033418338528303,0.0
DNS,c2,407,0.254375,2.9512816133009915e-17,0.9999999979232836,0.3900559099418513,4096,0,0,1.0,0.0,0.0,0,0.0,0.3900559099418513,0.0
DNS,c2,408,0.255,3.019466827251128e-17,0.9999999978376818,0.38977781675402035,4096,0,0,1.0,0.0,0.0,0,0.0,0.38977781675402035,0.0
DNS,c2,409,0.255625,3.089026715171976e-17,0.9999999977476874,0.389499906206094,4096,0,0,1.0,0.0,0.0,0,0.0,0.389499906206094,0.0
DNS,c2,410,0.25625,3.1599861621420944e-17,0.9999999976530314,0.38922218068690445,4096,0,0,1.0,0.0,0.0,0,0.0,0.38922218068690445,0.0
DNS,c2,411,0.256875,3.2323703684655095e-17,0.9999999975534273,0.38894464258984124,4096,0,0,1.0,0.0,0.0,0,0.0,0.38894464258984124,0.0
DNS,c2,412,0.2575,3.3062048444455185e-17,0.9999999974485707,0.38866729431287667,4096,0,0,1.0,0.0,0.0,0,0.0,0.38866729431287667,0.0
DNS,c2,413,0.258125,3.374814662448776e-17,0.999999997338138,0.3883901382585889,4096,0,0,1.0,0.0,0.0,0,0.0,0.3883901382585889,0.0
DNS,c2,414,0.25875,3.4411499690180897e-17,0.9999999972217853,0.38811317683418406,4096,0,0,1.0,0.0,0.0,0,0.0,0.38811317683418406,0.0
DNS,c2,415,0.259375,3.5122817227489075e-17,0.9999999970991471,0.38783641245151407,4096,0,0,1.0,0.0,0.0,0,0.0,0.38783641245151407,0.0
DNS,c2,416,0.26,3.588521255363289e-17,0.999999996969835,0.3875598475270939,4096,0,0,1.0,0.0,0.0,0,0.0,0.3875598475270939,0.0
DNS,c2,417,0.260625,3.6701968710036245e-17,0.9999999968334365,0.38728348448211536,4096,0,0,1.0,0.0,0.0,0,0.0,0.38728348448211536,0.0
DNS,c2,418,0.26125,3.757654731928969e-17,0.9999999966895138,0.3870073257424597,4096,0,0,1.0,0.0,0.0,0,0.0,0.3870073257424597,0.0
DNS,c2,419,0.261875,3.8512597887143926e-17,0.9999999965376016,0.3867313737387061,4096,0,0,1.0,0.0,0.0,0,0.0,0.3867313737387061,0.0
DNS,c2,420,0.2625,3.9513967570279366e-17,0.9999999963772064,0.38645563090613966,4096,0,0,1.0,0.0,0.0,0,0.0,0.38645563090613966,0.0
DNS,c2,421,0.263125,4.0403318036751173e-17,0.9999999962078042,0.38618009968475575,4096,0,0,1.0,0.0,0.0,0,0.0,0.38618009968475575,0.0
DNS,c2,422,0.26375,4.130135580896041e-17,0.9999999960288393,0.3859047825192629,4096,0,0,1.0,0.0,0.0,0,0.0,0.3859047825192629,0.0
DNS,c2,423,0.264375,4.221688741624615e-17,0.999999995839722,0.38562968185908203,4096,0,0,1.0,0.0,0.0,0,0.0,0.38562968185908203,0.0
DNS,c2,424,0.265,4.315019938417795e-17,0.9999999956398271,0.38535480015834495,4096,0,0,1.0,0.0,0.0,0,0.0,0.38535480015834495,0.0
DNS,c2,425,0.265625,4.410158022968562e-17,0.9999999954284916,0.3850801398758888,4096,0,0,1.0,0.0,0.0,0,0.0,0.3850801398758888,0.0
DNS,c2,426,0.26625,4.507132034180627e-17,0.9999999952050127,0.38480570347524945,4096,0,0,1.0,0.0,0.0,0,0.0,0.38480570347524945,0.0
DNS,c2,427,0.26687500000000003,4.6059711857541497e-17,0.9999999949686457,0.3845314934246516,4096,0,0,1.0,0.0,0.0,0,0.0,0.3845314934246516,0.0
DNS,c2,428,0.2675,4.7067048532838365e-17,0.9999999947186015,0.38425751219699633,4096,0,0,1.0,0.0,0.0,0,0.0,0.38425751219699633,0.0
DNS,c2,429,0.268125,4.809362560871336e-17,0.9999999944540441,0.3839837622698472,4096,0,0,1.0,0.0,0.0,0,0.0,0.3839837622698472,0.0
DNS,c2,430,0.26875,4.913973967254391e-17,0.9999999941740885,0.38371024612541316,4096,0,0,1.0,0.0,0.0,0,0.0,0.38371024612541316,0.0
DNS,c2,431,0.26937500000000003,5.0205688514557776e-17,0.9999999938777973,0.3834369662505284,4096,0,0,1.0,0.0,0.0,0,0.0,0.3834369662505284,0.0
DNS,c2,432,0.27,5.1291770979555826e-17,0.9999999935641783,0.38316392513663156,4096,0,0,1.0,0.0,0.0,0,0.0,0.38316392513663156,0.0
DNS,c2,433,0.270625,5.2398286813909637e-17,0.9999999932321818,0.3828911252797405,4096,0,0,1.0,0.0,0.0,0,0.0,0.3828911252797405,0.0
DNS,c2,434,0.27125,5.35255365078807e-17,0.9999999929556601,0.3826185691804258,4096,0,0,1.0,0.0,0.0,0,0.0,0.3826185691804258,0.0
DNS,c2,435,0.27187500000000003,5.467382113331371e-17,0.9999999926966407,0.38234625934378147,4096,0,0,1.0,0.0,0.0,0,0.0,0.38234625934378147,0.0
DNS,c2,436,0.2725,5.584344217676187e-17,0.9999999924253397,0.38207419827939304,4096,0,0,1.0,0.0,0.0,0,0.0,0.38207419827939304,0.0
DNS,c2,437,0.273125,5.703470136810799e-17,0.999999992141052,0.3818023885013034,4096,0,0,1.0,0.0,0.0,0,0.0,0.3818023885013034,0.0
DNS,c2,438,0.27375,5.824790050475033e-17,0.9999999918430311,0.38153083252797565,4096,0,0,1.0,0.0,0.0,0,0.0,0.38153083252797565,0.0
DNS,c2,439,0.274375,5.94833412714281e-17,0.999999991530487,0.3812595328822545,4096,0,0,1.0,0.0,0.0,0,0.0,0.3812595328822545,0.0
DNS,c2,440,0.275,6.074132505576676e-17,0.9999999912025835,0.3809884920913238,4096,0,0,1.0,0.0,0.0,0,0.0,0.3809884920913238,0.0
DNS,c2,441,0.275625,6.202215275962884e-17,0.999999990858436,0.3807177126866629,4096,0,0,1.0,0.0,0.0,0,0.0,0.3807177126866629,0.0
DNS,c2,442,0.27625,6.332612460636153e-17,0.9999999904971085,0.38044719720399933,4096,0,0,1.0,0.0,0.0,0,0.0,0.38044719720399933,0.0
DNS,c2,443,0.276875,6.46535399440375e-17,0.9999999901176113,0.38017694818326025,4096,0,0,1.0,0.0,0.0,0,0.0,0.38017694818326025,0.0
DNS,c2,444,0.2775,6.600469704479102e-17,0.9999999897188978,0.37990696816851977,4096,0,0,1.0,0.0,0.0,0,0.0,0.37990696816851977,0.0
DNS,c2,445,0.278125,6.737989290035661e-17,0.9999999892998616,0.3796372597079458,4096,0,0,1.0,0.0,0.0,0,0.0,0.3796372597079458,0.0
DNS,c2,446,0.27875,6.877942301392255e-17,0.9999999888593334,0.37936782535374247,4096,0,0,1.0,0.0,0.0,0,0.0,0.37936782535374247,0.0
DNS,c2,447,0.279375,7.0203581188417e-17,0.9999999883960776,0.37909866766209116,4096,0,0,1.0,0.0,0.0,0,0.0,0.37909866766209116,0.0
DNS,c2,448,0.28,7.165265931134949e-17,0.999999987908789,0.3788297891930892,4096,0,0,1.0,0.0,0.0,0,0.0,0.3788297891930892,0.0
DNS,c2,449,0.280625,7.312694713633539e-17,0.9999999873960889,0.37856119251068493,4096,0,0,1.0,0.0,0.0,0,0.0,0.37856119251068493,0.0
DNS,c2,450,0.28125,7.462673206143608e-17,0.9999999868565215,0.3782928801826117,4096,0,0,1.0,0.0,0.0,0,0.0,0.3782928801826117,0.0
DNS,c2,451,0.281875,7.615229890445222e-17,0.9999999862885498,0.3780248547803184,4096,0,0,1.0,0.0,0.0,0,0.0,0.3780248547803184,0.0
DNS,c2,452,0.28250000000000003,7.770392967531241e-17,0.9999999856905518,0.3777571188788976,4096,0,0,1.0,0.0,0.0,0,0.0,0.3777571188788976,0.0
DNS,c2,453,0.283125,7.928190334570401e-17,0.9999999850608157,0.377489675057012,4096,0,0,1.0,0.0,0.0,0,0.0,0.377489675057012,0.0
DNS,c2,454,0.28375,8.088649561609732e-17,0.9999999843975355,0.3772225258968172,4096,0,0,1.0,0.0,0.0,0,0.0,0.3772225258968172,0.0
DNS,c2,455,0.284375,8.251797868031903e-17,0.9999999836988063,0.3769556739838832,4096,0,0,1.0,0.0,0.0,0,0.0,0.3769556739838832,0.0
DNS,c2,456,0.28500000000000003,8.417662098783481e-17,0.9999999829626195,0.37668912190711257,4096,0,0,1.0,0.0,0.0,0,0.0,0.37668912190711257,0.0
DNS,c2,457,0.285625,8.586268700390507e-17,0.9999999821868573,0.37642287225865617,4096,0,0,1.0,0.0,0.0,0,0.0,0.37642287225865617,0.0
DNS,c2,458,0.28625,8.757643696778227e-17,0.9999999813692875,0.37615692763382763,4096,0,0,1.0,0.0,0.0,0,0.0,0.37615692763382763,0.0
DNS,c2,459,0.286875,8.93181266491215e-17,0.9999999805075577,0.37589129063101356,4096,0,0,1.0,0.0,0.0,0,0.0,0.37589129063101356,0.0
DNS,c2,460,0.28750000000000003,9.108800710278029e-17,0.9999999796768647,0.3756259638515826,4096,0,0,1.0,0.0,0.0,0,0.0,0.3756259638515826,0.0
DNS,c2,461,0.288125,9.288632442218691e-17,0.9999999790110059,0.3753609498997917,4096,0,0,1.0,0.0,0.0,0,0.0,0.3753609498997917,0.0
DNS,c2,462,0.28875,9.471331949145988e-17,0.9999999783159487,0.37509625138269004,4096,0,0,1.0,0.0,0.0,0,0.0,0.37509625138269004,0.0
DNS,c2,463,0.289375,9.656922773646475e-17,0.999999977590116,0.37483187091001996,4096,0,0,1.0,0.0,0.0,0,0.0,0.37483187091001996,0.0
DNS,c2,464,0.29,9.84542788749974e-17,0.999999976831845,0.3745678110941165,4096,0,0,1.0,0.0,0.0,0,0.0,0.3745678110941165,0.0
DNS,c2,465,0.290625,1.0036869666628589e-16,0.9999999760393818,0.3743040745498038,4096,0,0,1.0,0.0,0.0,0,0.0,0.3743040745498038,0.0
DNS,c2,466,0.29125,1.0231269866000584e-16,0.9999999752108779,0.37404066389428925,4096,0,0,1.0,0.0,0.0,0,0.0,0.37404066389428925,0.0
DNS,c2,467,0.291875,1.0428649594500687e-16,0.9999999743443847,0.3737775817470552,4096,0,0,1.0,0.0,0.0,0,0.0,0.3737775817470552,0.0
DNS,c2,468,0.2925,1.0629029289795009e-16,0.999999973437849,0.3735148307297486,4096,0,0,1.0,0.0,0.0,0,0.0,0.3735148307297486,0.0
DNS,c2,469,0.293125,1.0832428693205887e-16,0.9999999724891078,0.3732524134660683,4096,0,0,1.0,0.0,0.0,0,0.0,0.3732524134660683,0.0
DNS,c2,470,0.29375,1.1038866824618741e-16,0.9999999714958828,0.37299033258164926,4096,0,0,1.0,0.0,0.0,0,0.0,0.37299033258164926,0.0
DNS,c2,471,0.294375,1.1248361957441306e-16,0.999999970455775,0.37272859070394504,4096,0,0,1.0,0.0,0.0,0,0.0,0.37272859070394504,0.0
DNS,c2,472,0.295,1.146093159363607e-16,0.9999999693662586,0.37246719046210847,4096,0,0,1.0,0.0,0.0,0,0.0,0.37246719046210847,0.0
DNS,c2,473,0.295625,1.1676592438846848e-16,0.9999999682246749,0.3722061344868687,4096,0,0,1.0,0.0,0.0,0,0.0,0.3722061344868687,0.0
DNS,c2,474,0.29625,1.18953603776406e-16,0.999999967028226,0.37194542541040676,4096,0,0,1.0,0.0,0.0,0,0.0,0.37194542541040676,0.0
DNS,c2,475,0.296875,1.2117250448885651e-16,0.9999999657739683,0.37168506586622935,4096,0,0,1.0,0.0,0.0,0,0.0,0.37168506586622935,0.0
DNS,c2,476,0.2975,1.2342276821287672e-16,0.9999999644588055,0.37142505848903884,4096,0,0,1.0,0.0,0.0,0,0.0,0.37142505848903884,0.0
DNS,c2,477,0.29812500000000003,1.257045276910473e-16,0.9999999630794811,0.3711654059146026,4096,0,0,1.0,0.0,0.0,0,0.0,0.3711654059146026,0.0
DNS,c2,478,0.29875,1.2801790648062875e-16,0.9999999616325714,0.3709061107796191,4096,0,0,1.0,0.0,0.0,0,0.0,0.3709061107796191,0.0
DNS,c2,479,0.299375,1.3036301871493724e-16,0.9999999601144772,0.3706471757215819,4096,0,0,1.0,0.0,0.0,0,0.0,0.3706471757215819,0.0
DNS,c2,480,0.3,1.3273996886715498e-16,0.999999958521416,0.37038860337864193,4096,0,0,1.0,0.0,0.0,0,0.0,0.37038860337864193,0.0
DNS,c2,481,0.30062500000000003,1.351488515167901e-16,0.9999999568494131,0.37013039638946726,4096,0,0,1.0,0.0,0.0,0,0.0,0.37013039638946726,0.0
DNS,c2,482,0.30125,1.3758975111900036e-16,0.9999999550942932,0.36987255739310027,4096,0,0,1.0,0.0,0.0,0,0.0,0.36987255739310027,0.0
DNS,c2,483,0.301875,1.4006274177699495e-16,0.999999953251671,0.36961508902881346,4096,0,0,1.0,0.0,0.0,0,0.0,0.36961508902881346,0.0
DNS,c2,484,0.3025,1.4256788701772755e-16,0.9999999513169416,0.36935799393596264,4096,0,0,1.0,0.0,0.0,0,0.0,0.36935799393596264,0.0
DNS,c2,485,0.30312500000000003,1.451052395710932e-16,0.9999999492852707,0.3691012747538378,4096,0,0,1.0,0.0,0.0,0,0.0,0.3691012747538378,0.0
DNS,c2,486,0.30375,1.476748411528407e-16,0.9999999472714233,0.36884493412151276,4096,0,0,1.0,0.0,0.0,0,0.0,0.36884493412151276,0.0
DNS,c2,487,0.304375,1.5027672225141038e-16,0.9999999457196475,0.36858897467769125,4096,0,0,1.0,0.0,0.0,0,0.0,0.36858897467769125,0.0
DNS,c2,488,0.305,1.5291090191890629e-16,0.9999999441043569,0.36833339906055246,4096,0,0,1.0,0.0,0.0,0,0.0,0.36833339906055246,0.0
DNS,c2,489,0.305625,1.5557738756640952e-16,0.9999999424223082,0.3680782099075939,4096,0,0,1.0,0.0,0.0,0,0.0,0.3680782099075939,0.0
DNS,c2,490,0.30625,1.5785923380984583e-16,0.9999999406700927,0.3678234098554715,4096,0,0,1.0,0.0,0.0,0,0.0,0.3678234098554715,0.0
DNS,c2,491,0.306875,1.5941485411203758e-16,0.999999938844129,0.36756900153983935,4096,0,0,1.0,0.0,0.0,0,0.0,0.36756900153983935,0.0
DNS,c2,492,0.3075,1.6114501428799439e-16,0.9999999369406547,0.36731498759518577,4096,0,0,1.0,0.0,0.0,0,0.0,0.36731498759518577,0.0
DNS,c2,493,0.308125,1.6305845649991428e-16,0.9999999349557185,0.36706137065466843,4096,0,0,1.0,0.0,0.0,0,0.0,0.36706137065466843,0.0
DNS,c2,494,0.30875,1.6516431473004149e-16,0.9999999328851711,0.3668081533499472,4096,0,0,1.0,0.0,0.0,0,0.0,0.3668081533499472,0.0
DNS,c2,495,0.309375,1.6747213326834776e-16,0.9999999307246569,0.3665553383110153,4096,0,0,1.0,0.0,0.0,0,0.0,0.3665553383110153,0.0
DNS,c2,496,0.31,1.6999188600734708e-16,0.999999928469604,0.36630292816602805,4096,0,0,1.0,0.0,0.0,0,0.0,0.36630292816602805,0.0
DNS,c2,497,0.310625,1.7273399657613045e-16,0.9999999261152149,0.3660509255411304,4096,0,0,1.0,0.0,0.0,0,0.0,0.3660509255411304,0.0
DNS,c2,498,0.31125,1.7570935934692211e-16,0.9999999236564567,0.3657993330602819,4096,0,0,1.0,0.0,0.0,0,0.0,0.3657993330602819,0.0
DNS,c2,499,0.311875,1.7892936134871687e-16,0.9999999210880502,0.3655481533450805,4096,0,0,1.0,0.0,0.0,0,0.0,0.3655481533450805,0.0
DNS,c2,500,0.3125,1.8240590512385884e-16,0.9999999184044591,0.3652973890145842,4096,0,0,1.0,0.0,0.0,0,0.0,0.3652973890145842,0.0
DNS,c2,501,0.313125,1.861514325647681e-16,0.999999915599879,0.36504704268513094,4096,0,0,1.0,0.0,0.0,0,0.0,0.36504704268513094,0.0
DNS,c2,502,0.31375000000000003,1.881234108751781e-16,0.9999999126682255,0.36479711697015677,4096,0,0,1.0,0.0,0.0,0,0.0,0.36479711697015677,0.0
DNS,c2,503,0.314375,1.8986332362990405e-16,0.9999999096031221,0.36454761448001227,4096,0,0,1.0,0.0,0.0,0,0.0,0.36454761448001227,0.0
DNS,c2,504,0.315,1.9161907829441627e-16,0.9999999063978875,0.36429853782177735,4096,0,0,1.0,0.0,0.0,0,0.0,0.36429853782177735,0.0
DNS,c2,505,0.315625,1.9339079580039302e-16,0.9999999030455224,0.36404988959907414,4096,0,0,1.0,0.0,0.0,0,0.0,0.36404988959907414,0.0
DNS,c2,506,0.31625000000000003,1.9517859009823774e-16,0.9999998995386965,0.3638016724118788,4096,0,0,1.0,0.0,0.0,0,0.0,0.3638016724118788,0.0
DNS,c2,507,0.316875,1.969825679351136e-16,0.9999998958697336,0.3635538888563306,4096,0,0,1.0,0.0,0.0,0,0.0,0.3635538888563306,0.0
DNS,c2,508,0.3175,1.9880282863703702e-16,0.9999998920305975,0.363306541524541,4096,0,0,1.0,0.0,0.0,0,0.0,0.363306541524541,0.0
DNS,c2,509,0.318125,2.006394638952316e-16,0.9999998880128766,0.3630596330043995,4096,0,0,1.0,0.0,0.0,0,0.0,0.3630596330043995,0.0
DNS,c2,510,0.31875000000000003,2.0249255755693887e-16,0.9999998838077684,0.36281316587937906,4096,0,0,1.0,0.0,0.0,0,0.0,0.36281316587937906,0.0
DNS,c2,511,0.319375,2.0436218542087934e-16,0.9999998794060629,0.3625671427283398,4096,0,0,1.0,0.0,0.0,0,0.0,0.3625671427283398,0.0
DNS,c2,512,0.32,2.0624841503755194e-16,0.999999875325263,0.3623215661253307,4096,0,0,1.0,0.0,0.0,0,0.0,0.3623215661253307,0.0
DNS,c2,513,0.320625,2.0815130551455642e-16,0.9999998720047757,0.36207643863939043,4096,0,0,1.0,0.0,0.0,0,0.0,0.36207643863939043,0.0
DNS,c2,514,0.32125,2.1007090732711821e-16,0.9999998685564058,0.3618317628343469,4096,0,0,1.0,0.0,0.0,0,0.0,0.3618317628343469,0.0
DNS,c2,515,0.321875,2.120072621339908e-16,0.9999998649739571,0.36158754126861453,4096,0,0,1.0,0.0,0.0,0,0.0,0.36158754126861453,0.0
DNS,c2,516,0.3225,2.1396040259890541e-16,0.9999998612509386,0.36134377649499105,4096,0,0,1.0,0.0,0.0,0,0.0,0.36134377649499105,0.0
DNS,c2,517,0.323125,2.1593035221773366e-16,0.9999998573805522,0.36110047106045245,4096,0,0,1.0,0.0,0.0,0,0.0,0.36110047106045245,0.0
DNS,c2,518,0.32375,2.1791712515152253e-16,0.9999998533556792,0.3608576275059472,4096,0,0,1.0,0.0,0.0,0,0.0,0.3608576275059472,0.0
DNS,c2,519,0.324375,2.1992072606555695e-16,0.9999998491688675,0.36061524836618825,4096,0,0,1.0,0.0,0.0,0,0.0,0.36061524836618825,0.0
DNS,c2,520,0.325,2.2194114997459918e-16,0.9999998448123172,0.360373336169445,4096,0,0,1.0,0.0,0.0,0,0.0,0.360373336169445,0.0
DNS,c2,521,0.325625,2.2397838209444896e-16,0.9999998402778659,0.36013189343733293,4096,0,0,1.0,0.0,0.0,0,0.0,0.36013189343733293,0.0
DNS,c2,522,0.32625,2.2603239769996303e-16,0.9999998355569742,0.3598909226846031,4096,0,0,1.0,0.0,0.0,0,0.0,0.3598909226846031,0.0
DNS,c2,523,0.326875,2.281031619896663e-16,0.99999983064071,0.35965042641892947,4096,0,0,1.0,0.0,0.0,0,0.0,0.35965042641892947,0.0
DNS,c2,524,0.3275,2.3019062995708215e-16,0.9999998255197319,0.35941040714069605,4096,0,0,1.0,0.0,0.0,0,0.0,0.35941040714069605,0.0
DNS,c2,525,0.328125,2.322947462689031e-16,0.9999998201842732,0.3591708673427826,4096,0,0,1.0,0.0,0.0,0,0.0,0.3591708673427826,0.0
DNS,c2,526,0.32875,2.3441544515011594e-16,0.9999998146241244,0.3589318095103491,4096,0,0,1.0,0.0,0.0,0,0.0,0.3589318095103491,0.0
DNS,c2,527,0.32937500000000003,2.3655265027619237e-16,0.9999998088286147,0.3586932361206195,4096,0,0,1.0,0.0,0.0,0,0.0,0.3586932361206195,0.0
DNS,c2,528,0.33,2.387062746724463e-16,0.9999998027865946,0.35845514964266456,4096,0,0,1.0,0.0,0.0,0,0.0,0.35845514964266456,0.0
DNS,c2,529,0.330625,2.4087622062065645e-16,0.9999997964864156,0.3582175525371838,4096,0,0,1.0,0.0,0.0,0,0.0,0.3582175525371838,0.0
DNS,c2,530,0.33125,2.4306237957304424e-16,0.9999997899159111,0.3579804472562859,4096,0,0,1.0,0.0,0.0,0,0.0,0.3579804472562859,0.0
DNS,c2,531,0.33187500000000003,2.4526463207369125e-16,0.9999997830623758,0.35774383624326955,4096,0,0,1.0,0.0,0.0,0,0.0,0.35774383624326955,0.0
DNS,c2,532,0.3325,2.474828476874754e-16,0.9999997759125441,0.3575077219324019,4096,0,0,1.0,0.0,0.0,0,0.0,0.3575077219324019,0.0
DNS,c2,533,0.333125,2.4971688493659714e-16,0.9999997684525685,0.3572721067486977,4096,0,0,1.0,0.0,0.0,0,0.0,0.3572721067486977,0.0
DNS,c2,534,0.33375,2.5196659124476103e-16,0.999999760667997,0.35703699310769677,4096,0,0,1.0,0.0,0.0,0,0.0,0.35703699310769677,0.0
DNS,c2,535,0.33437500000000003,2.542318028890727e-16,0.9999997525437492,0.35680238341524134,4096,0,0,1.0,0.0,0.0,0,0.0,0.35680238341524134,0.0
DNS,c2,536,0.335,2.5651234495970304e-16,0.9999997440640923,0.35656828006725233,4096,0,0,1.0,0.0,0.0,0,0.0,0.35656828006725233,0.0
DNS,c2,537,0.335625,2.5880803132736617e-16,0.9999997352126164,0.35633468544950475,4096,0,0,1.0,0.0,0.0,0,0.0,0.35633468544950475,0.0
DNS,c2,538,0.33625,2.611186646186514e-16,0.9999997282504989,0.35610160193740364,4096,0,0,1.0,0.0,0.0,0,0.0,0.35610160193740364,0.0
DNS,c2,539,0.336875,2.634440361992421e-16,0.9999997216555017,0.35586903189575836,4096,0,0,1.0,0.0,0.0,0,0.0,0.35586903189575836,0.0
DNS,c2,540,0.3375,2.657839261650484e-16,0.9999997148198907,0.35563697767855684,4096,0,0,1.0,0.0,0.0,0,0.0,0.35563697767855684,0.0
DNS,c2,541,0.338125,2.6813810334127455e-16,0.999999707732577,0.35540544162873944,4096,0,0,1.0,0.0,0.0,0,0.0,0.35540544162873944,0.0
DNS,c2,542,0.33875,2.705063252894347e-16,0.9999997003819785,0.35517442607797184,4096,0,0,1.0,0.0,0.0,0,0.0,0.35517442607797184,0.0
DNS,c2,543,0.339375,2.728883383223243e-16,0.9999996927560013,0.35494393334641855,4096,0,0,1.0,0.0,0.0,0,0.0,0.35494393334641855,0.0
DNS,c2,544,0.34,2.7528387752694926e-16,0.9999996848420191,0.3547139657425153,4096,0,0,1.0,0.0,0.0,0,0.0,0.3547139657425153,0.0
DNS,c2,545,0.340625,2.7769266679540644e-16,0.9999996766268524,0.3544845255627411,4096,0,0,1.0,0.0,0.0,0,0.0,0.3544845255627411,0.0
DNS,c2,546,0.34125,2.801144188637051e-16,0.9999996680967479,0.3542556150913906,4096,0,0,1.0,0.0,0.0,0,0.0,0.3542556150913906,0.0
DNS,c2,547,0.341875,2.825488353585104e-16,0.9999996592373557,0.354027236600346,4096,0,0,1.0,0.0,0.0,0,0.0,0.354027236600346,0.0
DNS,c2,548,0.3425,2.849956068517853e-16,0.9999996500337066,0.3537993923488483,4096,0,0,1.0,0.0,0.0,0,0.0,0.3537993923488483,0.0
DNS,c2,549,0.343125,2.874544129233007e-16,0.9999996404701891,0.35357208458326933,4096,0,0,1.0,0.0,0.0,0,0.0,0.35357208458326933,0.0
DNS,c2,550,0.34375,2.899249222309766e-16,0.9999996305305243,0.3533453155368831,4096,0,0,1.0,0.0,0.0,0,0.0,0.3533453155368831,0.0
DNS,c2,551,0.344375,2.92406792589012e-16,0.9999996201977415,0.3531190874296371,4096,0,0,1.0,0.0,0.0,0,0.0,0.3531190874296371,0.0
DNS,c2,552,0.34500000000000003,2.9489967105375495e-16,0.9999996094541515,0.35289340246792406,4096,0,0,1.0,0.0,0.0,0,0.0,0.35289340246792406,0.0
DNS,c2,553,0.345625,2.974031940172577e-16,0.9999995982813203,0.35266826284435293,4096,0,0,1.0,0.0,0.0,0,0.0,0.35266826284435293,0.0
DNS,c2,554,0.34625,2.9991698730845624e-16,0.9999995866600419,0.3524436707375213,4096,0,0,1.0,0.0,0.0,0,0.0,0.3524436707375213,0.0
DNS,c2,555,0.346875,3.0244066630190805e-16,0.9999995745703087,0.3522196283117862,4096,0,0,1.0,0.0,0.0,0,0.0,0.3522196283117862,0.0
DNS,c2,556,0.34750000000000003,3.0497383603401575e-16,0.9999995619912834,0.351996137717037,4096,0,0,1.0,0.0,0.0,0,0.0,0.351996137717037,0.0
DNS,c2,557,0.348125,3.0751609132665823e-16,0.9999995489012674,0.3517732010884667,4096,0,0,1.0,0.0,0.0,0,0.0,0.3517732010884667,0.0
DNS,c2,558,0.34875,3.100670169181462e-16,0.9999995352776706,0.35155082054634507,4096,0,0,1.0,0.0,0.0,0,0.0,0.35155082054634507,0.0
DNS,c2,559,0.349375,3.1262618760141296e-16,0.9999995210969784,0.35132899819579105,4096,0,0,1.0,0.0,0.0,0,0.0,0.35132899819579105,0.0
DNS,c2,560,0.35000000000000003,3.1519316836934594e-16,0.9999995063347191,0.3511077361265459,4096,0,0,1.0,0.0,0.0,0,0.0,0.3511077361265459,0.0
DNS,c2,561,0.350625,3.177675145671588e-16,0.9999994909654293,0.35088703641274704,4096,0,0,1.0,0.0,0.0,0,0.0,0.35088703641274704,0.0
DNS,c2,562,0.35125,3.2018666628402775e-16,0.9999994749626184,0.3506669011127018,4096,0,0,1.0,0.0,0.0,0,0.0,0.3506669011127018,0.0
DNS,c2,563,0.351875,3.2142408154810064e-16,0.9999994604040442,0.3504473322686621,4096,0,0,1.0,0.0,0.0,0,0.0,0.3504473322686621,0.0
DNS,c2,564,0.3525,3.2298145398766265e-16,0.9999994485415968,0.3502283319065995,4096,0,0,1.0,0.0,0.0,0,0.0,0.3502283319065995,0.0
DNS,c2,565,0.353125,3.248705004031176e-16,0.9999994362706879,0.350009902035981,4096,0,0,1.0,0.0,0.0,0,0.0,0.350009902035981,0.0
DNS,c2,566,0.35375,3.271034268103099e-16,0.9999994235733455,0.34979204464954494,4096,0,0,1.0,0.0,0.0,0,0.0,0.34979204464954494,0.0
DNS,c2,567,0.354375,3.2969295029526206e-16,0.9999994104308466,0.3495747617230789,4096,0,0,1.0,0.0,0.0,0,0.0,0.3495747617230789,0.0
DNS,c2,568,0.355,3.3265232168974723e-16,0.9999993968236898,0.3493580552151967,4096,0,0,1.0,0.0,0.0,0,0.0,0.3493580552151967,0.0
DNS,c2,569,0.355625,3.3599534909684674e-16,0.9999993827315669,0.3491419270671174,4096,0,0,1.0,0.0,0.0,0,0.0,0.3491419270671174,0.0
DNS,c2,570,0.35625,3.3973642229664086e-16,0.9999993681333339,0.3489263792024448,4096,0,0,1.0,0.0,0.0,0,0.0,0.3489263792024448,0.0
DNS,c2,571,0.356875,3.43811692072885e-16,0.9999993530069812,0.34871141352694757,4096,0,0,1.0,0.0,0.0,0,0.0,0.34871141352694757,0.0
DNS,c2,572,0.3575,3.46435124319772e-16,0.9999993373296023,0.3484970319283404,4096,0,0,1.0,0.0,0.0,0,0.0,0.3484970319283404,0.0
DNS,c2,573,0.358125,3.490598981968032e-16,0.9999993210773623,0.3482832362760668,4096,0,0,1.0,0.0,0.0,0,0.0,0.3482832362760668,0.0
DNS,c2,574,0.35875,3.516854604864895e-16,0.9999993042254649,0.3480700284210818,4096,0,0,1.0,0.0,0.0,0,0.0,0.3480700284210818,0.0
DNS,c2,575,0.359375,3.543112511286045e-16,0.9999992867481187,0.34785741019563704,4096,0,0,1.0,0.0,0.0,0,0.0,0.34785741019563704,0.0
DNS,c2,576,0.36,3.5693670346292927e-16,0.9999992686185023,0.34764538341306545,4096,0,0,1.0,0.0,0.0,0,0.0,0.34764538341306545,0.0
DNS,c2,577,0.36062500000000003,3.5956124447681314e-16,0.9999992498087288,0.3474339498675687,4096,0,0,1.0,0.0,0.0,0,0.0,0.3474339498675687,0.0
DNS,c2,578,0.36125,3.5857102626424425e-16,0.9999992302898083,0.34722311133400474,4096,0,0,1.0,0.0,0.0,0,0.0,0.34722311133400474,0.0
DNS,c2,579,0.361875,3.57240315341324e-16,0.9999992100316106,0.3470128695676773,4096,0,0,1.0,0.0,0.0,0,0.0,0.3470128695676773,0.0
DNS,c2,580,0.3625,3.561891282775307e-16,0.9999991890028258,0.3468032263041264,4096,0,0,1.0,0.0,0.0,0,0.0,0.3468032263041264,0.0
DNS,c2,581,0.36312500000000003,3.5542603941877445e-16,0.999999167170924,0.3465941832589201,4096,0,0,1.0,0.0,0.0,0,0.0,0.3465941832589201,0.0
DNS,c2,582,0.36375,3.549599727108296e-16,0.999999144502114,0.34638574212744844,4096,0,0,1.0,0.0,0.0,0,0.0,0.34638574212744844,0.0
DNS,c2,583,0.364375,3.5480021799311683e-16,0.9999991209613013,0.3461779045847174,4096,0,0,1.0,0.0,0.0,0,0.0,0.3461779045847174,0.0
DNS,c2,584,0.365,3.5495644787712063e-16,0.9999990965120433,0.34597067228514666,4096,0,0,1.0,0.0,0.0,0,0.0,0.34597067228514666,0.0
DNS,c2,585,0.36562500000000003,3.554387352297464e-16,0.9999990711165054,0.3457640468623661,4096,0,0,1.0,0.0,0.0,0,0.0,0.3457640468623661,0.0
DNS,c2,586,0.36625,3.562575712826257e-16,0.9999990447354141,0.3455580299290168,4096,0,0,1.0,0.0,0.0,0,0.0,0.3455580299290168,0.0
DNS,c2,587,0.366875,3.574238843891022e-16,0.9999990173280097,0.3453526230765513,4096,0,0,1.0,0.0,0.0,0,0.0,0.3453526230765513,0.0
DNS,c2,588,0.3675,3.5894905945137413e-16,0.9999989902858277,0.34514782787503745,4096,0,0,1.0,0.0,0.0,0,0.0,0.34514782787503745,0.0
DNS,c2,589,0.368125,3.60844958041031e-16,0.9999989700762136,0.34494364587296267,4096,0,0,1.0,0.0,0.0,0,0.0,0.34494364587296267,0.0
DNS,c2,590,0.36875,3.6312393923700713e-16,0.9999989492066509,0.3447400785970411,4096,0,0,1.0,0.0,0.0,0,0.0,0.3447400785970411,0.0
DNS,c2,591,0.369375,3.6579888120577833e-16,0.9999989276493558,0.3445371275520217,4096,0,0,1.0,0.0,0.0,0,0.0,0.3445371275520217,0.0
DNS,c2,592,0.37,3.6888320354945214e-16,0.9999989053754516,0.3443347942204994,4096,0,0,1.0,0.0,0.0,0,0.0,0.3443347942204994,0.0
DNS,c2,593,0.370625,3.7239089044825084e-16,0.999998882354931,0.3441330800627265,4096,0,0,1.0,0.0,0.0,0,0.0,0.3441330800627265,0.0
DNS,c2,594,0.37125,3.763365146247534e-16,0.9999988585566186,0.34393198651642853,4096,0,0,1.0,0.0,0.0,0,0.0,0.34393198651642853,0.0
DNS,c2,595,0.371875,3.8073526215815454e-16,0.9999988339481317,0.3437315149966196,4096,0,0,1.0,0.0,0.0,0,0.0,0.3437315149966196,0.0
DNS,c2,596,0.3725,3.8560295817771233e-16,0.9999988084958396,0.3435316668954222,4096,0,0,1.0,0.0,0.0,0,0.0,0.3435316668954222,0.0
DNS,c2,597,0.373125,3.9073299659812466e-16,0.9999987821648224,0.3433324435818869,4096,0,0,1.0,0.0,0.0,0,0.0,0.3433324435818869,0.0
DNS,c2,598,0.37375,3.878118983387634e-16,0.9999987549188286,0.34313384640181677,4096,0,0,1.0,0.0,0.0,0,0.0,0.34313384640181677,0.0
DNS,c2,599,0.374375,3.851617074387921e-16,0.999998726720231,0.34293587667759184,4096,0,0,1.0,0.0,0.0,0,0.0,0.34293587667759184,0.0
DNS,c2,600,0.375,3.8278921653428136e-16,0.9999986975299822,0.34273853570799717,4096,0,0,1.0,0.0,0.0,0,0.0,0.34273853570799717,0.0
DNS,c2,601,0.375625,3.8070149736578945e-16,0.9999986673075678,0.34254182476805295,4096,0,0,1.0,0.0,0.0,0,0.0,0.34254182476805295,0.0
DNS,c2,602,0.37625000000000003,3.789059141511113e-16,0.9999986360109596,0.34234574510884697,4096,0,0,1.0,0.0,0.0,0,0.0,0.34234574510884697,0.0
DNS,c2,603,0.376875,3.774101374079292e-16,0.9999986035965664,0.3421502979573696,4096,0,0,1.0,0.0,0.0,0,0.0,0.3421502979573696,0.0
DNS,c2,604,0.3775,3.7622215824168883e-16,0.9999985700191845,0.34195548451635155,4096,0,0,1.0,0.0,0.0,0,0.0,0.34195548451635155,0.0
DNS,c2,605,0.378125,3.753503031145537e-16,0.9999985352319455,0.3417613059641033,4096,0,0,1.0,0.0,0.0,0,0.0,0.3417613059641033,0.0
DNS,c2,606,0.37875000000000003,3.748032491118369e-16,0.9999984991862644,0.3415677634543587,4096,0,0,1.0,0.0,0.0,0,0.0,0.3415677634543587,0.0
DNS,c2,607,0.379375,3.7459003972286516e-16,0.999998461831785,0.34137485811611934,4096,0,0,1.0,0.0,0.0,0,0.0,0.34137485811611934,0.0
DNS,c2,608,0.38,3.747201011538016e-16,0.9999984231163247,0.34118259105350335,4096,0,0,1.0,0.0,0.0,0,0.0,0.34118259105350335,0.0
DNS,c2,609,0.380625,3.752032591905392e-16,0.9999983829858171,0.34099096334559575,4096,0,0,1.0,0.0,0.0,0,0.0,0.34099096334559575,0.0
DNS,c2,610,0.38125000000000003,3.7604975663037656e-16,0.9999983413842539,0.3407999760463023,4096,0,0,1.0,0.0,0.0,0,0.0,0.3407999760463023,0.0
DNS,c2,611,0.381875,3.7727027130180155e-16,0.9999982982536249,0.3406096301842056,4096,0,0,1.0,0.0,0.0,0,0.0,0.3406096301842056,0.0
DNS,c2,612,0.3825,3.7887593469233655e-16,0.9999982535338563,0.34041992676242483,4096,0,0,1.0,0.0,0.0,0,0.0,0.34041992676242483,0.0
DNS,c2,613,0.383125,3.8087835120504404e-16,0.999998207513247,0.3402308667584776,4096,0,0,1.0,0.0,0.0,0,0.0,0.3402308667584776,0.0
DNS,c2,614,0.38375000000000004,3.832896180649495e-16,0.9999981747020441,0.3400424511241453,4096,0,0,1.0,0.0,0.0,0,0.0,0.3400424511241453,0.0
DNS,c2,615,0.384375,3.8612234589731303e-16,0.9999981408707139,0.3398546807853413,4096,0,0,1.0,0.0,0.0,0,0.0,0.3398546807853413,0.0
DNS,c2,616,0.385,3.8938968000037186e-16,0.9999981059780908,0.3396675566419825,4096,0,0,1.0,0.0,0.0,0,0.0,0.3396675566419825,0.0
DNS,c2,617,0.385625,3.9310532233588187e-16,0.9999980699814826,0.3394810795678631,4096,0,0,1.0,0.0,0.0,0,0.0,0.3394810795678631,0.0
DNS,c2,618,0.38625,3.9728355426150833e-16,0.9999980328366223,0.33929525041053266,4096,0,0,1.0,0.0,0.0,0,0.0,0.33929525041053266,0.0
DNS,c2,619,0.386875,3.9938254197593843e-16,0.9999979944976186,0.3391100699911767,4096,0,0,1.0,0.0,0.0,0,0.0,0.3391100699911767,0.0
DNS,c2,620,0.3875,3.958959767121955e-16,0.9999979549169055,0.3389255391045004,4096,0,0,1.0,0.0,0.0,0,0.0,0.3389255391045004,0.0
DNS,c2,621,0.388125,3.9268601075053874e-16,0.9999979140451895,0.33874165851861604,4096,0,0,1.0,0.0,0.0,0,0.0,0.33874165851861604,0.0
DNS,c2,622,0.38875,3.897584543442486e-16,0.999997871831397,0.3385584289749335,4096,0,0,1.0,0.0,0.0,0,0.0,0.3385584289749335,0.0
DNS,c2,623,0.389375,3.8711936973678007e-16,0.9999978282226194,0.33837585118805374,4096,0,0,1.0,0.0,0.0,0,0.0,0.33837585118805374,0.0
DNS,c2,624,0.39,3.847750830191018e-16,0.9999977831640567,0.3381939258456666,4096,0,0,1.0,0.0,0.0,0,0.0,0.3381939258456666,0.0
DNS,c2,625,0.390625,3.8273219635849e-16,0.9999977365989603,0.33801265360845095,4096,0,0,1.0,0.0,0.0,0,0.0,0.33801265360845095,0.0
DNS,c2,626,0.39125,3.8099760061130396e-16,0.9999976884685735,0.337832035109979,4096,0,0,1.0,0.0,0.0,0,0.0,0.337832035109979,0.0
DNS,c2,627,0.39187500000000003,3.7957848833268935e-16,0.9999976387120716,0.33765207095662375,4096,0,0,1.0,0.0,0.0,0,0.0,0.33765207095662375,0.0
DNS,c2,628,0.3925,3.7848236719658344e-16,0.9999975872664997,0.3374727617274704,4096,0,0,1.0,0.0,0.0,0,0.0,0.3374727617274704,0.0
DNS,c2,629,0.393125,3.7771707383983557e-16,0.9999975340667091,0.33729410797423076,4096,0,0,1.0,0.0,0.0,0,0.0,0.33729410797423076,0.0
DNS,c2,630,0.39375,3.7729078814470276e-16,0.9999974790452925,0.3371161102211614,4096,0,0,1.0,0.0,0.0,0,0.0,0.3371161102211614,0.0
DNS,c2,631,0.39437500000000003,3.772120479744378e-16,0.9999974221325172,0.3369387689649859,4096,0,0,1.0,0.0,0.0,0,0.0,0.3369387689649859,0.0
DNS,c2,632,0.395,3.774897643771546e-16,0.9999973632562569,0.3367620846748201,4096,0,0,1.0,0.0,0.0,0,0.0,0.3367620846748201,0.0
DNS,c2,633,0.395625,3.7813323727363183e-16,0.999997302341922,0.33658605779210166,4096,0,0,1.0,0.0,0.0,0,0.0,0.33658605779210166,0.0
DNS,c2,634,0.39625,3.79152171645203e-16,0.9999972393123878,0.3364106887305226,4096,0,0,1.0,0.0,0.0,0,0.0,0.3364106887305226,0.0
DNS,c2,635,0.39687500000000003,3.805566942383795e-16,0.9999971740879217,0.3362359778759666,4096,0,0,1.0,0.0,0.0,0,0.0,0.3362359778759666,0.0
DNS,c2,636,0.3975,3.823573708033582e-16,0.9999971065861075,0.3360619255864487,4096,0,0,1.0,0.0,0.0,0,0.0,0.3360619255864487,0.0
DNS,c2,637,0.398125,3.845652238840856e-16,0.9999970367217698,0.33588853219206044,4096,0,0,1.0,0.0,0.0,0,0.0,0.33588853219206044,0.0
DNS,c2,638,0.39875,3.8719175117807814e-16,0.9999969644068945,0.3357157979949176,4096,0,0,1.0,0.0,0.0,0,0.0,0.3357157979949176,0.0
DNS,c2,639,0.39937500000000004,3.9024894448473625e-16,0.9999969124006626,0.33554372326911214,4096,0,0,1.0,0.0,0.0,0,0.0,0.33554372326911214,0.0
DNS,c2,640,0.4,3.937493092614423e-16,0.9999968598501197,0.3353723082606683,4096,0,0,1.0,0.0,0.0,0,0.0,0.3353723082606683,0.0
DNS,c2,641,0.400625,3.9084407580667857e-16,0.9999968057255343,0.3352015531875022,4096,0,0,1.0,0.0,0.0,0,0.0,0.3352015531875022,0.0
DNS,c2,642,0.40125,3.8706957254004433e-16,0.9999967499661554,0.33503145823938585,4096,0,0,1.0,0.0,0.0,0,0.0,0.33503145823938585,0.0
DNS,c2,643,0.401875,3.835670611649893e-16,0.9999966925091172,0.33486202357791467,4096,0,0,1.0,0.0,0.0,0,0.0,0.33486202357791467,0.0
DNS,c2,644,0.4025,3.8034132451451857e-16,0.9999966332893773,0.3346932493364791,4096,0,0,1.0,0.0,0.0,0,0.0,0.3346932493364791,0.0
DNS,c2,645,0.403125,3.7739736918112605e-16,0.9999965722396532,0.33452513562024044,4096,0,0,1.0,0.0,0.0,0,0.0,0.33452513562024044,0.0
DNS,c2,646,0.40375,3.7474043572222013e-16,0.9999965092903578,0.3343576825061106,4096,0,0,1.0,0.0,0.0,0,0.0,0.3343576825061106,0.0
DNS,c2,647,0.404375,3.7237600916290674e-16,0.9999964443695324,0.3341908900427354,4096,0,0,1.0,0.0,0.0,0,0.0,0.3341908900427354,0.0
DNS,c2,648,0.405,3.7030982980612553e-16,0.9999963774027794,0.3340247582504828,4096,0,0,1.0,0.0,0.0,0,0.0,0.3340247582504828,0.0
DNS,c2,649,0.405625,3.685479043604524e-16,0.9999963083131922,0.3338592871214347,4096,0,0,1.0,0.0,0.0,0,0.0,0.3338592871214347,0.0
DNS,c2,650,0.40625,3.670965173962087e-16,0.9999962370212845,0.3336944766193826,4096,0,0,1.0,0.0,0.0,0,0.0,0.3336944766193826,0.0
DNS,c2,651,0.406875,3.6596224314084745e-16,0.9999961634449173,0.33353032667982785,4096,0,0,1.0,0.0,0.0,0,0.0,0.33353032667982785,0.0
DNS,c2,652,0.40750000000000003,3.6515195762492487e-16,0.9999960874992243,0.3333668372099858,4096,0,0,1.0,0.0,0.0,0,0.0,0.3333668372099858,0.0
DNS,c2,653,0.408125,3.6467285119030955e-16,0.9999960090965362,0.3332040080887937,4096,0,0,1.0,0.0,0.0,0,0.0,0.3332040080887937,0.0
DNS,c2,654,0.40875,3.645324413726308e-16,0.9999959281463023,0.3330418391669234,4096,0,0,1.0,0.0,0.0,0,0.0,0.3330418391669234,0.0
DNS,c2,655,0.409375,3.647385861703243e-16,0.9999958445550112,0.3328803302667982,4096,0,0,1.0,0.0,0.0,0,0.0,0.3328803302667982,0.0
DNS,c2,656,0.41000000000000003,3.6529949771299637e-16,0.9999957582261095,0.3327194811826125,4096,0,0,1.0,0.0,0.0,0,0.0,0.3327194811826125,0.0
DNS,c2,657,0.410625,3.66223756342195e-16,0.9999956690599183,0.33255929168035775,4096,0,0,1.0,0.0,0.0,0,0.0,0.33255929168035775,0.0
DNS,c2,658,0.41125,3.6752032511805436e-16,0.9999955769535486,0.3323997614978505,4096,0,0,1.0,0.0,0.0,0,0.0,0.3323997614978505,0.0
DNS,c2,659,0.411875,3.691985647656586e-16,0.9999954818008141,0.3322408903447661,4096,0,0,1.0,0.0,0.0,0,0.0,0.3322408903447661,0.0
DNS,c2,660,0.41250000000000003,3.7126824907536083e-16,0.9999953834921427,0.3320826779026758,4096,0,0,1.0,0.0,0.0,0,0.0,0.3320826779026758,0.0
DNS,c2,661,0.413125,3.737395807716877e-16,0.9999952819144857,0.33192512382508815,4096,0,0,1.0,0.0,0.0,0,0.0,0.33192512382508815,0.0
DNS,c2,662,0.41375,3.7210780708050857e-16,0.9999951769512254,0.3317682277374948,4096,0,0,1.0,0.0,0.0,0,0.0,0.3317682277374948,0.0
DNS,c2,663,0.414375,3.680566749673687e-16,0.9999950684820806,0.33161198923741997,4096,0,0,1.0,0.0,0.0,0,0.0,0.33161198923741997,0.0
DNS,c2,664,0.41500000000000004,3.642596854697724e-16,0.999994989493459,0.33145640789447484,4096,0,0,1.0,0.0,0.0,0,0.0,0.33145640789447484,0.0
DNS,c2,665,0.415625,3.6072045461510425e-16,0.9999949109205858,0.33130148325041525,4096,0,0,1.0,0.0,0.0,0,0.0,0.33130148325041525,0.0
DNS,c2,666,0.41625,3.5744278527376115e-16,0.9999948300954673,0.3311472148192039,4096,0,0,1.0,0.0,0.0,0,0.0,0.3311472148192039,0.0
DNS,c2,667,0.416875,3.5443067545736666e-16,0.9999947469345933,0.3309936020870774,4096,0,0,1.0,0.0,0.0,0,0.0,0.3309936020870774,0.0
DNS,c2,668,0.4175,3.5168832684048493e-16,0.9999946613517068,0.330840644512616,4096,0,0,1.0,0.0,0.0,0,0.0,0.330840644512616,0.0
DNS,c2,669,0.418125,3.492201535133778e-16,0.9999945732577288,0.3306883415268187,4096,0,0,1.0,0.0,0.0,0,0.0,0.3306883415268187,0.0
DNS,c2,670,0.41875,3.47030790973578e-16,0.9999944825606819,0.33053669253318196,4096,0,0,1.0,0.0,0.0,0,0.0,0.33053669253318196,0.0
DNS,c2,671,0.419375,3.451251053642841e-16,0.9999943891656119,0.3303856969077826,4096,0,0,1.0,0.0,0.0,0,0.0,0.3303856969077826,0.0
DNS,c2,672,0.42,3.4350820296782105e-16,0.9999942929745077,0.3302353539993645,4096,0,0,1.0,0.0,0.0,0,0.0,0.3302353539993645,0.0
DNS,c2,673,0.420625,3.421854399626495e-16,0.9999941938862197,0.3300856631294301,4096,0,0,1.0,0.0,0.0,0,0.0,0.3300856631294301,0.0
DNS,c2,674,0.42125,3.411624324526506e-16,0.9999940917963762,0.3299366235923355,4096,0,0,1.0,0.0,0.0,0,0.0,0.3299366235923355,0.0
DNS,c2,675,0.421875,3.404450667776625e-16,0.9999939865972983,0.3297882346553889,4096,0,0,1.0,0.0,0.0,0,0.0,0.3297882346553889,0.0
DNS,c2,676,0.4225,3.4003951011449334e-16,0.9999938781779127,0.32964049555895486,4096,0,0,1.0,0.0,0.0,0,0.0,0.32964049555895486,0.0
DNS,c2,677,0.42312500000000003,3.3995222137789257e-16,0.9999937664236628,0.32949340551656064,4096,0,0,1.0,0.0,0.0,0,0.0,0.32949340551656064,0.0
DNS,c2,678,0.42375,3.401899624312188e-16,0.9999936512164177,0.3293469637150079,4096,0,0,1.0,0.0,0.0,0,0.0,0.3293469637150079,0.0
DNS,c2,679,0.424375,3.4075980961680566e-16,0.9999935324343804,0.32920116931448756,4096,0,0,1.0,0.0,0.0,0,0.0,0.32920116931448756,0.0
DNS,c2,680,0.425,3.416691656162923e-16,0.9999934099519924,0.3290560214486991,4096,0,0,1.0,0.0,0.0,0,0.0,0.3290560214486991,0.0
DNS,c2,681,0.42562500000000003,3.429257716514539e-16,0.9999932836398379,0.3289115192249733,4096,0,0,1.0,0.0,0.0,0,0.0,0.3289115192249733,0.0
DNS,c2,682,0.42625,3.4453772003634054e-16,0.9999931533645449,0.32876766172439975,4096,0,0,1.0,0.0,0.0,0,0.0,0.32876766172439975,0.0
DNS,c2,683,0.426875,3.4309242164905143e-16,0.9999930189886853,0.32862444800195645,4096,0,0,1.0,0.0,0.0,0,0.0,0.32862444800195645,0.0
DNS,c2,684,0.4275,3.3902326563947066e-16,0.9999928803706726,0.3284818770866458,4096,0,0,1.0,0.0,0.0,0,0.0,0.3284818770866458,0.0
DNS,c2,685,0.42812500000000003,3.351845193998939e-16,0.9999927373646569,0.32833994798163174,4096,0,0,1.0,0.0,0.0,0,0.0,0.32833994798163174,0.0
DNS,c2,686,0.42875,3.3157880127428245e-16,0.9999925898204192,0.3281986596643829,4096,0,0,1.0,0.0,0.0,0,0.0,0.3281986596643829,0.0
DNS,c2,687,0.429375,3.2820888308122637e-16,0.9999924375832626,0.3280580110868177,4096,0,0,1.0,0.0,0.0,0,0.0,0.3280580110868177,0.0
DNS,c2,688,0.43,3.2507769668579627e-16,0.9999922804939019,0.3279180011754546,4096,0,0,1.0,0.0,0.0,0,0.0,0.3279180011754546,0.0
DNS,c2,689,0.43062500000000004,3.221883407344806e-16,0.9999921645499033,0.32777862883156494,4096,0,0,1.0,0.0,0.0,0,0.0,0.32777862883156494,0.0
DNS,c2,690,0.43125,3.1954408755876833e-16,0.9999920510130028,0.3276398929313299,4096,0,0,1.0,0.0,0.0,0,0.0,0.3276398929313299,0.0
DNS,c2,691,0.431875,3.1714839025309506e-16,0.9999919343567079,0.32750179232600113,4096,0,0,1.0,0.0,0.0,0,0.0,0.32750179232600113,0.0
DNS,c2,692,0.4325,3.150048899330325e-16,0.9999918144697664,0.3273643258420647,4096,0,0,1.0,0.0,0.0,0,0.0,0.3273643258420647,0.0
DNS,c2,693,0.433125,3.1311742317976393e-16,0.9999916912374642,0.32722749228140874,4096,0,0,1.0,0.0,0.0,0,0.0,0.32722749228140874,0.0
DNS,c2,694,0.43375,3.114900296770522e-16,0.9999915645415365,0.32709129042149393,4096,0,0,1.0,0.0,0.0,0,0.0,0.32709129042149393,0.0
DNS,c2,695,0.434375,3.101269600470745e-16,0.9999914342600776,0.32695571901552917,4096,0,0,1.0,0.0,0.0,0,0.0,0.32695571901552917,0.0
DNS,c2,696,0.435,3.090326838916656e-16,0.9999913002674495,0.32682077679264787,4096,0,0,1.0,0.0,0.0,0,0.0,0.32682077679264787,0.0
DNS,c2,697,0.435625,3.082118980456805e-16,0.9999911624341876,0.3266864624580904,4096,0,0,1.0,0.0,0.0,0,0.0,0.3266864624580904,0.0
DNS,c2,698,0.43625,3.076695350493614e-16,0.9999910206269057,0.3265527746933877,4096,0,0,1.0,0.0,0.0,0,0.0,0.3265527746933877,0.0
DNS,c2,699,0.436875,3.074107718467644e-16,0.9999908747081981,0.3264197121565496,4096,0,0,1.0,0.0,0.0,0,0.0,0.3264197121565496,0.0
DNS,c2,700,0.4375,3.0744103871747904e-16,0.9999907245365406,0.32628727348225517,4096,0,0,1.0,0.0,0.0,0,0.0,0.32628727348225517,0.0
DNS,c2,701,0.438125,3.077660284490489e-16,0.9999905699661888,0.3261554572820471,4096,0,0,1.0,0.0,0.0,0,0.0,0.3261554572820471,0.0
DNS,c2,702,0.43875000000000003,3.08391705757681e-16,0.9999904108470756,0.3260242621445289,4096,0,0,1.0,0.0,0.0,0,0.0,0.3260242621445289,0.0
DNS,c2,703,0.439375,3.093243169650109e-16,0.9999902470247054,0.3258936866355648,4096,0,0,1.0,0.0,0.0,0,0.0,0.3258936866355648,0.0
DNS,c2,704,0.44,3.07674094187028e-16,0.9999900783400472,0.325763729298483,4096,0,0,1.0,0.0,0.0,0,0.0,0.325763729298483,0.0
DNS,c2,705,0.440625,3.0378889393586466e-16,0.9999899046294255,0.3256343886542821,4096,0,0,1.0,0.0,0.0,0,0.0,0.3256343886542821,0.0
DNS,c2,706,0.44125000000000003,3.0010659149546337e-16,0.9999897257244091,0.3255056632018396,4096,0,0,1.0,0.0,0.0,0,0.0,0.3255056632018396,0.0
DNS,c2,707,0.441875,2.96628999643776e-16,0.999989541451698,0.3253775514181238,4096,0,0,1.0,0.0,0.0,0,0.0,0.3253775514181238,0.0
DNS,c2,708,0.4425,2.9335805497683357e-16,0.9999893516330081,0.32525005175840893,4096,0,0,1.0,0.0,0.0,0,0.0,0.32525005175840893,0.0
DNS,c2,709,0.443125,2.902958229782281e-16,0.9999891560849532,0.3251231626564916,4096,0,0,1.0,0.0,0.0,0,0.0,0.3251231626564916,0.0
DNS,c2,710,0.44375000000000003,2.8744450320411656e-16,0.9999889546189267,0.3249968825249114,4096,0,0,1.0,0.0,0.0,0,0.0,0.3249968825249114,0.0
DNS,c2,711,0.444375,2.8480643458774296e-16,0.999988747040979,0.324871209755173,4096,0,0,1.0,0.0,0.0,0,0.0,0.324871209755173,0.0
DNS,c2,712,0.445,2.8238410086757874e-16,0.9999885331516942,0.3247461427179714,4096,0,0,1.0,0.0,0.0,0,0.0,0.3247461427179714,0.0
DNS,c2,713,0.445625,2.8018013614328953e-16,0.9999883127460644,0.3246216797634197,4096,0,0,1.0,0.0,0.0,0,0.0,0.3246216797634197,0.0
DNS,c2,714,0.44625000000000004,2.781973305638429e-16,0.9999881454650744,0.32449781922127846,4096,0,0,1.0,0.0,0.0,0,0.0,0.32449781922127846,0.0
DNS,c2,715,0.446875,2.764386361521801e-16,0.9999879863582337,0.3243745594011883,4096,0,0,1.0,0.0,0.0,0,0.0,0.3243745594011883,0.0
DNS,c2,716,0.4475,2.749071727709833e-16,0.9999878230572526,0.32425189859290476,4096,0,0,1.0,0.0,0.0,0,0.0,0.32425189859290476,0.0
DNS,c2,717,0.448125,2.7360623423417887e-16,0.9999876554180811,0.3241298350665344,4096,0,0,1.0,0.0,0.0,0,0.0,0.3241298350665344,0.0
DNS,c2,718,0.44875,2.725392945689278e-16,0.9999874832924217,0.32400836707277436,4096,0,0,1.0,0.0,0.0,0,0.0,0.32400836707277436,0.0
DNS,c2,719,0.449375,2.7171001443296415e-16,0.999987306527628,0.32388749284315294,4096,0,0,1.0,0.0,0.0,0,0.0,0.32388749284315294,0.0
DNS,c2,720,0.45,2.711222476922537e-16,0.9999871249666019,0.3237672105902731,4096,0,0,1.0,0.0,0.0,0,0.0,0.3237672105902731,0.0
DNS,c2,721,0.450625,2.7078004816405687e-16,0.999986938447688,0.32364751850805673,4096,0,0,1.0,0.0,0.0,0,0.0,0.32364751850805673,0.0
DNS,c2,722,0.45125,2.706876765305917e-16,0.9999867468045672,0.3235284147719923,4096,0,0,1.0,0.0,0.0,0,0.0,0.3235284147719923,0.0
DNS,c2,723,0.451875,2.708496074286052e-16,0.9999865498661472,0.32340989753938293,4096,0,0,1.0,0.0,0.0,0,0.0,0.32340989753938293,0.0
DNS,c2,724,0.4525,2.712705367202749e-16,0.9999863474564522,0.32329196494959744,4096,0,0,1.0,0.0,0.0,0,0.0,0.32329196494959744,0.0
DNS,c2,725,0.453125,2.6949818532090563e-16,0.9999861393945098,0.3231746151243219,4096,0,0,1.0,0.0,0.0,0,0.0,0.3231746151243219,0.0
DNS,c2,726,0.45375,2.659326850593457e-16,0.999985925494236,0.32305784616781363,4096,0,0,1.0,0.0,0.0,0,0.0,0.32305784616781363,0.0
DNS,c2,727,0.45437500000000003,2.6254101852145535e-16,0.9999857055643191,0.3229416561671564,4096,0,0,1.0,0.0,0.0,0,0.0,0.3229416561671564,0.0
DNS,c2,728,0.455,2.593243810829288e-16,0.9999854794080999,0.3228260431925174,4096,0,0,1.0,0.0,0.0,0,0.0,0.3228260431925174,0.0
DNS,c2,729,0.455625,2.5628406605669644e-16,0.9999852468234516,0.3227110052974052,4096,0,0,1.0,0.0,0.0,0,0.0,0.3227110052974052,0.0
DNS,c2,730,0.45625,2.534214685035464e-16,0.9999850076026565,0.32259654051892894,4096,0,0,1.0,0.0,0.0,0,0.0,0.32259654051892894,0.0
DNS,c2,731,0.45687500000000003,2.5073808912213483e-16,0.9999847615322811,0.32248264687805966,4096,0,0,1.0,0.0,0.0,0,0.0,0.32248264687805966,0.0
DNS,c2,732,0.4575,2.482355382211782e-16,0.9999845083930489,0.322369322379892,4096,0,0,1.0,0.0,0.0,0,0.0,0.322369322379892,0.0
DNS,c2,733,0.458125,2.459155397766893e-16,0.9999842479597111,0.322256565013907,4096,0,0,1.0,0.0,0.0,0,0.0,0.322256565013907,0.0
DNS,c2,734,0.45875,2.4377993557718566e-16,0.9999839800009156,0.32214437275423635,4096,0,0,1.0,0.0,0.0,0,0.0,0.32214437275423635,0.0
DNS,c2,735,0.45937500000000003,2.4183068945986654e-16,0.9999837042790733,0.32203274355992784,4096,0,0,1.0,0.0,0.0,0,0.0,0.32203274355992784,0.0
DNS,c2,736,0.46,2.400698916408214e-16,0.9999834205502226,0.3219216753752104,4096,0,0,1.0,0.0,0.0,0,0.0,0.3219216753752104,0.0
DNS,c2,737,0.460625,2.384997631424012e-16,0.9999831285638912,0.32181116612976207,4096,0,0,1.0,0.0,0.0,0,0.0,0.32181116612976207,0.0
DNS,c2,738,0.46125,2.3712266032095118e-16,0.9999828280629565,0.3217012137389767,4096,0,0,1.0,0.0,0.0,0,0.0,0.3217012137389767,0.0
DNS,c2,739,0.46187500000000004,2.359410794981699e-16,0.9999825875661427,0.32159181610423243,4096,0,0,1.0,0.0,0.0,0,0.0,0.32159181610423243,0.0
DNS,c2,740,0.4625,2.349576616994287e-16,0.9999823706619102,0.32148297111316076,4096,0,0,1.0,0.0,0.0,0,0.0,0.32148297111316076,0.0
DNS,c2,741,0.463125,2.3417519750245155e-16,0.9999821482691771,0.3213746766399157,4096,0,0,1.0,0.0,0.0,0,0.0,0.3213746766399157,0.0
DNS,c2,742,0.46375,2.335966319998227e-16,0.9999819202061863,0.3212669305454438,4096,0,0,1.0,0.0,0.0,0,0.0,0.3212669305454438,0.0
DNS,c2,743,0.464375,2.3322506987885714e-16,0.9999816862860956,0.32115973067775433,4096,0,0,1.0,0.0,0.0,0,0.0,0.32115973067775433,0.0
DNS,c2,744,0.465,2.330637806224354e-16,0.9999814463168647,0.32105307487219,4096,0,0,1.0,0.0,0.0,0,0.0,0.32105307487219,0.0
DNS,c2,745,0.465625,2.3311620383447105e-16,0.999981200101139,0.3209469609516979,4096,0,0,1.0,0.0,0.0,0,0.0,0.3209469609516979,0.0
DNS,c2,746,0.46625,2.315299743389061e-16,0.9999809474361329,0.3208413867271002,4096,0,0,1.0,0.0,0.0,0,0.0,0.3208413867271002,0.0
DNS,c2,747,0.466875,2.283578522451312e-16,0.9999806881135099,0.32073634999736594,4096,0,0,1.0,0.0,0.0,0,0.0,0.32073634999736594,0.0
DNS,c2,748,0.4675,2.253309316429301e-16,0.9999804219192624,0.3206318485498817,4096,0,0,1.0,0.0,0.0,0,0.0,0.3206318485498817,0.0
DNS,c2,749,0.468125,2.2244995720869556e-16,0.9999801486335871,0.32052788016072303,4096,0,0,1.0,0.0,0.0,0,0.0,0.32052788016072303,0.0
DNS,c2,750,0.46875,2.197157494409476e-16,0.999979868030761,0.32042444259492564,4096,0,0,1.0,0.0,0.0,0,0.0,0.32042444259492564,0.0
DNS,c2,751,0.469375,2.1712920745350356e-16,0.9999795798790133,0.3203215336067562,4096,0,0,1.0,0.0,0.0,0,0.0,0.3203215336067562,0.0
DNS,c2,752,0.47000000000000003,2.14691311821499e-16,0.9999792839403969,0.3202191509399834,4096,0,0,1.0,0.0,0.0,0,0.0,0.3202191509399834,0.0
DNS,c2,753,0.470625,2.1240312748215682e-16,0.9999789799706564,0.32011729232814784,4096,0,0,1.0,0.0,0.0,0,0.0,0.32011729232814784,0.0
DNS,c2,754,0.47125,2.1026580669224366e-16,0.9999786677190954,0.3200159554948327,4096,0,0,1.0,0.0,0.0,0,0.0,0.3200159554948327,0.0
DNS,c2,755,0.471875,2.0828059204419138e-16,0.9999783469284406,0.3199151381539329,4096,0,0,1.0,0.0,0.0,0,0.0,0.3199151381539329,0.0
DNS,c2,756,0.47250000000000003,2.0644881954290253e-16,0.9999780173347046,0.31981483800992466,4096,0,0,1.0,0.0,0.0,0,0.0,0.31981483800992466,0.0
DNS,c2,757,0.473125,2.0477192174529805e-16,0.9999776786670465,0.31971505275813367,4096,0,0,1.0,0.0,0.0,0,0.0,0.31971505275813367,0.0
DNS,c2,758,0.47375,2.0325143096470492e-16,0.9999773306476297,0.3196157800850035,4096,0,0,1.0,0.0,0.0,0,0.0,0.3196157800850035,0.0
DNS,c2,759,0.474375,2.0188898254222067e-16,0.9999769729914789,0.31951701766836255,4096,0,0,1.0,0.0,0.0,0,0.0,0.31951701766836255,0.0
DNS,c2,760,0.47500000000000003,2.0068631818723068e-16,0.9999766054063337,0.3194187631776904,4096,0,0,1.0,0.0,0.0,0,0.0,0.3194187631776904,0.0
DNS,c2,761,0.475625,1.9964528938929215e-16,0.9999762275925005,0.31932101427438425,4096,0,0,1.0,0.0,0.0,0,0.0,0.31932101427438425,0.0
DNS,c2,762,0.47625,1.9876786090363747e-16,0.999975839242703,0.3192237686120228,4096,0,0,1.0,0.0,0.0,0,0.0,0.3192237686120228,0.0
DNS,c2,763,0.476875,1.9805611431258682e-16,0.9999754400419291,0.3191270238366308,4096,0,0,1.0,0.0,0.0,0,0.0,0.3191270238366308,0.0
DNS,c2,764,0.47750000000000004,1.9751225166519746e-16,0.9999750924369597,0.3190307775869414,4096,0,0,1.0,0.0,0.0,0,0.0,0.3190307775869414,0.0
DNS,c2,765,0.478125,1.971385991975138e-16,0.9999748039902596,0.31893502749465874,4096,0,0,1.0,0.0,0.0,0,0.0,0.31893502749465874,0.0
DNS,c2,766,0.47875,1.969376111358191e-16,0.9999745085369918,0.3188397711847176,4096,0,0,1.0,0.0,0.0,0,0.0,0.3188397711847176,0.0
DNS,c2,767,0.479375,1.9586954962163647e-16,0.9999742058531439,0.31874500627554364,4096,0,0,1.0,0.0,0.0,0,0.0,0.31874500627554364,0.0
DNS,c2,768,0.48,1.931146015624293e-16,0.9999738957087486,0.3186507303793114,4096,0,0,1.0,0.0,0.0,0,0.0,0.3186507303793114,0.0
DNS,c2,769,0.480625,1.9047817048410037e-16,0.999973577867759,0.3185569411022013,4096,0,0,1.0,0.0,0.0,0,0.0,0.3185569411022013,0.0
DNS,c2,770,0.48125,1.879606872356873e-16,0.999973252087922,0.31846363604465533,4096,0,0,1.0,0.0,0.0,0,0.0,0.31846363604465533,0.0
DNS,c2,771,0.481875,1.8556264003902775e-16,0.9999729181206503,0.31837081280163115,4096,0,0,1.0,0.0,0.0,0,0.0,0.31837081280163115,0.0
DNS,c2,772,0.4825,1.832845764871384e-16,0.999972575710892,0.31827846896285483,4096,0,0,1.0,0.0,0.0,0,0.0,0.31827846896285483,0.0
DNS,c2,773,0.483125,1.8112710557658899e-16,0.9999722245969987,0.3181866021130722,4096,0,0,1.0,0.0,0.0,0,0.0,0.3181866021130722,0.0
DNS,c2,774,0.48375,1.7909089977512058e-16,0.999971864510591,0.31809520983229855,4096,0,0,1.0,0.0,0.0,0,0.0,0.31809520983229855,0.0
DNS,c2,775,0.484375,1.7717669712577958e-16,0.9999714951764223,0.3180042896960665,4096,0,0,1.0,0.0,0.0,0,0.0,0.3180042896960665,0.0
DNS,c2,776,0.485,1.7538530338886166e-16,0.9999711163122411,0.31791383927567257,4096,0,0,1.0,0.0,0.0,0,0.0,0.31791383927567257,0.0
DNS,c2,777,0.48562500000000003,1.7371759422298237e-16,0.9999707276286509,0.3178238561384219,4096,0,0,1.0,0.0,0.0,0,0.0,0.3178238561384219,0.0
DNS,c2,778,0.48625,1.7217451740661255e-16,0.9999703288289676,0.317734337847871,4096,0,0,1.0,0.0,0.0,0,0.0,0.317734337847871,0.0
DNS,c2,779,0.486875,1.7075709510143829e-16,0.999969919609076,0.3176452819640691,4096,0,0,1.0,0.0,0.0,0,0.0,0.3176452819640691,0.0
DNS,c2,780,0.4875,1.694664261589265e-16,0.9999694996572833,0.31755668604379733,4096,0,0,1.0,0.0,0.0,0,0.0,0.31755668604379733,0.0
DNS,c2,781,0.48812500000000003,1.683036884714973e-16,0.9999690686541712,0.3174685476408059,4096,0,0,1.0,0.0,0.0,0,0.0,0.3174685476408059,0.0
DNS,c2,782,0.48875,1.6727014136972505e-16,0.9999686262724456,0.31738086430605,4096,0,0,1.0,0.0,0.0,0,0.0,0.31738086430605,0.0
DNS,c2,783,0.489375,1.663671280670091e-16,0.9999681721767847,0.31729363358792284,4096,0,0,1.0,0.0,0.0,0,0.0,0.31729363358792284,0.0
DNS,c2,784,0.49,1.6559607815317526e-16,0.9999677060236843,0.31720685303248736,4096,0,0,1.0,0.0,0.0,0,0.0,0.31720685303248736,0.0
DNS,c2,785,0.49062500000000003,1.6495851013848721e-16,0.9999672274613022,0.31712052018370535,4096,0,0,1.0,0.0,0.0,0,0.0,0.31712052018370535,0.0
DNS,c2,786,0.49125,1.6445603404956516e-16,0.9999667361292991,0.3170346325836652,4096,0,0,1.0,0.0,0.0,0,0.0,0.3170346325836652,0.0
DNS,c2,787,0.491875,1.6409035407872747e-16,0.9999662316586789,0.3169491877728066,4096,0,0,1.0,0.0,0.0,0,0.0,0.3169491877728066,0.0
DNS,c2,788,0.4925,1.6377236830239122e-16,0.9999657136716261,0.3168641832901437,4096,0,0,1.0,0.0,0.0,0,0.0,0.3168641832901437,0.0
DNS,c2,789,0.49312500000000004,1.6142338501973683e-16,0.9999652070319571,0.31677961667348586,4096,0,0,1.0,0.0,0.0,0,0.0,0.31677961667348586,0.0
DNS,c2,790,0.49375,1.5916915320534372e-16,0.9999648319308433,0.3166954854596562,4096,0,0,1.0,0.0,0.0,0,0.0,0.3166954854596562,0.0
DNS,c2,791,0.494375,1.5700989554052267e-16,0.9999644480858776,0.3166117871847082,4096,0,0,1.0,0.0,0.0,0,0.0,0.3166117871847082,0.0
DNS,c2,792,0.495,1.5494587708810945e-16,0.999964055226792,0.31652851938413895,4096,0,0,1.0,0.0,0.0,0,0.0,0.31652851938413895,0.0
DNS,c2,793,0.49562500000000004,1.5297740668954067e-16,0.9999636530764809,0.31644567959310144,4096,0,0,1.0,0.0,0.0,0,0.0,0.31644567959310144,0.0
DNS,c2,794,0.49625,1.5110483838296718e-16,0.9999632413508677,0.31636326534661363,4096,0,0,1.0,0.0,0.0,0,0.0,0.31636326534661363,0.0
DNS,c2,795,0.496875,1.493285728431994e-16,0.9999628197587683,0.3162812741797649,4096,0,0,1.0,0.0,0.0,0,0.0,0.3162812741797649,0.0
DNS,c2,796,0.4975,1.476490588442903e-16,0.9999623880017543,0.31619970362792155,4096,0,0,1.0,0.0,0.0,0,0.0,0.31619970362792155,0.0
DNS,c2,797,0.498125,1.460667947455734e-16,0.9999619457740128,0.3161185512269277,4096,0,0,1.0,0.0,0.0,0,0.0,0.3161185512269277,0.0
DNS,c2,798,0.49875,1.445823300019854e-16,0.9999614927622051,0.3160378145133057,4096,0,0,1.0,0.0,0.0,0,0.0,0.3160378145133057,0.0
DNS,c2,799,0.499375,1.4319626669951212e-16,0.9999610286453238,0.3159574910244527,4096,0,0,1.0,0.0,0.0,0,0.0,0.3159574910244527,0.0
DNS,c2,800,0.5,1.419092611166094e-16,0.9999605530945469,0.3158775782988354,4096,0,0,1.0,0.0,0.0,0,0.0,0.3158775782988354,0.0
DNS,c2,801,0.500625,1.4072202531245824e-16,0.9999600657730913,0.3157980738761823,4096,0,0,1.0,0.0,0.0,0,0.0,0.3157980738761823,0.0
DNS,c2,802,0.50125,1.396353287429253e-16,0.9999595663360634,0.31571897529767295,4096,0,0,1.0,0.0,0.0,0,0.0,0.31571897529767295,0.0
DNS,c2,803,0.501875,1.386499999051075e-16,0.9999590544303083,0.315640280106125,4096,0,0,1.0,0.0,0.0,0,0.0,0.315640280106125,0.0
DNS,c2,804,0.5025000000000001,1.3776692801135007e-16,0.9999585296942569,0.31556198584617845,4096,0,0,1.0,0.0,0.0,0,0.0,0.31556198584617845,0.0
DNS,c2,805,0.503125,1.3698706469363393e-16,0.999957991757771,0.31548409006447753,4096,0,0,1.0,0.0,0.0,0,0.0,0.31548409006447753,0.0
DNS,c2,806,0.50375,1.363114257392381e-16,0.9999574402419867,0.3154065903098498,4096,0,0,1.0,0.0,0.0,0,0.0,0.3154065903098498,0.0
DNS,c2,807,0.504375,1.3574109285858911e-16,0.999956874759156,0.315329484133483,4096,0,0,1.0,0.0,0.0,0,0.0,0.315329484133483,0.0
DNS,c2,808,0.505,1.3527721548621684e-16,0.9999562949124854,0.3152527690890984,4096,0,0,1.0,0.0,0.0,0,0.0,0.3152527690890984,0.0
DNS,c2,809,0.505625,1.349210126157432e-16,0.9999557002959747,0.3151764427331224,4096,0,0,1.0,0.0,0.0,0,0.0,0.3151764427331224,0.0
DNS,c2,810,0.50625,1.3381704141870351e-16,0.9999550904942516,0.31510050262485506,4096,0,0,1.0,0.0,0.0,0,0.0,0.31510050262485506,0.0
DNS,c2,811,0.506875,1.3191604536828467e-16,0.9999544650824057,0.31502494632663625,4096,0,0,1.0,0.0,0.0,0,0.0,0.31502494632663625,0.0
DNS,c2,812,0.5075000000000001,1.3008951130462016e-16,0.9999538236258203,0.3149497714040084,4096,0,0,1.0,0.0,0.0,0,0.0,0.3149497714040084,0.0
DNS,c2,813,0.508125,1.2833756166037363e-16,0.9999531656800024,0.3148749754258779,4096,0,0,1.0,0.0,0.0,0,0.0,0.3148749754258779,0.0
DNS,c2,814,0.50875,1.266603503585745e-16,0.9999524907904103,0.31480055596467216,4096,0,0,1.0,0.0,0.0,0,0.0,0.31480055596467216,0.0
DNS,c2,815,0.509375,1.2505806378063917e-16,0.999951944536977,0.3147265105964955,4096,0,0,1.0,0.0,0.0,0,0.0,0.3147265105964955,0.0
DNS,c2,816,0.51,1.2353092174731804e-16,0.9999514557930061,0.3146528369012814,4096,0,0,1.0,0.0,0.0,0,0.0,0.3146528369012814,0.0
DNS,c2,817,0.510625,1.2207917851305981e-16,0.9999509560418939,0.31457953246294235,4096,0,0,1.0,0.0,0.0,0,0.0,0.31457953246294235,0.0
DNS,c2,818,0.51125,1.2070312377429063e-16,0.9999504449560969,0.31450659486951743,4096,0,0,1.0,0.0,0.0,0,0.0,0.31450659486951743,0.0
DNS,c2,819,0.511875,1.1940308369210997e-16,0.9999499222002183,0.3144340217133161,4096,0,0,1.0,0.0,0.0,0,0.0,0.3144340217133161,0.0
DNS,c2,820,0.5125,1.181794219299099e-16,0.9999493874308644,0.31436181059106083,4096,0,0,1.0,0.0,0.0,0,0.0,0.31436181059106083,0.0
DNS,c2,821,0.513125,1.1703254070642927e-16,0.9999488402964993,0.3142899591040253,4096,0,0,1.0,0.0,0.0,0,0.0,0.3142899591040253,0.0
DNS,c2,822,0.51375,1.1596288186475771e-16,0.9999482804372982,0.31421846485817184,4096,0,0,1.0,0.0,0.0,0,0.0,0.31421846485817184,0.0
DNS,c2,823,0.514375,1.1497092795780885e-16,0.9999477074849983,0.3141473254642845,4096,0,0,1.0,0.0,0.0,0,0.0,0.3141473254642845,0.0
DNS,c2,824,0.515,1.1405720335078445e-16,0.9999471210627484,0.3140765385381004,4096,0,0,1.0,0.0,0.0,0,0.0,0.3140765385381004,0.0
DNS,c2,825,0.515625,1.132222753411556e-16,0.9999465207849569,0.31400610170043836,4096,0,0,1.0,0.0,0.0,0,0.0,0.31400610170043836,0.0
DNS,c2,826,0.51625,1.124667552966883e-16,0.9999459062571372,0.31393601257732434,4096,0,0,1.0,0.0,0.0,0,0.0,0.31393601257732434,0.0
DNS,c2,827,0.516875,1.1179129981204425e-16,0.9999452770757519,0.3138662688001147,4096,0,0,1.0,0.0,0.0,0,0.0,0.3138662688001147,0.0
DNS,c2,828,0.5175,1.1119661188448884e-16,0.999944632828055,0.313796868005617,4096,0,0,1.0,0.0,0.0,0,0.0,0.313796868005617,0.0
DNS,c2,829,0.5181250000000001,1.1068344210924023e-16,0.999943973091933,0.3137278078362075,4096,0,0,1.0,0.0,0.0,0,0.0,0.3137278078362075,0.0
DNS,c2,830,0.51875,1.1025258989499441e-16,0.9999432974357425,0.3136590859399469,4096,0,0,1.0,0.0,0.0,0,0.0,0.3136590859399469,0.0
DNS,c2,831,0.519375,1.0990490470016198e-16,0.9999426054181482,0.31359069997069233,4096,0,0,1.0,0.0,0.0,0,0.0,0.31359069997069233,0.0
DNS,c2,832,0.52,1.0874186444239683e-16,0.9999418965879572,0.3135226475882083,4096,0,0,1.0,0.0,0.0,0,0.0,0.3135226475882083,0.0
DNS,c2,833,0.520625,1.0721247664857232e-16,0.999941170483953,0.31345492645827344,4096,0,0,1.0,0.0,0.0,0,0.0,0.31345492645827344,0.0
DNS,c2,834,0.52125,1.0574057688278421e-16,0.9999404266347269,0.3133875342527859,4096,0,0,1.0,0.0,0.0,0,0.0,0.3133875342527859,0.0
DNS,c2,835,0.521875,1.0432622381948122e-16,0.9999396645585075,0.31332046864986596,4096,0,0,1.0,0.0,0.0,0,0.0,0.31332046864986596,0.0
DNS,c2,836,0.5225,1.0296949885835874e-16,0.9999388837629891,0.3132537273339551,4096,0,0,1.0,0.0,0.0,0,0.0,0.3132537273339551,0.0
DNS,c2,837,0.5231250000000001,1.016705067789068e-16,0.999938083745158,0.3131873079959144,4096,0,0,1.0,0.0,0.0,0,0.0,0.3131873079959144,0.0
DNS,c2,838,0.52375,1.0042937640247927e-16,0.9999372639911172,0.31312120833311863,4096,0,0,1.0,0.0,0.0,0,0.0,0.31312120833311863,0.0
DNS,c2,839,0.524375,9.924626126217397e-17,0.9999364239759089,0.31305542604954917,4096,0,0,1.0,0.0,0.0,0,0.0,0.31305542604954917,0.0
DNS,c2,840,0.525,9.812134028081496e-17,0.9999355745681591,0.31298995885588354,4096,0,0,1.0,0.0,0.0,0,0.0,0.31298995885588354,0.0
DNS,c2,841,0.525625,9.705481845732981e-17,0.9999349634312998,0.3129248044695835,4096,0,0,1.0,0.0,0.0,0,0.0,0.3129248044695835,0.0
DNS,c2,842,0.52625,9.604692756181586e-17,0.999934339106504,0.31285996061497945,4096,0,0,1.0,0.0,0.0,0,0.0,0.31285996061497945,0.0
DNS,c2,843,0.526875,9.509792683959041e-17,0.999933701213298,0.3127954250233537,4096,0,0,1.0,0.0,0.0,0,0.0,0.3127954250233537,0.0
DNS,c2,844,0.5275,9.420810372452062e-17,0.9999330493625003,0.3127311954330206,4096,0,0,1.0,0.0,0.0,0,0.0,0.3127311954330206,0.0
DNS,c2,845,0.528125,9.337777456192924e-17,0.9999323831560715,0.3126672695894046,4096,0,0,1.0,0.0,0.0,0,0.0,0.3126672695894046,0.0
DNS,c2,846,0.52875,9.260728534137264e-17,0.9999317021869644,0.31260364524511575,4096,0,0,1.0,0.0,0.0,0,0.0,0.31260364524511575,0.0
DNS,c2,847,0.529375,9.189701243958739e-17,0.9999310060389712,0.3125403201600232,4096,0,0,1.0,0.0,0.0,0,0.0,0.3125403201600232,0.0
DNS,c2,848,0.53,9.124736337390142e-17,0.9999302942865694,0.3124772921013263,4096,0,0,1.0,0.0,0.0,0,0.0,0.3124772921013263,0.0
DNS,c2,849,0.530625,9.065877756640518e-17,0.9999295664947662,0.31241455884362346,4096,0,0,1.0,0.0,0.0,0,0.0,0.31241455884362346,0.0
DNS,c2,850,0.53125,9.013172711917721e-17,0.9999288222189406,0.31235211816897845,4096,0,0,1.0,0.0,0.0,0,0.0,0.31235211816897845,0.0
DNS,c2,851,0.531875,8.966671760085752e-17,0.9999280610046853,0.31228996786698526,4096,0,0,1.0,0.0,0.0,0,0.0,0.31228996786698526,0.0
DNS,c2,852,0.5325,8.92642888448605e-17,0.9999272823876452,0.3122281057348298,4096,0,0,1.0,0.0,0.0,0,0.0,0.3122281057348298,0.0
DNS,c2,853,0.533125,8.892501575951757e-17,0.999926485893355,0.3121665295773504,4096,0,0,1.0,0.0,0.0,0,0.0,0.3121665295773504,0.0
DNS,c2,854,0.5337500000000001,8.808988712711021e-17,0.999925671037076,0.3121052372070956,4096,0,0,1.0,0.0,0.0,0,0.0,0.3121052372070956,0.0
DNS,c2,855,0.534375,8.686272391619646e-17,0.9999248373236297,0.3120442264443797,4096,0,0,1.0,0.0,0.0,0,0.0,0.3120442264443797,0.0
DNS,c2,856,0.535,8.567926620224789e-17,0.9999239842472311,0.3119834951173369,4096,0,0,1.0,0.0,0.0,0,0.0,0.3119834951173369,0.0
DNS,c2,857,0.535625,8.45395336574691e-17,0.9999231112913195,0.3119230410619729,4096,0,0,1.0,0.0,0.0,0,0.0,0.3119230410619729,0.0
DNS,c2,858,0.53625,8.344356187959564e-17,0.9999222179283884,0.3118628621222145,4096,0,0,1.0,0.0,0.0,0,0.0,0.3118628621222145,0.0
DNS,c2,859,0.536875,8.239140282424732e-17,0.9999213036198132,0.3118029561499572,4096,0,0,1.0,0.0,0.0,0,0.0,0.3118029561499572,0.0
DNS,c2,860,0.5375,8.138312524135309e-17,0.9999203678156781,0.3117433210051113,4096,0,0,1.0,0.0,0.0,0,0.0,0.3117433210051113,0.0
DNS,c2,861,0.538125,8.041881511580792e-17,0.9999194099546,0.31168395455564546,4096,0,0,1.0,0.0,0.0,0,0.0,0.31168395455564546,0.0
DNS,c2,862,0.5387500000000001,7.949857611252276e-17,0.999918429463553,0.3116248546776287,4096,0,0,1.0,0.0,0.0,0,0.0,0.3116248546776287,0.0
DNS,c2,863,0.539375,7.862253002602793e-17,0.9999174257576894,0.31156601925527017,4096,0,0,1.0,0.0,0.0,0,0.0,0.31156601925527017,0.0
DNS,c2,864,0.54,7.779081723479033e-17,0.9999163982401599,0.3115074461809579,4096,0,0,1.0,0.0,0.0,0,0.0,0.3115074461809579,0.0
DNS,c2,865,0.540625,7.700359716040422e-17,0.9999153463019327,0.3114491333552945,4096,0,0,1.0,0.0,0.0,0,0.0,0.3114491333552945,0.0
DNS,c2,866,0.54125,7.626104873181456e-17,0.9999143427481632,0.31139107868713245,4096,0,0,1.0,0.0,0.0,0,0.0,0.31139107868713245,0.0
DNS,c2,867,0.541875,7.556337085473111e-17,0.9999135753791026,0.3113332800936063,4096,0,0,1.0,0.0,0.0,0,0.0,0.3113332800936063,0.0
DNS,c2,868,0.5425,7.491078288639025e-17,0.9999127920469061,0.311275735500164,4096,0,0,1.0,0.0,0.0,0,0.0,0.311275735500164,0.0
DNS,c2,869,0.543125,7.430352511582055e-17,0.9999119923070057,0.3112184428405967,4096,0,0,1.0,0.0,0.0,0,0.0,0.3112184428405967,0.0
DNS,c2,870,0.5437500000000001,7.374185924976621e-17,0.9999111757051603,0.3111614000570659,4096,0,0,1.0,0.0,0.0,0,0.0,0.3111614000570659,0.0
DNS,c2,871,0.544375,7.322606890442131e-17,0.9999103417773012,0.3111046051001298,4096,0,0,1.0,0.0,0.0,0,0.0,0.3111046051001298,0.0
DNS,c2,872,0.545,7.275646010312557e-17,0.9999094900493759,0.3110480559287681,4096,0,0,1.0,0.0,0.0,0,0.0,0.3110480559287681,0.0
DNS,c2,873,0.545625,7.233336178017061e-17,0.9999086200371908,0.3109917505104045,4096,0,0,1.0,0.0,0.0,0,0.0,0.3109917505104045,0.0
DNS,c2,874,0.54625,7.195712629086312e-17,0.9999077312462524,0.3109356868209282,4096,0,0,1.0,0.0,0.0,0,0.0,0.3109356868209282,0.0
DNS,c2,875,0.546875,7.162812992798931e-17,0.9999068231716066,0.31087986284471414,4096,0,0,1.0,0.0,0.0,0,0.0,0.31087986284471414,0.0
DNS,c2,876,0.5475,7.126209747893923e-17,0.9999058952976768,0.31082427657464073,4096,0,0,1.0,0.0,0.0,0,0.0,0.31082427657464073,0.0
DNS,c2,877,0.548125,7.0277972110589e-17,0.9999049470981007,0.3107689260121076,4096,0,0,1.0,0.0,0.0,0,0.0,0.3107689260121076,0.0
DNS,c2,878,0.54875,6.932663632727452e-17,0.9999039780355655,0.31071380916705016,4096,0,0,1.0,0.0,0.0,0,0.0,0.31071380916705016,0.0
DNS,c2,879,0.5493750000000001,6.840808728461315e-17,0.999902987561641,0.3106589240579548,4096,0,0,1.0,0.0,0.0,0,0.0,0.3106589240579548,0.0
DNS,c2,880,0.55,6.752233297122931e-17,0.9999019751166124,0.3106042687118708,4096,0,0,1.0,0.0,0.0,0,0.0,0.3106042687118708,0.0
DNS,c2,881,0.550625,6.666939248805872e-17,0.999900940129311,0.3105498411644222,4096,0,0,1.0,0.0,0.0,0,0.0,0.3105498411644222,0.0
DNS,c2,882,0.55125,6.584929632963183e-17,0.9998998820169434,0.3104956394598177,4096,0,0,1.0,0.0,0.0,0,0.0,0.3104956394598177,0.0
DNS,c2,883,0.551875,6.506208666741942e-17,0.9998988001849197,0.3104416616508596,4096,0,0,1.0,0.0,0.0,0,0.0,0.3104416616508596,0.0
DNS,c2,884,0.5525,6.430781763532268e-17,0.99989769402668,0.3103879057989518,4096,0,0,1.0,0.0,0.0,0,0.0,0.3103879057989518,0.0
DNS,c2,885,0.553125,6.358655561738927e-17,0.9998965629235198,0.31033436997410535,4096,0,0,1.0,0.0,0.0,0,0.0,0.31033436997410535,0.0
DNS,c2,886,0.55375,6.289837953783629e-17,0.9998954062444133,0.31028105225494446,4096,0,0,1.0,0.0,0.0,0,0.0,0.31028105225494446,0.0
DNS,c2,887,0.5543750000000001,6.224338115345964e-17,0.9998942233458368,0.3102279507287102,4096,0,0,1.0,0.0,0.0,0,0.0,0.3102279507287102,0.0
DNS,c2,888,0.555,6.162166534850866e-17,0.9998930135715891,0.3101750634912635,4096,0,0,1.0,0.0,0.0,0,0.0,0.3101750634912635,0.0
DNS,c2,889,0.555625,6.103335043210319e-17,0.9998917762526123,0.3101223886470869,4096,0,0,1.0,0.0,0.0,0,0.0,0.3101223886470869,0.0
DNS,c2,890,0.55625,6.047856843826935e-17,0.9998905107068095,0.31006992430928554,4096,0,0,1.0,0.0,0.0,0,0.0,0.31006992430928554,0.0
DNS,c2,891,0.556875,5.995746542866851e-17,0.9998892162388627,0.3100176685995868,4096,0,0,1.0,0.0,0.0,0,0.0,0.3100176685995868,0.0
DNS,c2,892,0.5575,5.947020179809243e-17,0.9998879714826957,0.3099656196483387,4096,0,0,1.0,0.0,0.0,0,0.0,0.3099656196483387,0.0
DNS,c2,893,0.558125,5.901695258279585e-17,0.9998870234583,0.3099137755945081,4096,0,0,1.0,0.0,0.0,0,0.0,0.3099137755945081,0.0
DNS,c2,894,0.55875,5.859790777173606e-17,0.9998860564486742,0.30986213458567746,4096,0,0,1.0,0.0,0.0,0,0.0,0.30986213458567746,0.0
DNS,c2,895,0.5593750000000001,5.82132726207867e-17,0.9998850699426821,0.30981069477804013,4096,0,0,1.0,0.0,0.0,0,0.0,0.30981069477804013,0.0
DNS,c2,896,0.56,5.786326796999124e-17,0.999884063418598,0.30975945433639596,4096,0,0,1.0,0.0,0.0,0,0.0,0.30975945433639596,0.0
DNS,c2,897,0.560625,5.754813056391925e-17,0.9998830363439498,0.30970841143414485,4096,0,0,1.0,0.0,0.0,0,0.0,0.30970841143414485,0.0
DNS,c2,898,0.56125,5.726811337518601e-17,0.9998819881753593,0.30965756425328056,4096,0,0,1.0,0.0,0.0,0,0.0,0.30965756425328056,0.0
DNS,c2,899,0.561875,5.685626703035816e-17,0.9998809183583824,0.3096069109843823,4096,0,0,1.0,0.0,0.0,0,0.0,0.3096069109843823,0.0
DNS,c2,900,0.5625,5.609102299527978e-17,0.9998798263273476,0.3095564498266072,4096,0,0,1.0,0.0,0.0,0,0.0,0.3095564498266072,0.0
DNS,c2,901,0.563125,5.5350087940671844e-17,0.9998787115051927,0.30950617898768046,4096,0,0,1.0,0.0,0.0,0,0.0,0.30950617898768046,0.0
DNS,c2,902,0.56375,5.463345440358344e-17,0.999877573303301,0.3094560966838856,4096,0,0,1.0,0.0,0.0,0,0.0,0.3094560966838856,0.0
DNS,c2,903,0.564375,5.394112224412119e-17,0.9998764111213356,0.30940620114005435,4096,0,0,1.0,0.0,0.0,0,0.0,0.30940620114005435,0.0
DNS,c2,904,0.5650000000000001,5.3273098822956313e-17,0.9998752243470732,0.3093564905895545,4096,0,0,1.0,0.0,0.0,0,0.0,0.3093564905895545,0.0
DNS,c2,905,0.565625,5.2629399179660464e-17,0.9998740123562355,0.30930696327427837,4096,0,0,1.0,0.0,0.0,0,0.0,0.30930696327427837,0.0
DNS,c2,906,0.56625,5.201004621190849e-17,0.9998727745123205,0.30925761744463004,4096,0,0,1.0,0.0,0.0,0,0.0,0.30925761744463004,0.0
DNS,c2,907,0.566875,5.14150708555852e-17,0.9998715101664317,0.3092084513595123,4096,0,0,1.0,0.0,0.0,0,0.0,0.3092084513595123,0.0
DNS,c2,908,0.5675,5.08445122658324e-17,0.999870218657107,0.3091594632863122,4096,0,0,1.0,0.0,0.0,0,0.0,0.3091594632863122,0.0
DNS,c2,909,0.568125,5.0298417999071737e-17,0.9998688993101457,0.3091106515008873,4096,0,0,1.0,0.0,0.0,0,0.0,0.3091106515008873,0.0
DNS,c2,910,0.56875,4.977684419603749e-17,0.9998675514384344,0.30906201428755,4096,0,0,1.0,0.0,0.0,0,0.0,0.30906201428755,0.0
DNS,c2,911,0.569375,4.92798557658527e-17,0.9998661743417726,0.30901354993905245,4096,0,0,1.0,0.0,0.0,0,0.0,0.30901354993905245,0.0
DNS,c2,912,0.5700000000000001,4.880752657118062e-17,0.9998647673066956,0.3089652567565705,4096,0,0,1.0,0.0,0.0,0,0.0,0.3089652567565705,0.0
DNS,c2,913,0.570625,4.835993961448231e-17,0.9998633296062981,0.3089171330496867,4096,0,0,1.0,0.0,0.0,0,0.0,0.3089171330496867,0.0
DNS,c2,914,0.57125,4.793718722540996e-17,0.9998618605000553,0.3088691771363738,4096,0,0,1.0,0.0,0.0,0,0.0,0.3088691771363738,0.0
DNS,c2,915,0.571875,4.75393712493639e-17,0.9998603592336439,0.3088213873429768,4096,0,0,1.0,0.0,0.0,0,0.0,0.3088213873429768,0.0
DNS,c2,916,0.5725,4.716660323723999e-17,0.9998588250387616,0.3087737620041956,4096,0,0,1.0,0.0,0.0,0,0.0,0.3087737620041956,0.0
DNS,c2,917,0.573125,4.6819004636392435e-17,0.9998572571329455,0.30872629946306607,4096,0,0,1.0,0.0,0.0,0,0.0,0.30872629946306607,0.0
DNS,c2,918,0.57375,4.6496706982835374e-17,0.9998556547193903,0.30867899807094185,4096,0,0,1.0,0.0,0.0,0,0.0,0.30867899807094185,0.0
DNS,c2,919,0.574375,4.619985209470503e-17,0.9998544767306146,0.308631856187475,4096,0,0,1.0,0.0,0.0,0,0.0,0.308631856187475,0.0
DNS,c2,920,0.5750000000000001,4.5928592267002255e-17,0.9998533003445562,0.3085848721805969,4096,0,0,1.0,0.0,0.0,0,0.0,0.3085848721805969,0.0
DNS,c2,921,0.575625,4.5683090467633523e-17,0.9998521011595541,0.308538044426498,4096,0,0,1.0,0.0,0.0,0,0.0,0.308538044426498,0.0
DNS,c2,922,0.57625,4.5460521560763904e-17,0.9998508785849612,0.3084913713096082,4096,0,0,1.0,0.0,0.0,0,0.0,0.3084913713096082,0.0
DNS,c2,923,0.576875,4.486243117737516e-17,0.999849632018529,0.3084448512225761,4096,0,0,1.0,0.0,0.0,0,0.0,0.3084448512225761,0.0
DNS,c2,924,0.5775,4.428218056898888e-17,0.9998483608462485,0.30839848256624885,4096,0,0,1.0,0.0,0.0,0,0.0,0.30839848256624885,0.0
DNS,c2,925,0.578125,4.371975936820242e-17,0.9998470644421884,0.30835226374965063,4096,0,0,1.0,0.0,0.0,0,0.0,0.30835226374965063,0.0
DNS,c2,926,0.57875,4.3175161992006206e-17,0.9998457421683337,0.308306193189962,4096,0,0,1.0,0.0,0.0,0,0.0,0.308306193189962,0.0
DNS,c2,927,0.579375,4.264838775185422e-17,0.9998443933744222,0.3082602693124982,4096,0,0,1.0,0.0,0.0,0,0.0,0.3082602693124982,0.0
DNS,c2,928,0.58,4.213944096393703e-17,0.9998430173977805,0.30821449055068767,4096,0,0,1.0,0.0,0.0,0,0.0,0.30821449055068767,0.0
DNS,c2,929,0.5806250000000001,4.16483310596715e-17,0.9998416135631581,0.3081688553460501,4096,0,0,1.0,0.0,0.0,0,0.0,0.3081688553460501,0.0
DNS,c2,930,0.58125,4.117507269642045e-17,0.9998401811825621,0.3081233621481746,4096,0,0,1.0,0.0,0.0,0,0.0,0.3081233621481746,0.0
DNS,c2,931,0.581875,4.0719685868454925e-17,0.9998387195550886,0.3080780094146974,4096,0,0,1.0,0.0,0.0,0,0.0,0.3080780094146974,0.0
DNS,c2,932,0.5825,4.0282196018170855e-17,0.9998372279667552,0.3080327956112795,4096,0,0,1.0,0.0,0.0,0,0.0,0.3080327956112795,0.0
DNS,c2,933,0.583125,3.986263414757121e-17,0.9998357056903314,0.30798771921158424,4096,0,0,1.0,0.0,0.0,0,0.0,0.30798771921158424,0.0
DNS,c2,934,0.58375,3.946103693002377e-17,0.9998341519851681,0.3079427786972549,4096,0,0,1.0,0.0,0.0,0,0.0,0.3079427786972549,0.0
DNS,c2,935,0.584375,3.9077446822303724e-17,0.9998325660970265,0.30789797255789125,4096,0,0,1.0,0.0,0.0,0,0.0,0.30789797255789125,0.0
DNS,c2,936,0.585,3.871191217692948e-17,0.999830947257906,0.30785329929102767,4096,0,0,1.0,0.0,0.0,0,0.0,0.30785329929102767,0.0
DNS,c2,937,0.5856250000000001,3.8364487354798985e-17,0.9998292946858709,0.3078087574021094,4096,0,0,1.0,0.0,0.0,0,0.0,0.3078087574021094,0.0
DNS,c2,938,0.58625,3.8035232838132796e-17,0.9998276075848768,0.30776434540446995,4096,0,0,1.0,0.0,0.0,0,0.0,0.30776434540446995,0.0
DNS,c2,939,0.586875,3.7724215343729147e-17,0.9998258851445954,0.3077200618193079,4096,0,0,1.0,0.0,0.0,0,0.0,0.3077200618193079,0.0
DNS,c2,940,0.5875,3.743150793653507e-17,0.9998241265402394,0.30767590517566373,4096,0,0,1.0,0.0,0.0,0,0.0,0.30767590517566373,0.0
DNS,c2,941,0.588125,3.715719014353648e-17,0.999822330932386,0.3076318740103965,4096,0,0,1.0,0.0,0.0,0,0.0,0.3076318740103965,0.0
DNS,c2,942,0.58875,3.6901348067968916e-17,0.9998204974667995,0.3075879668681606,4096,0,0,1.0,0.0,0.0,0,0.0,0.3075879668681606,0.0
DNS,c2,943,0.589375,3.6664074503849385e-17,0.9998186252742536,0.30754418230138275,4096,0,0,1.0,0.0,0.0,0,0.0,0.30754418230138275,0.0
DNS,c2,944,0.59,3.6445469050828484e-17,0.999816713470353,0.3075005188702383,4096,0,0,1.0,0.0,0.0,0,0.0,0.3075005188702383,0.0
DNS,c2,945,0.5906250000000001,3.624563822936054e-17,0.9998150224883904,0.3074569751426282,4096,0,0,1.0,0.0,0.0,0,0.0,0.3074569751426282,0.0
DNS,c2,946,0.59125,3.6064695596188236e-17,0.9998136101604571,0.30741354969415535,4096,0,0,1.0,0.0,0.0,0,0.0,0.30741354969415535,0.0
DNS,c2,947,0.591875,3.568893643361429e-17,0.9998121715571737,0.30737024110810146,4096,0,0,1.0,0.0,0.0,0,0.0,0.30737024110810146,0.0
DNS,c2,948,0.5925,3.5244879080525894e-17,0.9998107060184613,0.30732704797540383,4096,0,0,1.0,0.0,0.0,0,0.0,0.30732704797540383,0.0
DNS,c2,949,0.593125,3.48137865616752e-17,0.9998092128718599,0.30728396889463183,4096,0,0,1.0,0.0,0.0,0,0.0,0.30728396889463183,0.0
DNS,c2,950,0.59375,3.439565297127473e-17,0.9998076914323695,0.30724100247196373,4096,0,0,1.0,0.0,0.0,0,0.0,0.30724100247196373,0.0
DNS,c2,951,0.594375,3.3990475555123816e-17,0.9998061410022905,0.3071981473211632,4096,0,0,1.0,0.0,0.0,0,0.0,0.3071981473211632,0.0
DNS,c2,952,0.595,3.35982547771015e-17,0.9998045608710631,0.3071554020635566,4096,0,0,1.0,0.0,0.0,0,0.0,0.3071554020635566,0.0
DNS,c2,953,0.595625,3.3218994385570807e-17,0.9998029503151054,0.3071127653280094,4096,0,0,1.0,0.0,0.0,0,0.0,0.3071127653280094,0.0
DNS,c2,954,0.5962500000000001,3.2852701479695946e-17,0.9998013085976513,0.30707023575090314,4096,0,0,1.0,0.0,0.0,0,0.0,0.30707023575090314,0.0
DNS,c2,955,0.596875,3.2499386575673574e-17,0.9997996349685871,0.30702781197611245,4096,0,0,1.0,0.0,0.0,0,0.0,0.30702781197611245,0.0
DNS,c2,956,0.5975,3.2159063672878546e-17,0.9997979286642881,0.30698549265498193,4096,0,0,1.0,0.0,0.0,0,0.0,0.30698549265498193,0.0
DNS,c2,957,0.598125,3.1831750319924146e-17,0.9997961889074524,0.30694327644630326,4096,0,0,1.0,0.0,0.0,0,0.0,0.30694327644630326,0.0
DNS,c2,958,0.59875,3.1517467680636043e-17,0.9997944149069367,0.3069011620162925,4096,0,0,1.0,0.0,0.0,0,0.0,0.3069011620162925,0.0
DNS,c2,959,0.599375,3.121624059993872e-17,0.999792605857589,0.30685914803856684,4096,0,0,1.0,0.0,0.0,0,0.0,0.30685914803856684,0.0
DNS,c2,960,0.6,3.092809766965236e-17,0.999790760940082,0.30681723319412263,4096,0,0,1.0,0.0,0.0,0,0.0,0.30681723319412263,0.0
DNS,c2,961,0.600625,3.0653071294197607e-17,0.9997888793207451,0.3067754161713119,4096,0,0,1.0,0.0,0.0,0,0.0,0.3067754161713119,0.0
DNS,c2,962,0.6012500000000001,3.0391197756204747e-17,0.999786960151396,0.30673369566582054,4096,0,0,1.0,0.0,0.0,0,0.0,0.30673369566582054,0.0
DNS,c2,963,0.601875,3.0142517282023376e-17,0.9997850025691716,0.3066920703806451,4096,0,0,1.0,0.0,0.0,0,0.0,0.3066920703806451,0.0
DNS,c2,964,0.6025,2.9907074107127684e-17,0.9997830056963583,0.3066505390260713,4096,0,0,1.0,0.0,0.0,0,0.0,0.3066505390260713,0.0
DNS,c2,965,0.603125,2.9684916541411756e-17,0.9997809686402215,0.3066091003196513,4096,0,0,1.0,0.0,0.0,0,0.0,0.3066091003196513,0.0
DNS,c2,966,0.60375,2.947609703436859e-17,0.9997788904928353,0.3065677529861811,4096,0,0,1.0,0.0,0.0,0,0.0,0.3065677529861811,0.0
DNS,c2,967,0.604375,2.9280672240145625e-17,0.9997767703309104,0.30652649575767954,4096,0,0,1.0,0.0,0.0,0,0.0,0.30652649575767954,0.0
DNS,c2,968,0.605,2.9098703082468836e-17,0.9997746072156225,0.3064853273733653,4096,0,0,1.0,0.0,0.0,0,0.0,0.3064853273733653,0.0
DNS,c2,969,0.605625,2.893025481942646e-17,0.9997724001924403,0.3064442465796355,4096,0,0,1.0,0.0,0.0,0,0.0,0.3064442465796355,0.0
DNS,c2,970,0.6062500000000001,2.877539710810273e-17,0.999770148290952,0.30640325213004405,4096,0,0,1.0,0.0,0.0,0,0.0,0.30640325213004405,0.0
DNS,c2,971,0.606875,2.863420406905099e-17,0.9997678505246929,0.30636234278527974,4096,0,0,1.0,0.0,0.0,0,0.0,0.30636234278527974,0.0
DNS,c2,972,0.6075,2.8506754350594584e-17,0.9997659803468323,0.306321517313145,4096,0,0,1.0,0.0,0.0,0,0.0,0.306321517313145,0.0
DNS,c2,973,0.608125,2.8393131192943275e-17,0.9997642748591147,0.306280774488534,4096,0,0,1.0,0.0,0.0,0,0.0,0.306280774488534,0.0
DNS,c2,974,0.60875,2.813671086800656e-17,0.9997625387591362,0.30624011309341176,4096,0,0,1.0,0.0,0.0,0,0.0,0.30624011309341176,0.0
DNS,c2,975,0.609375,2.782065975566072e-17,0.9997607713046218,0.3061995319167929,4096,0,0,1.0,0.0,0.0,0,0.0,0.3061995319167929,0.0
DNS,c2,976,0.61,2.7513962428118718e-17,0.9997589717400587,0.30615902975472037,4096,0,0,1.0,0.0,0.0,0,0.0,0.30615902975472037,0.0
DNS,c2,977,0.610625,2.7216617594956522e-17,0.9997571392965394,0.3061186054102443,4096,0,0,1.0,0.0,0.0,0,0.0,0.3061186054102443,0.0
DNS,c2,978,0.61125,2.6928626040444125e-17,0.9997552731916045,0.30607825769340163,4096,0,0,1.0,0.0,0.0,0,0.0,0.30607825769340163,0.0
DNS,c2,979,0.6118750000000001,2.6649990661814238e-17,0.9997533726290843,0.30603798542119504,4096,0,0,1.0,0.0,0.0,0,0.0,0.30603798542119504,0.0
DNS,c2,980,0.6125,2.6380716507317778e-17,0.9997514367989396,0.3059977874175721,4096,0,0,1.0,0.0,0.0,0,0.0,0.3059977874175721,0.0
DNS,c2,981,0.613125,2.6120810814062166e-17,0.9997494648771031,0.3059576625134053,4096,0,0,1.0,0.0,0.0,0,0.0,0.3059576625134053,0.0
DNS,c2,982,0.61375,2.5870283045628045e-17,0.9997474560253184,0.3059176095464707,4096,0,0,1.0,0.0,0.0,0,0.0,0.3059176095464707,0.0
DNS,c2,983,0.614375,2.562914492945964e-17,0.9997454093909801,0.30587762736142865,4096,0,0,1.0,0.0,0.0,0,0.0,0.30587762736142865,0.0
DNS,c2,984,0.615,2.5397410494023576e-17,0.999743324106972,0.30583771480980293,4096,0,0,1.0,0.0,0.0,0,0.0,0.30583771480980293,0.0
DNS,c2,985,0.615625,2.5175096105730657e-17,0.9997411992915058,0.3057978707499606,4096,0,0,1.0,0.0,0.0,0,0.0,0.3057978707499606,0.0
DNS,c2,986,0.61625,2.4962220505614534e-17,0.9997390340479592,0.3057580940470924,4096,0,0,1.0,0.0,0.0,0,0.0,0.3057580940470924,0.0
DNS,c2,987,0.6168750000000001,2.4758804845760927e-17,0.9997368274647125,0.30571838357319236,4096,0,0,1.0,0.0,0.0,0,0.0,0.30571838357319236,0.0
DNS,c2,988,0.6175,2.4564872725480537e-17,0.9997345786149862,0.30567873820703845,4096,0,0,1.0,0.0,0.0,0,0.0,0.30567873820703845,0.0
DNS,c2,989,0.618125,2.4380450227218374e-17,0.9997322865566771,0.3056391568341725,4096,0,0,1.0,0.0,0.0,0,0.0,0.3056391568341725,0.0
DNS,c2,990,0.61875,2.4205565952191758e-17,0.9997299503321948,0.30559963834688075,4096,0,0,1.0,0.0,0.0,0,0.0,0.30559963834688075,0.0
DNS,c2,991,0.619375,2.4040251055748826e-17,0.9997275689682973,0.3055601816441744,4096,0,0,1.0,0.0,0.0,0,0.0,0.3055601816441744,0.0
DNS,c2,992,0.62,2.3884539282438863e-17,0.9997251414759265,0.3055207856317703,4096,0,0,1.0,0.0,0.0,0,0.0,0.3055207856317703,0.0
DNS,c2,993,0.620625,2.373846700078533e-17,0.9997226668500434,0.30548144922207116,4096,0,0,1.0,0.0,0.0,0,0.0,0.30548144922207116,0.0
DNS,c2,994,0.62125,2.3602073237751957e-17,0.9997201440694633,0.30544217133414664,4096,0,0,1.0,0.0,0.0,0,0.0,0.30544217133414664,0.0
DNS,c2,995,0.6218750000000001,2.347539971289179e-17,0.9997175720966902,0.3054029508937145,4096,0,0,1.0,0.0,0.0,0,0.0,0.3054029508937145,0.0
DNS,c2,996,0.6225,2.3358490872168585e-17,0.9997149498777518,0.3053637868331208,4096,0,0,1.0,0.0,0.0,0,0.0,0.3053637868331208,0.0
DNS,c2,997,0.623125,2.3251393921439394e-17,0.9997122763420335,0.3053246780913217,4096,0,0,1.0,0.0,0.0,0,0.0,0.3053246780913217,0.0
DNS,c2,998,0.62375,2.3154158859586755e-17,0.9997095504021131,0.30528562361386397,4096,0,0,1.0,0.0,0.0,0,0.0,0.30528562361386397,0.0
DNS,c2,999,0.624375,2.306683851128829e-17,0.9997072997545471,0.30524662235286676,4096,0,0,1.0,0.0,0.0,0,0.0,0.30524662235286676,0.0
DNS,c2,1000,0.625,2.298948855941104e-17,0.9997052648403966,0.305207673267002,4096,0,0,1.0,0.0,0.0,0,0.0,0.305207673267002,0.0
DNS,c2,1001,0.625625,2.292216757701735e-17,0.9997031947387777,0.30516877532147685,4096,0,0,1.0,0.0,0.0,0,0.0,0.30516877532147685,0.0
DNS,c2,1002,0.62625,2.286493705896851e-17,0.9997010886248455,0.30512992748801404,4096,0,0,1.0,0.0,0.0,0,0.0,0.30512992748801404,0.0
DNS,c2,1003,0.626875,2.2817861453111922e-17,0.9996989456597497,0.3050911287448342,4096,0,0,1.0,0.0,0.0,0,0.0,0.3050911287448342,0.0
DNS,c2,1004,0.6275000000000001,2.2781008191036925e-17,0.9996967649904817,0.3050523780766367,4096,0,0,1.0,0.0,0.0,0,0.0,0.3050523780766367,0.0
DNS,c2,1005,0.628125,2.2754447718383915e-17,0.999694545749721,0.30501367447458183,4096,0,0,1.0,0.0,0.0,0,0.0,0.30501367447458183,0.0
DNS,c2,1006,0.62875,2.273825352469084e-17,0.9996922870556817,0.3049750169362722,4096,0,0,1.0,0.0,0.0,0,0.0,0.3049750169362722,0.0
DNS,c2,1007,0.629375,2.2732502172760588e-17,0.9996899880119576,0.30493640446573433,4096,0,0,1.0,0.0,0.0,0,0.0,0.30493640446573433,0.0
DNS,c2,1008,0.63,2.2664123895931987e-17,0.9996876477073682,0.3048978360734007,4096,0,0,1.0,0.0,0.0,0,0.0,0.3048978360734007,0.0
DNS,c2,1009,0.630625,2.2477735741567235e-17,0.9996852652158031,0.3048593107760914,4096,0,0,1.0,0.0,0.0,0,0.0,0.3048593107760914,0.0
DNS,c2,1010,0.63125,2.2298093173123672e-17,0.9996828395960672,0.30482082759699597,4096,0,0,1.0,0.0,0.0,0,0.0,0.30482082759699597,0.0
DNS,c2,1011,0.631875,2.212520396923122e-17,0.9996803698917247,0.30478238556565573,4096,0,0,1.0,0.0,0.0,0,0.0,0.30478238556565573,0.0
DNS,c2,1012,0.6325000000000001,2.1959077366011895e-17,0.9996778551309434,0.304743983717945,4096,0,0,1.0,0.0,0.0,0,0.0,0.304743983717945,0.0
DNS,c2,1013,0.633125,2.1799724075869715e-17,0.9996752943263386,0.30470562109605376,4096,0,0,1.0,0.0,0.0,0,0.0,0.30470562109605376,0.0
DNS,c2,1014,0.63375,2.1647156306001213e-17,0.9996726864748166,0.3046672967484694,4096,0,0,1.0,0.0,0.0,0,0.0,0.3046672967484694,0.0
DNS,c2,1015,0.634375,2.1501387776619803e-17,0.9996700305574183,0.30462900972995893,4096,0,0,1.0,0.0,0.0,0,0.0,0.30462900972995893,0.0
DNS,c2,1016,0.635,2.1362433738887002e-17,0.9996673255391628,0.3045907591015508,4096,0,0,1.0,0.0,0.0,0,0.0,0.3045907591015508,0.0
DNS,c2,1017,0.635625,2.123031099254327e-17,0.9996645703688902,0.30455254393051745,4096,0,0,1.0,0.0,0.0,0,0.0,0.30455254393051745,0.0
DNS,c2,1018,0.63625,2.1105037903231055e-17,0.9996617639791052,0.3045143632903572,4096,0,0,1.0,0.0,0.0,0,0.0,0.3045143632903572,0.0
DNS,c2,1019,0.636875,2.0986634419502296e-17,0.9996589052858199,0.3044762162607762,4096,0,0,1.0,0.0,0.0,0,0.0,0.3044762162607762,0.0
DNS,c2,1020,0.6375000000000001,2.087512208950253e-17,0.999655993188397,0.3044381019276713,4096,0,0,1.0,0.0,0.0,0,0.0,0.3044381019276713,0.0
DNS,c2,1021,0.638125,2.0770524077323384e-17,0.9996530265693934,0.30440001938311173,4096,0,0,1.0,0.0,0.0,0,0.0,0.30440001938311173,0.0
DNS,c2,1022,0.63875,2.067286517901511e-17,0.9996500042944024,0.3043619677253212,4096,0,0,1.0,0.0,0.0,0,0.0,0.3043619677253212,0.0
DNS,c2,1023,0.639375,2.0582171838250477e-17,0.9996469252118981,0.3043239460586608,4096,0,0,1.0,0.0,0.0,0,0.0,0.3043239460586608,0.0
DNS,c2,1024,0.64,2.0498472161631215e-17,0.9996437881530782,0.30428595349361065,4096,0,0,1.0,0.0,0.0,0,0.0,0.30428595349361065,0.0
DNS,c2,1025,0.640625,2.042179593362784e-17,0.9996405919317077,0.3042479891467524,4096,0,0,1.0,0.0,0.0,0,0.0,0.3042479891467524,0.0
DNS,c2,1026,0.64125,2.0352174631143555e-17,0.9996376512169091,0.3042100521407513,4096,0,0,1.0,0.0,0.0,0,0.0,0.3042100521407513,0.0
DNS,c2,1027,0.641875,2.0289641437692623e-17,0.9996352494753078,0.3041721416043387,4096,0,0,1.0,0.0,0.0,0,0.0,0.3041721416043387,0.0
DNS,c2,1028,0.6425,2.023423125718342e-17,0.9996328077772516,0.30413425667229416,4096,0,0,1.0,0.0,0.0,0,0.0,0.30413425667229416,0.0
DNS,c2,1029,0.6431250000000001,2.0185980727296066e-17,0.9996303252157664,0.30409639648542763,4096,0,0,1.0,0.0,0.0,0,0.0,0.30409639648542763,0.0
DNS,c2,1030,0.64375,2.0144928232444392e-17,0.9996278008691969,0.30405856019056193,4096,0,0,1.0,0.0,0.0,0,0.0,0.30405856019056193,0.0
DNS,c2,1031,0.644375,2.01111139163117e-17,0.999625233801059,0.3040207469405148,4096,0,0,1.0,0.0,0.0,0,0.0,0.3040207469405148,0.0
DNS,c2,1032,0.645,2.0084579693949563e-17,0.9996226230598924,0.303982955894081,4096,0,0,1.0,0.0,0.0,0,0.0,0.303982955894081,0.0
DNS,c2,1033,0.645625,2.0065369263428682e-17,0.999619967679112,0.3039451862160146,4096,0,0,1.0,0.0,0.0,0,0.0,0.3039451862160146,0.0
DNS,c2,1034,0.64625,2.0053528117030607e-17,0.9996172666768606,0.3039074370770113,4096,0,0,1.0,0.0,0.0,0,0.0,0.3039074370770113,0.0
DNS,c2,1035,0.646875,2.004910355196889e-17,0.9996145190558599,0.3038697076536904,4096,0,0,1.0,0.0,0.0,0,0.0,0.3038697076536904,0.0
DNS,c2,1036,0.6475,2.0052144680628016e-17,0.9996117238032625,0.30383199712857717,4096,0,0,1.0,0.0,0.0,0,0.0,0.30383199712857717,0.0
DNS,c2,1037,0.6481250000000001,2.0062702440308254e-17,0.9996088798905035,0.3037943046900845,4096,0,0,1.0,0.0,0.0,0,0.0,0.3037943046900845,0.0
DNS,c2,1038,0.64875,2.0080829602464356e-17,0.9996059862731519,0.3037566295324955,4096,0,0,1.0,0.0,0.0,0,0.0,0.3037566295324955,0.0
DNS,c2,1039,0.649375,2.010658078142582e-17,0.9996030418907619,0.30371897085594535,4096,0,0,1.0,0.0,0.0,0,0.0,0.30371897085594535,0.0
DNS,c2,1040,0.65,2.0140012442586244e-17,0.9996000456667247,0.30368132786640306,4096,0,0,1.0,0.0,0.0,0,0.0,0.30368132786640306,0.0
DNS,c3,0,0.0,0.0,0.0,0.0,0,0,4096,0.0,0.0,1.0,0,0.0,0.0,0.0
DNS,c3,1,0.000625,0.0,0.013331548350459296,0.0005743968375740963,3264,0,832,0.796875,0.0,0.203125,0,0.0,0.0005743968375740963,0.0
DNS,c3,2,0.00125,0.0,0.026650334539469113,0.0011272803062735625,3776,0,320,0.921875,0.0,0.078125,0,0.0,0.0011272803062735625,0.0
DNS,c3,3,0.001875,1.4941892254747304e-35,0.03958388487732033,0.0016602581388269304,4096,0,0,1.0,0.0,0.0,0,0.0,0.0016602581388269304,0.0
DNS,c3,4,0.0025,8.806699396962747e-34,0.051820718423543646,0.002174767387059958,4096,0,0,1.0,0.0,0.0,0,0.0,0.002174767387059958,0.0
DNS,c3,5,0.003125,1.2789765779597214e-32,0.06310734774630836,0.002672099191170385,4096,0,0,1.0,0.0,0.0,0,0.0,0.002672099191170385,0.0
DNS,c3,6,0.00375,1.002433508550904e-31,0.07330229297284134,0.0031534190086859658,4096,0,0,1.0,0.0,0.0,0,0.0,0.0031534190086859658,0.0
DNS,c3,7,0.004375,5.426810021786113e-31,0.08274170699177925,0.003619783292014728,4096,0,0,1.0,0.0,0.0,0,0.0,0.003619783292014728,0.0
DNS,c3,8,0.005,2.282310640369628e-30,0.09162157121246861,0.004072153361043922,4096,0,0,1.0,0.0,0.0,0,0.0,0.004072153361043922,0.0
DNS,c3,9,0.005625,7.974436982472032e-30,0.09994279982844231,0.004511407039717928,4096,0,0,1.0,0.0,0.0,0,0.0,0.004511407039717928,0.0
DNS,c3,10,0.00625,2.4156450038389297e-29,0.10776613852756542,0.004938348493703627,4096,0,0,1.0,0.0,0.0,0,0.0,0.004938348493703627,0.0
DNS,c3,11,0.006875,6.531092807119004e-29,0.11513200311815652,0.005353716607247958,4096,0,0,1.0,0.0,0.0,0,0.0,0.005353716607247958,0.0
DNS,c3,12,0.0075,1.6091376016348377e-28,0.12211610947290116,0.005758192162428115,4096,0,0,1.0,0.0,0.0,0,0.0,0.005758192162428115,0.0
DNS,c3,13,0.008125,3.6692477834937537e-28,0.1287334947271762,0.006152404027164438,4096,0,0,1.0,0.0,0.0,0,0.0,0.006152404027164438,0.0
DNS,c3,14,0.00875,7.835892564318833e-28,0.13499050238083868,0.006536934515293304,4096,0,0,1.0,0.0,0.0,0,0.0,0.006536934515293304,0.0
DNS,c3,15,0.009375,1.5818659672086268e-27,0.14077101602143954,0.006912324049443712,4096,0,0,1.0,0.0,0.0,0,0.0,0.006912324049443712,0.0
DNS,c3,16,0.01,3.04127325810218e-27,0.146139107169029,0.007279075232886135,4096,0,0,1.0,0.0,0.0,0,0.0,0.007279075232886135,0.0
DNS,c3,17,0.010625,5.602441152176044e-27,0.15171759812308308,0.007637656417875279,4096,0,0,1.0,0.0,0.0,0,0.0,0.007637656417875279,0.0
DNS,c3,18,0.01125,9.938167979250479e-27,0.1569713422593724,0.007988504843635917,4096,0,0,1.0,0.0,0.0,0,0.0,0.007988504843635917,0.0
DNS,c3,19,0.011875,-5.830212636597523e-05,0.16191507175409572,0.008332029405749309,4094,2,0,0.99951171875,0.00048828125,0.0,2,0.00048828125,0.008332057873584448,-2.8467835139634755e-08
DNS,c3,20,0.0125,-0.0001761965749519553,0.16665546654740312,0.008668613109337454,4092,4,0,0.9990234375,0.0009765625,0.0,4,0.0009765625,0.008668755099471088,-1.419901336338141e-07
DNS,c3,21,0.013125,-0.0002176849888099615,0.17112937073156564,0.008998615250481231,4092,4,0,0.9990234375,0.0009765625,0.0,4,0.0009765625,0.00899880846685077,-1.9321636953882618e-07
DNS,c3,22,0.01375,-0.00019414543001797875,0.1753401464013835,0.00932237336338499,4092,4,0,0.9990234375,0.0009765625,0.0,4,0.0009765625,0.009322553587705371,-1.802243203814075e-07
DNS,c3,23,0.014375,-0.00011705171753017772,0.17929926589192607,0.009640204964753128,4092,4,0,0.9990234375,0.0009765625,0.0,4,0.0009765625,0.009640319012092637,-1.140473395074436e-07
DNS,c3,24,0.015,-1.3622934231263692e-05,0.18301778390312345,0.009952409121632925,4094,2,0,0.99951171875,0.00048828125,0.0,2,0.00048828125,0.00995241577345628,-6.6518233551062866e-09
DNS,c3,25,0.015625,-0.0014291912305587672,0.18650635214240643,0.010259267864604748,4092,4,0,0.9990234375,0.0009765625,0.0,4,0.0009765625,0.010260466367710098,-1.1985031053500505e-06
DNS,c3,26,0.01625,-0.002644518046889876,0.18977523365981905,0.010561047464652258,4090,6,0,0.99853515625,0.00146484375,0.0,6,0.00146484375,0.01056351731052515,-2.4698458728931437e-06
DNS,c3,27,0.016875,-0.003609236762358501,0.1928343168138723,0.010857999589257587,4088,8,0,0.998046875,0.001953125,0.0,8,0.001953125,0.010862042170097423,-4.042580839834713e-06
DNS,c3,28,0.0175,-0.004342420653879771,0.1961107959818751,0.011150362351122704,4088,8,0,0.998046875,0.001953125,0.0,8,0.001953125,0.01115612232708015,-5.759975957445058e-06
DNS,c3,29,0.018125,-0.00486505073487237,0.19934420185145107,0.011438361261262544,4088,8,0,0.998046875,0.001953125,0.0,8,0.001953125,0.011445429349492608,-7.068088230064881e-06
DNS,c3,30,0.01875,-0.00519919700139738,0.20251446482297925,0.01172221009688532,4084,12,0,0.9970703125,0.0029296875,0.0,12,0.0029296875,0.011730219154633344,-8.009057748025448e-06
DNS,c3,31,0.019375,-0.005367322471114572,0.2058333574674041,0.012002111693330628,4084,12,0,0.9970703125,0.0029296875,0.0,12,0.0029296875,0.012010735989122381,-8.624295791753769e-06
DNS,c3,32,0.02,-0.005444101279477335,0.209036178777686,0.012278258668280088,4084,12,0,0.9970703125,0.0029296875,0.0,12,0.0029296875,0.012287206437881802,-8.947769601713796e-06
DNS,c3,33,0.020625,-0.005394860711850342,0.21212763687539266,0.012550834085445977,4084,12,0,0.9970703125,0.0029296875,0.0,12,0.0029296875,0.012559853063048427,-9.018977602447017e-06
DNS,c3,34,0.02125,-0.005238719270688652,0.21511213906517898,0.012820012063982374,4084,12,0,0.9970703125,0.0029296875,0.0,12,0.0029296875,0.012828888037887808,-8.875973905433423e-06
DNS,c3,35,0.021875000000000002,-0.004994916659050942,0.21799381500214415,0.013085958338983222,4082,14,0,0.99658203125,0.00341796875,0.0,14,0.00341796875,0.013094585493818877,-8.627154835656907e-06
DNS,c3,36,0.0225,-0.00468131160728435,0.22077653791057614,0.013348830777672082,4082,14,0,0.99658203125,0.00341796875,0.0,14,0.00341796875,0.013357029786076382,-8.199008404300504e-06
DNS,c3,37,0.023125,-0.004314244551913748,0.22346394404832529,0.013608779855277144,4076,20,0,0.9951171875,0.0048828125,0.0,20,0.0048828125,0.013617327629771064,-8.547774493917948e-06
DNS,c3,38,0.02375,-0.003908459929942312,0.22605945058822494,0.013865949094128617,4076,20,0,0.9951171875,0.0048828125,0.0,20,0.0048828125,0.01387559178680019,-9.642692671574065e-06
DNS,c3,39,0.024375,-0.004329008728786284,0.22856627206820357,0.014120475469192768,4074,22,0,0.99462890625,0.00537109375,0.0,22,0.00537109375,0.014130786141020594,-1.0310671827825498e-05
DNS,c3,40,0.025,-0.005412362715344129,0.23098743554455353,0.01437248978302798,4074,22,0,0.99462890625,0.00537109375,0.0,22,0.00537109375,0.014383680058371328,-1.119027534334842e-05
DNS,c3,41,0.025625000000000002,-0.006235428650414309,0.23332579456784716,0.014622117012964314,4072,24,0,0.994140625,0.005859375,0.0,24,0.005859375,0.014634094481063235,-1.1977468098921913e-05
DNS,c3,42,0.02625,-0.006825020346304442,0.23558404208790637,0.014869476633125017,4072,24,0,0.994140625,0.005859375,0.0,24,0.005859375,0.014882272516640278,-1.2795883515261215e-05
DNS,c3,43,0.026875,-0.007207571795073487,0.23776472238276442,0.015114682913696456,4072,24,0,0.994140625,0.005859375,0.0,24,0.005859375,0.015127870794615007,-1.3187880918550526e-05
DNS,c3,44,0.0275,-0.007446873912008191,0.23987024209648428,0.01535784519960242,4072,24,0,0.994140625,0.005859375,0.0,24,0.005859375,0.01537106057676664,-1.3215377164221122e-05
DNS,c3,45,0.028125,-0.007587546981458771,0.2419028804618288,0.015599068170459422,4076,20,0,0.9951171875,0.0048828125,0.0,20,0.0048828125,0.015612009440473673,-1.2941270014252589e-05
DNS,c3,46,0.02875,-0.007585436981606904,0.24386479877595046,0.015838452083404987,4076,20,0,0.9951171875,0.0048828125,0.0,20,0.0048828125,0.015850939976892953,-1.248789348796527e-05
DNS,c3,47,0.029375000000000002,-0.007462231248312888,0.245758049190351,0.01607609300012969,4076,20,0,0.9951171875,0.0048828125,0.0,20,0.0048828125,0.016088117591772068,-1.2024591642378998e-05
DNS,c3,48,0.03,-0.007238092617123321,0.24764367777655605,0.01631208299923115,4080,16,0,0.99609375,0.00390625,0.0,16,0.00390625,0.016323673814661713,-1.1590815430558987e-05
DNS,c3,49,0.030625,-0.00693157422684707,0.24951922394592327,0.016546510374859394,4080,16,0,0.99609375,0.00390625,0.0,16,0.00390625,0.016557589558438415,-1.1079183579019394e-05
DNS,c3,50,0.03125,-0.006559578017236575,0.25134728633129566,0.01677945982253888,4080,16,0,0.99609375,0.00390625,0.0,16,0.00390625,0.016790310861502695,-1.0851038963813938e-05
DNS,c3,51,0.031875,-0.006137349875318477,0.25313006637118035,0.01701101261302193,4080,16,0,0.99609375,0.00390625,0.0,16,0.00390625,0.017022395088035658,-1.1382475013724891e-05
DNS,c3,52,0.0325,-0.005678504891464668,0.254869657585854,0.017241246755030123,4080,16,0,0.99609375,0.00390625,0.0,16,0.00390625,0.017253433840789124,-1.2187085759001314e-05
DNS,c3,53,0.033125,-0.005195076764503027,0.2565680504996614,0.017470237147750388,4078,18,0,0.99560546875,0.00439453125,0.0,18,0.00439453125,0.017482896182667393,-1.2659034917000564e-05
DNS,c3,54,0.03375,-0.005956774826688548,0.2582271372625841,0.017698055723949703,4076,20,0,0.9951171875,0.0048828125,0.0,20,0.0048828125,0.017711296815558213,-1.324109160850753e-05
DNS,c3,55,0.034375,-0.006651466492994581,0.2598487159955512,0.017924771584541033,4076,20,0,0.9951171875,0.0048828125,0.0,20,0.0048828125,0.01793840487322006,-1.3633288679031027e-05
DNS,c3,56,0.035,-0.007144879177730488,0.2614344948819413,0.018150451125369876,4076,20,0,0.9951171875,0.0048828125,0.0,20,0.0048828125,0.018164163313379608,-1.3712188009727737e-05
DNS,c3,57,0.035625000000000004,-0.007460208804088061,0.2629860960258807,0.018375158156898434,4076,20,0,0.9951171875,0.0048828125,0.0,20,0.0048828125,0.018388682247181175,-1.3524090282740727e-05
DNS,c3,58,0.03625,-0.007619535600172199,0.2645050590962555,0.018598954017356173,4074,22,0,0.99462890625,0.00537109375,0.0,22,0.00537109375,0.018612332886913194,-1.3378869557022109e-05
DNS,c3,59,0.036875,-0.007643682354351484,0.2659928447738093,0.01882189767981568,4074,22,0,0.99462890625,0.00537109375,0.0,22,0.00537109375,0.018835039701743637,-1.3142021927958878e-05
DNS,c3,60,0.0375,-0.007552114974365852,0.26745083801727393,0.019044045853557054,4074,22,0,0.99462890625,0.00537109375,0.0,22,0.00537109375,0.01905672427999374,-1.2678426436686516e-05
DNS,c3,61,0.038125,-0.0074007725205196325,0.26888035116317044,0.019265453080012956,4076,20,0,0.9951171875,0.0048828125,0.0,20,0.0048828125,0.019277603984245058,-1.215090423210301e-05
DNS,c3,62,0.03875,-0.007248664174214586,0.27028262687270904,0.019486171823546082,4076,20,0,0.9951171875,0.0048828125,0.0,20,0.0048828125,0.01949768780665406,-1.151598310797894e-05
DNS,c3,63,0.039375,-0.007018979095003276,0.27165884093809856,0.019706252557299422,4076,20,0,0.9951171875,0.0048828125,0.0,20,0.0048828125,0.019717005893738905,-1.0753336439480825e-05
DNS,c3,64,0.04,-0.006725794691729253,0.27301010495954475,0.019925743844370694,4078,18,0,0.99560546875,0.00439453125,0.0,18,0.00439453125,0.019935741696751677,-9.997852380982057e-06
DNS,c3,65,0.040625,-0.006381860750475978,0.274337468903263,0.020144692414585847,4076,20,0,0.9951171875,0.0048828125,0.0,20,0.0048828125,0.020154530250154772,-9.83783556892755e-06
DNS,c3,66,0.04125,-0.005998637493627003,0.275641923549948,0.02036314323717108,4078,18,0,0.99560546875,0.00439453125,0.0,18,0.00439453125,0.020372884204315614,-9.740967144533227e-06
DNS,c3,67,0.041875,-0.005586345920964165,0.27692440284232905,0.020581139589638572,4078,18,0,0.99560546875,0.00439453125,0.0,18,0.00439453125,0.02059101142962331,-9.871839984741767e-06
DNS,c3,68,0.0425,-0.005154027515214725,0.2781857861396846,0.02079872312320168,4078,18,0,0.99560546875,0.00439453125,0.0,18,0.00439453125,0.020808917647616394,-1.019452441471158e-05
DNS,c3,69,0.043125000000000004,-0.00545189453936102,0.2794269003864941,0.02101593392501844,4078,18,0,0.99560546875,0.00439453125,0.0,18,0.00439453125,0.021026659313699996,-1.0725388681555863e-05
DNS,c3,70,0.043750000000000004,-0.005998457408071102,0.28064852220176306,0.021232810577529015,4078,18,0,0.99560546875,0.00439453125,0.0,18,0.00439453125,0.021243782937859966,-1.0972360330945675e-05
DNS,c3,71,0.044375,-0.006387709545752022,0.28185137989496195,0.021449390215109134,4078,18,0,0.99560546875,0.00439453125,0.0,18,0.00439453125,0.021460360249286235,-1.0970034177104626e-05
DNS,c3,72,0.045,-0.0066374123720183064,0.2830361554139732,0.021665708578213726,4080,16,0,0.99609375,0.00390625,0.0,16,0.00390625,0.021676466005233,-1.0757427019277806e-05
DNS,c3,73,0.045625,-0.006764319680825297,0.2842034862299348,0.021881800065140622,4082,14,0,0.99658203125,0.00341796875,0.0,14,0.00341796875,0.02189219076459837,-1.0390699457749916e-05
DNS,c3,74,0.04625,-0.006784129155251403,0.2853539671634031,0.022097697781509096,4082,14,0,0.99658203125,0.00341796875,0.0,14,0.00341796875,0.02210773173181389,-1.0033950304791053e-05
DNS,c3,75,0.046875,-0.0067114547702803685,0.2864881521558283,0.022313433587526153,4082,14,0,0.99658203125,0.00341796875,0.0,14,0.00341796875,0.02232298099234132,-9.547404815166948e-06
DNS,c3,76,0.0475,-0.006559817130069693,0.28760655598994,0.02252903814310587,4082,14,0,0.99658203125,0.00341796875,0.0,14,0.00341796875,0.02253799264800805,-8.954504902179716e-06
DNS,c3,77,0.048125,-0.0063416489872736076,0.2887096559622766,0.02274454095091224,4082,14,0,0.99658203125,0.00341796875,0.0,14,0.00341796875,0.022752817336484866,-8.27638557262809e-06
DNS,c3,78,0.04875,-0.0060683134128949046,0.2897978935107558,0.022959970397410046,4084,12,0,0.9970703125,0.0029296875,0.0,12,0.0029296875,0.022967505103439534,-7.534706029485751e-06
DNS,c3,79,0.049375,-0.00575013231589411,0.2908716757998761,0.023175353792026912,4088,8,0,0.998046875,0.001953125,0.0,8,0.001953125,0.02318224580643284,-6.892014405929304e-06
DNS,c3,80,0.05,-0.005396423244480011,0.2919313772658536,0.023390717404547026,4088,8,0,0.998046875,0.001953125,0.0,8,0.001953125,0.023397054750777475,-6.337346230449061e-06
DNS,c3,81,0.050625,-0.00501554262955156,0.29297734112373863,0.023606086500869695,4088,8,0,0.998046875,0.001953125,0.0,8,0.001953125,0.023611830548394233,-5.744047524535563e-06
DNS,c3,82,0.051250000000000004,-0.004614933850626978,0.29400988083831625,0.023821485377269948,4088,8,0,0.998046875,0.001953125,0.0,8,0.001953125,0.023827181599199186,-5.696221929239401e-06
DNS,c3,83,0.051875000000000004,-0.004201178712563273,0.2950292815603744,0.024036937393293323,4088,8,0,0.998046875,0.001953125,0.0,8,0.001953125,0.02404257399059457,-5.636597301244947e-06
DNS,c3,84,0.0525,-0.003819407993983201,0.2960358015297217,0.024252465003403115,4088,8,0,0.998046875,0.001953125,0.0,8,0.001953125,0.02425794223236641,-5.47722896329173e-06
DNS,c3,85,0.053125,-0.0034804463792462584,0.29702967344615117,0.024468089787477595,4086,10,0,0.99755859375,0.00244140625,0.0,10,0.00244140625,0.024473652546223034,-5.562758745441493e-06
DNS,c3,86,0.05375,-0.0039155417056480945,0.2980111058093778,0.02468383248023045,4086,10,0,0.99755859375,0.00244140625,0.0,10,0.00244140625,0.02468934662531562,-5.514145085171094e-06
DNS,c3,87,0.054375,-0.004295774592191637,0.2989802842288216,0.0248997129996033,4088,8,0,0.998046875,0.001953125,0.0,8,0.001953125,0.024905201160820303,-5.488161217006634e-06
DNS,c3,88,0.055,-0.004566586765339534,0.2999373727039687,0.025115750474157615,4086,10,0,0.99755859375,0.00244140625,0.0,10,0.00244140625,0.02512118818198588,-5.437707828269076e-06
DNS,c3,89,0.055625,-0.004739958261298322,0.30088251487591194,0.0253319632694778,4086,10,0,0.99755859375,0.00244140625,0.0,10,0.00244140625,0.025337455917086835,-5.492647609032683e-06
DNS,c3,90,0.05625,-0.004827117328368451,0.30181583525055844,0.0255483690135887,4086,10,0,0.99755859375,0.00244140625,0.0,10,0.00244140625,0.02555379078974913,-5.421776160430411e-06
DNS,c3,91,0.056875,-0.004838537203617858,0.3027374403938849,0.025764984621389715,4086,10,0,0.99755859375,0.00244140625,0.0,10,0.00244140625,0.02577022696790642,-5.242346516703247e-06
DNS,c3,92,0.0575,-0.004783941142318052,0.3036474200995264,0.025981826318113698,4086,10,0,0.99755859375,0.00244140625,0.0,10,0.00244140625,0.025986796491369382,-4.970173255684553e-06
DNS,c3,93,0.058125,-0.004672314389634217,0.30454584852890004,0.02619890966182958,4086,10,0,0.99755859375,0.00244140625,0.0,10,0.00244140625,0.02620352934565486,-4.6196838252796395e-06
DNS,c3,94,0.058750000000000004,-0.004511921903359141,0.3054327853239891,0.026416249565021394,4088,8,0,0.998046875,0.001953125,0.0,8,0.001953125,0.026420470949553153,-4.221384531758153e-06
DNS,c3,95,0.059375000000000004,-0.004310330754198917,0.3063082766928452,0.026633860315290532,4088,8,0,0.998046875,0.001953125,0.0,8,0.001953125,0.026637758385845166,-3.8980705546337015e-06
DNS,c3,96,0.06,-0.0040744362441234245,0.30717235646780944,0.02685175559524027,4090,6,0,0.99853515625,0.00146484375,0.0,6,0.00146484375,0.026855306421980966,-3.5508267406931363e-06
DNS,c3,97,0.060625,-0.0038104908920312502,0.3080250471364005,0.027069948501609927,4090,6,0,0.99853515625,0.00146484375,0.0,6,0.00146484375,0.027073206139170025,-3.257637560097914e-06
DNS,c3,98,0.06125,-0.003524135538372537,0.3088663608447767,0.027288451563729728,4090,6,0,0.99853515625,0.00146484375,0.0,6,0.00146484375,0.027291375416899476,-2.9238531697456693e-06
DNS,c3,99,0.061875,-0.003220431915743881,0.3096963003736409,0.02750727676136577,4090,6,0,0.99853515625,0.00146484375,0.0,6,0.00146484375,0.02750983392844146,-2.557167075692137e-06
DNS,c3,100,0.0625,-0.002903896120452466,0.31051486008643014,0.02772643554201759,4090,6,0,0.99853515625,0.00146484375,0.0,6,0.00146484375,0.02772860002522618,-2.1644832085848096e-06
DNS,c3,101,0.063125,-0.002578532500526671,0.31132202684960786,0.027945938837720563,4090,6,0,0.99853515625,0.00146484375,0.0,6,0.00146484375,0.027947690800016654,-1.7519622960871565e-06
DNS,c3,102,0.06375,-0.0022478675487029526,0.31211778092486064,0.02816579708139175,4092,4,0,0.9990234375,0.0009765625,0.0,4,0.0009765625,0.028167262333916934,-1.4652525251835326e-06
DNS,c3,103,0.064375,-0.0019149834547619801,0.31290209683299175,0.028386020222743995,4092,4,0,0.9990234375,0.0009765625,0.0,4,0.0009765625,0.028387219434401503,-1.199211657509416e-06
DNS,c3,104,0.065,-0.0015825510305410935,0.3136749441892982,0.02860661774377918,4092,4,0,0.9990234375,0.0009765625,0.0,4,0.0009765625,0.02860754651813867,-9.287743594857509e-07
DNS,c3,105,0.065625,-0.0012528617734050567,0.3144362885102202,0.028827598673860193,4088,8,0,0.998046875,0.001953125,0.0,8,0.001953125,0.028828520927804642,-9.222539444479648e-07
DNS,c3,106,0.06625,-0.0009278588803458345,0.3151860919910569,0.029048971604352693,4090,6,0,0.99853515625,0.00146484375,0.0,6,0.00146484375,0.029049966676773245,-9.950724205521568e-07
DNS,c3,107,0.066875,-0.0008285725608765916,0.3159243142545545,0.0292707447028229,4090,6,0,0.99853515625,0.00146484375,0.0,6,0.00146484375,0.029271787209358583,-1.0425065356835275e-06
DNS,c3,108,0.0675,-0.0010083604129104684,0.3166509130701874,0.029492925726776916,4090,6,0,0.99853515625,0.00146484375,0.0,6,0.00146484375,0.029493953607187318,-1.0278804104013077e-06
DNS,c3,109,0.068125,-0.0011279847213743457,0.31736584504397525,0.0297155220369295,4092,4,0,0.9990234375,0.0009765625,0.0,4,0.0009765625,0.02971648270160175,-9.60664672249951e-07
DNS,c3,110,0.06875,-0.0011939225893402108,0.3180690662787008,0.029938540609995908,4092,4,0,0.9990234375,0.0009765625,0.0,4,0.0009765625,0.029939527150447176,-9.865404512696077e-07
DNS,c3,111,0.069375,-0.0012121961721692515,0.31876053300442375,0.030161988051007886,4092,4,0,0.9990234375,0.0009765625,0.0,4,0.0009765625,0.03016295396008785,-9.659090799633538e-07
DNS,c3,112,0.07,-0.001188385612680808,0.3194402021792164,0.030385870605163262,4092,4,0,0.9990234375,0.0009765625,0.0,4,0.0009765625,0.03038677490014504,-9.042949817751691e-07
DNS,c3,113,0.07062500000000001,-0.0011276438339507704,0.32010803206008276,0.030610194169227105,4092,4,0,0.9990234375,0.0009765625,0.0,4,0.0009765625,0.03061100096292292,-8.067936958157632e-07
DNS,c3,114,0.07125000000000001,-0.0010347127958372734,0.32076398274405965,0.03083496430250965,4092,4,0,0.9990234375,0.0009765625,0.0,4,0.0009765625,0.030835642390801048,-6.780882913997979e-07
DNS,c3,115,0.07187500000000001,-0.0009139408657494862,0.3214080166795403,0.031060186237451895,4092,4,0,0.9990234375,0.0009765625,0.0,4,0.0009765625,0.031060708704345887,-5.224668939894945e-07
DNS,c3,116,0.0725,-0.000769300995517457,0.32204009914790244,0.031285864889853125,4094,2,0,0.99951171875,0.00048828125,0.0,2,0.00048828125,0.03128624052510484,-3.7563525171750094e-07
DNS,c3,117,0.073125,-0.0006044094344301227,0.3226601987155683,0.03151200486877559,4094,2,0,0.99951171875,0.00048828125,0.0,2,0.00048828125,0.031512299990569745,-2.951217941553266e-07
DNS,c3,118,0.07375,-0.0004225447435991246,0.3232682876566691,0.03173861048616021,4094,2,0,0.99951171875,0.00048828125,0.0,2,0.00048828125,0.031738816806835796,-2.0632067558550382e-07
DNS,c3,119,0.074375,-0.000226666908846937,0.3238643423465356,0.03196568576618375,4094,2,0,0.99951171875,0.00048828125,0.0,2,0.00048828125,0.03196579644338533,-1.1067720158541267e-07
DNS,c3,120,0.075,-1.9436378418485087e-05,0.3244483436262819,0.0321932344543826,4094,2,0,0.99951171875,0.00048828125,0.0,2,0.00048828125,0.03219324394480175,-9.490419149645581e-09
DNS,c3,121,0.075625,6.139860680065176e-19,0.32502027713879983,0.03242126002656252,4096,0,0,1.0,0.0,0.0,0,0.0,0.03242126002656252,0.0
DNS,c3,122,0.07625,6.681114368021483e-19,0.3255801336365293,0.032649765697506765,4096,0,0,1.0,0.0,0.0,0,0.0,0.032649765697506765,0.0
DNS,c3,123,0.076875,7.268060700541431e-19,0.3261279092614169,0.03287875442948909,4096,0,0,1.0,0.0,0.0,0,0.0,0.03287875442948909,0.0
DNS,c3,124,0.0775,7.904586452591486e-19,0.32666360579752357,0.033108228940592,4096,0,0,1.0,0.0,0.0,0,0.0,0.033108228940592,0.0
DNS,c3,125,0.078125,8.593682480946665e-19,0.3271872308967878,0.03333819171282644,4096,0,0,1.0,0.0,0.0,0,0.0,0.03333819171282644,0.0
DNS,c3,126,0.07875,9.329383291628654e-19,0.3276987982784949,0.033568645000045874,4096,0,0,1.0,0.0,0.0,0,0.0,0.033568645000045874,0.0
DNS,c3,127,0.079375,1.012489280968103e-18,0.32819832790304737,0.033799590835645835,4096,0,0,1.0,0.0,0.0,0,0.0,0.033799590835645835,0.0
DNS,c3,128,0.08,1.0985010134348132e-18,0.32868584612067026,0.0340310310400402,4096,0,0,1.0,0.0,0.0,0,0.0,0.0340310310400402,0.0
DNS,c3,129,0.080625,1.1914951750872892e-18,0.32916138579572635,0.03426296722790653,4096,0,0,1.0,0.0,0.0,0,0.0,0.03426296722790653,0.0
DNS,c3,130,0.08125,1.2920397197850972e-18,0.32962498640735,0.03449540081519477,4096,0,0,1.0,0.0,0.0,0,0.0,0.03449540081519477,0.0
DNS,c3,131,0.081875,1.4007541429969213e-18,0.33007669412714274,0.03472833302589719,4096,0,0,1.0,0.0,0.0,0,0.0,0.03472833302589719,0.0
DNS,c3,132,0.0825,1.5183155053027663e-18,0.3305165618747041,0.03496176489858051,4096,0,0,1.0,0.0,0.0,0,0.0,0.03496176489858051,0.0
DNS,c3,133,0.083125,1.6454653825815992e-18,0.3309446493517974,0.035195697292684874,4096,0,0,1.0,0.0,0.0,0,0.0,0.035195697292684874,0.0
DNS,c3,134,0.08375,1.7830179080727935e-18,0.3313610230559755,0.03543013089459767,4096,0,0,1.0,0.0,0.0,0,0.0,0.03543013089459767,0.0
DNS,c3,135,0.084375,1.9318691018868265e-18,0.3317657562745097,0.035665066223513175,4096,0,0,1.0,0.0,0.0,0,0.0,0.035665066223513175,0.0
DNS,c3,136,0.085,2.093007719389293e-18,0.332158929059485,0.035900503637090825,4096,0,0,1.0,0.0,0.0,0,0.0,0.035900503637090825,0.0
DNS,c3,137,0.085625,2.2658054372673005e-18,0.33254062818493524,0.036136443336926866,4096,0,0,1.0,0.0,0.0,0,0.0,0.036136443336926866,0.0
DNS,c3,138,0.08625000000000001,2.4491996638398236e-18,0.33291094708690416,0.03637288537385391,4096,0,0,1.0,0.0,0.0,0,0.0,0.03637288537385391,0.0
DNS,c3,139,0.08687500000000001,2.646926724868796e-18,0.33326998578732414,0.036609829653083376,4096,0,0,1.0,0.0,0.0,0,0.0,0.036609829653083376,0.0
DNS,c3,140,0.08750000000000001,2.860138652475255e-18,0.33361785080260736,0.03684727593920427,4096,0,0,1.0,0.0,0.0,0,0.0,0.03684727593920427,0.0
DNS,c3,141,0.088125,3.0900960571497153e-18,0.3339546550378443,0.037085223861050225,4096,0,0,1.0,0.0,0.0,0,0.0,0.037085223861050225,0.0
DNS,c3,142,0.08875,3.3381817214849568e-18,0.33428051766750183,0.03732367291644476,4096,0,0,1.0,0.0,0.0,0,0.0,0.03732367291644476,0.0
DNS,c3,143,0.089375,3.6059163552092276e-18,0.33459556400350665,0.037562622476832466,4096,0,0,1.0,0.0,0.0,0,0.0,0.037562622476832466,0.0
DNS,c3,144,0.09,3.8949768898122224e-18,0.33489992535158974,0.0378020717918011,4096,0,0,1.0,0.0,0.0,0,0.0,0.0378020717918011,0.0
DNS,c3,145,0.090625,4.207217757489473e-18,0.33526215525901054,0.038042019993497794,4096,0,0,1.0,0.0,0.0,0,0.0,0.038042019993497794,0.0
DNS,c3,146,0.09125,4.544695676826629e-18,0.33578757525999336,0.03828246610094001,4096,0,0,1.0,0.0,0.0,0,0.0,0.03828246610094001,0.0
DNS,c3,147,0.091875,4.909698558416655e-18,0.3363025264449185,0.038523409024220884,4096,0,0,1.0,0.0,0.0,0,0.0,0.038523409024220884,0.0
DNS,c3,148,0.0925,5.3047792495375844e-18,0.3368073482603305,0.03876484756860657,4096,0,0,1.0,0.0,0.0,0,0.0,0.03876484756860657,0.0
DNS,c3,149,0.093125,5.7192605969625994e-18,0.33730237307203037,0.03900678043852315,4096,0,0,1.0,0.0,0.0,0,0.0,0.03900678043852315,0.0
DNS,c3,150,0.09375,6.160442845438405e-18,0.33778792605311436,0.03924920624142998,4096,0,0,1.0,0.0,0.0,0,0.0,0.03924920624142998,0.0
DNS,c3,151,0.094375,6.635211499834349e-18,0.33826432508803994,0.039492123491576575,4096,0,0,1.0,0.0,0.0,0,0.0,0.039492123491576575,0.0
DNS,c3,152,0.095,7.146337692563222e-18,0.338731880692479,0.03973553061364095,4096,0,0,1.0,0.0,0.0,0,0.0,0.03973553061364095,0.0
DNS,c3,153,0.095625,7.696879875745272e-18,0.33919089594866936,0.039979425946247676,4096,0,0,1.0,0.0,0.0,0,0.0,0.039979425946247676,0.0
DNS,c3,154,0.09625,8.290223323909388e-18,0.3396416664559308,0.04022380774536552,4096,0,0,1.0,0.0,0.0,0,0.0,0.04022380774536552,0.0
DNS,c3,155,0.096875,8.930126044107057e-18,0.34008448029596916,0.04046867418758546,4096,0,0,1.0,0.0,0.0,0,0.0,0.04046867418758546,0.0
DNS,c3,156,0.0975,9.620772174113956e-18,0.3405196180125515,0.04071402337328105,4096,0,0,1.0,0.0,0.0,0,0.0,0.04071402337328105,0.0
DNS,c3,157,0.098125,1.0366834127719534e-17,0.3409473526050997,0.04095985332965453,4096,0,0,1.0,0.0,0.0,0,0.0,0.04095985332965453,0.0
DNS,c3,158,0.09875,1.1173544952547743e-17,0.3413679495357143,0.0412061620136729,4096,0,0,1.0,0.0,0.0,0,0.0,0.0412061620136729,0.0
DNS,c3,159,0.099375,1.2046782604599827e-17,0.3417816667491123,0.041452947314899055,4096,0,0,1.0,0.0,0.0,0,0.0,0.041452947314899055,0.0
DNS,c3,160,0.1,1.2993168119535017e-17,0.34224686070268606,0.04170020705822391,4096,0,0,1.0,0.0,0.0,0,0.0,0.04170020705822391,0.0
DNS,c3,161,0.100625,1.3967272907828263e-17,0.3427171891263309,0.041947939006505536,4096,0,0,1.0,0.0,0.0,0,0.0,0.041947939006505536,0.0
DNS,c3,162,0.10125,1.5001777780431264e-17,0.3431615486019818,0.04219614086312169,4096,0,0,1.0,0.0,0.0,0,0.0,0.04219614086312169,0.0
DNS,c3,163,0.10187500000000001,1.6113983351210517e-17,0.3435801002432164,0.0424448102744419,4096,0,0,1.0,0.0,0.0,0,0.0,0.0424448102744419,0.0
DNS,c3,164,0.10250000000000001,1.7310572783880237e-17,0.3439730283511317,0.04269394483222484,4096,0,0,1.0,0.0,0.0,0,0.0,0.04269394483222484,0.0
DNS,c3,165,0.10312500000000001,1.8598981214775544e-17,0.3443405397909027,0.042943542075946584,4096,0,0,1.0,0.0,0.0,0,0.0,0.042943542075946584,0.0
DNS,c3,166,0.10375000000000001,1.9987503779352878e-17,0.3446828633424043,0.043193599495064,4096,0,0,1.0,0.0,0.0,0,0.0,0.043193599495064,0.0
DNS,c3,167,0.104375,2.1485420854301497e-17,0.345000249026902,0.04344411453121762,4096,0,0,1.0,0.0,0.0,0,0.0,0.04344411453121762,0.0
DNS,c3,168,0.105,2.3103143273445953e-17,0.34529296741184123,0.04369508458037673,4096,0,0,1.0,0.0,0.0,0,0.0,0.04369508458037673,0.0
DNS,c3,169,0.105625,2.4852380702188378e-17,0.3455919253969648,0.04394650699492937,4096,0,0,1.0,0.0,0.0,0,0.0,0.04394650699492937,0.0
DNS,c3,170,0.10625,2.6746336844482996e-17,0.34594489425098873,0.04419837908571842,4096,0,0,1.0,0.0,0.0,0,0.0,0.04419837908571842,0.0
DNS,c3,171,0.106875,2.8799935716922664e-17,0.3462935147248973,0.044450698124024926,4096,0,0,1.0,0.0,0.0,0,0.0,0.044450698124024926,0.0
DNS,c3,172,0.1075,3.1030083866236564e-17,0.3466379536611058,0.0447034613434988,4096,0,0,1.0,0.0,0.0,0,0.0,0.0447034613434988,0.0
DNS,c3,173,0.108125,3.345597414039024e-17,0.3469783716869309,0.04495666594203686,4096,0,0,1.0,0.0,0.0,0,0.0,0.04495666594203686,0.0
DNS,c3,174,0.10875,3.5886387374995134e-17,0.3473149233559066,0.045210309083607556,4096,0,0,1.0,0.0,0.0,0,0.0,0.045210309083607556,0.0
DNS,c3,175,0.109375,3.8468536391419635e-17,0.3476477572923441,0.04546438790002186,4096,0,0,1.0,0.0,0.0,0,0.0,0.04546438790002186,0.0
DNS,c3,176,0.11,4.1246780553411525e-17,0.3479770163385977,0.04571889949264935,4096,0,0,1.0,0.0,0.0,0,0.0,0.04571889949264935,0.0
DNS,c3,177,0.110625,4.4239160847169235e-17,0.34830283770451553,0.04597384093407904,4096,0,0,1.0,0.0,0.0,0,0.0,0.04597384093407904,0.0
DNS,c3,178,0.11125,4.74658977684251e-17,0.3486253531185807,0.04622920926972424,4096,0,0,1.0,0.0,0.0,0,0.0,0.04622920926972424,0.0
DNS,c3,179,0.111875,5.0949707483397545e-17,0.34894468898026765,0.04648500151937125,4096,0,0,1.0,0.0,0.0,0,0.0,0.04648500151937125,0.0
DNS,c3,180,0.1125,5.471616634825884e-17,0.3492609665131648,0.04674121467867187,4096,0,0,1.0,0.0,0.0,0,0.0,0.04674121467867187,0.0
DNS,c3,181,0.113125,5.879413106223116e-17,0.3495743019184389,0.04699784572058016,4096,0,0,1.0,0.0,0.0,0,0.0,0.04699784572058016,0.0
DNS,c3,182,0.11375,6.321622277731188e-17,0.34988480652823994,0.04725489159673414,4096,0,0,1.0,0.0,0.0,0,0.0,0.04725489159673414,0.0
DNS,c3,183,0.114375,6.80193846783466e-17,0.35019258695867284,0.04751234923878374,4096,0,0,1.0,0.0,0.0,0,0.0,0.04751234923878374,0.0
DNS,c3,184,0.115,7.324552389898659e-17,0.35049774526198574,0.047770215559666096,4096,0,0,1.0,0.0,0.0,0,0.0,0.047770215559666096,0.0
DNS,c3,185,0.115625,7.894225017243438e-17,0.3508003790776512,0.04802848745483054,4096,0,0,1.0,0.0,0.0,0,0.0,0.04802848745483054,0.0
DNS,c3,186,0.11625,8.516372535365552e-17,0.3511005817820402,0.0482871618034149,4096,0,0,1.0,0.0,0.0,0,0.0,0.0482871618034149,0.0
DNS,c3,187,0.116875,9.19716399174535e-17,0.3513984426364141,0.04854623546937546,4096,0,0,1.0,0.0,0.0,0,0.0,0.04854623546937546,0.0
DNS,c3,188,0.11750000000000001,9.943633476296557e-17,0.35169404693298495,0.04880570530257336,4096,0,0,1.0,0.0,0.0,0,0.0,0.04880570530257336,0.0
DNS,c3,189,0.11812500000000001,1.073518384503232e-16,0.35198747613881454,0.04906556813981928,4096,0,0,1.0,0.0,0.0,0,0.0,0.04906556813981928,0.0
DNS,c3,190,0.11875000000000001,1.1510894038659788e-16,0.35227880803734946,0.04932582080587957,4096,0,0,1.0,0.0,0.0,0,0.0,0.04932582080587957,0.0
DNS,c3,191,0.11937500000000001,1.2349071017860598e-16,0.3525681168674078,0.04958646011444587,4096,0,0,1.0,0.0,0.0,0,0.0,0.04958646011444587,0.0
DNS,c3,192,0.12,1.3255998708189705e-16,0.35285547345945656,0.04984748286907062,4096,0,0,1.0,0.0,0.0,0,0.0,0.04984748286907062,0.0
DNS,c3,193,0.120625,1.4238751328280806e-16,0.3531409453690374,0.0501088858640708,4096,0,0,1.0,0.0,0.0,0,0.0,0.0501088858640708,0.0
DNS,c3,194,0.12125,1.5305304620566743e-16,0.3534245970072181,0.05037066588540179,4096,0,0,1.0,0.0,0.0,0,0.0,0.05037066588540179,0.0
DNS,c3,195,0.121875,1.6464663006398373e-16,0.35373190475607613,0.05063281971150313,4096,0,0,1.0,0.0,0.0,0,0.0,0.05063281971150313,0.0
DNS,c3,196,0.1225,1.772700488077259e-16,0.35407918310158204,0.050895344114117794,4096,0,0,1.0,0.0,0.0,0,0.0,0.050895344114117794,0.0
DNS,c3,197,0.123125,1.9103848555596123e-16,0.35442152796197907,0.05115823585908617,4096,0,0,1.0,0.0,0.0,0,0.0,0.05115823585908617,0.0
DNS,c3,198,0.12375,2.060824169086765e-16,0.3547589371708083,0.051421491707116004,4096,0,0,1.0,0.0,0.0,0,0.0,0.051421491707116004,0.0
DNS,c3,199,0.124375,2.2254977424655346e-16,0.35509141238434005,0.05168510841452893,4096,0,0,1.0,0.0,0.0,0,0.0,0.05168510841452893,0.0
DNS,c3,200,0.125,2.4060840830045575e-16,0.35541895901595244,0.051949082733984395,4096,0,0,1.0,0.0,0.0,0,0.0,0.051949082733984395,0.0
DNS,c3,201,0.12562500000000001,2.6044889795617866e-16,0.3557415861668585,0.05221341141518129,4096,0,0,1.0,0.0,0.0,0,0.0,0.05221341141518129,0.0
DNS,c3,202,0.12625,2.822877495130199e-16,0.3560593065534076,0.052478091205537696,4096,0,0,1.0,0.0,0.0,0,0.0,0.052478091205537696,0.0
DNS,c3,203,0.12687500000000002,3.063710385015206e-16,0.3563721364311833,0.052743118850848786,4096,0,0,1.0,0.0,0.0,0,0.0,0.052743118850848786,0.0
DNS,c3,204,0.1275,3.3297855275764873e-16,0.3566800955161151,0.05300849109592312,4096,0,0,1.0,0.0,0.0,0,0.0,0.05300849109592312,0.0
DNS,c3,205,0.128125,3.624285028265152e-16,0.35698320690281715,0.053274204685197085,4096,0,0,1.0,0.0,0.0,0,0.0,0.053274204685197085,0.0
DNS,c3,206,0.12875,3.950828740153103e-16,0.35728149698036193,0.05354025636332777,4096,0,0,1.0,0.0,0.0,0,0.0,0.05354025636332777,0.0
DNS,c3,207,0.129375,4.3135350362829844e-16,0.3575749953456942,0.05380664287576399,4096,0,0,1.0,0.0,0.0,0,0.0,0.05380664287576399,0.0
DNS,c3,208,0.13,4.71708977201883e-16,0.3578637347148847,0.05407336096929558,4096,0,0,1.0,0.0,0.0,0,0.0,0.05407336096929558,0.0
DNS,c3,209,0.130625,5.166824490310434e-16,0.3581477508324199,0.05434040739258111,4096,0,0,1.0,0.0,0.0,0,0.0,0.05434040739258111,0.0
DNS,c3,210,0.13125,5.643299103398573e-16,0.35842708237871873,0.05460777889665375,4096,0,0,1.0,0.0,0.0,0,0.0,0.05460777889665375,0.0
DNS,c3,211,0.131875,6.091641728870921e-16,0.35870177087606453,0.05487547223540603,4096,0,0,1.0,0.0,0.0,0,0.0,0.05487547223540603,0.0
DNS,c3,212,0.1325,6.581273905404052e-16,0.35897186059313463,0.055143484166053164,4096,0,0,1.0,0.0,0.0,0,0.0,0.055143484166053164,0.0
DNS,c3,213,0.133125,7.11673009369992e-16,0.35923739844830666,0.05541181144957577,4096,0,0,1.0,0.0,0.0,0,0.0,0.05541181144957577,0.0
DNS,c3,214,0.13375,7.703108035938443e-16,0.35949843391191616,0.05568045085114212,4096,0,0,1.0,0.0,0.0,0,0.0,0.05568045085114212,0.0
DNS,c3,215,0.134375,8.346141991109817e-16,0.35975501890763556,0.05594939914051049,4096,0,0,1.0,0.0,0.0,0,0.0,0.05594939914051049,0.0
DNS,c3,216,0.135,9.052285412812154e-16,0.36000720771314043,0.05621865309241234,4096,0,0,1.0,0.0,0.0,0,0.0,0.05621865309241234,0.0
DNS,c3,217,0.135625,9.828804242481787e-16,0.36025505686022435,0.056488209486916796,4096,0,0,1.0,0.0,0.0,0,0.0,0.056488209486916796,0.0
DNS,c3,218,0.13625,1.0683882129229282e-15,0.36049862503451996,0.05675806510977714,4096,0,0,1.0,0.0,0.0,0,0.0,0.05675806510977714,0.0
DNS,c3,219,0.136875,1.1626739040942803e-15,0.3607379729749777,0.05702821675276032,4096,0,0,1.0,0.0,0.0,0,0.0,0.05702821675276032,0.0
DNS,c3,220,0.1375,1.2667764901662549e-15,0.3609731633732515,0.05729866121395978,4096,0,0,1.0,0.0,0.0,0,0.0,0.05729866121395978,0.0
DNS,c3,221,0.138125,1.3818670079144344e-15,0.3612042607731338,0.05756939529809293,4096,0,0,1.0,0.0,0.0,0,0.0,0.05756939529809293,0.0
DNS,c3,222,0.13875,1.5092654755897147e-15,0.3614313314701797,0.05784041581678362,4096,0,0,1.0,0.0,0.0,0,0.0,0.05784041581678362,0.0
DNS,c3,223,0.139375,1.650459944885248e-15,0.36165444341165404,0.058111719588830546,4096,0,0,1.0,0.0,0.0,0,0.0,0.058111719588830546,0.0
DNS,c3,224,0.14,1.807127919944722e-15,0.361873666096931,0.058383303440462525,4096,0,0,1.0,0.0,0.0,0,0.0,0.058383303440462525,0.0
DNS,c3,225,0.140625,1.9811604239723264e-15,0.3620890704784714,0.058655164205580965,4096,0,0,1.0,0.0,0.0,0,0.0,0.058655164205580965,0.0
DNS,c3,226,0.14125000000000001,2.1746890253738242e-15,0.3623007288634975,0.058927298725990555,4096,0,0,1.0,0.0,0.0,0,0.0,0.058927298725990555,0.0
DNS,c3,227,0.141875,2.3901161700050864e-15,0.3625087148164812,0.05919970385161867,4096,0,0,1.0,0.0,0.0,0,0.0,0.05919970385161867,0.0
DNS,c3,228,0.14250000000000002,2.6301492043461125e-15,0.36271310306255594,0.05947237644072409,4096,0,0,1.0,0.0,0.0,0,0.0,0.05947237644072409,0.0
DNS,c3,229,0.143125,2.897838516599853e-15,0.3629139693919578,0.05974531336009549,4096,0,0,1.0,0.0,0.0,0,0.0,0.05974531336009549,0.0
DNS,c3,230,0.14375000000000002,3.1966202692110786e-15,0.363111390565598,0.06001851148524033,4096,0,0,1.0,0.0,0.0,0,0.0,0.06001851148524033,0.0
DNS,c3,231,0.144375,3.53036424751874e-15,0.36330544422186156,0.060291967700564345,4096,0,0,1.0,0.0,0.0,0,0.0,0.060291967700564345,0.0
DNS,c3,232,0.145,3.903427405638375e-15,0.3634962087847245,0.06056567889954218,4096,0,0,1.0,0.0,0.0,0,0.0,0.06056567889954218,0.0
DNS,c3,233,0.145625,4.320713752699568e-15,0.3636837633732758,0.06083964198487937,4096,0,0,1.0,0.0,0.0,0,0.0,0.06083964198487937,0.0
DNS,c3,234,0.14625,4.787741290758349e-15,0.36386818771272583,0.06111385386866593,4096,0,0,1.0,0.0,0.0,0,0.0,0.06111385386866593,0.0
DNS,c3,235,0.146875,5.310716790630417e-15,0.36404956204697864,0.06138831147252172,4096,0,0,1.0,0.0,0.0,0,0.0,0.06138831147252172,0.0
DNS,c3,236,0.1475,5.8966192741599516e-15,0.36422796705283944,0.06166301172773394,4096,0,0,1.0,0.0,0.0,0,0.0,0.06166301172773394,0.0
DNS,c3,237,0.148125,6.445540249406489e-15,0.36446089424396244,0.061937951575386646,4096,0,0,1.0,0.0,0.0,0,0.0,0.061937951575386646,0.0
DNS,c3,238,0.14875,6.997736726857363e-15,0.36469825051156457,0.06221312796648251,4096,0,0,1.0,0.0,0.0,0,0.0,0.06221312796648251,0.0
DNS,c3,239,0.149375,7.602602510352533e-15,0.36493492882076367,0.06248853786205702,4096,0,0,1.0,0.0,0.0,0,0.0,0.06248853786205702,0.0
DNS,c3,240,0.15,8.265729529160409e-15,0.3651709366914148,0.06276417823328496,4096,0,0,1.0,0.0,0.0,0,0.0,0.06276417823328496,0.0
DNS,c3,241,0.150625,8.993344688912555e-15,0.3654062813741521,0.06304004606157951,4096,0,0,1.0,0.0,0.0,0,0.0,0.06304004606157951,0.0
DNS,c3,242,0.15125,9.792383178630688e-15,0.3656409698644158,0.06331613833868367,4096,0,0,1.0,0.0,0.0,0,0.0,0.06331613833868367,0.0
DNS,c3,243,0.151875,1.0670570055994393e-14,0.36587500891555375,0.06359245206675457,4096,0,0,1.0,0.0,0.0,0,0.0,0.06359245206675457,0.0
DNS,c3,244,0.1525,1.1636511003557312e-14,0.3661084050510464,0.06386898425844015,4096,0,0,1.0,0.0,0.0,0,0.0,0.06386898425844015,0.0
DNS,c3,245,0.153125,1.269979323918556e-14,0.3663411645759045,0.06414573193694878,4096,0,0,1.0,0.0,0.0,0,0.0,0.06414573193694878,0.0
DNS,c3,246,0.15375,1.3871097663103874e-14,0.3665732935872854,0.06442269213611172,4096,0,0,1.0,0.0,0.0,0,0.0,0.06442269213611172,0.0
DNS,c3,247,0.154375,1.516232343233343e-14,0.36680479798437376,0.06469986190043822,4096,0,0,1.0,0.0,0.0,0,0.0,0.06469986190043822,0.0
DNS,c3,248,0.155,1.6586726271789594e-14,0.3670356834775687,0.06497723828516405,4096,0,0,1.0,0.0,0.0,0,0.0,0.06497723828516405,0.0
DNS,c3,249,0.155625,1.8159071960739578e-14,0.36726595559702063,0.06525481835629283,4096,0,0,1.0,0.0,0.0,0,0.0,0.06525481835629283,0.0
DNS,c3,250,0.15625,1.9895806574626563e-14,0.3674956197005562,0.06553259919063086,4096,0,0,1.0,0.0,0.0,0,0.0,0.06553259919063086,0.0
DNS,c3,251,0.15687500000000001,2.1815245216447257e-14,0.3677246809810313,0.06581057787581529,4096,0,0,1.0,0.0,0.0,0,0.0,0.06581057787581529,0.0
DNS,c3,252,0.1575,2.3937781139998036e-14,0.36795314447314714,0.06608875151033597,4096,0,0,1.0,0.0,0.0,0,0.0,0.06608875151033597,0.0
DNS,c3,253,0.15812500000000002,2.6286117350536168e-14,0.36818101505976675,0.06636711720355103,4096,0,0,1.0,0.0,0.0,0,0.0,0.06636711720355103,0.0
DNS,c3,254,0.15875,2.888552296797747e-14,0.3684082974777634,0.06664567207569635,4096,0,0,1.0,0.0,0.0,0,0.0,0.06664567207569635,0.0
DNS,c3,255,0.15937500000000002,3.176411685500323e-14,0.3686349963234347,0.06692441325788945,4096,0,0,1.0,0.0,0.0,0,0.0,0.06692441325788945,0.0
DNS,c3,256,0.16,3.495318124880664e-14,0.36886111605751265,0.0672033378921273,4096,0,0,1.0,0.0,0.0,0,0.0,0.0672033378921273,0.0
DNS,c3,257,0.160625,3.848750839220614e-14,0.3690866610097979,0.06748244313127927,4096,0,0,1.0,0.0,0.0,0,0.0,0.06748244313127927,0.0
DNS,c3,258,0.16125,4.240578343913347e-14,0.3693116353834476,0.06776172613907425,4096,0,0,1.0,0.0,0.0,0,0.0,0.06776172613907425,0.0
DNS,c3,259,0.161875,4.675100721282865e-14,0.3695360432589416,0.06804118409008328,4096,0,0,1.0,0.0,0.0,0,0.0,0.06804118409008328,0.0
DNS,c3,260,0.1625,5.157096272432651e-14,0.3697598885977537,0.0683208141696969,4096,0,0,1.0,0.0,0.0,0,0.0,0.0683208141696969,0.0
DNS,c3,261,0.163125,5.691872971601755e-14,0.3699831752457497,0.06860061357409827,4096,0,0,1.0,0.0,0.0,0,0.0,0.06860061357409827,0.0
DNS,c3,262,0.16375,6.285325188236401e-14,0.3702059069363366,0.06888057951023167,4096,0,0,1.0,0.0,0.0,0,0.0,0.06888057951023167,0.0
DNS,c3,263,0.164375,6.943996183955569e-14,0.37042808729338295,0.06916070919576678,4096,0,0,1.0,0.0,0.0,0,0.0,0.06916070919576678,0.0
DNS,c3,264,0.165,7.6751469370458e-14,0.3706497198339307,0.06944099985905892,4096,0,0,1.0,0.0,0.0,0,0.0,0.06944099985905892,0.0
DNS,c3,265,0.165625,8.486831896326445e-14,0.37087080797071736,0.0697214487391056,4096,0,0,1.0,0.0,0.0,0,0.0,0.0697214487391056,0.0
DNS,c3,266,0.16625,9.209261915351678e-14,0.37109135501452634,0.07000205308549906,4096,0,0,1.0,0.0,0.0,0,0.0,0.07000205308549906,0.0
DNS,c3,267,0.166875,9.941826269634469e-14,0.3713113641763816,0.07028281015837543,4096,0,0,1.0,0.0,0.0,0,0.0,0.07028281015837543,0.0
DNS,c3,268,0.1675,1.0738193382706161e-13,0.3715308385696032,0.07056371722836066,4096,0,0,1.0,0.0,0.0,0,0.0,0.07056371722836066,0.0
DNS,c3,269,0.168125,1.1604475942420844e-13,0.3717497812117369,0.07084477157651282,4096,0,0,1.0,0.0,0.0,0,0.0,0.07084477157651282,0.0
DNS,c3,270,0.16875,1.2547406387402656e-13,0.3719681950263733,0.07112597049426148,4096,0,0,1.0,0.0,0.0,0,0.0,0.07112597049426148,0.0
DNS,c3,271,0.169375,1.3574400086386814e-13,0.37218608284486715,0.07140731128334404,4096,0,0,1.0,0.0,0.0,0,0.0,0.07140731128334404,0.0
DNS,c3,272,0.17,1.4693624748921413e-13,0.37240344740797054,0.07168879125573921,4096,0,0,1.0,0.0,0.0,0,0.0,0.07168879125573921,0.0
DNS,c3,273,0.170625,1.591407664833071e-13,0.3726202913673899,0.07197040773359742,4096,0,0,1.0,0.0,0.0,0,0.0,0.07197040773359742,0.0
DNS,c3,274,0.17125,1.7245664288270793e-13,0.37283661728727724,0.07225215804916876,4096,0,0,1.0,0.0,0.0,0,0.0,0.07225215804916876,0.0
DNS,c3,275,0.171875,1.8699300198663758e-13,0.37305242764566515,0.07253403954472809,4096,0,0,1.0,0.0,0.0,0,0.0,0.07253403954472809,0.0
DNS,c3,276,0.17250000000000001,2.0287001605567805e-13,0.37326772483585424,0.07281604957249765,4096,0,0,1.0,0.0,0.0,0,0.0,0.07281604957249765,0.0
DNS,c3,277,0.173125,2.2022000782937031e-13,0.373482511167761,0.07309818549456709,4096,0,0,1.0,0.0,0.0,0,0.0,0.07309818549456709,0.0
DNS,c3,278,0.17375000000000002,2.391886596257504e-13,0.37369678886923324,0.07338044468281105,4096,0,0,1.0,0.0,0.0,0,0.0,0.07338044468281105,0.0
DNS,c3,279,0.174375,2.5993633752240224e-13,0.37391056008734036,0.07366282451880428,4096,0,0,1.0,0.0,0.0,0,0.0,0.07366282451880428,0.0
DNS,c3,280,0.17500000000000002,2.82639540911886e-13,0.3741238268896437,0.07394532239373455,4096,0,0,1.0,0.0,0.0,0,0.0,0.07394532239373455,0.0
DNS,c3,281,0.175625,3.0749248857836115e-13,0.3743396585690699,0.07422793570831308,4096,0,0,1.0,0.0,0.0,0,0.0,0.07422793570831308,0.0
DNS,c3,282,0.17625,3.34708853361045e-13,0.37462892579984225,0.07451066187268271,4096,0,0,1.0,0.0,0.0,0,0.0,0.07451066187268271,0.0
DNS,c3,283,0.176875,3.6452365845825153e-13,0.3749129715942628,0.07479349830632392,4096,0,0,1.0,0.0,0.0,0,0.0,0.07479349830632392,0.0
DNS,c3,284,0.1775,3.97195349487842e-13,0.3751918772512083,0.07507644243795866,4096,0,0,1.0,0.0,0.0,0,0.0,0.07507644243795866,0.0
DNS,c3,285,0.178125,4.3300805756095145e-13,0.37546572503295417,0.07535949170545192,4096,0,0,1.0,0.0,0.0,0,0.0,0.07535949170545192,0.0
DNS,c3,286,0.17875,4.722740698510947e-13,0.3757345980788194,0.07564264355571125,4096,0,0,1.0,0.0,0.0,0,0.0,0.07564264355571125,0.0
DNS,c3,287,0.179375,5.153365254557691e-13,0.375998580320512,0.0759258954445843,4096,0,0,1.0,0.0,0.0,0,0.0,0.0759258954445843,0.0
DNS,c3,288,0.18,5.625723557583308e-13,0.3762577563992095,0.07620924483675415,4096,0,0,1.0,0.0,0.0,0,0.0,0.07620924483675415,0.0
DNS,c3,289,0.180625,6.143954900104579e-13,0.3765122115844073,0.07649268920563283,4096,0,0,1.0,0.0,0.0,0,0.0,0.07649268920563283,0.0
DNS,c3,290,0.18125,6.71260348476468e-13,0.3767620316945616,0.07677622603325274,4096,0,0,1.0,0.0,0.0,0,0.0,0.07677622603325274,0.0
DNS,c3,291,0.181875,7.336656472170836e-13,0.37700730301955504,0.07705985281015632,4096,0,0,1.0,0.0,0.0,0,0.0,0.07705985281015632,0.0
DNS,c3,292,0.1825,8.021585404492171e-13,0.37724811224500565,0.07734356703528375,4096,0,0,1.0,0.0,0.0,0,0.0,0.07734356703528375,0.0
DNS,c3,293,0.183125,8.773391284077036e-13,0.37748454637844103,0.07762736621585897,4096,0,0,1.0,0.0,0.0,0,0.0,0.07762736621585897,0.0
DNS,c3,294,0.18375,9.598653607627448e-13,0.37771669267735364,0.07791124786727385,4096,0,0,1.0,0.0,0.0,0,0.0,0.07791124786727385,0.0
DNS,c3,295,0.184375,1.0359005405046184e-12,0.37794463857915234,0.07819520951297075,4096,0,0,1.0,0.0,0.0,0,0.0,0.07819520951297075,0.0
DNS,c3,296,0.185,1.1080492121419769e-12,0.3781684716330214,0.07847924868432335,4096,0,0,1.0,0.0,0.0,0,0.0,0.07847924868432335,0.0
DNS,c3,297,0.185625,1.1857683566518615e-12,0.3783882794336966,0.078763362920516,4096,0,0,1.0,0.0,0.0,0,0.0,0.078763362920516,0.0
DNS,c3,298,0.18625,1.2695368379000536e-12,0.3786041495571641,0.07904754976842165,4096,0,0,1.0,0.0,0.0,0,0.0,0.07904754976842165,0.0
DNS,c3,299,0.186875,1.3598770793007483e-12,0.37881616949828734,0.07933180678247795,4096,0,0,1.0,0.0,0.0,0,0.0,0.07933180678247795,0.0
DNS,c3,300,0.1875,1.4573590110450321e-12,0.37902442661036184,0.07961613152456247,4096,0,0,1.0,0.0,0.0,0,0.0,0.07961613152456247,0.0
DNS,c3,301,0.18812500000000001,1.5626043594498922e-12,0.37922900804659854,0.07990052156386616,4096,0,0,1.0,0.0,0.0,0,0.0,0.07990052156386616,0.0
DNS,c3,302,0.18875,1.6762913061512618e-12,0.37943000070353167,0.08018497447676588,4096,0,0,1.0,0.0,0.0,0,0.0,0.08018497447676588,0.0
DNS,c3,303,0.18937500000000002,1.799159546933683e-12,0.3796274911663461,0.08046948784669547,4096,0,0,1.0,0.0,0.0,0,0.0,0.08046948784669547,0.0
DNS,c3,304,0.19,1.9320157821982813e-12,0.3798215656561167,0.08075405926401583,4096,0,0,1.0,0.0,0.0,0,0.0,0.08075405926401583,0.0
DNS,c3,305,0.19062500000000002,2.0757396734283027e-12,0.38001230997895014,0.0810386863258841,4096,0,0,1.0,0.0,0.0,0,0.0,0.0810386863258841,0.0
DNS,c3,306,0.19125,2.2312903025262783e-12,0.3801998094770177,0.08132336663612137,4096,0,0,1.0,0.0,0.0,0,0.0,0.08132336663612137,0.0
DNS,c3,307,0.19187500000000002,2.399713173578243e-12,0.3803841489814656,0.08160809780508005,4096,0,0,1.0,0.0,0.0,0,0.0,0.08160809780508005,0.0
DNS,c3,308,0.1925,2.5821477994580794e-12,0.3805654127671877,0.08189287744950992,4096,0,0,1.0,0.0,0.0,0,0.0,0.08189287744950992,0.0
DNS,c3,309,0.193125,2.7798359187291778e-12,0.3807436845094439,0.08217770319242362,4096,0,0,1.0,0.0,0.0,0,0.0,0.08217770319242362,0.0
DNS,c3,310,0.19375,2.9941303915419564e-12,0.3809190472423055,0.08246257266296128,4096,0,0,1.0,0.0,0.0,0,0.0,0.08246257266296128,0.0
DNS,c3,311,0.194375,3.226504826675566e-12,0.3810915833189078,0.0827474834962546,4096,0,0,1.0,0.0,0.0,0,0.0,0.0827474834962546,0.0
DNS,c3,312,0.195,3.478563995542093e-12,0.3812613743734879,0.08303243333329025,4096,0,0,1.0,0.0,0.0,0,0.0,0.08303243333329025,0.0
DNS,c3,313,0.195625,3.752055092874108e-12,0.3814285012851856,0.08331741982077259,4096,0,0,1.0,0.0,0.0,0,0.0,0.08331741982077259,0.0
DNS,c3,314,0.19625,4.048879907964339e-12,0.3815930441435827,0.0836024406109861,4096,0,0,1.0,0.0,0.0,0,0.0,0.0836024406109861,0.0
DNS,c3,315,0.196875,4.371107974733128e-12,0.38175508221595583,0.08388749336165731,4096,0,0,1.0,0.0,0.0,0,0.0,0.08388749336165731,0.0
DNS,c3,316,0.1975,4.7209907735791744e-12,0.38191469391621613,0.08417257573581616,4096,0,0,1.0,0.0,0.0,0,0.0,0.08417257573581616,0.0
DNS,c3,317,0.198125,5.100977062936716e-12,0.3820719567755082,0.08445768540165721,4096,0,0,1.0,0.0,0.0,0,0.0,0.08445768540165721,0.0
DNS,c3,318,0.19875,5.513729423732993e-12,0.3822269474144407,0.08474282003240059,4096,0,0,1.0,0.0,0.0,0,0.0,0.08474282003240059,0.0
DNS,c3,319,0.199375,5.9621421055298e-12,0.3823797415169184,0.08502797730615244,4096,0,0,1.0,0.0,0.0,0,0.0,0.08502797730615244,0.0
DNS,c3,320,0.2,6.449360269058763e-12,0.38253041380554625,0.08531315490576535,4096,0,0,1.0,0.0,0.0,0,0.0,0.08531315490576535,0.0
DNS,c3,321,0.200625,6.978800726139217e-12,0.3826790380185748,0.08559835051869868,4096,0,0,1.0,0.0,0.0,0,0.0,0.08559835051869868,0.0
DNS,c3,322,0.20125,7.554174284618396e-12,0.38282568688835494,0.08588356183687854,4096,0,0,1.0,0.0,0.0,0,0.0,0.08588356183687854,0.0
DNS,c3,323,0.201875,8.179509813014995e-12,0.3829704321212712,0.08616878655655791,4096,0,0,1.0,0.0,0.0,0,0.0,0.08616878655655791,0.0
DNS,c3,324,0.2025,8.708657927021508e-12,0.3831133443791197,0.08645402237817656,4096,0,0,1.0,0.0,0.0,0,0.0,0.08645402237817656,0.0
DNS,c3,325,0.203125,9.237281412183082e-12,0.3832544932618994,0.08673926700622103,4096,0,0,1.0,0.0,0.0,0,0.0,0.08673926700622103,0.0
DNS,c3,326,0.20375000000000001,9.80232289351105e-12,0.38341051248546465,0.0870245181490846,4096,0,0,1.0,0.0,0.0,0,0.0,0.0870245181490846,0.0
DNS,c3,327,0.204375,1.0406622141942575e-11,0.3836012455422839,0.08730977351892737,4096,0,0,1.0,0.0,0.0,0,0.0,0.08730977351892737,0.0
DNS,c3,328,0.20500000000000002,1.1053252646033766e-11,0.38379150665260725,0.08759503083153639,4096,0,0,1.0,0.0,0.0,0,0.0,0.08759503083153639,0.0
DNS,c3,329,0.205625,1.1745540542084236e-11,0.38398129571767936,0.08788028780618584,4096,0,0,1.0,0.0,0.0,0,0.0,0.08788028780618584,0.0
DNS,c3,330,0.20625000000000002,1.2487084992465815e-11,0.38424038683420847,0.0881655421654976,4096,0,0,1.0,0.0,0.0,0,0.0,0.0881655421654976,0.0
DNS,c3,331,0.206875,1.32817801145711e-11,0.3845318950978093,0.08845079163530171,4096,0,0,1.0,0.0,0.0,0,0.0,0.08845079163530171,0.0
DNS,c3,332,0.20750000000000002,1.4133838569387089e-11,0.3848166115019392,0.08873603394449725,4096,0,0,1.0,0.0,0.0,0,0.0,0.08873603394449725,0.0
DNS,c3,333,0.208125,1.504781692566674e-11,0.3850946572365233,0.08902126682491338,4096,0,0,1.0,0.0,0.0,0,0.0,0.08902126682491338,0.0
DNS,c3,334,0.20875,1.602864292303547e-11,0.38536615376587763,0.08930648801117073,4096,0,0,1.0,0.0,0.0,0,0.0,0.08930648801117073,0.0
DNS,c3,335,0.209375,1.7081644765149886e-11,0.38563122275087997,0.08959169524054303,4096,0,0,1.0,0.0,0.0,0,0.0,0.08959169524054303,0.0
DNS,c3,336,0.21,1.8212582582242402e-11,0.38588998597295404,0.0898768862528191,4096,0,0,1.0,0.0,0.0,0,0.0,0.0898768862528191,0.0
DNS,c3,337,0.210625,1.9427682211059053e-11,0.3861425652598863,0.0901620587901653,4096,0,0,1.0,0.0,0.0,0,0.0,0.0901620587901653,0.0
DNS,c3,338,0.21125,2.0733671449349943e-11,0.38638908241349096,0.09044721059698821,4096,0,0,1.0,0.0,0.0,0,0.0,0.09044721059698821,0.0
DNS,c3,339,0.211875,2.2137818951725628e-11,0.38662965913913827,0.09073233941979801,4096,0,0,1.0,0.0,0.0,0,0.0,0.09073233941979801,0.0
DNS,c3,340,0.2125,2.3647975943870883e-11,0.38686441697715584,0.09101744300707205,4096,0,0,1.0,0.0,0.0,0,0.0,0.09101744300707205,0.0
DNS,c3,341,0.213125,2.5272620942834538e-11,0.38709347723611354,0.09130251910911918,4096,0,0,1.0,0.0,0.0,0,0.0,0.09130251910911918,0.0
DNS,c3,342,0.21375,2.7020907682415043e-11,0.3873169609279981,0.09158756547794444,4096,0,0,1.0,0.0,0.0,0,0.0,0.09158756547794444,0.0
DNS,c3,343,0.214375,2.8902716454562245e-11,0.3875349887052822,0.09187257986711447,4096,0,0,1.0,0.0,0.0,0,0.0,0.09187257986711447,0.0
DNS,c3,344,0.215,3.0928709090243235e-11,0.3877476807998903,0.09215756003162344,4096,0,0,1.0,0.0,0.0,0,0.0,0.09215756003162344,0.0
DNS,c3,345,0.215625,3.3110387816401796e-11,0.38795515696406163,0.0924425037277597,4096,0,0,1.0,0.0,0.0,0,0.0,0.0924425037277597,0.0
DNS,c3,346,0.21625,3.546015823950553e-11,0.3881575364131085,0.09272740871297303,4096,0,0,1.0,0.0,0.0,0,0.0,0.09272740871297303,0.0
DNS,c3,347,0.216875,3.799139672075183e-11,0.3883549377700661,0.09301227274574272,4096,0,0,1.0,0.0,0.0,0,0.0,0.09301227274574272,0.0
DNS,c3,348,0.2175,4.071852242332379e-11,0.3885474790122279,0.09329709358544638,4096,0,0,1.0,0.0,0.0,0,0.0,0.09329709358544638,0.0
DNS,c3,349,0.218125,4.3657074328181606e-11,0.3887352774195602,0.09358186899222945,4096,0,0,1.0,0.0,0.0,0,0.0,0.09358186899222945,0.0
DNS,c3,350,0.21875,4.682379353177615e-11,0.3889184495249843,0.0938665967268757,4096,0,0,1.0,0.0,0.0,0,0.0,0.0938665967268757,0.0
DNS,c3,351,0.21937500000000001,5.0236711156813e-11,0.38909711106651756,0.09415127455067841,4096,0,0,1.0,0.0,0.0,0,0.0,0.09415127455067841,0.0
DNS,c3,352,0.22,5.3360124260764414e-11,0.38927137694125935,0.09443590022531272,4096,0,0,1.0,0.0,0.0,0,0.0,0.09443590022531272,0.0
DNS,c3,353,0.22062500000000002,5.61849691798982e-11,0.3894413611612076,0.09472047151270861,4096,0,0,1.0,0.0,0.0,0,0.0,0.09472047151270861,0.0
DNS,c3,354,0.22125,5.918433436057683e-11,0.38960717681089047,0.09500498617492509,4096,0,0,1.0,0.0,0.0,0,0.0,0.09500498617492509,0.0
DNS,c3,355,0.22187500000000002,6.23706641362492e-11,0.38976893600679624,0.09528944197402525,4096,0,0,1.0,0.0,0.0,0,0.0,0.09528944197402525,0.0
DNS,c3,356,0.2225,6.575733698640496e-11,0.3899267498585819,0.09557383667195246,4096,0,0,1.0,0.0,0.0,0,0.0,0.09557383667195246,0.0
DNS,c3,357,0.22312500000000002,6.935873371338307e-11,0.3900807284320414,0.09585816803040752,4096,0,0,1.0,0.0,0.0,0,0.0,0.09585816803040752,0.0
DNS,c3,358,0.22375,7.319031026285328e-11,0.39023098071381207,0.09614243381072708,4096,0,0,1.0,0.0,0.0,0,0.0,0.09614243381072708,0.0
DNS,c3,359,0.224375,7.726867547713154e-11,0.3903776145777971,0.09642663177376297,4096,0,0,1.0,0.0,0.0,0,0.0,0.09642663177376297,0.0
DNS,c3,360,0.225,8.161167408665772e-11,0.39052073675328064,0.09671075967976295,4096,0,0,1.0,0.0,0.0,0,0.0,0.09671075967976295,0.0
DNS,c3,361,0.225625,8.623847526192093e-11,0.390660452794711,0.09699481528825243,4096,0,0,1.0,0.0,0.0,0,0.0,0.09699481528825243,0.0
DNS,c3,362,0.22625,9.116966706589552e-11,0.39079686705312766,0.09727879635791757,4096,0,0,1.0,0.0,0.0,0,0.0,0.09727879635791757,0.0
DNS,c3,363,0.226875,9.642735716568195e-11,0.39093008264920426,0.09756270064648956,4096,0,0,1.0,0.0,0.0,0,0.0,0.09756270064648956,0.0
DNS,c3,364,0.2275,1.0203528018156618e-10,0.39106020144788234,0.09784652591063016,4096,0,0,1.0,0.0,0.0,0,0.0,0.09784652591063016,0.0
DNS,c3,365,0.228125,1.080189120721514e-10,0.39118732403456713,0.09813026990581866,4096,0,0,1.0,0.0,0.0,0,0.0,0.09813026990581866,0.0
DNS,c3,366,0.22875,1.1440559197561443e-10,0.39131154969285714,0.09841393038624,4096,0,0,1.0,0.0,0.0,0,0.0,0.09841393038624,0.0
DNS,c3,367,0.229375,1.212246519495309e-10,0.3914329763837789,0.09869750510467444,4096,0,0,1.0,0.0,0.0,0,0.0,0.09869750510467444,0.0
DNS,c3,368,0.23,1.2850755507513653e-10,0.39155170072649703,0.09898099181238844,4096,0,0,1.0,0.0,0.0,0,0.0,0.09898099181238844,0.0
DNS,c3,369,0.230625,1.3628804241638408e-10,0.39166781798046985,0.09926438825902711,4096,0,0,1.0,0.0,0.0,0,0.0,0.09926438825902711,0.0
DNS,c3,370,0.23125,1.4460228934975724e-10,0.3917814220290198,0.09954769219250795,4096,0,0,1.0,0.0,0.0,0,0.0,0.09954769219250795,0.0
DNS,c3,371,0.231875,1.5348907180755225e-10,0.391892605364288,0.09983090135891617,4096,0,0,1.0,0.0,0.0,0,0.0,0.09983090135891617,0.0
DNS,c3,372,0.2325,1.6298994300527772e-10,0.39205714038737355,0.10011401350240148,4096,0,0,1.0,0.0,0.0,0,0.0,0.10011401350240148,0.0
DNS,c3,373,0.233125,1.7314942125299543e-10,0.39229683729883297,0.10039702636507625,4096,0,0,1.0,0.0,0.0,0,0.0,0.10039702636507625,0.0
DNS,c3,374,0.23375,1.8401518948087042e-10,0.39252924350146845,0.10067993768691544,4096,0,0,1.0,0.0,0.0,0,0.0,0.10067993768691544,0.0
DNS,c3,375,0.234375,1.9563830714096426e-10,0.39275450845482934,0.10096274520565784,4096,0,0,1.0,0.0,0.0,0,0.0,0.10096274520565784,0.0
DNS,c3,376,0.23500000000000001,2.0807343518043294e-10,0.3929727812523375,0.10124544665670918,4096,0,0,1.0,0.0,0.0,0,0.0,0.10124544665670918,0.0
DNS,c3,377,0.235625,2.213790748158282e-10,0.3931842105511388,0.10152803977304645,4096,0,0,1.0,0.0,0.0,0,0.0,0.10152803977304645,0.0
DNS,c3,378,0.23625000000000002,2.356178208741925e-10,0.3933889445038603,0.10181052228512436,4096,0,0,1.0,0.0,0.0,0,0.0,0.10181052228512436,0.0
DNS,c3,379,0.236875,2.508566305041333e-10,0.39358713069228474,0.10209289192078293,4096,0,0,1.0,0.0,0.0,0,0.0,0.10209289192078293,0.0
DNS,c3,380,0.23750000000000002,2.634624895591722e-10,0.39377891606295157,0.10237514640515723,4096,0,0,1.0,0.0,0.0,0,0.0,0.10237514640515723,0.0
DNS,c3,381,0.238125,2.7575883942915805e-10,0.3939644468646921,0.10265728346058843,4096,0,0,1.0,0.0,0.0,0,0.0,0.10265728346058843,0.0
DNS,c3,382,0.23875000000000002,2.887461796333509e-10,0.3941438685881029,0.10293930080653683,4096,0,0,1.0,0.0,0.0,0,0.0,0.10293930080653683,0.0
DNS,c3,383,0.239375,3.024700545527713e-10,0.3943173259069598,0.1032211961594966,4096,0,0,1.0,0.0,0.0,0,0.0,0.1032211961594966,0.0
DNS,c3,384,0.24,3.169791428852726e-10,0.3944849626215737,0.10350296723291216,4096,0,0,1.0,0.0,0.0,0,0.0,0.10350296723291216,0.0
DNS,c3,385,0.240625,3.323254643626093e-10,0.394646921604085,0.10378461173709656,4096,0,0,1.0,0.0,0.0,0,0.0,0.10378461173709656,0.0
DNS,c3,386,0.24125,3.485645990365788e-10,0.39480334474569395,0.10406612737915152,4096,0,0,1.0,0.0,0.0,0,0.0,0.10406612737915152,0.0
DNS,c3,387,0.241875,3.657559198249481e-10,0.39495437290582003,0.1043475118628894,4096,0,0,1.0,0.0,0.0,0,0.0,0.1043475118628894,0.0
DNS,c3,388,0.2425,3.839628390414355e-10,0.39510014586318326,0.10462876288875698,4096,0,0,1.0,0.0,0.0,0,0.0,0.10462876288875698,0.0
DNS,c3,389,0.243125,4.0325306966896113e-10,0.3952408022687974,0.10490987815376124,4096,0,0,1.0,0.0,0.0,0,0.0,0.10490987815376124,0.0
DNS,c3,390,0.24375,4.2369890217174993e-10,0.3953764796008634,0.10519085535139687,4096,0,0,1.0,0.0,0.0,0,0.0,0.10519085535139687,0.0
DNS,c3,391,0.244375,4.453774976797169e-10,0.3955073141215508,0.10547169217157591,4096,0,0,1.0,0.0,0.0,0,0.0,0.10547169217157591,0.0
DNS,c3,392,0.245,4.683711984179257e-10,0.39563344083565083,0.10575238630055919,4096,0,0,1.0,0.0,0.0,0,0.0,0.10575238630055919,0.0
DNS,c3,393,0.245625,4.927678562948401e-10,0.39575499345108617,0.10603293542088989,4096,0,0,1.0,0.0,0.0,0,0.0,0.10603293542088989,0.0
DNS,c3,394,0.24625,5.186611806056297e-10,0.39587210434125897,0.10631333721132885,4096,0,0,1.0,0.0,0.0,0,0.0,0.10631333721132885,0.0
DNS,c3,395,0.246875,5.461511058509869e-10,0.3959849045092176,0.10659358934679229,4096,0,0,1.0,0.0,0.0,0,0.0,0.10659358934679229,0.0
DNS,c3,396,0.2475,5.753441807178219e-10,0.3960935235536219,0.10687368949829114,4096,0,0,1.0,0.0,0.0,0,0.0,0.10687368949829114,0.0
DNS,c3,397,0.248125,6.063539793158683e-10,0.39619808963648495,0.10715363533287271,4096,0,0,1.0,0.0,0.0,0,0.0,0.10715363533287271,0.0
DNS,c3,398,0.24875,6.393015358136975e-10,0.39629872945266803,0.10743342451356433,4096,0,0,1.0,0.0,0.0,0,0.0,0.10743342451356433,0.0
DNS,c3,399,0.249375,6.743158036689695e-10,0.39639556820110466,0.10771305469931906,4096,0,0,1.0,0.0,0.0,0,0.0,0.10771305469931906,0.0
DNS,c3,400,0.25,7.115341407009809e-10,0.3964887295577286,0.10799252354496351,4096,0,0,1.0,0.0,0.0,0,0.0,0.10799252354496351,0.0
DNS,c3,401,0.250625,7.5110282130876e-10,0.3965783356500794,0.10827182870114786,4096,0,0,1.0,0.0,0.0,0,0.0,0.10827182870114786,0.0
DNS,c3,402,0.25125000000000003,7.931775771951573e-10,0.39674130836561267,0.10855096781429792,4096,0,0,1.0,0.0,0.0,0,0.0,0.10855096781429792,0.0
DNS,c3,403,0.251875,8.379241680166431e-10,0.39692627690845306,0.10882993852656936,4096,0,0,1.0,0.0,0.0,0,0.0,0.10882993852656936,0.0
DNS,c3,404,0.2525,8.855189834398902e-10,0.39711039500533146,0.10910873847580417,4096,0,0,1.0,0.0,0.0,0,0.0,0.10910873847580417,0.0
DNS,c3,405,0.253125,9.36149678149763e-10,0.39729367481223304,0.1093873652954892,4096,0,0,1.0,0.0,0.0,0,0.0,0.1093873652954892,0.0
DNS,c3,406,0.25375000000000003,9.900158414190825e-10,0.3974761283167374,0.10966581661471697,4096,0,0,1.0,0.0,0.0,0,0.0,0.10966581661471697,0.0
DNS,c3,407,0.254375,1.0383577543267392e-09,0.3976577673380241,0.10994409005814874,4096,0,0,1.0,0.0,0.0,0,0.0,0.10994409005814874,0.0
DNS,c3,408,0.255,1.0811586803379539e-09,0.39783860352697104,0.11022218324597961,4096,0,0,1.0,0.0,0.0,0,0.0,0.11022218324597961,0.0
DNS,c3,409,0.255625,1.1261558591600022e-09,0.3980186483663426,0.11050009379390606,4096,0,0,1.0,0.0,0.0,0,0.0,0.11050009379390606,0.0
DNS,c3,410,0.25625,1.1734838978199483e-09,0.39821604631804103,0.11077781931309558,4096,0,0,1.0,0.0,0.0,0,0.0,0.11077781931309558,0.0
DNS,c3,411,0.256875,1.2232859494572926e-09,0.398426992770917,0.11105535741015876,4096,0,0,1.0,0.0,0.0,0,0.0,0.11105535741015876,0.0
DNS,c3,412,0.2575,1.2757142262758043e-09,0.39863581359740136,0.11133270568712339,4096,0,0,1.0,0.0,0.0,0,0.0,0.11133270568712339,0.0
DNS,c3,413,0.258125,1.3309305405559564e-09,0.3988425518608542,0.11160986174141105,4096,0,0,1.0,0.0,0.0,0,0.0,0.11160986174141105,0.0
DNS,c3,414,0.25875,1.3891068750993392e-09,0.3990472501195834,0.11188682316581595,4096,0,0,1.0,0.0,0.0,0,0.0,0.11188682316581595,0.0
DNS,c3,415,0.259375,1.4504259845346564e-09,0.3992499504214411,0.11216358754848596,4096,0,0,1.0,0.0,0.0,0,0.0,0.11216358754848596,0.0
DNS,c3,416,0.26,1.5150820289751485e-09,0.39945069429884467,0.11244015247290619,4096,0,0,1.0,0.0,0.0,0,0.0,0.11244015247290619,0.0
DNS,c3,417,0.260625,1.5832812415796063e-09,0.39964952276421295,0.11271651551788461,4096,0,0,1.0,0.0,0.0,0,0.0,0.11271651551788461,0.0
DNS,c3,418,0.26125,1.6552426316335743e-09,0.3998464763058088,0.11299267425754031,4096,0,0,1.0,0.0,0.0,0,0.0,0.11299267425754031,0.0
DNS,c3,419,0.261875,1.731198724833951e-09,0.40004159488397745,0.11326862626129389,4096,0,0,1.0,0.0,0.0,0,0.0,0.11326862626129389,0.0
DNS,c3,420,0.2625,1.8113963425290164e-09,0.4002349179277734,0.11354436909386034,4096,0,0,1.0,0.0,0.0,0,0.0,0.11354436909386034,0.0
DNS,c3,421,0.263125,1.8960974217370104e-09,0.40043692661667635,0.1138199003152442,4096,0,0,1.0,0.0,0.0,0,0.0,0.1138199003152442,0.0
DNS,c3,422,0.26375,1.9855798778397897e-09,0.40066844542322305,0.11409521748073712,4096,0,0,1.0,0.0,0.0,0,0.0,0.11409521748073712,0.0
DNS,c3,423,0.264375,2.08013851192387e-09,0.40089595387877774,0.11437031814091797,4096,0,0,1.0,0.0,0.0,0,0.0,0.11437031814091797,0.0
DNS,c3,424,0.265,2.1800859648193394e-09,0.4011195356251597,0.11464519984165508,4096,0,0,1.0,0.0,0.0,0,0.0,0.11464519984165508,0.0
DNS,c3,425,0.265625,2.2857537199677812e-09,0.4013392736068479,0.1149198601241112,4096,0,0,1.0,0.0,0.0,0,0.0,0.1149198601241112,0.0
DNS,c3,426,0.26625,2.3974931573334946e-09,0.4015552500506997,0.11519429652475052,4096,0,0,1.0,0.0,0.0,0,0.0,0.11519429652475052,0.0
DNS,c3,427,0.26687500000000003,2.515676660658024e-09,0.4017675464465621,0.11546850657534845,4096,0,0,1.0,0.0,0.0,0,0.0,0.11546850657534845,0.0
DNS,c3,428,0.2675,2.640698780446317e-09,0.4019762435287659,0.1157424878030037,4096,0,0,1.0,0.0,0.0,0,0.0,0.1157424878030037,0.0
DNS,c3,429,0.268125,2.7729774551638012e-09,0.40218142125849216,0.11601623773015275,4096,0,0,1.0,0.0,0.0,0,0.0,0.11601623773015275,0.0
DNS,c3,430,0.26875,2.9129552932173336e-09,0.40238315880699993,0.11628975387458691,4096,0,0,1.0,0.0,0.0,0,0.0,0.11628975387458691,0.0
DNS,c3,431,0.26937500000000003,3.061100918389381e-09,0.402581534539703,0.1165630337494716,4096,0,0,1.0,0.0,0.0,0,0.0,0.1165630337494716,0.0
DNS,c3,432,0.27,3.2179103814939727e-09,0.40277662600108527,0.11683607486336846,4096,0,0,1.0,0.0,0.0,0,0.0,0.11683607486336846,0.0
DNS,c3,433,0.270625,3.3839086411249916e-09,0.40296850990044125,0.11710887472025952,4096,0,0,1.0,0.0,0.0,0,0.0,0.11710887472025952,0.0
DNS,c3,434,0.27125,3.5221693863485026e-09,0.40315726209843045,0.1173814308195742,4096,0,0,1.0,0.0,0.0,0,0.0,0.1173814308195742,0.0
DNS,c3,435,0.27187500000000003,3.6516790808856288e-09,0.40334295759443195,0.1176537406562185,4096,0,0,1.0,0.0,0.0,0,0.0,0.1176537406562185,0.0
DNS,c3,436,0.2725,3.787329601563282e-09,0.40352567051468685,0.11792580172060692,4096,0,0,1.0,0.0,0.0,0,0.0,0.11792580172060692,0.0
DNS,c3,437,0.273125,3.9294734609557396e-09,0.4037054741012153,0.11819761149869663,4096,0,0,1.0,0.0,0.0,0,0.0,0.11819761149869663,0.0
DNS,c3,438,0.27375,4.07848387608089e-09,0.4038824407014944,0.11846916747202435,4096,0,0,1.0,0.0,0.0,0,0.0,0.11846916747202435,0.0
DNS,c3,439,0.274375,4.234755901518735e-09,0.40405664175888334,0.11874046711774555,4096,0,0,1.0,0.0,0.0,0,0.0,0.11874046711774555,0.0
DNS,c3,440,0.275,4.398707618412218e-09,0.40422814780378236,0.1190115079086762,4096,0,0,1.0,0.0,0.0,0,0.0,0.1190115079086762,0.0
DNS,c3,441,0.275625,4.5707813817819325e-09,0.4043970284455112,0.11928228731333715,4096,0,0,1.0,0.0,0.0,0,0.0,0.11928228731333715,0.0
DNS,c3,442,0.27625,4.751445128676174e-09,0.4045633523648927,0.11955280279600064,4096,0,0,1.0,0.0,0.0,0,0.0,0.11955280279600064,0.0
DNS,c3,443,0.276875,4.941193749770287e-09,0.4047271873075278,0.11982305181673979,4096,0,0,1.0,0.0,0.0,0,0.0,0.11982305181673979,0.0
DNS,c3,444,0.2775,5.140550527124405e-09,0.404888600077747,0.12009303183148021,4096,0,0,1.0,0.0,0.0,0,0.0,0.12009303183148021,0.0
DNS,c3,445,0.278125,5.3500686409064465e-09,0.40504765653322405,0.12036274029205421,4096,0,0,1.0,0.0,0.0,0,0.0,0.12036274029205421,0.0
DNS,c3,446,0.27875,5.570332747987723e-09,0.4052044215802374,0.12063217464625758,4096,0,0,1.0,0.0,0.0,0,0.0,0.12063217464625758,0.0
DNS,c3,447,0.279375,5.801960635421736e-09,0.4053589591695642,0.12090133233790884,4096,0,0,1.0,0.0,0.0,0,0.0,0.12090133233790884,0.0
DNS,c3,448,0.28,6.045604951922736e-09,0.40551133229299313,0.12117021080691086,4096,0,0,1.0,0.0,0.0,0,0.0,0.12117021080691086,0.0
DNS,c3,449,0.280625,6.301955020569437e-09,0.4056616029804399,0.1214388074893151,4096,0,0,1.0,0.0,0.0,0,0.0,0.1214388074893151,0.0
DNS,c3,450,0.28125,6.571738736070924e-09,0.40580983229765233,0.1217071198173883,4096,0,0,1.0,0.0,0.0,0,0.0,0.1217071198173883,0.0
DNS,c3,451,0.281875,6.8557245500463165e-09,0.40595608034448855,0.12197514521968167,4096,0,0,1.0,0.0,0.0,0,0.0,0.12197514521968167,0.0
DNS,c3,452,0.28250000000000003,7.154723547887232e-09,0.406100406253755,0.12224288112110242,4096,0,0,1.0,0.0,0.0,0,0.0,0.12224288112110242,0.0
DNS,c3,453,0.283125,7.469591620892426e-09,0.40624286819058847,0.12251032494298802,4096,0,0,1.0,0.0,0.0,0,0.0,0.12251032494298802,0.0
DNS,c3,454,0.28375,7.801231737487375e-09,0.4063835233523679,0.12277747410318278,4096,0,0,1.0,0.0,0.0,0,0.0,0.12277747410318278,0.0
DNS,c3,455,0.284375,8.150596317467906e-09,0.40652242796914123,0.12304432601611677,4096,0,0,1.0,0.0,0.0,0,0.0,0.12304432601611677,0.0
DNS,c3,456,0.28500000000000003,8.518689713336314e-09,0.4066596373045527,0.12331087809288749,4096,0,0,1.0,0.0,0.0,0,0.0,0.12331087809288749,0.0
DNS,c3,457,0.285625,8.906570802930857e-09,0.4067952056572556,0.12357712774134379,4096,0,0,1.0,0.0,0.0,0,0.0,0.12357712774134379,0.0
DNS,c3,458,0.28625,9.315355697684945e-09,0.406929186362797,0.12384307236617234,4096,0,0,1.0,0.0,0.0,0,0.0,0.12384307236617234,0.0
DNS,c3,459,0.286875,9.746220570990909e-09,0.407061631795959,0.12410870936898644,4096,0,0,1.0,0.0,0.0,0,0.0,0.12410870936898644,0.0
DNS,c3,460,0.28750000000000003,1.0161566851921743e-08,0.4071925933735425,0.1243740361484174,4096,0,0,1.0,0.0,0.0,0,0.0,0.1243740361484174,0.0
DNS,c3,461,0.288125,1.0494496267774917e-08,0.40732212155758013,0.12463905010020826,4096,0,0,1.0,0.0,0.0,0,0.0,0.12463905010020826,0.0
DNS,c3,462,0.28875,1.0842024880292344e-08,0.4074502658589627,0.12490374861731,4096,0,0,1.0,0.0,0.0,0,0.0,0.12490374861731,0.0
DNS,c3,463,0.289375,1.1204941160579323e-08,0.4075770748414671,0.12516812908998007,4096,0,0,1.0,0.0,0.0,0,0.0,0.12516812908998007,0.0
DNS,c3,464,0.29,1.1584076674169697e-08,0.40770259612617,0.12543218890588348,4096,0,0,1.0,0.0,0.0,0,0.0,0.12543218890588348,0.0
DNS,c3,465,0.290625,1.1980308246320638e-08,0.40782687639623516,0.1256959254501962,4096,0,0,1.0,0.0,0.0,0,0.0,0.1256959254501962,0.0
DNS,c3,466,0.29125,1.23945602242916e-08,0.40794996140206,0.1259593361057108,4096,0,0,1.0,0.0,0.0,0,0.0,0.1259593361057108,0.0
DNS,c3,467,0.291875,1.2827806840390244e-08,0.40807189596676846,0.12622241825294483,4096,0,0,1.0,0.0,0.0,0,0.0,0.12622241825294483,0.0
DNS,c3,468,0.2925,1.328107467969037e-08,0.40819272399203643,0.12648516927025133,4096,0,0,1.0,0.0,0.0,0,0.0,0.12648516927025133,0.0
DNS,c3,469,0.293125,1.3755445256451878e-08,0.4083124884642376,0.1267475865339317,4096,0,0,1.0,0.0,0.0,0,0.0,0.1267475865339317,0.0
DNS,c3,470,0.29375,1.4252057703400711e-08,0.40843123146089616,0.1270096674183508,4096,0,0,1.0,0.0,0.0,0,0.0,0.1270096674183508,0.0
DNS,c3,471,0.294375,1.4772111578157516e-08,0.40854899415743373,0.12727140929605493,4096,0,0,1.0,0.0,0.0,0,0.0,0.12727140929605493,0.0
DNS,c3,472,0.295,1.5316869791237417e-08,0.4086658168341986,0.12753280953789153,4096,0,0,1.0,0.0,0.0,0,0.0,0.12753280953789153,0.0
DNS,c3,473,0.295625,1.5887661660179852e-08,0.4087817388837642,0.12779386551313138,4096,0,0,1.0,0.0,0.0,0,0.0,0.12779386551313138,0.0
DNS,c3,474,0.29625,1.6485886094507003e-08,0.40889679881848523,0.12805457458959324,4096,0,0,1.0,0.0,0.0,0,0.0,0.12805457458959324,0.0
DNS,c3,475,0.296875,1.7113014916351636e-08,0.4090295003954255,0.12831493413377065,4096,0,0,1.0,0.0,0.0,0,0.0,0.12831493413377065,0.0
DNS,c3,476,0.2975,1.77705963217407e-08,0.4091689041651652,0.12857494151096116,4096,0,0,1.0,0.0,0.0,0,0.0,0.12857494151096116,0.0
DNS,c3,477,0.29812500000000003,1.846025848766915e-08,0.40930790967388603,0.12883459408539732,4096,0,0,1.0,0.0,0.0,0,0.0,0.12883459408539732,0.0
DNS,c3,478,0.29875,1.9183713330249798e-08,0.4094465286292244,0.1290938892203809,4096,0,0,1.0,0.0,0.0,0,0.0,0.1290938892203809,0.0
DNS,c3,479,0.299375,1.994276041937915e-08,0.4095847724023275,0.12935282427841815,4096,0,0,1.0,0.0,0.0,0,0.0,0.12935282427841815,0.0
DNS,c3,480,0.3,2.0739291055516225e-08,0.409722652033875,0.12961139662135807,4096,0,0,1.0,0.0,0.0,0,0.0,0.12961139662135807,0.0
DNS,c3,481,0.30062500000000003,2.1575292514331402e-08,0.40986017824009796,0.1298696036105328,4096,0,0,1.0,0.0,0.0,0,0.0,0.1298696036105328,0.0
DNS,c3,482,0.30125,2.2452852465145243e-08,0.4099973614187897,0.13012744260689973,4096,0,0,1.0,0.0,0.0,0,0.0,0.13012744260689973,0.0
DNS,c3,483,0.301875,2.337416356924307e-08,0.41013421165530733,0.13038491097118654,4096,0,0,1.0,0.0,0.0,0,0.0,0.13038491097118654,0.0
DNS,c3,484,0.3025,2.4341528264319714e-08,0.41027073872856096,0.13064200606403736,4096,0,0,1.0,0.0,0.0,0,0.0,0.13064200606403736,0.0
DNS,c3,485,0.30312500000000003,2.5357363741480463e-08,0.4104069521169874,0.13089872524616214,4096,0,0,1.0,0.0,0.0,0,0.0,0.13089872524616214,0.0
DNS,c3,486,0.30375,2.6364287589594418e-08,0.410542861004507,0.1311550658784873,4096,0,0,1.0,0.0,0.0,0,0.0,0.1311550658784873,0.0
DNS,c3,487,0.304375,2.7140175485937494e-08,0.41067847428646,0.1314110253223088,4096,0,0,1.0,0.0,0.0,0,0.0,0.1314110253223088,0.0
DNS,c3,488,0.305,2.7947820785532335e-08,0.41081380057552114,0.13166660093944754,4096,0,0,1.0,0.0,0.0,0,0.0,0.13166660093944754,0.0
DNS,c3,489,0.305625,2.8788845155978964e-08,0.4109488482075898,0.13192179009240618,4096,0,0,1.0,0.0,0.0,0,0.0,0.13192179009240618,0.0
DNS,c3,490,0.30625,2.9664952893503172e-08,0.4110836252476535,0.13217659014452854,4096,0,0,1.0,0.0,0.0,0,0.0,0.13217659014452854,0.0
DNS,c3,491,0.306875,3.057793474076303e-08,0.4112181394956232,0.13243099846016065,4096,0,0,1.0,0.0,0.0,0,0.0,0.13243099846016065,0.0
DNS,c3,492,0.3075,3.152967186021397e-08,0.41135239849213784,0.13268501240481428,4096,0,0,1.0,0.0,0.0,0,0.0,0.13268501240481428,0.0
DNS,c3,493,0.308125,3.2522139968471035e-08,0.411486409524337,0.13293862934533163,4096,0,0,1.0,0.0,0.0,0,0.0,0.13293862934533163,0.0
DNS,c3,494,0.30875,3.355741363725935e-08,0.4116201796315993,0.1331918466500528,4096,0,0,1.0,0.0,0.0,0,0.0,0.1331918466500528,0.0
DNS,c3,495,0.309375,3.4637670766698665e-08,0.411753715611245,0.13344466168898467,4096,0,0,1.0,0.0,0.0,0,0.0,0.13344466168898467,0.0
DNS,c3,496,0.31,3.576519723682565e-08,0.4118870240242016,0.1336970718339719,4096,0,0,1.0,0.0,0.0,0,0.0,0.1336970718339719,0.0
DNS,c3,497,0.310625,3.6942391743417944e-08,0.41202011120063015,0.13394907445886958,4096,0,0,1.0,0.0,0.0,0,0.0,0.13394907445886958,0.0
DNS,c3,498,0.31125,3.8171770824347015e-08,0.41215298324551186,0.1342006669397181,4096,0,0,1.0,0.0,0.0,0,0.0,0.1342006669397181,0.0
DNS,c3,499,0.311875,3.945597408285253e-08,0.41228564604419243,0.1344518466549195,4096,0,0,1.0,0.0,0.0,0,0.0,0.1344518466549195,0.0
DNS,c3,500,0.3125,4.07977696142993e-08,0.41244745410180617,0.1347026109854158,4096,0,0,1.0,0.0,0.0,0,0.0,0.1347026109854158,0.0
DNS,c3,501,0.313125,4.220005964314857e-08,0.4126467824709387,0.13495295731486906,4096,0,0,1.0,0.0,0.0,0,0.0,0.13495295731486906,0.0
DNS,c3,502,0.31375000000000003,4.366588637704914e-08,0.4128432381153452,0.13520288302984323,4096,0,0,1.0,0.0,0.0,0,0.0,0.13520288302984323,0.0
DNS,c3,503,0.314375,4.519843808512925e-08,0.41303688406668915,0.13545238551998773,4096,0,0,1.0,0.0,0.0,0,0.0,0.13545238551998773,0.0
DNS,c3,504,0.315,4.6801055407749145e-08,0.41322778257897796,0.1357014621782227,4096,0,0,1.0,0.0,0.0,0,0.0,0.1357014621782227,0.0
DNS,c3,505,0.315625,4.8477237905154407e-08,0.41341599512342025,0.13595011040092586,4096,0,0,1.0,0.0,0.0,0,0.0,0.13595011040092586,0.0
DNS,c3,506,0.31625000000000003,5.023065085265384e-08,0.41360158238379946,0.13619832758812128,4096,0,0,1.0,0.0,0.0,0,0.0,0.13619832758812128,0.0
DNS,c3,507,0.316875,5.2065132290130866e-08,0.4137846042523541,0.1364461111436694,4096,0,0,1.0,0.0,0.0,0,0.0,0.1364461111436694,0.0
DNS,c3,508,0.3175,5.39847003338852e-08,0.4139651198261529,0.136693458475459,4096,0,0,1.0,0.0,0.0,0,0.0,0.136693458475459,0.0
DNS,c3,509,0.318125,5.599356075899158e-08,0.41414318740395545,0.13694036699560053,4096,0,0,1.0,0.0,0.0,0,0.0,0.13694036699560053,0.0
DNS,c3,510,0.31875000000000003,5.809611486055424e-08,0.4143188644835467,0.13718683412062094,4096,0,0,1.0,0.0,0.0,0,0.0,0.13718683412062094,0.0
DNS,c3,511,0.319375,6.029696760243008e-08,0.4144922077595355,0.1374328572716602,4096,0,0,1.0,0.0,0.0,0,0.0,0.1374328572716602,0.0
DNS,c3,512,0.32,6.233736736265033e-08,0.4146632731216056,0.13767843387466938,4096,0,0,1.0,0.0,0.0,0,0.0,0.13767843387466938,0.0
DNS,c3,513,0.320625,6.399761103667894e-08,0.41483211565320927,0.13792356136060957,4096,0,0,1.0,0.0,0.0,0,0.0,0.13792356136060957,0.0
DNS,c3,514,0.32125,6.572179598325133e-08,0.41499878963069153,0.13816823716565307,4096,0,0,1.0,0.0,0.0,0,0.0,0.13816823716565307,0.0
DNS,c3,515,0.321875,6.75130203288367e-08,0.4151633485228354,0.13841245873138547,4096,0,0,1.0,0.0,0.0,0,0.0,0.13841245873138547,0.0
DNS,c3,516,0.3225,6.937452955827363e-08,0.4153258449908166,0.138656223505009,4096,0,0,1.0,0.0,0.0,0,0.0,0.138656223505009,0.0
DNS,c3,517,0.323125,7.130972278539415e-08,0.4154863308885573,0.13889952893954755,4096,0,0,1.0,0.0,0.0,0,0.0,0.13889952893954755,0.0
DNS,c3,518,0.32375,7.332215925640425e-08,0.4156448572634675,0.13914237249405284,4096,0,0,1.0,0.0,0.0,0,0.0,0.13914237249405284,0.0
DNS,c3,519,0.324375,7.541556509330744e-08,0.4158014743575643,0.13938475163381175,4096,0,0,1.0,0.0,0.0,0,0.0,0.13938475163381175,0.0
DNS,c3,520,0.325,7.75938402848335e-08,0.4159562316089573,0.13962666383055505,4096,0,0,1.0,0.0,0.0,0,0.0,0.13962666383055505,0.0
DNS,c3,521,0.325625,7.98610659325108e-08,0.4161091776536902,0.13986810656266707,4096,0,0,1.0,0.0,0.0,0,0.0,0.13986810656266707,0.0
DNS,c3,522,0.32625,8.222151175969945e-08,0.4162603603279276,0.14010907731539693,4096,0,0,1.0,0.0,0.0,0,0.0,0.14010907731539693,0.0
DNS,c3,523,0.326875,8.467964389158371e-08,0.41640982667047644,0.14034957358107056,4096,0,0,1.0,0.0,0.0,0,0.0,0.14034957358107056,0.0
DNS,c3,524,0.3275,8.724013291430433e-08,0.4165576229256316,0.14058959285930395,4096,0,0,1.0,0.0,0.0,0,0.0,0.14058959285930395,0.0
DNS,c3,525,0.328125,8.990786222159657e-08,0.4167037945463355,0.14082913265721742,4096,0,0,1.0,0.0,0.0,0,0.0,0.14082913265721742,0.0
DNS,c3,526,0.32875,9.268793665748579e-08,0.41684838619764086,0.14106819048965097,4096,0,0,1.0,0.0,0.0,0,0.0,0.14106819048965097,0.0
DNS,c3,527,0.32937500000000003,9.558569146378079e-08,0.41699144176046693,0.14130676387938057,4096,0,0,1.0,0.0,0.0,0,0.0,0.14130676387938057,0.0
DNS,c3,528,0.33,9.860670154129466e-08,0.41713300433563816,0.14154485035733544,4096,0,0,1.0,0.0,0.0,0,0.0,0.14154485035733544,0.0
DNS,c3,529,0.330625,1.0175679103391444e-07,0.41727311624819635,0.1417824474628162,4096,0,0,1.0,0.0,0.0,0,0.0,0.1417824474628162,0.0
DNS,c3,530,0.33125,1.0504204324483353e-07,0.41741181905197544,0.14201955274371406,4096,0,0,1.0,0.0,0.0,0,0.0,0.14201955274371406,0.0
DNS,c3,531,0.33187500000000003,1.0846881089445476e-07,0.4175491535344293,0.1422561637567305,4096,0,0,1.0,0.0,0.0,0,0.0,0.1422561637567305,0.0
DNS,c3,532,0.3325,1.1204372672966784e-07,0.41768515972170306,0.14249227806759815,4096,0,0,1.0,0.0,0.0,0,0.0,0.14249227806759815,0.0
DNS,c3,533,0.333125,1.1577371449440087e-07,0.41781987688393807,0.14272789325130236,4096,0,0,1.0,0.0,0.0,0,0.0,0.14272789325130236,0.0
DNS,c3,534,0.33375,1.1966600027154366e-07,0.4179533435408008,0.14296300689230323,4096,0,0,1.0,0.0,0.0,0,0.0,0.14296300689230323,0.0
DNS,c3,535,0.33437500000000003,1.2372812420653888e-07,0.418085597467227,0.1431976165847586,4096,0,0,1.0,0.0,0.0,0,0.0,0.1431976165847586,0.0
DNS,c3,536,0.335,1.279679526231362e-07,0.418216675699371,0.14343171993274773,4096,0,0,1.0,0.0,0.0,0,0.0,0.14343171993274773,0.0
DNS,c3,537,0.335625,1.3239369054200503e-07,0.41834661454075156,0.14366531455049533,4096,0,0,1.0,0.0,0.0,0,0.0,0.14366531455049533,0.0
DNS,c3,538,0.33625,1.3587474975626395e-07,0.4184754495685854,0.1438983980625964,4096,0,0,1.0,0.0,0.0,0,0.0,0.1438983980625964,0.0
DNS,c3,539,0.336875,1.391722483867161e-07,0.4186032156402992,0.14413096810424164,4096,0,0,1.0,0.0,0.0,0,0.0,0.14413096810424164,0.0
DNS,c3,540,0.3375,1.4259005389436741e-07,0.4187299469002112,0.14436302232144313,4096,0,0,1.0,0.0,0.0,0,0.0,0.14436302232144313,0.0
DNS,c3,541,0.338125,1.4613371078073442e-07,0.41885567678637503,0.1445945583712606,4096,0,0,1.0,0.0,0.0,0,0.0,0.1445945583712606,0.0
DNS,c3,542,0.33875,1.4980900998912897e-07,0.4189804380375755,0.14482557392202816,4096,0,0,1.0,0.0,0.0,0,0.0,0.14482557392202816,0.0
DNS,c3,543,0.339375,1.536219985774633e-07,0.41910426270047,0.1450560666535814,4096,0,0,1.0,0.0,0.0,0,0.0,0.1450560666535814,0.0
DNS,c3,544,0.34,1.5757898971850488e-07,0.419227182136866,0.14528603425748468,4096,0,0,1.0,0.0,0.0,0,0.0,0.14528603425748468,0.0
DNS,c3,545,0.340625,1.6168657303674077e-07,0.41934922703112726,0.14551547443725887,4096,0,0,1.0,0.0,0.0,0,0.0,0.14551547443725887,0.0
DNS,c3,546,0.34125,1.659516252911961e-07,0.4194704273977014,0.14574438490860936,4096,0,0,1.0,0.0,0.0,0,0.0,0.14574438490860936,0.0
DNS,c3,547,0.341875,1.7038132141373589e-07,0.41959081258876013,0.145972763399654,4096,0,0,1.0,0.0,0.0,0,0.0,0.145972763399654,0.0
DNS,c3,548,0.3425,1.7498314591256574e-07,0.41971041130194553,0.14620060765115175,4096,0,0,1.0,0.0,0.0,0,0.0,0.14620060765115175,0.0
DNS,c3,549,0.343125,1.7976490465083438e-07,0.419829251588215,0.14642791541673073,4096,0,0,1.0,0.0,0.0,0,0.0,0.14642791541673073,0.0
DNS,c3,550,0.34375,1.8473473701042781e-07,0.419947360859777,0.1466546844631169,4096,0,0,1.0,0.0,0.0,0,0.0,0.1466546844631169,0.0
DNS,c3,551,0.344375,1.8990112845123432e-07,0.42006476589811165,0.1468809125703629,4096,0,0,1.0,0.0,0.0,0,0.0,0.1468809125703629,0.0
DNS,c3,552,0.34500000000000003,1.9527292347634742e-07,0.4201814928620681,0.14710659753207594,4096,0,0,1.0,0.0,0.0,0,0.0,0.14710659753207594,0.0
DNS,c3,553,0.345625,2.0085933901386357e-07,0.4202975672960331,0.14733173715564704,4096,0,0,1.0,0.0,0.0,0,0.0,0.14733173715564704,0.0
DNS,c3,554,0.34625,2.0666997822612067e-07,0.420413014138164,0.14755632926247875,4096,0,0,1.0,0.0,0.0,0,0.0,0.14755632926247875,0.0
DNS,c3,555,0.346875,2.1271484475741294e-07,0.4205278577286787,0.14778037168821379,4096,0,0,1.0,0.0,0.0,0,0.0,0.14778037168821379,0.0
DNS,c3,556,0.34750000000000003,2.190043574314073e-07,0.4206421218181981,0.148003862282963,4096,0,0,1.0,0.0,0.0,0,0.0,0.148003862282963,0.0
DNS,c3,557,0.348125,2.2554936540967527e-07,0.4207558295761336,0.1482267989115333,4096,0,0,1.0,0.0,0.0,0,0.0,0.1482267989115333,0.0
DNS,c3,558,0.34875,2.3236116382294424e-07,0.42086900359911444,0.14844917945365493,4096,0,0,1.0,0.0,0.0,0,0.0,0.14844917945365493,0.0
DNS,c3,559,0.349375,2.3945150988685907e-07,0.42098166591944863,0.148671001804209,4096,0,0,1.0,0.0,0.0,0,0.0,0.148671001804209,0.0
DNS,c3,560,0.35000000000000003,2.4683263951423427e-07,0.42109383801361266,0.14889226387345414,4096,0,0,1.0,0.0,0.0,0,0.0,0.14889226387345414,0.0
DNS,c3,561,0.350625,2.545172844359628e-07,0.4212055408107635,0.14911296358725298,4096,0,0,1.0,0.0,0.0,0,0.0,0.14911296358725298,0.0
DNS,c3,562,0.35125,2.62518689842934e-07,0.42131679470126837,0.1493330988872982,4096,0,0,1.0,0.0,0.0,0,0.0,0.1493330988872982,0.0
DNS,c3,563,0.351875,2.6979797701478984e-07,0.42144690754110625,0.1495526677313379,4096,0,0,1.0,0.0,0.0,0,0.0,0.1495526677313379,0.0
DNS,c3,564,0.3525,2.7572920070779757e-07,0.4215838796228033,0.14977166809340048,4096,0,0,1.0,0.0,0.0,0,0.0,0.14977166809340048,0.0
DNS,c3,565,0.353125,2.8186465517783336e-07,0.42172044145225335,0.14999009796401908,4096,0,0,1.0,0.0,0.0,0,0.0,0.14999009796401908,0.0
DNS,c3,566,0.35375,2.8821332637545297e-07,0.4218566029676552,0.15020795535045506,4096,0,0,1.0,0.0,0.0,0,0.0,0.15020795535045506,0.0
DNS,c3,567,0.354375,2.947845757996398e-07,0.42199237386452154,0.15042523827692117,4096,0,0,1.0,0.0,0.0,0,0.0,0.15042523827692117,0.0
DNS,c3,568,0.355,3.015881541844167e-07,0.4221277636006143,0.15064194478480336,4096,0,0,1.0,0.0,0.0,0,0.0,0.15064194478480336,0.0
DNS,c3,569,0.355625,3.0863421561080866e-07,0.4222627814008419,0.15085807293288261,4096,0,0,1.0,0.0,0.0,0,0.0,0.15085807293288261,0.0
DNS,c3,570,0.35625,3.159333320548355e-07,0.4223974362621163,0.1510736207975552,4096,0,0,1.0,0.0,0.0,0,0.0,0.1510736207975552,0.0
DNS,c3,571,0.356875,3.234965083823929e-07,0.42253173695816876,0.1512885864730525,4096,0,0,1.0,0.0,0.0,0,0.0,0.1512885864730525,0.0
DNS,c3,572,0.3575,3.313351978020561e-07,0.42266569204432236,0.15150296807165964,4096,0,0,1.0,0.0,0.0,0,0.0,0.15150296807165964,0.0
DNS,c3,573,0.358125,3.394613177870168e-07,0.42279930986221975,0.15171676372393322,4096,0,0,1.0,0.0,0.0,0,0.0,0.15171676372393322,0.0
DNS,c3,574,0.35875,3.478872664775421e-07,0.42293259854450493,0.15192997157891813,4096,0,0,1.0,0.0,0.0,0,0.0,0.15192997157891813,0.0
DNS,c3,575,0.359375,3.5662593957551645e-07,0.4230655660194574,0.15214258980436293,4096,0,0,1.0,0.0,0.0,0,0.0,0.15214258980436293,0.0
DNS,c3,576,0.36,3.656907477428059e-07,0.42319822001557744,0.15235461658693455,4096,0,0,1.0,0.0,0.0,0,0.0,0.15235461658693455,0.0
DNS,c3,577,0.36062500000000003,3.7509563451535396e-07,0.4233305680661213,0.15256605013243132,4096,0,0,1.0,0.0,0.0,0,0.0,0.15256605013243132,0.0
DNS,c3,578,0.36125,3.848550947450928e-07,0.4234779887876515,0.15277688866599526,4096,0,0,1.0,0.0,0.0,0,0.0,0.15277688866599526,0.0
DNS,c3,579,0.361875,3.9498419358192436e-07,0.42363828774896767,0.1529871304323227,4096,0,0,1.0,0.0,0.0,0,0.0,0.1529871304323227,0.0
DNS,c3,580,0.3625,4.0549858600819396e-07,0.42379672073322516,0.15319677369587364,4096,0,0,1.0,0.0,0.0,0,0.0,0.15319677369587364,0.0
DNS,c3,581,0.36312500000000003,4.1641453693824834e-07,0.4239533307111892,0.1534058167410799,4096,0,0,1.0,0.0,0.0,0,0.0,0.1534058167410799,0.0
DNS,c3,582,0.36375,4.2774894189583456e-07,0.4241081599810937,0.15361425787255165,4096,0,0,1.0,0.0,0.0,0,0.0,0.15361425787255165,0.0
DNS,c3,583,0.364375,4.3951934828226126e-07,0.42426125017159777,0.15382209541528258,4096,0,0,1.0,0.0,0.0,0,0.0,0.15382209541528258,0.0
DNS,c3,584,0.365,4.5174397724840334e-07,0.4244126422449726,0.15402932771485342,4096,0,0,1.0,0.0,0.0,0,0.0,0.15402932771485342,0.0
DNS,c3,585,0.36562500000000003,4.6444174618379273e-07,0.42456237650051026,0.1542359531376339,4096,0,0,1.0,0.0,0.0,0,0.0,0.1542359531376339,0.0
DNS,c3,586,0.36625,4.776322918361914e-07,0.424710492578147,0.15444197007098326,4096,0,0,1.0,0.0,0.0,0,0.0,0.15444197007098326,0.0
DNS,c3,587,0.366875,4.913359940751984e-07,0.4248570294622926,0.1546473769234487,4096,0,0,1.0,0.0,0.0,0,0.0,0.1546473769234487,0.0
DNS,c3,588,0.3675,5.04857084809675e-07,0.4250020254858574,0.1548521721249626,4096,0,0,1.0,0.0,0.0,0,0.0,0.1548521721249626,0.0
DNS,c3,589,0.368125,5.1496189184683e-07,0.42514551833447073,0.15505635412703733,4096,0,0,1.0,0.0,0.0,0,0.0,0.15505635412703733,0.0
DNS,c3,590,0.36875,5.253966731946113e-07,0.42528754505088123,0.1552599214029589,4096,0,0,1.0,0.0,0.0,0,0.0,0.1552599214029589,0.0
DNS,c3,591,0.369375,5.36175320715221e-07,0.42542814203953266,0.15546287244797824,4096,0,0,1.0,0.0,0.0,0,0.0,0.15546287244797824,0.0
DNS,c3,592,0.37,5.473122728509682e-07,0.4255673450713071,0.15566520577950066,4096,0,0,1.0,0.0,0.0,0,0.0,0.15566520577950066,0.0
DNS,c3,593,0.370625,5.588225331455231e-07,0.4257051892884287,0.15586691993727353,4096,0,0,1.0,0.0,0.0,0,0.0,0.15586691993727353,0.0
DNS,c3,594,0.37125,5.707216892939417e-07,0.42584170920951975,0.15606801348357152,4096,0,0,1.0,0.0,0.0,0,0.0,0.15606801348357152,0.0
DNS,c3,595,0.371875,5.830259327333334e-07,0.4259769387348031,0.15626848500338036,4096,0,0,1.0,0.0,0.0,0,0.0,0.15626848500338036,0.0
DNS,c3,596,0.3725,5.957520787861922e-07,0.42611091115144256,0.15646833310457786,4096,0,0,1.0,0.0,0.0,0,0.0,0.15646833310457786,0.0
DNS,c3,597,0.373125,6.089175873685719e-07,0.42624365913901563,0.1566675564181131,4096,0,0,1.0,0.0,0.0,0,0.0,0.1566675564181131,0.0
DNS,c3,598,0.37375,6.225405842754358e-07,0.4263752147751103,0.15686615359818323,4096,0,0,1.0,0.0,0.0,0,0.0,0.15686615359818323,0.0
DNS,c3,599,0.374375,6.366398830556574e-07,0.42650560954104055,0.15706412332240816,4096,0,0,1.0,0.0,0.0,0,0.0,0.15706412332240816,0.0
DNS,c3,600,0.375,6.512350074893041e-07,0.426634874327673,0.15726146429200286,4096,0,0,1.0,0.0,0.0,0,0.0,0.15726146429200286,0.0
DNS,c3,601,0.375625,6.663462146799715e-07,0.4267630394413584,0.15745817523194705,4096,0,0,1.0,0.0,0.0,0,0.0,0.15745817523194705,0.0
DNS,c3,602,0.37625000000000003,6.819945187750853e-07,0.42689013460996206,0.1576542548911531,4096,0,0,1.0,0.0,0.0,0,0.0,0.1576542548911531,0.0
DNS,c3,603,0.376875,6.982017153272228e-07,0.42701618898898624,0.15784970204263038,4096,0,0,1.0,0.0,0.0,0,0.0,0.15784970204263038,0.0
DNS,c3,604,0.3775,7.149904063096439e-07,0.4271412311677789,0.15804451548364848,4096,0,0,1.0,0.0,0.0,0,0.0,0.15804451548364848,0.0
DNS,c3,605,0.378125,7.323840257993537e-07,0.42726528917582257,0.1582386940358967,4096,0,0,1.0,0.0,0.0,0,0.0,0.1582386940358967,0.0
DNS,c3,606,0.37875000000000003,7.504068663411498e-07,0.4273883904890975,0.15843223654564134,4096,0,0,1.0,0.0,0.0,0,0.0,0.15843223654564134,0.0
DNS,c3,607,0.379375,7.69084106006229e-07,0.4275105620365132,0.1586251418838807,4096,0,0,1.0,0.0,0.0,0,0.0,0.1586251418838807,0.0
DNS,c3,608,0.38,7.884418361590555e-07,0.4276318302064032,0.1588174089464967,4096,0,0,1.0,0.0,0.0,0,0.0,0.1588174089464967,0.0
DNS,c3,609,0.380625,8.085070899463058e-07,0.4277522208530765,0.1590090366544043,4096,0,0,1.0,0.0,0.0,0,0.0,0.1590090366544043,0.0
DNS,c3,610,0.38125000000000003,8.293078715218208e-07,0.4278717593034217,0.15920002395369776,4096,0,0,1.0,0.0,0.0,0,0.0,0.15920002395369776,0.0
DNS,c3,611,0.381875,8.508731860216043e-07,0.427990470363557,0.1593903698157944,4096,0,0,1.0,0.0,0.0,0,0.0,0.1593903698157944,0.0
DNS,c3,612,0.3825,8.732330703030109e-07,0.42810837832552234,0.1595800732375752,4096,0,0,1.0,0.0,0.0,0,0.0,0.1595800732375752,0.0
DNS,c3,613,0.383125,8.962433756364315e-07,0.4282255069740077,0.15976913324152242,4096,0,0,1.0,0.0,0.0,0,0.0,0.15976913324152242,0.0
DNS,c3,614,0.38375000000000004,9.126489770394409e-07,0.4283418795931129,0.15995754887585473,4096,0,0,1.0,0.0,0.0,0,0.0,0.15995754887585473,0.0
DNS,c3,615,0.384375,9.295646421486729e-07,0.4284575189731341,0.16014531921465866,4096,0,0,1.0,0.0,0.0,0,0.0,0.16014531921465866,0.0
DNS,c3,616,0.385,9.470109537131698e-07,0.4285724474173728,0.16033244335801755,4096,0,0,1.0,0.0,0.0,0,0.0,0.16033244335801755,0.0
DNS,c3,617,0.385625,9.650092578163923e-07,0.4286866867489616,0.16051892043213695,4096,0,0,1.0,0.0,0.0,0,0.0,0.16051892043213695,0.0
DNS,c3,618,0.38625,9.83581687957846e-07,0.4288002583177037,0.16070474958946734,4096,0,0,1.0,0.0,0.0,0,0.0,0.16070474958946734,0.0
DNS,c3,619,0.386875,1.0027511897664937e-06,0.4289131830069208,0.16088993000882335,4096,0,0,1.0,0.0,0.0,0,0.0,0.16088993000882335,0.0
DNS,c3,620,0.3875,1.0225415463585576e-06,0.4290254812403055,0.16107446089549965,4096,0,0,1.0,0.0,0.0,0,0.0,0.16107446089549965,0.0
DNS,c3,621,0.388125,1.0429774043524305e-06,0.4291371729887745,0.16125834148138396,4096,0,0,1.0,0.0,0.0,0,0.0,0.16125834148138396,0.0
DNS,c3,622,0.38875,1.0640843005535353e-06,0.42924827777731794,0.16144157102506657,4096,0,0,1.0,0.0,0.0,0,0.0,0.16144157102506657,0.0
DNS,c3,623,0.389375,1.0858886893220843e-06,0.42935881469184106,0.16162414881194626,4096,0,0,1.0,0.0,0.0,0,0.0,0.16162414881194626,0.0
DNS,c3,624,0.39,1.108417970636796e-06,0.4294688023859956,0.1618060741543334,4096,0,0,1.0,0.0,0.0,0,0.0,0.1618060741543334,0.0
DNS,c3,625,0.390625,1.1317005188677368e-06,0.42957825908799535,0.16198734639154905,4096,0,0,1.0,0.0,0.0,0,0.0,0.16198734639154905,0.0
DNS,c3,626,0.39125,1.155765712271552e-06,0.42968720260741405,0.16216796489002105,4096,0,0,1.0,0.0,0.0,0,0.0,0.16216796489002105,0.0
DNS,c3,627,0.39187500000000003,1.1806439632224485e-06,0.4297956503419612,0.16234792904337622,4096,0,0,1.0,0.0,0.0,0,0.0,0.16234792904337622,0.0
DNS,c3,628,0.3925,1.2063667491923849e-06,0.4299036192842329,0.16252723827252952,4096,0,0,1.0,0.0,0.0,0,0.0,0.16252723827252952,0.0
DNS,c3,629,0.393125,1.232966644494009e-06,0.430011166235345,0.16270589202576924,4096,0,0,1.0,0.0,0.0,0,0.0,0.16270589202576924,0.0
DNS,c3,630,0.39375,1.2604773527999657e-06,0.4301402371950225,0.1628838897788386,4096,0,0,1.0,0.0,0.0,0,0.0,0.1628838897788386,0.0
DNS,c3,631,0.39437500000000003,1.2889337404522799e-06,0.4302688922602128,0.16306123103501413,4096,0,0,1.0,0.0,0.0,0,0.0,0.16306123103501413,0.0
DNS,c3,632,0.395,1.3183718705755794e-06,0.4303971411204992,0.1632379153251799,4096,0,0,1.0,0.0,0.0,0,0.0,0.1632379153251799,0.0
DNS,c3,633,0.395625,1.3488290380080028e-06,0.43052499323431603,0.16341394220789834,4096,0,0,1.0,0.0,0.0,0,0.0,0.16341394220789834,0.0
DNS,c3,634,0.39625,1.380343805063685e-06,0.4306524578329094,0.1635893112694774,4096,0,0,1.0,0.0,0.0,0,0.0,0.1635893112694774,0.0
DNS,c3,635,0.39687500000000003,1.4129560381407746e-06,0.4307795439242372,0.16376402212403346,4096,0,0,1.0,0.0,0.0,0,0.0,0.16376402212403346,0.0
DNS,c3,636,0.3975,1.446706945188982e-06,0.43090626029680734,0.16393807441355135,4096,0,0,1.0,0.0,0.0,0,0.0,0.16393807441355135,0.0
DNS,c3,637,0.398125,1.481639114050698e-06,0.4310326155234533,0.16411146780793956,4096,0,0,1.0,0.0,0.0,0,0.0,0.16411146780793956,0.0
DNS,c3,638,0.39875,1.5177965516897567e-06,0.43115861796504473,0.16428420200508242,4096,0,0,1.0,0.0,0.0,0,0.0,0.16428420200508242,0.0
DNS,c3,639,0.39937500000000004,1.543799668337298e-06,0.4312842757741331,0.16445627673088786,4096,0,0,1.0,0.0,0.0,0,0.0,0.16445627673088786,0.0
DNS,c3,640,0.4,1.5700749397856326e-06,0.4314095968985302,0.16462769173933176,4096,0,0,1.0,0.0,0.0,0,0.0,0.16462769173933176,0.0
DNS,c3,641,0.400625,1.597137232489116e-06,0.4315345890848191,0.16479844681249783,4096,0,0,1.0,0.0,0.0,0,0.0,0.16479844681249783,0.0
DNS,c3,642,0.40125,1.625016921949385e-06,0.43165925988179615,0.16496854176061415,4096,0,0,1.0,0.0,0.0,0,0.0,0.16496854176061415,0.0
DNS,c3,643,0.401875,1.6537454410548402e-06,0.4317836166438427,0.16513797642208533,4096,0,0,1.0,0.0,0.0,0,0.0,0.16513797642208533,0.0
DNS,c3,644,0.4025,1.6833553110158599e-06,0.43190766653422624,0.1653067506635209,4096,0,0,1.0,0.0,0.0,0,0.0,0.1653067506635209,0.0
DNS,c3,645,0.403125,1.7138801730410076e-06,0.43203141652832955,0.1654748643797595,4096,0,0,1.0,0.0,0.0,0,0.0,0.1654748643797595,0.0
DNS,c3,646,0.40375,1.7453548207671095e-06,0.43215487341680675,0.16564231749388944,4096,0,0,1.0,0.0,0.0,0,0.0,0.16564231749388944,0.0
DNS,c3,647,0.404375,1.777815233456136e-06,0.43227804380866586,0.16580910995726464,4096,0,0,1.0,0.0,0.0,0,0.0,0.16580910995726464,0.0
DNS,c3,648,0.405,1.8112986099718876e-06,0.4324009341342767,0.16597524174951722,4096,0,0,1.0,0.0,0.0,0,0.0,0.16597524174951722,0.0
DNS,c3,649,0.405625,1.8458434035495463e-06,0.4325290493439525,0.1661407128785653,4096,0,0,1.0,0.0,0.0,0,0.0,0.1661407128785653,0.0
DNS,c3,650,0.40625,1.8814893573711962e-06,0.43266623929304476,0.16630552338061744,4096,0,0,1.0,0.0,0.0,0,0.0,0.16630552338061744,0.0
DNS,c3,651,0.406875,1.9182775409604733e-06,0.4328020150961563,0.16646967332017215,4096,0,0,1.0,0.0,0.0,0,0.0,0.16646967332017215,0.0
DNS,c3,652,0.40750000000000003,1.9562503874095327e-06,0.43293640707640185,0.16663316279001428,4096,0,0,1.0,0.0,0.0,0,0.0,0.16663316279001428,0.0
DNS,c3,653,0.408125,1.995451731451571e-06,0.4330694450723675,0.16679599191120642,4096,0,0,1.0,0.0,0.0,0,0.0,0.16679599191120642,0.0
DNS,c3,654,0.40875,2.0359268483921486e-06,0.4332011584423785,0.16695816083307657,4096,0,0,1.0,0.0,0.0,0,0.0,0.16695816083307657,0.0
DNS,c3,655,0.409375,2.0777224939125956e-06,0.4333315760688448,0.1671196697332018,4096,0,0,1.0,0.0,0.0,0,0.0,0.1671196697332018,0.0
DNS,c3,656,0.41000000000000003,2.120886944758794e-06,0.43346072636267907,0.16728051881738742,4096,0,0,1.0,0.0,0.0,0,0.0,0.16728051881738742,0.0
DNS,c3,657,0.410625,2.1654700403286255e-06,0.43358863726778235,0.16744070831964225,4096,0,0,1.0,0.0,0.0,0,0.0,0.16744070831964225,0.0
DNS,c3,658,0.41125,2.2115232251713922e-06,0.4337153362655932,0.16760023850214953,4096,0,0,1.0,0.0,0.0,0,0.0,0.16760023850214953,0.0
DNS,c3,659,0.411875,2.259099592412496e-06,0.43384085037969483,0.1677591096552339,4096,0,0,1.0,0.0,0.0,0,0.0,0.1677591096552339,0.0
DNS,c3,660,0.41250000000000003,2.3082539281166535e-06,0.4339652061804764,0.16791732209732424,4096,0,0,1.0,0.0,0.0,0,0.0,0.16791732209732424,0.0
DNS,c3,661,0.413125,2.3590427566029006e-06,0.43408842978984374,0.16807487617491185,4096,0,0,1.0,0.0,0.0,0,0.0,0.16807487617491185,0.0
DNS,c3,662,0.41375,2.4115243867246077e-06,0.43421054688597494,0.16823177226250524,4096,0,0,1.0,0.0,0.0,0,0.0,0.16823177226250524,0.0
DNS,c3,663,0.414375,2.46575895912769e-06,0.43433158270811717,0.16838801076258003,4096,0,0,1.0,0.0,0.0,0,0.0,0.16838801076258003,0.0
DNS,c3,664,0.41500000000000004,2.5052532694105075e-06,0.4344515620614197,0.16854359210552516,4096,0,0,1.0,0.0,0.0,0,0.0,0.16854359210552516,0.0
DNS,c3,665,0.415625,2.5445397060242707e-06,0.4345705093217998,0.16869851674958486,4096,0,0,1.0,0.0,0.0,0,0.0,0.16869851674958486,0.0
DNS,c3,666,0.41625,2.5849522652510214e-06,0.4346884484408368,0.1688527851807961,4096,0,0,1.0,0.0,0.0,0,0.0,0.1688527851807961,0.0
DNS,c3,667,0.416875,2.6265327022156563e-06,0.4348054029506914,0.1690063979129226,4096,0,0,1.0,0.0,0.0,0,0.0,0.1690063979129226,0.0
DNS,c3,668,0.4175,2.669324145464581e-06,0.4349213959690452,0.16915935548738403,4096,0,0,1.0,0.0,0.0,0,0.0,0.16915935548738403,0.0
DNS,c3,669,0.418125,2.71337113446353e-06,0.43503645020405746,0.1693116584731813,4096,0,0,1.0,0.0,0.0,0,0.0,0.1693116584731813,0.0
DNS,c3,670,0.41875,2.7587196579200476e-06,0.43516431822929896,0.16946330746681804,4096,0,0,1.0,0.0,0.0,0,0.0,0.16946330746681804,0.0
DNS,c3,671,0.419375,2.8054171929430606e-06,0.43529471225230254,0.16961430309221748,4096,0,0,1.0,0.0,0.0,0,0.0,0.16961430309221748,0.0
DNS,c3,672,0.42,2.85351274505201e-06,0.4354248782343681,0.1697646460006355,4096,0,0,1.0,0.0,0.0,0,0.0,0.1697646460006355,0.0
DNS,c3,673,0.420625,2.903056889047998e-06,0.43555481097087595,0.16991433687056984,4096,0,0,1.0,0.0,0.0,0,0.0,0.16991433687056984,0.0
DNS,c3,674,0.42125,2.9541018107593987e-06,0.4356845049758054,0.17006337640766456,4096,0,0,1.0,0.0,0.0,0,0.0,0.17006337640766456,0.0
DNS,c3,675,0.421875,3.006701349674396e-06,0.43581395447580074,0.17021176534461108,4096,0,0,1.0,0.0,0.0,0,0.0,0.17021176534461108,0.0
DNS,c3,676,0.4225,3.0609110424728623e-06,0.43594315340423384,0.1703595044410452,4096,0,0,1.0,0.0,0.0,0,0.0,0.1703595044410452,0.0
DNS,c3,677,0.42312500000000003,3.116788167469999e-06,0.4360720953952692,0.1705065944834394,4096,0,0,1.0,0.0,0.0,0,0.0,0.1705065944834394,0.0
DNS,c3,678,0.42375,3.174391789984107e-06,0.4362007737779354,0.17065303628499218,4096,0,0,1.0,0.0,0.0,0,0.0,0.17065303628499218,0.0
DNS,c3,679,0.424375,3.2337828086408285e-06,0.4363291815702098,0.1707988306855125,4096,0,0,1.0,0.0,0.0,0,0.0,0.1707988306855125,0.0
DNS,c3,680,0.425,3.295024002626153e-06,0.4364573114731203,0.17094397855130095,4096,0,0,1.0,0.0,0.0,0,0.0,0.17094397855130095,0.0
DNS,c3,681,0.42562500000000003,3.358180079900419e-06,0.4365851558648718,0.17108848077502664,4096,0,0,1.0,0.0,0.0,0,0.0,0.17108848077502664,0.0
DNS,c3,682,0.42625,3.423317726385497e-06,0.436712706795001,0.1712323382756003,4096,0,0,1.0,0.0,0.0,0,0.0,0.1712323382756003,0.0
DNS,c3,683,0.426875,3.490505656137245e-06,0.43683995597856695,0.17137555199804355,4096,0,0,1.0,0.0,0.0,0,0.0,0.17137555199804355,0.0
DNS,c3,684,0.4275,3.5598146625152716e-06,0.4369668947903821,0.17151812291335425,4096,0,0,1.0,0.0,0.0,0,0.0,0.17151812291335425,0.0
DNS,c3,685,0.42812500000000003,3.631317670361941e-06,0.4370935142592907,0.1716600520183683,4096,0,0,1.0,0.0,0.0,0,0.0,0.1716600520183683,0.0
DNS,c3,686,0.42875,3.7050897892024574e-06,0.4372198050625003,0.17180134033561717,4096,0,0,1.0,0.0,0.0,0,0.0,0.17180134033561717,0.0
DNS,c3,687,0.429375,3.781208367477764e-06,0.4373457575199723,0.17194198891318233,4096,0,0,1.0,0.0,0.0,0,0.0,0.17194198891318233,0.0
DNS,c3,688,0.43,3.859753047821879e-06,0.4374713615888783,0.1720819988245454,4096,0,0,1.0,0.0,0.0,0,0.0,0.1720819988245454,0.0
DNS,c3,689,0.43062500000000004,3.917725047302153e-06,0.4375966068581282,0.17222137116843508,4096,0,0,1.0,0.0,0.0,0,0.0,0.17222137116843508,0.0
DNS,c3,690,0.43125,3.974493497509791e-06,0.43772148254297677,0.1723601070686701,4096,0,0,1.0,0.0,0.0,0,0.0,0.1723601070686701,0.0
DNS,c3,691,0.431875,4.0328216449764265e-06,0.4378459774797151,0.17249820767399887,4096,0,0,1.0,0.0,0.0,0,0.0,0.17249820767399887,0.0
DNS,c3,692,0.4325,4.092765115679878e-06,0.43797008012045324,0.1726356741579353,4096,0,0,1.0,0.0,0.0,0,0.0,0.1726356741579353,0.0
DNS,c3,693,0.433125,4.154381266746689e-06,0.4380937785280012,0.17277250771859137,4096,0,0,1.0,0.0,0.0,0,0.0,0.17277250771859137,0.0
DNS,c3,694,0.43375,4.21772923060592e-06,0.4382170603708544,0.17290870957850607,4096,0,0,1.0,0.0,0.0,0,0.0,0.17290870957850607,0.0
DNS,c3,695,0.434375,4.282869960033534e-06,0.43833991291829094,0.1730442809844709,4096,0,0,1.0,0.0,0.0,0,0.0,0.1730442809844709,0.0
DNS,c3,696,0.435,4.349866274098846e-06,0.4384623230355868,0.17317922320735213,4096,0,0,1.0,0.0,0.0,0,0.0,0.17317922320735213,0.0
DNS,c3,697,0.435625,4.418782905024455e-06,0.4385842771793565,0.17331353754190965,4096,0,0,1.0,0.0,0.0,0,0.0,0.17331353754190965,0.0
DNS,c3,698,0.43625,4.489686545971007e-06,0.4387057613930254,0.17344722530661233,4096,0,0,1.0,0.0,0.0,0,0.0,0.17344722530661233,0.0
DNS,c3,699,0.436875,4.56264589975811e-06,0.43882676130244125,0.17358028784345045,4096,0,0,1.0,0.0,0.0,0,0.0,0.17358028784345045,0.0
DNS,c3,700,0.4375,4.6377317285325825e-06,0.4389472621116312,0.1737127265177449,4096,0,0,1.0,0.0,0.0,0,0.0,0.1737127265177449,0.0
DNS,c3,701,0.438125,4.715016904395224e-06,0.439067248598712,0.17384454271795294,4096,0,0,1.0,0.0,0.0,0,0.0,0.17384454271795294,0.0
DNS,c3,702,0.43875000000000003,4.7945764609971115e-06,0.43918670511195934,0.17397573785547113,4096,0,0,1.0,0.0,0.0,0,0.0,0.17397573785547113,0.0
DNS,c3,703,0.439375,4.8764876461164095e-06,0.4393056155660444,0.17410631336443527,4096,0,0,1.0,0.0,0.0,0,0.0,0.17410631336443527,0.0
DNS,c3,704,0.44,4.9608299752265246e-06,0.4394239634384437,0.174236270701517,4096,0,0,1.0,0.0,0.0,0,0.0,0.174236270701517,0.0
DNS,c3,705,0.440625,5.047685286066338e-06,0.43954173176602956,0.17436561134571793,4096,0,0,1.0,0.0,0.0,0,0.0,0.17436561134571793,0.0
DNS,c3,706,0.44125000000000003,5.137137794223128e-06,0.43965890314184813,0.17449433679816048,4096,0,0,1.0,0.0,0.0,0,0.0,0.17449433679816048,0.0
DNS,c3,707,0.441875,5.2292741497386595e-06,0.43977545971209187,0.1746224485818762,4096,0,0,1.0,0.0,0.0,0,0.0,0.1746224485818762,0.0
DNS,c3,708,0.4425,5.324183494748773e-06,0.43989138317327314,0.17474994824159112,4096,0,0,1.0,0.0,0.0,0,0.0,0.17474994824159112,0.0
DNS,c3,709,0.443125,5.4219575221666594e-06,0.44000665476960615,0.17487683734350842,4096,0,0,1.0,0.0,0.0,0,0.0,0.17487683734350842,0.0
DNS,c3,710,0.44375000000000003,5.5226905354198375e-06,0.4401212552906035,0.17500311747508865,4096,0,0,1.0,0.0,0.0,0,0.0,0.17500311747508865,0.0
DNS,c3,711,0.444375,5.6264795092507e-06,0.44023516506889465,0.17512879024482708,4096,0,0,1.0,0.0,0.0,0,0.0,0.17512879024482708,0.0
DNS,c3,712,0.445,5.73342415159029e-06,0.44034836397827276,0.17525385728202858,4096,0,0,1.0,0.0,0.0,0,0.0,0.17525385728202858,0.0
DNS,c3,713,0.445625,5.8436269665147996e-06,0.4404608314319763,0.1753783202365803,4096,0,0,1.0,0.0,0.0,0,0.0,0.1753783202365803,0.0
DNS,c3,714,0.44625000000000004,5.927267461991648e-06,0.44057254638121207,0.1755021807787216,4096,0,0,1.0,0.0,0.0,0,0.0,0.1755021807787216,0.0
DNS,c3,715,0.446875,6.006820882332293e-06,0.44068348731392654,0.1756254405988117,4096,0,0,1.0,0.0,0.0,0,0.0,0.1756254405988117,0.0
DNS,c3,716,0.4475,6.08847137287268e-06,0.44079363225383106,0.1757481014070953,4096,0,0,1.0,0.0,0.0,0,0.0,0.1757481014070953,0.0
DNS,c3,717,0.448125,6.17229095862103e-06,0.4409029587596879,0.1758701649334656,4096,0,0,1.0,0.0,0.0,0,0.0,0.1758701649334656,0.0
DNS,c3,718,0.44875,6.258353788330861e-06,0.44101144392486274,0.17599163292722564,4096,0,0,1.0,0.0,0.0,0,0.0,0.17599163292722564,0.0
DNS,c3,719,0.449375,6.3467361851498274e-06,0.4411190643771503,0.176112507156847,4096,0,0,1.0,0.0,0.0,0,0.0,0.176112507156847,0.0
DNS,c3,720,0.45,6.437516698204024e-06,0.44122579627887815,0.17623278940972692,4096,0,0,1.0,0.0,0.0,0,0.0,0.17623278940972692,0.0
DNS,c3,721,0.450625,6.530776155127784e-06,0.4413316153272952,0.1763524814919433,4096,0,0,1.0,0.0,0.0,0,0.0,0.1763524814919433,0.0
DNS,c3,722,0.45125,6.626597715548868e-06,0.4414364967552501,0.17647158522800777,4096,0,0,1.0,0.0,0.0,0,0.0,0.17647158522800777,0.0
DNS,c3,723,0.451875,6.7250669255388125e-06,0.4415404153321652,0.17659010246061707,4096,0,0,1.0,0.0,0.0,0,0.0,0.17659010246061707,0.0
DNS,c3,724,0.4525,6.8262717730381e-06,0.4416433453653116,0.17670803505040256,4096,0,0,1.0,0.0,0.0,0,0.0,0.17670803505040256,0.0
DNS,c3,725,0.453125,6.930302744265656e-06,0.4417452607013895,0.17682538487567812,4096,0,0,1.0,0.0,0.0,0,0.0,0.17682538487567812,0.0
DNS,c3,726,0.45375,7.037252881122052e-06,0.4418461347284204,0.17694215383218642,4096,0,0,1.0,0.0,0.0,0,0.0,0.17694215383218642,0.0
DNS,c3,727,0.45437500000000003,7.147217839595624e-06,0.44194594037795437,0.17705834383284358,4096,0,0,1.0,0.0,0.0,0,0.0,0.17705834383284358,0.0
DNS,c3,728,0.455,7.2602959491805665e-06,0.4420446501275981,0.17717395680748255,4096,0,0,1.0,0.0,0.0,0,0.0,0.17717395680748255,0.0
DNS,c3,729,0.455625,7.376588273315887e-06,0.44214223600386743,0.17728899470259485,4096,0,0,1.0,0.0,0.0,0,0.0,0.17728899470259485,0.0
DNS,c3,730,0.45625,7.496198670853926e-06,0.4422386695853691,0.17740345948107109,4096,0,0,1.0,0.0,0.0,0,0.0,0.17740345948107109,0.0
DNS,c3,731,0.45687500000000003,7.61923385856695e-06,0.4423339220063153,0.17751735312194034,4096,0,0,1.0,0.0,0.0,0,0.0,0.17751735312194034,0.0
DNS,c3,732,0.4575,7.745803474700147e-06,0.4424279639603749,0.177630677620108,4096,0,0,1.0,0.0,0.0,0,0.0,0.177630677620108,0.0
DNS,c3,733,0.458125,7.876020143579122e-06,0.442520765704865,0.17774343498609302,4096,0,0,1.0,0.0,0.0,0,0.0,0.17774343498609302,0.0
DNS,c3,734,0.45875,8.009999541279793e-06,0.4426122970652857,0.17785562724576365,4096,0,0,1.0,0.0,0.0,0,0.0,0.17785562724576365,0.0
DNS,c3,735,0.45937500000000003,8.147860462368343e-06,0.44270252744020216,0.17796725644007225,4096,0,0,1.0,0.0,0.0,0,0.0,0.17796725644007225,0.0
DNS,c3,736,0.46,8.289724887718657e-06,0.442791425806475,0.17807832462478962,4096,0,0,1.0,0.0,0.0,0,0.0,0.17807832462478962,0.0
DNS,c3,737,0.460625,8.435718053414428e-06,0.44287896072484323,0.17818883387023793,4096,0,0,1.0,0.0,0.0,0,0.0,0.17818883387023793,0.0
DNS,c3,738,0.46125,8.585968520742849e-06,0.44296510034586095,0.1782987862610233,4096,0,0,1.0,0.0,0.0,0,0.0,0.1782987862610233,0.0
DNS,c3,739,0.46187500000000004,8.706216927438583e-06,0.44304981241619046,0.17840818389576757,4096,0,0,1.0,0.0,0.0,0,0.0,0.17840818389576757,0.0
DNS,c3,740,0.4625,8.814669043672438e-06,0.443178587262377,0.17851702888683924,4096,0,0,1.0,0.0,0.0,0,0.0,0.17851702888683924,0.0
DNS,c3,741,0.463125,8.92586541023452e-06,0.4433062499034658,0.17862532336008433,4096,0,0,1.0,0.0,0.0,0,0.0,0.17862532336008433,0.0
DNS,c3,742,0.46375,9.03989690564452e-06,0.4434323994016038,0.17873306945455628,4096,0,0,1.0,0.0,0.0,0,0.0,0.17873306945455628,0.0
DNS,c3,743,0.464375,9.15685695093033e-06,0.4435570609855656,0.17884026932224573,4096,0,0,1.0,0.0,0.0,0,0.0,0.17884026932224573,0.0
DNS,c3,744,0.465,9.27684156637167e-06,0.44368025958715906,0.17894692512781005,4096,0,0,1.0,0.0,0.0,0,0.0,0.17894692512781005,0.0
DNS,c3,745,0.465625,9.399949429201303e-06,0.4438020198426134,0.17905303904830216,4096,0,0,1.0,0.0,0.0,0,0.0,0.17905303904830216,0.0
DNS,c3,746,0.46625,9.52628193227202e-06,0.44392236609399055,0.17915861327289978,4096,0,0,1.0,0.0,0.0,0,0.0,0.17915861327289978,0.0
DNS,c3,747,0.466875,9.65594324369735e-06,0.44404132239061794,0.17926365000263406,4096,0,0,1.0,0.0,0.0,0,0.0,0.17926365000263406,0.0
DNS,c3,748,0.4675,9.78904036747388e-06,0.4441589124905395,0.1793681514501183,4096,0,0,1.0,0.0,0.0,0,0.0,0.1793681514501183,0.0
DNS,c3,749,0.468125,9.925683205092756e-06,0.44427515986198324,0.17947211983927697,4096,0,0,1.0,0.0,0.0,0,0.0,0.17947211983927697,0.0
DNS,c3,750,0.46875,1.0065984618147846e-05,0.44439008768484234,0.17957555740507436,4096,0,0,1.0,0.0,0.0,0,0.0,0.17957555740507436,0.0
DNS,c3,751,0.469375,1.02100604919478e-05,0.44450371885216844,0.17967846639324378,4096,0,0,1.0,0.0,0.0,0,0.0,0.17967846639324378,0.0
DNS,c3,752,0.47000000000000003,1.0358029800139012e-05,0.44461607597167396,0.17978084906001662,4096,0,0,1.0,0.0,0.0,0,0.0,0.17978084906001662,0.0
DNS,c3,753,0.470625,1.051001467034633e-05,0.44472718136724193,0.17988270767185216,4096,0,0,1.0,0.0,0.0,0,0.0,0.17988270767185216,0.0
DNS,c3,754,0.47125,1.0666140450838052e-05,0.4448370570804413,0.17998404450516736,4096,0,0,1.0,0.0,0.0,0,0.0,0.17998404450516736,0.0
DNS,c3,755,0.471875,1.082653577822157e-05,0.44494572487204526,0.1800848618460671,4096,0,0,1.0,0.0,0.0,0,0.0,0.1800848618460671,0.0
DNS,c3,756,0.47250000000000003,1.0991332646175765e-05,0.4450532062235509,0.1801851619900754,4096,0,0,1.0,0.0,0.0,0,0.0,0.1801851619900754,0.0
DNS,c3,757,0.473125,1.1160666475225953e-05,0.44515952233869854,0.18028494724186633,4096,0,0,1.0,0.0,0.0,0,0.0,0.18028494724186633,0.0
DNS,c3,758,0.47375,1.1334676183566991e-05,0.44526469414498854,0.18038421991499648,4096,0,0,1.0,0.0,0.0,0,0.0,0.18038421991499648,0.0
DNS,c3,759,0.474375,1.1513504258939807e-05,0.44536874229519374,0.1804829823316375,4096,0,0,1.0,0.0,0.0,0,0.0,0.1804829823316375,0.0
DNS,c3,760,0.47500000000000003,1.1697296831566364e-05,0.44547168716886654,0.1805812368223096,4096,0,0,1.0,0.0,0.0,0,0.0,0.1805812368223096,0.0
DNS,c3,761,0.475625,1.1886203748147795e-05,0.44557354887383777,0.1806789857256158,4096,0,0,1.0,0.0,0.0,0,0.0,0.1806789857256158,0.0
DNS,c3,762,0.47625,1.208037864693007e-05,0.4456743472477071,0.18077623138797722,4096,0,0,1.0,0.0,0.0,0,0.0,0.18077623138797722,0.0
DNS,c3,763,0.476875,1.2279979033841336e-05,0.4457741018593223,0.18087297616336928,4096,0,0,1.0,0.0,0.0,0,0.0,0.18087297616336928,0.0
DNS,c3,764,0.47750000000000004,1.2453781519632679e-05,0.4458728320102468,0.18096922241305852,4096,0,0,1.0,0.0,0.0,0,0.0,0.18096922241305852,0.0
DNS,c3,765,0.478125,1.2598004869651098e-05,0.4459705567362133,0.18106497250534126,4096,0,0,1.0,0.0,0.0,0,0.0,0.18106497250534126,0.0
DNS,c3,766,0.47875,1.2745731503563073e-05,0.4460672948085627,0.18116022881528243,4096,0,0,1.0,0.0,0.0,0,0.0,0.18116022881528243,0.0
DNS,c3,767,0.479375,1.289707342748281e-05,0.44616306473566714,0.18125499372445641,4096,0,0,1.0,0.0,0.0,0,0.0,0.18125499372445641,0.0
DNS,c3,768,0.48,1.3052145625101069e-05,0.44625788476433487,0.18134926962068865,4096,0,0,1.0,0.0,0.0,0,0.0,0.18134926962068865,0.0
DNS,c3,769,0.480625,1.3211066119917041e-05,0.4463517728811973,0.18144305889779871,4096,0,0,1.0,0.0,0.0,0,0.0,0.18144305889779871,0.0
DNS,c3,770,0.48125,1.3373956038427026e-05,0.4464447468140759,0.18153636395534467,4096,0,0,1.0,0.0,0.0,0,0.0,0.18153636395534467,0.0
DNS,c3,771,0.481875,1.3540939674275945e-05,0.44653682403332845,0.18162918719836885,4096,0,0,1.0,0.0,0.0,0,0.0,0.18162918719836885,0.0
DNS,c3,772,0.4825,1.371214455337755e-05,0.44664612029445677,0.18172153103714522,4096,0,0,1.0,0.0,0.0,0,0.0,0.18172153103714522,0.0
DNS,c3,773,0.483125,1.3887701500008907e-05,0.446774679071854,0.18181339788692782,4096,0,0,1.0,0.0,0.0,0,0.0,0.18181339788692782,0.0
DNS,c3,774,0.48375,1.4067744703884565e-05,0.446901049532177,0.1819047901677015,4096,0,0,1.0,0.0,0.0,0,0.0,0.1819047901677015,0.0
DNS,c3,775,0.484375,1.4252411788215499e-05,0.4470252637544208,0.18199571030393358,4096,0,0,1.0,0.0,0.0,0,0.0,0.18199571030393358,0.0
DNS,c3,776,0.485,1.4441843878757742e-05,0.44714735363109553,0.18208616072432748,4096,0,0,1.0,0.0,0.0,0,0.0,0.18208616072432748,0.0
DNS,c3,777,0.48562500000000003,1.4636185673855295e-05,0.4472673508664305,0.18217614386157815,4096,0,0,1.0,0.0,0.0,0,0.0,0.18217614386157815,0.0
DNS,c3,778,0.48625,1.4835585515481683e-05,0.44738528697460617,0.18226566215212903,4096,0,0,1.0,0.0,0.0,0,0.0,0.18226566215212903,0.0
DNS,c3,779,0.486875,1.5040195461284199e-05,0.44750119327801263,0.1823547180359309,4096,0,0,1.0,0.0,0.0,0,0.0,0.1823547180359309,0.0
DNS,c3,780,0.4875,1.5250171357634652e-05,0.4476151009055332,0.18244331395620272,4096,0,0,1.0,0.0,0.0,0,0.0,0.18244331395620272,0.0
DNS,c3,781,0.48812500000000003,1.5465672913690066e-05,0.44772704079085135,0.1825314523591941,4096,0,0,1.0,0.0,0.0,0,0.0,0.1825314523591941,0.0
DNS,c3,782,0.48875,1.5686863776466537e-05,0.4478370436707803,0.18261913569395,4096,0,0,1.0,0.0,0.0,0,0.0,0.18261913569395,0.0
DNS,c3,783,0.489375,1.5913911606929092e-05,0.447945140083613,0.1827063664120772,4096,0,0,1.0,0.0,0.0,0,0.0,0.1827063664120772,0.0
DNS,c3,784,0.49,1.6146988157100106e-05,0.44805136036749194,0.1827931469675127,4096,0,0,1.0,0.0,0.0,0,0.0,0.1827931469675127,0.0
DNS,c3,785,0.49062500000000003,1.6386269348188473e-05,0.4481557346587972,0.18287947981629465,4096,0,0,1.0,0.0,0.0,0,0.0,0.18287947981629465,0.0
DNS,c3,786,0.49125,1.6631935349741403e-05,0.4482582928905519,0.1829653674163348,4096,0,0,1.0,0.0,0.0,0,0.0,0.1829653674163348,0.0
DNS,c3,787,0.491875,1.688417065982034e-05,0.44835906479084364,0.18305081222719344,4096,0,0,1.0,0.0,0.0,0,0.0,0.18305081222719344,0.0
DNS,c3,788,0.4925,1.7143164186202196e-05,0.44845807988126096,0.18313581670985635,4096,0,0,1.0,0.0,0.0,0,0.0,0.18313581670985635,0.0
DNS,c3,789,0.49312500000000004,1.7396484020678258e-05,0.44855536747534397,0.1832203833265142,4096,0,0,1.0,0.0,0.0,0,0.0,0.1832203833265142,0.0
DNS,c3,790,0.49375,1.758403457759125e-05,0.4486509566770484,0.18330451454034374,4096,0,0,1.0,0.0,0.0,0,0.0,0.18330451454034374,0.0
DNS,c3,791,0.494375,1.777595706043768e-05,0.44874487637922156,0.1833882128152918,4096,0,0,1.0,0.0,0.0,0,0.0,0.1833882128152918,0.0
DNS,c3,792,0.495,1.797238660325357e-05,0.4488371552620901,0.183471480615861,4096,0,0,1.0,0.0,0.0,0,0.0,0.183471480615861,0.0
DNS,c3,793,0.49562500000000004,1.817346175877712e-05,0.44892782179175866,0.1835543204068985,4096,0,0,1.0,0.0,0.0,0,0.0,0.1835543204068985,0.0
DNS,c3,794,0.49625,1.837932456540155e-05,0.4490169042187183,0.18363673465338645,4096,0,0,1.0,0.0,0.0,0,0.0,0.18363673465338645,0.0
DNS,c3,795,0.496875,1.859012061506229e-05,0.44910443057636473,0.1837187258202351,4096,0,0,1.0,0.0,0.0,0,0.0,0.1837187258202351,0.0
DNS,c3,796,0.4975,1.880599912206231e-05,0.4491904286795252,0.1838002963720785,4096,0,0,1.0,0.0,0.0,0,0.0,0.1838002963720785,0.0
DNS,c3,797,0.498125,1.902711299283915e-05,0.4492749261229938,0.1838814487730723,4096,0,0,1.0,0.0,0.0,0,0.0,0.1838814487730723,0.0
DNS,c3,798,0.49875,1.925361889667688e-05,0.4493579502800749,0.18396218548669435,4096,0,0,1.0,0.0,0.0,0,0.0,0.18396218548669435,0.0
DNS,c3,799,0.499375,1.948567733736602e-05,0.44943952830113376,0.1840425089755474,4096,0,0,1.0,0.0,0.0,0,0.0,0.1840425089755474,0.0
DNS,c3,800,0.5,1.9723452725814097e-05,0.4495196871121544,0.18412242170116466,4096,0,0,1.0,0.0,0.0,0,0.0,0.18412242170116466,0.0
DNS,c3,801,0.500625,1.9967113453609297e-05,0.4495984534133043,0.1842019261238177,4096,0,0,1.0,0.0,0.0,0,0.0,0.1842019261238177,0.0
DNS,c3,802,0.50125,2.0216831967539285e-05,0.44967585367750557,0.18428102470232705,4096,0,0,1.0,0.0,0.0,0,0.0,0.18428102470232705,0.0
DNS,c3,803,0.501875,2.047278484506702e-05,0.44975191414901255,0.184359719893875,4096,0,0,1.0,0.0,0.0,0,0.0,0.184359719893875,0.0
DNS,c3,804,0.5025000000000001,2.0735152870765038e-05,0.4498390591744161,0.1844380141538216,4096,0,0,1.0,0.0,0.0,0,0.0,0.1844380141538216,0.0
DNS,c3,805,0.503125,2.100412111370942e-05,0.44994825667715477,0.18451590993552253,4096,0,0,1.0,0.0,0.0,0,0.0,0.18451590993552253,0.0
DNS,c3,806,0.50375,2.127987900583419e-05,0.4500545778603108,0.1845934096901502,4096,0,0,1.0,0.0,0.0,0,0.0,0.1845934096901502,0.0
DNS,c3,807,0.504375,2.1562620421246687e-05,0.45015806357736604,0.184670515866517,4096,0,0,1.0,0.0,0.0,0,0.0,0.184670515866517,0.0
DNS,c3,808,0.505,2.1852543756504057e-05,0.4502587546710916,0.18474723091090162,4096,0,0,1.0,0.0,0.0,0,0.0,0.18474723091090162,0.0
DNS,c3,809,0.505625,2.214985201185059e-05,0.45035669196607037,0.18482355726687766,4096,0,0,1.0,0.0,0.0,0,0.0,0.18482355726687766,0.0
DNS,c3,810,0.50625,2.2454752873415343e-05,0.45045191626122305,0.18489949737514494,4096,0,0,1.0,0.0,0.0,0,0.0,0.18489949737514494,0.0
DNS,c3,811,0.506875,2.2767458796369098e-05,0.4505444683223391,0.1849750536733638,4096,0,0,1.0,0.0,0.0,0,0.0,0.1849750536733638,0.0
DNS,c3,812,0.5075000000000001,2.3088187089039265e-05,0.4506343888746153,0.1850502285959916,4096,0,0,1.0,0.0,0.0,0,0.0,0.1850502285959916,0.0
DNS,c3,813,0.508125,2.3417159997981003e-05,0.45072171859520505,0.18512502457412214,4096,0,0,1.0,0.0,0.0,0,0.0,0.18512502457412214,0.0
DNS,c3,814,0.50875,2.3754604794002412e-05,0.4508064981057794,0.1851994440353279,4096,0,0,1.0,0.0,0.0,0,0.0,0.1851994440353279,0.0
DNS,c3,815,0.509375,2.402773151080031e-05,0.45088876796510424,0.18527348940350452,4096,0,0,1.0,0.0,0.0,0,0.0,0.18527348940350452,0.0
DNS,c3,816,0.51,2.427210349622516e-05,0.4509685686616351,0.18534716309871865,4096,0,0,1.0,0.0,0.0,0,0.0,0.18534716309871865,0.0
DNS,c3,817,0.510625,2.4521979052369492e-05,0.45104594060613246,0.18542046753705765,4096,0,0,1.0,0.0,0.0,0,0.0,0.18542046753705765,0.0
DNS,c3,818,0.51125,2.477752195087652e-05,0.45112092412430066,0.1854934051304826,4096,0,0,1.0,0.0,0.0,0,0.0,0.1854934051304826,0.0
DNS,c3,819,0.511875,2.503889989016258e-05,0.4511935594494528,0.18556597828668386,4096,0,0,1.0,0.0,0.0,0,0.0,0.18556597828668386,0.0
DNS,c3,820,0.5125,2.5306284567107577e-05,0.45126388671520423,0.18563818940893928,4096,0,0,1.0,0.0,0.0,0,0.0,0.18563818940893928,0.0
DNS,c3,821,0.513125,2.5579851749639542e-05,0.4513319459481984,0.18571004089597473,4096,0,0,1.0,0.0,0.0,0,0.0,0.18571004089597473,0.0
DNS,c3,822,0.51375,2.5859781350214555e-05,0.4513977770608664,0.1857815351418282,4096,0,0,1.0,0.0,0.0,0,0.0,0.1857815351418282,0.0
DNS,c3,823,0.514375,2.6146257500192928e-05,0.45146141984422444,0.18585267453571555,4096,0,0,1.0,0.0,0.0,0,0.0,0.18585267453571555,0.0
DNS,c3,824,0.515,2.643946862511226e-05,0.45154322856235907,0.18592346146189961,4096,0,0,1.0,0.0,0.0,0,0.0,0.18592346146189961,0.0
DNS,c3,825,0.515625,2.6739607520857676e-05,0.4516242931154603,0.18599389829956164,4096,0,0,1.0,0.0,0.0,0,0.0,0.18599389829956164,0.0
DNS,c3,826,0.51625,2.7046871430729214e-05,0.4517038971090172,0.1860639874226757,4096,0,0,1.0,0.0,0.0,0,0.0,0.1860639874226757,0.0
DNS,c3,827,0.516875,2.7361462123405994e-05,0.4517820676181633,0.18613373119988533,4096,0,0,1.0,0.0,0.0,0,0.0,0.18613373119988533,0.0
DNS,c3,828,0.5175,2.7683585971806497e-05,0.4518588314747102,0.18620313199438301,4096,0,0,1.0,0.0,0.0,0,0.0,0.18620313199438301,0.0
DNS,c3,829,0.5181250000000001,2.801345403284392e-05,0.4519342152647385,0.18627219216379245,4096,0,0,1.0,0.0,0.0,0,0.0,0.18627219216379245,0.0
DNS,c3,830,0.51875,2.8351282128075185e-05,0.4520082453262259,0.18634091406005315,4096,0,0,1.0,0.0,0.0,0,0.0,0.18634091406005315,0.0
DNS,c3,831,0.519375,2.86972909252419e-05,0.4520973056648234,0.18640930002930767,4096,0,0,1.0,0.0,0.0,0,0.0,0.18640930002930767,0.0
DNS,c3,832,0.52,2.905170602070112e-05,0.45218970854910895,0.1864773524117917,4096,0,0,1.0,0.0,0.0,0,0.0,0.1864773524117917,0.0
DNS,c3,833,0.520625,2.941475802274341e-05,0.45227943254256475,0.1865450735417266,4096,0,0,1.0,0.0,0.0,0,0.0,0.1865450735417266,0.0
DNS,c3,834,0.52125,2.9786682635795393e-05,0.45236651995561816,0.18661246574721402,4096,0,0,1.0,0.0,0.0,0,0.0,0.18661246574721402,0.0
DNS,c3,835,0.521875,3.016772074550344e-05,0.45245101304201113,0.1866795313501341,4096,0,0,1.0,0.0,0.0,0,0.0,0.1866795313501341,0.0
DNS,c3,836,0.5225,3.055811850469489e-05,0.4525329539895318,0.18674627266604488,4096,0,0,1.0,0.0,0.0,0,0.0,0.18674627266604488,0.0
DNS,c3,837,0.5231250000000001,3.0958127420212725e-05,0.45261238491079897,0.18681269200408562,4096,0,0,1.0,0.0,0.0,0,0.0,0.18681269200408562,0.0
DNS,c3,838,0.52375,3.136800444061921e-05,0.4526893478341032,0.18687879166688137,4096,0,0,1.0,0.0,0.0,0,0.0,0.18687879166688137,0.0
DNS,c3,839,0.524375,3.1788012044763585e-05,0.4527638846943085,0.1869445739504509,4096,0,0,1.0,0.0,0.0,0,0.0,0.1869445739504509,0.0
DNS,c3,840,0.525,3.221271591906554e-05,0.45283603732381805,0.18701004114411646,4096,0,0,1.0,0.0,0.0,0,0.0,0.18701004114411646,0.0
DNS,c3,841,0.525625,3.251828434867876e-05,0.452905847443608,0.18707519553041657,4096,0,0,1.0,0.0,0.0,0,0.0,0.18707519553041657,0.0
DNS,c3,842,0.52625,3.28304467466013e-05,0.4529733566543331,0.1871400393850206,4096,0,0,1.0,0.0,0.0,0,0.0,0.1871400393850206,0.0
DNS,c3,843,0.526875,3.314939334956816e-05,0.45303860642750715,0.18720457497664633,4096,0,0,1.0,0.0,0.0,0,0.0,0.18720457497664633,0.0
DNS,c3,844,0.5275,3.347531874845889e-05,0.4531016380967631,0.18726880456697942,4096,0,0,1.0,0.0,0.0,0,0.0,0.18726880456697942,0.0
DNS,c3,845,0.528125,3.38084219628432e-05,0.4531624928491953,0.18733273041059542,4096,0,0,1.0,0.0,0.0,0,0.0,0.18733273041059542,0.0
DNS,c3,846,0.52875,3.414890651636066e-05,0.4532212117167877,0.18739635475488428,4096,0,0,1.0,0.0,0.0,0,0.0,0.18739635475488428,0.0
DNS,c3,847,0.529375,3.449698051293335e-05,0.45327783556793216,0.18745967983997683,4096,0,0,1.0,0.0,0.0,0,0.0,0.18745967983997683,0.0
DNS,c3,848,0.53,3.4852856713810134e-05,0.4533324050990393,0.1875227078986737,4096,0,0,1.0,0.0,0.0,0,0.0,0.1875227078986737,0.0
DNS,c3,849,0.530625,3.5216752615440946e-05,0.4533849608262461,0.18758544115637654,4096,0,0,1.0,0.0,0.0,0,0.0,0.18758544115637654,0.0
DNS,c3,850,0.53125,3.5588890528179e-05,0.4534355430772226,0.18764788183102155,4096,0,0,1.0,0.0,0.0,0,0.0,0.18764788183102155,0.0
DNS,c3,851,0.531875,3.596949765580865e-05,0.45348419198308226,0.1877100321330148,4096,0,0,1.0,0.0,0.0,0,0.0,0.1877100321330148,0.0
DNS,c3,852,0.5325,3.6358806175896134e-05,0.4535309474703976,0.18777189426517024,4096,0,0,1.0,0.0,0.0,0,0.0,0.18777189426517024,0.0
DNS,c3,853,0.533125,3.675705332096021e-05,0.4535758492533255,0.18783347042264953,4096,0,0,1.0,0.0,0.0,0,0.0,0.18783347042264953,0.0
DNS,c3,854,0.5337500000000001,3.716448146045928e-05,0.45361893682584403,0.1878947627929044,4096,0,0,1.0,0.0,0.0,0,0.0,0.1878947627929044,0.0
DNS,c3,855,0.534375,3.758133818359116e-05,0.45366024945410466,0.1879557735556203,4096,0,0,1.0,0.0,0.0,0,0.0,0.1879557735556203,0.0
DNS,c3,856,0.535,3.8007876382901386e-05,0.4536998261689019,0.18801650488266305,4096,0,0,1.0,0.0,0.0,0,0.0,0.18801650488266305,0.0
DNS,c3,857,0.535625,3.8444354338695545e-05,0.4537534826372346,0.18807695893802706,4096,0,0,1.0,0.0,0.0,0,0.0,0.18807695893802706,0.0
DNS,c3,858,0.53625,3.889103580425066e-05,0.4538331570069578,0.18813713787778552,4096,0,0,1.0,0.0,0.0,0,0.0,0.18813713787778552,0.0
DNS,c3,859,0.536875,3.934819009182036e-05,0.4539103128219576,0.18819704385004282,4096,0,0,1.0,0.0,0.0,0,0.0,0.18819704385004282,0.0
DNS,c3,860,0.5375,3.981609215942803e-05,0.4539849933087495,0.1882566789948887,4096,0,0,1.0,0.0,0.0,0,0.0,0.1882566789948887,0.0
DNS,c3,861,0.538125,4.029502269844196e-05,0.454057241592656,0.18831604544435454,4096,0,0,1.0,0.0,0.0,0,0.0,0.18831604544435454,0.0
DNS,c3,862,0.5387500000000001,4.0785268221925813e-05,0.4541271006871698,0.18837514532237137,4096,0,0,1.0,0.0,0.0,0,0.0,0.18837514532237137,0.0
DNS,c3,863,0.539375,4.128712115375753e-05,0.4541946134834283,0.18843398074472986,4096,0,0,1.0,0.0,0.0,0,0.0,0.18843398074472986,0.0
DNS,c3,864,0.54,4.180087991850927e-05,0.4542598227398042,0.18849255381904217,4096,0,0,1.0,0.0,0.0,0,0.0,0.18849255381904217,0.0
DNS,c3,865,0.540625,4.232684903208055e-05,0.4543227710716169,0.1885508666447055,4096,0,0,1.0,0.0,0.0,0,0.0,0.1885508666447055,0.0
DNS,c3,866,0.54125,4.2828625918224664e-05,0.45438350094096885,0.18860892131286758,4096,0,0,1.0,0.0,0.0,0,0.0,0.18860892131286758,0.0
DNS,c3,867,0.541875,4.3212310448475946e-05,0.45444205464671067,0.18866671990639378,4096,0,0,1.0,0.0,0.0,0,0.0,0.18866671990639378,0.0
DNS,c3,868,0.5425,4.360397654675535e-05,0.45449847431453944,0.188724264499836,4096,0,0,1.0,0.0,0.0,0,0.0,0.188724264499836,0.0
DNS,c3,869,0.543125,4.4003846496964265e-05,0.45455280188723457,0.1887815571594033,4096,0,0,1.0,0.0,0.0,0,0.0,0.1887815571594033,0.0
DNS,c3,870,0.5437500000000001,4.441214741964861e-05,0.4546050791150341,0.18883859994293417,4096,0,0,1.0,0.0,0.0,0,0.0,0.18883859994293417,0.0
DNS,c3,871,0.544375,4.4829111349209544e-05,0.45465534754615605,0.1888953948998702,4096,0,0,1.0,0.0,0.0,0,0.0,0.1888953948998702,0.0
DNS,c3,872,0.545,4.52549753118724e-05,0.4547036485174677,0.1889519440712319,4096,0,0,1.0,0.0,0.0,0,0.0,0.1889519440712319,0.0
DNS,c3,873,0.545625,4.568998140441045e-05,0.454750023145307,0.18900824948959555,4096,0,0,1.0,0.0,0.0,0,0.0,0.18900824948959555,0.0
DNS,c3,874,0.54625,4.61343768736197e-05,0.4547945123164588,0.1890643131790718,4096,0,0,1.0,0.0,0.0,0,0.0,0.1890643131790718,0.0
DNS,c3,875,0.546875,4.658841419654058e-05,0.454837156679289,0.1891201371552859,4096,0,0,1.0,0.0,0.0,0,0.0,0.1891201371552859,0.0
DNS,c3,876,0.5475,4.705235116142207e-05,0.45487799663504036,0.18917572342535927,4096,0,0,1.0,0.0,0.0,0,0.0,0.18917572342535927,0.0
DNS,c3,877,0.548125,4.752645094942342e-05,0.4549170723292923,0.18923107398789246,4096,0,0,1.0,0.0,0.0,0,0.0,0.18923107398789246,0.0
DNS,c3,878,0.54875,4.8010982217048346e-05,0.4549544236435869,0.18928619083294984,4096,0,0,1.0,0.0,0.0,0,0.0,0.18928619083294984,0.0
DNS,c3,879,0.5493750000000001,4.850621917930602e-05,0.45499009018722514,0.18934107594204522,4096,0,0,1.0,0.0,0.0,0,0.0,0.18934107594204522,0.0
DNS,c3,880,0.55,4.9012441693593e-05,0.4550326760804585,0.1893957312881292,4096,0,0,1.0,0.0,0.0,0,0.0,0.1893957312881292,0.0
DNS,c3,881,0.550625,4.9529935344289834e-05,0.45507863032537593,0.18945015883557784,4096,0,0,1.0,0.0,0.0,0,0.0,0.18945015883557784,0.0
DNS,c3,882,0.55125,5.005899152806551e-05,0.45512377597954495,0.18950436054018238,4096,0,0,1.0,0.0,0.0,0,0.0,0.18950436054018238,0.0
DNS,c3,883,0.551875,5.059990753988281e-05,0.45516813156986907,0.18955833834914038,4096,0,0,1.0,0.0,0.0,0,0.0,0.18955833834914038,0.0
DNS,c3,884,0.5525,5.115298665969698e-05,0.45521171530362375,0.18961209420104824,4096,0,0,1.0,0.0,0.0,0,0.0,0.18961209420104824,0.0
DNS,c3,885,0.553125,5.17185382398399e-05,0.45525454506743407,0.1896656300258947,4096,0,0,1.0,0.0,0.0,0,0.0,0.1896656300258947,0.0
DNS,c3,886,0.55375,5.229687779308143e-05,0.4552966384263264,0.18971894774505557,4096,0,0,1.0,0.0,0.0,0,0.0,0.18971894774505557,0.0
DNS,c3,887,0.5543750000000001,5.288832708135922e-05,0.4553380126228546,0.18977204927128982,4096,0,0,1.0,0.0,0.0,0,0.0,0.18977204927128982,0.0
DNS,c3,888,0.555,5.3493214205167944e-05,0.4553786845763001,0.18982493650873655,4096,0,0,1.0,0.0,0.0,0,0.0,0.18982493650873655,0.0
DNS,c3,889,0.555625,5.411187369359827e-05,0.4554186708819453,0.18987761135291312,4096,0,0,1.0,0.0,0.0,0,0.0,0.18987761135291312,0.0
DNS,c3,890,0.55625,5.4744646595015746e-05,0.4554579878104213,0.18993007569071446,4096,0,0,1.0,0.0,0.0,0,0.0,0.18993007569071446,0.0
DNS,c3,891,0.556875,5.5391880568369136e-05,0.45549665130712785,0.18998233140041326,4096,0,0,1.0,0.0,0.0,0,0.0,0.18998233140041326,0.0
DNS,c3,892,0.5575,5.6014258651963626e-05,0.4555367060220728,0.19003438035166131,4096,0,0,1.0,0.0,0.0,0,0.0,0.19003438035166131,0.0
DNS,c3,893,0.558125,5.648827084978315e-05,0.45558408306008913,0.19008622440549186,4096,0,0,1.0,0.0,0.0,0,0.0,0.19008622440549186,0.0
DNS,c3,894,0.55875,5.6971775662663345e-05,0.45562950373832617,0.19013786541432257,4096,0,0,1.0,0.0,0.0,0,0.0,0.19013786541432257,0.0
DNS,c3,895,0.5593750000000001,5.746502865873533e-05,0.4556730099528575,0.19018930522195987,4096,0,0,1.0,0.0,0.0,0,0.0,0.19018930522195987,0.0
DNS,c3,896,0.56,5.79682907007474e-05,0.4557146433521058,0.19024054566360407,4096,0,0,1.0,0.0,0.0,0,0.0,0.19024054566360407,0.0
DNS,c3,897,0.560625,5.8481828024859194e-05,0.45576541390928194,0.19029158856585512,4096,0,0,1.0,0.0,0.0,0,0.0,0.19029158856585512,0.0
DNS,c3,898,0.56125,5.90059123201054e-05,0.45581709922155245,0.19034243574671947,4096,0,0,1.0,0.0,0.0,0,0.0,0.19034243574671947,0.0
DNS,c3,899,0.561875,5.9540820808523305e-05,0.4558677659587394,0.1903930890156177,4096,0,0,1.0,0.0,0.0,0,0.0,0.1903930890156177,0.0
DNS,c3,900,0.5625,6.008683632593816e-05,0.4559174353166352,0.19044355017339284,4096,0,0,1.0,0.0,0.0,0,0.0,0.19044355017339284,0.0
DNS,c3,901,0.563125,6.0644247403400085e-05,0.45596612817033505,0.1904938210123196,4096,0,0,1.0,0.0,0.0,0,0.0,0.1904938210123196,0.0
DNS,c3,902,0.56375,6.121334834926576e-05,0.4560138650725602,0.19054390331611437,4096,0,0,1.0,0.0,0.0,0,0.0,0.19054390331611437,0.0
DNS,c3,903,0.564375,6.179443933191781e-05,0.45606066625208286,0.19059379885994565,4096,0,0,1.0,0.0,0.0,0,0.0,0.19059379885994565,0.0
DNS,c3,904,0.5650000000000001,6.238782646311454e-05,0.4561065516122524,0.19064350941044553,4096,0,0,1.0,0.0,0.0,0,0.0,0.19064350941044553,0.0
DNS,c3,905,0.565625,6.299382188196212e-05,0.45615154072962216,0.19069303672572163,4096,0,0,1.0,0.0,0.0,0,0.0,0.19069303672572163,0.0
DNS,c3,906,0.56625,6.36127438395011e-05,0.4561956528526765,0.19074238255536993,4096,0,0,1.0,0.0,0.0,0,0.0,0.19074238255536993,0.0
DNS,c3,907,0.566875,6.424491678389873e-05,0.4562389069006573,0.19079154864048775,4096,0,0,1.0,0.0,0.0,0,0.0,0.19079154864048775,0.0
DNS,c3,908,0.5675,6.489067144623806e-05,0.4562813214624896,0.19084053671368784,4096,0,0,1.0,0.0,0.0,0,0.0,0.19084053671368784,0.0
DNS,c3,909,0.568125,6.55503449268945e-05,0.45632291479580506,0.1908893484991128,4096,0,0,1.0,0.0,0.0,0,0.0,0.1908893484991128,0.0
DNS,c3,910,0.56875,6.622428078249026e-05,0.45636370482606337,0.1909379857124501,4096,0,0,1.0,0.0,0.0,0,0.0,0.1909379857124501,0.0
DNS,c3,911,0.569375,6.691282911341636e-05,0.4564037091457702,0.19098645006094758,4096,0,0,1.0,0.0,0.0,0,0.0,0.19098645006094758,0.0
DNS,c3,912,0.5700000000000001,6.76163466519118e-05,0.4564429450137915,0.1910347432434295,4096,0,0,1.0,0.0,0.0,0,0.0,0.1910347432434295,0.0
DNS,c3,913,0.570625,6.833519685068894e-05,0.45648142935476255,0.1910828669503133,4096,0,0,1.0,0.0,0.0,0,0.0,0.1910828669503133,0.0
DNS,c3,914,0.57125,6.906974997209368e-05,0.45651917875859194,0.1911308228636262,4096,0,0,1.0,0.0,0.0,0,0.0,0.1911308228636262,0.0
DNS,c3,915,0.571875,6.98203831777889e-05,0.4565562094800589,0.19117861265702318,4096,0,0,1.0,0.0,0.0,0,0.0,0.19117861265702318,0.0
DNS,c3,916,0.5725,7.058748061894874e-05,0.4565925374385033,0.19122623799580446,4096,0,0,1.0,0.0,0.0,0,0.0,0.19122623799580446,0.0
DNS,c3,917,0.573125,7.13714335269512e-05,0.45662817821760743,0.19127370053693402,4096,0,0,1.0,0.0,0.0,0,0.0,0.19127370053693402,0.0
DNS,c3,918,0.57375,7.21726403045562e-05,0.45666314706526884,0.1913210019290582,4096,0,0,1.0,0.0,0.0,0,0.0,0.1913210019290582,0.0
DNS,c3,919,0.574375,7.276163469251704e-05,0.45669745889356295,0.19136814381252498,4096,0,0,1.0,0.0,0.0,0,0.0,0.19136814381252498,0.0
DNS,c3,920,0.5750000000000001,7.334982772168976e-05,0.45673112827879464,0.19141512781940317,4096,0,0,1.0,0.0,0.0,0,0.0,0.19141512781940317,0.0
DNS,c3,921,0.575625,7.394942022269947e-05,0.456764169461638,0.19146195557350204,4096,0,0,1.0,0.0,0.0,0,0.0,0.19146195557350204,0.0
DNS,c3,922,0.57625,7.45607075191614e-05,0.45679659634736275,0.19150862869039187,4096,0,0,1.0,0.0,0.0,0,0.0,0.19150862869039187,0.0
DNS,c3,923,0.576875,7.518399073523096e-05,0.45682842250614697,0.19155514877742394,4096,0,0,1.0,0.0,0.0,0,0.0,0.19155514877742394,0.0
DNS,c3,924,0.5775,7.58195768755203e-05,0.4568596611734746,0.1916015174337512,4096,0,0,1.0,0.0,0.0,0,0.0,0.1916015174337512,0.0
DNS,c3,925,0.578125,7.646777890557913e-05,0.4568903252506168,0.1916477362503494,4096,0,0,1.0,0.0,0.0,0,0.0,0.1916477362503494,0.0
DNS,c3,926,0.57875,7.7128915832932e-05,0.45692042730519616,0.19169380681003803,4096,0,0,1.0,0.0,0.0,0,0.0,0.19169380681003803,0.0
DNS,c3,927,0.579375,7.780331278866364e-05,0.4569499795718329,0.19173973068750177,4096,0,0,1.0,0.0,0.0,0,0.0,0.19173973068750177,0.0
DNS,c3,928,0.58,7.849130110954363e-05,0.4569789939528715,0.19178550944931233,4096,0,0,1.0,0.0,0.0,0,0.0,0.19178550944931233,0.0
DNS,c3,929,0.5806250000000001,7.919321842068169e-05,0.4570074820191869,0.1918311446539499,4096,0,0,1.0,0.0,0.0,0,0.0,0.1918311446539499,0.0
DNS,c3,930,0.58125,7.990940871870383e-05,0.45703545501106957,0.1918766378518254,4096,0,0,1.0,0.0,0.0,0,0.0,0.1918766378518254,0.0
DNS,c3,931,0.581875,8.064022245543993e-05,0.45706292383918773,0.19192199058530265,4096,0,0,1.0,0.0,0.0,0,0.0,0.19192199058530265,0.0
DNS,c3,932,0.5825,8.138601662211252e-05,0.45708989908562575,0.19196720438872056,4096,0,0,1.0,0.0,0.0,0,0.0,0.19196720438872056,0.0
DNS,c3,933,0.583125,8.21471548340163e-05,0.4571163910049982,0.19201228078841576,4096,0,0,1.0,0.0,0.0,0,0.0,0.19201228078841576,0.0
DNS,c3,934,0.58375,8.292400741567763e-05,0.4571424095256374,0.19205722130274516,4096,0,0,1.0,0.0,0.0,0,0.0,0.19205722130274516,0.0
DNS,c3,935,0.584375,8.371695148648259e-05,0.45717947086499183,0.19210202744210877,4096,0,0,1.0,0.0,0.0,0,0.0,0.19210202744210877,0.0
DNS,c3,936,0.585,8.452637104676231e-05,0.4572167650744907,0.19214670070897238,4096,0,0,1.0,0.0,0.0,0,0.0,0.19214670070897238,0.0
DNS,c3,937,0.5856250000000001,8.535265706432322e-05,0.45725327101993735,0.19219124259789064,4096,0,0,1.0,0.0,0.0,0,0.0,0.19219124259789064,0.0
DNS,c3,938,0.58625,8.619620756141014e-05,0.4572890057182927,0.19223565459553005,4096,0,0,1.0,0.0,0.0,0,0.0,0.19223565459553005,0.0
DNS,c3,939,0.586875,8.705742770208932e-05,0.45732398584622797,0.19227993818069206,4096,0,0,1.0,0.0,0.0,0,0.0,0.19227993818069206,0.0
DNS,c3,940,0.5875,8.79367298800382e-05,0.4573582277399648,0.1923240948243363,4096,0,0,1.0,0.0,0.0,0,0.0,0.1923240948243363,0.0
DNS,c3,941,0.588125,8.883453380672849e-05,0.4573917473952221,0.19236812598960354,4096,0,0,1.0,0.0,0.0,0,0.0,0.19236812598960354,0.0
DNS,c3,942,0.58875,8.975126659998849e-05,0.45742456046726826,0.1924120331318394,4096,0,0,1.0,0.0,0.0,0,0.0,0.1924120331318394,0.0
DNS,c3,943,0.589375,9.068736287293042e-05,0.4574566822710774,0.19245581769861725,4096,0,0,1.0,0.0,0.0,0,0.0,0.19245581769861725,0.0
DNS,c3,944,0.59,9.164326482322774e-05,0.45748812778158787,0.19249948112976167,4096,0,0,1.0,0.0,0.0,0,0.0,0.19249948112976167,0.0
DNS,c3,945,0.5906250000000001,9.248875580385796e-05,0.4575189116340615,0.19254302485737185,4096,0,0,1.0,0.0,0.0,0,0.0,0.19254302485737185,0.0
DNS,c3,946,0.59125,9.31949197704669e-05,0.4575490481245418,0.1925864503058447,4096,0,0,1.0,0.0,0.0,0,0.0,0.1925864503058447,0.0
DNS,c3,947,0.591875,9.391422141214457e-05,0.4575785512104102,0.19262975889189854,4096,0,0,1.0,0.0,0.0,0,0.0,0.19262975889189854,0.0
DNS,c3,948,0.5925,9.464699076834038e-05,0.457607434511038,0.19267295202459617,4096,0,0,1.0,0.0,0.0,0,0.0,0.19267295202459617,0.0
DNS,c3,949,0.593125,9.539356406905271e-05,0.4576357113085328,0.19271603110536817,4096,0,0,1.0,0.0,0.0,0,0.0,0.19271603110536817,0.0
DNS,c3,950,0.59375,9.615428381424447e-05,0.4576633945485776,0.19275899752803638,4096,0,0,1.0,0.0,0.0,0,0.0,0.19275899752803638,0.0
DNS,c3,951,0.594375,9.692949885371881e-05,0.45769049684136126,0.19280185267883684,4096,0,0,1.0,0.0,0.0,0,0.0,0.19280185267883684,0.0
DNS,c3,952,0.595,9.771956446744542e-05,0.4577170304625985,0.19284459793644343,4096,0,0,1.0,0.0,0.0,0,0.0,0.19284459793644343,0.0
DNS,c3,953,0.595625,9.852484244632737e-05,0.45774300735463747,0.1928872346719906,4096,0,0,1.0,0.0,0.0,0,0.0,0.1928872346719906,0.0
DNS,c3,954,0.5962500000000001,9.93457011733984e-05,0.45776843912765414,0.19292976424909686,4096,0,0,1.0,0.0,0.0,0,0.0,0.19292976424909686,0.0
DNS,c3,955,0.596875,0.0001001825157054398,0.45779333706093084,0.19297218802388755,4096,0,0,1.0,0.0,0.0,0,0.0,0.19297218802388755,0.0
DNS,c3,956,0.5975,0.00010103566785500613,0.4578177121042181,0.19301450734501813,4096,0,0,1.0,0.0,0.0,0,0.0,0.19301450734501813,0.0
DNS,c3,957,0.598125,0.00010190554627284824,0.4578415748791779,0.19305672355369674,4096,0,0,1.0,0.0,0.0,0,0.0,0.19305672355369674,0.0
DNS,c3,958,0.59875,0.00010279254653072214,0.4578649356809067,0.19309883798370758,4096,0,0,1.0,0.0,0.0,0,0.0,0.19309883798370758,0.0
DNS,c3,959,0.599375,0.0001036970712045715,0.4578878044795363,0.19314085196143316,4096,0,0,1.0,0.0,0.0,0,0.0,0.19314085196143316,0.0
DNS,c3,960,0.6,0.0001046195299580715,0.4579101909219118,0.19318276680587737,4096,0,0,1.0,0.0,0.0,0,0.0,0.19318276680587737,0.0
DNS,c3,961,0.600625,0.00010556033962652124,0.4579321043333443,0.19322458382868812,4096,0,0,1.0,0.0,0.0,0,0.0,0.19322458382868812,0.0
DNS,c3,962,0.6012500000000001,0.00010651992430107164,0.4579535537194365,0.19326630433417955,4096,0,0,1.0,0.0,0.0,0,0.0,0.19326630433417955,0.0
DNS,c3,963,0.601875,0.00010749871541327524,0.4579745477679811,0.19330792961935492,4096,0,0,1.0,0.0,0.0,0,0.0,0.19330792961935492,0.0
DNS,c3,964,0.6025,0.00010849715181994425,0.4579950948509281,0.19334946097392866,4096,0,0,1.0,0.0,0.0,0,0.0,0.19334946097392866,0.0
DNS,c3,965,0.603125,0.00010951567988830239,0.45801520302642207,0.19339089968034873,4096,0,0,1.0,0.0,0.0,0,0.0,0.19339089968034873,0.0
DNS,c3,966,0.60375,0.00011055475358141625,0.45803488004090553,0.19343224701381884,4096,0,0,1.0,0.0,0.0,0,0.0,0.19343224701381884,0.0
DNS,c3,967,0.604375,0.00011161483454389081,0.45805413333128836,0.19347350424232043,4096,0,0,1.0,0.0,0.0,0,0.0,0.19347350424232043,0.0
DNS,c3,968,0.605,0.00011269639218781421,0.45807297002718106,0.19351467262663474,4096,0,0,1.0,0.0,0.0,0,0.0,0.19351467262663474,0.0
DNS,c3,969,0.605625,0.00011379990377893574,0.4580913969531907,0.19355575342036452,4096,0,0,1.0,0.0,0.0,0,0.0,0.19355575342036452,0.0
DNS,c3,970,0.6062500000000001,0.0001149258545230611,0.4581131941826514,0.19359674786995595,4096,0,0,1.0,0.0,0.0,0,0.0,0.19359674786995595,0.0
DNS,c3,971,0.606875,0.00011607473765264856,0.45814009045272386,0.19363765721472026,4096,0,0,1.0,0.0,0.0,0,0.0,0.19363765721472026,0.0
DNS,c3,972,0.6075,0.00011700982658283151,0.4581663705113943,0.19367848268685506,4096,0,0,1.0,0.0,0.0,0,0.0,0.19367848268685506,0.0
DNS,c3,973,0.608125,0.00011786257044161696,0.45819204802670355,0.19371922551146603,4096,0,0,1.0,0.0,0.0,0,0.0,0.19371922551146603,0.0
DNS,c3,974,0.60875,0.00011873062043082732,0.45821713632889477,0.19375988690658824,4096,0,0,1.0,0.0,0.0,0,0.0,0.19375988690658824,0.0
DNS,c3,975,0.609375,0.00011961434768801412,0.4582416484115575,0.19380046808320708,4096,0,0,1.0,0.0,0.0,0,0.0,0.19380046808320708,0.0
DNS,c3,976,0.61,0.00012051412996958297,0.4582655969328667,0.1938409702452797,4096,0,0,1.0,0.0,0.0,0,0.0,0.1938409702452797,0.0
DNS,c3,977,0.610625,0.00012143035172922032,0.45828899421691516,0.19388139458975573,4096,0,0,1.0,0.0,0.0,0,0.0,0.19388139458975573,0.0
DNS,c3,978,0.61125,0.0001223634041966641,0.45831185225513615,0.19392174230659837,4096,0,0,1.0,0.0,0.0,0,0.0,0.19392174230659837,0.0
DNS,c3,979,0.6118750000000001,0.00012331368545680685,0.45833418270781545,0.193962014578805,4096,0,0,1.0,0.0,0.0,0,0.0,0.193962014578805,0.0
DNS,c3,980,0.6125,0.00012428160052911972,0.4583559969056898,0.1940022125824279,4096,0,0,1.0,0.0,0.0,0,0.0,0.1940022125824279,0.0
DNS,c3,981,0.613125,0.00012526756144738555,0.45837730585163006,0.19404233748659477,4096,0,0,1.0,0.0,0.0,0,0.0,0.19404233748659477,0.0
DNS,c3,982,0.61375,0.0001262719873397287,0.458398120222407,0.19408239045352932,4096,0,0,1.0,0.0,0.0,0,0.0,0.19408239045352932,0.0
DNS,c3,983,0.614375,0.000127295304508929,0.45841845037053763,0.19412237263857135,4096,0,0,1.0,0.0,0.0,0,0.0,0.19412237263857135,0.0
DNS,c3,984,0.615,0.00012833794651300712,0.4584383063262101,0.1941622851901971,4096,0,0,1.0,0.0,0.0,0,0.0,0.1941622851901971,0.0
DNS,c3,985,0.615625,0.00012940035424606773,0.4584576977992849,0.19420212925003938,4096,0,0,1.0,0.0,0.0,0,0.0,0.19420212925003938,0.0
DNS,c3,986,0.61625,0.00013048297601938737,0.4584766341813712,0.19424190595290763,4096,0,0,1.0,0.0,0.0,0,0.0,0.19424190595290763,0.0
DNS,c3,987,0.6168750000000001,0.00013158626764273273,0.4584951245479751,0.19428161642680766,4096,0,0,1.0,0.0,0.0,0,0.0,0.19428161642680766,0.0
DNS,c3,988,0.6175,0.0001327106925058952,0.4585131776607189,0.19432126179296158,4096,0,0,1.0,0.0,0.0,0,0.0,0.19432126179296158,0.0
DNS,c3,989,0.618125,0.00013385672166042704,0.45853080196962903,0.19436084316582758,4096,0,0,1.0,0.0,0.0,0,0.0,0.19436084316582758,0.0
DNS,c3,990,0.61875,0.0001350248339015645,0.4585480056154907,0.1944003616531193,4096,0,0,1.0,0.0,0.0,0,0.0,0.1944003616531193,0.0
DNS,c3,991,0.619375,0.00013621551585032214,0.4585647964322674,0.19443981835582558,4096,0,0,1.0,0.0,0.0,0,0.0,0.19443981835582558,0.0
DNS,c3,992,0.62,0.00013742926203574315,0.4585811819495836,0.1944792143682297,4096,0,0,1.0,0.0,0.0,0,0.0,0.1944792143682297,0.0
DNS,c3,993,0.620625,0.00013866657497728943,0.4585971693952686,0.19451855077792887,4096,0,0,1.0,0.0,0.0,0,0.0,0.19451855077792887,0.0
DNS,c3,994,0.62125,0.00013992796526735533,0.45861276569795983,0.19455782866585336,4096,0,0,1.0,0.0,0.0,0,0.0,0.19455782866585336,0.0
DNS,c3,995,0.6218750000000001,0.00014121395165388813,0.4586279774897634,0.19459704910628556,4096,0,0,1.0,0.0,0.0,0,0.0,0.19459704910628556,0.0
DNS,c3,996,0.6225,0.00014252506112309845,0.4586428111089711,0.19463621316687924,4096,0,0,1.0,0.0,0.0,0,0.0,0.19463621316687924,0.0
DNS,c3,997,0.623125,0.0001438618289822432,0.45865727260283085,0.1946753219086783,4096,0,0,1.0,0.0,0.0,0,0.0,0.1946753219086783,0.0
DNS,c3,998,0.62375,0.0001452247989424633,0.45867136773037,0.19471437638613598,4096,0,0,1.0,0.0,0.0,0,0.0,0.19471437638613598,0.0
DNS,c3,999,0.624375,0.00014635012272566145,0.45868510196526907,0.19475337764713332,4096,0,0,1.0,0.0,0.0,0,0.0,0.19475337764713332,0.0
DNS,c3,1000,0.625,0.00014736757980090596,0.45869848049878464,0.194792326732998,4096,0,0,1.0,0.0,0.0,0,0.0,0.194792326732998,0.0
DNS,c3,1001,0.625625,0.00014840263061034192,0.45871150824271945,0.1948312246785232,4096,0,0,1.0,0.0,0.0,0,0.0,0.1948312246785232,0.0
DNS,c3,1002,0.62625,0.000149455687576437,0.4587289802519098,0.194870072511986,4096,0,0,1.0,0.0,0.0,0,0.0,0.194870072511986,0.0
DNS,c3,1003,0.626875,0.0001505271701243301,0.45874856230621514,0.19490887125516587,4096,0,0,1.0,0.0,0.0,0,0.0,0.19490887125516587,0.0
DNS,c3,1004,0.6275000000000001,0.00015161750475833034,0.4587676703059461,0.19494762192336335,4096,0,0,1.0,0.0,0.0,0,0.0,0.19494762192336335,0.0
DNS,c3,1005,0.628125,0.00015272712513864276,0.4587863155173365,0.19498632552541817,4096,0,0,1.0,0.0,0.0,0,0.0,0.19498632552541817,0.0
DNS,c3,1006,0.62875,0.00015385647215830777,0.45880450888058355,0.19502498306372784,4096,0,0,1.0,0.0,0.0,0,0.0,0.19502498306372784,0.0
DNS,c3,1007,0.629375,0.00015500599402034173,0.4588222610118814,0.1950635955342657,4096,0,0,1.0,0.0,0.0,0,0.0,0.1950635955342657,0.0
DNS,c3,1008,0.63,0.00015617614631506543,0.45883958220553256,0.19510216392659935,4096,0,0,1.0,0.0,0.0,0,0.0,0.19510216392659935,0.0
DNS,c3,1009,0.630625,0.00015736739209760677,0.45885648243613564,0.19514068922390865,4096,0,0,1.0,0.0,0.0,0,0.0,0.19514068922390865,0.0
DNS,c3,1010,0.63125,0.00015858020196556416,0.45887297136084687,0.19517917240300403,4096,0,0,1.0,0.0,0.0,0,0.0,0.19517917240300403,0.0
DNS,c3,1011,0.631875,0.00015981505413681618,0.45888905832171295,0.19521761443434432,4096,0,0,1.0,0.0,0.0,0,0.0,0.19521761443434432,0.0
DNS,c3,1012,0.6325000000000001,0.0001610724345274631,0.4589047523480735,0.19525601628205505,4096,0,0,1.0,0.0,0.0,0,0.0,0.19525601628205505,0.0
DNS,c3,1013,0.633125,0.0001623528368298858,0.4589200621590304,0.1952943789039463,4096,0,0,1.0,0.0,0.0,0,0.0,0.1952943789039463,0.0
DNS,c3,1014,0.63375,0.00016365676259090672,0.4589349961659821,0.19533270325153057,4096,0,0,1.0,0.0,0.0,0,0.0,0.19533270325153057,0.0
DNS,c3,1015,0.634375,0.00016498472129003754,0.4589495624752205,0.19537099027004112,4096,0,0,1.0,0.0,0.0,0,0.0,0.19537099027004112,0.0
DNS,c3,1016,0.635,0.00016633723041779795,0.45896376889058904,0.1954092408984492,4096,0,0,1.0,0.0,0.0,0,0.0,0.1954092408984492,0.0
DNS,c3,1017,0.635625,0.00016771481555408945,0.4589776229161987,0.19544745606948255,4096,0,0,1.0,0.0,0.0,0,0.0,0.19544745606948255,0.0
DNS,c3,1018,0.63625,0.00016911801044660794,0.45899113175920103,0.19548563670964283,4096,0,0,1.0,0.0,0.0,0,0.0,0.19548563670964283,0.0
DNS,c3,1019,0.636875,0.0001705473570892784,0.4590043023326156,0.19552378373922383,4096,0,0,1.0,0.0,0.0,0,0.0,0.19552378373922383,0.0
DNS,c3,1020,0.6375000000000001,0.00017200340580069467,0.45901714125820975,0.1955618980723287,4096,0,0,1.0,0.0,0.0,0,0.0,0.1955618980723287,0.0
DNS,c3,1021,0.638125,0.0001734867153025472,0.4590296548694295,0.19559998061688832,4096,0,0,1.0,0.0,0.0,0,0.0,0.19559998061688832,0.0
DNS,c3,1022,0.63875,0.000174997852798021,0.4590418492143784,0.19563803227467882,4096,0,0,1.0,0.0,0.0,0,0.0,0.19563803227467882,0.0
DNS,c3,1023,0.639375,0.00017653739405014627,0.45905373005884403,0.1956760539413392,4096,0,0,1.0,0.0,0.0,0,0.0,0.1956760539413392,0.0
DNS,c3,1024,0.64,0.00017810592346008291,0.4590653028893688,0.19571404650638935,4096,0,0,1.0,0.0,0.0,0,0.0,0.19571404650638935,0.0
DNS,c3,1025,0.640625,0.00017970403414532108,0.4590765729163643,0.19575201085324764,4096,0,0,1.0,0.0,0.0,0,0.0,0.19575201085324764,0.0
DNS,c3,1026,0.64125,0.00018117439154510516,0.4590875450772668,0.19578994785924878,4096,0,0,1.0,0.0,0.0,0,0.0,0.19578994785924878,0.0
DNS,c3,1027,0.641875,0.0001823752623457291,0.4590982240397328,0.19582785839566139,4096,0,0,1.0,0.0,0.0,0,0.0,0.19582785839566139,0.0
DNS,c3,1028,0.6425,0.00018359611137381033,0.4591086142048722,0.19586574332770593,4096,0,0,1.0,0.0,0.0,0,0.0,0.19586574332770593,0.0
DNS,c3,1029,0.6431250000000001,0.00018483739211641215,0.45911871971051754,0.19590360351457237,4096,0,0,1.0,0.0,0.0,0,0.0,0.19590360351457237,0.0
DNS,c3,1030,0.64375,0.00018609956540118394,0.4591285444345285,0.195941439809438,4096,0,0,1.0,0.0,0.0,0,0.0,0.195941439809438,0.0
DNS,c3,1031,0.644375,0.00018738309947012737,0.4591380919981287,0.19597925305948521,4096,0,0,1.0,0.0,0.0,0,0.0,0.19597925305948521,0.0
DNS,c3,1032,0.645,0.00018868847005347407,0.45914736576927473,0.19601704410591902,4096,0,0,1.0,0.0,0.0,0,0.0,0.19601704410591902,0.0
DNS,c3,1033,0.645625,0.00019001616044366122,0.4591563688660543,0.19605481378398545,4096,0,0,1.0,0.0,0.0,0,0.0,0.19605481378398545,0.0
DNS,c3,1034,0.64625,0.00019136666156939112,0.4591651041601133,0.19609256292298877,4096,0,0,1.0,0.0,0.0,0,0.0,0.19609256292298877,0.0
DNS,c3,1035,0.646875,0.0001927404720697605,0.45917357428010963,0.1961302923463096,4096,0,0,1.0,0.0,0.0,0,0.0,0.1961302923463096,0.0
DNS,c3,1036,0.6475,0.00019413809836844547,0.45918469344089924,0.1961680028714229,4096,0,0,1.0,0.0,0.0,0,0.0,0.1961680028714229,0.0
DNS,c3,1037,0.6481250000000001,0.00019556005474792693,0.4591975879167586,0.19620569530991552,4096,0,0,1.0,0.0,0.0,0,0.0,0.19620569530991552,0.0
DNS,c3,1038,0.64875,0.00019700686342374185,0.45921018267555086,0.1962433704675045,4096,0,0,1.0,0.0,0.0,0,0.0,0.1962433704675045,0.0
DNS,c3,1039,0.649375,0.00019847905461874485,0.45922248589174686,0.19628102914405468,4096,0,0,1.0,0.0,0.0,0,0.0,0.19628102914405468,0.0
DNS,c3,1040,0.65,0.00019997716663736471,0.4592345054382316,0.19631867213359694,4096,0,0,1.0,0.0,0.0,0,0.0,0.19631867213359694,0.0
