method,species,step,time,minimum,maximum,mass,positive_cells,negative_cells,zero_cells,positive_fraction,negative_fraction,zero_fraction,material_negative_cells,material_negative_fraction,positive_integral,negative_integral
MF,c1,0,0.0,0.0,1.0,0.5,3520,0,576,0.859375,0.0,0.140625,0,0.0,0.5,0.0
MF,c1,1,0.000625,6.790624192989808e-37,1.000126999245354,0.4999409526775195,4096,0,0,1.0,0.0,0.0,0,0.0,0.4999409526775195,0.0
MF,c1,2,0.00125,3.3945424358261353e-34,1.000270730796881,0.49988098371413064,4096,0,0,1.0,0.0,0.0,0,0.0,0.49988098371413064,0.0
MF,c1,3,0.001875,1.2528996155298381e-32,1.0004114935191775,0.49982012503545903,4096,0,0,1.0,0.0,0.0,0,0.0,0.49982012503545903,0.0
MF,c1,4,0.0025,1.6009067202832885e-31,1.0005493180071736,0.4997584064455807,4096,0,0,1.0,0.0,0.0,0,0.0,0.4997584064455807,0.0
MF,c1,5,0.003125,1.144460637415397e-30,1.0006930106924128,0.4996958557937091,4096,0,0,1.0,0.0,0.0,0,0.0,0.4996958557937091,0.0
MF,c1,6,0.00375,5.667316461516958e-30,1.000843670705873,0.4996324991243673,4096,0,0,1.0,0.0,0.0,0,0.0,0.4996324991243673,0.0
MF,c1,7,0.004375,2.178496584236661e-29,1.0009914711452896,0.4995683608129746,4096,0,0,1.0,0.0,0.0,0,0.0,0.4995683608129746,0.0
MF,c1,8,0.005,6.957609792793799e-29,1.0011364373254734,0.4995034636885219,4096,0,0,1.0,0.0,0.0,0,0.0,0.4995034636885219,0.0
MF,c1,9,0.005625,1.9289815609328403e-28,1.0012785920929166,0.49943782914480883,4096,0,0,1.0,0.0,0.0,0,0.0,0.49943782914480883,0.0
MF,c1,10,0.00625,4.783678976505341e-28,1.0014179568736024,0.49937147724152753,4096,0,0,1.0,0.0,0.0,0,0.0,0.49937147724152753,0.0
MF,c1,11,0.006875,1.0840149654634495e-27,1.0015545524539766,0.49930442679632153,4096,0,0,1.0,0.0,0.0,0,0.0,0.49930442679632153,0.0
MF,c1,12,0.0075,2.2803166913083577e-27,1.0016883995544035,0.4992366954688098,4096,0,0,1.0,0.0,0.0,0,0.0,0.4992366954688098,0.0
MF,c1,13,0.008125,4.506525992770784e-27,1.0018197728876543,0.4991682998374429,4096,0,0,1.0,0.0,0.0,0,0.0,0.4991682998374429,0.0
MF,c1,14,0.00875,8.445353837459707e-27,1.0019514949080912,0.49909925546995315,4096,0,0,1.0,0.0,0.0,0,0.0,0.49909925546995315,0.0
MF,c1,15,0.009375,1.5119167611943208e-26,1.0020809015948895,0.4990295769880681,4096,0,0,1.0,0.0,0.0,0,0.0,0.4990295769880681,0.0
MF,c1,16,0.01,2.601092285291916e-26,1.0022079993263675,0.4989592781270749,4096,0,0,1.0,0.0,0.0,0,0.0,0.4989592781270749,0.0
MF,c1,17,0.010625,4.3213065248504756e-26,1.0023327960718957,0.4988883717907557,4096,0,0,1.0,0.0,0.0,0,0.0,0.4988883717907557,0.0
MF,c1,18,0.01125,6.960763024496467e-26,1.0024553013657564,0.49881687010214854,4096,0,0,1.0,0.0,0.0,0,0.0,0.49881687010214854,0.0
MF,c1,19,0.011875,1.0908073682992753e-25,1.0025755262544502,0.4987447844505388,4096,0,0,1.0,0.0,0.0,0,0.0,0.4987447844505388,0.0
MF,c1,20,0.0125,1.6677462783902743e-25,1.0026934832299506,0.49867212553503926,4096,0,0,1.0,0.0,0.0,0,0.0,0.49867212553503926,0.0
MF,c1,21,0.013125,2.4938035890675387e-25,1.0028091861511532,0.4985989034050724,4096,0,0,1.0,0.0,0.0,0,0.0,0.4985989034050724,0.0
MF,c1,22,0.01375,3.6547418896394078e-25,1.0029337523781066,0.49852512749804007,4096,0,0,1.0,0.0,0.0,0,0.0,0.49852512749804007,0.0
MF,c1,23,0.014375,-0.001247330513362631,1.0030601079955759,0.498450806674429,4094,2,0,0.99951171875,0.00048828125,0.0,2,0.00048828125,0.49845133227281746,-5.255983884916236e-07
MF,c1,24,0.015,-0.0026502339004191872,1.0031841339425414,0.4983759492505758,4094,2,0,0.99951171875,0.00048828125,0.0,2,0.00048828125,0.498377182034651,-1.2327840751636538e-06
MF,c1,25,0.015625,-0.003701932881775134,1.0046118868774985,0.49830056302929265,4092,4,0,0.9990234375,0.0009765625,0.0,4,0.0009765625,0.4983025437632734,-1.980733980712275e-06
MF,c1,26,0.01625,-0.004452248936095171,1.005943089631578,0.49822465532853044,4092,4,0,0.9990234375,0.0009765625,0.0,4,0.0009765625,0.4982275606774107,-2.905348880223987e-06
MF,c1,27,0.016875,-0.004946411679373126,1.0069976527911562,0.4981482330082419,4092,4,0,0.9990234375,0.0009765625,0.0,4,0.0009765625,0.4981518030459802,-3.5700377383099184e-06
MF,c1,28,0.0175,-0.005258727337770915,1.0077921961936764,0.4980713024955884,4092,4,0,0.9990234375,0.0009765625,0.0,4,0.0009765625,0.4980753162200913,-4.013724502955702e-06
MF,c1,29,0.018125,-0.005410393022847028,1.0083378957150926,0.49799386980861887,4092,4,0,0.9990234375,0.0009765625,0.0,4,0.0009765625,0.4979981413005512,-4.271491932329561e-06
MF,c1,30,0.01875,-0.005408613753401479,1.0086699903582004,0.4979159405785408,4092,4,0,0.9990234375,0.0009765625,0.0,4,0.0009765625,0.49792031535437464,-4.374775833808094e-06
MF,c1,31,0.019375,-0.005282663955942823,1.0088208224813544,0.4978375200706861,4092,4,0,0.9990234375,0.0009765625,0.0,4,0.0009765625,0.49784187164372184,-4.3515730357111745e-06
MF,c1,32,0.02,-0.005058383292741939,1.0088199091859134,0.4977586132042691,4090,6,0,0.99853515625,0.00146484375,0.0,6,0.00146484375,0.4977628420098966,-4.228805627494245e-06
MF,c1,33,0.020625,-0.0047584148986446455,1.0086940312504962,0.49767922457102465,4090,6,0,0.99853515625,0.00146484375,0.0,6,0.00146484375,0.4976832507711054,-4.026200080807641e-06
MF,c1,34,0.02125,-0.004402445787798563,1.0084673369322799,0.49759935845280184,4089,7,0,0.998291015625,0.001708984375,0.0,7,0.001708984375,0.4976031272850845,-3.7688322826241106e-06
MF,c1,35,0.021875000000000002,-0.004007446050616576,1.0081614580384364,0.4975190188381894,4087,9,0,0.997802734375,0.002197265625,0.0,9,0.002197265625,0.49752320078344037,-4.181945250973738e-06
MF,c1,36,0.0225,-0.0035879039858122005,1.007795635787451,0.49743820943823397,4087,9,0,0.997802734375,0.002197265625,0.0,9,0.002197265625,0.4974428854553147,-4.67601708072689e-06
MF,c1,37,0.023125,-0.0044168182191072075,1.0073868541173403,0.49735693370131473,4087,9,0,0.997802734375,0.002197265625,0.0,9,0.002197265625,0.49736189706271755,-4.963361402831421e-06
MF,c1,38,0.02375,-0.005337418441382998,1.0069499782640154,0.49727519482722626,4086,10,0,0.99755859375,0.00244140625,0.0,10,0.00244140625,0.49728050203289753,-5.307205671286076e-06
MF,c1,39,0.024375,-0.005996594101518707,1.0078820162395643,0.497192995780522,4085,11,0,0.997314453125,0.002685546875,0.0,11,0.002685546875,0.4971987786002576,-5.78281973557458e-06
MF,c1,40,0.025,-0.006513644433196314,1.009166590553606,0.4971103393031628,4085,11,0,0.997314453125,0.002685546875,0.0,11,0.002685546875,0.4971164193064327,-6.0800032699357e-06
MF,c1,41,0.025625000000000002,-0.0068417122197870295,1.010153976856313,0.4970272279265138,4085,11,0,0.997314453125,0.002685546875,0.0,11,0.002685546875,0.49703340626408954,-6.178337575700391e-06
MF,c1,42,0.02625,-0.006997569080884444,1.0108786546085815,0.496943663982729,4085,11,0,0.997314453125,0.002685546875,0.0,11,0.002685546875,0.49694977719552047,-6.113212791467304e-06
MF,c1,43,0.026875,-0.007008906925281725,1.011372889932648,0.49685964961555834,4085,11,0,0.997314453125,0.002685546875,0.0,11,0.002685546875,0.4968655655827505,-5.915967192178268e-06
MF,c1,44,0.0275,-0.0069006270988741045,1.0116667284035843,0.49677518679061267,4087,9,0,0.997802734375,0.002197265625,0.0,9,0.002197265625,0.4967808253894981,-5.638598885414325e-06
MF,c1,45,0.028125,-0.006694991796966886,1.01178800744078,0.4966902773051156,4088,8,0,0.998046875,0.001953125,0.0,8,0.001953125,0.4966956363780162,-5.359072900554351e-06
MF,c1,46,0.02875,-0.006411782346512841,1.0117623862513014,0.4966049227971732,4088,8,0,0.998046875,0.001953125,0.0,8,0.001953125,0.49661003109842283,-5.108301249600614e-06
MF,c1,47,0.029375000000000002,-0.006068461556037345,1.0116133912733591,0.4965191247545851,4089,7,0,0.998291015625,0.001708984375,0.0,7,0.001708984375,0.49652395656132625,-4.831806741159269e-06
MF,c1,48,0.03,-0.005680337679188917,1.0113624750938932,0.49643288452322587,4089,7,0,0.998291015625,0.001708984375,0.0,7,0.001708984375,0.4964377260645546,-4.841541328723274e-06
MF,c1,49,0.030625,-0.0052607278700395,1.0110290868657772,0.4963462033150167,4088,8,0,0.998046875,0.001953125,0.0,8,0.001953125,0.4963514661987029,-5.262883686168235e-06
MF,c1,50,0.03125,-0.00482111932143467,1.0106307523235631,0.49625908221551024,4088,8,0,0.998046875,0.001953125,0.0,8,0.001953125,0.4962646127169361,-5.530501425823096e-06
MF,c1,51,0.031875,-0.00468460051640905,1.010183161588248,0.49617152219110916,4087,9,0,0.997802734375,0.002197265625,0.0,9,0.002197265625,0.4961771758271947,-5.65363608552136e-06
MF,c1,52,0.0325,-0.0053562620616710915,1.009700263057627,0.49608352409593737,4086,10,0,0.99755859375,0.00244140625,0.0,10,0.00244140625,0.49608932120945665,-5.797113519251473e-06
MF,c1,53,0.033125,-0.005833365240268499,1.0091943617959311,0.49599508867838105,4086,10,0,0.99755859375,0.00244140625,0.0,10,0.00244140625,0.4960009732602453,-5.8845818643085205e-06
MF,c1,54,0.03375,-0.006141795313577095,1.0087608276143656,0.49590621658731693,4086,10,0,0.99755859375,0.00244140625,0.0,10,0.00244140625,0.49591206124721493,-5.844659898001874e-06
MF,c1,55,0.034375,-0.006305259429933137,1.0096105850586863,0.49581690837804315,4085,11,0,0.997314453125,0.002685546875,0.0,11,0.002685546875,0.4958227493895194,-5.84101147634627e-06
MF,c1,56,0.035,-0.00635067244784929,1.0104132477382555,0.4957271645179281,4085,11,0,0.997314453125,0.002685546875,0.0,11,0.002685546875,0.49573294268468115,-5.778166753058157e-06
MF,c1,57,0.035625000000000004,-0.0063886622095009745,1.011008088338698,0.4956369853917904,4085,11,0,0.997314453125,0.002685546875,0.0,11,0.002685546875,0.49564259571293784,-5.610321147408185e-06
MF,c1,58,0.03625,-0.006329159219013301,1.0114179366960296,0.49554637130702345,4085,11,0,0.997314453125,0.002685546875,0.0,11,0.002685546875,0.4955517289198032,-5.357612779716353e-06
MF,c1,59,0.036875,-0.006188656880148515,1.0116653501157629,0.4954553224984774,4086,10,0,0.99755859375,0.00244140625,0.0,10,0.00244140625,0.4954603916362855,-5.0691378081448225e-06
MF,c1,60,0.0375,-0.00598195586080683,1.011771349076547,0.4953638391331096,4086,10,0,0.99755859375,0.00244140625,0.0,10,0.00244140625,0.4953685986723146,-4.759539204959232e-06
MF,c1,61,0.038125,-0.005722264666260275,1.0117554310087926,0.4952719213144155,4086,10,0,0.99755859375,0.00244140625,0.0,10,0.00244140625,0.49527632887114303,-4.407556727593734e-06
MF,c1,62,0.03875,-0.005421301822485554,1.0116355947968956,0.49517956908664906,4086,10,0,0.99755859375,0.00244140625,0.0,10,0.00244140625,0.49518379353399317,-4.224447344143762e-06
MF,c1,63,0.039375,-0.0050893983929944705,1.0114283746984634,0.4950867824388444,4086,10,0,0.99755859375,0.00244140625,0.0,10,0.00244140625,0.49509094883379,-4.166394945635224e-06
MF,c1,64,0.04,-0.004735599724183591,1.0111488824071,0.49499356130864697,4086,10,0,0.99755859375,0.00244140625,0.0,10,0.00244140625,0.49499777116266513,-4.2098540181797234e-06
MF,c1,65,0.040625,-0.004367765475640844,1.0108108560307236,0.4948999055859629,4087,9,0,0.997802734375,0.002197265625,0.0,9,0.002197265625,0.4949042529335396,-4.347347576653308e-06
MF,c1,66,0.04125,-0.004280475247036158,1.0104267148160573,0.49480581511643656,4086,10,0,0.99755859375,0.00244140625,0.0,10,0.00244140625,0.4948102345363181,-4.419419881540088e-06
MF,c1,67,0.041875,-0.0047331766204098315,1.010007618508569,0.494711289704762,4087,9,0,0.997802734375,0.002197265625,0.0,9,0.002197265625,0.4947158356553932,-4.545950631127603e-06
MF,c1,68,0.0425,-0.00504964372258119,1.0095635303162385,0.49461632911783876,4087,9,0,0.997802734375,0.002197265625,0.0,9,0.002197265625,0.4946208957693351,-4.566651496351837e-06
MF,c1,69,0.043125000000000004,-0.005247334605597272,1.0091032825152486,0.4945209330877767,4087,9,0,0.997802734375,0.002197265625,0.0,9,0.002197265625,0.4945254292918276,-4.496204050839298e-06
MF,c1,70,0.043750000000000004,-0.005342284771276612,1.0086673578912237,0.4944251013147581,4087,9,0,0.997802734375,0.002197265625,0.0,9,0.002197265625,0.4944294512943447,-4.349979586581902e-06
MF,c1,71,0.044375,-0.005349160823908903,1.0092453662913037,0.494328833469764,4089,7,0,0.998291015625,0.001708984375,0.0,7,0.001708984375,0.49433298403731674,-4.150567552835514e-06
MF,c1,72,0.045,-0.005281318994756692,1.0096602311227403,0.49423212919716925,4089,7,0,0.998291015625,0.001708984375,0.0,7,0.001708984375,0.49423608790007234,-3.958702903085119e-06
MF,c1,73,0.045625,-0.00515086740021977,1.0099301013626234,0.4941349881172145,4089,7,0,0.998291015625,0.001708984375,0.0,7,0.001708984375,0.49413871309115387,-3.7249739393124835e-06
MF,c1,74,0.04625,-0.004968731000165023,1.0100720078565275,0.4940374098283592,4089,7,0,0.998291015625,0.001708984375,0.0,7,0.001708984375,0.49404086844655576,-3.458618196539045e-06
MF,c1,75,0.046875,-0.00474471832570301,1.010101865533946,0.49393939390952085,4089,7,0,0.998291015625,0.001708984375,0.0,7,0.001708984375,0.49394256167888395,-3.167769363062376e-06
MF,c1,76,0.0475,-0.004487589145787781,1.0100344833843058,0.493840939922207,4089,7,0,0.998291015625,0.001708984375,0.0,7,0.001708984375,0.49384379946495516,-2.8595427481353927e-06
MF,c1,77,0.048125,-0.0042051223384347814,1.009883581377457,0.49374204741254407,4092,4,0,0.9990234375,0.0009765625,0.0,4,0.0009765625,0.4937446065743918,-2.559161847714306e-06
MF,c1,78,0.04875,-0.0039041833242509445,1.0096618135311237,0.49364271591320696,4091,5,0,0.998779296875,0.001220703125,0.0,5,0.001220703125,0.4936451297956359,-2.4138824289449136e-06
MF,c1,79,0.049375,-0.0036213205579868433,1.0094823448346308,0.4935429449452556,4091,5,0,0.998779296875,0.001220703125,0.0,5,0.001220703125,0.49354533513879234,-2.390193536775919e-06
MF,c1,80,0.05,-0.0033650820591486635,1.0093027146112092,0.4934427340198807,4092,4,0,0.9990234375,0.0009765625,0.0,4,0.0009765625,0.4934450799010781,-2.3458811974175992e-06
MF,c1,81,0.050625,-0.0030980494283874465,1.0090723117851732,0.4933420826400647,4092,4,0,0.9990234375,0.0009765625,0.0,4,0.0009765625,0.4933443664609981,-2.2838209334644892e-06
MF,c1,82,0.051250000000000004,-0.002982355237209817,1.0088003303194568,0.49324099030215973,4091,5,0,0.998779296875,0.001220703125,0.0,5,0.001220703125,0.49324329813516254,-2.307833002829788e-06
MF,c1,83,0.051875000000000004,-0.0033339394591162855,1.0084951060052907,0.4931394564973884,4091,5,0,0.998779296875,0.001220703125,0.0,5,0.001220703125,0.49314174945214573,-2.2929547573827988e-06
MF,c1,84,0.0525,-0.0035886344031347897,1.008164156332395,0.4930374807132685,4090,6,0,0.99853515625,0.00146484375,0.0,6,0.00146484375,0.4930398104985989,-2.329785330386741e-06
MF,c1,85,0.053125,-0.0037580696956924287,1.007814221978633,0.4929350624349681,4091,5,0,0.998779296875,0.001220703125,0.0,5,0.001220703125,0.4929374495541833,-2.3871192151915357e-06
MF,c1,86,0.05375,-0.003852964183281137,1.007606426327374,0.4928322011465904,4091,5,0,0.998779296875,0.001220703125,0.0,5,0.001220703125,0.4928345959226839,-2.3947760935475885e-06
MF,c1,87,0.054375,-0.0038831621808110258,1.0076276978633494,0.4927288963323946,4091,5,0,0.998779296875,0.001220703125,0.0,5,0.001220703125,0.49273125152432057,-2.3551919259882098e-06
MF,c1,88,0.055,-0.0038576718355383716,1.0076475155723106,0.49262514747795433,4091,5,0,0.998779296875,0.001220703125,0.0,5,0.001220703125,0.492627423224054,-2.2757460996779725e-06
MF,c1,89,0.055625,-0.00378470505469439,1.0077439006399453,0.4925209540712564,4091,5,0,0.998779296875,0.001220703125,0.0,5,0.001220703125,0.49252311715825947,-2.16308700303e-06
MF,c1,90,0.05625,-0.0036717184963407368,1.007967792683626,0.49241631560374244,4091,5,0,0.998779296875,0.001220703125,0.0,5,0.001220703125,0.4924183387824296,-2.023178687100003e-06
MF,c1,91,0.056875,-0.0035254551728200758,1.0080947330491143,0.4923112315712964,4091,5,0,0.998779296875,0.001220703125,0.0,5,0.001220703125,0.4923130929180447,-1.8613467482817376e-06
MF,c1,92,0.0575,-0.003351986264731396,1.0081358685067623,0.49220570147518017,4092,4,0,0.9990234375,0.0009765625,0.0,4,0.0009765625,0.4922073949752279,-1.6935000477368588e-06
MF,c1,93,0.058125,-0.0031567527898130948,1.0081015990105475,0.4920997248229193,4092,4,0,0.9990234375,0.0009765625,0.0,4,0.0009765625,0.4921012726737062,-1.5478507868609182e-06
MF,c1,94,0.058750000000000004,-0.00294460681521802,1.008001591620156,0.4919933011291415,4093,3,0,0.999267578125,0.000732421875,0.0,3,0.000732421875,0.49199469551063924,-1.3943814976827736e-06
MF,c1,95,0.059375000000000004,-0.002719851943502617,1.0078447977243112,0.4918864299163697,4093,3,0,0.999267578125,0.000732421875,0.0,3,0.000732421875,0.4918876963952139,-1.2664788441843529e-06
MF,c1,96,0.06,-0.002486282841754343,1.0078631466307368,0.4917791107157713,4093,3,0,0.999267578125,0.000732421875,0.0,3,0.000732421875,0.49178023959498507,-1.1288792137492838e-06
MF,c1,97,0.060625,-0.0022472236197672705,1.0078862582885975,0.49167134306786675,4093,3,0,0.999267578125,0.000732421875,0.0,3,0.000732421875,0.4916723272606778,-9.841928109553774e-07
MF,c1,98,0.06125,-0.002005564896874124,1.0079080809858174,0.49156312652319817,4093,3,0,0.999267578125,0.000732421875,0.0,3,0.000732421875,0.49156396123213797,-8.347089398205919e-07
MF,c1,99,0.061875,-0.0017637994280637539,1.0079286127266323,0.49145446064295917,4091,5,0,0.998779296875,0.001220703125,0.0,5,0.001220703125,0.49145519539722377,-7.347542646318038e-07
MF,c1,100,0.0625,-0.0015240561882967605,1.007947850999408,0.4913453449995906,4092,4,0,0.9990234375,0.0009765625,0.0,4,0.0009765625,0.49134613971057417,-7.947109835695279e-07
MF,c1,101,0.063125,-0.0012881328395693177,1.0079657927248682,0.4912357791773393,4092,4,0,0.9990234375,0.0009765625,0.0,4,0.0009765625,0.49123661823696857,-8.390596292826955e-07
MF,c1,102,0.06375,-0.0011369462098051006,1.0079824342053663,0.49112576277278547,4092,4,0,0.9990234375,0.0009765625,0.0,4,0.0009765625,0.49112661426663257,-8.514938470641026e-07
MF,c1,103,0.064375,-0.001316805866007388,1.0079977710753376,0.49101529539533745,4092,4,0,0.9990234375,0.0009765625,0.0,4,0.0009765625,0.49101613173122655,-8.363358890333265e-07
MF,c1,104,0.065,-0.0014439019742362798,1.0080117982500238,0.4909043766676967,4092,4,0,0.9990234375,0.0009765625,0.0,4,0.0009765625,0.4909051741811886,-7.975134919830699e-07
MF,c1,105,0.065625,-0.0015244515656052198,1.0080245098759282,0.4907930062262937,4093,3,0,0.999267578125,0.000732421875,0.0,3,0.000732421875,0.49079375969433403,-7.534680403866034e-07
MF,c1,106,0.06625,-0.0015641708136003589,1.0080358992810863,0.4906811837216961,4093,3,0,0.999267578125,0.000732421875,0.0,3,0.000732421875,0.49068190076235857,-7.170406624368433e-07
MF,c1,107,0.066875,-0.0015682997392255551,1.0080459589272135,0.4905689088189911,4093,3,0,0.999267578125,0.000732421875,0.0,3,0.000732421875,0.49056957427856807,-6.654595769541803e-07
MF,c1,108,0.0675,-0.0015416270831657903,1.0080546803604697,0.4904561811981412,4094,2,0,0.99951171875,0.00048828125,0.0,2,0.00048828125,0.49045682177801475,-6.405798735272613e-07
MF,c1,109,0.068125,-0.0014885151570127695,1.008062054163887,0.4903430005543176,4094,2,0,0.99951171875,0.00048828125,0.0,2,0.00048828125,0.4903436080324862,-6.074781686231565e-07
MF,c1,110,0.06875,-0.0014129245072867394,1.008068069911464,0.4902293665982087,4094,2,0,0.99951171875,0.00048828125,0.0,2,0.00048828125,0.490229930034773,-5.634365642311612e-07
MF,c1,111,0.069375,-0.0013184382464495193,1.008072716121035,0.49011527905630814,4094,2,0,0.99951171875,0.00048828125,0.0,2,0.00048828125,0.49011578927813687,-5.102218287343244e-07
MF,c1,112,0.07,-0.0012082859241538985,1.008075980209189,0.49000073767118024,4094,2,0,0.99951171875,0.00048828125,0.0,2,0.00048828125,0.4900011870962798,-4.494250995205647e-07
MF,c1,113,0.07062500000000001,-0.0010853668301943685,1.0080778484463184,0.48988574220170683,4094,2,0,0.99951171875,0.00048828125,0.0,2,0.00048828125,0.4898861246751115,-3.824734046877249e-07
MF,c1,114,0.07125000000000001,-0.0009522726373336458,1.0080783059137355,0.4897702924233136,4094,2,0,0.99951171875,0.00048828125,0.0,2,0.00048828125,0.4897706030641846,-3.1064087094878184e-07
MF,c1,115,0.07187500000000001,-0.0008113093078606265,1.0080773364596516,0.48965438812817835,4094,2,0,0.99951171875,0.00048828125,0.0,2,0.00048828125,0.489654623187757,-2.350595785869941e-07
MF,c1,116,0.0725,-0.0006645182019576414,1.0080749226572467,0.48953802912542216,4095,1,0,0.999755859375,0.000244140625,0.0,1,0.000244140625,0.4895381913613113,-1.622358891498148e-07
MF,c1,117,0.073125,-0.0005136963391972025,1.0080710457629072,0.4894212152412829,4095,1,0,0.999755859375,0.000244140625,0.0,1,0.000244140625,0.4894213406554282,-1.25414145311817e-07
MF,c1,118,0.07375,-0.00036041577638591205,1.0080656856765464,0.4893039463192736,4095,1,0,0.999755859375,0.000244140625,0.0,1,0.000244140625,0.4893040343114065,-8.799213290671681e-08
MF,c1,119,0.074375,-0.00020604207584606492,1.008058820900837,0.4891862222203248,4095,1,0,0.999755859375,0.000244140625,0.0,1,0.000244140625,0.48918627252356595,-5.030324117335569e-08
MF,c1,120,0.075,-5.175184787626432e-05,1.008050428502211,0.48906804282291216,4095,1,0,0.999755859375,0.000244140625,0.0,1,0.000244140625,0.48906805545764065,-1.2634728485416094e-08
MF,c1,121,0.075625,3.0452647955109543e-19,1.0080404840736303,0.48894940802317083,4096,0,0,1.0,0.0,0.0,0,0.0,0.48894940802317083,0.0
MF,c1,122,0.07625,3.2862668107285867e-19,1.0080289616962967,0.48883031773499597,4096,0,0,1.0,0.0,0.0,0,0.0,0.48883031773499597,0.0
MF,c1,123,0.076875,3.5456638189913055e-19,1.0080158339034455,0.4887107718901302,4096,0,0,1.0,0.0,0.0,0,0.0,0.4887107718901302,0.0
MF,c1,124,0.0775,3.824899430957894e-19,1.00800107164436,0.48859077043823906,4096,0,0,1.0,0.0,0.0,0,0.0,0.48859077043823906,0.0
MF,c1,125,0.078125,4.122500347072301e-19,1.0079846442504616,0.488470313346976,4096,0,0,1.0,0.0,0.0,0,0.0,0.488470313346976,0.0
MF,c1,126,0.07875,4.439847512265254e-19,1.0079665194004037,0.488349400602034,4096,0,0,1.0,0.0,0.0,0,0.0,0.488349400602034,0.0
MF,c1,127,0.079375,4.78048504327902e-19,1.0079466630872604,0.48822803220718874,4096,0,0,1.0,0.0,0.0,0,0.0,0.48822803220718874,0.0
MF,c1,128,0.08,5.146123324772479e-19,1.007925039585973,0.48810620818433037,4096,0,0,1.0,0.0,0.0,0,0.0,0.48810620818433037,0.0
MF,c1,129,0.080625,5.538614725068592e-19,1.0079016114229131,0.48798392857348655,4096,0,0,1.0,0.0,0.0,0,0.0,0.48798392857348655,0.0
MF,c1,130,0.08125,5.959969439713661e-19,1.0078763393445065,0.4878611934328351,4096,0,0,1.0,0.0,0.0,0,0.0,0.4878611934328351,0.0
MF,c1,131,0.081875,6.412373747103903e-19,1.0078491822876938,0.4877380028387096,4096,0,0,1.0,0.0,0.0,0,0.0,0.4877380028387096,0.0
MF,c1,132,0.0825,6.898211101817944e-19,1.007820097352227,0.48761435688559507,4096,0,0,1.0,0.0,0.0,0,0.0,0.48761435688559507,0.0
MF,c1,133,0.083125,7.420086568056083e-19,1.0077890397721059,0.48749025568611654,4096,0,0,1.0,0.0,0.0,0,0.0,0.48749025568611654,0.0
MF,c1,134,0.08375,7.980855185609498e-19,1.0077559628891917,0.48736569937102026,4096,0,0,1.0,0.0,0.0,0,0.0,0.48736569937102026,0.0
MF,c1,135,0.084375,8.583654966597358e-19,1.0077208181272068,0.4872406880891467,4096,0,0,1.0,0.0,0.0,0,0.0,0.4872406880891467,0.0
MF,c1,136,0.085,9.231945345080647e-19,1.0076835549679415,0.4871152220073983,4096,0,0,1.0,0.0,0.0,0,0.0,0.4871152220073983,0.0
MF,c1,137,0.085625,9.910959020977124e-19,1.0076441209267015,0.48698930131069906,4096,0,0,1.0,0.0,0.0,0,0.0,0.48698930131069906,0.0
MF,c1,138,0.08625000000000001,1.0636046106701904e-18,1.0076024615300074,0.4868629262019489,4096,0,0,1.0,0.0,0.0,0,0.0,0.4868629262019489,0.0
MF,c1,139,0.08687500000000001,1.141257843523233e-18,1.0075585202937722,0.4867360969019722,4096,0,0,1.0,0.0,0.0,0,0.0,0.4867360969019722,0.0
MF,c1,140,0.08750000000000001,1.2244394083971252e-18,1.0075122387037607,0.48660881364946057,4096,0,0,1.0,0.0,0.0,0,0.0,0.48660881364946057,0.0
MF,c1,141,0.088125,1.313568658422968e-18,1.007463556195412,0.4864810767009099,4096,0,0,1.0,0.0,0.0,0,0.0,0.4864810767009099,0.0
MF,c1,142,0.08875,1.4091050816059278e-18,1.0074124101359814,0.486352886330553,4096,0,0,1.0,0.0,0.0,0,0.0,0.486352886330553,0.0
MF,c1,143,0.089375,1.5115536316284504e-18,1.007358735807278,0.48622424283028776,4096,0,0,1.0,0.0,0.0,0,0.0,0.48622424283028776,0.0
MF,c1,144,0.09,1.6214709274659381e-18,1.0073024663907495,0.48609514650959984,4096,0,0,1.0,0.0,0.0,0,0.0,0.48609514650959984,0.0
MF,c1,145,0.090625,1.7394724708888234e-18,1.0072435329520601,0.48596559769548153,4096,0,0,1.0,0.0,0.0,0,0.0,0.48596559769548153,0.0
MF,c1,146,0.09125,1.866241055953557e-18,1.0071818644280628,0.4858355967323474,4096,0,0,1.0,0.0,0.0,0,0.0,0.4858355967323474,0.0
MF,c1,147,0.091875,2.0025365736662598e-18,1.0071304816794406,0.48570514398194464,4096,0,0,1.0,0.0,0.0,0,0.0,0.48570514398194464,0.0
MF,c1,148,0.0925,2.147116680585657e-18,1.0070795185282875,0.48557423982326114,4096,0,0,1.0,0.0,0.0,0,0.0,0.48557423982326114,0.0
MF,c1,149,0.093125,2.297393484626702e-18,1.0070261601790638,0.4854428846524295,4096,0,0,1.0,0.0,0.0,0,0.0,0.4854428846524295,0.0
MF,c1,150,0.09375,2.458043862304178e-18,1.0069703352361952,0.48531107888262814,4096,0,0,1.0,0.0,0.0,0,0.0,0.48531107888262814,0.0
MF,c1,151,0.094375,2.6298583421931977e-18,1.00691197016873,0.48517882294397935,4096,0,0,1.0,0.0,0.0,0,0.0,0.48517882294397935,0.0
MF,c1,152,0.095,2.813707065628365e-18,1.0068509892977937,0.48504611728344427,4096,0,0,1.0,0.0,0.0,0,0.0,0.48504611728344427,0.0
MF,c1,153,0.095625,3.010550778410923e-18,1.006787314783664,0.4849129623647156,4096,0,0,1.0,0.0,0.0,0,0.0,0.4849129623647156,0.0
MF,c1,154,0.09625,3.2214535927169836e-18,1.0067208666151746,0.4847793586681079,4096,0,0,1.0,0.0,0.0,0,0.0,0.4847793586681079,0.0
MF,c1,155,0.096875,3.4475978100936022e-18,1.0066515626001495,0.48464530669044514,4096,0,0,1.0,0.0,0.0,0,0.0,0.48464530669044514,0.0
MF,c1,156,0.0975,3.6903011426502335e-18,1.0065793183568854,0.48451080694494675,4096,0,0,1.0,0.0,0.0,0,0.0,0.48451080694494675,0.0
MF,c1,157,0.098125,3.9510367227386e-18,1.0065040473080455,0.4843758599611107,4096,0,0,1.0,0.0,0.0,0,0.0,0.4843758599611107,0.0
MF,c1,158,0.09875,4.231456352608689e-18,1.0064256606743318,0.4842404662845957,4096,0,0,1.0,0.0,0.0,0,0.0,0.4842404662845957,0.0
MF,c1,159,0.099375,4.53341751571635e-18,1.0063440674706172,0.4841046264771014,4096,0,0,1.0,0.0,0.0,0,0.0,0.4841046264771014,0.0
MF,c1,160,0.1,4.8494777541007855e-18,1.0062591745029714,0.4839683411162464,4096,0,0,1.0,0.0,0.0,0,0.0,0.4839683411162464,0.0
MF,c1,161,0.100625,5.175254642523523e-18,1.0062083747412254,0.48383161079544557,4096,0,0,1.0,0.0,0.0,0,0.0,0.48383161079544557,0.0
MF,c1,162,0.10125,5.523258414649142e-18,1.0061667133013463,0.4836944361237859,4096,0,0,1.0,0.0,0.0,0,0.0,0.4836944361237859,0.0
MF,c1,163,0.10187500000000001,5.8952774659358944e-18,1.0061237393001023,0.4835568177259003,4096,0,0,1.0,0.0,0.0,0,0.0,0.4835568177259003,0.0
MF,c1,164,0.10250000000000001,6.293298440242097e-18,1.006079424100185,0.4834187562418419,4096,0,0,1.0,0.0,0.0,0,0.0,0.4834187562418419,0.0
MF,c1,165,0.10312500000000001,6.7195347108700754e-18,1.0060337378651185,0.48328025232695515,4096,0,0,1.0,0.0,0.0,0,0.0,0.48328025232695515,0.0
MF,c1,166,0.10375000000000001,7.176459322995656e-18,1.0059866495360241,0.48314130665174826,4096,0,0,1.0,0.0,0.0,0,0.0,0.48314130665174826,0.0
MF,c1,167,0.104375,7.666843089071103e-18,1.0059381268072773,0.48300191990176305,4096,0,0,1.0,0.0,0.0,0,0.0,0.48300191990176305,0.0
MF,c1,168,0.105,8.193798631249565e-18,1.0058881361035417,0.48286209277744524,4096,0,0,1.0,0.0,0.0,0,0.0,0.48286209277744524,0.0
MF,c1,169,0.105625,8.760831281837382e-18,1.005836642556994,0.4827218259940131,4096,0,0,1.0,0.0,0.0,0,0.0,0.4827218259940131,0.0
MF,c1,170,0.10625,9.371897885903822e-18,1.0057836099847537,0.48258112028132694,4096,0,0,1.0,0.0,0.0,0,0.0,0.48258112028132694,0.0
MF,c1,171,0.106875,1.0031474701635601e-17,1.0057338066921766,0.4824399763837563,4096,0,0,1.0,0.0,0.0,0,0.0,0.4824399763837563,0.0
MF,c1,172,0.1075,1.0744635766315323e-17,1.0056970833754746,0.4822983950600487,4096,0,0,1.0,0.0,0.0,0,0.0,0.4822983950600487,0.0
MF,c1,173,0.108125,1.1474889257337038e-17,1.0056591040375722,0.48215637708319625,4096,0,0,1.0,0.0,0.0,0,0.0,0.48215637708319625,0.0
MF,c1,174,0.10875,1.2223084341957793e-17,1.005619835036405,0.4820139232403035,4096,0,0,1.0,0.0,0.0,0,0.0,0.4820139232403035,0.0
MF,c1,175,0.109375,1.3023155916022002e-17,1.0055792415160485,0.48187103433245426,4096,0,0,1.0,0.0,0.0,0,0.0,0.48187103433245426,0.0
MF,c1,176,0.11,1.387964102050009e-17,1.0055372873865829,0.48172771117457847,4096,0,0,1.0,0.0,0.0,0,0.0,0.48172771117457847,0.0
MF,c1,177,0.110625,1.4797620336581226e-17,1.0054939353029986,0.4815839545953193,4096,0,0,1.0,0.0,0.0,0,0.0,0.4815839545953193,0.0
MF,c1,178,0.11125,1.5782796365746223e-17,1.0054491466454276,0.4814397654368998,4096,0,0,1.0,0.0,0.0,0,0.0,0.4814397654368998,0.0
MF,c1,179,0.111875,1.6841583260018704e-17,1.0054028814995897,0.4812951445549901,4096,0,0,1.0,0.0,0.0,0,0.0,0.4812951445549901,0.0
MF,c1,180,0.1125,1.7981209988803092e-17,1.0053550986374973,0.48115009281857446,4096,0,0,1.0,0.0,0.0,0,0.0,0.48115009281857446,0.0
MF,c1,181,0.113125,1.9209838760668592e-17,1.0053057554995388,0.48100461110981857,4096,0,0,1.0,0.0,0.0,0,0.0,0.48100461110981857,0.0
MF,c1,182,0.11375,2.0536700880641672e-17,1.0052548081757644,0.48085870032393696,4096,0,0,1.0,0.0,0.0,0,0.0,0.48085870032393696,0.0
MF,c1,183,0.114375,2.1972252519078595e-17,1.0052022113886032,0.4807123613690607,4096,0,0,1.0,0.0,0.0,0,0.0,0.4807123613690607,0.0
MF,c1,184,0.115,2.3528353201745212e-17,1.005147918475937,0.4805655951661061,4096,0,0,1.0,0.0,0.0,0,0.0,0.4805655951661061,0.0
MF,c1,185,0.115625,2.5218470206279168e-17,1.0050918813745562,0.48041840264864216,4096,0,0,1.0,0.0,0.0,0,0.0,0.48041840264864216,0.0
MF,c1,186,0.11625,2.705791247286609e-17,1.0050340506051036,0.48027078476276036,4096,0,0,1.0,0.0,0.0,0,0.0,0.48027078476276036,0.0
MF,c1,187,0.116875,2.906409811257602e-17,1.0049743752563773,0.4801227424669435,4096,0,0,1.0,0.0,0.0,0,0.0,0.4801227424669435,0.0
MF,c1,188,0.11750000000000001,3.1252981351399955e-17,1.0049128029711574,0.47997427673193543,4096,0,0,1.0,0.0,0.0,0,0.0,0.47997427673193543,0.0
MF,c1,189,0.11812500000000001,3.3303089386145907e-17,1.0048492799325248,0.4798253885406118,4096,0,0,1.0,0.0,0.0,0,0.0,0.4798253885406118,0.0
MF,c1,190,0.11875000000000001,3.550581575589281e-17,1.0047837508508901,0.47967607888785024,4096,0,0,1.0,0.0,0.0,0,0.0,0.47967607888785024,0.0
MF,c1,191,0.11937500000000001,3.787597281495565e-17,1.0047161589515552,0.47952634878040246,4096,0,0,1.0,0.0,0.0,0,0.0,0.47952634878040246,0.0
MF,c1,192,0.12,4.043021378913255e-17,1.0046464459638849,0.4793761992367658,4096,0,0,1.0,0.0,0.0,0,0.0,0.4793761992367658,0.0
MF,c1,193,0.120625,4.3187286803317923e-17,1.0045745521099891,0.47922563128705603,4096,0,0,1.0,0.0,0.0,0,0.0,0.47922563128705603,0.0
MF,c1,194,0.12125,4.616832408046997e-17,1.0045134822722566,0.47907464597288074,4096,0,0,1.0,0.0,0.0,0,0.0,0.47907464597288074,0.0
MF,c1,195,0.121875,4.939717099957396e-17,1.0044634516660962,0.4789232443472134,4096,0,0,1.0,0.0,0.0,0,0.0,0.4789232443472134,0.0
MF,c1,196,0.1225,5.290076029183391e-17,1.0044116849575635,0.47877142747426793,4096,0,0,1.0,0.0,0.0,0,0.0,0.47877142747426793,0.0
MF,c1,197,0.123125,5.670953731615315e-17,1.0043581304274711,0.47861919642937434,4096,0,0,1.0,0.0,0.0,0,0.0,0.47861919642937434,0.0
MF,c1,198,0.12375,6.085794309432738e-17,1.0043027350001341,0.4784665522988548,4096,0,0,1.0,0.0,0.0,0,0.0,0.4784665522988548,0.0
MF,c1,199,0.124375,6.538496261267988e-17,1.0042454442317144,0.47831349617990077,4096,0,0,1.0,0.0,0.0,0,0.0,0.47831349617990077,0.0
MF,c1,200,0.125,7.033474681772569e-17,1.0041862023000112,0.4781600291804506,4096,0,0,1.0,0.0,0.0,0,0.0,0.4781600291804506,0.0
MF,c1,201,0.12562500000000001,7.575731776124694e-17,1.0041249519947597,0.47800615241906835,4096,0,0,1.0,0.0,0.0,0,0.0,0.47800615241906835,0.0
MF,c1,202,0.12625,8.170936749454344e-17,1.004061634708643,0.47785186702482335,4096,0,0,1.0,0.0,0.0,0,0.0,0.47785186702482335,0.0
MF,c1,203,0.12687500000000002,8.8255162585833e-17,1.0039961904288501,0.47769717413716994,4096,0,0,1.0,0.0,0.0,0,0.0,0.47769717413716994,0.0
MF,c1,204,0.1275,9.546756755178594e-17,1.0039285577301469,0.47754207490582934,4096,0,0,1.0,0.0,0.0,0,0.0,0.47754207490582934,0.0
MF,c1,205,0.128125,1.0342920207027313e-16,1.003858673767588,0.47738657049067096,4096,0,0,1.0,0.0,0.0,0,0.0,0.47738657049067096,0.0
MF,c1,206,0.12875,1.1223374859026983e-16,1.0037864742707732,0.4772306620615958,4096,0,0,1.0,0.0,0.0,0,0.0,0.4772306620615958,0.0
MF,c1,207,0.129375,1.21987428897536e-16,1.0037118935387275,0.4770743507984202,4096,0,0,1.0,0.0,0.0,0,0.0,0.4770743507984202,0.0
MF,c1,208,0.13,1.328106703482405e-16,1.003634864435611,0.4769176378907601,4096,0,0,1.0,0.0,0.0,0,0.0,0.4769176378907601,0.0
MF,c1,209,0.130625,1.4482444951222375e-16,1.0035555283099786,0.4767605245379173,4096,0,0,1.0,0.0,0.0,0,0.0,0.4767605245379173,0.0
MF,c1,210,0.13125,1.5541530069204408e-16,1.0035037756205345,0.47660301194876564,4096,0,0,1.0,0.0,0.0,0,0.0,0.47660301194876564,0.0
MF,c1,211,0.131875,1.6692667012403523e-16,1.0034501593685101,0.4764451013416385,4096,0,0,1.0,0.0,0.0,0,0.0,0.4764451013416385,0.0
MF,c1,212,0.1325,1.79456442068615e-16,1.0033946243024523,0.47628679394421736,4096,0,0,1.0,0.0,0.0,0,0.0,0.47628679394421736,0.0
MF,c1,213,0.133125,1.9311435236785813e-16,1.0033371139089116,0.476128090993421,4096,0,0,1.0,0.0,0.0,0,0.0,0.476128090993421,0.0
MF,c1,214,0.13375,2.0802348093559676e-16,1.0032775704065482,0.475968993735296,4096,0,0,1.0,0.0,0.0,0,0.0,0.475968993735296,0.0
MF,c1,215,0.134375,2.243219291224862e-16,1.0032159347409293,0.4758095034249081,4096,0,0,1.0,0.0,0.0,0,0.0,0.4758095034249081,0.0
MF,c1,216,0.135,2.421647038688973e-16,1.003152146580029,0.47564962132623406,4096,0,0,1.0,0.0,0.0,0,0.0,0.47564962132623406,0.0
MF,c1,217,0.135625,2.617258330073466e-16,1.003111561288688,0.4754893487120553,4096,0,0,1.0,0.0,0.0,0,0.0,0.4754893487120553,0.0
MF,c1,218,0.13625,2.832007387792122e-16,1.0030826875214074,0.4753286868638521,4096,0,0,1.0,0.0,0.0,0,0.0,0.4753286868638521,0.0
MF,c1,219,0.136875,3.068088996163147e-16,1.003053063288317,0.4751676370716984,4096,0,0,1.0,0.0,0.0,0,0.0,0.4751676370716984,0.0
MF,c1,220,0.1375,3.327968335254074e-16,1.0030226691574002,0.47500620063415827,4096,0,0,1.0,0.0,0.0,0,0.0,0.47500620063415827,0.0
MF,c1,221,0.138125,3.6144144004125526e-16,1.0029914849956507,0.4748443788581831,4096,0,0,1.0,0.0,0.0,0,0.0,0.4748443788581831,0.0
MF,c1,222,0.13875,3.9305374170591325e-16,1.0029594899562166,0.47468217305900917,4096,0,0,1.0,0.0,0.0,0,0.0,0.47468217305900917,0.0
MF,c1,223,0.139375,4.279830704258231e-16,1.0029266624657465,0.4745195845600576,4096,0,0,1.0,0.0,0.0,0,0.0,0.4745195845600576,0.0
MF,c1,224,0.14,4.666217488905295e-16,1.002892980211956,0.47435661469283386,4096,0,0,1.0,0.0,0.0,0,0.0,0.47435661469283386,0.0
MF,c1,225,0.140625,5.09410322547781e-16,1.0028584201312718,0.4741932647968287,4096,0,0,1.0,0.0,0.0,0,0.0,0.4741932647968287,0.0
MF,c1,226,0.14125000000000001,5.568434034608391e-16,1.002822958397316,0.4740295362194208,4096,0,0,1.0,0.0,0.0,0,0.0,0.4740295362194208,0.0
MF,c1,227,0.141875,6.094761937795993e-16,1.0027865704087546,0.47386543031577927,4096,0,0,1.0,0.0,0.0,0,0.0,0.47386543031577927,0.0
MF,c1,228,0.14250000000000002,6.679317635740916e-16,1.0027492307780044,0.47370094844876776,4096,0,0,1.0,0.0,0.0,0,0.0,0.47370094844876776,0.0
MF,c1,229,0.143125,7.329091654796763e-16,1.0027109133200802,0.47353609198884977,4096,0,0,1.0,0.0,0.0,0,0.0,0.47353609198884977,0.0
MF,c1,230,0.14375000000000002,8.05192477033746e-16,1.0026715910417305,0.473370862313994,4096,0,0,1.0,0.0,0.0,0,0.0,0.473370862313994,0.0
MF,c1,231,0.144375,8.856608708147269e-16,1.002631236130882,0.47320526080958203,4096,0,0,1.0,0.0,0.0,0,0.0,0.47320526080958203,0.0
MF,c1,232,0.145,9.752998225931526e-16,1.0025898199464038,0.47303928886831553,4096,0,0,1.0,0.0,0.0,0,0.0,0.47303928886831553,0.0
MF,c1,233,0.145625,1.0752135787469906e-15,1.0025473130080558,0.4728729478901255,4096,0,0,1.0,0.0,0.0,0,0.0,0.4728729478901255,0.0
MF,c1,234,0.14625,1.186639016255286e-15,1.0025036849873674,0.47270623928208244,4096,0,0,1.0,0.0,0.0,0,0.0,0.47270623928208244,0.0
MF,c1,235,0.146875,1.3109610417670452e-15,1.0024692151338301,0.4725391644583062,4096,0,0,1.0,0.0,0.0,0,0.0,0.4725391644583062,0.0
MF,c1,236,0.1475,1.4391882002457282e-15,1.0024426830691104,0.4723717248398789,4096,0,0,1.0,0.0,0.0,0,0.0,0.4723717248398789,0.0
MF,c1,237,0.148125,1.5542743783301096e-15,1.0024153223555536,0.47220392185475657,4096,0,0,1.0,0.0,0.0,0,0.0,0.47220392185475657,0.0
MF,c1,238,0.14875,1.6797655776733538e-15,1.0023871095286032,0.47203575693768374,4096,0,0,1.0,0.0,0.0,0,0.0,0.47203575693768374,0.0
MF,c1,239,0.149375,1.8167234902717415e-15,1.0023580204551772,0.47186723153010746,4096,0,0,1.0,0.0,0.0,0,0.0,0.47186723153010746,0.0
MF,c1,240,0.15,1.9663262011741974e-15,1.0023280303251298,0.47169834708009295,4096,0,0,1.0,0.0,0.0,0,0.0,0.47169834708009295,0.0
MF,c1,241,0.150625,2.1298811207637783e-15,1.002297113642951,0.47152910504224055,4096,0,0,1.0,0.0,0.0,0,0.0,0.47152910504224055,0.0
MF,c1,242,0.15125,2.308839313883386e-15,1.0022652442195925,0.4713595068776025,4096,0,0,1.0,0.0,0.0,0,0.0,0.4713595068776025,0.0
MF,c1,243,0.151875,2.5048113689244153e-15,1.00223239516506,0.4711895540536017,4096,0,0,1.0,0.0,0.0,0,0.0,0.4711895540536017,0.0
MF,c1,244,0.1525,2.7195849637204923e-15,1.0021985388805237,0.4710192480439509,4096,0,0,1.0,0.0,0.0,0,0.0,0.4710192480439509,0.0
MF,c1,245,0.153125,2.9551442999829552e-15,1.0021636470512105,0.47084859032857285,4096,0,0,1.0,0.0,0.0,0,0.0,0.47084859032857285,0.0
MF,c1,246,0.15375,3.213691594258539e-15,1.0021276906394696,0.47067758239352125,4096,0,0,1.0,0.0,0.0,0,0.0,0.47067758239352125,0.0
MF,c1,247,0.154375,3.497670831024962e-15,1.0020906398781348,0.4705062257309034,4096,0,0,1.0,0.0,0.0,0,0.0,0.4705062257309034,0.0
MF,c1,248,0.155,3.8097940027092805e-15,1.0020524642642012,0.47033452183880214,4096,0,0,1.0,0.0,0.0,0,0.0,0.47033452183880214,0.0
MF,c1,249,0.155625,4.153070082228674e-15,1.0020131325528272,0.4701624722212004,4096,0,0,1.0,0.0,0.0,0,0.0,0.4701624722212004,0.0
MF,c1,250,0.15625,4.5308369962432225e-15,1.0019726127516644,0.4699900783879055,4096,0,0,1.0,0.0,0.0,0,0.0,0.4699900783879055,0.0
MF,c1,251,0.15687500000000001,4.946796891812647e-15,1.0019308721155311,0.4698173418544749,4096,0,0,1.0,0.0,0.0,0,0.0,0.4698173418544749,0.0
MF,c1,252,0.1575,5.405055015713487e-15,1.0018878771413153,0.4696442641421425,4096,0,0,1.0,0.0,0.0,0,0.0,0.4696442641421425,0.0
MF,c1,253,0.15812500000000002,5.910162554435388e-15,1.0018448998588296,0.4694708467777462,4096,0,0,1.0,0.0,0.0,0,0.0,0.4694708467777462,0.0
MF,c1,254,0.15875,6.4671638140743436e-15,1.00181923786931,0.4692970912936555,4096,0,0,1.0,0.0,0.0,0,0.0,0.4692970912936555,0.0
MF,c1,255,0.15937500000000002,7.0816481530163025e-15,1.0017926936210015,0.469122999227701,4096,0,0,1.0,0.0,0.0,0,0.0,0.469122999227701,0.0
MF,c1,256,0.16,7.759807116815318e-15,1.0017652422076695,0.46894857212310415,4096,0,0,1.0,0.0,0.0,0,0.0,0.46894857212310415,0.0
MF,c1,257,0.160625,8.508497264088774e-15,1.0017368581314319,0.468773811528408,4096,0,0,1.0,0.0,0.0,0,0.0,0.468773811528408,0.0
MF,c1,258,0.16125,9.335309214857247e-15,1.001707515297857,0.46859871899740835,4096,0,0,1.0,0.0,0.0,0,0.0,0.46859871899740835,0.0
MF,c1,259,0.161875,1.0248643498760805e-14,1.0016771870113055,0.4684232960890863,4096,0,0,1.0,0.0,0.0,0,0.0,0.4684232960890863,0.0
MF,c1,260,0.1625,1.1257793830233484e-14,1.0016458459705377,0.4682475443675417,4096,0,0,1.0,0.0,0.0,0,0.0,0.4682475443675417,0.0
MF,c1,261,0.163125,1.2373038491273094e-14,1.0016134642645822,0.4680714654019268,4096,0,0,1.0,0.0,0.0,0,0.0,0.4680714654019268,0.0
MF,c1,262,0.16375,1.360574056018077e-14,1.001580013368879,0.4678950607663808,4096,0,0,1.0,0.0,0.0,0,0.0,0.4678950607663808,0.0
MF,c1,263,0.164375,1.4968457786863072e-14,1.0015454641416006,0.4677183320399661,4096,0,0,1.0,0.0,0.0,0,0.0,0.4677183320399661,0.0
MF,c1,264,0.165,1.6475062982248312e-14,1.0015097868206748,0.4675412808066039,4096,0,0,1.0,0.0,0.0,0,0.0,0.4675412808066039,0.0
MF,c1,265,0.165625,1.8037159472114295e-14,1.001472951020484,0.4673639086550119,4096,0,0,1.0,0.0,0.0,0,0.0,0.4673639086550119,0.0
MF,c1,266,0.16625,1.9371889856730362e-14,1.0014349257292792,0.4671862171786415,4096,0,0,1.0,0.0,0.0,0,0.0,0.4671862171786415,0.0
MF,c1,267,0.166875,2.0816222030768158e-14,1.001395679306802,0.46700820797561726,4096,0,0,1.0,0.0,0.0,0,0.0,0.46700820797561726,0.0
MF,c1,268,0.1675,2.2380210017383363e-14,1.0013697392365999,0.46682988264867575,4096,0,0,1.0,0.0,0.0,0,0.0,0.46682988264867575,0.0
MF,c1,269,0.168125,2.4074889789108133e-14,1.001351811083133,0.46665124280510584,4096,0,0,1.0,0.0,0.0,0,0.0,0.46665124280510584,0.0
MF,c1,270,0.16875,2.5912375372368744e-14,1.0013334492550026,0.4664722900566899,4096,0,0,1.0,0.0,0.0,0,0.0,0.4664722900566899,0.0
MF,c1,271,0.169375,2.790596398715323e-14,1.0013146427700015,0.46629302601964456,4096,0,0,1.0,0.0,0.0,0,0.0,0.46629302601964456,0.0
MF,c1,272,0.17,3.0070251018609927e-14,1.0012953802875368,0.46611345231456414,4096,0,0,1.0,0.0,0.0,0,0.0,0.46611345231456414,0.0
MF,c1,273,0.170625,3.2421255682304014e-14,1.001275650103123,0.46593357056636286,4096,0,0,1.0,0.0,0.0,0,0.0,0.46593357056636286,0.0
MF,c1,274,0.17125,3.497655831463117e-14,1.0012554401429832,0.46575338240421915,4096,0,0,1.0,0.0,0.0,0,0.0,0.46575338240421915,0.0
MF,c1,275,0.171875,3.775545029482474e-14,1.0012347379586775,0.46557288946151987,4096,0,0,1.0,0.0,0.0,0,0.0,0.46557288946151987,0.0
MF,c1,276,0.17250000000000001,4.077909768529625e-14,1.0012135307221863,0.4653920933758053,4096,0,0,1.0,0.0,0.0,0,0.0,0.4653920933758053,0.0
MF,c1,277,0.173125,4.407071976354543e-14,1.0011972647176404,0.4652109957887151,4096,0,0,1.0,0.0,0.0,0,0.0,0.4652109957887151,0.0
MF,c1,278,0.17375000000000002,4.765578371103408e-14,1.001185913803054,0.4650295983459351,4096,0,0,1.0,0.0,0.0,0,0.0,0.4650295983459351,0.0
MF,c1,279,0.174375,5.156221682374425e-14,1.001174209372419,0.4648479026971441,4096,0,0,1.0,0.0,0.0,0,0.0,0.4648479026971441,0.0
MF,c1,280,0.17500000000000002,5.582063771519625e-14,1.0011621422581676,0.46466591049596184,4096,0,0,1.0,0.0,0.0,0,0.0,0.46466591049596184,0.0
MF,c1,281,0.175625,6.04646080963495e-14,1.0011497030237824,0.4644836233998971,4096,0,0,1.0,0.0,0.0,0,0.0,0.4644836233998971,0.0
MF,c1,282,0.17625,6.553090683840198e-14,1.0011368819596924,0.46430104307029774,4096,0,0,1.0,0.0,0.0,0,0.0,0.46430104307029774,0.0
MF,c1,283,0.176875,7.105982815455025e-14,1.0011236690792356,0.4641181711722993,4096,0,0,1.0,0.0,0.0,0,0.0,0.4641181711722993,0.0
MF,c1,284,0.1775,7.709550587579133e-14,1.001110054114697,0.4639350093747764,4096,0,0,1.0,0.0,0.0,0,0.0,0.4639350093747764,0.0
MF,c1,285,0.178125,8.368626594438756e-14,1.0010960265134174,0.46375155935029305,4096,0,0,1.0,0.0,0.0,0,0.0,0.46375155935029305,0.0
MF,c1,286,0.17875,9.088500940725142e-14,1.0010815754339868,0.46356782277505415,4096,0,0,1.0,0.0,0.0,0,0.0,0.46356782277505415,0.0
MF,c1,287,0.179375,9.874962836084358e-14,1.0010666897425173,0.4633838013288585,4096,0,0,1.0,0.0,0.0,0,0.0,0.4633838013288585,0.0
MF,c1,288,0.18,1.0734345747984902e-13,1.0010513580090081,0.46319949669505067,4096,0,0,1.0,0.0,0.0,0,0.0,0.46319949669505067,0.0
MF,c1,289,0.180625,1.1673576395457102e-13,1.0010355685037977,0.46301491056047495,4096,0,0,1.0,0.0,0.0,0,0.0,0.46301491056047495,0.0
MF,c1,290,0.18125,1.270022788673584e-13,1.0010193091941118,0.4628300446154289,4096,0,0,1.0,0.0,0.0,0,0.0,0.4628300446154289,0.0
MF,c1,291,0.181875,1.3822577325724676e-13,1.001002567740646,0.4626449005536182,4096,0,0,1.0,0.0,0.0,0,0.0,0.4626449005536182,0.0
MF,c1,292,0.1825,1.504966823547062e-13,1.0009853314945139,0.4624594800721115,4096,0,0,1.0,0.0,0.0,0,0.0,0.4624594800721115,0.0
MF,c1,293,0.183125,1.6391378171714143e-13,1.0009675874939052,0.46227378487129595,4096,0,0,1.0,0.0,0.0,0,0.0,0.46227378487129595,0.0
MF,c1,294,0.18375,1.785849192587361e-13,1.000949322461117,0.46208781665483345,4096,0,0,1.0,0.0,0.0,0,0.0,0.46208781665483345,0.0
MF,c1,295,0.184375,1.9035086771136063e-13,1.000930522799634,0.4619015771296174,4096,0,0,1.0,0.0,0.0,0,0.0,0.4619015771296174,0.0
MF,c1,296,0.185,2.0266053075237533e-13,1.0009111745913266,0.46171506800573003,4096,0,0,1.0,0.0,0.0,0,0.0,0.46171506800573003,0.0
MF,c1,297,0.185625,2.1587012998051083e-13,1.0008912635937663,0.46152829099639947,4096,0,0,1.0,0.0,0.0,0,0.0,0.46152829099639947,0.0
MF,c1,298,0.18625,2.300541442268091e-13,1.0008729767018794,0.46134124781795893,4096,0,0,1.0,0.0,0.0,0,0.0,0.46134124781795893,0.0
MF,c1,299,0.186875,2.452935788390677e-13,1.0008622782438705,0.4611539401898044,4096,0,0,1.0,0.0,0.0,0,0.0,0.4611539401898044,0.0
MF,c1,300,0.1875,2.616765301784839e-13,1.0008512072172273,0.4609663698343548,4096,0,0,1.0,0.0,0.0,0,0.0,0.4609663698343548,0.0
MF,c1,301,0.18812500000000001,2.7929879632602606e-13,1.000839753802845,0.460778538477011,4096,0,0,1.0,0.0,0.0,0,0.0,0.460778538477011,0.0
MF,c1,302,0.18875,2.98264537502306e-13,1.0008279079506015,0.46059044784611625,4096,0,0,1.0,0.0,0.0,0,0.0,0.46059044784611625,0.0
MF,c1,303,0.18937500000000002,3.18686989947194e-13,1.0008156593770663,0.46040209967291684,4096,0,0,1.0,0.0,0.0,0,0.0,0.46040209967291684,0.0
MF,c1,304,0.19,3.4068923726291653e-13,1.0008029975632875,0.4602134956915231,4096,0,0,1.0,0.0,0.0,0,0.0,0.4602134956915231,0.0
MF,c1,305,0.19062500000000002,3.64405043497732e-13,1.0007899117526597,0.460024637638871,4096,0,0,1.0,0.0,0.0,0,0.0,0.460024637638871,0.0
MF,c1,306,0.19125,3.899797525373356e-13,1.0007763909488718,0.45983552725468396,4096,0,0,1.0,0.0,0.0,0,0.0,0.45983552725468396,0.0
MF,c1,307,0.19187500000000002,4.1757125867877987e-13,1.0007624239139425,0.45964616628143556,4096,0,0,1.0,0.0,0.0,0,0.0,0.45964616628143556,0.0
MF,c1,308,0.1925,4.4735105358784164e-13,1.0007479991663404,0.4594565564643119,4096,0,0,1.0,0.0,0.0,0,0.0,0.4594565564643119,0.0
MF,c1,309,0.193125,4.795053551863747e-13,1.000733104979197,0.45926669955117544,4096,0,0,1.0,0.0,0.0,0,0.0,0.45926669955117544,0.0
MF,c1,310,0.19375,5.142363243822647e-13,1.0007177293786131,0.459076597292528,4096,0,0,1.0,0.0,0.0,0,0.0,0.459076597292528,0.0
MF,c1,311,0.194375,5.517633759423931e-13,1.000701860142009,0.4588862514414754,4096,0,0,1.0,0.0,0.0,0,0.0,0.4588862514414754,0.0
MF,c1,312,0.195,5.923245902180308e-13,1.0006854847967723,0.45869566375369125,4096,0,0,1.0,0.0,0.0,0,0.0,0.45869566375369125,0.0
MF,c1,313,0.195625,6.361782328688087e-13,1.0006685906187096,0.45850483598738256,4096,0,0,1.0,0.0,0.0,0,0.0,0.45850483598738256,0.0
MF,c1,314,0.19625,6.836043901865759e-13,1.0006511646307998,0.458313769903254,4096,0,0,1.0,0.0,0.0,0,0.0,0.458313769903254,0.0
MF,c1,315,0.196875,7.349067281080148e-13,1.0006371420117488,0.4581224672644745,4096,0,0,1.0,0.0,0.0,0,0.0,0.4581224672644745,0.0
MF,c1,316,0.1975,7.904143835161525e-13,1.00062793041815,0.4579309298366419,4096,0,0,1.0,0.0,0.0,0,0.0,0.4579309298366419,0.0
MF,c1,317,0.198125,8.504839969720591e-13,1.000618380289345,0.45773915938775034,4096,0,0,1.0,0.0,0.0,0,0.0,0.45773915938775034,0.0
MF,c1,318,0.19875,9.155018965890622e-13,1.0006084829122872,0.45754715768815635,4096,0,0,1.0,0.0,0.0,0,0.0,0.45754715768815635,0.0
MF,c1,319,0.199375,9.858864433643058e-13,1.0005982293946747,0.4573549265105454,4096,0,0,1.0,0.0,0.0,0,0.0,0.4573549265105454,0.0
MF,c1,320,0.2,1.0620905489179059e-12,1.0005876106637202,0.4571624676299,4096,0,0,1.0,0.0,0.0,0,0.0,0.4571624676299,0.0
MF,c1,321,0.200625,1.1446043772598147e-12,1.0005766174649864,0.45696978282346656,4096,0,0,1.0,0.0,0.0,0,0.0,0.45696978282346656,0.0
MF,c1,322,0.20125,1.2339582429103587e-12,1.0005668504085488,0.4567768738707235,4096,0,0,1.0,0.0,0.0,0,0.0,0.4567768738707235,0.0
MF,c1,323,0.201875,1.3288978340157944e-12,1.0005574863302005,0.4565837425533494,4096,0,0,1.0,0.0,0.0,0,0.0,0.4565837425533494,0.0
MF,c1,324,0.2025,1.4024256899382159e-12,1.0005521072945731,0.45639039065519155,4096,0,0,1.0,0.0,0.0,0,0.0,0.45639039065519155,0.0
MF,c1,325,0.203125,1.480694747050326e-12,1.0005475911533188,0.45619681996223405,4096,0,0,1.0,0.0,0.0,0,0.0,0.45619681996223405,0.0
MF,c1,326,0.20375000000000001,1.564060420842647e-12,1.0005429221251432,0.456003032262568,4096,0,0,1.0,0.0,0.0,0,0.0,0.456003032262568,0.0
MF,c1,327,0.204375,1.6529063656616982e-12,1.0005380965254493,0.45580902934635964,4096,0,0,1.0,0.0,0.0,0,0.0,0.45580902934635964,0.0
MF,c1,328,0.20500000000000002,1.7476466617739069e-12,1.0005331105705633,0.45561481300582024,4096,0,0,1.0,0.0,0.0,0,0.0,0.45561481300582024,0.0
MF,c1,329,0.205625,1.84872816063937e-12,1.0005279603762796,0.4554203850351761,4096,0,0,1.0,0.0,0.0,0,0.0,0.4554203850351761,0.0
MF,c1,330,0.20625000000000002,1.9566329988727528e-12,1.0005226419564268,0.4552257472306383,4096,0,0,1.0,0.0,0.0,0,0.0,0.4552257472306383,0.0
MF,c1,331,0.206875,2.071881291993605e-12,1.000517151221461,0.45503090139037294,4096,0,0,1.0,0.0,0.0,0,0.0,0.45503090139037294,0.0
MF,c1,332,0.20750000000000002,2.1950340197261296e-12,1.0005114839770757,0.45483584931447174,4096,0,0,1.0,0.0,0.0,0,0.0,0.45483584931447174,0.0
MF,c1,333,0.208125,2.326696115300362e-12,1.000505635922841,0.45464059280492264,4096,0,0,1.0,0.0,0.0,0,0.0,0.45464059280492264,0.0
MF,c1,334,0.20875,2.4675197719343477e-12,1.0004996026508661,0.4544451336655805,4096,0,0,1.0,0.0,0.0,0,0.0,0.4544451336655805,0.0
MF,c1,335,0.209375,2.6182079804417147e-12,1.0004933796444901,0.45424947370213825,4096,0,0,1.0,0.0,0.0,0,0.0,0.45424947370213825,0.0
MF,c1,336,0.21,2.779518312712651e-12,1.0004869622769976,0.4540536147220986,4096,0,0,1.0,0.0,0.0,0,0.0,0.4540536147220986,0.0
MF,c1,337,0.210625,2.952266966660292e-12,1.0004803458103695,0.45385755853474485,4096,0,0,1.0,0.0,0.0,0,0.0,0.45385755853474485,0.0
MF,c1,338,0.21125,3.1373330891106383e-12,1.0004735253940567,0.45366130695111273,4096,0,0,1.0,0.0,0.0,0,0.0,0.45366130695111273,0.0
MF,c1,339,0.211875,3.3356633940440075e-12,1.0004664960637921,0.45346486178396234,4096,0,0,1.0,0.0,0.0,0,0.0,0.45346486178396234,0.0
MF,c1,340,0.2125,3.5482770945715326e-12,1.000459252740431,0.45326822484775003,4096,0,0,1.0,0.0,0.0,0,0.0,0.45326822484775003,0.0
MF,c1,341,0.213125,3.776271168053083e-12,1.000451790228827,0.45307139795860024,4096,0,0,1.0,0.0,0.0,0,0.0,0.45307139795860024,0.0
MF,c1,342,0.21375,4.020825974835179e-12,1.000444103216743,0.45287438293427806,4096,0,0,1.0,0.0,0.0,0,0.0,0.45287438293427806,0.0
MF,c1,343,0.214375,4.283211252210822e-12,1.0004361862737994,0.45267718159416154,4096,0,0,1.0,0.0,0.0,0,0.0,0.45267718159416154,0.0
MF,c1,344,0.215,4.564792506379734e-12,1.0004280338504559,0.4524797957592138,4096,0,0,1.0,0.0,0.0,0,0.0,0.4524797957592138,0.0
MF,c1,345,0.215625,4.8670378264192135e-12,1.000419640277037,0.4522822272519562,4096,0,0,1.0,0.0,0.0,0,0.0,0.4522822272519562,0.0
MF,c1,346,0.21625,5.191525145564882e-12,1.0004109997627937,0.45208447789644085,4096,0,0,1.0,0.0,0.0,0,0.0,0.45208447789644085,0.0
MF,c1,347,0.216875,5.5399499764489745e-12,1.0004056953395424,0.451886549518223,4096,0,0,1.0,0.0,0.0,0,0.0,0.451886549518223,0.0
MF,c1,348,0.2175,5.914133648353849e-12,1.0004014045672085,0.4516884439443348,4096,0,0,1.0,0.0,0.0,0,0.0,0.4516884439443348,0.0
MF,c1,349,0.218125,6.3160320760121695e-12,1.0003969590859603,0.45149016300325717,4096,0,0,1.0,0.0,0.0,0,0.0,0.45149016300325717,0.0
MF,c1,350,0.21875,6.7477450910250716e-12,1.0003923551272236,0.4512917085248941,4096,0,0,1.0,0.0,0.0,0,0.0,0.4512917085248941,0.0
MF,c1,351,0.21937500000000001,7.21152636857969e-12,1.0003875888411702,0.451093082340545,4096,0,0,1.0,0.0,0.0,0,0.0,0.451093082340545,0.0
MF,c1,352,0.22,7.592524578834674e-12,1.0003826562959908,0.45089428628287803,4096,0,0,1.0,0.0,0.0,0,0.0,0.45089428628287803,0.0
MF,c1,353,0.22062500000000002,7.958119645909963e-12,1.0003775534771384,0.45069532218590347,4096,0,0,1.0,0.0,0.0,0,0.0,0.45069532218590347,0.0
MF,c1,354,0.22125,8.345059703923408e-12,1.000372276286634,0.45049619188494683,4096,0,0,1.0,0.0,0.0,0,0.0,0.45049619188494683,0.0
MF,c1,355,0.22187500000000002,8.75482078592794e-12,1.0003668205423846,0.4502968972166227,4096,0,0,1.0,0.0,0.0,0,0.0,0.4502968972166227,0.0
MF,c1,356,0.2225,9.188985734366007e-12,1.0003611819775295,0.45009744001880714,4096,0,0,1.0,0.0,0.0,0,0.0,0.45009744001880714,0.0
MF,c1,357,0.22312500000000002,9.649251594041209e-12,1.0003553562398155,0.44989782213061236,4096,0,0,1.0,0.0,0.0,0,0.0,0.44989782213061236,0.0
MF,c1,358,0.22375,1.0137437476164673e-11,1.0003493388909968,0.449698045392359,4096,0,0,1.0,0.0,0.0,0,0.0,0.449698045392359,0.0
MF,c1,359,0.224375,1.065549292061609e-11,1.0003431254062638,0.4494981116455501,4096,0,0,1.0,0.0,0.0,0,0.0,0.4494981116455501,0.0
MF,c1,360,0.225,1.1205506784945148e-11,1.0003367111737034,0.44929802273284447,4096,0,0,1.0,0.0,0.0,0,0.0,0.44929802273284447,0.0
MF,c1,361,0.225625,1.1789716690085386e-11,1.0003300914937874,0.4490977804980299,4096,0,0,1.0,0.0,0.0,0,0.0,0.4490977804980299,0.0
MF,c1,362,0.22625,1.241051905426112e-11,1.000323261578892,0.44889738678599667,4096,0,0,1.0,0.0,0.0,0,0.0,0.44889738678599667,0.0
MF,c1,363,0.226875,1.3070479748141284e-11,1.0003162165528487,0.4486968434427112,4096,0,0,1.0,0.0,0.0,0,0.0,0.4486968434427112,0.0
MF,c1,364,0.2275,1.3772345405933929e-11,1.0003132847310505,0.4484961523151887,4096,0,0,1.0,0.0,0.0,0,0.0,0.4484961523151887,0.0
MF,c1,365,0.228125,1.4519055428823885e-11,1.0003103214581899,0.4482953152514672,4096,0,0,1.0,0.0,0.0,0,0.0,0.4482953152514672,0.0
MF,c1,366,0.22875,1.5313754718935795e-11,1.000307271345738,0.4480943341005803,4096,0,0,1.0,0.0,0.0,0,0.0,0.4480943341005803,0.0
MF,c1,367,0.229375,1.6159807183857978e-11,1.0003041324561424,0.44789321071253063,4096,0,0,1.0,0.0,0.0,0,0.0,0.44789321071253063,0.0
MF,c1,368,0.23,1.706081005369116e-11,1.000300902802212,0.44769194693826286,4096,0,0,1.0,0.0,0.0,0,0.0,0.44769194693826286,0.0
MF,c1,369,0.230625,1.8020609054592914e-11,1.0002975803464604,0.44749054462963683,4096,0,0,1.0,0.0,0.0,0,0.0,0.44749054462963683,0.0
MF,c1,370,0.23125,1.904331448487538e-11,1.0002941630004625,0.4472890056394007,4096,0,0,1.0,0.0,0.0,0,0.0,0.4472890056394007,0.0
MF,c1,371,0.231875,2.01333182418836e-11,1.0002906486242225,0.4470873318211634,4096,0,0,1.0,0.0,0.0,0,0.0,0.4470873318211634,0.0
MF,c1,372,0.2325,2.1295311850136288e-11,1.0002870350255544,0.44688552502936807,4096,0,0,1.0,0.0,0.0,0,0.0,0.44688552502936807,0.0
MF,c1,373,0.233125,2.253430554355317e-11,1.0002833199594734,0.44668358711926426,4096,0,0,1.0,0.0,0.0,0,0.0,0.44668358711926426,0.0
MF,c1,374,0.23375,2.3855648457025018e-11,1.0002795011276016,0.4464815199468811,4096,0,0,1.0,0.0,0.0,0,0.0,0.4464815199468811,0.0
MF,c1,375,0.234375,2.526504998510722e-11,1.0002755761775843,0.44627932536899917,4096,0,0,1.0,0.0,0.0,0,0.0,0.44627932536899917,0.0
MF,c1,376,0.23500000000000001,2.676860236823729e-11,1.0002715427025248,0.44607700524312355,4096,0,0,1.0,0.0,0.0,0,0.0,0.44607700524312355,0.0
MF,c1,377,0.235625,2.837280456959378e-11,1.0002673982404273,0.44587456142745563,4096,0,0,1.0,0.0,0.0,0,0.0,0.44587456142745563,0.0
MF,c1,378,0.23625000000000002,3.0084587508531214e-11,1.0002635070789552,0.44567199578086564,4096,0,0,1.0,0.0,0.0,0,0.0,0.44567199578086564,0.0
MF,c1,379,0.236875,3.189718806789926e-11,1.0002615942831186,0.44546931016286423,4096,0,0,1.0,0.0,0.0,0,0.0,0.44546931016286423,0.0
MF,c1,380,0.23750000000000002,3.3223001644370333e-11,1.000259612843843,0.4452665064335748,4096,0,0,1.0,0.0,0.0,0,0.0,0.4452665064335748,0.0
MF,c1,381,0.238125,3.461864432958885e-11,1.0002575611999636,0.445063586453705,4096,0,0,1.0,0.0,0.0,0,0.0,0.445063586453705,0.0
MF,c1,382,0.23875000000000002,3.6088593379360503e-11,1.0002554377550963,0.44486055208451813,4096,0,0,1.0,0.0,0.0,0,0.0,0.44486055208451813,0.0
MF,c1,383,0.239375,3.763762388854419e-11,1.0002532408772002,0.44465740518780505,4096,0,0,1.0,0.0,0.0,0,0.0,0.44465740518780505,0.0
MF,c1,384,0.24,3.9270827433871065e-11,1.0002509688981929,0.444454147625855,4096,0,0,1.0,0.0,0.0,0,0.0,0.444454147625855,0.0
MF,c1,385,0.240625,4.0993631777270636e-11,1.0002486201135616,0.4442507812614266,4096,0,0,1.0,0.0,0.0,0,0.0,0.4442507812614266,0.0
MF,c1,386,0.24125,4.281182168361699e-11,1.0002461927819852,0.44404730795771896,4096,0,0,1.0,0.0,0.0,0,0.0,0.44404730795771896,0.0
MF,c1,387,0.241875,4.473156090918445e-11,1.0002436851249628,0.4438437295783428,4096,0,0,1.0,0.0,0.0,0,0.0,0.4438437295783428,0.0
MF,c1,388,0.2425,4.675941541957407e-11,1.0002410953264522,0.4436400479872898,4096,0,0,1.0,0.0,0.0,0,0.0,0.4436400479872898,0.0
MF,c1,389,0.243125,4.890237789843406e-11,1.0002384215325189,0.44343626504890415,4096,0,0,1.0,0.0,0.0,0,0.0,0.44343626504890415,0.0
MF,c1,390,0.24375,5.11678936109499e-11,1.0002356618509936,0.4432323826278517,4096,0,0,1.0,0.0,0.0,0,0.0,0.4432323826278517,0.0
MF,c1,391,0.244375,5.356388768882578e-11,1.0002328143511399,0.4430284025890906,4096,0,0,1.0,0.0,0.0,0,0.0,0.4430284025890906,0.0
MF,c1,392,0.245,5.60987939063214e-11,1.0002298770633344,0.44282432679784034,4096,0,0,1.0,0.0,0.0,0,0.0,0.44282432679784034,0.0
MF,c1,393,0.245625,5.878158501984771e-11,1.0002268479787542,0.4426201571195517,4096,0,0,1.0,0.0,0.0,0,0.0,0.4426201571195517,0.0
MF,c1,394,0.24625,6.162180474666547e-11,1.0002237250490789,0.44241589541987564,4096,0,0,1.0,0.0,0.0,0,0.0,0.44241589541987564,0.0
MF,c1,395,0.246875,6.462960146137324e-11,1.0002205061862028,0.44221154356463255,4096,0,0,1.0,0.0,0.0,0,0.0,0.44221154356463255,0.0
MF,c1,396,0.2475,6.781576369211869e-11,1.0002171892619587,0.4420071034197808,4096,0,0,1.0,0.0,0.0,0,0.0,0.4420071034197808,0.0
MF,c1,397,0.248125,7.119175750182154e-11,1.0002137721078537,0.44180257685138524,4096,0,0,1.0,0.0,0.0,0,0.0,0.44180257685138524,0.0
MF,c1,398,0.24875,7.476976584316023e-11,1.0002102525148167,0.4415979657255859,4096,0,0,1.0,0.0,0.0,0,0.0,0.4415979657255859,0.0
MF,c1,399,0.249375,7.856272997964898e-11,1.0002066282329636,0.4413932719085653,4096,0,0,1.0,0.0,0.0,0,0.0,0.4413932719085653,0.0
MF,c1,400,0.25,8.258439306882083e-11,1.0002028969713654,0.44118849726651677,4096,0,0,1.0,0.0,0.0,0,0.0,0.44118849726651677,0.0
MF,c1,401,0.250625,8.684934600733691e-11,1.000199056397841,0.4409836436656118,4096,0,0,1.0,0.0,0.0,0,0.0,0.4409836436656118,0.0
MF,c1,402,0.25125000000000003,9.137307564176362e-11,1.0001963284310973,0.440778712971967,4096,0,0,1.0,0.0,0.0,0,0.0,0.440778712971967,0.0
MF,c1,403,0.251875,9.617201545280289e-11,1.0001944810494323,0.4405737070516117,4096,0,0,1.0,0.0,0.0,0,0.0,0.4405737070516117,0.0
MF,c1,404,0.2525,1.0126359882492434e-10,1.0001925684976265,0.4403686277704538,4096,0,0,1.0,0.0,0.0,0,0.0,0.4403686277704538,0.0
MF,c1,405,0.253125,1.0666631501763728e-10,1.0001905893273277,0.4401634769942466,4096,0,0,1.0,0.0,0.0,0,0.0,0.4401634769942466,0.0
MF,c1,406,0.25375000000000003,1.123997679590551e-10,1.0001885420634182,0.43995825658855514,4096,0,0,1.0,0.0,0.0,0,0.0,0.43995825658855514,0.0
MF,c1,407,0.254375,1.168336109060511e-10,1.0001864252038384,0.4397529684187216,4096,0,0,1.0,0.0,0.0,0,0.0,0.4397529684187216,0.0
MF,c1,408,0.255,1.2111727452604777e-10,1.0001842372194156,0.43954761434983103,4096,0,0,1.0,0.0,0.0,0,0.0,0.43954761434983103,0.0
MF,c1,409,0.255625,1.2561004425573697e-10,1.0001819765537021,0.4393421962466767,4096,0,0,1.0,0.0,0.0,0,0.0,0.4393421962466767,0.0
MF,c1,410,0.25625,1.3032449440225366e-10,1.000179641622823,0.4391367159737246,4096,0,0,1.0,0.0,0.0,0,0.0,0.4391367159737246,0.0
MF,c1,411,0.256875,1.3527396699817815e-10,1.0001772308153294,0.43893117539507875,4096,0,0,1.0,0.0,0.0,0,0.0,0.43893117539507875,0.0
MF,c1,412,0.2575,1.4047261507277649e-10,1.0001747424920628,0.43872557637444487,4096,0,0,1.0,0.0,0.0,0,0.0,0.43872557637444487,0.0
MF,c1,413,0.258125,1.4593544811209507e-10,1.0001724015417632,0.4385199207750947,4096,0,0,1.0,0.0,0.0,0,0.0,0.4385199207750947,0.0
MF,c1,414,0.25875,1.51678379805545e-10,1.0001711062314287,0.4383142104598299,4096,0,0,1.0,0.0,0.0,0,0.0,0.4383142104598299,0.0
MF,c1,415,0.259375,1.5771827818031739e-10,1.000170116367684,0.438108447290945,4096,0,0,1.0,0.0,0.0,0,0.0,0.438108447290945,0.0
MF,c1,416,0.26,1.6407301822877922e-10,1.0001690928839737,0.4379026331301906,4096,0,0,1.0,0.0,0.0,0,0.0,0.4379026331301906,0.0
MF,c1,417,0.260625,1.7076153713792173e-10,1.0001680350724103,0.4376967698387364,4096,0,0,1.0,0.0,0.0,0,0.0,0.4376967698387364,0.0
MF,c1,418,0.26125,1.7780389223396782e-10,1.0001669422093586,0.43749085927713316,4096,0,0,1.0,0.0,0.0,0,0.0,0.43749085927713316,0.0
MF,c1,419,0.261875,1.8522132175939199e-10,1.0001658135552547,0.4372849033052752,4096,0,0,1.0,0.0,0.0,0,0.0,0.4372849033052752,0.0
MF,c1,420,0.2625,1.9303630860386889e-10,1.0001646483544209,0.4370789037823619,4096,0,0,1.0,0.0,0.0,0,0.0,0.4370789037823619,0.0
MF,c1,421,0.263125,2.0127264711504927e-10,1.0001634458348942,0.43687286256685925,4096,0,0,1.0,0.0,0.0,0,0.0,0.43687286256685925,0.0
MF,c1,422,0.26375,2.0995551311955899e-10,1.0001622052082484,0.43666678151646077,4096,0,0,1.0,0.0,0.0,0,0.0,0.43666678151646077,0.0
MF,c1,423,0.264375,2.191115372892373e-10,1.0001609256694266,0.4364606624880485,4096,0,0,1.0,0.0,0.0,0,0.0,0.4364606624880485,0.0
MF,c1,424,0.265,2.2876888199232748e-10,1.0001596063965523,0.43625450733765325,4096,0,0,1.0,0.0,0.0,0,0.0,0.43625450733765325,0.0
MF,c1,425,0.265625,2.3895732177445366e-10,1.0001582465508299,0.43604831792041454,4096,0,0,1.0,0.0,0.0,0,0.0,0.43604831792041454,0.0
MF,c1,426,0.26625,2.4970832761857314e-10,1.0001568452763216,0.4358420960905407,4096,0,0,1.0,0.0,0.0,0,0.0,0.4358420960905407,0.0
MF,c1,427,0.26687500000000003,2.6105515513903717e-10,1.000155401699816,0.435635843701268,4096,0,0,1.0,0.0,0.0,0,0.0,0.435635843701268,0.0
MF,c1,428,0.2675,2.7303293686951967e-10,1.000153914930674,0.4354295626048197,4096,0,0,1.0,0.0,0.0,0,0.0,0.4354295626048197,0.0
MF,c1,429,0.268125,2.8567877881018096e-10,1.0001523840606854,0.4352232546523649,4096,0,0,1.0,0.0,0.0,0,0.0,0.4352232546523649,0.0
MF,c1,430,0.26875,2.990318614048912e-10,1.0001508081639239,0.4350169216939767,4096,0,0,1.0,0.0,0.0,0,0.0,0.4350169216939767,0.0
MF,c1,431,0.26937500000000003,3.131335451249624e-10,1.0001491862966116,0.43481056557859027,4096,0,0,1.0,0.0,0.0,0,0.0,0.43481056557859027,0.0
MF,c1,432,0.27,3.280274808415908e-10,1.0001475174969854,0.43460418815396046,4096,0,0,1.0,0.0,0.0,0,0.0,0.43460418815396046,0.0
MF,c1,433,0.270625,3.4323781922172727e-10,1.000145800785168,0.4343977912666193,4096,0,0,1.0,0.0,0.0,0,0.0,0.4343977912666193,0.0
MF,c1,434,0.27125,3.5419776516107435e-10,1.0001440351630446,0.4341913767618327,4096,0,0,1.0,0.0,0.0,0,0.0,0.4341913767618327,0.0
MF,c1,435,0.27187500000000003,3.656499757241883e-10,1.0001422196141458,0.4339849464835572,4096,0,0,1.0,0.0,0.0,0,0.0,0.4339849464835572,0.0
MF,c1,436,0.2725,3.776223433520912e-10,1.000140353103534,0.4337785022743962,4096,0,0,1.0,0.0,0.0,0,0.0,0.4337785022743962,0.0
MF,c1,437,0.273125,3.9014433871838565e-10,1.0001384345776951,0.4335720459755558,4096,0,0,1.0,0.0,0.0,0,0.0,0.4335720459755558,0.0
MF,c1,438,0.27375,4.032470917882789e-10,1.000136462964436,0.4333655794268006,4096,0,0,1.0,0.0,0.0,0,0.0,0.4333655794268006,0.0
MF,c1,439,0.274375,4.1696347657202604e-10,1.000134437172789,0.4331591044664086,4096,0,0,1.0,0.0,0.0,0,0.0,0.4331591044664086,0.0
MF,c1,440,0.275,4.313281997193622e-10,1.0001323560929185,0.43295262293112613,4096,0,0,1.0,0.0,0.0,0,0.0,0.43295262293112613,0.0
MF,c1,441,0.275625,4.463778931063054e-10,1.0001302185960377,0.43274613665612255,4096,0,0,1.0,0.0,0.0,0,0.0,0.43274613665612255,0.0
MF,c1,442,0.27625,4.621512105706322e-10,1.0001284233071386,0.43253964747494433,4096,0,0,1.0,0.0,0.0,0,0.0,0.43253964747494433,0.0
MF,c1,443,0.276875,4.786889289573677e-10,1.0001274039365373,0.4323331572194688,4096,0,0,1.0,0.0,0.0,0,0.0,0.4323331572194688,0.0
MF,c1,444,0.2775,4.960340536407792e-10,1.000126351471195,0.4321266677198576,4096,0,0,1.0,0.0,0.0,0,0.0,0.4321266677198576,0.0
MF,c1,445,0.278125,5.142319286946284e-10,1.0001252652257548,0.43192018080451006,4096,0,0,1.0,0.0,0.0,0,0.0,0.43192018080451006,0.0
MF,c1,446,0.27875,5.333303518878196e-10,1.0001241445028486,0.43171369830001594,4096,0,0,1.0,0.0,0.0,0,0.0,0.43171369830001594,0.0
MF,c1,447,0.279375,5.533796946880732e-10,1.000122988593024,0.43150722203110736,4096,0,0,1.0,0.0,0.0,0,0.0,0.43150722203110736,0.0
MF,c1,448,0.28,5.744330274617661e-10,1.0001217967746592,0.4313007538206119,4096,0,0,1.0,0.0,0.0,0,0.0,0.4313007538206119,0.0
MF,c1,449,0.280625,5.965462500644102e-10,1.000120568313956,0.43109429548940353,4096,0,0,1.0,0.0,0.0,0,0.0,0.43109429548940353,0.0
MF,c1,450,0.28125,6.197782280205949e-10,1.0001193551142993,0.43088784885635445,4096,0,0,1.0,0.0,0.0,0,0.0,0.43088784885635445,0.0
MF,c1,451,0.281875,6.441909345001383e-10,1.0001181645593253,0.4306814157382864,4096,0,0,1.0,0.0,0.0,0,0.0,0.4306814157382864,0.0
MF,c1,452,0.28250000000000003,6.698495983018159e-10,1.000116945570202,0.4304749979499209,4096,0,0,1.0,0.0,0.0,0,0.0,0.4304749979499209,0.0
MF,c1,453,0.283125,6.968228580627966e-10,1.0001156975810837,0.4302685973038303,4096,0,0,1.0,0.0,0.0,0,0.0,0.4302685973038303,0.0
MF,c1,454,0.28375,7.251829229181281e-10,1.0001144200141647,0.4300622156103877,4096,0,0,1.0,0.0,0.0,0,0.0,0.4300622156103877,0.0
MF,c1,455,0.284375,7.55005739841034e-10,1.0001131122795777,0.4298558546777167,4096,0,0,1.0,0.0,0.0,0,0.0,0.4298558546777167,0.0
MF,c1,456,0.28500000000000003,7.863711679013129e-10,1.0001119961963867,0.42964951631164106,4096,0,0,1.0,0.0,0.0,0,0.0,0.42964951631164106,0.0
MF,c1,457,0.285625,8.193631596857823e-10,1.0001114011609176,0.4294432023156339,4096,0,0,1.0,0.0,0.0,0,0.0,0.4294432023156339,0.0
MF,c1,458,0.28625,8.540699501314603e-10,1.000110788091493,0.4292369144907666,4096,0,0,1.0,0.0,0.0,0,0.0,0.4292369144907666,0.0
MF,c1,459,0.286875,8.905842530290496e-10,1.0001101566323378,0.4290306546356573,4096,0,0,1.0,0.0,0.0,0,0.0,0.4290306546356573,0.0
MF,c1,460,0.28750000000000003,9.182264552321367e-10,1.0001095064203278,0.42882442454641956,4096,0,0,1.0,0.0,0.0,0,0.0,0.42882442454641956,0.0
MF,c1,461,0.288125,9.443232980870186e-10,1.0001088370849178,0.4286182260166098,4096,0,0,1.0,0.0,0.0,0,0.0,0.4286182260166098,0.0
MF,c1,462,0.28875,9.715257013013879e-10,1.0001081482480687,0.42841206083717537,4096,0,0,1.0,0.0,0.0,0,0.0,0.42841206083717537,0.0
MF,c1,463,0.289375,9.998929989919378e-10,1.0001074395241776,0.4282059307964021,4096,0,0,1.0,0.0,0.0,0,0.0,0.4282059307964021,0.0
MF,c1,464,0.29,1.0294876227419109e-09,1.0001067105200097,0.42799983767986105,4096,0,0,1.0,0.0,0.0,0,0.0,0.42799983767986105,0.0
MF,c1,465,0.290625,1.0603752459196214e-09,1.00010596083463,0.4277937832703559,4096,0,0,1.0,0.0,0.0,0,0.0,0.4277937832703559,0.0
MF,c1,466,0.29125,1.0926249339003151e-09,1.0001051900593407,0.427587769347869,4096,0,0,1.0,0.0,0.0,0,0.0,0.427587769347869,0.0
MF,c1,467,0.291875,1.1263093003980697e-09,1.0001043977775923,0.4273817976895081,4096,0,0,1.0,0.0,0.0,0,0.0,0.4273817976895081,0.0
MF,c1,468,0.2925,1.161504670121483e-09,1.0001035835649914,0.4271758700694522,4096,0,0,1.0,0.0,0.0,0,0.0,0.4271758700694522,0.0
MF,c1,469,0.293125,1.1982912479695987e-09,1.0001027469891712,0.42696998825889737,4096,0,0,1.0,0.0,0.0,0,0.0,0.42696998825889737,0.0
MF,c1,470,0.29375,1.2367532949946676e-09,1.0001018876097583,0.42676415402600254,4096,0,0,1.0,0.0,0.0,0,0.0,0.42676415402600254,0.0
MF,c1,471,0.294375,1.2769793113612885e-09,1.0001010049783157,0.4265583691358346,4096,0,0,1.0,0.0,0.0,0,0.0,0.4265583691358346,0.0
MF,c1,472,0.295,1.319062226538863e-09,1.000100098638287,0.42635263535031354,4096,0,0,1.0,0.0,0.0,0,0.0,0.42635263535031354,0.0
MF,c1,473,0.295625,1.3630995969703504e-09,1.0000991681249483,0.426146954428157,4096,0,0,1.0,0.0,0.0,0,0.0,0.426146954428157,0.0
MF,c1,474,0.29625,1.4091938114666495e-09,1.0000982129653544,0.42594132812482555,4096,0,0,1.0,0.0,0.0,0,0.0,0.42594132812482555,0.0
MF,c1,475,0.296875,1.4574523045823693e-09,1.0000972326782929,0.42573575819246656,4096,0,0,1.0,0.0,0.0,0,0.0,0.42573575819246656,0.0
MF,c1,476,0.2975,1.5079877782352798e-09,1.0000970866946028,0.42553024637985837,4096,0,0,1.0,0.0,0.0,0,0.0,0.42553024637985837,0.0
MF,c1,477,0.29812500000000003,1.560918431838352e-09,1.0000971540532975,0.4253247944323545,4096,0,0,1.0,0.0,0.0,0,0.0,0.4253247944323545,0.0
MF,c1,478,0.29875,1.6163682012199898e-09,1.0000972139026012,0.42511940409182725,4096,0,0,1.0,0.0,0.0,0,0.0,0.42511940409182725,0.0
MF,c1,479,0.299375,1.674467006614848e-09,1.0000972661759917,0.42491407709661155,4096,0,0,1.0,0.0,0.0,0,0.0,0.42491407709661155,0.0
MF,c1,480,0.3,1.7353510100144957e-09,1.000097310807606,0.42470881518144776,4096,0,0,1.0,0.0,0.0,0,0.0,0.42470881518144776,0.0
MF,c1,481,0.30062500000000003,1.7991628821741398e-09,1.000097347732261,0.42450362007742554,4096,0,0,1.0,0.0,0.0,0,0.0,0.42450362007742554,0.0
MF,c1,482,0.30125,1.8660520795786354e-09,1.000097376885472,0.4242984935119265,4096,0,0,1.0,0.0,0.0,0,0.0,0.4242984935119265,0.0
MF,c1,483,0.301875,1.9361751316779183e-09,1.000097398203408,0.42409343720856707,4096,0,0,1.0,0.0,0.0,0,0.0,0.42409343720856707,0.0
MF,c1,484,0.3025,2.0096959387103612e-09,1.0000974116231118,0.4238884528871413,4096,0,0,1.0,0.0,0.0,0,0.0,0.4238884528871413,0.0
MF,c1,485,0.30312500000000003,2.0867860804368158e-09,1.0000974170823154,0.4236835422635636,4096,0,0,1.0,0.0,0.0,0,0.0,0.4236835422635636,0.0
MF,c1,486,0.30375,2.142016637442506e-09,1.0000974145195298,0.4234787070498107,4096,0,0,1.0,0.0,0.0,0,0.0,0.4234787070498107,0.0
MF,c1,487,0.304375,2.1959691441522665e-09,1.0000974038740633,0.4232739489538644,4096,0,0,1.0,0.0,0.0,0,0.0,0.4232739489538644,0.0
MF,c1,488,0.305,2.2520796175777624e-09,1.0000973850860422,0.4230692696796533,4096,0,0,1.0,0.0,0.0,0,0.0,0.4230692696796533,0.0
MF,c1,489,0.305625,2.3104582036382267e-09,1.0000973835491411,0.42286467092699537,4096,0,0,1.0,0.0,0.0,0,0.0,0.42286467092699537,0.0
MF,c1,490,0.30625,2.3712203810453417e-09,1.0000973926544836,0.42266015439153926,4096,0,0,1.0,0.0,0.0,0,0.0,0.42266015439153926,0.0
MF,c1,491,0.306875,2.434487188208243e-09,1.000097395379081,0.4224557217647066,4096,0,0,1.0,0.0,0.0,0,0.0,0.4224557217647066,0.0
MF,c1,492,0.3075,2.5003854585304945e-09,1.0000973916880431,0.4222513747336333,4096,0,0,1.0,0.0,0.0,0,0.0,0.4222513747336333,0.0
MF,c1,493,0.308125,2.5690480643604243e-09,1.0000973815471985,0.4220471149811118,4096,0,0,1.0,0.0,0.0,0,0.0,0.4220471149811118,0.0
MF,c1,494,0.30875,2.640614169862396e-09,1.0000973649231033,0.42184294418553203,4096,0,0,1.0,0.0,0.0,0,0.0,0.42184294418553203,0.0
MF,c1,495,0.309375,2.7152294930827846e-09,1.0000973417830568,0.42163886402082335,4096,0,0,1.0,0.0,0.0,0,0.0,0.42163886402082335,0.0
MF,c1,496,0.31,2.7930465774907282e-09,1.0000973120951093,0.42143487615639574,4096,0,0,1.0,0.0,0.0,0,0.0,0.42143487615639574,0.0
MF,c1,497,0.310625,2.874225073280058e-09,1.0000972758280755,0.4212309822570812,4096,0,0,1.0,0.0,0.0,0,0.0,0.4212309822570812,0.0
MF,c1,498,0.31125,2.9589320287248105e-09,1.000097232951488,0.4210271839830752,4096,0,0,1.0,0.0,0.0,0,0.0,0.4210271839830752,0.0
MF,c1,499,0.311875,3.047342191889669e-09,1.0000971834357786,0.42082348298987815,4096,0,0,1.0,0.0,0.0,0,0.0,0.42082348298987815,0.0
MF,c1,500,0.3125,3.1396383229970008e-09,1.000097127252117,0.4206198809282364,4096,0,0,1.0,0.0,0.0,0,0.0,0.4206198809282364,0.0
MF,c1,501,0.313125,3.2360115177669536e-09,1.000097064372481,0.4204163794440835,4096,0,0,1.0,0.0,0.0,0,0.0,0.4204163794440835,0.0
MF,c1,502,0.31375000000000003,3.3366615420475394e-09,1.0000969947696647,0.4202129801784821,4096,0,0,1.0,0.0,0.0,0,0.0,0.4202129801784821,0.0
MF,c1,503,0.314375,3.4417971780607322e-09,1.0000969184172896,0.4200096847675644,4096,0,0,1.0,0.0,0.0,0,0.0,0.4200096847675644,0.0
MF,c1,504,0.315,3.5516365825969063e-09,1.0000968352898145,0.41980649484247406,4096,0,0,1.0,0.0,0.0,0,0.0,0.41980649484247406,0.0
MF,c1,505,0.315625,3.6664076574966622e-09,1.000096745362544,0.4196034120293074,4096,0,0,1.0,0.0,0.0,0,0.0,0.4196034120293074,0.0
MF,c1,506,0.31625000000000003,3.7863484327658675e-09,1.0000966486116405,0.4194004379490545,4096,0,0,1.0,0.0,0.0,0,0.0,0.4194004379490545,0.0
MF,c1,507,0.316875,3.911707462676507e-09,1.0000965450141315,0.41919757421754106,4096,0,0,1.0,0.0,0.0,0,0.0,0.41919757421754106,0.0
MF,c1,508,0.3175,4.042744235212785e-09,1.0000964345479204,0.4189948224453697,4096,0,0,1.0,0.0,0.0,0,0.0,0.4189948224453697,0.0
MF,c1,509,0.318125,4.179729595228715e-09,1.0000963171917931,0.418792184237861,4096,0,0,1.0,0.0,0.0,0,0.0,0.418792184237861,0.0
MF,c1,510,0.31875000000000003,4.3229461816903475e-09,1.0000961929254306,0.4185896611949962,4096,0,0,1.0,0.0,0.0,0,0.0,0.4185896611949962,0.0
MF,c1,511,0.319375,4.456461750245886e-09,1.0000960617294135,0.4183872549113579,4096,0,0,1.0,0.0,0.0,0,0.0,0.4183872549113579,0.0
MF,c1,512,0.32,4.555219292171863e-09,1.0000959235851818,0.41818496697607244,4096,0,0,1.0,0.0,0.0,0,0.0,0.41818496697607244,0.0
MF,c1,513,0.320625,4.657707072027872e-09,1.000095778475196,0.41798279897275137,4096,0,0,1.0,0.0,0.0,0,0.0,0.41798279897275137,0.0
MF,c1,514,0.32125,4.764107181299062e-09,1.00009562638279,0.41778075247943386,4096,0,0,1.0,0.0,0.0,0,0.0,0.41778075247943386,0.0
MF,c1,515,0.321875,4.874609935315927e-09,1.0000954672922326,0.4175788290685287,4096,0,0,1.0,0.0,0.0,0,0.0,0.4175788290685287,0.0
MF,c1,516,0.3225,4.989414194909723e-09,1.0000953011887315,0.4173770303067565,4096,0,0,1.0,0.0,0.0,0,0.0,0.4173770303067565,0.0
MF,c1,517,0.323125,5.108727698903153e-09,1.0000951280584434,0.41717535775509224,4096,0,0,1.0,0.0,0.0,0,0.0,0.41717535775509224,0.0
MF,c1,518,0.32375,5.232767407738072e-09,1.00009494788848,0.4169738129687077,4096,0,0,1.0,0.0,0.0,0,0.0,0.4169738129687077,0.0
MF,c1,519,0.324375,5.361759858547867e-09,1.000094760666914,0.4167723974969145,4096,0,0,1.0,0.0,0.0,0,0.0,0.4167723974969145,0.0
MF,c1,520,0.325,5.495941531988174e-09,1.0000945663827865,0.4165711128831066,4096,0,0,1.0,0.0,0.0,0,0.0,0.4165711128831066,0.0
MF,c1,521,0.325625,5.635559231145551e-09,1.0000943650261127,0.41636996066470394,4096,0,0,1.0,0.0,0.0,0,0.0,0.41636996066470394,0.0
MF,c1,522,0.32625,5.780870472849743e-09,1.0000941565878878,0.4161689423730953,4096,0,0,1.0,0.0,0.0,0,0.0,0.4161689423730953,0.0
MF,c1,523,0.326875,5.9321438917212184e-09,1.0000939410600933,0.41596805953358196,4096,0,0,1.0,0.0,0.0,0,0.0,0.41596805953358196,0.0
MF,c1,524,0.3275,6.089659657291674e-09,1.0000937184357008,0.41576731366532155,4096,0,0,1.0,0.0,0.0,0,0.0,0.41576731366532155,0.0
MF,c1,525,0.328125,6.2537099045412235e-09,1.000093488708679,0.41556670628127196,4096,0,0,1.0,0.0,0.0,0,0.0,0.41556670628127196,0.0
MF,c1,526,0.32875,6.424599178201394e-09,1.0000932518739531,0.41536623888813556,4096,0,0,1.0,0.0,0.0,0,0.0,0.41536623888813556,0.0
MF,c1,527,0.32937500000000003,6.602644891183117e-09,1.0000930079275434,0.41516591298630356,4096,0,0,1.0,0.0,0.0,0,0.0,0.41516591298630356,0.0
MF,c1,528,0.33,6.788177797484775e-09,1.0000927568664373,0.41496573006980086,4096,0,0,1.0,0.0,0.0,0,0.0,0.41496573006980086,0.0
MF,c1,529,0.330625,6.981542479954956e-09,1.000092498688633,0.414765691626231,4096,0,0,1.0,0.0,0.0,0,0.0,0.414765691626231,0.0
MF,c1,530,0.33125,7.18309785328037e-09,1.0000922333931501,0.4145657991367213,4096,0,0,1.0,0.0,0.0,0,0.0,0.4145657991367213,0.0
MF,c1,531,0.33187500000000003,7.393217682579455e-09,1.0000919609800267,0.4143660540758688,4096,0,0,1.0,0.0,0.0,0,0.0,0.4143660540758688,0.0
MF,c1,532,0.3325,7.612291117987439e-09,1.0000916814503278,0.4141664579116855,4096,0,0,1.0,0.0,0.0,0,0.0,0.4141664579116855,0.0
MF,c1,533,0.333125,7.840723245624563e-09,1.0000913948061447,0.4139670121055452,4096,0,0,1.0,0.0,0.0,0,0.0,0.4139670121055452,0.0
MF,c1,534,0.33375,8.078935655345063e-09,1.0000911010506002,0.4137677181121295,4096,0,0,1.0,0.0,0.0,0,0.0,0.4137677181121295,0.0
MF,c1,535,0.33437500000000003,8.327367025670268e-09,1.0000908001878486,0.41356857737937486,4096,0,0,1.0,0.0,0.0,0,0.0,0.41356857737937486,0.0
MF,c1,536,0.335,8.586473726315072e-09,1.0000904922230796,0.4133695913484198,4096,0,0,1.0,0.0,0.0,0,0.0,0.4133695913484198,0.0
MF,c1,537,0.335625,8.756435840951228e-09,1.0000901771625204,0.4131707614535521,4096,0,0,1.0,0.0,0.0,0,0.0,0.4131707614535521,0.0
MF,c1,538,0.33625,8.930922438674713e-09,1.0000899588719279,0.41297208912215716,4096,0,0,1.0,0.0,0.0,0,0.0,0.41297208912215716,0.0
MF,c1,539,0.336875,9.111762149113494e-09,1.000089739768856,0.4127735757746658,4096,0,0,1.0,0.0,0.0,0,0.0,0.4127735757746658,0.0
MF,c1,540,0.3375,9.299251046108525e-09,1.0000895155810456,0.4125752228245032,4096,0,0,1.0,0.0,0.0,0,0.0,0.4125752228245032,0.0
MF,c1,541,0.338125,9.493697605418258e-09,1.0000892863207114,0.41237703167803774,4096,0,0,1.0,0.0,0.0,0,0.0,0.41237703167803774,0.0
MF,c1,542,0.33875,9.69542314890175e-09,1.0000890520007617,0.41217900373453054,4096,0,0,1.0,0.0,0.0,0,0.0,0.41217900373453054,0.0
MF,c1,543,0.339375,9.90476230227294e-09,1.0000888126347964,0.41198114038608524,4096,0,0,1.0,0.0,0.0,0,0.0,0.41198114038608524,0.0
MF,c1,544,0.34,1.012206346676178e-08,1.0000885682371041,0.41178344301759817,4096,0,0,1.0,0.0,0.0,0,0.0,0.41178344301759817,0.0
MF,c1,545,0.340625,1.0347689305021507e-08,1.0000883188226617,0.41158591300670927,4096,0,0,1.0,0.0,0.0,0,0.0,0.41158591300670927,0.0
MF,c1,546,0.34125,1.0582017241626786e-08,1.0000880644071304,0.4113885517237527,4096,0,0,1.0,0.0,0.0,0,0.0,0.4113885517237527,0.0
MF,c1,547,0.341875,1.0825439978512439e-08,1.0000878050068556,0.41119136053170924,4096,0,0,1.0,0.0,0.0,0,0.0,0.41119136053170924,0.0
MF,c1,548,0.3425,1.107836602570771e-08,1.000087540638862,0.4109943407861574,4096,0,0,1.0,0.0,0.0,0,0.0,0.4109943407861574,0.0
MF,c1,549,0.343125,1.1341220247726126e-08,1.0000872713208526,0.4107974938352264,4096,0,0,1.0,0.0,0.0,0,0.0,0.4107974938352264,0.0
MF,c1,550,0.34375,1.1614444425975953e-08,1.0000869970712054,0.4106008210195495,4096,0,0,1.0,0.0,0.0,0,0.0,0.4106008210195495,0.0
MF,c1,551,0.344375,1.1898497837561431e-08,1.0000867179089683,0.4104043236722163,4096,0,0,1.0,0.0,0.0,0,0.0,0.4104043236722163,0.0
MF,c1,552,0.34500000000000003,1.2193857850848739e-08,1.0000864338538282,0.41020800311872807,4096,0,0,1.0,0.0,0.0,0,0.0,0.41020800311872807,0.0
MF,c1,553,0.345625,1.2501020538181638e-08,1.0000861449261975,0.41001186067695106,4096,0,0,1.0,0.0,0.0,0,0.0,0.41001186067695106,0.0
MF,c1,554,0.34625,1.282050130612147e-08,1.000085851147118,0.40981589765707216,4096,0,0,1.0,0.0,0.0,0,0.0,0.40981589765707216,0.0
MF,c1,555,0.346875,1.3152835543611122e-08,1.0000855525382883,0.40962011536155407,4096,0,0,1.0,0.0,0.0,0,0.0,0.40962011536155407,0.0
MF,c1,556,0.34750000000000003,1.3498579288452003e-08,1.0000852491220589,0.4094245150850913,4096,0,0,1.0,0.0,0.0,0,0.0,0.4094245150850913,0.0
MF,c1,557,0.348125,1.3858309912493859e-08,1.0000849409214283,0.4092290981145668,4096,0,0,1.0,0.0,0.0,0,0.0,0.4092290981145668,0.0
MF,c1,558,0.34875,1.4232626825940572e-08,1.0000846279600393,0.40903386572900896,4096,0,0,1.0,0.0,0.0,0,0.0,0.40903386572900896,0.0
MF,c1,559,0.349375,1.462215220117969e-08,1.0000843102621724,0.40883881919954956,4096,0,0,1.0,0.0,0.0,0,0.0,0.40883881919954956,0.0
MF,c1,560,0.35000000000000003,1.5027531716547575e-08,1.000083987852742,0.40864395978938134,4096,0,0,1.0,0.0,0.0,0,0.0,0.40864395978938134,0.0
MF,c1,561,0.350625,1.5449435320446323e-08,1.00008366075729,0.4084492887537172,4096,0,0,1.0,0.0,0.0,0,0.0,0.4084492887537172,0.0
MF,c1,562,0.35125,1.5732825330168853e-08,1.0000833290019822,0.4082548073397497,4096,0,0,1.0,0.0,0.0,0,0.0,0.4082548073397497,0.0
MF,c1,563,0.351875,1.6011986940176145e-08,1.000082992613601,0.4080605167866104,4096,0,0,1.0,0.0,0.0,0,0.0,0.4080605167866104,0.0
MF,c1,564,0.3525,1.6300930400638477e-08,1.0000826516195407,0.4078664183253309,4096,0,0,1.0,0.0,0.0,0,0.0,0.4078664183253309,0.0
MF,c1,565,0.353125,1.660009311637371e-08,1.000082306047801,0.40767251317880376,4096,0,0,1.0,0.0,0.0,0,0.0,0.40767251317880376,0.0
MF,c1,566,0.35375,1.6909929587720548e-08,1.0000819559269567,0.40747880256174396,4096,0,0,1.0,0.0,0.0,0,0.0,0.40747880256174396,0.0
MF,c1,567,0.354375,1.7230911974949082e-08,1.0000816012862244,0.4072852876806519,4096,0,0,1.0,0.0,0.0,0,0.0,0.4072852876806519,0.0
MF,c1,568,0.355,1.7563530678414178e-08,1.0000812421553826,0.40709196973377554,4096,0,0,1.0,0.0,0.0,0,0.0,0.40709196973377554,0.0
MF,c1,569,0.355625,1.7908294934816542e-08,1.0000808785647894,0.4068988499110745,4096,0,0,1.0,0.0,0.0,0,0.0,0.4068988499110745,0.0
MF,c1,570,0.35625,1.8265733429909538e-08,1.0000805105453754,0.40670592939418415,4096,0,0,1.0,0.0,0.0,0,0.0,0.40670592939418415,0.0
MF,c1,571,0.356875,1.8636394928006116e-08,1.000080138128636,0.4065132093563803,4096,0,0,1.0,0.0,0.0,0,0.0,0.4065132093563803,0.0
MF,c1,572,0.3575,1.9020848918642168e-08,1.0000797613466264,0.40632069096254486,4096,0,0,1.0,0.0,0.0,0,0.0,0.40632069096254486,0.0
MF,c1,573,0.358125,1.9419686280756456e-08,1.0000793802319512,0.406128375369132,4096,0,0,1.0,0.0,0.0,0,0.0,0.406128375369132,0.0
MF,c1,574,0.35875,1.9833519964750992e-08,1.000078994817759,0.4059362637241347,4096,0,0,1.0,0.0,0.0,0,0.0,0.4059362637241347,0.0
MF,c1,575,0.359375,2.026298569279942e-08,1.0000786051377335,0.40574435716705254,4096,0,0,1.0,0.0,0.0,0,0.0,0.40574435716705254,0.0
MF,c1,576,0.36,2.0708742677774632e-08,1.0000782112260849,0.4055526568288596,4096,0,0,1.0,0.0,0.0,0,0.0,0.4055526568288596,0.0
MF,c1,577,0.36062500000000003,2.1171474361170118e-08,1.0000778896558729,0.4053611638319733,4096,0,0,1.0,0.0,0.0,0,0.0,0.4053611638319733,0.0
MF,c1,578,0.36125,2.165188917039308e-08,1.0000776144159587,0.40516987929022397,4096,0,0,1.0,0.0,0.0,0,0.0,0.40516987929022397,0.0
MF,c1,579,0.361875,2.215072129580942e-08,1.0000773363304665,0.4049788043088248,4096,0,0,1.0,0.0,0.0,0,0.0,0.4049788043088248,0.0
MF,c1,580,0.3625,2.266873148793065e-08,1.000077243579369,0.40478793998434326,4096,0,0,1.0,0.0,0.0,0,0.0,0.40478793998434326,0.0
MF,c1,581,0.36312500000000003,2.3206707875118333e-08,1.0000774661835377,0.4045972874046716,4096,0,0,1.0,0.0,0.0,0,0.0,0.4045972874046716,0.0
MF,c1,582,0.36375,2.376546680220827e-08,1.0000776791749313,0.4044068476490003,4096,0,0,1.0,0.0,0.0,0,0.0,0.4044068476490003,0.0
MF,c1,583,0.364375,2.434585369044121e-08,1.0000778822037808,0.4042166217877904,4096,0,0,1.0,0.0,0.0,0,0.0,0.4042166217877904,0.0
MF,c1,584,0.365,2.494874391909689e-08,1.0000780749107054,0.40402661088274694,4096,0,0,1.0,0.0,0.0,0,0.0,0.40402661088274694,0.0
MF,c1,585,0.36562500000000003,2.5575043729229282e-08,1.000078256926487,0.4038368159867939,4096,0,0,1.0,0.0,0.0,0,0.0,0.4038368159867939,0.0
MF,c1,586,0.36625,2.6212208763517077e-08,1.0000784278718395,0.40364723814404896,4096,0,0,1.0,0.0,0.0,0,0.0,0.40364723814404896,0.0
MF,c1,587,0.366875,2.662113509257602e-08,1.0000785873571774,0.4034578783897994,4096,0,0,1.0,0.0,0.0,0,0.0,0.4034578783897994,0.0
MF,c1,588,0.3675,2.7043831970804862e-08,1.0000787349823765,0.40326873775047856,4096,0,0,1.0,0.0,0.0,0,0.0,0.40326873775047856,0.0
MF,c1,589,0.368125,2.748089436872054e-08,1.0000788703365373,0.4030798172436433,4096,0,0,1.0,0.0,0.0,0,0.0,0.4030798172436433,0.0
MF,c1,590,0.36875,2.7932939087829968e-08,1.000078992997738,0.4028911178779517,4096,0,0,1.0,0.0,0.0,0,0.0,0.4028911178779517,0.0
MF,c1,591,0.369375,2.8400605429200684e-08,1.0000791025327875,0.40270264065314193,4096,0,0,1.0,0.0,0.0,0,0.0,0.40270264065314193,0.0
MF,c1,592,0.37,2.8884555879204202e-08,1.0000791984969755,0.4025143865600119,4096,0,0,1.0,0.0,0.0,0,0.0,0.4025143865600119,0.0
MF,c1,593,0.370625,2.9385476812766363e-08,1.000079307896483,0.4023263565803993,4096,0,0,1.0,0.0,0.0,0,0.0,0.4023263565803993,0.0
MF,c1,594,0.37125,2.990407921445942e-08,1.0000795588010998,0.4021385516871624,4096,0,0,1.0,0.0,0.0,0,0.0,0.4021385516871624,0.0
MF,c1,595,0.371875,3.044109941778852e-08,1.0000798002741578,0.4019509728441621,4096,0,0,1.0,0.0,0.0,0,0.0,0.4019509728441621,0.0
MF,c1,596,0.3725,3.09972998629889e-08,1.0000800319649934,0.401763621006244,4096,0,0,1.0,0.0,0.0,0,0.0,0.401763621006244,0.0
MF,c1,597,0.373125,3.157346987370494e-08,1.0000802535133833,0.4015764971192218,4096,0,0,1.0,0.0,0.0,0,0.0,0.4015764971192218,0.0
MF,c1,598,0.37375,3.217042645288486e-08,1.0000804645493266,0.4013896021198613,4096,0,0,1.0,0.0,0.0,0,0.0,0.4013896021198613,0.0
MF,c1,599,0.374375,3.278901509824304e-08,1.0000806646928184,0.4012029369358649,4096,0,0,1.0,0.0,0.0,0,0.0,0.4012029369358649,0.0
MF,c1,600,0.375,3.343011063764125e-08,1.0000808535536192,0.40101650248585724,4096,0,0,1.0,0.0,0.0,0,0.0,0.40101650248585724,0.0
MF,c1,601,0.375625,3.409461808474204e-08,1.0000810307310235,0.4008302996793711,4096,0,0,1.0,0.0,0.0,0,0.0,0.4008302996793711,0.0
MF,c1,602,0.37625000000000003,3.4783473515289254e-08,1.0000811958136244,0.40064432941683503,4096,0,0,1.0,0.0,0.0,0,0.0,0.40064432941683503,0.0
MF,c1,603,0.376875,3.549764496437235e-08,1.0000813483790734,0.40045859258956007,4096,0,0,1.0,0.0,0.0,0,0.0,0.40045859258956007,0.0
MF,c1,604,0.3775,3.623813334503245e-08,1.0000814879938351,0.4002730900797291,4096,0,0,1.0,0.0,0.0,0,0.0,0.4002730900797291,0.0
MF,c1,605,0.378125,3.700597338856954e-08,1.0000816142129432,0.4000878227603858,4096,0,0,1.0,0.0,0.0,0,0.0,0.4000878227603858,0.0
MF,c1,606,0.37875000000000003,3.7802234606911433e-08,1.000081726579748,0.39990279149542435,4096,0,0,1.0,0.0,0.0,0,0.0,0.39990279149542435,0.0
MF,c1,607,0.379375,3.862802227740571e-08,1.0000818246256642,0.3997179971395806,4096,0,0,1.0,0.0,0.0,0,0.0,0.3997179971395806,0.0
MF,c1,608,0.38,3.948447845039708e-08,1.0000819078699117,0.3995334405384235,4096,0,0,1.0,0.0,0.0,0,0.0,0.3995334405384235,0.0
MF,c1,609,0.380625,4.037278297995295e-08,1.0000819758192554,0.39934912252834703,4096,0,0,1.0,0.0,0.0,0,0.0,0.39934912252834703,0.0
MF,c1,610,0.38125000000000003,4.129415457810031e-08,1.000082027967673,0.3991650439365639,4096,0,0,1.0,0.0,0.0,0,0.0,0.3991650439365639,0.0
MF,c1,611,0.381875,4.211405045608881e-08,1.0000822371716642,0.3989812055810987,4096,0,0,1.0,0.0,0.0,0,0.0,0.3989812055810987,0.0
MF,c1,612,0.3825,4.2704090283368293e-08,1.000082466808629,0.3987976082707828,4096,0,0,1.0,0.0,0.0,0,0.0,0.3987976082707828,0.0
MF,c1,613,0.383125,4.3313546529273594e-08,1.0000826854966978,0.39861425280524954,4096,0,0,1.0,0.0,0.0,0,0.0,0.39861425280524954,0.0
MF,c1,614,0.38375000000000004,4.394322546696644e-08,1.0000828928392256,0.39843113997493057,4096,0,0,1.0,0.0,0.0,0,0.0,0.39843113997493057,0.0
MF,c1,615,0.384375,4.4593960989923855e-08,1.0000830884290386,0.39824827056105216,4096,0,0,1.0,0.0,0.0,0,0.0,0.39824827056105216,0.0
MF,c1,616,0.385,4.5266615393887444e-08,1.0000832718482044,0.3980656453356333,4096,0,0,1.0,0.0,0.0,0,0.0,0.3980656453356333,0.0
MF,c1,617,0.385625,4.5962080177200177e-08,1.000083442667791,0.3978832650614838,4096,0,0,1.0,0.0,0.0,0,0.0,0.3978832650614838,0.0
MF,c1,618,0.38625,4.6681276859843277e-08,1.0000836004476277,0.3977011304922034,4096,0,0,1.0,0.0,0.0,0,0.0,0.3977011304922034,0.0
MF,c1,619,0.386875,4.74251578214876e-08,1.000083744736061,0.3975192423721817,4096,0,0,1.0,0.0,0.0,0,0.0,0.3975192423721817,0.0
MF,c1,620,0.3875,4.819470715887459e-08,1.0000838750697076,0.39733760143659846,4096,0,0,1.0,0.0,0.0,0,0.0,0.39733760143659846,0.0
MF,c1,621,0.388125,4.899094156284301e-08,1.0000839909731996,0.39715620841142557,4096,0,0,1.0,0.0,0.0,0,0.0,0.39715620841142557,0.0
MF,c1,622,0.38875,4.981491121531843e-08,1.000084091958933,0.3969750640134283,4096,0,0,1.0,0.0,0.0,0,0.0,0.3969750640134283,0.0
MF,c1,623,0.389375,5.066770070658313e-08,1.0000841775268103,0.39679416895016895,4096,0,0,1.0,0.0,0.0,0,0.0,0.39679416895016895,0.0
MF,c1,624,0.39,5.155042997314446e-08,1.000084247163975,0.3966135239200096,4096,0,0,1.0,0.0,0.0,0,0.0,0.3966135239200096,0.0
MF,c1,625,0.390625,5.2464255256520266e-08,1.0000843003445496,0.39643312961211724,4096,0,0,1.0,0.0,0.0,0,0.0,0.39643312961211724,0.0
MF,c1,626,0.39125,5.3410370083259824e-08,1.0000843365293663,0.39625298670646814,4096,0,0,1.0,0.0,0.0,0,0.0,0.39625298670646814,0.0
MF,c1,627,0.39187500000000003,5.439000626651904e-08,1.0000843551656953,0.3960730958738541,4096,0,0,1.0,0.0,0.0,0,0.0,0.3960730958738541,0.0
MF,c1,628,0.3925,5.5404434929508264e-08,1.0000845164637446,0.39589345777588836,4096,0,0,1.0,0.0,0.0,0,0.0,0.39589345777588836,0.0
MF,c1,629,0.393125,5.645496755113087e-08,1.000084730773293,0.39571407306501344,4096,0,0,1.0,0.0,0.0,0,0.0,0.39571407306501344,0.0
MF,c1,630,0.39375,5.754295703412939e-08,1.0000849329930024,0.39553494238450904,4096,0,0,1.0,0.0,0.0,0,0.0,0.39553494238450904,0.0
MF,c1,631,0.39437500000000003,5.8669798796059474e-08,1.0000851226922416,0.39535606636849996,4096,0,0,1.0,0.0,0.0,0,0.0,0.39535606636849996,0.0
MF,c1,632,0.395,5.98369318833998e-08,1.0000852994291407,0.39517744564196633,4096,0,0,1.0,0.0,0.0,0,0.0,0.39517744564196633,0.0
MF,c1,633,0.395625,6.104584010912123e-08,1.0000854627504057,0.39499908082075347,4096,0,0,1.0,0.0,0.0,0,0.0,0.39499908082075347,0.0
MF,c1,634,0.39625,6.229805321402364e-08,1.0000856121910715,0.3948209725115822,4096,0,0,1.0,0.0,0.0,0,0.0,0.3948209725115822,0.0
MF,c1,635,0.39687500000000003,6.359514805215337e-08,1.000085747274259,0.394643121312061,4096,0,0,1.0,0.0,0.0,0,0.0,0.394643121312061,0.0
MF,c1,636,0.3975,6.450860607873671e-08,1.0000858675109223,0.39446552781069777,4096,0,0,1.0,0.0,0.0,0,0.0,0.39446552781069777,0.0
MF,c1,637,0.398125,6.532343514277317e-08,1.0000859723995967,0.394288192586913,4096,0,0,1.0,0.0,0.0,0,0.0,0.394288192586913,0.0
MF,c1,638,0.39875,6.616461442531344e-08,1.0000860614261409,0.39411111621105294,4096,0,0,1.0,0.0,0.0,0,0.0,0.39411111621105294,0.0
MF,c1,639,0.39937500000000004,6.703319538396076e-08,1.000086134063478,0.39393429924440426,4096,0,0,1.0,0.0,0.0,0,0.0,0.39393429924440426,0.0
MF,c1,640,0.4,6.793026312324738e-08,1.000086189771329,0.39375774223920873,4096,0,0,1.0,0.0,0.0,0,0.0,0.39375774223920873,0.0
MF,c1,641,0.400625,6.885693727651843e-08,1.0000862279959501,0.3935814457386791,4096,0,0,1.0,0.0,0.0,0,0.0,0.3935814457386791,0.0
MF,c1,642,0.40125,6.981437290680459e-08,1.0000862481698582,0.393405410277015,4096,0,0,1.0,0.0,0.0,0,0.0,0.393405410277015,0.0
MF,c1,643,0.401875,7.080376142696278e-08,1.0000862497115606,0.39322963637942004,4096,0,0,1.0,0.0,0.0,0,0.0,0.39322963637942004,0.0
MF,c1,644,0.4025,7.182633153936176e-08,1.0000862320252755,0.3930541245621198,4096,0,0,1.0,0.0,0.0,0,0.0,0.3930541245621198,0.0
MF,c1,645,0.403125,7.288335019539056e-08,1.0000863492690282,0.39287887533237925,4096,0,0,1.0,0.0,0.0,0,0.0,0.39287887533237925,0.0
MF,c1,646,0.40375,7.397612357506623e-08,1.0000865452536312,0.3927038891885226,4096,0,0,1.0,0.0,0.0,0,0.0,0.3927038891885226,0.0
MF,c1,647,0.404375,7.510599808701714e-08,1.0000867280629127,0.3925291666199521,4096,0,0,1.0,0.0,0.0,0,0.0,0.3925291666199521,0.0
MF,c1,648,0.405,7.62743613891165e-08,1.000086897235288,0.3923547081071685,4096,0,0,1.0,0.0,0.0,0,0.0,0.3923547081071685,0.0
MF,c1,649,0.405625,7.748264343004033e-08,1.0000870522974274,0.392180514121792,4096,0,0,1.0,0.0,0.0,0,0.0,0.392180514121792,0.0
MF,c1,650,0.40625,7.873231751202199e-08,1.0000871927640147,0.3920065851265835,4096,0,0,1.0,0.0,0.0,0,0.0,0.3920065851265835,0.0
MF,c1,651,0.406875,8.002490137507489e-08,1.0000873181374987,0.3918329215754667,4096,0,0,1.0,0.0,0.0,0,0.0,0.3918329215754667,0.0
MF,c1,652,0.40750000000000003,8.136195830295223e-08,1.000087427907843,0.39165952391355074,4096,0,0,1.0,0.0,0.0,0,0.0,0.39165952391355074,0.0
MF,c1,653,0.408125,8.27450982511115e-08,1.0000875215522733,0.3914863925771536,4096,0,0,1.0,0.0,0.0,0,0.0,0.3914863925771536,0.0
MF,c1,654,0.40875,8.417597899694911e-08,1.0000875985350162,0.39131352799382585,4096,0,0,1.0,0.0,0.0,0,0.0,0.39131352799382585,0.0
MF,c1,655,0.409375,8.565630731256832e-08,1.0000876583070448,0.39114093058237515,4096,0,0,1.0,0.0,0.0,0,0.0,0.39114093058237515,0.0
MF,c1,656,0.41000000000000003,8.718784016034088e-08,1.0000877003058117,0.3909686007528912,4096,0,0,1.0,0.0,0.0,0,0.0,0.3909686007528912,0.0
MF,c1,657,0.410625,8.87723859115219e-08,1.0000877239549424,0.39079653890677174,4096,0,0,1.0,0.0,0.0,0,0.0,0.39079653890677174,0.0
MF,c1,658,0.41125,9.041180558816698e-08,1.0000877286640855,0.3906247454367483,4096,0,0,1.0,0.0,0.0,0,0.0,0.3906247454367483,0.0
MF,c1,659,0.411875,9.21080141286139e-08,1.0000877138285207,0.39045322072691335,4096,0,0,1.0,0.0,0.0,0,0.0,0.39045322072691335,0.0
MF,c1,660,0.41250000000000003,9.364477847861242e-08,1.000087678828921,0.39028196515274727,4096,0,0,1.0,0.0,0.0,0,0.0,0.39028196515274727,0.0
MF,c1,661,0.413125,9.46934263563197e-08,1.0000876230310747,0.3901109790811467,4096,0,0,1.0,0.0,0.0,0,0.0,0.3901109790811467,0.0
MF,c1,662,0.41375,9.577532902419114e-08,1.0000876772528655,0.3899402628704526,4096,0,0,1.0,0.0,0.0,0,0.0,0.3899402628704526,0.0
MF,c1,663,0.414375,9.689177195711023e-08,1.0000878524855767,0.3897698168704793,4096,0,0,1.0,0.0,0.0,0,0.0,0.3897698168704793,0.0
MF,c1,664,0.41500000000000004,9.804407929587663e-08,1.000088013541489,0.3895996414225442,4096,0,0,1.0,0.0,0.0,0,0.0,0.3895996414225442,0.0
MF,c1,665,0.415625,9.923361479090312e-08,1.0000881599318883,0.3894297368594976,4096,0,0,1.0,0.0,0.0,0,0.0,0.3894297368594976,0.0
MF,c1,666,0.41625,1.0046178276464641e-07,1.0000882911558693,0.3892601035057534,4096,0,0,1.0,0.0,0.0,0,0.0,0.3892601035057534,0.0
MF,c1,667,0.416875,1.0173002909300656e-07,1.000088406700086,0.38909074167732005,4096,0,0,1.0,0.0,0.0,0,0.0,0.38909074167732005,0.0
MF,c1,668,0.4175,1.0303984220592874e-07,1.0000885060385043,0.38892165168183224,4096,0,0,1.0,0.0,0.0,0,0.0,0.38892165168183224,0.0
MF,c1,669,0.418125,1.0439275410743972e-07,1.000088588632151,0.3887528338185827,4096,0,0,1.0,0.0,0.0,0,0.0,0.3887528338185827,0.0
MF,c1,670,0.41875,1.0579034141534819e-07,1.0000886539288565,0.3885842883785553,4096,0,0,1.0,0.0,0.0,0,0.0,0.3885842883785553,0.0
MF,c1,671,0.419375,1.0723422642083788e-07,1.0000887013629978,0.38841601564445727,4096,0,0,1.0,0.0,0.0,0,0.0,0.38841601564445727,0.0
MF,c1,672,0.42,1.0872607816817863e-07,1.0000887303552357,0.38824801589075364,4096,0,0,1.0,0.0,0.0,0,0.0,0.38824801589075364,0.0
MF,c1,673,0.420625,1.102676135547788e-07,1.0000887403122516,0.3880802893837005,4096,0,0,1.0,0.0,0.0,0,0.0,0.3880802893837005,0.0
MF,c1,674,0.42125,1.1186059845180005e-07,1.0000887306264792,0.3879128363813796,4096,0,0,1.0,0.0,0.0,0,0.0,0.3879128363813796,0.0
MF,c1,675,0.421875,1.1350684884555214e-07,1.0000887006758337,0.3877456571337335,4096,0,0,1.0,0.0,0.0,0,0.0,0.3877456571337335,0.0
MF,c1,676,0.4225,1.1520823199988266e-07,1.0000886498234383,0.3875787518826007,4096,0,0,1.0,0.0,0.0,0,0.0,0.3875787518826007,0.0
MF,c1,677,0.42312500000000003,1.169666676397739e-07,1.0000885774173458,0.38741212086175136,4096,0,0,1.0,0.0,0.0,0,0.0,0.38741212086175136,0.0
MF,c1,678,0.42375,1.1878412915635481e-07,1.000088482790262,0.3872457642969235,4096,0,0,1.0,0.0,0.0,0,0.0,0.3872457642969235,0.0
MF,c1,679,0.424375,1.2066264483353326e-07,1.000088427140336,0.3870796824058596,4096,0,0,1.0,0.0,0.0,0,0.0,0.3870796824058596,0.0
MF,c1,680,0.425,1.226042990964496e-07,1.0000885797990082,0.3869138753983439,4096,0,0,1.0,0.0,0.0,0,0.0,0.3869138753983439,0.0
MF,c1,681,0.42562500000000003,1.2461123378194837e-07,1.0000887173901456,0.3867483434762393,4096,0,0,1.0,0.0,0.0,0,0.0,0.3867483434762393,0.0
MF,c1,682,0.42625,1.2668564943126132e-07,1.000088839402182,0.3865830868335259,4096,0,0,1.0,0.0,0.0,0,0.0,0.3865830868335259,0.0
MF,c1,683,0.426875,1.2882980660509065e-07,1.0000889453110202,0.3864181056563383,4096,0,0,1.0,0.0,0.0,0,0.0,0.3864181056563383,0.0
MF,c1,684,0.4275,1.310460272212756e-07,1.0000890345797853,0.3862534001230049,4096,0,0,1.0,0.0,0.0,0,0.0,0.3862534001230049,0.0
MF,c1,685,0.42812500000000003,1.32472111254373e-07,1.0000891066585782,0.3860889704040867,4096,0,0,1.0,0.0,0.0,0,0.0,0.3860889704040867,0.0
MF,c1,686,0.42875,1.3381641191165398e-07,1.0000891609842228,0.3859248166624164,4096,0,0,1.0,0.0,0.0,0,0.0,0.3859248166624164,0.0
MF,c1,687,0.429375,1.3520300511932388e-07,1.0000891969800108,0.3857609390531384,4096,0,0,1.0,0.0,0.0,0,0.0,0.3857609390531384,0.0
MF,c1,688,0.43,1.3663346202484568e-07,1.0000892140554445,0.3855973377237486,4096,0,0,1.0,0.0,0.0,0,0.0,0.3855973377237486,0.0
MF,c1,689,0.43062500000000004,1.3810939798077926e-07,1.000089211605977,0.38543401281413486,4096,0,0,1.0,0.0,0.0,0,0.0,0.38543401281413486,0.0
MF,c1,690,0.43125,1.3963247354607037e-07,1.0000891890127463,0.3852709644566177,4096,0,0,1.0,0.0,0.0,0,0.0,0.3852709644566177,0.0
MF,c1,691,0.431875,1.412043955055224e-07,1.0000891456423107,0.3851081927759911,4096,0,0,1.0,0.0,0.0,0,0.0,0.3851081927759911,0.0
MF,c1,692,0.4325,1.4282691790763665e-07,1.0000890808463785,0.3849456978895644,4096,0,0,1.0,0.0,0.0,0,0.0,0.3849456978895644,0.0
MF,c1,693,0.433125,1.4450184312100463e-07,1.0000889939615354,0.3847834799072034,4096,0,0,1.0,0.0,0.0,0,0.0,0.3847834799072034,0.0
MF,c1,694,0.43375,1.4623102290943234e-07,1.0000888843089697,0.38462153893137263,4096,0,0,1.0,0.0,0.0,0,0.0,0.38462153893137263,0.0
MF,c1,695,0.434375,1.480163595259746e-07,1.0000887511941936,0.3844598750571774,4096,0,0,1.0,0.0,0.0,0,0.0,0.3844598750571774,0.0
MF,c1,696,0.435,1.498598068260526e-07,1.000088593906763,0.38429848837240643,4096,0,0,1.0,0.0,0.0,0,0.0,0.38429848837240643,0.0
MF,c1,697,0.435625,1.5176337139982576e-07,1.000088635350835,0.3841373789575747,4096,0,0,1.0,0.0,0.0,0,0.0,0.3841373789575747,0.0
MF,c1,698,0.43625,1.537291137239846e-07,1.0000887483810876,0.3839765468859665,4096,0,0,1.0,0.0,0.0,0,0.0,0.3839765468859665,0.0
MF,c1,699,0.436875,1.5575914933312802e-07,1.0000888450577372,0.3838159922236786,4096,0,0,1.0,0.0,0.0,0,0.0,0.3838159922236786,0.0
MF,c1,700,0.4375,1.5785565001088338e-07,1.000088924838234,0.3836557150296641,4096,0,0,1.0,0.0,0.0,0,0.0,0.3836557150296641,0.0
MF,c1,701,0.438125,1.6002084500092535e-07,1.00008898716703,0.38349571535577615,4096,0,0,1.0,0.0,0.0,0,0.0,0.38349571535577615,0.0
MF,c1,702,0.43875000000000003,1.6225702223804312e-07,1.0000890314753317,0.38333599324681195,4096,0,0,1.0,0.0,0.0,0,0.0,0.38333599324681195,0.0
MF,c1,703,0.439375,1.6456652959940269e-07,1.0000890571808487,0.38317654874055723,4096,0,0,1.0,0.0,0.0,0,0.0,0.38317654874055723,0.0
MF,c1,704,0.44,1.6695177617614517e-07,1.0000890636875426,0.38301738186783046,4096,0,0,1.0,0.0,0.0,0,0.0,0.38301738186783046,0.0
MF,c1,705,0.440625,1.694152335654571e-07,1.0000890503853737,0.382858492652528,4096,0,0,1.0,0.0,0.0,0,0.0,0.382858492652528,0.0
MF,c1,706,0.44125000000000003,1.7195943718324458e-07,1.0000890166500405,0.3826998811116688,4096,0,0,1.0,0.0,0.0,0,0.0,0.3826998811116688,0.0
MF,c1,707,0.441875,1.745869875975364e-07,1.0000889618427191,0.3825415472554395,4096,0,0,1.0,0.0,0.0,0,0.0,0.3825415472554395,0.0
MF,c1,708,0.4425,1.773005518827369e-07,1.0000888853098007,0.3823834910872399,4096,0,0,1.0,0.0,0.0,0,0.0,0.3823834910872399,0.0
MF,c1,709,0.443125,1.7949309070532353e-07,1.000088786382624,0.3822257126037284,4096,0,0,1.0,0.0,0.0,0,0.0,0.3822257126037284,0.0
MF,c1,710,0.44375000000000003,1.8111152025022168e-07,1.0000886643772064,0.38206821179486766,4096,0,0,1.0,0.0,0.0,0,0.0,0.38206821179486766,0.0
MF,c1,711,0.444375,1.8278037613214226e-07,1.0000885185939734,0.3819109886439707,4096,0,0,1.0,0.0,0.0,0,0.0,0.3819109886439707,0.0
MF,c1,712,0.445,1.845014754556931e-07,1.0000883483174678,0.3817540431277464,4096,0,0,1.0,0.0,0.0,0,0.0,0.3817540431277464,0.0
MF,c1,713,0.445625,1.8627668343964965e-07,1.0000881528161158,0.3815973752163465,4096,0,0,1.0,0.0,0.0,0,0.0,0.3815973752163465,0.0
MF,c1,714,0.44625000000000004,1.8810791443373432e-07,1.0000879313419038,0.38144098487341094,4096,0,0,1.0,0.0,0.0,0,0.0,0.38144098487341094,0.0
MF,c1,715,0.446875,1.899971329524105e-07,1.0000879918154266,0.38128487205611494,4096,0,0,1.0,0.0,0.0,0,0.0,0.38128487205611494,0.0
MF,c1,716,0.4475,1.919463547258097e-07,1.0000880627669386,0.38112903671521553,4096,0,0,1.0,0.0,0.0,0,0.0,0.38112903671521553,0.0
MF,c1,717,0.448125,1.9395764776792988e-07,1.000088116193604,0.38097347879509824,4096,0,0,1.0,0.0,0.0,0,0.0,0.38097347879509824,0.0
MF,c1,718,0.44875,1.9603313346223723e-07,1.000088151526251,0.3808181982338237,4096,0,0,1.0,0.0,0.0,0,0.0,0.3808181982338237,0.0
MF,c1,719,0.449375,1.9817498766479687e-07,1.0000881681823544,0.3806631949631748,4096,0,0,1.0,0.0,0.0,0,0.0,0.3806631949631748,0.0
MF,c1,720,0.45,2.0038544182505696e-07,1.000088165565792,0.3805084689087037,4096,0,0,1.0,0.0,0.0,0,0.0,0.3805084689087037,0.0
MF,c1,721,0.450625,2.0266678412440408e-07,1.000088143066592,0.380354019989779,4096,0,0,1.0,0.0,0.0,0,0.0,0.380354019989779,0.0
MF,c1,722,0.45125,2.0502136063260497e-07,1.0000881000606854,0.38019984811963276,4096,0,0,1.0,0.0,0.0,0,0.0,0.38019984811963276,0.0
MF,c1,723,0.451875,2.0745157648224343e-07,1.000088035909651,0.38004595320540796,4096,0,0,1.0,0.0,0.0,0,0.0,0.38004595320540796,0.0
MF,c1,724,0.4525,2.099598970612588e-07,1.0000879499604598,0.379892335148206,4096,0,0,1.0,0.0,0.0,0,0.0,0.379892335148206,0.0
MF,c1,725,0.453125,2.1254884922368498e-07,1.0000878415452148,0.3797389938431337,4096,0,0,1.0,0.0,0.0,0,0.0,0.3797389938431337,0.0
MF,c1,726,0.45375,2.1522102251868615e-07,1.0000877099808898,0.3795859291793515,4096,0,0,1.0,0.0,0.0,0,0.0,0.3795859291793515,0.0
MF,c1,727,0.45437500000000003,2.179790704379783e-07,1.0000875545690657,0.37943314104012016,4096,0,0,1.0,0.0,0.0,0,0.0,0.37943314104012016,0.0
MF,c1,728,0.455,2.2082571168172153e-07,1.0000873745956622,0.3792806293028493,4096,0,0,1.0,0.0,0.0,0,0.0,0.3792806293028493,0.0
MF,c1,729,0.455625,2.2376373144296146e-07,1.0000871693306708,0.379128393839144,4096,0,0,1.0,0.0,0.0,0,0.0,0.379128393839144,0.0
MF,c1,730,0.45625,2.267959827106933e-07,1.0000869380278805,0.3789764345148534,4096,0,0,1.0,0.0,0.0,0,0.0,0.3789764345148534,0.0
MF,c1,731,0.45687500000000003,2.2992538759161508e-07,1.000086679924604,0.37882475119011816,4096,0,0,1.0,0.0,0.0,0,0.0,0.37882475119011816,0.0
MF,c1,732,0.4575,2.3315493865063177e-07,1.0000863942414027,0.37867334371941763,4096,0,0,1.0,0.0,0.0,0,0.0,0.37867334371941763,0.0
MF,c1,733,0.458125,2.363150904444008e-07,1.0000863508502458,0.3785222119516182,4096,0,0,1.0,0.0,0.0,0,0.0,0.3785222119516182,0.0
MF,c1,734,0.45875,2.382077976868621e-07,1.00008637815348,0.378371355730021,4096,0,0,1.0,0.0,0.0,0,0.0,0.378371355730021,0.0
MF,c1,735,0.45937500000000003,2.4015917794570417e-07,1.0000863869057246,0.37822077489240935,4096,0,0,1.0,0.0,0.0,0,0.0,0.37822077489240935,0.0
MF,c1,736,0.46,2.4217128422254944e-07,1.000086376515931,0.37807046927109655,4096,0,0,1.0,0.0,0.0,0,0.0,0.37807046927109655,0.0
MF,c1,737,0.460625,2.442462207079169e-07,1.0000863463794556,0.3779204386929739,4096,0,0,1.0,0.0,0.0,0,0.0,0.3779204386929739,0.0
MF,c1,738,0.46125,2.4638614379107886e-07,1.0000862958778185,0.3777706829795582,4096,0,0,1.0,0.0,0.0,0,0.0,0.3777706829795582,0.0
MF,c1,739,0.46187500000000004,2.485932630854382e-07,1.0000862243784578,0.3776212019470392,4096,0,0,1.0,0.0,0.0,0,0.0,0.3776212019470392,0.0
MF,c1,740,0.4625,2.508698424695195e-07,1.0000861312344826,0.3774719954063278,4096,0,0,1.0,0.0,0.0,0,0.0,0.3774719954063278,0.0
MF,c1,741,0.463125,2.5321820114366147e-07,1.0000860157844211,0.37732306316310327,4096,0,0,1.0,0.0,0.0,0,0.0,0.37732306316310327,0.0
MF,c1,742,0.46375,2.55640714702497e-07,1.0000858773519692,0.37717440501786115,4096,0,0,1.0,0.0,0.0,0,0.0,0.37717440501786115,0.0
MF,c1,743,0.464375,2.581398162232985e-07,1.0000857152457328,0.37702602076596026,4096,0,0,1.0,0.0,0.0,0,0.0,0.37702602076596026,0.0
MF,c1,744,0.465,2.60717997370266e-07,1.000085528758973,0.3768779101976707,4096,0,0,1.0,0.0,0.0,0,0.0,0.3768779101976707,0.0
MF,c1,745,0.465625,2.633778095148269e-07,1.0000853171693427,0.37673007309822115,4096,0,0,1.0,0.0,0.0,0,0.0,0.37673007309822115,0.0
MF,c1,746,0.46625,2.6612186487201384e-07,1.0000850797386247,0.3765825092478462,4096,0,0,1.0,0.0,0.0,0,0.0,0.3765825092478462,0.0
MF,c1,747,0.466875,2.689528376529823e-07,1.0000848157124682,0.3764352184218336,4096,0,0,1.0,0.0,0.0,0,0.0,0.3764352184218336,0.0
MF,c1,748,0.4675,2.7187346523372094e-07,1.0000845243201186,0.37628820039057137,4096,0,0,1.0,0.0,0.0,0,0.0,0.37628820039057137,0.0
MF,c1,749,0.468125,2.748865493400076e-07,1.0000842047741507,0.3761414549195954,4096,0,0,1.0,0.0,0.0,0,0.0,0.3761414549195954,0.0
MF,c1,750,0.46875,2.7799495724865425e-07,1.0000838562701946,0.37599498176963597,4096,0,0,1.0,0.0,0.0,0,0.0,0.37599498176963597,0.0
MF,c1,751,0.469375,2.812016230050794e-07,1.000083538396129,0.3758487806966653,4096,0,0,1.0,0.0,0.0,0,0.0,0.3758487806966653,0.0
MF,c1,752,0.47000000000000003,2.8450954865724224e-07,1.000083521262492,0.3757028514519435,4096,0,0,1.0,0.0,0.0,0,0.0,0.3757028514519435,0.0
MF,c1,753,0.470625,2.879218055059654e-07,1.000083484723037,0.37555719378206665,4096,0,0,1.0,0.0,0.0,0,0.0,0.37555719378206665,0.0
MF,c1,754,0.47125,2.914415353716668e-07,1.0000834281698088,0.37541180742901237,4096,0,0,1.0,0.0,0.0,0,0.0,0.37541180742901237,0.0
MF,c1,755,0.471875,2.9507195187751665e-07,1.000083350981128,0.3752666921301869,4096,0,0,1.0,0.0,0.0,0,0.0,0.3752666921301869,0.0
MF,c1,756,0.47250000000000003,2.988163417490262e-07,1.0000832525213519,0.37512184761847145,4096,0,0,1.0,0.0,0.0,0,0.0,0.37512184761847145,0.0
MF,c1,757,0.473125,3.0267806613007126e-07,1.0000831321406347,0.37497727362226874,4096,0,0,1.0,0.0,0.0,0,0.0,0.37497727362226874,0.0
MF,c1,758,0.47375,3.0534362482024296e-07,1.00008298917469,0.3748329698655486,4096,0,0,1.0,0.0,0.0,0,0.0,0.3748329698655486,0.0
MF,c1,759,0.474375,3.07565179958098e-07,1.0000828229445269,0.3746889360678949,4096,0,0,1.0,0.0,0.0,0,0.0,0.3746889360678949,0.0
MF,c1,760,0.47500000000000003,3.0985575247563504e-07,1.00008263275622,0.37454517194455095,4096,0,0,1.0,0.0,0.0,0,0.0,0.37454517194455095,0.0
MF,c1,761,0.475625,3.122176662682701e-07,1.0000824179006524,0.37440167720646533,4096,0,0,1.0,0.0,0.0,0,0.0,0.37440167720646533,0.0
MF,c1,762,0.47625,3.1465329955554035e-07,1.0000821776532653,0.37425845156033793,4096,0,0,1.0,0.0,0.0,0,0.0,0.37425845156033793,0.0
MF,c1,763,0.476875,3.1716508587762443e-07,1.000081911273799,0.3741154947086652,4096,0,0,1.0,0.0,0.0,0,0.0,0.3741154947086652,0.0
MF,c1,764,0.47750000000000004,3.197555151057661e-07,1.0000816180060412,0.37397280634978547,4096,0,0,1.0,0.0,0.0,0,0.0,0.37397280634978547,0.0
MF,c1,765,0.478125,3.2242713446665146e-07,1.0000812970775617,0.3738303861779246,4096,0,0,1.0,0.0,0.0,0,0.0,0.3738303861779246,0.0
MF,c1,766,0.47875,3.2518254958077956e-07,1.0000809476994552,0.3736882338832406,4096,0,0,1.0,0.0,0.0,0,0.0,0.3736882338832406,0.0
MF,c1,767,0.479375,3.280244255148661e-07,1.0000805690660757,0.37354634915186874,4096,0,0,1.0,0.0,0.0,0,0.0,0.37354634915186874,0.0
MF,c1,768,0.48,3.309554878483113e-07,1.0000801603547707,0.3734047316659664,4096,0,0,1.0,0.0,0.0,0,0.0,0.3734047316659664,0.0
MF,c1,769,0.480625,3.3397852375376135e-07,1.000079720725615,0.37326338110375756,4096,0,0,1.0,0.0,0.0,0,0.0,0.37326338110375756,0.0
MF,c1,770,0.48125,3.3709638309178494e-07,1.0000792869748658,0.3731222971395773,4096,0,0,1.0,0.0,0.0,0,0.0,0.3731222971395773,0.0
MF,c1,771,0.481875,3.4031197951968323e-07,1.000079205150569,0.37298147944391596,4096,0,0,1.0,0.0,0.0,0,0.0,0.37298147944391596,0.0
MF,c1,772,0.4825,3.4362829161444464e-07,1.0000791026386155,0.37284092768346316,4096,0,0,1.0,0.0,0.0,0,0.0,0.37284092768346316,0.0
MF,c1,773,0.483125,3.470483640098513e-07,1.0000789788054472,0.372700641521152,4096,0,0,1.0,0.0,0.0,0,0.0,0.372700641521152,0.0
MF,c1,774,0.48375,3.5057530854773886e-07,1.0000788330035209,0.37256062061620226,4096,0,0,1.0,0.0,0.0,0,0.0,0.37256062061620226,0.0
MF,c1,775,0.484375,3.5421230544340204e-07,1.0000786645710733,0.3724208646241645,4096,0,0,1.0,0.0,0.0,0,0.0,0.3724208646241645,0.0
MF,c1,776,0.485,3.5796260446513896e-07,1.0000784728318854,0.3722813731969628,4096,0,0,1.0,0.0,0.0,0,0.0,0.3722813731969628,0.0
MF,c1,777,0.48562500000000003,3.6182952612791376e-07,1.0000782570950413,0.37214214598293854,4096,0,0,1.0,0.0,0.0,0,0.0,0.37214214598293854,0.0
MF,c1,778,0.48625,3.658164629011165e-07,1.0000780166546865,0.3720031826268926,4096,0,0,1.0,0.0,0.0,0,0.0,0.3720031826268926,0.0
MF,c1,779,0.486875,3.699268804304054e-07,1.0000777507897962,0.3718644827701288,4096,0,0,1.0,0.0,0.0,0,0.0,0.3718644827701288,0.0
MF,c1,780,0.4875,3.741643187735206e-07,1.0000774587638952,0.37172604605049586,4096,0,0,1.0,0.0,0.0,0,0.0,0.37172604605049586,0.0
MF,c1,781,0.48812500000000003,3.785323936501726e-07,1.0000771398248423,0.3715878721024303,4096,0,0,1.0,0.0,0.0,0,0.0,0.3715878721024303,0.0
MF,c1,782,0.48875,3.824448199893855e-07,1.0000767932045695,0.37144996055699797,4096,0,0,1.0,0.0,0.0,0,0.0,0.37144996055699797,0.0
MF,c1,783,0.489375,3.849117703261482e-07,1.0000764181188306,0.3713123110419365,4096,0,0,1.0,0.0,0.0,0,0.0,0.3713123110419365,0.0
MF,c1,784,0.49,3.8745554854844785e-07,1.0000760137669447,0.3711749231816964,4096,0,0,1.0,0.0,0.0,0,0.0,0.3711749231816964,0.0
MF,c1,785,0.49062500000000003,3.900786719822161e-07,1.0000755793315412,0.37103779659748326,4096,0,0,1.0,0.0,0.0,0,0.0,0.37103779659748326,0.0
MF,c1,786,0.49125,3.927837134355113e-07,1.0000751139783015,0.3709009309072986,4096,0,0,1.0,0.0,0.0,0,0.0,0.3709009309072986,0.0
MF,c1,787,0.491875,3.955733021488946e-07,1.000074616855698,0.3707643257259806,4096,0,0,1.0,0.0,0.0,0,0.0,0.3707643257259806,0.0
MF,c1,788,0.4925,3.984501247579177e-07,1.0000740870947329,0.37062798066524577,4096,0,0,1.0,0.0,0.0,0,0.0,0.37062798066524577,0.0
MF,c1,789,0.49312500000000004,4.0141692626773216e-07,1.000073523808673,0.3704918953337288,4096,0,0,1.0,0.0,0.0,0,0.0,0.3704918953337288,0.0
MF,c1,790,0.49375,4.0447651103982683e-07,1.000073161136302,0.37035606933702325,4096,0,0,1.0,0.0,0.0,0,0.0,0.37035606933702325,0.0
MF,c1,791,0.494375,4.0763174379089666e-07,1.0000729914629405,0.37022050227772174,4096,0,0,1.0,0.0,0.0,0,0.0,0.37022050227772174,0.0
MF,c1,792,0.495,4.1088555060383676e-07,1.0000727993476253,0.3700851937554557,4096,0,0,1.0,0.0,0.0,0,0.0,0.3700851937554557,0.0
MF,c1,793,0.49562500000000004,4.1424091995085556e-07,1.000072584121966,0.36995014336693505,4096,0,0,1.0,0.0,0.0,0,0.0,0.36995014336693505,0.0
MF,c1,794,0.49625,4.1770090372870317e-07,1.000072345103218,0.3698153507059879,4096,0,0,1.0,0.0,0.0,0,0.0,0.3698153507059879,0.0
MF,c1,795,0.496875,4.21268618305945e-07,1.0000720815940043,0.3696808153635995,4096,0,0,1.0,0.0,0.0,0,0.0,0.3696808153635995,0.0
MF,c1,796,0.4975,4.249472455823562e-07,1.000071792882126,0.36954653692795125,4096,0,0,1.0,0.0,0.0,0,0.0,0.36954653692795125,0.0
MF,c1,797,0.498125,4.2874003406031026e-07,1.0000714782403135,0.3694125149844596,4096,0,0,1.0,0.0,0.0,0,0.0,0.3694125149844596,0.0
MF,c1,798,0.49875,4.326502999281736e-07,1.0000711369259847,0.3692787491158144,4096,0,0,1.0,0.0,0.0,0,0.0,0.3692787491158144,0.0
MF,c1,799,0.499375,4.366814281556554e-07,1.000070768181005,0.3691452389020171,4096,0,0,1.0,0.0,0.0,0,0.0,0.3691452389020171,0.0
MF,c1,800,0.5,4.4083687360106666e-07,1.0000703712314478,0.3690119839204189,4096,0,0,1.0,0.0,0.0,0,0.0,0.3690119839204189,0.0
MF,c1,801,0.500625,4.4512016213043514e-07,1.0000699452873463,0.3688789837457585,4096,0,0,1.0,0.0,0.0,0,0.0,0.3688789837457585,0.0
MF,c1,802,0.50125,4.4953489174841707e-07,1.0000694895424496,0.36874623795019956,4096,0,0,1.0,0.0,0.0,0,0.0,0.36874623795019956,0.0
MF,c1,803,0.501875,4.5408473374094103e-07,1.0000690031739738,0.3686137461033679,4096,0,0,1.0,0.0,0.0,0,0.0,0.3686137461033679,0.0
MF,c1,804,0.5025000000000001,4.587734338295118e-07,1.0000684853423525,0.3684815077723886,4096,0,0,1.0,0.0,0.0,0,0.0,0.3684815077723886,0.0
MF,c1,805,0.503125,4.636048133370972e-07,1.0000679351909847,0.36834952252192293,4096,0,0,1.0,0.0,0.0,0,0.0,0.36834952252192293,0.0
MF,c1,806,0.50375,4.685827703655341e-07,1.0000673518459977,0.36821778991420456,4096,0,0,1.0,0.0,0.0,0,0.0,0.36821778991420456,0.0
MF,c1,807,0.504375,4.718232962601171e-07,1.0000667344159433,0.36808630950907606,4096,0,0,1.0,0.0,0.0,0,0.0,0.36808630950907606,0.0
MF,c1,808,0.505,4.745833715292855e-07,1.0000660819915907,0.36795508086402484,4096,0,0,1.0,0.0,0.0,0,0.0,0.36795508086402484,0.0
MF,c1,809,0.505625,4.774300176965302e-07,1.000065393645651,0.3678241035342188,4096,0,0,1.0,0.0,0.0,0,0.0,0.3678241035342188,0.0
MF,c1,810,0.50625,4.803659696887627e-07,1.0000648762243745,0.3676933770725421,4096,0,0,1.0,0.0,0.0,0,0.0,0.3676933770725421,0.0
MF,c1,811,0.506875,4.833940190258089e-07,1.000064615539427,0.36756290102963013,4096,0,0,1.0,0.0,0.0,0,0.0,0.36756290102963013,0.0
MF,c1,812,0.5075000000000001,4.865170147213187e-07,1.000064330820374,0.3674326749539047,4096,0,0,1.0,0.0,0.0,0,0.0,0.3674326749539047,0.0
MF,c1,813,0.508125,4.89737864193975e-07,1.0000640213686751,0.3673026983916088,4096,0,0,1.0,0.0,0.0,0,0.0,0.3673026983916088,0.0
MF,c1,814,0.50875,4.930595341889776e-07,1.000063686471144,0.3671729708868408,4096,0,0,1.0,0.0,0.0,0,0.0,0.3671729708868408,0.0
MF,c1,815,0.509375,4.964850517097856e-07,1.0000633253997389,0.36704349198158903,4096,0,0,1.0,0.0,0.0,0,0.0,0.36704349198158903,0.0
MF,c1,816,0.51,5.00017504960031e-07,1.0000629374112748,0.36691426121576554,4096,0,0,1.0,0.0,0.0,0,0.0,0.36691426121576554,0.0
MF,c1,817,0.510625,5.036600442956744e-07,1.0000625217472507,0.36678527812724,4096,0,0,1.0,0.0,0.0,0,0.0,0.36678527812724,0.0
MF,c1,818,0.51125,5.074158831872533e-07,1.0000620776335953,0.36665654225187266,4096,0,0,1.0,0.0,0.0,0,0.0,0.36665654225187266,0.0
MF,c1,819,0.511875,5.11288299192227e-07,1.0000616042804293,0.36652805312354825,4096,0,0,1.0,0.0,0.0,0,0.0,0.36652805312354825,0.0
MF,c1,820,0.5125,5.152806349373558e-07,1.000061100881833,0.3663998102742084,4096,0,0,1.0,0.0,0.0,0,0.0,0.3663998102742084,0.0
MF,c1,821,0.513125,5.193962991110572e-07,1.0000605666156042,0.3662718132338846,4096,0,0,1.0,0.0,0.0,0,0.0,0.3662718132338846,0.0
MF,c1,822,0.51375,5.236387674656719e-07,1.0000600006430174,0.36614406153073026,4096,0,0,1.0,0.0,0.0,0,0.0,0.36614406153073026,0.0
MF,c1,823,0.514375,5.280115838295739e-07,1.0000594021085827,0.36601655469105326,4096,0,0,1.0,0.0,0.0,0,0.0,0.36601655469105326,0.0
MF,c1,824,0.515,5.325183611290679e-07,1.0000587701398194,0.3658892922393476,4096,0,0,1.0,0.0,0.0,0,0.0,0.3658892922393476,0.0
MF,c1,825,0.515625,5.371627824198998e-07,1.000058103846955,0.3657622736983252,4096,0,0,1.0,0.0,0.0,0,0.0,0.3657622736983252,0.0
MF,c1,826,0.51625,5.419486019284762e-07,1.0000574023227349,0.36563549858894717,4096,0,0,1.0,0.0,0.0,0,0.0,0.36563549858894717,0.0
MF,c1,827,0.516875,5.468796461025252e-07,1.000056664642154,0.3655089664304547,4096,0,0,1.0,0.0,0.0,0,0.0,0.3655089664304547,0.0
MF,c1,828,0.5175,5.519598146711828e-07,1.000055889862207,0.36538267674040054,4096,0,0,1.0,0.0,0.0,0,0.0,0.36538267674040054,0.0
MF,c1,829,0.5181250000000001,5.571930817143896e-07,1.0000550770216363,0.36525662903467887,4096,0,0,1.0,0.0,0.0,0,0.0,0.36525662903467887,0.0
MF,c1,830,0.51875,5.625834967414816e-07,1.0000542251406819,0.3651308228275562,4096,0,0,1.0,0.0,0.0,0,0.0,0.3651308228275562,0.0
MF,c1,831,0.519375,5.676795881036952e-07,1.000053761987053,0.3650052576317011,4096,0,0,1.0,0.0,0.0,0,0.0,0.3650052576317011,0.0
MF,c1,832,0.52,5.706092046856929e-07,1.000053382663167,0.36487993295821425,4096,0,0,1.0,0.0,0.0,0,0.0,0.36487993295821425,0.0
MF,c1,833,0.520625,5.736316101776753e-07,1.0000529771864994,0.3647548483166577,4096,0,0,1.0,0.0,0.0,0,0.0,0.3647548483166577,0.0
MF,c1,834,0.52125,5.767496659001112e-07,1.0000525448184872,0.36463000321508465,4096,0,0,1.0,0.0,0.0,0,0.0,0.36463000321508465,0.0
MF,c1,835,0.521875,5.79966289053063e-07,1.0000520848055228,0.3645053971600679,4096,0,0,1.0,0.0,0.0,0,0.0,0.3645053971600679,0.0
MF,c1,836,0.5225,5.832844535457301e-07,1.00005159637873,0.36438102965672925,4096,0,0,1.0,0.0,0.0,0,0.0,0.36438102965672925,0.0
MF,c1,837,0.5231250000000001,5.867071908345414e-07,1.0000510787537398,0.3642569002087676,4096,0,0,1.0,0.0,0.0,0,0.0,0.3642569002087676,0.0
MF,c1,838,0.52375,5.902375907697665e-07,1.00005053113048,0.3641330083184873,4096,0,0,1.0,0.0,0.0,0,0.0,0.3641330083184873,0.0
MF,c1,839,0.524375,5.938788024505258e-07,1.0000499526928859,0.3640093534868264,4096,0,0,1.0,0.0,0.0,0,0.0,0.3640093534868264,0.0
MF,c1,840,0.525,5.976340350882801e-07,1.0000493426087311,0.36388593521338397,4096,0,0,1.0,0.0,0.0,0,0.0,0.36388593521338397,0.0
MF,c1,841,0.525625,6.015065588786071e-07,1.0000487000293745,0.3637627529964484,4096,0,0,1.0,0.0,0.0,0,0.0,0.3637627529964484,0.0
MF,c1,842,0.52625,6.05499705881264e-07,1.0000480240895264,0.3636398063330236,4096,0,0,1.0,0.0,0.0,0,0.0,0.3636398063330236,0.0
MF,c1,843,0.526875,6.096168709084552e-07,1.0000473139070127,0.363517094718857,4096,0,0,1.0,0.0,0.0,0,0.0,0.363517094718857,0.0
MF,c1,844,0.5275,6.138615124212491e-07,1.0000465685825595,0.3633946176484656,4096,0,0,1.0,0.0,0.0,0,0.0,0.3633946176484656,0.0
MF,c1,845,0.528125,6.182371534339717e-07,1.0000457871994906,0.36327237461516276,4096,0,0,1.0,0.0,0.0,0,0.0,0.36327237461516276,0.0
MF,c1,846,0.52875,6.227473824266758e-07,1.0000449688235522,0.3631503651110847,4096,0,0,1.0,0.0,0.0,0,0.0,0.3631503651110847,0.0
MF,c1,847,0.529375,6.273958542654149e-07,1.0000441125026511,0.36302858862721593,4096,0,0,1.0,0.0,0.0,0,0.0,0.36302858862721593,0.0
MF,c1,848,0.53,6.321862911303186e-07,1.0000432172666114,0.36290704465341556,4096,0,0,1.0,0.0,0.0,0,0.0,0.36290704465341556,0.0
MF,c1,849,0.530625,6.37122483451347e-07,1.000042282126932,0.36278573267844244,4096,0,0,1.0,0.0,0.0,0,0.0,0.36278573267844244,0.0
MF,c1,850,0.53125,6.422082908516486e-07,1.000041306076562,0.3626646521899805,4096,0,0,1.0,0.0,0.0,0,0.0,0.3626646521899805,0.0
MF,c1,851,0.531875,6.47447643098287e-07,1.0000402880895922,0.362543802674664,4096,0,0,1.0,0.0,0.0,0,0.0,0.362543802674664,0.0
MF,c1,852,0.5325,6.52844541060458e-07,1.0000396031623546,0.362423183618102,4096,0,0,1.0,0.0,0.0,0,0.0,0.362423183618102,0.0
MF,c1,853,0.533125,6.584030576748417e-07,1.0000391005580578,0.3623027945049031,4096,0,0,1.0,0.0,0.0,0,0.0,0.3623027945049031,0.0
MF,c1,854,0.5337500000000001,6.641273389180782e-07,1.000038569853513,0.3621826348186995,4096,0,0,1.0,0.0,0.0,0,0.0,0.3621826348186995,0.0
MF,c1,855,0.534375,6.700216047862379e-07,1.0000380102748443,0.3620627040421713,4096,0,0,1.0,0.0,0.0,0,0.0,0.3620627040421713,0.0
MF,c1,856,0.535,6.747200016689012e-07,1.0000374210327903,0.36194300165707005,4096,0,0,1.0,0.0,0.0,0,0.0,0.36194300165707005,0.0
MF,c1,857,0.535625,6.778627009804618e-07,1.0000368013225578,0.3618235271442427,4096,0,0,1.0,0.0,0.0,0,0.0,0.3618235271442427,0.0
MF,c1,858,0.53625,6.81106173790415e-07,1.0000361503235777,0.3617042799836544,4096,0,0,1.0,0.0,0.0,0,0.0,0.3617042799836544,0.0
MF,c1,859,0.536875,6.844534251807844e-07,1.0000354671992822,0.3615852596544121,4096,0,0,1.0,0.0,0.0,0,0.0,0.3615852596544121,0.0
MF,c1,860,0.5375,6.879075153881394e-07,1.0000347510969037,0.3614664656347869,4096,0,0,1.0,0.0,0.0,0,0.0,0.3614664656347869,0.0
MF,c1,861,0.538125,6.914715605625448e-07,1.0000340011471807,0.3613478974022371,4096,0,0,1.0,0.0,0.0,0,0.0,0.3613478974022371,0.0
MF,c1,862,0.5387500000000001,6.951487335334768e-07,1.0000332164642005,0.3612295544334305,4096,0,0,1.0,0.0,0.0,0,0.0,0.3612295544334305,0.0
MF,c1,863,0.539375,6.989422645824706e-07,1.0000323961451507,0.3611114362042662,4096,0,0,1.0,0.0,0.0,0,0.0,0.3611114362042662,0.0
MF,c1,864,0.54,7.028554422225143e-07,1.0000315392700876,0.3609935421898972,4096,0,0,1.0,0.0,0.0,0,0.0,0.3609935421898972,0.0
MF,c1,865,0.540625,7.068916139841135e-07,1.00003064490173,0.36087587186475123,4096,0,0,1.0,0.0,0.0,0,0.0,0.36087587186475123,0.0
MF,c1,866,0.54125,7.110541872078496e-07,1.0000297120851596,0.36075842470255304,4096,0,0,1.0,0.0,0.0,0,0.0,0.36075842470255304,0.0
MF,c1,867,0.541875,7.153466298435405e-07,1.0000287398476546,0.36064120017634493,4096,0,0,1.0,0.0,0.0,0,0.0,0.36064120017634493,0.0
MF,c1,868,0.5425,7.197724712557259e-07,1.000027727198438,0.36052419775850847,4096,0,0,1.0,0.0,0.0,0,0.0,0.36052419775850847,0.0
MF,c1,869,0.543125,7.243353030354967e-07,1.0000266731284613,0.36040741692078465,4096,0,0,1.0,0.0,0.0,0,0.0,0.36040741692078465,0.0
MF,c1,870,0.5437500000000001,7.290387798184403e-07,1.000025576610103,0.3602908571342949,4096,0,0,1.0,0.0,0.0,0,0.0,0.3602908571342949,0.0
MF,c1,871,0.544375,7.338866201088228e-07,1.0000244365969986,0.3601745178695608,4096,0,0,1.0,0.0,0.0,0,0.0,0.3601745178695608,0.0
MF,c1,872,0.545,7.38882607109681e-07,1.000023252023782,0.3600583985965253,4096,0,0,1.0,0.0,0.0,0,0.0,0.3600583985965253,0.0
MF,c1,873,0.545625,7.440305895588426e-07,1.000022021805868,0.3599424987845714,4096,0,0,1.0,0.0,0.0,0,0.0,0.3599424987845714,0.0
MF,c1,874,0.54625,7.493344825706077e-07,1.0000213697819422,0.3598268179025428,4096,0,0,1.0,0.0,0.0,0,0.0,0.3598268179025428,0.0
MF,c1,875,0.546875,7.547982684832291e-07,1.0000207103240701,0.3597113554187626,4096,0,0,1.0,0.0,0.0,0,0.0,0.3597113554187626,0.0
MF,c1,876,0.5475,7.604259977118069e-07,1.000020020223149,0.35959611080105325,4096,0,0,1.0,0.0,0.0,0,0.0,0.35959611080105325,0.0
MF,c1,877,0.548125,7.662217896066208e-07,1.0000192986593797,0.3594810835167552,4096,0,0,1.0,0.0,0.0,0,0.0,0.3594810835167552,0.0
MF,c1,878,0.54875,7.721898333165883e-07,1.000018544797172,0.3593662730327456,4096,0,0,1.0,0.0,0.0,0,0.0,0.3593662730327456,0.0
MF,c1,879,0.5493750000000001,7.783343886580056e-07,1.0000177577849987,0.3592516788154572,4096,0,0,1.0,0.0,0.0,0,0.0,0.3592516788154572,0.0
MF,c1,880,0.55,7.846597869881274e-07,1.0000169367551606,0.35913730033089686,4096,0,0,1.0,0.0,0.0,0,0.0,0.35913730033089686,0.0
MF,c1,881,0.550625,7.891893771687876e-07,1.0000160808235887,0.35902313704466343,4096,0,0,1.0,0.0,0.0,0,0.0,0.35902313704466343,0.0
MF,c1,882,0.55125,7.924964303803815e-07,1.0000151890895586,0.35890918842196584,4096,0,0,1.0,0.0,0.0,0,0.0,0.35890918842196584,0.0
MF,c1,883,0.551875,7.959110979214992e-07,1.0000142606355393,0.35879545392764106,4096,0,0,1.0,0.0,0.0,0,0.0,0.35879545392764106,0.0
MF,c1,884,0.5525,7.994364885060886e-07,1.000013294526953,0.3586819330261715,4096,0,0,1.0,0.0,0.0,0,0.0,0.3586819330261715,0.0
MF,c1,885,0.553125,8.030757644882919e-07,1.0000122898119732,0.3585686251817026,4096,0,0,1.0,0.0,0.0,0,0.0,0.3585686251817026,0.0
MF,c1,886,0.55375,8.068321425450577e-07,1.0000112455212335,0.35845552985805973,4096,0,0,1.0,0.0,0.0,0,0.0,0.35845552985805973,0.0
MF,c1,887,0.5543750000000001,8.107088943641927e-07,1.0000101606676748,0.35834264651876535,4096,0,0,1.0,0.0,0.0,0,0.0,0.35834264651876535,0.0
MF,c1,888,0.555,8.147093473375879e-07,1.0000090342463217,0.35822997462705614,4096,0,0,1.0,0.0,0.0,0,0.0,0.35822997462705614,0.0
MF,c1,889,0.555625,8.188368852595233e-07,1.0000078652339826,0.3581175136458989,4096,0,0,1.0,0.0,0.0,0,0.0,0.3581175136458989,0.0
MF,c1,890,0.55625,8.230949490301634e-07,1.0000066525890992,0.3580052630380075,4096,0,0,1.0,0.0,0.0,0,0.0,0.3580052630380075,0.0
MF,c1,891,0.556875,8.27487037363929e-07,1.0000053952514938,0.3578932222658589,4096,0,0,1.0,0.0,0.0,0,0.0,0.3578932222658589,0.0
MF,c1,892,0.5575,8.320167075027834e-07,1.000004092142163,0.3577813907917093,4096,0,0,1.0,0.0,0.0,0,0.0,0.3577813907917093,0.0
MF,c1,893,0.558125,8.366875759341791e-07,1.0000027421629816,0.35766976807760975,4096,0,0,1.0,0.0,0.0,0,0.0,0.35766976807760975,0.0
MF,c1,894,0.55875,8.415033191138156e-07,1.000001344196542,0.3575583535854221,4096,0,0,1.0,0.0,0.0,0,0.0,0.3575583535854221,0.0
MF,c1,895,0.5593750000000001,8.464676741928722e-07,0.9999998971059253,0.35744714677683415,4096,0,0,1.0,0.0,0.0,0,0.0,0.35744714677683415,0.0
MF,c1,896,0.56,8.515844397495874e-07,0.9999989569611768,0.3573361471133752,4096,0,0,1.0,0.0,0.0,0,0.0,0.3573361471133752,0.0
MF,c1,897,0.560625,8.568574765253166e-07,0.9999981335993444,0.35722535405643097,4096,0,0,1.0,0.0,0.0,0,0.0,0.35722535405643097,0.0
MF,c1,898,0.56125,8.62290708164705e-07,0.9999972772255642,0.3571147670672586,4096,0,0,1.0,0.0,0.0,0,0.0,0.3571147670672586,0.0
MF,c1,899,0.561875,8.678881219598242e-07,0.9999963869787046,0.35700438560700143,4096,0,0,1.0,0.0,0.0,0,0.0,0.35700438560700143,0.0
MF,c1,900,0.5625,8.73653769598425e-07,0.9999954619816097,0.35689420913670356,4096,0,0,1.0,0.0,0.0,0,0.0,0.35689420913670356,0.0
MF,c1,901,0.563125,8.79591767915897e-07,0.9999945013408887,0.356784237117324,4096,0,0,1.0,0.0,0.0,0,0.0,0.356784237117324,0.0
MF,c1,902,0.56375,8.85706299650778e-07,0.999993504146632,0.35667446900975125,4096,0,0,1.0,0.0,0.0,0,0.0,0.35667446900975125,0.0
MF,c1,903,0.564375,8.920016142039696e-07,0.9999924694722767,0.356564904274817,4096,0,0,1.0,0.0,0.0,0,0.0,0.356564904274817,0.0
MF,c1,904,0.5650000000000001,8.984820284012173e-07,0.9999913963743933,0.35645554237331045,4096,0,0,1.0,0.0,0.0,0,0.0,0.35645554237331045,0.0
MF,c1,905,0.565625,9.051519272586807e-07,0.9999902838923995,0.35634638276599134,4096,0,0,1.0,0.0,0.0,0,0.0,0.35634638276599134,0.0
MF,c1,906,0.56625,9.099394906330097e-07,0.9999891310484224,0.35623742491360405,4096,0,0,1.0,0.0,0.0,0,0.0,0.35623742491360405,0.0
MF,c1,907,0.566875,9.133559501383779e-07,0.9999879368470829,0.3561286682768908,4096,0,0,1.0,0.0,0.0,0,0.0,0.3561286682768908,0.0
MF,c1,908,0.5675,9.168855520397332e-07,0.9999867002752075,0.3560201123166049,4096,0,0,1.0,0.0,0.0,0,0.0,0.3560201123166049,0.0
MF,c1,909,0.568125,9.205314687588944e-07,0.9999854203017114,0.35591175649352347,4096,0,0,1.0,0.0,0.0,0,0.0,0.35591175649352347,0.0
MF,c1,910,0.56875,9.242969241880783e-07,0.9999840958772819,0.35580360026846053,4096,0,0,1.0,0.0,0.0,0,0.0,0.35580360026846053,0.0
MF,c1,911,0.569375,9.28185194293872e-07,0.9999827259342361,0.35569564310228,4096,0,0,1.0,0.0,0.0,0,0.0,0.35569564310228,0.0
MF,c1,912,0.5700000000000001,9.321996077250733e-07,0.9999813093863033,0.35558788445590794,4096,0,0,1.0,0.0,0.0,0,0.0,0.35558788445590794,0.0
MF,c1,913,0.570625,9.363435464242894e-07,0.9999798451283325,0.3554803237903447,4096,0,0,1.0,0.0,0.0,0,0.0,0.3554803237903447,0.0
MF,c1,914,0.57125,9.406204462434321e-07,0.9999783320361468,0.3553729605666779,4096,0,0,1.0,0.0,0.0,0,0.0,0.3553729605666779,0.0
MF,c1,915,0.571875,9.450337975627917e-07,0.9999767689663227,0.35526579424609356,4096,0,0,1.0,0.0,0.0,0,0.0,0.35526579424609356,0.0
MF,c1,916,0.5725,9.495871459135693e-07,0.9999751547558996,0.3551588242898891,4096,0,0,1.0,0.0,0.0,0,0.0,0.3551588242898891,0.0
MF,c1,917,0.573125,9.542840926040438e-07,0.9999734882222531,0.35505205015948405,4096,0,0,1.0,0.0,0.0,0,0.0,0.35505205015948405,0.0
MF,c1,918,0.57375,9.591282953488447e-07,0.9999718599850629,0.3549454713164326,4096,0,0,1.0,0.0,0.0,0,0.0,0.3549454713164326,0.0
MF,c1,919,0.574375,9.641234689016763e-07,0.9999708664142153,0.3548390872224345,4096,0,0,1.0,0.0,0.0,0,0.0,0.3548390872224345,0.0
MF,c1,920,0.5750000000000001,9.692733856909058e-07,0.9999698376755234,0.35473289733934665,4096,0,0,1.0,0.0,0.0,0,0.0,0.35473289733934665,0.0
MF,c1,921,0.575625,9.745818764583438e-07,0.9999687728714767,0.35462690112919437,4096,0,0,1.0,0.0,0.0,0,0.0,0.35462690112919437,0.0
MF,c1,922,0.57625,9.80052830900798e-07,0.9999676710883262,0.35452109805418197,4096,0,0,1.0,0.0,0.0,0,0.0,0.35452109805418197,0.0
MF,c1,923,0.576875,9.85690198314252e-07,0.9999665313958045,0.35441548757670444,4096,0,0,1.0,0.0,0.0,0,0.0,0.35441548757670444,0.0
MF,c1,924,0.5775,9.914979882408744e-07,0.9999653528470288,0.3543100691593574,4096,0,0,1.0,0.0,0.0,0,0.0,0.3543100691593574,0.0
MF,c1,925,0.578125,9.974802711182226e-07,0.9999641344781937,0.3542048422649485,4096,0,0,1.0,0.0,0.0,0,0.0,0.3542048422649485,0.0
MF,c1,926,0.57875,1.003641178931046e-06,0.9999628753084683,0.3540998063565073,4096,0,0,1.0,0.0,0.0,0,0.0,0.3540998063565073,0.0
MF,c1,927,0.579375,1.0099849058649833e-06,0.9999615743396926,0.35399496089729604,4096,0,0,1.0,0.0,0.0,0,0.0,0.35399496089729604,0.0
MF,c1,928,0.58,1.016515708962546e-06,0.9999602305562465,0.3538903053508194,4096,0,0,1.0,0.0,0.0,0,0.0,0.3538903053508194,0.0
MF,c1,929,0.5806250000000001,1.0232379087808779e-06,0.9999588429248413,0.3537858391808352,4096,0,0,1.0,0.0,0.0,0,0.0,0.3537858391808352,0.0
MF,c1,930,0.58125,1.0301558900511205e-06,0.9999574103942438,0.353681561851364,4096,0,0,1.0,0.0,0.0,0,0.0,0.353681561851364,0.0
MF,c1,931,0.581875,1.0358298904241167e-06,0.9999559318951615,0.35357747282669866,4096,0,0,1.0,0.0,0.0,0,0.0,0.35357747282669866,0.0
MF,c1,932,0.5825,1.0392969093379141e-06,0.9999544063399417,0.35347357157141485,4096,0,0,1.0,0.0,0.0,0,0.0,0.35347357157141485,0.0
MF,c1,933,0.583125,1.0428811827247586e-06,0.999952832622457,0.3533698575503797,4096,0,0,1.0,0.0,0.0,0,0.0,0.3533698575503797,0.0
MF,c1,934,0.58375,1.0465859086782877e-06,0.9999512096178036,0.35326633022876197,4096,0,0,1.0,0.0,0.0,0,0.0,0.35326633022876197,0.0
MF,c1,935,0.584375,1.0504143340801662e-06,0.9999495361821821,0.3531629890720408,4096,0,0,1.0,0.0,0.0,0,0.0,0.3531629890720408,0.0
MF,c1,936,0.585,1.0543697551254948e-06,0.9999478111525991,0.35305983354601556,4096,0,0,1.0,0.0,0.0,0,0.0,0.35305983354601556,0.0
MF,c1,937,0.5856250000000001,1.0584555178511644e-06,0.9999460333467468,0.3529568631168142,4096,0,0,1.0,0.0,0.0,0,0.0,0.3529568631168142,0.0
MF,c1,938,0.58625,1.0626750186666327e-06,0.9999442015627018,0.3528540772509028,4096,0,0,1.0,0.0,0.0,0,0.0,0.3528540772509028,0.0
MF,c1,939,0.586875,1.067031704887458e-06,0.9999423145788056,0.35275147541509394,4096,0,0,1.0,0.0,0.0,0,0.0,0.35275147541509394,0.0
MF,c1,940,0.5875,1.0715290752710424e-06,0.9999403711533627,0.3526490570765561,4096,0,0,1.0,0.0,0.0,0,0.0,0.3526490570765561,0.0
MF,c1,941,0.588125,1.076170680554941e-06,0.9999383700245201,0.35254682170282126,4096,0,0,1.0,0.0,0.0,0,0.0,0.35254682170282126,0.0
MF,c1,942,0.58875,1.080960123997155e-06,0.9999371431525116,0.35244476876179437,4096,0,0,1.0,0.0,0.0,0,0.0,0.35244476876179437,0.0
MF,c1,943,0.589375,1.0859010619187813e-06,0.999935898282201,0.3523428977217612,4096,0,0,1.0,0.0,0.0,0,0.0,0.3523428977217612,0.0
MF,c1,944,0.59,1.090997204248413e-06,0.9999346144591748,0.3522412080513967,4096,0,0,1.0,0.0,0.0,0,0.0,0.3522412080513967,0.0
MF,c1,945,0.5906250000000001,1.0962523150686725e-06,0.9999332907215245,0.3521396992197732,4096,0,0,1.0,0.0,0.0,0,0.0,0.3521396992197732,0.0
MF,c1,946,0.59125,1.1016702131642465e-06,0.9999319260905122,0.35203837069636845,4096,0,0,1.0,0.0,0.0,0,0.0,0.35203837069636845,0.0
MF,c1,947,0.591875,1.1072547725718186e-06,0.9999305195704665,0.3519372219510736,4096,0,0,1.0,0.0,0.0,0,0.0,0.3519372219510736,0.0
MF,c1,948,0.5925,1.113009923131278e-06,0.9999290701485197,0.35183625245420075,4096,0,0,1.0,0.0,0.0,0,0.0,0.35183625245420075,0.0
MF,c1,949,0.593125,1.1189396510384006e-06,0.9999275767944092,0.35173546167649117,4096,0,0,1.0,0.0,0.0,0,0.0,0.35173546167649117,0.0
MF,c1,950,0.59375,1.1250479993988837e-06,0.9999260384603509,0.35163484908912257,4096,0,0,1.0,0.0,0.0,0,0.0,0.35163484908912257,0.0
MF,c1,951,0.594375,1.131339068783234e-06,0.9999244540807498,0.35153441416371667,4096,0,0,1.0,0.0,0.0,0,0.0,0.35153441416371667,0.0
MF,c1,952,0.595,1.1378170177829106e-06,0.999922822572091,0.35143415637234654,4096,0,0,1.0,0.0,0.0,0,0.0,0.35143415637234654,0.0
MF,c1,953,0.595625,1.1444860635669875e-06,0.9999211428326557,0.3513340751875443,4096,0,0,1.0,0.0,0.0,0,0.0,0.3513340751875443,0.0
MF,c1,954,0.5962500000000001,1.1513504824398018e-06,0.9999194137424051,0.35123417008230784,4096,0,0,1.0,0.0,0.0,0,0.0,0.35123417008230784,0.0
MF,c1,955,0.596875,1.158414610398797e-06,0.9999176341627013,0.3511344405301082,4096,0,0,1.0,0.0,0.0,0,0.0,0.3511344405301082,0.0
MF,c1,956,0.5975,1.1656828436930638e-06,0.9999158029361845,0.3510348860048968,4096,0,0,1.0,0.0,0.0,0,0.0,0.3510348860048968,0.0
MF,c1,957,0.598125,1.1692545686307184e-06,0.9999139188865185,0.3509355059811117,4096,0,0,1.0,0.0,0.0,0,0.0,0.3509355059811117,0.0
MF,c1,958,0.59875,1.1728316024573992e-06,0.9999119808181878,0.3508362999336852,4096,0,0,1.0,0.0,0.0,0,0.0,0.3508362999336852,0.0
MF,c1,959,0.599375,1.1765317365187264e-06,0.9999099875163547,0.35073726733805,4096,0,0,1.0,0.0,0.0,0,0.0,0.35073726733805,0.0
MF,c1,960,0.6,1.1803582054609431e-06,0.9999079377465877,0.35063840767014626,4096,0,0,1.0,0.0,0.0,0,0.0,0.35063840767014626,0.0
MF,c1,961,0.600625,1.1843142901140553e-06,0.9999058302547288,0.3505397204064279,4096,0,0,1.0,0.0,0.0,0,0.0,0.3505397204064279,0.0
MF,c1,962,0.6012500000000001,1.1884033179432328e-06,0.9999036637666272,0.3504412050238692,4096,0,0,1.0,0.0,0.0,0,0.0,0.3504412050238692,0.0
MF,c1,963,0.601875,1.1926286635020243e-06,0.9999014369880029,0.350342860999971,4096,0,0,1.0,0.0,0.0,0,0.0,0.350342860999971,0.0
MF,c1,964,0.6025,1.1969937488869307e-06,0.9998991486042015,0.35024468781276724,4096,0,0,1.0,0.0,0.0,0,0.0,0.35024468781276724,0.0
MF,c1,965,0.603125,1.2015020441934787e-06,0.9998971399014026,0.3501466849408309,4096,0,0,1.0,0.0,0.0,0,0.0,0.3501466849408309,0.0
MF,c1,966,0.60375,1.2061570679736868e-06,0.999895668643778,0.3500488518632805,4096,0,0,1.0,0.0,0.0,0,0.0,0.3500488518632805,0.0
MF,c1,967,0.604375,1.2109623876945754e-06,0.9998941557516272,0.3499511880597856,4096,0,0,1.0,0.0,0.0,0,0.0,0.3499511880597856,0.0
MF,c1,968,0.605,1.2159216201979856e-06,0.9998926002195928,0.3498536930105731,4096,0,0,1.0,0.0,0.0,0,0.0,0.3498536930105731,0.0
MF,c1,969,0.605625,1.2210384321611805e-06,0.9998910010252725,0.34975636619643335,4096,0,0,1.0,0.0,0.0,0,0.0,0.34975636619643335,0.0
MF,c1,970,0.6062500000000001,1.2263165405585417e-06,0.9998893571290948,0.3496592070987251,4096,0,0,1.0,0.0,0.0,0,0.0,0.3496592070987251,0.0
MF,c1,971,0.606875,1.2317597131238073e-06,0.9998876674740698,0.34956221519938235,4096,0,0,1.0,0.0,0.0,0,0.0,0.34956221519938235,0.0
MF,c1,972,0.6075,1.2373717688131714e-06,0.9998859309856597,0.3494653899809188,4096,0,0,1.0,0.0,0.0,0,0.0,0.3494653899809188,0.0
MF,c1,973,0.608125,1.2431565782686776e-06,0.9998841465715348,0.34936873092643445,4096,0,0,1.0,0.0,0.0,0,0.0,0.34936873092643445,0.0
MF,c1,974,0.60875,1.2491180642822256e-06,0.9998823131214354,0.3492722375196202,4096,0,0,1.0,0.0,0.0,0,0.0,0.3492722375196202,0.0
MF,c1,975,0.609375,1.2552602022596142e-06,0.9998804295069361,0.34917590924476405,4096,0,0,1.0,0.0,0.0,0,0.0,0.34917590924476405,0.0
MF,c1,976,0.61,1.261587020684946e-06,0.9998784945812993,0.34907974558675564,4096,0,0,1.0,0.0,0.0,0,0.0,0.34907974558675564,0.0
MF,c1,977,0.610625,1.2681026015847873e-06,0.999876507179244,0.34898374603109217,4096,0,0,1.0,0.0,0.0,0,0.0,0.34898374603109217,0.0
MF,c1,978,0.61125,1.2748110809924298e-06,0.9998744661167966,0.348887910063883,4096,0,0,1.0,0.0,0.0,0,0.0,0.348887910063883,0.0
MF,c1,979,0.6118750000000001,1.2817166494116177e-06,0.9998723701910621,0.3487922371718555,4096,0,0,1.0,0.0,0.0,0,0.0,0.3487922371718555,0.0
MF,c1,980,0.6125,1.2888235522800729e-06,0.9998702181800616,0.34869672684235903,4096,0,0,1.0,0.0,0.0,0,0.0,0.34869672684235903,0.0
MF,c1,981,0.613125,1.2961360904323523e-06,0.9998680088425417,0.34860137856337103,4096,0,0,1.0,0.0,0.0,0,0.0,0.34860137856337103,0.0
MF,c1,982,0.61375,1.302303586471934e-06,0.999865740917761,0.34850619182350107,4096,0,0,1.0,0.0,0.0,0,0.0,0.34850619182350107,0.0
MF,c1,983,0.614375,1.3058119728190509e-06,0.9998634131253228,0.3484111661119961,4096,0,0,1.0,0.0,0.0,0,0.0,0.3484111661119961,0.0
MF,c1,984,0.615,1.3094446397737823e-06,0.9998610241649803,0.34831630091874516,4096,0,0,1.0,0.0,0.0,0,0.0,0.34831630091874516,0.0
MF,c1,985,0.615625,1.3132047787244899e-06,0.9998585727164367,0.3482215957342839,4096,0,0,1.0,0.0,0.0,0,0.0,0.3482215957342839,0.0
MF,c1,986,0.61625,1.3170956238782793e-06,0.9998560574391672,0.3481270500497994,4096,0,0,1.0,0.0,0.0,0,0.0,0.3481270500497994,0.0
MF,c1,987,0.6168750000000001,1.3211204526402568e-06,0.9998534769722253,0.34803266335713456,4096,0,0,1.0,0.0,0.0,0,0.0,0.34803266335713456,0.0
MF,c1,988,0.6175,1.3252825859935939e-06,0.999850829934055,0.3479384351487929,4096,0,0,1.0,0.0,0.0,0,0.0,0.3479384351487929,0.0
MF,c1,989,0.618125,1.3295853888802782e-06,0.9998484260134006,0.34784436491794263,4096,0,0,1.0,0.0,0.0,0,0.0,0.34784436491794263,0.0
MF,c1,990,0.61875,1.3340322705824997e-06,0.9998466740731984,0.3477504521584211,4096,0,0,1.0,0.0,0.0,0,0.0,0.3477504521584211,0.0
MF,c1,991,0.619375,1.3386266851045263e-06,0.9998448770105891,0.34765669636473945,4096,0,0,1.0,0.0,0.0,0,0.0,0.34765669636473945,0.0
MF,c1,992,0.62,1.3433721315549867e-06,0.9998430337643631,0.34756309703208654,4096,0,0,1.0,0.0,0.0,0,0.0,0.34756309703208654,0.0
MF,c1,993,0.620625,1.3482721545294528e-06,0.9998411432559674,0.347469653656333,4096,0,0,1.0,0.0,0.0,0,0.0,0.347469653656333,0.0
MF,c1,994,0.62125,1.3533303444932165e-06,0.9998392043893239,0.34737636573403585,4096,0,0,1.0,0.0,0.0,0,0.0,0.34737636573403585,0.0
MF,c1,995,0.6218750000000001,1.3585503381641468e-06,0.9998372160506529,0.34728323276244216,4096,0,0,1.0,0.0,0.0,0,0.0,0.34728323276244216,0.0
MF,c1,996,0.6225,1.363935818895522e-06,0.9998351771082902,0.3471902542394934,4096,0,0,1.0,0.0,0.0,0,0.0,0.3471902542394934,0.0
MF,c1,997,0.623125,1.3694905170587133e-06,0.9998330864125085,0.34709742966382895,4096,0,0,1.0,0.0,0.0,0,0.0,0.34709742966382895,0.0
MF,c1,998,0.62375,1.3752182104256164e-06,0.999830942795337,0.34700475853479057,4096,0,0,1.0,0.0,0.0,0,0.0,0.34700475853479057,0.0
MF,c1,999,0.624375,1.3811227245506996e-06,0.9998287450703811,0.3469122403524258,4096,0,0,1.0,0.0,0.0,0,0.0,0.3469122403524258,0.0
MF,c1,1000,0.625,1.387207933152555e-06,0.9998264920326407,0.34681987461749186,4096,0,0,1.0,0.0,0.0,0,0.0,0.34681987461749186,0.0
MF,c1,1001,0.625625,1.3934777584948247e-06,0.9998241824583329,0.34672766083145967,4096,0,0,1.0,0.0,0.0,0,0.0,0.34672766083145967,0.0
MF,c1,1002,0.62625,1.3999361717663778e-06,0.9998218151047183,0.3466355984965172,4096,0,0,1.0,0.0,0.0,0,0.0,0.3466355984965172,0.0
MF,c1,1003,0.626875,1.406587193460619e-06,0.9998193887098938,0.3465436871155733,4096,0,0,1.0,0.0,0.0,0,0.0,0.3465436871155733,0.0
MF,c1,1004,0.6275000000000001,1.4134348937537762e-06,0.9998169019926414,0.3464519261922613,4096,0,0,1.0,0.0,0.0,0,0.0,0.3464519261922613,0.0
MF,c1,1005,0.628125,1.4204833928820521e-06,0.9998143536522371,0.34636031523094224,4096,0,0,1.0,0.0,0.0,0,0.0,0.34636031523094224,0.0
MF,c1,1006,0.62875,1.4277368615175014e-06,0.999811742368285,0.346268853736709,4096,0,0,1.0,0.0,0.0,0,0.0,0.346268853736709,0.0
MF,c1,1007,0.629375,1.435199521142501e-06,0.9998090668005009,0.3461775412153891,4096,0,0,1.0,0.0,0.0,0,0.0,0.3461775412153891,0.0
MF,c1,1008,0.63,1.4410892155849641e-06,0.999806325588569,0.34608637717354823,4096,0,0,1.0,0.0,0.0,0,0.0,0.34608637717354823,0.0
MF,c1,1009,0.630625,1.4445939261586689e-06,0.9998035173519674,0.3459953611184941,4096,0,0,1.0,0.0,0.0,0,0.0,0.3459953611184941,0.0
MF,c1,1010,0.63125,1.448225824635425e-06,0.9998006406897438,0.34590449255827904,4096,0,0,1.0,0.0,0.0,0,0.0,0.34590449255827904,0.0
MF,c1,1011,0.631875,1.451988072148289e-06,0.9997976941804005,0.3458137710017039,4096,0,0,1.0,0.0,0.0,0,0.0,0.3458137710017039,0.0
MF,c1,1012,0.6325000000000001,1.4558838694802928e-06,0.9997946763816513,0.3457231959583204,4096,0,0,1.0,0.0,0.0,0,0.0,0.3457231959583204,0.0
MF,c1,1013,0.633125,1.4599164573773583e-06,0.9997915858302936,0.3456327669384352,4096,0,0,1.0,0.0,0.0,0,0.0,0.3456327669384352,0.0
MF,c1,1014,0.63375,1.4640891168611909e-06,0.9997893072058642,0.3455424834531128,4096,0,0,1.0,0.0,0.0,0,0.0,0.3455424834531128,0.0
MF,c1,1015,0.634375,1.4684051695420693e-06,0.9997872100228012,0.3454523450141779,4096,0,0,1.0,0.0,0.0,0,0.0,0.3454523450141779,0.0
MF,c1,1016,0.635,1.472867977931675e-06,0.9997850632948796,0.3453623511342196,4096,0,0,1.0,0.0,0.0,0,0.0,0.3453623511342196,0.0
MF,c1,1017,0.635625,1.4774809457554935e-06,0.9997828658918037,0.3452725013265933,4096,0,0,1.0,0.0,0.0,0,0.0,0.3452725013265933,0.0
MF,c1,1018,0.63625,1.4822475182650957e-06,0.9997806166655496,0.34518279510542443,4096,0,0,1.0,0.0,0.0,0,0.0,0.34518279510542443,0.0
MF,c1,1019,0.636875,1.487171182549819e-06,0.9997783144501434,0.3450932319856108,4096,0,0,1.0,0.0,0.0,0,0.0,0.3450932319856108,0.0
MF,c1,1020,0.6375000000000001,1.492255467847996e-06,0.999775958061485,0.345003811482826,4096,0,0,1.0,0.0,0.0,0,0.0,0.345003811482826,0.0
MF,c1,1021,0.638125,1.4975039458576298e-06,0.9997735462972364,0.3449145331135216,4096,0,0,1.0,0.0,0.0,0,0.0,0.3449145331135216,0.0
MF,c1,1022,0.63875,1.5029202310461587e-06,0.9997710779365737,0.3448253963949307,4096,0,0,1.0,0.0,0.0,0,0.0,0.3448253963949307,0.0
MF,c1,1023,0.639375,1.5085079809595778e-06,0.999768551740095,0.34473640084506973,4096,0,0,1.0,0.0,0.0,0,0.0,0.34473640084506973,0.0
MF,c1,1024,0.64,1.5142708965304084e-06,0.9997659664495684,0.3446475459827422,4096,0,0,1.0,0.0,0.0,0,0.0,0.3446475459827422,0.0
MF,c1,1025,0.640625,1.5202127223847978e-06,0.9997633207878446,0.3445588313275405,4096,0,0,1.0,0.0,0.0,0,0.0,0.3445588313275405,0.0
MF,c1,1026,0.64125,1.5263372471482752e-06,0.999760613458624,0.344470256399849,4096,0,0,1.0,0.0,0.0,0,0.0,0.344470256399849,0.0
MF,c1,1027,0.641875,1.5326483037502803e-06,0.999757843146285,0.34438182072084655,4096,0,0,1.0,0.0,0.0,0,0.0,0.34438182072084655,0.0
MF,c1,1028,0.6425,1.539149769727361e-06,0.9997550085157823,0.344293523812509,4096,0,0,1.0,0.0,0.0,0,0.0,0.344293523812509,0.0
MF,c1,1029,0.6431250000000001,1.5458455675246665e-06,0.9997521082123858,0.34420536519761163,4096,0,0,1.0,0.0,0.0,0,0.0,0.34420536519761163,0.0
MF,c1,1030,0.64375,1.5527396647959849e-06,0.9997491408616039,0.3441173443997321,4096,0,0,1.0,0.0,0.0,0,0.0,0.3441173443997321,0.0
MF,c1,1031,0.644375,1.5598360747018348e-06,0.9997461050689478,0.344029460943252,4096,0,0,1.0,0.0,0.0,0,0.0,0.344029460943252,0.0
MF,c1,1032,0.645,1.5671388562057332e-06,0.99974299941976,0.34394171435336035,4096,0,0,1.0,0.0,0.0,0,0.0,0.34394171435336035,0.0
MF,c1,1033,0.645625,1.5746521143685081e-06,0.9997398224791197,0.3438541041560553,4096,0,0,1.0,0.0,0.0,0,0.0,0.3438541041560553,0.0
MF,c1,1034,0.64625,1.5814861679536972e-06,0.9997365727915807,0.3437666298781464,4096,0,0,1.0,0.0,0.0,0,0.0,0.3437666298781464,0.0
MF,c1,1035,0.646875,1.5849318294051894e-06,0.9997332488811008,0.3436792910472575,4096,0,0,1.0,0.0,0.0,0,0.0,0.3436792910472575,0.0
MF,c1,1036,0.6475,1.5885061563316513e-06,0.9997298492508045,0.34359208719182854,4096,0,0,1.0,0.0,0.0,0,0.0,0.34359208719182854,0.0
MF,c1,1037,0.6481250000000001,1.5922122513636014e-06,0.9997263723828178,0.343505017841118,4096,0,0,1.0,0.0,0.0,0,0.0,0.343505017841118,0.0
MF,c1,1038,0.64875,1.5960532534766754e-06,0.9997228167381776,0.343418082525205,4096,0,0,1.0,0.0,0.0,0,0.0,0.343418082525205,0.0
MF,c1,1039,0.649375,1.6000323382431312e-06,0.999720194330434,0.3433312807749918,4096,0,0,1.0,0.0,0.0,0,0.0,0.3433312807749918,0.0
MF,c1,1040,0.65,1.604152718083171e-06,0.999717728152996,0.3432446121222055,4096,0,0,1.0,0.0,0.0,0,0.0,0.3432446121222055,0.0
MF,c2,0,0.0,0.0,1.0,0.5,3456,0,640,0.84375,0.0,0.15625,0,0.0,0.5,0.0
MF,c2,1,0.000625,6.853532144853641e-39,1.000126999245354,0.4999409526775195,4096,0,0,1.0,0.0,0.0,0,0.0,0.4999409526775195,0.0
MF,c2,2,0.00125,6.967602923828232e-36,1.000270730796881,0.49988098371413064,4096,0,0,1.0,0.0,0.0,0,0.0,0.49988098371413064,0.0
MF,c2,3,0.001875,3.868979212644394e-34,1.0004114935191775,0.4998201250354591,4096,0,0,1.0,0.0,0.0,0,0.0,0.4998201250354591,0.0
MF,c2,4,0.0025,6.604917744540105e-33,1.0005493180071736,0.4997584064455807,4096,0,0,1.0,0.0,0.0,0,0.0,0.4997584064455807,0.0
MF,c2,5,0.003125,5.913079037606621e-32,1.0006930106924126,0.4996958557937091,4096,0,0,1.0,0.0,0.0,0,0.0,0.4996958557937091,0.0
MF,c2,6,0.00375,3.519894746033798e-31,1.0008436707058728,0.4996324991243673,4096,0,0,1.0,0.0,0.0,0,0.0,0.4996324991243673,0.0
MF,c2,7,0.004375,1.581181869491096e-30,1.0009914711452894,0.4995683608129746,4096,0,0,1.0,0.0,0.0,0,0.0,0.4995683608129746,0.0
MF,c2,8,0.005,5.780685343496816e-30,1.0011364373254732,0.4995034636885219,4096,0,0,1.0,0.0,0.0,0,0.0,0.4995034636885219,0.0
MF,c2,9,0.005625,1.8058410292608343e-29,1.0012785920929164,0.4994378291448089,4096,0,0,1.0,0.0,0.0,0,0.0,0.4994378291448089,0.0
MF,c2,10,0.00625,4.9834266785732526e-29,1.0014179568736021,0.49937147724152753,4096,0,0,1.0,0.0,0.0,0,0.0,0.49937147724152753,0.0
MF,c2,11,0.006875,1.2440232536098843e-28,1.0015545524539764,0.49930442679632153,4096,0,0,1.0,0.0,0.0,0,0.0,0.49930442679632153,0.0
MF,c2,12,0.0075,2.8588318467573017e-28,1.0016883995544033,0.4992366954688098,4096,0,0,1.0,0.0,0.0,0,0.0,0.4992366954688098,0.0
MF,c2,13,0.008125,6.128949075007877e-28,1.0018197728876543,0.49916829983744293,4096,0,0,1.0,0.0,0.0,0,0.0,0.49916829983744293,0.0
MF,c2,14,0.00875,1.2385452449084531e-27,1.0019514949080912,0.4990992554699532,4096,0,0,1.0,0.0,0.0,0,0.0,0.4990992554699532,0.0
MF,c2,15,0.009375,2.378628754188168e-27,1.0020809015948895,0.4990295769880681,4096,0,0,1.0,0.0,0.0,0,0.0,0.4990295769880681,0.0
MF,c2,16,0.01,4.37019489100842e-27,1.0022079993263675,0.4989592781270749,4096,0,0,1.0,0.0,0.0,0,0.0,0.4989592781270749,0.0
MF,c2,17,0.010625,7.722933052804538e-27,1.0023327960718957,0.4988883717907557,4096,0,0,1.0,0.0,0.0,0,0.0,0.4988883717907557,0.0
MF,c2,18,0.01125,1.318609453783289e-26,1.0024553013657564,0.4988168701021484,4096,0,0,1.0,0.0,0.0,0,0.0,0.4988168701021484,0.0
MF,c2,19,0.011875,2.1833936988351654e-26,1.0025755262544502,0.4987447844505388,4096,0,0,1.0,0.0,0.0,0,0.0,0.4987447844505388,0.0
MF,c2,20,0.0125,3.517293247315457e-26,1.0026934832299508,0.49867212553503926,4096,0,0,1.0,0.0,0.0,0,0.0,0.49867212553503926,0.0
MF,c2,21,0.013125,5.5274225108143e-26,1.0028091861511532,0.4985989034050724,4096,0,0,1.0,0.0,0.0,0,0.0,0.4985989034050724,0.0
MF,c2,22,0.01375,8.49350579338782e-26,1.0029337523781066,0.4985251274980401,4096,0,0,1.0,0.0,0.0,0,0.0,0.4985251274980401,0.0
MF,c2,23,0.014375,-0.001247330513362628,1.0030601079955759,0.498450806674429,4094,2,0,0.99951171875,0.00048828125,0.0,2,0.00048828125,0.49845133227281746,-5.255983884916054e-07
MF,c2,24,0.015,-0.0026502339004191924,1.0031841339425414,0.4983759492505759,4094,2,0,0.99951171875,0.00048828125,0.0,2,0.00048828125,0.49837718203465103,-1.2327840751636421e-06
MF,c2,25,0.015625,-0.003701932881775148,1.0046118868774987,0.49830056302929265,4092,4,0,0.9990234375,0.0009765625,0.0,4,0.0009765625,0.4983025437632734,-1.9807339807122844e-06
MF,c2,26,0.01625,-0.004452248936095192,1.0059430896315782,0.49822465532853044,4092,4,0,0.9990234375,0.0009765625,0.0,4,0.0009765625,0.4982275606774107,-2.905348880223998e-06
MF,c2,27,0.016875,-0.004946411679373153,1.0069976527911564,0.49814823300824196,4092,4,0,0.9990234375,0.0009765625,0.0,4,0.0009765625,0.4981518030459803,-3.570037738309932e-06
MF,c2,28,0.0175,-0.005258727337770914,1.0077921961936769,0.4980713024955884,4092,4,0,0.9990234375,0.0009765625,0.0,4,0.0009765625,0.4980753162200913,-4.013724502955718e-06
MF,c2,29,0.018125,-0.005410393022847037,1.0083378957150926,0.49799386980861887,4092,4,0,0.9990234375,0.0009765625,0.0,4,0.0009765625,0.4979981413005512,-4.2714919323295785e-06
MF,c2,30,0.01875,-0.0054086137534014945,1.0086699903582006,0.4979159405785409,4092,4,0,0.9990234375,0.0009765625,0.0,4,0.0009765625,0.4979203153543747,-4.3747758338081126e-06
MF,c2,31,0.019375,-0.005282663955942844,1.0088208224813546,0.4978375200706861,4092,4,0,0.9990234375,0.0009765625,0.0,4,0.0009765625,0.49784187164372184,-4.351573035711196e-06
MF,c2,32,0.02,-0.005058383292741965,1.0088199091859131,0.4977586132042691,4090,6,0,0.99853515625,0.00146484375,0.0,6,0.00146484375,0.4977628420098966,-4.228805627494257e-06
MF,c2,33,0.020625,-0.004758414898644675,1.0086940312504964,0.4976792245710246,4090,6,0,0.99853515625,0.00146484375,0.0,6,0.00146484375,0.4976832507711054,-4.026200080807654e-06
MF,c2,34,0.02125,-0.004402445787798594,1.0084673369322799,0.49759935845280184,4089,7,0,0.998291015625,0.001708984375,0.0,7,0.001708984375,0.4976031272850845,-3.7688322826241314e-06
MF,c2,35,0.021875000000000002,-0.004007446050616607,1.0081614580384366,0.4975190188381894,4087,9,0,0.997802734375,0.002197265625,0.0,9,0.002197265625,0.49752320078344037,-4.181945250973721e-06
MF,c2,36,0.0225,-0.003587903985812232,1.007795635787451,0.49743820943823397,4087,9,0,0.997802734375,0.002197265625,0.0,9,0.002197265625,0.4974428854553147,-4.67601708072688e-06
MF,c2,37,0.023125,-0.004416818219107181,1.0073868541173403,0.49735693370131473,4087,9,0,0.997802734375,0.002197265625,0.0,9,0.002197265625,0.49736189706271755,-4.963361402831416e-06
MF,c2,38,0.02375,-0.005337418441382978,1.0069499782640154,0.49727519482722615,4086,10,0,0.99755859375,0.00244140625,0.0,10,0.00244140625,0.49728050203289753,-5.307205671286066e-06
MF,c2,39,0.024375,-0.005996594101518694,1.007882016239564,0.497192995780522,4085,11,0,0.997314453125,0.002685546875,0.0,11,0.002685546875,0.4971987786002576,-5.782819735574567e-06
MF,c2,40,0.025,-0.006513644433196271,1.009166590553606,0.4971103393031628,4085,11,0,0.997314453125,0.002685546875,0.0,11,0.002685546875,0.4971164193064327,-6.0800032699356895e-06
MF,c2,41,0.025625000000000002,-0.0068417122197869966,1.010153976856313,0.4970272279265139,4085,11,0,0.997314453125,0.002685546875,0.0,11,0.002685546875,0.49703340626408954,-6.1783375757003855e-06
MF,c2,42,0.02625,-0.006997569080884418,1.0108786546085815,0.49694366398272904,4085,11,0,0.997314453125,0.002685546875,0.0,11,0.002685546875,0.4969497771955205,-6.113212791467303e-06
MF,c2,43,0.026875,-0.007008906925281706,1.011372889932648,0.49685964961555834,4085,11,0,0.997314453125,0.002685546875,0.0,11,0.002685546875,0.4968655655827505,-5.915967192178269e-06
MF,c2,44,0.0275,-0.0069006270988740915,1.0116667284035843,0.4967751867906126,4087,9,0,0.997802734375,0.002197265625,0.0,9,0.002197265625,0.496780825389498,-5.638598885414328e-06
MF,c2,45,0.028125,-0.006694991796966877,1.0117880074407801,0.4966902773051156,4088,8,0,0.998046875,0.001953125,0.0,8,0.001953125,0.4966956363780162,-5.359072900554348e-06
MF,c2,46,0.02875,-0.006411782346512836,1.0117623862513017,0.4966049227971732,4088,8,0,0.998046875,0.001953125,0.0,8,0.001953125,0.49661003109842283,-5.1083012496006044e-06
MF,c2,47,0.029375000000000002,-0.006068461556037344,1.0116133912733594,0.4965191247545851,4089,7,0,0.998291015625,0.001708984375,0.0,7,0.001708984375,0.49652395656132625,-4.831806741159267e-06
MF,c2,48,0.03,-0.005680337679188918,1.0113624750938934,0.4964328845232259,4089,7,0,0.998291015625,0.001708984375,0.0,7,0.001708984375,0.4964377260645546,-4.841541328723249e-06
MF,c2,49,0.030625,-0.005260727870039505,1.0110290868657774,0.4963462033150167,4088,8,0,0.998046875,0.001953125,0.0,8,0.001953125,0.4963514661987029,-5.262883686168204e-06
MF,c2,50,0.03125,-0.004821119321434679,1.0106307523235634,0.49625908221551024,4088,8,0,0.998046875,0.001953125,0.0,8,0.001953125,0.4962646127169361,-5.5305014258230715e-06
MF,c2,51,0.031875,-0.004684600516408991,1.010183161588248,0.49617152219110916,4087,9,0,0.997802734375,0.002197265625,0.0,9,0.002197265625,0.4961771758271947,-5.653636085521338e-06
MF,c2,52,0.0325,-0.005356262061671039,1.0097002630576273,0.4960835240959374,4086,10,0,0.99755859375,0.00244140625,0.0,10,0.00244140625,0.4960893212094567,-5.797113519251435e-06
MF,c2,53,0.033125,-0.005833365240268453,1.0091943617959314,0.49599508867838105,4086,10,0,0.99755859375,0.00244140625,0.0,10,0.00244140625,0.4960009732602453,-5.884581864308488e-06
MF,c2,54,0.03375,-0.006141795313577055,1.0087608276143658,0.49590621658731693,4086,10,0,0.99755859375,0.00244140625,0.0,10,0.00244140625,0.49591206124721493,-5.8446598980018475e-06
MF,c2,55,0.034375,-0.006305259429933102,1.0096105850586863,0.4958169083780431,4085,11,0,0.997314453125,0.002685546875,0.0,11,0.002685546875,0.4958227493895194,-5.8410114763462495e-06
MF,c2,56,0.035,-0.006350672447849279,1.0104132477382555,0.4957271645179281,4085,11,0,0.997314453125,0.002685546875,0.0,11,0.002685546875,0.49573294268468115,-5.778166753058141e-06
MF,c2,57,0.035625000000000004,-0.006388662209500967,1.011008088338698,0.4956369853917903,4085,11,0,0.997314453125,0.002685546875,0.0,11,0.002685546875,0.49564259571293773,-5.6103211474081725e-06
MF,c2,58,0.03625,-0.006329159219013297,1.0114179366960296,0.4955463713070235,4085,11,0,0.997314453125,0.002685546875,0.0,11,0.002685546875,0.49555172891980315,-5.357612779716344e-06
MF,c2,59,0.036875,-0.006188656880148514,1.0116653501157629,0.4954553224984774,4086,10,0,0.99755859375,0.00244140625,0.0,10,0.00244140625,0.4954603916362855,-5.069137808144815e-06
MF,c2,60,0.0375,-0.00598195586080683,1.0117713490765472,0.4953638391331097,4086,10,0,0.99755859375,0.00244140625,0.0,10,0.00244140625,0.49536859867231464,-4.759539204959227e-06
MF,c2,61,0.038125,-0.005722264666260277,1.0117554310087926,0.49527192131441544,4086,10,0,0.99755859375,0.00244140625,0.0,10,0.00244140625,0.49527632887114303,-4.407556727593732e-06
MF,c2,62,0.03875,-0.005421301822485558,1.0116355947968958,0.495179569086649,4086,10,0,0.99755859375,0.00244140625,0.0,10,0.00244140625,0.4951837935339931,-4.224447344143745e-06
MF,c2,63,0.039375,-0.005089398392994474,1.0114283746984634,0.49508678243884435,4086,10,0,0.99755859375,0.00244140625,0.0,10,0.00244140625,0.49509094883379,-4.166394945635209e-06
MF,c2,64,0.04,-0.004735599724183596,1.0111488824071002,0.4949935613086469,4086,10,0,0.99755859375,0.00244140625,0.0,10,0.00244140625,0.49499777116266513,-4.209854018179702e-06
MF,c2,65,0.040625,-0.0043677654756408505,1.0108108560307236,0.49489990558596286,4087,9,0,0.997802734375,0.002197265625,0.0,9,0.002197265625,0.4949042529335395,-4.347347576653288e-06
MF,c2,66,0.04125,-0.004280475247036115,1.0104267148160573,0.49480581511643645,4086,10,0,0.99755859375,0.00244140625,0.0,10,0.00244140625,0.494810234536318,-4.4194198815400555e-06
MF,c2,67,0.041875,-0.004733176620409793,1.010007618508569,0.494711289704762,4087,9,0,0.997802734375,0.002197265625,0.0,9,0.002197265625,0.4947158356553932,-4.545950631127577e-06
MF,c2,68,0.0425,-0.005049643722581152,1.0095635303162385,0.49461632911783876,4087,9,0,0.997802734375,0.002197265625,0.0,9,0.002197265625,0.4946208957693351,-4.566651496351815e-06
MF,c2,69,0.043125000000000004,-0.005247334605597242,1.0091032825152486,0.49452093308777667,4087,9,0,0.997802734375,0.002197265625,0.0,9,0.002197265625,0.4945254292918275,-4.4962040508392795e-06
MF,c2,70,0.043750000000000004,-0.0053422847712765835,1.0086673578912235,0.4944251013147581,4087,9,0,0.997802734375,0.002197265625,0.0,9,0.002197265625,0.4944294512943447,-4.349979586581886e-06
MF,c2,71,0.044375,-0.005349160823908877,1.0092453662913037,0.4943288334697639,4089,7,0,0.998291015625,0.001708984375,0.0,7,0.001708984375,0.49433298403731674,-4.150567552835501e-06
MF,c2,72,0.045,-0.0052813189947566695,1.0096602311227403,0.49423212919716925,4089,7,0,0.998291015625,0.001708984375,0.0,7,0.001708984375,0.49423608790007234,-3.958702903085111e-06
MF,c2,73,0.045625,-0.0051508674002197505,1.0099301013626234,0.4941349881172145,4089,7,0,0.998291015625,0.001708984375,0.0,7,0.001708984375,0.4941387130911538,-3.7249739393124767e-06
MF,c2,74,0.04625,-0.004968731000165008,1.0100720078565275,0.4940374098283593,4089,7,0,0.998291015625,0.001708984375,0.0,7,0.001708984375,0.4940408684465558,-3.4586181965390418e-06
MF,c2,75,0.046875,-0.004744718325702998,1.010101865533946,0.49393939390952085,4089,7,0,0.998291015625,0.001708984375,0.0,7,0.001708984375,0.49394256167888395,-3.1677693630623737e-06
MF,c2,76,0.0475,-0.004487589145787771,1.0100344833843053,0.49384093992220707,4089,7,0,0.998291015625,0.001708984375,0.0,7,0.001708984375,0.4938437994649552,-2.859542748135393e-06
MF,c2,77,0.048125,-0.0042051223384347745,1.009883581377457,0.493742047412544,4092,4,0,0.9990234375,0.0009765625,0.0,4,0.0009765625,0.49374460657439173,-2.5591618477143035e-06
MF,c2,78,0.04875,-0.0039041833242509398,1.0096618135311235,0.49364271591320696,4091,5,0,0.998779296875,0.001220703125,0.0,5,0.001220703125,0.4936451297956359,-2.4138824289449026e-06
MF,c2,79,0.049375,-0.0036213205579868455,1.0094823448346308,0.4935429449452555,4091,5,0,0.998779296875,0.001220703125,0.0,5,0.001220703125,0.49354533513879234,-2.39019353677591e-06
MF,c2,80,0.05,-0.003365082059148667,1.009302714611209,0.4934427340198807,4092,4,0,0.9990234375,0.0009765625,0.0,4,0.0009765625,0.4934450799010781,-2.34588119741759e-06
MF,c2,81,0.050625,-0.003098049428387451,1.0090723117851732,0.4933420826400647,4092,4,0,0.9990234375,0.0009765625,0.0,4,0.0009765625,0.4933443664609981,-2.283820933464482e-06
MF,c2,82,0.051250000000000004,-0.0029823552372097908,1.0088003303194568,0.49324099030215973,4091,5,0,0.998779296875,0.001220703125,0.0,5,0.001220703125,0.49324329813516254,-2.3078330028297656e-06
MF,c2,83,0.051875000000000004,-0.003333939459116263,1.0084951060052905,0.4931394564973884,4091,5,0,0.998779296875,0.001220703125,0.0,5,0.001220703125,0.49314174945214573,-2.2929547573827797e-06
MF,c2,84,0.0525,-0.0035886344031347698,1.0081641563323949,0.4930374807132685,4090,6,0,0.99853515625,0.00146484375,0.0,6,0.00146484375,0.4930398104985989,-2.3297853303867274e-06
MF,c2,85,0.053125,-0.0037580696956924114,1.007814221978633,0.4929350624349681,4091,5,0,0.998779296875,0.001220703125,0.0,5,0.001220703125,0.4929374495541833,-2.387119215191524e-06
MF,c2,86,0.05375,-0.0038529641832811224,1.007606426327374,0.4928322011465903,4091,5,0,0.998779296875,0.001220703125,0.0,5,0.001220703125,0.49283459592268386,-2.394776093547579e-06
MF,c2,87,0.054375,-0.003883162180811013,1.0076276978633494,0.4927288963323946,4091,5,0,0.998779296875,0.001220703125,0.0,5,0.001220703125,0.49273125152432057,-2.355191925988202e-06
MF,c2,88,0.055,-0.003857671835538361,1.0076475155723106,0.49262514747795433,4091,5,0,0.998779296875,0.001220703125,0.0,5,0.001220703125,0.492627423224054,-2.2757460996779666e-06
MF,c2,89,0.055625,-0.003784705054694382,1.0077439006399451,0.4925209540712564,4091,5,0,0.998779296875,0.001220703125,0.0,5,0.001220703125,0.49252311715825947,-2.1630870030299956e-06
MF,c2,90,0.05625,-0.003671718496340731,1.0079677926836257,0.49241631560374244,4091,5,0,0.998779296875,0.001220703125,0.0,5,0.001220703125,0.4924183387824296,-2.0231786871000005e-06
MF,c2,91,0.056875,-0.003525455172820072,1.0080947330491143,0.4923112315712964,4091,5,0,0.998779296875,0.001220703125,0.0,5,0.001220703125,0.49231309291804465,-1.8613467482817363e-06
MF,c2,92,0.0575,-0.0033519862647313934,1.0081358685067623,0.49220570147518006,4092,4,0,0.9990234375,0.0009765625,0.0,4,0.0009765625,0.4922073949752278,-1.6935000477368577e-06
MF,c2,93,0.058125,-0.0031567527898130926,1.0081015990105473,0.49209972482291925,4092,4,0,0.9990234375,0.0009765625,0.0,4,0.0009765625,0.4921012726737061,-1.5478507868609177e-06
MF,c2,94,0.058750000000000004,-0.0029446068152180187,1.0080015916201557,0.49199330112914147,4093,3,0,0.999267578125,0.000732421875,0.0,3,0.000732421875,0.4919946955106392,-1.3943814976827728e-06
MF,c2,95,0.059375000000000004,-0.0027198519435026164,1.0078447977243112,0.49188642991636966,4093,3,0,0.999267578125,0.000732421875,0.0,3,0.000732421875,0.49188769639521385,-1.2664788441843527e-06
MF,c2,96,0.06,-0.002486282841754344,1.0078631466307368,0.49177911071577135,4093,3,0,0.999267578125,0.000732421875,0.0,3,0.000732421875,0.49178023959498507,-1.1288792137492845e-06
MF,c2,97,0.060625,-0.0022472236197672722,1.0078862582885977,0.49167134306786675,4093,3,0,0.999267578125,0.000732421875,0.0,3,0.000732421875,0.4916723272606778,-9.841928109553786e-07
MF,c2,98,0.06125,-0.0020055648968741267,1.0079080809858174,0.49156312652319817,4093,3,0,0.999267578125,0.000732421875,0.0,3,0.000732421875,0.49156396123213797,-8.347089398205938e-07
MF,c2,99,0.061875,-0.0017637994280637567,1.007928612726632,0.49145446064295917,4091,5,0,0.998779296875,0.001220703125,0.0,5,0.001220703125,0.4914551953972238,-7.347542646317963e-07
MF,c2,100,0.0625,-0.0015240561882967634,1.0079478509994082,0.4913453449995906,4092,4,0,0.9990234375,0.0009765625,0.0,4,0.0009765625,0.4913461397105741,-7.947109835695231e-07
MF,c2,101,0.063125,-0.0012881328395693207,1.0079657927248682,0.4912357791773393,4092,4,0,0.9990234375,0.0009765625,0.0,4,0.0009765625,0.49123661823696857,-8.390596292826924e-07
MF,c2,102,0.06375,-0.0011369462098051067,1.0079824342053663,0.49112576277278547,4092,4,0,0.9990234375,0.0009765625,0.0,4,0.0009765625,0.49112661426663257,-8.514938470641006e-07
MF,c2,103,0.064375,-0.001316805866007395,1.0079977710753376,0.49101529539533745,4092,4,0,0.9990234375,0.0009765625,0.0,4,0.0009765625,0.49101613173122655,-8.363358890333257e-07
MF,c2,104,0.065,-0.0014439019742362874,1.0080117982500238,0.4909043766676967,4092,4,0,0.9990234375,0.0009765625,0.0,4,0.0009765625,0.4909051741811886,-7.975134919830699e-07
MF,c2,105,0.065625,-0.0015244515656052276,1.0080245098759282,0.4907930062262937,4093,3,0,0.999267578125,0.000732421875,0.0,3,0.000732421875,0.49079375969433403,-7.534680403866016e-07
MF,c2,106,0.06625,-0.0015641708136003671,1.0080358992810863,0.4906811837216961,4093,3,0,0.999267578125,0.000732421875,0.0,3,0.000732421875,0.49068190076235857,-7.170406624368423e-07
MF,c2,107,0.066875,-0.0015682997392255634,1.0080459589272137,0.49056890881899107,4093,3,0,0.999267578125,0.000732421875,0.0,3,0.000732421875,0.49056957427856807,-6.6545957695418e-07
MF,c2,108,0.0675,-0.0015416270831657983,1.00805468036047,0.4904561811981412,4094,2,0,0.99951171875,0.00048828125,0.0,2,0.00048828125,0.49045682177801475,-6.405798735272609e-07
MF,c2,109,0.068125,-0.0014885151570127775,1.008062054163887,0.49034300055431757,4094,2,0,0.99951171875,0.00048828125,0.0,2,0.00048828125,0.4903436080324862,-6.074781686231564e-07
MF,c2,110,0.06875,-0.0014129245072867474,1.0080680699114641,0.49022936659820876,4094,2,0,0.99951171875,0.00048828125,0.0,2,0.00048828125,0.490229930034773,-5.634365642311615e-07
MF,c2,111,0.069375,-0.001318438246449527,1.008072716121035,0.49011527905630814,4094,2,0,0.99951171875,0.00048828125,0.0,2,0.00048828125,0.49011578927813687,-5.10221828734325e-07
MF,c2,112,0.07,-0.001208285924153906,1.008075980209189,0.49000073767118024,4094,2,0,0.99951171875,0.00048828125,0.0,2,0.00048828125,0.4900011870962798,-4.4942509952056557e-07
MF,c2,113,0.07062500000000001,-0.0010853668301943759,1.0080778484463186,0.48988574220170683,4094,2,0,0.99951171875,0.00048828125,0.0,2,0.00048828125,0.4898861246751115,-3.8247340468772603e-07
MF,c2,114,0.07125000000000001,-0.0009522726373336526,1.0080783059137357,0.4897702924233136,4094,2,0,0.99951171875,0.00048828125,0.0,2,0.00048828125,0.4897706030641846,-3.10640870948783e-07
MF,c2,115,0.07187500000000001,-0.0008113093078606331,1.0080773364596518,0.48965438812817835,4094,2,0,0.99951171875,0.00048828125,0.0,2,0.00048828125,0.48965462318775693,-2.3505957858699544e-07
MF,c2,116,0.0725,-0.0006645182019576478,1.0080749226572467,0.48953802912542216,4095,1,0,0.999755859375,0.000244140625,0.0,1,0.000244140625,0.4895381913613113,-1.6223588914981635e-07
MF,c2,117,0.073125,-0.0005136963391972087,1.008071045762907,0.4894212152412829,4095,1,0,0.999755859375,0.000244140625,0.0,1,0.000244140625,0.4894213406554282,-1.2541414531181854e-07
MF,c2,118,0.07375,-0.00036041577638591806,1.0080656856765464,0.4893039463192736,4095,1,0,0.999755859375,0.000244140625,0.0,1,0.000244140625,0.4893040343114065,-8.799213290671828e-08
MF,c2,119,0.074375,-0.00020604207584607058,1.0080588209008368,0.4891862222203248,4095,1,0,0.999755859375,0.000244140625,0.0,1,0.000244140625,0.48918627252356595,-5.0303241173357076e-08
MF,c2,120,0.075,-5.175184787626967e-05,1.008050428502211,0.48906804282291216,4095,1,0,0.999755859375,0.000244140625,0.0,1,0.000244140625,0.48906805545764065,-1.26347284854174e-08
MF,c2,121,0.075625,2.8944047035043744e-19,1.0080404840736303,0.48894940802317083,4096,0,0,1.0,0.0,0.0,0,0.0,0.48894940802317083,0.0
MF,c2,122,0.07625,3.1301916804798176e-19,1.008028961696297,0.48883031773499597,4096,0,0,1.0,0.0,0.0,0,0.0,0.48883031773499597,0.0
MF,c2,123,0.076875,3.384276378170286e-19,1.0080158339034457,0.48871077189013007,4096,0,0,1.0,0.0,0.0,0,0.0,0.48871077189013007,0.0
MF,c2,124,0.0775,3.6581030564954483e-19,1.0080010716443601,0.48859077043823906,4096,0,0,1.0,0.0,0.0,0,0.0,0.48859077043823906,0.0
MF,c2,125,0.078125,3.9495931246342764e-19,1.0079846442504619,0.488470313346976,4096,0,0,1.0,0.0,0.0,0,0.0,0.488470313346976,0.0
MF,c2,126,0.07875,4.2613249575110625e-19,1.007966519400404,0.488349400602034,4096,0,0,1.0,0.0,0.0,0,0.0,0.488349400602034,0.0
MF,c2,127,0.079375,4.596252965126949e-19,1.0079466630872604,0.48822803220718874,4096,0,0,1.0,0.0,0.0,0,0.0,0.48822803220718874,0.0
MF,c2,128,0.08,4.9560884246061345e-19,1.0079250395859731,0.48810620818433037,4096,0,0,1.0,0.0,0.0,0,0.0,0.48810620818433037,0.0
MF,c2,129,0.080625,5.342684647479023e-19,1.0079016114229133,0.48798392857348655,4096,0,0,1.0,0.0,0.0,0,0.0,0.48798392857348655,0.0
MF,c2,130,0.08125,5.758052821868974e-19,1.0078763393445065,0.4878611934328352,4096,0,0,1.0,0.0,0.0,0,0.0,0.4878611934328352,0.0
MF,c2,131,0.081875,6.204380266718923e-19,1.007849182287694,0.48773800283870966,4096,0,0,1.0,0.0,0.0,0,0.0,0.48773800283870966,0.0
MF,c2,132,0.0825,6.684051523699452e-19,1.007820097352227,0.487614356885595,4096,0,0,1.0,0.0,0.0,0,0.0,0.487614356885595,0.0
MF,c2,133,0.083125,7.199672789201083e-19,1.007789039772106,0.48749025568611654,4096,0,0,1.0,0.0,0.0,0,0.0,0.48749025568611654,0.0
MF,c2,134,0.08375,7.754100278837801e-19,1.007755962889192,0.4873656993710202,4096,0,0,1.0,0.0,0.0,0,0.0,0.4873656993710202,0.0
MF,c2,135,0.084375,8.35047322270187e-19,1.007720818127207,0.4872406880891468,4096,0,0,1.0,0.0,0.0,0,0.0,0.4872406880891468,0.0
MF,c2,136,0.085,8.992252313482072e-19,1.0076835549679417,0.4871152220073983,4096,0,0,1.0,0.0,0.0,0,0.0,0.4871152220073983,0.0
MF,c2,137,0.085625,9.663558686310085e-19,1.0076441209267017,0.48698930131069906,4096,0,0,1.0,0.0,0.0,0,0.0,0.48698930131069906,0.0
MF,c2,138,0.08625000000000001,1.0381943883059577e-18,1.0076024615300077,0.4868629262019489,4096,0,0,1.0,0.0,0.0,0,0.0,0.4868629262019489,0.0
MF,c2,139,0.08687500000000001,1.1151694044157769e-18,1.0075585202937725,0.4867360969019722,4096,0,0,1.0,0.0,0.0,0,0.0,0.4867360969019722,0.0
MF,c2,140,0.08750000000000001,1.1976648687693283e-18,1.007512238703761,0.48660881364946057,4096,0,0,1.0,0.0,0.0,0,0.0,0.48660881364946057,0.0
MF,c2,141,0.088125,1.2861002819373283e-18,1.0074635561954122,0.4864810767009099,4096,0,0,1.0,0.0,0.0,0,0.0,0.4864810767009099,0.0
MF,c2,142,0.08875,1.3809352825801413e-18,1.0074124101359816,0.486352886330553,4096,0,0,1.0,0.0,0.0,0,0.0,0.486352886330553,0.0
MF,c2,143,0.089375,1.4826749780956878e-18,1.0073587358072782,0.4862242428302878,4096,0,0,1.0,0.0,0.0,0,0.0,0.4862242428302878,0.0
MF,c2,144,0.09,1.5918761440802447e-18,1.0073024663907497,0.48609514650959984,4096,0,0,1.0,0.0,0.0,0,0.0,0.48609514650959984,0.0
MF,c2,145,0.090625,1.7091544416761213e-18,1.0072435329520601,0.48596559769548153,4096,0,0,1.0,0.0,0.0,0,0.0,0.48596559769548153,0.0
MF,c2,146,0.09125,1.835192826909053e-18,1.0071818644280626,0.4858355967323474,4096,0,0,1.0,0.0,0.0,0,0.0,0.4858355967323474,0.0
MF,c2,147,0.091875,1.97075135519915e-18,1.0071304816794406,0.48570514398194464,4096,0,0,1.0,0.0,0.0,0,0.0,0.48570514398194464,0.0
MF,c2,148,0.0925,2.1144093497565927e-18,1.0070795185282877,0.48557423982326114,4096,0,0,1.0,0.0,0.0,0,0.0,0.48557423982326114,0.0
MF,c2,149,0.093125,2.2639322933535682e-18,1.0070261601790638,0.4854428846524295,4096,0,0,1.0,0.0,0.0,0,0.0,0.4854428846524295,0.0
MF,c2,150,0.09375,2.423822543681408e-18,1.0069703352361954,0.48531107888262814,4096,0,0,1.0,0.0,0.0,0,0.0,0.48531107888262814,0.0
MF,c2,151,0.094375,2.5948708057501483e-18,1.00691197016873,0.48517882294397935,4096,0,0,1.0,0.0,0.0,0,0.0,0.48517882294397935,0.0
MF,c2,152,0.095,2.7779473990836714e-18,1.006850989297794,0.48504611728344427,4096,0,0,1.0,0.0,0.0,0,0.0,0.48504611728344427,0.0
MF,c2,153,0.095625,2.9740132492800055e-18,1.0067873147836641,0.4849129623647155,4096,0,0,1.0,0.0,0.0,0,0.0,0.4849129623647155,0.0
MF,c2,154,0.09625,3.184132649774648e-18,1.0067208666151746,0.48477935866810784,4096,0,0,1.0,0.0,0.0,0,0.0,0.48477935866810784,0.0
MF,c2,155,0.096875,3.4094880846937002e-18,1.0066515626001495,0.48464530669044514,4096,0,0,1.0,0.0,0.0,0,0.0,0.48464530669044514,0.0
MF,c2,156,0.0975,3.651397449904461e-18,1.0065793183568856,0.48451080694494675,4096,0,0,1.0,0.0,0.0,0,0.0,0.48451080694494675,0.0
MF,c2,157,0.098125,3.9113340625566965e-18,1.0065040473080455,0.4843758599611107,4096,0,0,1.0,0.0,0.0,0,0.0,0.4843758599611107,0.0
MF,c2,158,0.09875,4.1909499106022324e-18,1.0064256606743318,0.4842404662845957,4096,0,0,1.0,0.0,0.0,0,0.0,0.4842404662845957,0.0
MF,c2,159,0.099375,4.492102663968551e-18,1.0063440674706172,0.48410462647710145,4096,0,0,1.0,0.0,0.0,0,0.0,0.48410462647710145,0.0
MF,c2,160,0.1,4.807082145493567e-18,1.0062591745029714,0.48396834111624637,4096,0,0,1.0,0.0,0.0,0,0.0,0.48396834111624637,0.0
MF,c2,161,0.100625,5.132036823914499e-18,1.0062083747412256,0.48383161079544557,4096,0,0,1.0,0.0,0.0,0,0.0,0.48383161079544557,0.0
MF,c2,162,0.10125,5.4792143425802155e-18,1.0061667133013465,0.4836944361237859,4096,0,0,1.0,0.0,0.0,0,0.0,0.4836944361237859,0.0
MF,c2,163,0.10187500000000001,5.850403289208074e-18,1.0061237393001023,0.48355681772590037,4096,0,0,1.0,0.0,0.0,0,0.0,0.48355681772590037,0.0
MF,c2,164,0.10250000000000001,6.247590500091882e-18,1.0060794241001851,0.4834187562418419,4096,0,0,1.0,0.0,0.0,0,0.0,0.4834187562418419,0.0
MF,c2,165,0.10312500000000001,6.672989541024632e-18,1.0060337378651185,0.48328025232695515,4096,0,0,1.0,0.0,0.0,0,0.0,0.48328025232695515,0.0
MF,c2,166,0.10375000000000001,7.129073649609645e-18,1.0059866495360243,0.48314130665174826,4096,0,0,1.0,0.0,0.0,0,0.0,0.48314130665174826,0.0
MF,c2,167,0.104375,7.618613830547846e-18,1.0059381268072776,0.48300191990176305,4096,0,0,1.0,0.0,0.0,0,0.0,0.48300191990176305,0.0
MF,c2,168,0.105,8.144722897949481e-18,1.0058881361035417,0.48286209277744524,4096,0,0,1.0,0.0,0.0,0,0.0,0.48286209277744524,0.0
MF,c2,169,0.105625,8.710906375676555e-18,1.005836642556994,0.4827218259940131,4096,0,0,1.0,0.0,0.0,0,0.0,0.4827218259940131,0.0
MF,c2,170,0.10625,9.321121299845569e-18,1.0057836099847537,0.48258112028132694,4096,0,0,1.0,0.0,0.0,0,0.0,0.48258112028132694,0.0
MF,c2,171,0.106875,9.979844119078057e-18,1.0057338066921766,0.4824399763837563,4096,0,0,1.0,0.0,0.0,0,0.0,0.4824399763837563,0.0
MF,c2,172,0.1075,1.0692149060377846e-17,1.0056970833754746,0.48229839506004873,4096,0,0,1.0,0.0,0.0,0,0.0,0.48229839506004873,0.0
MF,c2,173,0.108125,1.1421164471331155e-17,1.0056591040375722,0.48215637708319625,4096,0,0,1.0,0.0,0.0,0,0.0,0.48215637708319625,0.0
MF,c2,174,0.10875,1.2168493357814529e-17,1.005619835036405,0.4820139232403035,4096,0,0,1.0,0.0,0.0,0,0.0,0.4820139232403035,0.0
MF,c2,175,0.109375,1.296769720388754e-17,1.0055792415160487,0.48187103433245426,4096,0,0,1.0,0.0,0.0,0,0.0,0.48187103433245426,0.0
MF,c2,176,0.11,1.3823313240594268e-17,1.005537287386583,0.4817277111745785,4096,0,0,1.0,0.0,0.0,0,0.0,0.4817277111745785,0.0
MF,c2,177,0.110625,1.4740422338044195e-17,1.0054939353029988,0.4815839545953193,4096,0,0,1.0,0.0,0.0,0,0.0,0.4815839545953193,0.0
MF,c2,178,0.11125,1.572472718539906e-17,1.0054491466454278,0.4814397654368998,4096,0,0,1.0,0.0,0.0,0,0.0,0.4814397654368998,0.0
MF,c2,179,0.111875,1.6782642121040873e-17,1.0054028814995897,0.48129514455499006,4096,0,0,1.0,0.0,0.0,0,0.0,0.48129514455499006,0.0
MF,c2,180,0.1125,1.7921396299329693e-17,1.0053550986374975,0.4811500928185744,4096,0,0,1.0,0.0,0.0,0,0.0,0.4811500928185744,0.0
MF,c2,181,0.113125,1.9149152112310357e-17,1.0053057554995388,0.48100461110981857,4096,0,0,1.0,0.0,0.0,0,0.0,0.48100461110981857,0.0
MF,c2,182,0.11375,2.047514104693053e-17,1.0052548081757642,0.48085870032393696,4096,0,0,1.0,0.0,0.0,0,0.0,0.48085870032393696,0.0
MF,c2,183,0.114375,2.190981945384168e-17,1.0052022113886032,0.48071236136906076,4096,0,0,1.0,0.0,0.0,0,0.0,0.48071236136906076,0.0
MF,c2,184,0.115,2.3465047037410227e-17,1.005147918475937,0.4805655951661061,4096,0,0,1.0,0.0,0.0,0,0.0,0.4805655951661061,0.0
MF,c2,185,0.115625,2.5154291252113867e-17,1.005091881374556,0.48041840264864216,4096,0,0,1.0,0.0,0.0,0,0.0,0.48041840264864216,0.0
MF,c2,186,0.11625,2.699286121315479e-17,1.0050340506051036,0.48027078476276036,4096,0,0,1.0,0.0,0.0,0,0.0,0.48027078476276036,0.0
MF,c2,187,0.116875,2.8998175204735695e-17,1.0049743752563771,0.4801227424669435,4096,0,0,1.0,0.0,0.0,0,0.0,0.4801227424669435,0.0
MF,c2,188,0.11750000000000001,3.1185667609423104e-17,1.0049128029711574,0.47997427673193543,4096,0,0,1.0,0.0,0.0,0,0.0,0.47997427673193543,0.0
MF,c2,189,0.11812500000000001,3.3234898357976866e-17,1.0048492799325248,0.4798253885406118,4096,0,0,1.0,0.0,0.0,0,0.0,0.4798253885406118,0.0
MF,c2,190,0.11875000000000001,3.543674866007235e-17,1.0047837508508901,0.47967607888785024,4096,0,0,1.0,0.0,0.0,0,0.0,0.47967607888785024,0.0
MF,c2,191,0.11937500000000001,3.780603103926382e-17,1.0047161589515552,0.47952634878040246,4096,0,0,1.0,0.0,0.0,0,0.0,0.47952634878040246,0.0
MF,c2,192,0.12,4.035939888844624e-17,1.0046464459638846,0.4793761992367658,4096,0,0,1.0,0.0,0.0,0,0.0,0.4793761992367658,0.0
MF,c2,193,0.120625,4.311560049742159e-17,1.0045745521099891,0.47922563128705603,4096,0,0,1.0,0.0,0.0,0,0.0,0.47922563128705603,0.0
MF,c2,194,0.12125,4.6095768251822127e-17,1.0045134822722566,0.47907464597288074,4096,0,0,1.0,0.0,0.0,0,0.0,0.47907464597288074,0.0
MF,c2,195,0.121875,4.9323747691032026e-17,1.0044634516660964,0.4789232443472134,4096,0,0,1.0,0.0,0.0,0,0.0,0.4789232443472134,0.0
MF,c2,196,0.1225,5.2826471704339786e-17,1.0044116849575637,0.47877142747426793,4096,0,0,1.0,0.0,0.0,0,0.0,0.47877142747426793,0.0
MF,c2,197,0.123125,5.663438580638186e-17,1.0043581304274711,0.47861919642937434,4096,0,0,1.0,0.0,0.0,0,0.0,0.47861919642937434,0.0
MF,c2,198,0.12375,6.078193117230141e-17,1.0043027350001343,0.4784665522988548,4096,0,0,1.0,0.0,0.0,0,0.0,0.4784665522988548,0.0
MF,c2,199,0.124375,6.53080929393511e-17,1.0042454442317146,0.47831349617990077,4096,0,0,1.0,0.0,0.0,0,0.0,0.47831349617990077,0.0
MF,c2,200,0.125,7.025702220252758e-17,1.0041862023000112,0.4781600291804506,4096,0,0,1.0,0.0,0.0,0,0.0,0.4781600291804506,0.0
MF,c2,201,0.12562500000000001,7.56787411596192e-17,1.00412495199476,0.4780061524190684,4096,0,0,1.0,0.0,0.0,0,0.0,0.4780061524190684,0.0
MF,c2,202,0.12625,8.162994200543102e-17,1.004061634708643,0.4778518670248233,4096,0,0,1.0,0.0,0.0,0,0.0,0.4778518670248233,0.0
MF,c2,203,0.12687500000000002,8.817489144916183e-17,1.0039961904288501,0.47769717413716994,4096,0,0,1.0,0.0,0.0,0,0.0,0.47769717413716994,0.0
MF,c2,204,0.1275,9.538645414591755e-17,1.0039285577301469,0.47754207490582934,4096,0,0,1.0,0.0,0.0,0,0.0,0.47754207490582934,0.0
MF,c2,205,0.128125,1.0334724990944002e-16,1.003858673767588,0.477386570490671,4096,0,0,1.0,0.0,0.0,0,0.0,0.477386570490671,0.0
MF,c2,206,0.12875,1.1215096132199365e-16,1.0037864742707732,0.4772306620615958,4096,0,0,1.0,0.0,0.0,0,0.0,0.4772306620615958,0.0
MF,c2,207,0.129375,1.2190381030003065e-16,1.0037118935387277,0.4770743507984202,4096,0,0,1.0,0.0,0.0,0,0.0,0.4770743507984202,0.0
MF,c2,208,0.13,1.3272622432780184e-16,1.0036348644356112,0.47691763789076014,4096,0,0,1.0,0.0,0.0,0,0.0,0.47691763789076014,0.0
MF,c2,209,0.130625,1.4473846311736113e-16,1.0035555283099789,0.4767605245379173,4096,0,0,1.0,0.0,0.0,0,0.0,0.4767605245379173,0.0
MF,c2,210,0.13125,1.5532848724644754e-16,1.0035037756205347,0.4766030119487657,4096,0,0,1.0,0.0,0.0,0,0.0,0.4766030119487657,0.0
MF,c2,211,0.131875,1.6683903399940557e-16,1.0034501593685103,0.4764451013416385,4096,0,0,1.0,0.0,0.0,0,0.0,0.4764451013416385,0.0
MF,c2,212,0.1325,1.7936798775815102e-16,1.0033946243024523,0.47628679394421736,4096,0,0,1.0,0.0,0.0,0,0.0,0.47628679394421736,0.0
MF,c2,213,0.133125,1.9302508448358315e-16,1.0033371139089118,0.476128090993421,4096,0,0,1.0,0.0,0.0,0,0.0,0.476128090993421,0.0
MF,c2,214,0.13375,2.0793340420568088e-16,1.0032775704065484,0.475968993735296,4096,0,0,1.0,0.0,0.0,0,0.0,0.475968993735296,0.0
MF,c2,215,0.134375,2.242310483885652e-16,1.0032159347409295,0.4758095034249081,4096,0,0,1.0,0.0,0.0,0,0.0,0.4758095034249081,0.0
MF,c2,216,0.135,2.4207302408339037e-16,1.0031521465800293,0.475649621326234,4096,0,0,1.0,0.0,0.0,0,0.0,0.475649621326234,0.0
MF,c2,217,0.135625,2.6163335923077385e-16,1.003111561288688,0.4754893487120553,4096,0,0,1.0,0.0,0.0,0,0.0,0.4754893487120553,0.0
MF,c2,218,0.13625,2.8310747617751403e-16,1.0030826875214072,0.4753286868638521,4096,0,0,1.0,0.0,0.0,0,0.0,0.4753286868638521,0.0
MF,c2,219,0.136875,3.0671485345817375e-16,1.0030530632883172,0.4751676370716984,4096,0,0,1.0,0.0,0.0,0,0.0,0.4751676370716984,0.0
MF,c2,220,0.1375,3.327020091795754e-16,1.0030226691574,0.47500620063415827,4096,0,0,1.0,0.0,0.0,0,0.0,0.47500620063415827,0.0
MF,c2,221,0.138125,3.6134584297388477e-16,1.002991484995651,0.4748443788581831,4096,0,0,1.0,0.0,0.0,0,0.0,0.4748443788581831,0.0
MF,c2,222,0.13875,3.929573774778973e-16,1.0029594899562166,0.47468217305900917,4096,0,0,1.0,0.0,0.0,0,0.0,0.47468217305900917,0.0
MF,c2,223,0.139375,4.2788594469014256e-16,1.0029266624657465,0.4745195845600576,4096,0,0,1.0,0.0,0.0,0,0.0,0.4745195845600576,0.0
MF,c2,224,0.14,4.665238673896098e-16,1.0028929802119562,0.47435661469283386,4096,0,0,1.0,0.0,0.0,0,0.0,0.47435661469283386,0.0
MF,c2,225,0.140625,5.093116911108599e-16,1.0028584201312718,0.4741932647968287,4096,0,0,1.0,0.0,0.0,0,0.0,0.4741932647968287,0.0
MF,c2,226,0.14125000000000001,5.567440280013461e-16,1.0028229583973163,0.47402953621942084,4096,0,0,1.0,0.0,0.0,0,0.0,0.47402953621942084,0.0
MF,c2,227,0.141875,6.093760802925479e-16,1.0027865704087546,0.47386543031577927,4096,0,0,1.0,0.0,0.0,0,0.0,0.47386543031577927,0.0
MF,c2,228,0.14250000000000002,6.678309181334848e-16,1.0027492307780046,0.47370094844876776,4096,0,0,1.0,0.0,0.0,0,0.0,0.47370094844876776,0.0
MF,c2,229,0.143125,7.32807594235928e-16,1.0027109133200802,0.47353609198884977,4096,0,0,1.0,0.0,0.0,0,0.0,0.47353609198884977,0.0
MF,c2,230,0.14375000000000002,8.05090186211118e-16,1.0026715910417308,0.473370862313994,4096,0,0,1.0,0.0,0.0,0,0.0,0.473370862313994,0.0
MF,c2,231,0.144375,8.855578667087826e-16,1.002631236130882,0.47320526080958203,4096,0,0,1.0,0.0,0.0,0,0.0,0.47320526080958203,0.0
MF,c2,232,0.145,9.751961115682277e-16,1.0025898199464036,0.47303928886831553,4096,0,0,1.0,0.0,0.0,0,0.0,0.47303928886831553,0.0
MF,c2,233,0.145625,1.0751091672336843e-15,1.002547313008056,0.4728729478901255,4096,0,0,1.0,0.0,0.0,0,0.0,0.4728729478901255,0.0
MF,c2,234,0.14625,1.1865339107479692e-15,1.0025036849873674,0.4727062392820824,4096,0,0,1.0,0.0,0.0,0,0.0,0.4727062392820824,0.0
MF,c2,235,0.146875,1.3108552488213896e-15,1.0024692151338301,0.4725391644583062,4096,0,0,1.0,0.0,0.0,0,0.0,0.4725391644583062,0.0
MF,c2,236,0.1475,1.4390807685755988e-15,1.0024426830691104,0.4723717248398789,4096,0,0,1.0,0.0,0.0,0,0.0,0.4723717248398789,0.0
MF,c2,237,0.148125,1.5541662657535863e-15,1.0024153223555536,0.47220392185475657,4096,0,0,1.0,0.0,0.0,0,0.0,0.47220392185475657,0.0
MF,c2,238,0.14875,1.6796567910683294e-15,1.0023871095286032,0.47203575693768374,4096,0,0,1.0,0.0,0.0,0,0.0,0.47203575693768374,0.0
MF,c2,239,0.149375,1.8166140365709386e-15,1.0023580204551772,0.47186723153010734,4096,0,0,1.0,0.0,0.0,0,0.0,0.47186723153010734,0.0
MF,c2,240,0.15,1.966216087362765e-15,1.0023280303251298,0.4716983470800929,4096,0,0,1.0,0.0,0.0,0,0.0,0.4716983470800929,0.0
MF,c2,241,0.150625,2.129770353876911e-15,1.002297113642951,0.47152910504224055,4096,0,0,1.0,0.0,0.0,0,0.0,0.47152910504224055,0.0
MF,c2,242,0.15125,2.308727901003963e-15,1.0022652442195925,0.4713595068776025,4096,0,0,1.0,0.0,0.0,0,0.0,0.4713595068776025,0.0
MF,c2,243,0.151875,2.5046993171806683e-15,1.00223239516506,0.4711895540536017,4096,0,0,1.0,0.0,0.0,0,0.0,0.4711895540536017,0.0
MF,c2,244,0.1525,2.7194722802836957e-15,1.0021985388805237,0.47101924804395084,4096,0,0,1.0,0.0,0.0,0,0.0,0.47101924804395084,0.0
MF,c2,245,0.153125,2.955030992065142e-15,1.0021636470512105,0.4708485903285728,4096,0,0,1.0,0.0,0.0,0,0.0,0.4708485903285728,0.0
MF,c2,246,0.15375,3.213577669110244e-15,1.0021276906394696,0.47067758239352125,4096,0,0,1.0,0.0,0.0,0,0.0,0.47067758239352125,0.0
MF,c2,247,0.154375,3.497556295932989e-15,1.0020906398781348,0.4705062257309034,4096,0,0,1.0,0.0,0.0,0,0.0,0.4705062257309034,0.0
MF,c2,248,0.155,3.8096788649944955e-15,1.0020524642642012,0.47033452183880214,4096,0,0,1.0,0.0,0.0,0,0.0,0.47033452183880214,0.0
MF,c2,249,0.155625,4.15295434924383e-15,1.0020131325528272,0.4701624722212004,4096,0,0,1.0,0.0,0.0,0,0.0,0.4701624722212004,0.0
MF,c2,250,0.15625,4.5307206753708075e-15,1.0019726127516644,0.4699900783879055,4096,0,0,1.0,0.0,0.0,0,0.0,0.4699900783879055,0.0
MF,c2,251,0.15687500000000001,4.94667999046276e-15,1.0019308721155313,0.4698173418544749,4096,0,0,1.0,0.0,0.0,0,0.0,0.4698173418544749,0.0
MF,c2,252,0.1575,5.404937541321742e-15,1.0018878771413153,0.46964426414214255,4096,0,0,1.0,0.0,0.0,0,0.0,0.46964426414214255,0.0
MF,c2,253,0.15812500000000002,5.910044514460848e-15,1.0018448998588299,0.4694708467777462,4096,0,0,1.0,0.0,0.0,0,0.0,0.4694708467777462,0.0
MF,c2,254,0.15875,6.467045215997482e-15,1.00181923786931,0.46929709129365543,4096,0,0,1.0,0.0,0.0,0,0.0,0.46929709129365543,0.0
MF,c2,255,0.15937500000000002,7.081529004336991e-15,1.0017926936210015,0.469122999227701,4096,0,0,1.0,0.0,0.0,0,0.0,0.469122999227701,0.0
MF,c2,256,0.16,7.75968742505085e-15,1.0017652422076695,0.46894857212310415,4096,0,0,1.0,0.0,0.0,0,0.0,0.46894857212310415,0.0
MF,c2,257,0.160625,8.508377036771909e-15,1.001736858131432,0.468773811528408,4096,0,0,1.0,0.0,0.0,0,0.0,0.468773811528408,0.0
MF,c2,258,0.16125,9.335188459534288e-15,1.0017075152978572,0.4685987189974083,4096,0,0,1.0,0.0,0.0,0,0.0,0.4685987189974083,0.0
MF,c2,259,0.161875,1.0248522222989713e-14,1.0016771870113055,0.4684232960890862,4096,0,0,1.0,0.0,0.0,0,0.0,0.4684232960890862,0.0
MF,c2,260,0.1625,1.1257672041581998e-14,1.0016458459705377,0.4682475443675417,4096,0,0,1.0,0.0,0.0,0,0.0,0.4682475443675417,0.0
MF,c2,261,0.163125,1.2372916197316922e-14,1.0016134642645824,0.4680714654019268,4096,0,0,1.0,0.0,0.0,0,0.0,0.4680714654019268,0.0
MF,c2,262,0.16375,1.3605617768501765e-14,1.001580013368879,0.4678950607663808,4096,0,0,1.0,0.0,0.0,0,0.0,0.4678950607663808,0.0
MF,c2,263,0.164375,1.4968334505047465e-14,1.0015454641416006,0.4677183320399661,4096,0,0,1.0,0.0,0.0,0,0.0,0.4677183320399661,0.0
MF,c2,264,0.165,1.647493921788497e-14,1.0015097868206748,0.4675412808066039,4096,0,0,1.0,0.0,0.0,0,0.0,0.4675412808066039,0.0
MF,c2,265,0.165625,1.803703405484194e-14,1.001472951020484,0.4673639086550119,4096,0,0,1.0,0.0,0.0,0,0.0,0.4673639086550119,0.0
MF,c2,266,0.16625,1.9371763967581135e-14,1.0014349257292792,0.46718621717864145,4096,0,0,1.0,0.0,0.0,0,0.0,0.46718621717864145,0.0
MF,c2,267,0.166875,2.081609567752265e-14,1.001395679306802,0.46700820797561726,4096,0,0,1.0,0.0,0.0,0,0.0,0.46700820797561726,0.0
MF,c2,268,0.1675,2.2380083207820265e-14,1.0013697392365997,0.4668298826486757,4096,0,0,1.0,0.0,0.0,0,0.0,0.4668298826486757,0.0
MF,c2,269,0.168125,2.407476253100256e-14,1.001351811083133,0.4666512428051059,4096,0,0,1.0,0.0,0.0,0,0.0,0.4666512428051059,0.0
MF,c2,270,0.16875,2.5912247673490654e-14,1.0013334492550026,0.4664722900566899,4096,0,0,1.0,0.0,0.0,0,0.0,0.4664722900566899,0.0
MF,c2,271,0.169375,2.7905835855265796e-14,1.0013146427700015,0.4662930260196445,4096,0,0,1.0,0.0,0.0,0,0.0,0.4662930260196445,0.0
MF,c2,272,0.17,3.0070122461468005e-14,1.0012953802875368,0.466113452314564,4096,0,0,1.0,0.0,0.0,0,0.0,0.466113452314564,0.0
MF,c2,273,0.170625,3.242112670765261e-14,1.001275650103123,0.46593357056636286,4096,0,0,1.0,0.0,0.0,0,0.0,0.46593357056636286,0.0
MF,c2,274,0.17125,3.497642893020392e-14,1.0012554401429832,0.4657533824042192,4096,0,0,1.0,0.0,0.0,0,0.0,0.4657533824042192,0.0
MF,c2,275,0.171875,3.775532050834247e-14,1.0012347379586775,0.46557288946151987,4096,0,0,1.0,0.0,0.0,0,0.0,0.46557288946151987,0.0
MF,c2,276,0.17250000000000001,4.0778967504465505e-14,1.001213530722186,0.4653920933758053,4096,0,0,1.0,0.0,0.0,0,0.0,0.4653920933758053,0.0
MF,c2,277,0.173125,4.4070589196057093e-14,1.0011972647176404,0.4652109957887151,4096,0,0,1.0,0.0,0.0,0,0.0,0.4652109957887151,0.0
MF,c2,278,0.17375000000000002,4.7655652764561953e-14,1.001185913803054,0.46502959834593516,4096,0,0,1.0,0.0,0.0,0,0.0,0.46502959834593516,0.0
MF,c2,279,0.174375,5.156208550594371e-14,1.001174209372419,0.4648479026971441,4096,0,0,1.0,0.0,0.0,0,0.0,0.4648479026971441,0.0
MF,c2,280,0.17500000000000002,5.582050603370295e-14,1.0011621422581676,0.4646659104959618,4096,0,0,1.0,0.0,0.0,0,0.0,0.4646659104959618,0.0
MF,c2,281,0.175625,6.046447605877804e-14,1.0011497030237824,0.464483623399897,4096,0,0,1.0,0.0,0.0,0,0.0,0.464483623399897,0.0
MF,c2,282,0.17625,6.553077445234467e-14,1.0011368819596924,0.4643010430702976,4096,0,0,1.0,0.0,0.0,0,0.0,0.4643010430702976,0.0
MF,c2,283,0.176875,7.105969542757584e-14,1.0011236690792358,0.4641181711722993,4096,0,0,1.0,0.0,0.0,0,0.0,0.4641181711722993,0.0
MF,c2,284,0.1775,7.70953728154438e-14,1.001110054114697,0.4639350093747764,4096,0,0,1.0,0.0,0.0,0,0.0,0.4639350093747764,0.0
MF,c2,285,0.178125,8.368613255818491e-14,1.0010960265134174,0.463751559350293,4096,0,0,1.0,0.0,0.0,0,0.0,0.463751559350293,0.0
MF,c2,286,0.17875,9.088487570268462e-14,1.0010815754339868,0.4635678227750541,4096,0,0,1.0,0.0,0.0,0,0.0,0.4635678227750541,0.0
MF,c2,287,0.179375,9.874949434537532e-14,1.0010666897425176,0.4633838013288585,4096,0,0,1.0,0.0,0.0,0,0.0,0.4633838013288585,0.0
MF,c2,288,0.18,1.0734332316091268e-13,1.0010513580090084,0.46319949669505067,4096,0,0,1.0,0.0,0.0,0,0.0,0.46319949669505067,0.0
MF,c2,289,0.180625,1.1673562933956954e-13,1.0010355685037977,0.46301491056047495,4096,0,0,1.0,0.0,0.0,0,0.0,0.46301491056047495,0.0
MF,c2,290,0.18125,1.270021439636633e-13,1.001019309194112,0.4628300446154289,4096,0,0,1.0,0.0,0.0,0,0.0,0.4628300446154289,0.0
MF,c2,291,0.181875,1.382256380721971e-13,1.001002567740646,0.4626449005536182,4096,0,0,1.0,0.0,0.0,0,0.0,0.4626449005536182,0.0
MF,c2,292,0.1825,1.5049654689560749e-13,1.0009853314945139,0.46245948007211146,4096,0,0,1.0,0.0,0.0,0,0.0,0.46245948007211146,0.0
MF,c2,293,0.183125,1.639136459912649e-13,1.0009675874939052,0.4622737848712959,4096,0,0,1.0,0.0,0.0,0,0.0,0.4622737848712959,0.0
MF,c2,294,0.18375,1.7858478327331742e-13,1.0009493224611172,0.46208781665483345,4096,0,0,1.0,0.0,0.0,0,0.0,0.46208781665483345,0.0
MF,c2,295,0.184375,1.9035073013233774e-13,1.000930522799634,0.4619015771296174,4096,0,0,1.0,0.0,0.0,0,0.0,0.4619015771296174,0.0
MF,c2,296,0.185,2.0266039292656557e-13,1.0009111745913266,0.46171506800573003,4096,0,0,1.0,0.0,0.0,0,0.0,0.46171506800573003,0.0
MF,c2,297,0.185625,2.1586999191525167e-13,1.0008912635937663,0.46152829099639947,4096,0,0,1.0,0.0,0.0,0,0.0,0.46152829099639947,0.0
MF,c2,298,0.18625,2.3005400592940017e-13,1.0008729767018791,0.46134124781795893,4096,0,0,1.0,0.0,0.0,0,0.0,0.46134124781795893,0.0
MF,c2,299,0.186875,2.4529344031676983e-13,1.0008622782438705,0.46115394018980443,4096,0,0,1.0,0.0,0.0,0,0.0,0.46115394018980443,0.0
MF,c2,300,0.1875,2.616763914385187e-13,1.000851207217227,0.46096636983435474,4096,0,0,1.0,0.0,0.0,0,0.0,0.46096636983435474,0.0
MF,c2,301,0.18812500000000001,2.792986573755744e-13,1.0008397538028448,0.460778538477011,4096,0,0,1.0,0.0,0.0,0,0.0,0.460778538477011,0.0
MF,c2,302,0.18875,2.982643983485078e-13,1.0008279079506013,0.46059044784611625,4096,0,0,1.0,0.0,0.0,0,0.0,0.46059044784611625,0.0
MF,c2,303,0.18937500000000002,3.186868505971475e-13,1.000815659377066,0.46040209967291684,4096,0,0,1.0,0.0,0.0,0,0.0,0.46040209967291684,0.0
MF,c2,304,0.19,3.406890977236772e-13,1.0008029975632873,0.4602134956915231,4096,0,0,1.0,0.0,0.0,0,0.0,0.4602134956915231,0.0
MF,c2,305,0.19062500000000002,3.6440490377631173e-13,1.0007899117526595,0.460024637638871,4096,0,0,1.0,0.0,0.0,0,0.0,0.460024637638871,0.0
MF,c2,306,0.19125,3.899796126407024e-13,1.0007763909488716,0.45983552725468396,4096,0,0,1.0,0.0,0.0,0,0.0,0.45983552725468396,0.0
MF,c2,307,0.19187500000000002,4.1757111861385694e-13,1.0007624239139425,0.45964616628143556,4096,0,0,1.0,0.0,0.0,0,0.0,0.45964616628143556,0.0
MF,c2,308,0.1925,4.473509133615068e-13,1.0007479991663402,0.45945655646431194,4096,0,0,1.0,0.0,0.0,0,0.0,0.45945655646431194,0.0
MF,c2,309,0.193125,4.795052148054596e-13,1.0007331049791968,0.45926669955117544,4096,0,0,1.0,0.0,0.0,0,0.0,0.45926669955117544,0.0
MF,c2,310,0.19375,5.142361838535548e-13,1.000717729378613,0.459076597292528,4096,0,0,1.0,0.0,0.0,0,0.0,0.459076597292528,0.0
MF,c2,311,0.194375,5.517632352726261e-13,1.0007018601420088,0.4588862514414754,4096,0,0,1.0,0.0,0.0,0,0.0,0.4588862514414754,0.0
MF,c2,312,0.195,5.923244494138969e-13,1.000685484796772,0.45869566375369125,4096,0,0,1.0,0.0,0.0,0,0.0,0.45869566375369125,0.0
MF,c2,313,0.195625,6.361780919369497e-13,1.0006685906187094,0.45850483598738256,4096,0,0,1.0,0.0,0.0,0,0.0,0.45850483598738256,0.0
MF,c2,314,0.19625,6.836042491335847e-13,1.0006511646307996,0.45831376990325406,4096,0,0,1.0,0.0,0.0,0,0.0,0.45831376990325406,0.0
MF,c2,315,0.196875,7.349065869404351e-13,1.0006371420117486,0.4581224672644745,4096,0,0,1.0,0.0,0.0,0,0.0,0.4581224672644745,0.0
MF,c2,316,0.1975,7.904142422404781e-13,1.0006279304181498,0.4579309298366419,4096,0,0,1.0,0.0,0.0,0,0.0,0.4579309298366419,0.0
MF,c2,317,0.198125,8.504838555947332e-13,1.000618380289345,0.45773915938775034,4096,0,0,1.0,0.0,0.0,0,0.0,0.45773915938775034,0.0
MF,c2,318,0.19875,9.155017551164777e-13,1.0006084829122872,0.4575471576881563,4096,0,0,1.0,0.0,0.0,0,0.0,0.4575471576881563,0.0
MF,c2,319,0.199375,9.85886301802804e-13,1.0005982293946745,0.4573549265105453,4096,0,0,1.0,0.0,0.0,0,0.0,0.4573549265105453,0.0
MF,c2,320,0.2,1.0620904072737772e-12,1.00058761066372,0.4571624676299,4096,0,0,1.0,0.0,0.0,0,0.0,0.4571624676299,0.0
MF,c2,321,0.200625,1.1446042355392964e-12,1.0005766174649862,0.45696978282346656,4096,0,0,1.0,0.0,0.0,0,0.0,0.45696978282346656,0.0
MF,c2,322,0.20125,1.2339581011196367e-12,1.0005668504085488,0.4567768738707235,4096,0,0,1.0,0.0,0.0,0,0.0,0.4567768738707235,0.0
MF,c2,323,0.201875,1.3288976907261623e-12,1.0005574863302003,0.4565837425533494,4096,0,0,1.0,0.0,0.0,0,0.0,0.4565837425533494,0.0
MF,c2,324,0.2025,1.4024255465914443e-12,1.0005521072945731,0.4563903906551915,4096,0,0,1.0,0.0,0.0,0,0.0,0.4563903906551915,0.0
MF,c2,325,0.203125,1.4806946036526541e-12,1.0005475911533188,0.45619681996223405,4096,0,0,1.0,0.0,0.0,0,0.0,0.45619681996223405,0.0
MF,c2,326,0.20375000000000001,1.5640602774002605e-12,1.0005429221251432,0.45600303226256805,4096,0,0,1.0,0.0,0.0,0,0.0,0.45600303226256805,0.0
MF,c2,327,0.204375,1.6529062221807285e-12,1.0005380965254493,0.45580902934635964,4096,0,0,1.0,0.0,0.0,0,0.0,0.45580902934635964,0.0
MF,c2,328,0.20500000000000002,1.747646518260432e-12,1.0005331105705633,0.45561481300582024,4096,0,0,1.0,0.0,0.0,0,0.0,0.45561481300582024,0.0
MF,c2,329,0.205625,1.848728017099414e-12,1.0005279603762796,0.4554203850351761,4096,0,0,1.0,0.0,0.0,0,0.0,0.4554203850351761,0.0
MF,c2,330,0.20625000000000002,1.9566328553122847e-12,1.0005226419564268,0.4552257472306383,4096,0,0,1.0,0.0,0.0,0,0.0,0.4552257472306383,0.0
MF,c2,331,0.206875,2.0718811484185394e-12,1.000517151221461,0.45503090139037294,4096,0,0,1.0,0.0,0.0,0,0.0,0.45503090139037294,0.0
MF,c2,332,0.20750000000000002,2.195033876142326e-12,1.000511483977076,0.45483584931447174,4096,0,0,1.0,0.0,0.0,0,0.0,0.45483584931447174,0.0
MF,c2,333,0.208125,2.3266959717136246e-12,1.000505635922841,0.45464059280492264,4096,0,0,1.0,0.0,0.0,0,0.0,0.45464059280492264,0.0
MF,c2,334,0.20875,2.467519628350424e-12,1.0004996026508663,0.4544451336655804,4096,0,0,1.0,0.0,0.0,0,0.0,0.4544451336655804,0.0
MF,c2,335,0.209375,2.6182078368662992e-12,1.0004933796444904,0.45424947370213825,4096,0,0,1.0,0.0,0.0,0,0.0,0.45424947370213825,0.0
MF,c2,336,0.21,2.7795181691513807e-12,1.0004869622769976,0.4540536147220986,4096,0,0,1.0,0.0,0.0,0,0.0,0.4540536147220986,0.0
MF,c2,337,0.210625,2.952266823118749e-12,1.0004803458103695,0.45385755853474485,4096,0,0,1.0,0.0,0.0,0,0.0,0.45385755853474485,0.0
MF,c2,338,0.21125,3.1373329455943472e-12,1.0004735253940567,0.45366130695111273,4096,0,0,1.0,0.0,0.0,0,0.0,0.45366130695111273,0.0
MF,c2,339,0.211875,3.3356632505584384e-12,1.0004664960637921,0.45346486178396234,4096,0,0,1.0,0.0,0.0,0,0.0,0.45346486178396234,0.0
MF,c2,340,0.2125,3.5482769511220985e-12,1.000459252740431,0.45326822484775003,4096,0,0,1.0,0.0,0.0,0,0.0,0.45326822484775003,0.0
MF,c2,341,0.213125,3.776271024645139e-12,1.000451790228827,0.45307139795860024,4096,0,0,1.0,0.0,0.0,0,0.0,0.45307139795860024,0.0
MF,c2,342,0.21375,4.020825831474026e-12,1.0004441032167428,0.45287438293427806,4096,0,0,1.0,0.0,0.0,0,0.0,0.45287438293427806,0.0
MF,c2,343,0.214375,4.283211108901704e-12,1.0004361862737994,0.45267718159416154,4096,0,0,1.0,0.0,0.0,0,0.0,0.45267718159416154,0.0
MF,c2,344,0.215,4.564792363127839e-12,1.0004280338504556,0.4524797957592138,4096,0,0,1.0,0.0,0.0,0,0.0,0.4524797957592138,0.0
MF,c2,345,0.215625,4.8670376832296725e-12,1.000419640277037,0.4522822272519562,4096,0,0,1.0,0.0,0.0,0,0.0,0.4522822272519562,0.0
MF,c2,346,0.21625,5.191525002442766e-12,1.0004109997627937,0.4520844778964408,4096,0,0,1.0,0.0,0.0,0,0.0,0.4520844778964408,0.0
MF,c2,347,0.216875,5.539949833399299e-12,1.0004056953395424,0.4518865495182231,4096,0,0,1.0,0.0,0.0,0,0.0,0.4518865495182231,0.0
MF,c2,348,0.2175,5.9141335053815744e-12,1.0004014045672085,0.4516884439443347,4096,0,0,1.0,0.0,0.0,0,0.0,0.4516884439443347,0.0
MF,c2,349,0.218125,6.316031933122201e-12,1.0003969590859603,0.45149016300325717,4096,0,0,1.0,0.0,0.0,0,0.0,0.45149016300325717,0.0
MF,c2,350,0.21875,6.747744948222253e-12,1.0003923551272236,0.4512917085248941,4096,0,0,1.0,0.0,0.0,0,0.0,0.4512917085248941,0.0
MF,c2,351,0.21937500000000001,7.2115262258688126e-12,1.0003875888411702,0.451093082340545,4096,0,0,1.0,0.0,0.0,0,0.0,0.451093082340545,0.0
MF,c2,352,0.22,7.592524434753134e-12,1.0003826562959908,0.4508942862828781,4096,0,0,1.0,0.0,0.0,0,0.0,0.4508942862828781,0.0
MF,c2,353,0.22062500000000002,7.958119501932973e-12,1.0003775534771384,0.45069532218590347,4096,0,0,1.0,0.0,0.0,0,0.0,0.45069532218590347,0.0
MF,c2,354,0.22125,8.345059560055786e-12,1.000372276286634,0.45049619188494683,4096,0,0,1.0,0.0,0.0,0,0.0,0.45049619188494683,0.0
MF,c2,355,0.22187500000000002,8.754820642174453e-12,1.0003668205423846,0.4502968972166227,4096,0,0,1.0,0.0,0.0,0,0.0,0.4502968972166227,0.0
MF,c2,356,0.2225,9.188985590731358e-12,1.0003611819775295,0.45009744001880714,4096,0,0,1.0,0.0,0.0,0,0.0,0.45009744001880714,0.0
MF,c2,357,0.22312500000000002,9.649251450530046e-12,1.0003553562398155,0.4498978221306124,4096,0,0,1.0,0.0,0.0,0,0.0,0.4498978221306124,0.0
MF,c2,358,0.22375,1.0137437332781591e-11,1.0003493388909968,0.449698045392359,4096,0,0,1.0,0.0,0.0,0,0.0,0.449698045392359,0.0
MF,c2,359,0.224375,1.0655492777365627e-11,1.0003431254062638,0.4494981116455501,4096,0,0,1.0,0.0,0.0,0,0.0,0.4494981116455501,0.0
MF,c2,360,0.225,1.120550664183178e-11,1.0003367111737034,0.44929802273284447,4096,0,0,1.0,0.0,0.0,0,0.0,0.44929802273284447,0.0
MF,c2,361,0.225625,1.1789716547113539e-11,1.0003300914937874,0.4490977804980299,4096,0,0,1.0,0.0,0.0,0,0.0,0.4490977804980299,0.0
MF,c2,362,0.22625,1.2410518911435156e-11,1.000323261578892,0.4488973867859967,4096,0,0,1.0,0.0,0.0,0,0.0,0.4488973867859967,0.0
MF,c2,363,0.226875,1.3070479605465514e-11,1.0003162165528487,0.4486968434427112,4096,0,0,1.0,0.0,0.0,0,0.0,0.4486968434427112,0.0
MF,c2,364,0.2275,1.377234526341261e-11,1.0003132847310505,0.4484961523151887,4096,0,0,1.0,0.0,0.0,0,0.0,0.4484961523151887,0.0
MF,c2,365,0.228125,1.4519055286461218e-11,1.0003103214581899,0.4482953152514672,4096,0,0,1.0,0.0,0.0,0,0.0,0.4482953152514672,0.0
MF,c2,366,0.22875,1.531375457673592e-11,1.000307271345738,0.4480943341005803,4096,0,0,1.0,0.0,0.0,0,0.0,0.4480943341005803,0.0
MF,c2,367,0.229375,1.615980704182498e-11,1.0003041324561424,0.44789321071253063,4096,0,0,1.0,0.0,0.0,0,0.0,0.44789321071253063,0.0
MF,c2,368,0.23,1.7060809911829073e-11,1.000300902802212,0.44769194693826286,4096,0,0,1.0,0.0,0.0,0,0.0,0.44769194693826286,0.0
MF,c2,369,0.230625,1.8020608912905713e-11,1.0002975803464604,0.4474905446296369,4096,0,0,1.0,0.0,0.0,0,0.0,0.4474905446296369,0.0
MF,c2,370,0.23125,1.9043314343366983e-11,1.0002941630004625,0.4472890056394007,4096,0,0,1.0,0.0,0.0,0,0.0,0.4472890056394007,0.0
MF,c2,371,0.231875,2.0133318100557874e-11,1.0002906486242225,0.4470873318211634,4096,0,0,1.0,0.0,0.0,0,0.0,0.4470873318211634,0.0
MF,c2,372,0.2325,2.1295311708997048e-11,1.0002870350255544,0.44688552502936807,4096,0,0,1.0,0.0,0.0,0,0.0,0.44688552502936807,0.0
MF,c2,373,0.233125,2.2534305402604174e-11,1.0002833199594734,0.44668358711926426,4096,0,0,1.0,0.0,0.0,0,0.0,0.44668358711926426,0.0
MF,c2,374,0.23375,2.3855648316269965e-11,1.0002795011276016,0.44648151994688107,4096,0,0,1.0,0.0,0.0,0,0.0,0.44648151994688107,0.0
MF,c2,375,0.234375,2.526504984454976e-11,1.0002755761775843,0.44627932536899917,4096,0,0,1.0,0.0,0.0,0,0.0,0.44627932536899917,0.0
MF,c2,376,0.23500000000000001,2.676860222788101e-11,1.0002715427025246,0.44607700524312355,4096,0,0,1.0,0.0,0.0,0,0.0,0.44607700524312355,0.0
MF,c2,377,0.235625,2.8372804429442222e-11,1.0002673982404273,0.44587456142745563,4096,0,0,1.0,0.0,0.0,0,0.0,0.44587456142745563,0.0
MF,c2,378,0.23625000000000002,3.008458736858787e-11,1.0002635070789552,0.4456719957808656,4096,0,0,1.0,0.0,0.0,0,0.0,0.4456719957808656,0.0
MF,c2,379,0.236875,3.18971879267114e-11,1.0002615942831186,0.44546931016286423,4096,0,0,1.0,0.0,0.0,0,0.0,0.44546931016286423,0.0
MF,c2,380,0.23750000000000002,3.3223001503402213e-11,1.0002596128438428,0.4452665064335748,4096,0,0,1.0,0.0,0.0,0,0.0,0.4452665064335748,0.0
MF,c2,381,0.238125,3.461864418884398e-11,1.0002575611999638,0.445063586453705,4096,0,0,1.0,0.0,0.0,0,0.0,0.445063586453705,0.0
MF,c2,382,0.23875000000000002,3.6088593238842324e-11,1.0002554377550963,0.44486055208451813,4096,0,0,1.0,0.0,0.0,0,0.0,0.44486055208451813,0.0
MF,c2,383,0.239375,3.763762374825611e-11,1.0002532408772002,0.44465740518780505,4096,0,0,1.0,0.0,0.0,0,0.0,0.44465740518780505,0.0
MF,c2,384,0.24,3.927082729381643e-11,1.0002509688981929,0.4444541476258549,4096,0,0,1.0,0.0,0.0,0,0.0,0.4444541476258549,0.0
MF,c2,385,0.240625,4.099363163745275e-11,1.0002486201135616,0.4442507812614266,4096,0,0,1.0,0.0,0.0,0,0.0,0.4442507812614266,0.0
MF,c2,386,0.24125,4.2811821544039115e-11,1.0002461927819852,0.44404730795771896,4096,0,0,1.0,0.0,0.0,0,0.0,0.44404730795771896,0.0
MF,c2,387,0.241875,4.4731560769849764e-11,1.0002436851249628,0.4438437295783428,4096,0,0,1.0,0.0,0.0,0,0.0,0.4438437295783428,0.0
MF,c2,388,0.2425,4.67594152804857e-11,1.0002410953264522,0.44364004798728973,4096,0,0,1.0,0.0,0.0,0,0.0,0.44364004798728973,0.0
MF,c2,389,0.243125,4.89023777595951e-11,1.0002384215325189,0.4434362650489041,4096,0,0,1.0,0.0,0.0,0,0.0,0.4434362650489041,0.0
MF,c2,390,0.24375,5.116789347236339e-11,1.0002356618509938,0.4432323826278517,4096,0,0,1.0,0.0,0.0,0,0.0,0.4432323826278517,0.0
MF,c2,391,0.244375,5.3563887550494696e-11,1.00023281435114,0.44302840258909054,4096,0,0,1.0,0.0,0.0,0,0.0,0.44302840258909054,0.0
MF,c2,392,0.245,5.609879376824869e-11,1.0002298770633347,0.44282432679784034,4096,0,0,1.0,0.0,0.0,0,0.0,0.44282432679784034,0.0
MF,c2,393,0.245625,5.878158488203627e-11,1.0002268479787542,0.44262015711955166,4096,0,0,1.0,0.0,0.0,0,0.0,0.44262015711955166,0.0
MF,c2,394,0.24625,6.162180460911813e-11,1.0002237250490789,0.44241589541987564,4096,0,0,1.0,0.0,0.0,0,0.0,0.44241589541987564,0.0
MF,c2,395,0.246875,6.46296013240928e-11,1.0002205061862028,0.44221154356463255,4096,0,0,1.0,0.0,0.0,0,0.0,0.44221154356463255,0.0
MF,c2,396,0.2475,6.781576355510784e-11,1.0002171892619587,0.4420071034197808,4096,0,0,1.0,0.0,0.0,0,0.0,0.4420071034197808,0.0
MF,c2,397,0.248125,7.119175736508299e-11,1.000213772107854,0.44180257685138524,4096,0,0,1.0,0.0,0.0,0,0.0,0.44180257685138524,0.0
MF,c2,398,0.24875,7.476976570669664e-11,1.0002102525148167,0.44159796572558585,4096,0,0,1.0,0.0,0.0,0,0.0,0.44159796572558585,0.0
MF,c2,399,0.249375,7.856272984346292e-11,1.0002066282329636,0.44139327190856525,4096,0,0,1.0,0.0,0.0,0,0.0,0.44139327190856525,0.0
MF,c2,400,0.25,8.258439293291486e-11,1.0002028969713654,0.44118849726651677,4096,0,0,1.0,0.0,0.0,0,0.0,0.44118849726651677,0.0
MF,c2,401,0.250625,8.68493458717135e-11,1.000199056397841,0.44098364366561177,4096,0,0,1.0,0.0,0.0,0,0.0,0.44098364366561177,0.0
MF,c2,402,0.25125000000000003,9.137307550642524e-11,1.0001963284310973,0.4407787129719671,4096,0,0,1.0,0.0,0.0,0,0.0,0.4407787129719671,0.0
MF,c2,403,0.251875,9.617201531775192e-11,1.0001944810494323,0.4405737070516117,4096,0,0,1.0,0.0,0.0,0,0.0,0.4405737070516117,0.0
MF,c2,404,0.2525,1.0126359869016314e-10,1.0001925684976265,0.4403686277704538,4096,0,0,1.0,0.0,0.0,0,0.0,0.4403686277704538,0.0
MF,c2,405,0.253125,1.0666631488316815e-10,1.0001905893273277,0.44016347699424657,4096,0,0,1.0,0.0,0.0,0,0.0,0.44016347699424657,0.0
MF,c2,406,0.25375000000000003,1.1239976782488027e-10,1.0001885420634182,0.43995825658855514,4096,0,0,1.0,0.0,0.0,0,0.0,0.43995825658855514,0.0
MF,c2,407,0.254375,1.1683361077076966e-10,1.0001864252038384,0.4397529684187216,4096,0,0,1.0,0.0,0.0,0,0.0,0.4397529684187216,0.0
MF,c2,408,0.255,1.2111727439107097e-10,1.0001842372194156,0.43954761434983103,4096,0,0,1.0,0.0,0.0,0,0.0,0.43954761434983103,0.0
MF,c2,409,0.255625,1.2561004412106713e-10,1.0001819765537021,0.4393421962466767,4096,0,0,1.0,0.0,0.0,0,0.0,0.4393421962466767,0.0
MF,c2,410,0.25625,1.3032449426789303e-10,1.000179641622823,0.4391367159737246,4096,0,0,1.0,0.0,0.0,0,0.0,0.4391367159737246,0.0
MF,c2,411,0.256875,1.3527396686412885e-10,1.0001772308153294,0.43893117539507875,4096,0,0,1.0,0.0,0.0,0,0.0,0.43893117539507875,0.0
MF,c2,412,0.2575,1.4047261493904072e-10,1.0001747424920628,0.43872557637444487,4096,0,0,1.0,0.0,0.0,0,0.0,0.43872557637444487,0.0
MF,c2,413,0.258125,1.459354479786749e-10,1.0001724015417632,0.4385199207750947,4096,0,0,1.0,0.0,0.0,0,0.0,0.4385199207750947,0.0
MF,c2,414,0.25875,1.5167837967244248e-10,1.0001711062314285,0.43831421045983,4096,0,0,1.0,0.0,0.0,0,0.0,0.43831421045983,0.0
MF,c2,415,0.259375,1.5771827804753455e-10,1.000170116367684,0.438108447290945,4096,0,0,1.0,0.0,0.0,0,0.0,0.438108447290945,0.0
MF,c2,416,0.26,1.6407301809631798e-10,1.000169092883974,0.4379026331301906,4096,0,0,1.0,0.0,0.0,0,0.0,0.4379026331301906,0.0
MF,c2,417,0.260625,1.7076153700578397e-10,1.0001680350724103,0.4376967698387364,4096,0,0,1.0,0.0,0.0,0,0.0,0.4376967698387364,0.0
MF,c2,418,0.26125,1.7780389210215556e-10,1.0001669422093589,0.4374908592771331,4096,0,0,1.0,0.0,0.0,0,0.0,0.4374908592771331,0.0
MF,c2,419,0.261875,1.8522132162790692e-10,1.000165813555255,0.4372849033052752,4096,0,0,1.0,0.0,0.0,0,0.0,0.4372849033052752,0.0
MF,c2,420,0.2625,1.9303630847271283e-10,1.000164648354421,0.43707890378236197,4096,0,0,1.0,0.0,0.0,0,0.0,0.43707890378236197,0.0
MF,c2,421,0.263125,2.0127264698422401e-10,1.0001634458348945,0.43687286256685925,4096,0,0,1.0,0.0,0.0,0,0.0,0.43687286256685925,0.0
MF,c2,422,0.26375,2.099555129890662e-10,1.0001622052082486,0.43666678151646077,4096,0,0,1.0,0.0,0.0,0,0.0,0.43666678151646077,0.0
MF,c2,423,0.264375,2.191115371590787e-10,1.0001609256694268,0.43646066248804855,4096,0,0,1.0,0.0,0.0,0,0.0,0.43646066248804855,0.0
MF,c2,424,0.265,2.2876888186250466e-10,1.0001596063965525,0.43625450733765325,4096,0,0,1.0,0.0,0.0,0,0.0,0.43625450733765325,0.0
MF,c2,425,0.265625,2.3895732164496815e-10,1.00015824655083,0.4360483179204145,4096,0,0,1.0,0.0,0.0,0,0.0,0.4360483179204145,0.0
MF,c2,426,0.26625,2.497083274894265e-10,1.0001568452763219,0.43584209609054064,4096,0,0,1.0,0.0,0.0,0,0.0,0.43584209609054064,0.0
MF,c2,427,0.26687500000000003,2.6105515501023093e-10,1.0001554016998162,0.43563584370126796,4096,0,0,1.0,0.0,0.0,0,0.0,0.43563584370126796,0.0
MF,c2,428,0.2675,2.730329367410554e-10,1.0001539149306742,0.4354295626048197,4096,0,0,1.0,0.0,0.0,0,0.0,0.4354295626048197,0.0
MF,c2,429,0.268125,2.8567877868205994e-10,1.0001523840606856,0.4352232546523649,4096,0,0,1.0,0.0,0.0,0,0.0,0.4352232546523649,0.0
MF,c2,430,0.26875,2.9903186127711487e-10,1.000150808163924,0.4350169216939767,4096,0,0,1.0,0.0,0.0,0,0.0,0.4350169216939767,0.0
MF,c2,431,0.26937500000000003,3.13133544997532e-10,1.0001491862966116,0.4348105655785902,4096,0,0,1.0,0.0,0.0,0,0.0,0.4348105655785902,0.0
MF,c2,432,0.27,3.280274807145078e-10,1.0001475174969856,0.43460418815396046,4096,0,0,1.0,0.0,0.0,0,0.0,0.43460418815396046,0.0
MF,c2,433,0.270625,3.432378190936573e-10,1.000145800785168,0.4343977912666193,4096,0,0,1.0,0.0,0.0,0,0.0,0.4343977912666193,0.0
MF,c2,434,0.27125,3.541977650333606e-10,1.0001440351630448,0.43419137676183267,4096,0,0,1.0,0.0,0.0,0,0.0,0.43419137676183267,0.0
MF,c2,435,0.27187500000000003,3.656499755968322e-10,1.0001422196141458,0.4339849464835572,4096,0,0,1.0,0.0,0.0,0,0.0,0.4339849464835572,0.0
MF,c2,436,0.2725,3.7762234322509394e-10,1.000140353103534,0.4337785022743962,4096,0,0,1.0,0.0,0.0,0,0.0,0.4337785022743962,0.0
MF,c2,437,0.273125,3.901443385917485e-10,1.0001384345776951,0.4335720459755559,4096,0,0,1.0,0.0,0.0,0,0.0,0.4335720459755559,0.0
MF,c2,438,0.27375,4.0324709166200307e-10,1.000136462964436,0.4333655794268006,4096,0,0,1.0,0.0,0.0,0,0.0,0.4333655794268006,0.0
MF,c2,439,0.274375,4.169634764461127e-10,1.0001344371727892,0.4331591044664086,4096,0,0,1.0,0.0,0.0,0,0.0,0.4331591044664086,0.0
MF,c2,440,0.275,4.3132819959381264e-10,1.0001323560929185,0.43295262293112613,4096,0,0,1.0,0.0,0.0,0,0.0,0.43295262293112613,0.0
MF,c2,441,0.275625,4.4637789298112064e-10,1.0001302185960377,0.43274613665612255,4096,0,0,1.0,0.0,0.0,0,0.0,0.43274613665612255,0.0
MF,c2,442,0.27625,4.621512104458133e-10,1.000128423307139,0.43253964747494433,4096,0,0,1.0,0.0,0.0,0,0.0,0.43253964747494433,0.0
MF,c2,443,0.276875,4.786889288329158e-10,1.0001274039365375,0.43233315721946874,4096,0,0,1.0,0.0,0.0,0,0.0,0.43233315721946874,0.0
MF,c2,444,0.2775,4.96034053516695e-10,1.0001263514711953,0.4321266677198576,4096,0,0,1.0,0.0,0.0,0,0.0,0.4321266677198576,0.0
MF,c2,445,0.278125,5.142319285709131e-10,1.000125265225755,0.4319201808045101,4096,0,0,1.0,0.0,0.0,0,0.0,0.4319201808045101,0.0
MF,c2,446,0.27875,5.333303517644741e-10,1.0001241445028486,0.4317136983000159,4096,0,0,1.0,0.0,0.0,0,0.0,0.4317136983000159,0.0
MF,c2,447,0.279375,5.533796945650982e-10,1.0001229885930243,0.43150722203110736,4096,0,0,1.0,0.0,0.0,0,0.0,0.43150722203110736,0.0
MF,c2,448,0.28,5.744330273391626e-10,1.0001217967746592,0.4313007538206119,4096,0,0,1.0,0.0,0.0,0,0.0,0.4313007538206119,0.0
MF,c2,449,0.280625,5.965462499421792e-10,1.0001205683139562,0.4310942954894035,4096,0,0,1.0,0.0,0.0,0,0.0,0.4310942954894035,0.0
MF,c2,450,0.28125,6.197782278987368e-10,1.0001193551142993,0.43088784885635445,4096,0,0,1.0,0.0,0.0,0,0.0,0.43088784885635445,0.0
MF,c2,451,0.281875,6.441909343786541e-10,1.0001181645593253,0.4306814157382864,4096,0,0,1.0,0.0,0.0,0,0.0,0.4306814157382864,0.0
MF,c2,452,0.28250000000000003,6.698495981807064e-10,1.000116945570202,0.4304749979499209,4096,0,0,1.0,0.0,0.0,0,0.0,0.4304749979499209,0.0
MF,c2,453,0.283125,6.968228579420625e-10,1.0001156975810837,0.4302685973038303,4096,0,0,1.0,0.0,0.0,0,0.0,0.4302685973038303,0.0
MF,c2,454,0.28375,7.251829227977702e-10,1.0001144200141647,0.43006221561038765,4096,0,0,1.0,0.0,0.0,0,0.0,0.43006221561038765,0.0
MF,c2,455,0.284375,7.550057397210527e-10,1.0001131122795774,0.4298558546777167,4096,0,0,1.0,0.0,0.0,0,0.0,0.4298558546777167,0.0
MF,c2,456,0.28500000000000003,7.863711677817088e-10,1.0001119961963867,0.42964951631164106,4096,0,0,1.0,0.0,0.0,0,0.0,0.42964951631164106,0.0
MF,c2,457,0.285625,8.193631595665558e-10,1.0001114011609176,0.4294432023156339,4096,0,0,1.0,0.0,0.0,0,0.0,0.4294432023156339,0.0
MF,c2,458,0.28625,8.540699500126121e-10,1.0001107880914932,0.4292369144907666,4096,0,0,1.0,0.0,0.0,0,0.0,0.4292369144907666,0.0
MF,c2,459,0.286875,8.905842529105802e-10,1.0001101566323378,0.42903065463565737,4096,0,0,1.0,0.0,0.0,0,0.0,0.42903065463565737,0.0
MF,c2,460,0.28750000000000003,9.182264551128017e-10,1.0001095064203278,0.4288244245464196,4096,0,0,1.0,0.0,0.0,0,0.0,0.4288244245464196,0.0
MF,c2,461,0.288125,9.4432329796807e-10,1.0001088370849178,0.4286182260166098,4096,0,0,1.0,0.0,0.0,0,0.0,0.4286182260166098,0.0
MF,c2,462,0.28875,9.715257011828266e-10,1.0001081482480687,0.42841206083717537,4096,0,0,1.0,0.0,0.0,0,0.0,0.42841206083717537,0.0
MF,c2,463,0.289375,9.99892998873764e-10,1.0001074395241776,0.4282059307964021,4096,0,0,1.0,0.0,0.0,0,0.0,0.4282059307964021,0.0
MF,c2,464,0.29,1.0294876226241255e-09,1.0001067105200097,0.42799983767986105,4096,0,0,1.0,0.0,0.0,0,0.0,0.42799983767986105,0.0
MF,c2,465,0.290625,1.0603752458022246e-09,1.0001059608346303,0.4277937832703559,4096,0,0,1.0,0.0,0.0,0,0.0,0.4277937832703559,0.0
MF,c2,466,0.29125,1.0926249337833071e-09,1.000105190059341,0.427587769347869,4096,0,0,1.0,0.0,0.0,0,0.0,0.427587769347869,0.0
MF,c2,467,0.291875,1.1263093002814507e-09,1.0001043977775925,0.42738179768950807,4096,0,0,1.0,0.0,0.0,0,0.0,0.42738179768950807,0.0
MF,c2,468,0.2925,1.1615046700052535e-09,1.0001035835649918,0.4271758700694522,4096,0,0,1.0,0.0,0.0,0,0.0,0.4271758700694522,0.0
MF,c2,469,0.293125,1.1982912478537593e-09,1.0001027469891715,0.4269699882588974,4096,0,0,1.0,0.0,0.0,0,0.0,0.4269699882588974,0.0
MF,c2,470,0.29375,1.2367532948792186e-09,1.0001018876097587,0.4267641540260026,4096,0,0,1.0,0.0,0.0,0,0.0,0.4267641540260026,0.0
MF,c2,471,0.294375,1.2769793112462302e-09,1.0001010049783159,0.4265583691358346,4096,0,0,1.0,0.0,0.0,0,0.0,0.4265583691358346,0.0
MF,c2,472,0.295,1.3190622264241954e-09,1.000100098638287,0.4263526353503134,4096,0,0,1.0,0.0,0.0,0,0.0,0.4263526353503134,0.0
MF,c2,473,0.295625,1.3630995968560741e-09,1.0000991681249485,0.426146954428157,4096,0,0,1.0,0.0,0.0,0,0.0,0.426146954428157,0.0
MF,c2,474,0.29625,1.4091938113527647e-09,1.0000982129653546,0.42594132812482555,4096,0,0,1.0,0.0,0.0,0,0.0,0.42594132812482555,0.0
MF,c2,475,0.296875,1.4574523044688756e-09,1.000097232678293,0.42573575819246656,4096,0,0,1.0,0.0,0.0,0,0.0,0.42573575819246656,0.0
MF,c2,476,0.2975,1.5079877781221777e-09,1.000097086694603,0.42553024637985837,4096,0,0,1.0,0.0,0.0,0,0.0,0.42553024637985837,0.0
MF,c2,477,0.29812500000000003,1.5609184317256417e-09,1.0000971540532975,0.42532479443235444,4096,0,0,1.0,0.0,0.0,0,0.0,0.42532479443235444,0.0
MF,c2,478,0.29875,1.6163682011076717e-09,1.0000972139026012,0.42511940409182725,4096,0,0,1.0,0.0,0.0,0,0.0,0.42511940409182725,0.0
MF,c2,479,0.299375,1.6744670065029213e-09,1.0000972661759917,0.4249140770966115,4096,0,0,1.0,0.0,0.0,0,0.0,0.4249140770966115,0.0
MF,c2,480,0.3,1.735351009902961e-09,1.000097310807606,0.42470881518144776,4096,0,0,1.0,0.0,0.0,0,0.0,0.42470881518144776,0.0
MF,c2,481,0.30062500000000003,1.7991628820629967e-09,1.000097347732261,0.42450362007742554,4096,0,0,1.0,0.0,0.0,0,0.0,0.42450362007742554,0.0
MF,c2,482,0.30125,1.8660520794678838e-09,1.000097376885472,0.42429849351192644,4096,0,0,1.0,0.0,0.0,0,0.0,0.42429849351192644,0.0
MF,c2,483,0.301875,1.936175131567558e-09,1.0000973982034085,0.42409343720856707,4096,0,0,1.0,0.0,0.0,0,0.0,0.42409343720856707,0.0
MF,c2,484,0.3025,2.009695938600392e-09,1.0000974116231118,0.4238884528871413,4096,0,0,1.0,0.0,0.0,0,0.0,0.4238884528871413,0.0
MF,c2,485,0.30312500000000003,2.0867860803272387e-09,1.0000974170823154,0.4236835422635636,4096,0,0,1.0,0.0,0.0,0,0.0,0.4236835422635636,0.0
MF,c2,486,0.30375,2.1420166373321683e-09,1.0000974145195296,0.4234787070498107,4096,0,0,1.0,0.0,0.0,0,0.0,0.4234787070498107,0.0
MF,c2,487,0.304375,2.1959691440423275e-09,1.0000974038740635,0.4232739489538644,4096,0,0,1.0,0.0,0.0,0,0.0,0.4232739489538644,0.0
MF,c2,488,0.305,2.2520796174682213e-09,1.0000973850860424,0.42306926967965336,4096,0,0,1.0,0.0,0.0,0,0.0,0.42306926967965336,0.0
MF,c2,489,0.305625,2.310458203529084e-09,1.0000973835491411,0.42286467092699537,4096,0,0,1.0,0.0,0.0,0,0.0,0.42286467092699537,0.0
MF,c2,490,0.30625,2.3712203809365964e-09,1.0000973926544836,0.42266015439153926,4096,0,0,1.0,0.0,0.0,0,0.0,0.42266015439153926,0.0
MF,c2,491,0.306875,2.434487188099896e-09,1.0000973953790808,0.42245572176470647,4096,0,0,1.0,0.0,0.0,0,0.0,0.42245572176470647,0.0
MF,c2,492,0.3075,2.500385458422545e-09,1.0000973916880431,0.4222513747336333,4096,0,0,1.0,0.0,0.0,0,0.0,0.4222513747336333,0.0
MF,c2,493,0.308125,2.569048064252872e-09,1.0000973815471985,0.4220471149811117,4096,0,0,1.0,0.0,0.0,0,0.0,0.4220471149811117,0.0
MF,c2,494,0.30875,2.640614169755241e-09,1.0000973649231033,0.42184294418553203,4096,0,0,1.0,0.0,0.0,0,0.0,0.42184294418553203,0.0
MF,c2,495,0.309375,2.715229492976027e-09,1.0000973417830568,0.42163886402082335,4096,0,0,1.0,0.0,0.0,0,0.0,0.42163886402082335,0.0
MF,c2,496,0.31,2.7930465773843677e-09,1.0000973120951093,0.42143487615639574,4096,0,0,1.0,0.0,0.0,0,0.0,0.42143487615639574,0.0
MF,c2,497,0.310625,2.874225073174094e-09,1.0000972758280755,0.42123098225708117,4096,0,0,1.0,0.0,0.0,0,0.0,0.42123098225708117,0.0
MF,c2,498,0.31125,2.9589320286192436e-09,1.000097232951488,0.42102718398307526,4096,0,0,1.0,0.0,0.0,0,0.0,0.42102718398307526,0.0
MF,c2,499,0.311875,3.0473421917844986e-09,1.0000971834357784,0.42082348298987815,4096,0,0,1.0,0.0,0.0,0,0.0,0.42082348298987815,0.0
MF,c2,500,0.3125,3.139638322892226e-09,1.0000971272521169,0.4206198809282363,4096,0,0,1.0,0.0,0.0,0,0.0,0.4206198809282363,0.0
MF,c2,501,0.313125,3.2360115176625746e-09,1.0000970643724807,0.4204163794440835,4096,0,0,1.0,0.0,0.0,0,0.0,0.4204163794440835,0.0
MF,c2,502,0.31375000000000003,3.3366615419435557e-09,1.0000969947696645,0.4202129801784821,4096,0,0,1.0,0.0,0.0,0,0.0,0.4202129801784821,0.0
MF,c2,503,0.314375,3.4417971779571436e-09,1.0000969184172894,0.4200096847675644,4096,0,0,1.0,0.0,0.0,0,0.0,0.4200096847675644,0.0
MF,c2,504,0.315,3.5516365824937117e-09,1.0000968352898143,0.41980649484247406,4096,0,0,1.0,0.0,0.0,0,0.0,0.41980649484247406,0.0
MF,c2,505,0.315625,3.6664076573938615e-09,1.000096745362544,0.4196034120293074,4096,0,0,1.0,0.0,0.0,0,0.0,0.4196034120293074,0.0
MF,c2,506,0.31625000000000003,3.786348432663461e-09,1.0000966486116405,0.4194004379490545,4096,0,0,1.0,0.0,0.0,0,0.0,0.4194004379490545,0.0
MF,c2,507,0.316875,3.911707462574494e-09,1.0000965450141313,0.4191975742175411,4096,0,0,1.0,0.0,0.0,0,0.0,0.4191975742175411,0.0
MF,c2,508,0.3175,4.042744235111164e-09,1.0000964345479202,0.4189948224453697,4096,0,0,1.0,0.0,0.0,0,0.0,0.4189948224453697,0.0
MF,c2,509,0.318125,4.179729595127488e-09,1.0000963171917931,0.418792184237861,4096,0,0,1.0,0.0,0.0,0,0.0,0.418792184237861,0.0
MF,c2,510,0.31875000000000003,4.322946181589511e-09,1.0000961929254304,0.4185896611949962,4096,0,0,1.0,0.0,0.0,0,0.0,0.4185896611949962,0.0
MF,c2,511,0.319375,4.4564617501443714e-09,1.0000960617294135,0.4183872549113579,4096,0,0,1.0,0.0,0.0,0,0.0,0.4183872549113579,0.0
MF,c2,512,0.32,4.555219292070745e-09,1.0000959235851818,0.41818496697607244,4096,0,0,1.0,0.0,0.0,0,0.0,0.41818496697607244,0.0
MF,c2,513,0.320625,4.657707071927151e-09,1.0000957784751958,0.41798279897275137,4096,0,0,1.0,0.0,0.0,0,0.0,0.41798279897275137,0.0
MF,c2,514,0.32125,4.764107181198738e-09,1.00009562638279,0.41778075247943386,4096,0,0,1.0,0.0,0.0,0,0.0,0.41778075247943386,0.0
MF,c2,515,0.321875,4.874609935215999e-09,1.0000954672922324,0.4175788290685287,4096,0,0,1.0,0.0,0.0,0,0.0,0.4175788290685287,0.0
MF,c2,516,0.3225,4.989414194810189e-09,1.0000953011887315,0.4173770303067565,4096,0,0,1.0,0.0,0.0,0,0.0,0.4173770303067565,0.0
MF,c2,517,0.323125,5.108727698804014e-09,1.0000951280584431,0.41717535775509224,4096,0,0,1.0,0.0,0.0,0,0.0,0.41717535775509224,0.0
MF,c2,518,0.32375,5.2327674076393255e-09,1.0000949478884797,0.4169738129687077,4096,0,0,1.0,0.0,0.0,0,0.0,0.4169738129687077,0.0
MF,c2,519,0.324375,5.361759858449513e-09,1.000094760666914,0.4167723974969145,4096,0,0,1.0,0.0,0.0,0,0.0,0.4167723974969145,0.0
MF,c2,520,0.325,5.495941531890214e-09,1.0000945663827863,0.4165711128831066,4096,0,0,1.0,0.0,0.0,0,0.0,0.4165711128831066,0.0
MF,c2,521,0.325625,5.635559231047983e-09,1.0000943650261127,0.416369960664704,4096,0,0,1.0,0.0,0.0,0,0.0,0.416369960664704,0.0
MF,c2,522,0.32625,5.780870472752566e-09,1.0000941565878878,0.4161689423730953,4096,0,0,1.0,0.0,0.0,0,0.0,0.4161689423730953,0.0
MF,c2,523,0.326875,5.932143891624434e-09,1.0000939410600933,0.41596805953358196,4096,0,0,1.0,0.0,0.0,0,0.0,0.41596805953358196,0.0
MF,c2,524,0.3275,6.08965965719528e-09,1.0000937184357008,0.4157673136653215,4096,0,0,1.0,0.0,0.0,0,0.0,0.4157673136653215,0.0
MF,c2,525,0.328125,6.253709904445219e-09,1.000093488708679,0.41556670628127196,4096,0,0,1.0,0.0,0.0,0,0.0,0.41556670628127196,0.0
MF,c2,526,0.32875,6.424599178105778e-09,1.0000932518739531,0.41536623888813556,4096,0,0,1.0,0.0,0.0,0,0.0,0.41536623888813556,0.0
MF,c2,527,0.32937500000000003,6.602644891087891e-09,1.0000930079275436,0.41516591298630356,4096,0,0,1.0,0.0,0.0,0,0.0,0.41516591298630356,0.0
MF,c2,528,0.33,6.788177797389937e-09,1.0000927568664375,0.41496573006980086,4096,0,0,1.0,0.0,0.0,0,0.0,0.41496573006980086,0.0
MF,c2,529,0.330625,6.981542479860506e-09,1.000092498688633,0.41476569162623095,4096,0,0,1.0,0.0,0.0,0,0.0,0.41476569162623095,0.0
MF,c2,530,0.33125,7.183097853186308e-09,1.0000922333931501,0.41456579913672137,4096,0,0,1.0,0.0,0.0,0,0.0,0.41456579913672137,0.0
MF,c2,531,0.33187500000000003,7.393217682485779e-09,1.0000919609800267,0.4143660540758688,4096,0,0,1.0,0.0,0.0,0,0.0,0.4143660540758688,0.0
MF,c2,532,0.3325,7.612291117894147e-09,1.000091681450328,0.4141664579116855,4096,0,0,1.0,0.0,0.0,0,0.0,0.4141664579116855,0.0
MF,c2,533,0.333125,7.840723245531656e-09,1.000091394806145,0.4139670121055452,4096,0,0,1.0,0.0,0.0,0,0.0,0.4139670121055452,0.0
MF,c2,534,0.33375,8.078935655252538e-09,1.0000911010506004,0.4137677181121295,4096,0,0,1.0,0.0,0.0,0,0.0,0.4137677181121295,0.0
MF,c2,535,0.33437500000000003,8.327367025578125e-09,1.0000908001878488,0.4135685773793749,4096,0,0,1.0,0.0,0.0,0,0.0,0.4135685773793749,0.0
MF,c2,536,0.335,8.58647372622331e-09,1.0000904922230798,0.4133695913484198,4096,0,0,1.0,0.0,0.0,0,0.0,0.4133695913484198,0.0
MF,c2,537,0.335625,8.756435840858873e-09,1.0000901771625206,0.4131707614535521,4096,0,0,1.0,0.0,0.0,0,0.0,0.4131707614535521,0.0
MF,c2,538,0.33625,8.930922438582749e-09,1.0000899588719279,0.4129720891221571,4096,0,0,1.0,0.0,0.0,0,0.0,0.4129720891221571,0.0
MF,c2,539,0.336875,9.111762149021917e-09,1.000089739768856,0.4127735757746658,4096,0,0,1.0,0.0,0.0,0,0.0,0.4127735757746658,0.0
MF,c2,540,0.3375,9.299251046017331e-09,1.0000895155810454,0.4125752228245032,4096,0,0,1.0,0.0,0.0,0,0.0,0.4125752228245032,0.0
MF,c2,541,0.338125,9.49369760532745e-09,1.0000892863207114,0.41237703167803774,4096,0,0,1.0,0.0,0.0,0,0.0,0.41237703167803774,0.0
MF,c2,542,0.33875,9.695423148811325e-09,1.0000890520007617,0.41217900373453054,4096,0,0,1.0,0.0,0.0,0,0.0,0.41217900373453054,0.0
MF,c2,543,0.339375,9.904762302182897e-09,1.0000888126347964,0.41198114038608524,4096,0,0,1.0,0.0,0.0,0,0.0,0.41198114038608524,0.0
MF,c2,544,0.34,1.0122063466672119e-08,1.0000885682371041,0.41178344301759817,4096,0,0,1.0,0.0,0.0,0,0.0,0.41178344301759817,0.0
MF,c2,545,0.340625,1.034768930493223e-08,1.0000883188226617,0.4115859130067092,4096,0,0,1.0,0.0,0.0,0,0.0,0.4115859130067092,0.0
MF,c2,546,0.34125,1.058201724153789e-08,1.0000880644071304,0.41138855172375266,4096,0,0,1.0,0.0,0.0,0,0.0,0.41138855172375266,0.0
MF,c2,547,0.341875,1.082543997842392e-08,1.0000878050068556,0.41119136053170924,4096,0,0,1.0,0.0,0.0,0,0.0,0.41119136053170924,0.0
MF,c2,548,0.3425,1.1078366025619573e-08,1.000087540638862,0.4109943407861574,4096,0,0,1.0,0.0,0.0,0,0.0,0.4109943407861574,0.0
MF,c2,549,0.343125,1.1341220247638363e-08,1.0000872713208526,0.4107974938352264,4096,0,0,1.0,0.0,0.0,0,0.0,0.4107974938352264,0.0
MF,c2,550,0.34375,1.1614444425888568e-08,1.0000869970712054,0.4106008210195494,4096,0,0,1.0,0.0,0.0,0,0.0,0.4106008210195494,0.0
MF,c2,551,0.344375,1.189849783747442e-08,1.0000867179089683,0.41040432367221635,4096,0,0,1.0,0.0,0.0,0,0.0,0.41040432367221635,0.0
MF,c2,552,0.34500000000000003,1.2193857850762103e-08,1.0000864338538282,0.41020800311872807,4096,0,0,1.0,0.0,0.0,0,0.0,0.41020800311872807,0.0
MF,c2,553,0.345625,1.2501020538095377e-08,1.0000861449261975,0.41001186067695106,4096,0,0,1.0,0.0,0.0,0,0.0,0.41001186067695106,0.0
MF,c2,554,0.34625,1.2820501306035584e-08,1.000085851147118,0.40981589765707216,4096,0,0,1.0,0.0,0.0,0,0.0,0.40981589765707216,0.0
MF,c2,555,0.346875,1.3152835543525606e-08,1.0000855525382883,0.40962011536155407,4096,0,0,1.0,0.0,0.0,0,0.0,0.40962011536155407,0.0
MF,c2,556,0.34750000000000003,1.3498579288366858e-08,1.0000852491220589,0.4094245150850913,4096,0,0,1.0,0.0,0.0,0,0.0,0.4094245150850913,0.0
MF,c2,557,0.348125,1.3858309912409084e-08,1.0000849409214283,0.40922909811456676,4096,0,0,1.0,0.0,0.0,0,0.0,0.40922909811456676,0.0
MF,c2,558,0.34875,1.4232626825856166e-08,1.0000846279600393,0.40903386572900896,4096,0,0,1.0,0.0,0.0,0,0.0,0.40903386572900896,0.0
MF,c2,559,0.349375,1.4622152201095653e-08,1.0000843102621724,0.40883881919954956,4096,0,0,1.0,0.0,0.0,0,0.0,0.40883881919954956,0.0
MF,c2,560,0.35000000000000003,1.5027531716463904e-08,1.0000839878527417,0.4086439597893813,4096,0,0,1.0,0.0,0.0,0,0.0,0.4086439597893813,0.0
MF,c2,561,0.350625,1.5449435320363022e-08,1.00008366075729,0.4084492887537172,4096,0,0,1.0,0.0,0.0,0,0.0,0.4084492887537172,0.0
MF,c2,562,0.35125,1.573282533008503e-08,1.0000833290019822,0.4082548073397497,4096,0,0,1.0,0.0,0.0,0,0.0,0.4082548073397497,0.0
MF,c2,563,0.351875,1.601198694009269e-08,1.000082992613601,0.4080605167866104,4096,0,0,1.0,0.0,0.0,0,0.0,0.4080605167866104,0.0
MF,c2,564,0.3525,1.630093040055539e-08,1.0000826516195407,0.4078664183253309,4096,0,0,1.0,0.0,0.0,0,0.0,0.4078664183253309,0.0
MF,c2,565,0.353125,1.6600093116290996e-08,1.0000823060478012,0.4076725131788037,4096,0,0,1.0,0.0,0.0,0,0.0,0.4076725131788037,0.0
MF,c2,566,0.35375,1.69099295876382e-08,1.0000819559269567,0.40747880256174396,4096,0,0,1.0,0.0,0.0,0,0.0,0.40747880256174396,0.0
MF,c2,567,0.354375,1.72309119748671e-08,1.0000816012862241,0.4072852876806519,4096,0,0,1.0,0.0,0.0,0,0.0,0.4072852876806519,0.0
MF,c2,568,0.355,1.7563530678332555e-08,1.0000812421553826,0.4070919697337756,4096,0,0,1.0,0.0,0.0,0,0.0,0.4070919697337756,0.0
MF,c2,569,0.355625,1.790829493473528e-08,1.0000808785647892,0.4068988499110745,4096,0,0,1.0,0.0,0.0,0,0.0,0.4068988499110745,0.0
MF,c2,570,0.35625,1.8265733429828633e-08,1.0000805105453754,0.40670592939418415,4096,0,0,1.0,0.0,0.0,0,0.0,0.40670592939418415,0.0
MF,c2,571,0.356875,1.863639492792557e-08,1.000080138128636,0.40651320935638025,4096,0,0,1.0,0.0,0.0,0,0.0,0.40651320935638025,0.0
MF,c2,572,0.3575,1.9020848918561988e-08,1.0000797613466261,0.40632069096254486,4096,0,0,1.0,0.0,0.0,0,0.0,0.40632069096254486,0.0
MF,c2,573,0.358125,1.9419686280676643e-08,1.0000793802319512,0.406128375369132,4096,0,0,1.0,0.0,0.0,0,0.0,0.406128375369132,0.0
MF,c2,574,0.35875,1.9833519964671533e-08,1.0000789948177593,0.4059362637241347,4096,0,0,1.0,0.0,0.0,0,0.0,0.4059362637241347,0.0
MF,c2,575,0.359375,2.026298569272032e-08,1.0000786051377335,0.40574435716705254,4096,0,0,1.0,0.0,0.0,0,0.0,0.40574435716705254,0.0
MF,c2,576,0.36,2.070874267769589e-08,1.0000782112260846,0.4055526568288596,4096,0,0,1.0,0.0,0.0,0,0.0,0.4055526568288596,0.0
MF,c2,577,0.36062500000000003,2.1171474361091737e-08,1.0000778896558729,0.4053611638319733,4096,0,0,1.0,0.0,0.0,0,0.0,0.4053611638319733,0.0
MF,c2,578,0.36125,2.165188917031506e-08,1.0000776144159587,0.40516987929022397,4096,0,0,1.0,0.0,0.0,0,0.0,0.40516987929022397,0.0
MF,c2,579,0.361875,2.215072129573175e-08,1.0000773363304662,0.40497880430882494,4096,0,0,1.0,0.0,0.0,0,0.0,0.40497880430882494,0.0
MF,c2,580,0.3625,2.266873148785333e-08,1.000077243579369,0.4047879399843432,4096,0,0,1.0,0.0,0.0,0,0.0,0.4047879399843432,0.0
MF,c2,581,0.36312500000000003,2.3206707875041362e-08,1.0000774661835377,0.4045972874046716,4096,0,0,1.0,0.0,0.0,0,0.0,0.4045972874046716,0.0
MF,c2,582,0.36375,2.3765466802131646e-08,1.0000776791749313,0.4044068476490003,4096,0,0,1.0,0.0,0.0,0,0.0,0.4044068476490003,0.0
MF,c2,583,0.364375,2.4345853690364937e-08,1.0000778822037808,0.40421662178779033,4096,0,0,1.0,0.0,0.0,0,0.0,0.40421662178779033,0.0
MF,c2,584,0.365,2.4948743919020962e-08,1.0000780749107054,0.40402661088274694,4096,0,0,1.0,0.0,0.0,0,0.0,0.40402661088274694,0.0
MF,c2,585,0.36562500000000003,2.5575043729153704e-08,1.000078256926487,0.4038368159867939,4096,0,0,1.0,0.0,0.0,0,0.0,0.4038368159867939,0.0
MF,c2,586,0.36625,2.6212208763441063e-08,1.0000784278718395,0.40364723814404896,4096,0,0,1.0,0.0,0.0,0,0.0,0.40364723814404896,0.0
MF,c2,587,0.366875,2.6621135092500353e-08,1.0000785873571774,0.4034578783897994,4096,0,0,1.0,0.0,0.0,0,0.0,0.4034578783897994,0.0
MF,c2,588,0.3675,2.7043831970729546e-08,1.0000787349823765,0.40326873775047856,4096,0,0,1.0,0.0,0.0,0,0.0,0.40326873775047856,0.0
MF,c2,589,0.368125,2.7480894368645576e-08,1.0000788703365373,0.4030798172436433,4096,0,0,1.0,0.0,0.0,0,0.0,0.4030798172436433,0.0
MF,c2,590,0.36875,2.7932939087755346e-08,1.000078992997738,0.4028911178779517,4096,0,0,1.0,0.0,0.0,0,0.0,0.4028911178779517,0.0
MF,c2,591,0.369375,2.840060542912641e-08,1.0000791025327875,0.40270264065314193,4096,0,0,1.0,0.0,0.0,0,0.0,0.40270264065314193,0.0
MF,c2,592,0.37,2.8884555879130272e-08,1.0000791984969755,0.4025143865600119,4096,0,0,1.0,0.0,0.0,0,0.0,0.4025143865600119,0.0
MF,c2,593,0.370625,2.9385476812692777e-08,1.000079307896483,0.40232635658039934,4096,0,0,1.0,0.0,0.0,0,0.0,0.40232635658039934,0.0
MF,c2,594,0.37125,2.990407921438618e-08,1.0000795588010998,0.4021385516871624,4096,0,0,1.0,0.0,0.0,0,0.0,0.4021385516871624,0.0
MF,c2,595,0.371875,3.044109941771562e-08,1.0000798002741578,0.40195097284416215,4096,0,0,1.0,0.0,0.0,0,0.0,0.40195097284416215,0.0
MF,c2,596,0.3725,3.099729986291634e-08,1.0000800319649934,0.401763621006244,4096,0,0,1.0,0.0,0.0,0,0.0,0.401763621006244,0.0
MF,c2,597,0.373125,3.1573469873632715e-08,1.0000802535133833,0.4015764971192218,4096,0,0,1.0,0.0,0.0,0,0.0,0.4015764971192218,0.0
MF,c2,598,0.37375,3.217042645281297e-08,1.0000804645493269,0.4013896021198613,4096,0,0,1.0,0.0,0.0,0,0.0,0.4013896021198613,0.0
MF,c2,599,0.374375,3.2789015098171494e-08,1.0000806646928182,0.4012029369358649,4096,0,0,1.0,0.0,0.0,0,0.0,0.4012029369358649,0.0
MF,c2,600,0.375,3.343011063757005e-08,1.0000808535536192,0.4010165024858572,4096,0,0,1.0,0.0,0.0,0,0.0,0.4010165024858572,0.0
MF,c2,601,0.375625,3.409461808467117e-08,1.0000810307310237,0.40083029967937117,4096,0,0,1.0,0.0,0.0,0,0.0,0.40083029967937117,0.0
MF,c2,602,0.37625000000000003,3.478347351521872e-08,1.0000811958136244,0.400644329416835,4096,0,0,1.0,0.0,0.0,0,0.0,0.400644329416835,0.0
MF,c2,603,0.376875,3.549764496430216e-08,1.0000813483790734,0.40045859258956007,4096,0,0,1.0,0.0,0.0,0,0.0,0.40045859258956007,0.0
MF,c2,604,0.3775,3.6238133344962594e-08,1.0000814879938351,0.4002730900797291,4096,0,0,1.0,0.0,0.0,0,0.0,0.4002730900797291,0.0
MF,c2,605,0.378125,3.7005973388500014e-08,1.0000816142129432,0.40008782276038574,4096,0,0,1.0,0.0,0.0,0,0.0,0.40008782276038574,0.0
MF,c2,606,0.37875000000000003,3.780223460684224e-08,1.0000817265797481,0.39990279149542435,4096,0,0,1.0,0.0,0.0,0,0.0,0.39990279149542435,0.0
MF,c2,607,0.379375,3.862802227733684e-08,1.0000818246256644,0.39971799713958056,4096,0,0,1.0,0.0,0.0,0,0.0,0.39971799713958056,0.0
MF,c2,608,0.38,3.9484478450328545e-08,1.0000819078699117,0.3995334405384235,4096,0,0,1.0,0.0,0.0,0,0.0,0.3995334405384235,0.0
MF,c2,609,0.380625,4.037278297988474e-08,1.0000819758192556,0.39934912252834703,4096,0,0,1.0,0.0,0.0,0,0.0,0.39934912252834703,0.0
MF,c2,610,0.38125000000000003,4.129415457803243e-08,1.0000820279676734,0.39916504393656393,4096,0,0,1.0,0.0,0.0,0,0.0,0.39916504393656393,0.0
MF,c2,611,0.381875,4.211405045602049e-08,1.0000822371716642,0.3989812055810987,4096,0,0,1.0,0.0,0.0,0,0.0,0.3989812055810987,0.0
MF,c2,612,0.3825,4.270409028330029e-08,1.000082466808629,0.3987976082707828,4096,0,0,1.0,0.0,0.0,0,0.0,0.3987976082707828,0.0
MF,c2,613,0.383125,4.3313546529205924e-08,1.0000826854966978,0.39861425280524954,4096,0,0,1.0,0.0,0.0,0,0.0,0.39861425280524954,0.0
MF,c2,614,0.38375000000000004,4.39432254668991e-08,1.0000828928392256,0.39843113997493057,4096,0,0,1.0,0.0,0.0,0,0.0,0.39843113997493057,0.0
MF,c2,615,0.384375,4.459396098985684e-08,1.0000830884290386,0.39824827056105216,4096,0,0,1.0,0.0,0.0,0,0.0,0.39824827056105216,0.0
MF,c2,616,0.385,4.526661539382075e-08,1.0000832718482044,0.3980656453356333,4096,0,0,1.0,0.0,0.0,0,0.0,0.3980656453356333,0.0
MF,c2,617,0.385625,4.5962080177133804e-08,1.0000834426677907,0.3978832650614838,4096,0,0,1.0,0.0,0.0,0,0.0,0.3978832650614838,0.0
MF,c2,618,0.38625,4.668127685977722e-08,1.0000836004476277,0.39770113049220335,4096,0,0,1.0,0.0,0.0,0,0.0,0.39770113049220335,0.0
MF,c2,619,0.386875,4.742515782142187e-08,1.000083744736061,0.39751924237218167,4096,0,0,1.0,0.0,0.0,0,0.0,0.39751924237218167,0.0
MF,c2,620,0.3875,4.819470715880918e-08,1.0000838750697076,0.3973376014365984,4096,0,0,1.0,0.0,0.0,0,0.0,0.3973376014365984,0.0
MF,c2,621,0.388125,4.899094156277792e-08,1.0000839909731996,0.3971562084114255,4096,0,0,1.0,0.0,0.0,0,0.0,0.3971562084114255,0.0
MF,c2,622,0.38875,4.981491121525366e-08,1.000084091958933,0.3969750640134283,4096,0,0,1.0,0.0,0.0,0,0.0,0.3969750640134283,0.0
MF,c2,623,0.389375,5.066770070651867e-08,1.0000841775268103,0.39679416895016895,4096,0,0,1.0,0.0,0.0,0,0.0,0.39679416895016895,0.0
MF,c2,624,0.39,5.1550429973080313e-08,1.000084247163975,0.3966135239200096,4096,0,0,1.0,0.0,0.0,0,0.0,0.3966135239200096,0.0
MF,c2,625,0.390625,5.246425525645642e-08,1.0000843003445496,0.39643312961211724,4096,0,0,1.0,0.0,0.0,0,0.0,0.39643312961211724,0.0
MF,c2,626,0.39125,5.341037008319628e-08,1.0000843365293663,0.3962529867064682,4096,0,0,1.0,0.0,0.0,0,0.0,0.3962529867064682,0.0
MF,c2,627,0.39187500000000003,5.439000626645581e-08,1.0000843551656953,0.39607309587385403,4096,0,0,1.0,0.0,0.0,0,0.0,0.39607309587385403,0.0
MF,c2,628,0.3925,5.540443492944535e-08,1.0000845164637446,0.3958934577758883,4096,0,0,1.0,0.0,0.0,0,0.0,0.3958934577758883,0.0
MF,c2,629,0.393125,5.6454967551068264e-08,1.0000847307732932,0.39571407306501344,4096,0,0,1.0,0.0,0.0,0,0.0,0.39571407306501344,0.0
MF,c2,630,0.39375,5.7542957034067093e-08,1.0000849329930024,0.395534942384509,4096,0,0,1.0,0.0,0.0,0,0.0,0.395534942384509,0.0
MF,c2,631,0.39437500000000003,5.8669798795997475e-08,1.0000851226922416,0.39535606636849996,4096,0,0,1.0,0.0,0.0,0,0.0,0.39535606636849996,0.0
MF,c2,632,0.395,5.983693188333811e-08,1.0000852994291407,0.39517744564196633,4096,0,0,1.0,0.0,0.0,0,0.0,0.39517744564196633,0.0
MF,c2,633,0.395625,6.104584010905986e-08,1.0000854627504057,0.39499908082075347,4096,0,0,1.0,0.0,0.0,0,0.0,0.39499908082075347,0.0
MF,c2,634,0.39625,6.229805321396257e-08,1.0000856121910715,0.39482097251158216,4096,0,0,1.0,0.0,0.0,0,0.0,0.39482097251158216,0.0
MF,c2,635,0.39687500000000003,6.359514805209261e-08,1.000085747274259,0.394643121312061,4096,0,0,1.0,0.0,0.0,0,0.0,0.394643121312061,0.0
MF,c2,636,0.3975,6.450860607867556e-08,1.0000858675109223,0.39446552781069777,4096,0,0,1.0,0.0,0.0,0,0.0,0.39446552781069777,0.0
MF,c2,637,0.398125,6.532343514271232e-08,1.000085972399597,0.39428819258691294,4096,0,0,1.0,0.0,0.0,0,0.0,0.39428819258691294,0.0
MF,c2,638,0.39875,6.616461442525288e-08,1.0000860614261409,0.39411111621105294,4096,0,0,1.0,0.0,0.0,0,0.0,0.39411111621105294,0.0
MF,c2,639,0.39937500000000004,6.703319538390049e-08,1.000086134063478,0.3939342992444042,4096,0,0,1.0,0.0,0.0,0,0.0,0.3939342992444042,0.0
MF,c2,640,0.4,6.793026312318743e-08,1.0000861897713291,0.39375774223920873,4096,0,0,1.0,0.0,0.0,0,0.0,0.39375774223920873,0.0
MF,c2,641,0.400625,6.885693727645876e-08,1.0000862279959501,0.3935814457386791,4096,0,0,1.0,0.0,0.0,0,0.0,0.3935814457386791,0.0
MF,c2,642,0.40125,6.981437290674521e-08,1.0000862481698582,0.3934054102770149,4096,0,0,1.0,0.0,0.0,0,0.0,0.3934054102770149,0.0
MF,c2,643,0.401875,7.08037614269037e-08,1.0000862497115606,0.39322963637942004,4096,0,0,1.0,0.0,0.0,0,0.0,0.39322963637942004,0.0
MF,c2,644,0.4025,7.182633153930299e-08,1.0000862320252755,0.39305412456211974,4096,0,0,1.0,0.0,0.0,0,0.0,0.39305412456211974,0.0
MF,c2,645,0.403125,7.288335019533206e-08,1.000086349269028,0.3928788753323793,4096,0,0,1.0,0.0,0.0,0,0.0,0.3928788753323793,0.0
MF,c2,646,0.40375,7.397612357500802e-08,1.0000865452536312,0.39270388918852256,4096,0,0,1.0,0.0,0.0,0,0.0,0.39270388918852256,0.0
MF,c2,647,0.404375,7.510599808695923e-08,1.0000867280629127,0.392529166619952,4096,0,0,1.0,0.0,0.0,0,0.0,0.392529166619952,0.0
MF,c2,648,0.405,7.627436138905888e-08,1.000086897235288,0.3923547081071685,4096,0,0,1.0,0.0,0.0,0,0.0,0.3923547081071685,0.0
MF,c2,649,0.405625,7.748264342998298e-08,1.0000870522974274,0.392180514121792,4096,0,0,1.0,0.0,0.0,0,0.0,0.392180514121792,0.0
MF,c2,650,0.40625,7.873231751196493e-08,1.0000871927640147,0.3920065851265835,4096,0,0,1.0,0.0,0.0,0,0.0,0.3920065851265835,0.0
MF,c2,651,0.406875,8.002490137501812e-08,1.0000873181374987,0.3918329215754667,4096,0,0,1.0,0.0,0.0,0,0.0,0.3918329215754667,0.0
MF,c2,652,0.40750000000000003,8.136195830289576e-08,1.000087427907843,0.39165952391355074,4096,0,0,1.0,0.0,0.0,0,0.0,0.39165952391355074,0.0
MF,c2,653,0.408125,8.274509825105533e-08,1.0000875215522733,0.3914863925771536,4096,0,0,1.0,0.0,0.0,0,0.0,0.3914863925771536,0.0
MF,c2,654,0.40875,8.417597899689324e-08,1.000087598535016,0.39131352799382585,4096,0,0,1.0,0.0,0.0,0,0.0,0.39131352799382585,0.0
MF,c2,655,0.409375,8.565630731251274e-08,1.0000876583070448,0.3911409305823751,4096,0,0,1.0,0.0,0.0,0,0.0,0.3911409305823751,0.0
MF,c2,656,0.41000000000000003,8.718784016028555e-08,1.0000877003058117,0.3909686007528912,4096,0,0,1.0,0.0,0.0,0,0.0,0.3909686007528912,0.0
MF,c2,657,0.410625,8.877238591146687e-08,1.0000877239549424,0.39079653890677174,4096,0,0,1.0,0.0,0.0,0,0.0,0.39079653890677174,0.0
MF,c2,658,0.41125,9.041180558811223e-08,1.0000877286640855,0.3906247454367483,4096,0,0,1.0,0.0,0.0,0,0.0,0.3906247454367483,0.0
MF,c2,659,0.411875,9.210801412855942e-08,1.0000877138285207,0.39045322072691335,4096,0,0,1.0,0.0,0.0,0,0.0,0.39045322072691335,0.0
MF,c2,660,0.41250000000000003,9.364477847855754e-08,1.000087678828921,0.39028196515274727,4096,0,0,1.0,0.0,0.0,0,0.0,0.39028196515274727,0.0
MF,c2,661,0.413125,9.46934263562651e-08,1.0000876230310747,0.3901109790811468,4096,0,0,1.0,0.0,0.0,0,0.0,0.3901109790811468,0.0
MF,c2,662,0.41375,9.577532902413681e-08,1.0000876772528653,0.3899402628704526,4096,0,0,1.0,0.0,0.0,0,0.0,0.3899402628704526,0.0
MF,c2,663,0.414375,9.689177195705618e-08,1.0000878524855767,0.3897698168704793,4096,0,0,1.0,0.0,0.0,0,0.0,0.3897698168704793,0.0
MF,c2,664,0.41500000000000004,9.804407929582287e-08,1.0000880135414887,0.38959964142254416,4096,0,0,1.0,0.0,0.0,0,0.0,0.38959964142254416,0.0
MF,c2,665,0.415625,9.923361479084965e-08,1.0000881599318883,0.3894297368594976,4096,0,0,1.0,0.0,0.0,0,0.0,0.3894297368594976,0.0
MF,c2,666,0.41625,1.0046178276459322e-07,1.0000882911558693,0.3892601035057534,4096,0,0,1.0,0.0,0.0,0,0.0,0.3892601035057534,0.0
MF,c2,667,0.416875,1.017300290929536e-07,1.0000884067000857,0.38909074167732005,4096,0,0,1.0,0.0,0.0,0,0.0,0.38909074167732005,0.0
MF,c2,668,0.4175,1.0303984220587608e-07,1.0000885060385043,0.38892165168183224,4096,0,0,1.0,0.0,0.0,0,0.0,0.38892165168183224,0.0
MF,c2,669,0.418125,1.0439275410738732e-07,1.000088588632151,0.3887528338185827,4096,0,0,1.0,0.0,0.0,0,0.0,0.3887528338185827,0.0
MF,c2,670,0.41875,1.0579034141529607e-07,1.0000886539288565,0.3885842883785553,4096,0,0,1.0,0.0,0.0,0,0.0,0.3885842883785553,0.0
MF,c2,671,0.419375,1.0723422642078604e-07,1.0000887013629978,0.38841601564445727,4096,0,0,1.0,0.0,0.0,0,0.0,0.38841601564445727,0.0
MF,c2,672,0.42,1.0872607816812705e-07,1.0000887303552355,0.38824801589075364,4096,0,0,1.0,0.0,0.0,0,0.0,0.38824801589075364,0.0
MF,c2,673,0.420625,1.1026761355472748e-07,1.0000887403122516,0.3880802893837005,4096,0,0,1.0,0.0,0.0,0,0.0,0.3880802893837005,0.0
MF,c2,674,0.42125,1.1186059845174902e-07,1.000088730626479,0.3879128363813796,4096,0,0,1.0,0.0,0.0,0,0.0,0.3879128363813796,0.0
MF,c2,675,0.421875,1.1350684884550137e-07,1.0000887006758334,0.38774565713373355,4096,0,0,1.0,0.0,0.0,0,0.0,0.38774565713373355,0.0
MF,c2,676,0.4225,1.1520823199983214e-07,1.0000886498234383,0.38757875188260077,4096,0,0,1.0,0.0,0.0,0,0.0,0.38757875188260077,0.0
MF,c2,677,0.42312500000000003,1.1696666763972363e-07,1.0000885774173458,0.38741212086175136,4096,0,0,1.0,0.0,0.0,0,0.0,0.38741212086175136,0.0
MF,c2,678,0.42375,1.1878412915630478e-07,1.0000884827902619,0.3872457642969234,4096,0,0,1.0,0.0,0.0,0,0.0,0.3872457642969234,0.0
MF,c2,679,0.424375,1.206626448334835e-07,1.000088427140336,0.38707968240585955,4096,0,0,1.0,0.0,0.0,0,0.0,0.38707968240585955,0.0
MF,c2,680,0.425,1.2260429909640006e-07,1.000088579799008,0.3869138753983439,4096,0,0,1.0,0.0,0.0,0,0.0,0.3869138753983439,0.0
MF,c2,681,0.42562500000000003,1.2461123378189903e-07,1.0000887173901458,0.3867483434762394,4096,0,0,1.0,0.0,0.0,0,0.0,0.3867483434762394,0.0
MF,c2,682,0.42625,1.2668564943121224e-07,1.000088839402182,0.3865830868335259,4096,0,0,1.0,0.0,0.0,0,0.0,0.3865830868335259,0.0
MF,c2,683,0.426875,1.288298066050419e-07,1.0000889453110202,0.3864181056563383,4096,0,0,1.0,0.0,0.0,0,0.0,0.3864181056563383,0.0
MF,c2,684,0.4275,1.3104602722122713e-07,1.0000890345797853,0.38625340012300485,4096,0,0,1.0,0.0,0.0,0,0.0,0.38625340012300485,0.0
MF,c2,685,0.42812500000000003,1.3247211125432413e-07,1.0000891066585784,0.3860889704040867,4096,0,0,1.0,0.0,0.0,0,0.0,0.3860889704040867,0.0
MF,c2,686,0.42875,1.3381641191160539e-07,1.0000891609842226,0.3859248166624164,4096,0,0,1.0,0.0,0.0,0,0.0,0.3859248166624164,0.0
MF,c2,687,0.429375,1.3520300511927551e-07,1.0000891969800105,0.3857609390531384,4096,0,0,1.0,0.0,0.0,0,0.0,0.3857609390531384,0.0
MF,c2,688,0.43,1.366334620247976e-07,1.0000892140554443,0.3855973377237486,4096,0,0,1.0,0.0,0.0,0,0.0,0.3855973377237486,0.0
MF,c2,689,0.43062500000000004,1.3810939798073143e-07,1.0000892116059767,0.38543401281413486,4096,0,0,1.0,0.0,0.0,0,0.0,0.38543401281413486,0.0
MF,c2,690,0.43125,1.3963247354602278e-07,1.0000891890127461,0.3852709644566176,4096,0,0,1.0,0.0,0.0,0,0.0,0.3852709644566176,0.0
MF,c2,691,0.431875,1.412043955054751e-07,1.0000891456423104,0.3851081927759911,4096,0,0,1.0,0.0,0.0,0,0.0,0.3851081927759911,0.0
MF,c2,692,0.4325,1.428269179075896e-07,1.0000890808463783,0.3849456978895644,4096,0,0,1.0,0.0,0.0,0,0.0,0.3849456978895644,0.0
MF,c2,693,0.433125,1.445018431209578e-07,1.0000889939615352,0.38478347990720346,4096,0,0,1.0,0.0,0.0,0,0.0,0.38478347990720346,0.0
MF,c2,694,0.43375,1.4623102290938578e-07,1.0000888843089695,0.38462153893137263,4096,0,0,1.0,0.0,0.0,0,0.0,0.38462153893137263,0.0
MF,c2,695,0.434375,1.4801635952592831e-07,1.0000887511941934,0.38445987505717744,4096,0,0,1.0,0.0,0.0,0,0.0,0.38445987505717744,0.0
MF,c2,696,0.435,1.4985980682600652e-07,1.0000885939067625,0.3842984883724065,4096,0,0,1.0,0.0,0.0,0,0.0,0.3842984883724065,0.0
MF,c2,697,0.435625,1.517633713997799e-07,1.000088635350835,0.3841373789575747,4096,0,0,1.0,0.0,0.0,0,0.0,0.3841373789575747,0.0
MF,c2,698,0.43625,1.53729113723939e-07,1.0000887483810874,0.3839765468859665,4096,0,0,1.0,0.0,0.0,0,0.0,0.3839765468859665,0.0
MF,c2,699,0.436875,1.5575914933308265e-07,1.000088845057737,0.38381599222367857,4096,0,0,1.0,0.0,0.0,0,0.0,0.38381599222367857,0.0
MF,c2,700,0.4375,1.5785565001083827e-07,1.0000889248382339,0.3836557150296641,4096,0,0,1.0,0.0,0.0,0,0.0,0.3836557150296641,0.0
MF,c2,701,0.438125,1.6002084500088046e-07,1.00008898716703,0.3834957153557762,4096,0,0,1.0,0.0,0.0,0,0.0,0.3834957153557762,0.0
MF,c2,702,0.43875000000000003,1.6225702223799844e-07,1.0000890314753317,0.38333599324681195,4096,0,0,1.0,0.0,0.0,0,0.0,0.38333599324681195,0.0
MF,c2,703,0.439375,1.6456652959935824e-07,1.0000890571808485,0.3831765487405572,4096,0,0,1.0,0.0,0.0,0,0.0,0.3831765487405572,0.0
MF,c2,704,0.44,1.6695177617610096e-07,1.0000890636875426,0.38301738186783046,4096,0,0,1.0,0.0,0.0,0,0.0,0.38301738186783046,0.0
MF,c2,705,0.440625,1.6941523356541316e-07,1.0000890503853737,0.382858492652528,4096,0,0,1.0,0.0,0.0,0,0.0,0.382858492652528,0.0
MF,c2,706,0.44125000000000003,1.719594371832009e-07,1.0000890166500405,0.38269988111166875,4096,0,0,1.0,0.0,0.0,0,0.0,0.38269988111166875,0.0
MF,c2,707,0.441875,1.7458698759749297e-07,1.0000889618427191,0.3825415472554395,4096,0,0,1.0,0.0,0.0,0,0.0,0.3825415472554395,0.0
MF,c2,708,0.4425,1.773005518826937e-07,1.0000888853098007,0.3823834910872399,4096,0,0,1.0,0.0,0.0,0,0.0,0.3823834910872399,0.0
MF,c2,709,0.443125,1.7949309070528e-07,1.0000887863826238,0.3822257126037284,4096,0,0,1.0,0.0,0.0,0,0.0,0.3822257126037284,0.0
MF,c2,710,0.44375000000000003,1.8111152025017837e-07,1.0000886643772064,0.38206821179486766,4096,0,0,1.0,0.0,0.0,0,0.0,0.38206821179486766,0.0
MF,c2,711,0.444375,1.8278037613209917e-07,1.0000885185939732,0.3819109886439707,4096,0,0,1.0,0.0,0.0,0,0.0,0.3819109886439707,0.0
MF,c2,712,0.445,1.8450147545565025e-07,1.0000883483174678,0.38175404312774647,4096,0,0,1.0,0.0,0.0,0,0.0,0.38175404312774647,0.0
MF,c2,713,0.445625,1.8627668343960704e-07,1.0000881528161156,0.3815973752163465,4096,0,0,1.0,0.0,0.0,0,0.0,0.3815973752163465,0.0
MF,c2,714,0.44625000000000004,1.8810791443369192e-07,1.0000879313419038,0.38144098487341094,4096,0,0,1.0,0.0,0.0,0,0.0,0.38144098487341094,0.0
MF,c2,715,0.446875,1.899971329523683e-07,1.0000879918154266,0.3812848720561149,4096,0,0,1.0,0.0,0.0,0,0.0,0.3812848720561149,0.0
MF,c2,716,0.4475,1.9194635472576777e-07,1.0000880627669386,0.38112903671521553,4096,0,0,1.0,0.0,0.0,0,0.0,0.38112903671521553,0.0
MF,c2,717,0.448125,1.9395764776788816e-07,1.000088116193604,0.3809734787950982,4096,0,0,1.0,0.0,0.0,0,0.0,0.3809734787950982,0.0
MF,c2,718,0.44875,1.9603313346219576e-07,1.0000881515262507,0.3808181982338236,4096,0,0,1.0,0.0,0.0,0,0.0,0.3808181982338236,0.0
MF,c2,719,0.449375,1.981749876647556e-07,1.0000881681823546,0.38066319496317474,4096,0,0,1.0,0.0,0.0,0,0.0,0.38066319496317474,0.0
MF,c2,720,0.45,2.0038544182501593e-07,1.000088165565792,0.3805084689087037,4096,0,0,1.0,0.0,0.0,0,0.0,0.3805084689087037,0.0
MF,c2,721,0.450625,2.0266678412436326e-07,1.000088143066592,0.380354019989779,4096,0,0,1.0,0.0,0.0,0,0.0,0.380354019989779,0.0
MF,c2,722,0.45125,2.0502136063256437e-07,1.0000881000606854,0.3801998481196327,4096,0,0,1.0,0.0,0.0,0,0.0,0.3801998481196327,0.0
MF,c2,723,0.451875,2.0745157648220304e-07,1.0000880359096511,0.38004595320540796,4096,0,0,1.0,0.0,0.0,0,0.0,0.38004595320540796,0.0
MF,c2,724,0.4525,2.0995989706121865e-07,1.0000879499604598,0.3798923351482059,4096,0,0,1.0,0.0,0.0,0,0.0,0.3798923351482059,0.0
MF,c2,725,0.453125,2.1254884922364504e-07,1.000087841545215,0.3797389938431337,4096,0,0,1.0,0.0,0.0,0,0.0,0.3797389938431337,0.0
MF,c2,726,0.45375,2.1522102251864645e-07,1.0000877099808896,0.37958592917935147,4096,0,0,1.0,0.0,0.0,0,0.0,0.37958592917935147,0.0
MF,c2,727,0.45437500000000003,2.179790704379388e-07,1.0000875545690655,0.37943314104012016,4096,0,0,1.0,0.0,0.0,0,0.0,0.37943314104012016,0.0
MF,c2,728,0.455,2.2082571168168225e-07,1.0000873745956622,0.3792806293028492,4096,0,0,1.0,0.0,0.0,0,0.0,0.3792806293028492,0.0
MF,c2,729,0.455625,2.237637314429224e-07,1.0000871693306708,0.379128393839144,4096,0,0,1.0,0.0,0.0,0,0.0,0.379128393839144,0.0
MF,c2,730,0.45625,2.2679598271065448e-07,1.0000869380278803,0.37897643451485347,4096,0,0,1.0,0.0,0.0,0,0.0,0.37897643451485347,0.0
MF,c2,731,0.45687500000000003,2.2992538759157646e-07,1.000086679924604,0.37882475119011816,4096,0,0,1.0,0.0,0.0,0,0.0,0.37882475119011816,0.0
MF,c2,732,0.4575,2.3315493865059337e-07,1.0000863942414027,0.37867334371941763,4096,0,0,1.0,0.0,0.0,0,0.0,0.37867334371941763,0.0
MF,c2,733,0.458125,2.363150904443621e-07,1.0000863508502458,0.3785222119516182,4096,0,0,1.0,0.0,0.0,0,0.0,0.3785222119516182,0.0
MF,c2,734,0.45875,2.3820779768682362e-07,1.00008637815348,0.378371355730021,4096,0,0,1.0,0.0,0.0,0,0.0,0.378371355730021,0.0
MF,c2,735,0.45937500000000003,2.4015917794566594e-07,1.0000863869057246,0.37822077489240935,4096,0,0,1.0,0.0,0.0,0,0.0,0.37822077489240935,0.0
MF,c2,736,0.46,2.421712842225115e-07,1.000086376515931,0.37807046927109655,4096,0,0,1.0,0.0,0.0,0,0.0,0.37807046927109655,0.0
MF,c2,737,0.460625,2.4424622070787907e-07,1.0000863463794556,0.377920438692974,4096,0,0,1.0,0.0,0.0,0,0.0,0.377920438692974,0.0
MF,c2,738,0.46125,2.4638614379104127e-07,1.0000862958778185,0.3777706829795582,4096,0,0,1.0,0.0,0.0,0,0.0,0.3777706829795582,0.0
MF,c2,739,0.46187500000000004,2.4859326308540084e-07,1.0000862243784576,0.3776212019470392,4096,0,0,1.0,0.0,0.0,0,0.0,0.3776212019470392,0.0
MF,c2,740,0.4625,2.5086984246948223e-07,1.0000861312344824,0.3774719954063278,4096,0,0,1.0,0.0,0.0,0,0.0,0.3774719954063278,0.0
MF,c2,741,0.463125,2.532182011436244e-07,1.0000860157844211,0.37732306316310327,4096,0,0,1.0,0.0,0.0,0,0.0,0.37732306316310327,0.0
MF,c2,742,0.46375,2.556407147024603e-07,1.0000858773519692,0.37717440501786115,4096,0,0,1.0,0.0,0.0,0,0.0,0.37717440501786115,0.0
MF,c2,743,0.464375,2.581398162232619e-07,1.0000857152457328,0.3770260207659602,4096,0,0,1.0,0.0,0.0,0,0.0,0.3770260207659602,0.0
MF,c2,744,0.465,2.6071799737022974e-07,1.0000855287589732,0.3768779101976707,4096,0,0,1.0,0.0,0.0,0,0.0,0.3768779101976707,0.0
MF,c2,745,0.465625,2.633778095147908e-07,1.0000853171693425,0.37673007309822115,4096,0,0,1.0,0.0,0.0,0,0.0,0.37673007309822115,0.0
MF,c2,746,0.46625,2.6612186487197795e-07,1.0000850797386247,0.3765825092478462,4096,0,0,1.0,0.0,0.0,0,0.0,0.3765825092478462,0.0
MF,c2,747,0.466875,2.689528376529466e-07,1.0000848157124682,0.3764352184218336,4096,0,0,1.0,0.0,0.0,0,0.0,0.3764352184218336,0.0
MF,c2,748,0.4675,2.718734652336854e-07,1.0000845243201186,0.37628820039057137,4096,0,0,1.0,0.0,0.0,0,0.0,0.37628820039057137,0.0
MF,c2,749,0.468125,2.748865493399723e-07,1.0000842047741507,0.3761414549195954,4096,0,0,1.0,0.0,0.0,0,0.0,0.3761414549195954,0.0
MF,c2,750,0.46875,2.7799495724861915e-07,1.0000838562701946,0.37599498176963597,4096,0,0,1.0,0.0,0.0,0,0.0,0.37599498176963597,0.0
MF,c2,751,0.469375,2.812016230050445e-07,1.000083538396129,0.3758487806966652,4096,0,0,1.0,0.0,0.0,0,0.0,0.3758487806966652,0.0
MF,c2,752,0.47000000000000003,2.845095486572075e-07,1.0000835212624917,0.3757028514519435,4096,0,0,1.0,0.0,0.0,0,0.0,0.3757028514519435,0.0
MF,c2,753,0.470625,2.8792180550593086e-07,1.000083484723037,0.3755571937820666,4096,0,0,1.0,0.0,0.0,0,0.0,0.3755571937820666,0.0
MF,c2,754,0.47125,2.9144153537163256e-07,1.0000834281698088,0.37541180742901237,4096,0,0,1.0,0.0,0.0,0,0.0,0.37541180742901237,0.0
MF,c2,755,0.471875,2.9507195187748256e-07,1.000083350981128,0.3752666921301869,4096,0,0,1.0,0.0,0.0,0,0.0,0.3752666921301869,0.0
MF,c2,756,0.47250000000000003,2.988163417489922e-07,1.0000832525213519,0.3751218476184715,4096,0,0,1.0,0.0,0.0,0,0.0,0.3751218476184715,0.0
MF,c2,757,0.473125,3.0267806613003743e-07,1.000083132140635,0.37497727362226874,4096,0,0,1.0,0.0,0.0,0,0.0,0.37497727362226874,0.0
MF,c2,758,0.47375,3.05343624820209e-07,1.0000829891746903,0.3748329698655486,4096,0,0,1.0,0.0,0.0,0,0.0,0.3748329698655486,0.0
MF,c2,759,0.474375,3.0756517995806433e-07,1.0000828229445269,0.3746889360678949,4096,0,0,1.0,0.0,0.0,0,0.0,0.3746889360678949,0.0
MF,c2,760,0.47500000000000003,3.0985575247560153e-07,1.00008263275622,0.37454517194455095,4096,0,0,1.0,0.0,0.0,0,0.0,0.37454517194455095,0.0
MF,c2,761,0.475625,3.1221766626823673e-07,1.0000824179006527,0.37440167720646533,4096,0,0,1.0,0.0,0.0,0,0.0,0.37440167720646533,0.0
MF,c2,762,0.47625,3.1465329955550727e-07,1.0000821776532651,0.37425845156033793,4096,0,0,1.0,0.0,0.0,0,0.0,0.37425845156033793,0.0
MF,c2,763,0.476875,3.171650858775916e-07,1.0000819112737993,0.3741154947086652,4096,0,0,1.0,0.0,0.0,0,0.0,0.3741154947086652,0.0
MF,c2,764,0.47750000000000004,3.1975551510573357e-07,1.0000816180060415,0.37397280634978547,4096,0,0,1.0,0.0,0.0,0,0.0,0.37397280634978547,0.0
MF,c2,765,0.478125,3.224271344666191e-07,1.000081297077562,0.37383038617792463,4096,0,0,1.0,0.0,0.0,0,0.0,0.37383038617792463,0.0
MF,c2,766,0.47875,3.2518254958074743e-07,1.000080947699455,0.37368823388324063,4096,0,0,1.0,0.0,0.0,0,0.0,0.37368823388324063,0.0
MF,c2,767,0.479375,3.2802442551483415e-07,1.000080569066076,0.3735463491518687,4096,0,0,1.0,0.0,0.0,0,0.0,0.3735463491518687,0.0
MF,c2,768,0.48,3.3095548784827955e-07,1.000080160354771,0.3734047316659664,4096,0,0,1.0,0.0,0.0,0,0.0,0.3734047316659664,0.0
MF,c2,769,0.480625,3.339785237537299e-07,1.000079720725615,0.37326338110375756,4096,0,0,1.0,0.0,0.0,0,0.0,0.37326338110375756,0.0
MF,c2,770,0.48125,3.3709638309175366e-07,1.0000792869748658,0.3731222971395773,4096,0,0,1.0,0.0,0.0,0,0.0,0.3731222971395773,0.0
MF,c2,771,0.481875,3.403119795196521e-07,1.000079205150569,0.37298147944391596,4096,0,0,1.0,0.0,0.0,0,0.0,0.37298147944391596,0.0
MF,c2,772,0.4825,3.436282916144137e-07,1.0000791026386155,0.37284092768346316,4096,0,0,1.0,0.0,0.0,0,0.0,0.37284092768346316,0.0
MF,c2,773,0.483125,3.4704836400982063e-07,1.0000789788054472,0.372700641521152,4096,0,0,1.0,0.0,0.0,0,0.0,0.372700641521152,0.0
MF,c2,774,0.48375,3.5057530854770827e-07,1.0000788330035209,0.37256062061620226,4096,0,0,1.0,0.0,0.0,0,0.0,0.37256062061620226,0.0
MF,c2,775,0.484375,3.5421230544337166e-07,1.0000786645710733,0.3724208646241645,4096,0,0,1.0,0.0,0.0,0,0.0,0.3724208646241645,0.0
MF,c2,776,0.485,3.579626044651087e-07,1.0000784728318854,0.3722813731969628,4096,0,0,1.0,0.0,0.0,0,0.0,0.3722813731969628,0.0
MF,c2,777,0.48562500000000003,3.6182952612788353e-07,1.0000782570950413,0.3721421459829385,4096,0,0,1.0,0.0,0.0,0,0.0,0.3721421459829385,0.0
MF,c2,778,0.48625,3.658164629010865e-07,1.0000780166546865,0.3720031826268926,4096,0,0,1.0,0.0,0.0,0,0.0,0.3720031826268926,0.0
MF,c2,779,0.486875,3.6992688043037563e-07,1.0000777507897962,0.3718644827701288,4096,0,0,1.0,0.0,0.0,0,0.0,0.3718644827701288,0.0
MF,c2,780,0.4875,3.741643187734909e-07,1.0000774587638952,0.37172604605049586,4096,0,0,1.0,0.0,0.0,0,0.0,0.37172604605049586,0.0
MF,c2,781,0.48812500000000003,3.785323936501429e-07,1.0000771398248423,0.3715878721024303,4096,0,0,1.0,0.0,0.0,0,0.0,0.3715878721024303,0.0
MF,c2,782,0.48875,3.8244481998935554e-07,1.0000767932045695,0.371449960556998,4096,0,0,1.0,0.0,0.0,0,0.0,0.371449960556998,0.0
MF,c2,783,0.489375,3.8491177032611836e-07,1.0000764181188306,0.37131231104193646,4096,0,0,1.0,0.0,0.0,0,0.0,0.37131231104193646,0.0
MF,c2,784,0.49,3.874555485484182e-07,1.0000760137669447,0.3711749231816964,4096,0,0,1.0,0.0,0.0,0,0.0,0.3711749231816964,0.0
MF,c2,785,0.49062500000000003,3.900786719821866e-07,1.0000755793315412,0.37103779659748326,4096,0,0,1.0,0.0,0.0,0,0.0,0.37103779659748326,0.0
MF,c2,786,0.49125,3.9278371343548205e-07,1.0000751139783015,0.3709009309072986,4096,0,0,1.0,0.0,0.0,0,0.0,0.3709009309072986,0.0
MF,c2,787,0.491875,3.9557330214886557e-07,1.000074616855698,0.37076432572598067,4096,0,0,1.0,0.0,0.0,0,0.0,0.37076432572598067,0.0
MF,c2,788,0.4925,3.984501247578889e-07,1.000074087094733,0.37062798066524577,4096,0,0,1.0,0.0,0.0,0,0.0,0.37062798066524577,0.0
MF,c2,789,0.49312500000000004,4.014169262677035e-07,1.000073523808673,0.3704918953337288,4096,0,0,1.0,0.0,0.0,0,0.0,0.3704918953337288,0.0
MF,c2,790,0.49375,4.0447651103979845e-07,1.000073161136302,0.37035606933702325,4096,0,0,1.0,0.0,0.0,0,0.0,0.37035606933702325,0.0
MF,c2,791,0.494375,4.076317437908685e-07,1.0000729914629405,0.37022050227772174,4096,0,0,1.0,0.0,0.0,0,0.0,0.37022050227772174,0.0
MF,c2,792,0.495,4.1088555060380876e-07,1.0000727993476255,0.3700851937554557,4096,0,0,1.0,0.0,0.0,0,0.0,0.3700851937554557,0.0
MF,c2,793,0.49562500000000004,4.1424091995082766e-07,1.0000725841219662,0.36995014336693505,4096,0,0,1.0,0.0,0.0,0,0.0,0.36995014336693505,0.0
MF,c2,794,0.49625,4.1770090372867527e-07,1.000072345103218,0.3698153507059879,4096,0,0,1.0,0.0,0.0,0,0.0,0.3698153507059879,0.0
MF,c2,795,0.496875,4.2126861830591715e-07,1.000072081594004,0.3696808153635995,4096,0,0,1.0,0.0,0.0,0,0.0,0.3696808153635995,0.0
MF,c2,796,0.4975,4.2494724558232855e-07,1.0000717928821259,0.36954653692795125,4096,0,0,1.0,0.0,0.0,0,0.0,0.36954653692795125,0.0
MF,c2,797,0.498125,4.2874003406028294e-07,1.0000714782403135,0.3694125149844596,4096,0,0,1.0,0.0,0.0,0,0.0,0.3694125149844596,0.0
MF,c2,798,0.49875,4.3265029992814654e-07,1.0000711369259845,0.3692787491158144,4096,0,0,1.0,0.0,0.0,0,0.0,0.3692787491158144,0.0
MF,c2,799,0.499375,4.3668142815562834e-07,1.000070768181005,0.3691452389020171,4096,0,0,1.0,0.0,0.0,0,0.0,0.3691452389020171,0.0
MF,c2,800,0.5,4.408368736010398e-07,1.0000703712314476,0.3690119839204189,4096,0,0,1.0,0.0,0.0,0,0.0,0.3690119839204189,0.0
MF,c2,801,0.500625,4.4512016213040846e-07,1.0000699452873463,0.3688789837457585,4096,0,0,1.0,0.0,0.0,0,0.0,0.3688789837457585,0.0
MF,c2,802,0.50125,4.4953489174839054e-07,1.0000694895424496,0.36874623795019956,4096,0,0,1.0,0.0,0.0,0,0.0,0.36874623795019956,0.0
MF,c2,803,0.501875,4.540847337409148e-07,1.0000690031739738,0.3686137461033679,4096,0,0,1.0,0.0,0.0,0,0.0,0.3686137461033679,0.0
MF,c2,804,0.5025000000000001,4.587734338294857e-07,1.0000684853423525,0.3684815077723886,4096,0,0,1.0,0.0,0.0,0,0.0,0.3684815077723886,0.0
MF,c2,805,0.503125,4.6360481333707113e-07,1.0000679351909847,0.36834952252192293,4096,0,0,1.0,0.0,0.0,0,0.0,0.36834952252192293,0.0
MF,c2,806,0.50375,4.6858277036550824e-07,1.0000673518459977,0.36821778991420456,4096,0,0,1.0,0.0,0.0,0,0.0,0.36821778991420456,0.0
MF,c2,807,0.504375,4.71823296260091e-07,1.0000667344159433,0.36808630950907606,4096,0,0,1.0,0.0,0.0,0,0.0,0.36808630950907606,0.0
MF,c2,808,0.505,4.7458337152925944e-07,1.0000660819915907,0.36795508086402484,4096,0,0,1.0,0.0,0.0,0,0.0,0.36795508086402484,0.0
MF,c2,809,0.505625,4.774300176965044e-07,1.000065393645651,0.36782410353421885,4096,0,0,1.0,0.0,0.0,0,0.0,0.36782410353421885,0.0
MF,c2,810,0.50625,4.803659696887373e-07,1.0000648762243742,0.3676933770725421,4096,0,0,1.0,0.0,0.0,0,0.0,0.3676933770725421,0.0
MF,c2,811,0.506875,4.833940190257837e-07,1.000064615539427,0.36756290102963013,4096,0,0,1.0,0.0,0.0,0,0.0,0.36756290102963013,0.0
MF,c2,812,0.5075000000000001,4.865170147212935e-07,1.000064330820374,0.3674326749539047,4096,0,0,1.0,0.0,0.0,0,0.0,0.3674326749539047,0.0
MF,c2,813,0.508125,4.8973786419395e-07,1.0000640213686751,0.36730269839160884,4096,0,0,1.0,0.0,0.0,0,0.0,0.36730269839160884,0.0
MF,c2,814,0.50875,4.930595341889526e-07,1.000063686471144,0.36717297088684087,4096,0,0,1.0,0.0,0.0,0,0.0,0.36717297088684087,0.0
MF,c2,815,0.509375,4.964850517097609e-07,1.000063325399739,0.3670434919815891,4096,0,0,1.0,0.0,0.0,0,0.0,0.3670434919815891,0.0
MF,c2,816,0.51,5.000175049600067e-07,1.0000629374112748,0.3669142612157656,4096,0,0,1.0,0.0,0.0,0,0.0,0.3669142612157656,0.0
MF,c2,817,0.510625,5.036600442956502e-07,1.0000625217472507,0.36678527812724,4096,0,0,1.0,0.0,0.0,0,0.0,0.36678527812724,0.0
MF,c2,818,0.51125,5.074158831872292e-07,1.0000620776335953,0.36665654225187266,4096,0,0,1.0,0.0,0.0,0,0.0,0.36665654225187266,0.0
MF,c2,819,0.511875,5.11288299192203e-07,1.0000616042804296,0.3665280531235483,4096,0,0,1.0,0.0,0.0,0,0.0,0.3665280531235483,0.0
MF,c2,820,0.5125,5.15280634937332e-07,1.000061100881833,0.3663998102742084,4096,0,0,1.0,0.0,0.0,0,0.0,0.3663998102742084,0.0
MF,c2,821,0.513125,5.193962991110335e-07,1.0000605666156042,0.3662718132338846,4096,0,0,1.0,0.0,0.0,0,0.0,0.3662718132338846,0.0
MF,c2,822,0.51375,5.236387674656483e-07,1.0000600006430174,0.3661440615307302,4096,0,0,1.0,0.0,0.0,0,0.0,0.3661440615307302,0.0
MF,c2,823,0.514375,5.280115838295505e-07,1.0000594021085827,0.36601655469105326,4096,0,0,1.0,0.0,0.0,0,0.0,0.36601655469105326,0.0
MF,c2,824,0.515,5.325183611290448e-07,1.0000587701398196,0.3658892922393476,4096,0,0,1.0,0.0,0.0,0,0.0,0.3658892922393476,0.0
MF,c2,825,0.515625,5.371627824198768e-07,1.0000581038469551,0.3657622736983252,4096,0,0,1.0,0.0,0.0,0,0.0,0.3657622736983252,0.0
MF,c2,826,0.51625,5.419486019284536e-07,1.0000574023227349,0.3656354985889471,4096,0,0,1.0,0.0,0.0,0,0.0,0.3656354985889471,0.0
MF,c2,827,0.516875,5.468796461025029e-07,1.000056664642154,0.3655089664304547,4096,0,0,1.0,0.0,0.0,0,0.0,0.3655089664304547,0.0
MF,c2,828,0.5175,5.519598146711605e-07,1.0000558898622067,0.36538267674040054,4096,0,0,1.0,0.0,0.0,0,0.0,0.36538267674040054,0.0
MF,c2,829,0.5181250000000001,5.571930817143674e-07,1.0000550770216365,0.36525662903467887,4096,0,0,1.0,0.0,0.0,0,0.0,0.36525662903467887,0.0
MF,c2,830,0.51875,5.625834967414596e-07,1.0000542251406819,0.3651308228275562,4096,0,0,1.0,0.0,0.0,0,0.0,0.3651308228275562,0.0
MF,c2,831,0.519375,5.676795881036729e-07,1.0000537619870533,0.3650052576317011,4096,0,0,1.0,0.0,0.0,0,0.0,0.3650052576317011,0.0
MF,c2,832,0.52,5.706092046856707e-07,1.0000533826631668,0.36487993295821425,4096,0,0,1.0,0.0,0.0,0,0.0,0.36487993295821425,0.0
MF,c2,833,0.520625,5.736316101776531e-07,1.0000529771864994,0.3647548483166577,4096,0,0,1.0,0.0,0.0,0,0.0,0.3647548483166577,0.0
MF,c2,834,0.52125,5.767496659000891e-07,1.0000525448184872,0.36463000321508465,4096,0,0,1.0,0.0,0.0,0,0.0,0.36463000321508465,0.0
MF,c2,835,0.521875,5.79966289053041e-07,1.0000520848055225,0.3645053971600679,4096,0,0,1.0,0.0,0.0,0,0.0,0.3645053971600679,0.0
MF,c2,836,0.5225,5.832844535457082e-07,1.00005159637873,0.3643810296567293,4096,0,0,1.0,0.0,0.0,0,0.0,0.3643810296567293,0.0
MF,c2,837,0.5231250000000001,5.867071908345196e-07,1.0000510787537398,0.36425690020876755,4096,0,0,1.0,0.0,0.0,0,0.0,0.36425690020876755,0.0
MF,c2,838,0.52375,5.902375907697449e-07,1.0000505311304801,0.36413300831848733,4096,0,0,1.0,0.0,0.0,0,0.0,0.36413300831848733,0.0
MF,c2,839,0.524375,5.938788024505044e-07,1.0000499526928859,0.3640093534868264,4096,0,0,1.0,0.0,0.0,0,0.0,0.3640093534868264,0.0
MF,c2,840,0.525,5.976340350882589e-07,1.0000493426087311,0.36388593521338397,4096,0,0,1.0,0.0,0.0,0,0.0,0.36388593521338397,0.0
MF,c2,841,0.525625,6.01506558878586e-07,1.0000487000293747,0.3637627529964484,4096,0,0,1.0,0.0,0.0,0,0.0,0.3637627529964484,0.0
MF,c2,842,0.52625,6.054997058812431e-07,1.0000480240895266,0.3636398063330236,4096,0,0,1.0,0.0,0.0,0,0.0,0.3636398063330236,0.0
MF,c2,843,0.526875,6.096168709084343e-07,1.000047313907013,0.36351709471885696,4096,0,0,1.0,0.0,0.0,0,0.0,0.36351709471885696,0.0
MF,c2,844,0.5275,6.138615124212284e-07,1.0000465685825592,0.36339461764846553,4096,0,0,1.0,0.0,0.0,0,0.0,0.36339461764846553,0.0
MF,c2,845,0.528125,6.18237153433951e-07,1.0000457871994906,0.36327237461516276,4096,0,0,1.0,0.0,0.0,0,0.0,0.36327237461516276,0.0
MF,c2,846,0.52875,6.227473824266554e-07,1.0000449688235522,0.36315036511108467,4096,0,0,1.0,0.0,0.0,0,0.0,0.36315036511108467,0.0
MF,c2,847,0.529375,6.273958542653946e-07,1.0000441125026511,0.36302858862721593,4096,0,0,1.0,0.0,0.0,0,0.0,0.36302858862721593,0.0
MF,c2,848,0.53,6.321862911302983e-07,1.0000432172666116,0.36290704465341556,4096,0,0,1.0,0.0,0.0,0,0.0,0.36290704465341556,0.0
MF,c2,849,0.530625,6.371224834513269e-07,1.000042282126932,0.36278573267844244,4096,0,0,1.0,0.0,0.0,0,0.0,0.36278573267844244,0.0
MF,c2,850,0.53125,6.422082908516285e-07,1.000041306076562,0.3626646521899805,4096,0,0,1.0,0.0,0.0,0,0.0,0.3626646521899805,0.0
MF,c2,851,0.531875,6.474476430982671e-07,1.0000402880895924,0.36254380267466396,4096,0,0,1.0,0.0,0.0,0,0.0,0.36254380267466396,0.0
MF,c2,852,0.5325,6.528445410604382e-07,1.0000396031623544,0.362423183618102,4096,0,0,1.0,0.0,0.0,0,0.0,0.362423183618102,0.0
MF,c2,853,0.533125,6.584030576748219e-07,1.0000391005580578,0.362302794504903,4096,0,0,1.0,0.0,0.0,0,0.0,0.362302794504903,0.0
MF,c2,854,0.5337500000000001,6.641273389180585e-07,1.000038569853513,0.36218263481869944,4096,0,0,1.0,0.0,0.0,0,0.0,0.36218263481869944,0.0
MF,c2,855,0.534375,6.700216047862183e-07,1.0000380102748443,0.3620627040421712,4096,0,0,1.0,0.0,0.0,0,0.0,0.3620627040421712,0.0
MF,c2,856,0.535,6.747200016688815e-07,1.0000374210327905,0.3619430016570701,4096,0,0,1.0,0.0,0.0,0,0.0,0.3619430016570701,0.0
MF,c2,857,0.535625,6.778627009804423e-07,1.0000368013225578,0.3618235271442427,4096,0,0,1.0,0.0,0.0,0,0.0,0.3618235271442427,0.0
MF,c2,858,0.53625,6.811061737903955e-07,1.0000361503235777,0.3617042799836544,4096,0,0,1.0,0.0,0.0,0,0.0,0.3617042799836544,0.0
MF,c2,859,0.536875,6.844534251807651e-07,1.0000354671992824,0.36158525965441213,4096,0,0,1.0,0.0,0.0,0,0.0,0.36158525965441213,0.0
MF,c2,860,0.5375,6.879075153881201e-07,1.0000347510969037,0.3614664656347869,4096,0,0,1.0,0.0,0.0,0,0.0,0.3614664656347869,0.0
MF,c2,861,0.538125,6.914715605625256e-07,1.0000340011471804,0.3613478974022371,4096,0,0,1.0,0.0,0.0,0,0.0,0.3613478974022371,0.0
MF,c2,862,0.5387500000000001,6.951487335334577e-07,1.0000332164642005,0.36122955443343047,4096,0,0,1.0,0.0,0.0,0,0.0,0.36122955443343047,0.0
MF,c2,863,0.539375,6.989422645824516e-07,1.0000323961451507,0.3611114362042662,4096,0,0,1.0,0.0,0.0,0,0.0,0.3611114362042662,0.0
MF,c2,864,0.54,7.028554422224955e-07,1.0000315392700878,0.36099354218989715,4096,0,0,1.0,0.0,0.0,0,0.0,0.36099354218989715,0.0
MF,c2,865,0.540625,7.06891613984095e-07,1.00003064490173,0.36087587186475123,4096,0,0,1.0,0.0,0.0,0,0.0,0.36087587186475123,0.0
MF,c2,866,0.54125,7.110541872078311e-07,1.0000297120851596,0.36075842470255304,4096,0,0,1.0,0.0,0.0,0,0.0,0.36075842470255304,0.0
MF,c2,867,0.541875,7.153466298435222e-07,1.0000287398476546,0.360641200176345,4096,0,0,1.0,0.0,0.0,0,0.0,0.360641200176345,0.0
MF,c2,868,0.5425,7.197724712557076e-07,1.0000277271984381,0.36052419775850847,4096,0,0,1.0,0.0,0.0,0,0.0,0.36052419775850847,0.0
MF,c2,869,0.543125,7.243353030354784e-07,1.0000266731284613,0.3604074169207847,4096,0,0,1.0,0.0,0.0,0,0.0,0.3604074169207847,0.0
MF,c2,870,0.5437500000000001,7.290387798184221e-07,1.000025576610103,0.3602908571342949,4096,0,0,1.0,0.0,0.0,0,0.0,0.3602908571342949,0.0
MF,c2,871,0.544375,7.338866201088047e-07,1.0000244365969986,0.3601745178695608,4096,0,0,1.0,0.0,0.0,0,0.0,0.3601745178695608,0.0
MF,c2,872,0.545,7.388826071096629e-07,1.0000232520237822,0.3600583985965253,4096,0,0,1.0,0.0,0.0,0,0.0,0.3600583985965253,0.0
MF,c2,873,0.545625,7.440305895588247e-07,1.000022021805868,0.3599424987845714,4096,0,0,1.0,0.0,0.0,0,0.0,0.3599424987845714,0.0
MF,c2,874,0.54625,7.493344825705899e-07,1.0000213697819422,0.35982681790254273,4096,0,0,1.0,0.0,0.0,0,0.0,0.35982681790254273,0.0
MF,c2,875,0.546875,7.547982684832115e-07,1.0000207103240701,0.3597113554187626,4096,0,0,1.0,0.0,0.0,0,0.0,0.3597113554187626,0.0
MF,c2,876,0.5475,7.604259977117893e-07,1.000020020223149,0.35959611080105325,4096,0,0,1.0,0.0,0.0,0,0.0,0.35959611080105325,0.0
MF,c2,877,0.548125,7.662217896066034e-07,1.0000192986593797,0.3594810835167552,4096,0,0,1.0,0.0,0.0,0,0.0,0.3594810835167552,0.0
MF,c2,878,0.54875,7.721898333165711e-07,1.000018544797172,0.3593662730327456,4096,0,0,1.0,0.0,0.0,0,0.0,0.3593662730327456,0.0
MF,c2,879,0.5493750000000001,7.783343886579885e-07,1.000017757784999,0.3592516788154572,4096,0,0,1.0,0.0,0.0,0,0.0,0.3592516788154572,0.0
MF,c2,880,0.55,7.846597869881104e-07,1.0000169367551606,0.35913730033089686,4096,0,0,1.0,0.0,0.0,0,0.0,0.35913730033089686,0.0
MF,c2,881,0.550625,7.891893771687708e-07,1.0000160808235885,0.3590231370446634,4096,0,0,1.0,0.0,0.0,0,0.0,0.3590231370446634,0.0
MF,c2,882,0.55125,7.924964303803648e-07,1.0000151890895586,0.35890918842196584,4096,0,0,1.0,0.0,0.0,0,0.0,0.35890918842196584,0.0
MF,c2,883,0.551875,7.959110979214826e-07,1.0000142606355393,0.3587954539276411,4096,0,0,1.0,0.0,0.0,0,0.0,0.3587954539276411,0.0
MF,c2,884,0.5525,7.994364885060719e-07,1.0000132945269529,0.3586819330261716,4096,0,0,1.0,0.0,0.0,0,0.0,0.3586819330261716,0.0
MF,c2,885,0.553125,8.030757644882753e-07,1.0000122898119732,0.35856862518170257,4096,0,0,1.0,0.0,0.0,0,0.0,0.35856862518170257,0.0
MF,c2,886,0.55375,8.068321425450412e-07,1.0000112455212333,0.3584555298580597,4096,0,0,1.0,0.0,0.0,0,0.0,0.3584555298580597,0.0
MF,c2,887,0.5543750000000001,8.107088943641762e-07,1.0000101606676748,0.35834264651876535,4096,0,0,1.0,0.0,0.0,0,0.0,0.35834264651876535,0.0
MF,c2,888,0.555,8.147093473375714e-07,1.0000090342463217,0.3582299746270561,4096,0,0,1.0,0.0,0.0,0,0.0,0.3582299746270561,0.0
MF,c2,889,0.555625,8.188368852595068e-07,1.0000078652339826,0.3581175136458989,4096,0,0,1.0,0.0,0.0,0,0.0,0.3581175136458989,0.0
MF,c2,890,0.55625,8.230949490301469e-07,1.0000066525890992,0.3580052630380075,4096,0,0,1.0,0.0,0.0,0,0.0,0.3580052630380075,0.0
MF,c2,891,0.556875,8.274870373639127e-07,1.0000053952514938,0.3578932222658589,4096,0,0,1.0,0.0,0.0,0,0.0,0.3578932222658589,0.0
MF,c2,892,0.5575,8.320167075027673e-07,1.000004092142163,0.3577813907917093,4096,0,0,1.0,0.0,0.0,0,0.0,0.3577813907917093,0.0
MF,c2,893,0.558125,8.366875759341633e-07,1.0000027421629814,0.35766976807760975,4096,0,0,1.0,0.0,0.0,0,0.0,0.35766976807760975,0.0
MF,c2,894,0.55875,8.415033191137999e-07,1.000001344196542,0.3575583535854221,4096,0,0,1.0,0.0,0.0,0,0.0,0.3575583535854221,0.0
MF,c2,895,0.5593750000000001,8.464676741928566e-07,0.9999998971059252,0.3574471467768341,4096,0,0,1.0,0.0,0.0,0,0.0,0.3574471467768341,0.0
MF,c2,896,0.56,8.51584439749572e-07,0.9999989569611768,0.3573361471133752,4096,0,0,1.0,0.0,0.0,0,0.0,0.3573361471133752,0.0
MF,c2,897,0.560625,8.568574765253014e-07,0.9999981335993443,0.3572253540564309,4096,0,0,1.0,0.0,0.0,0,0.0,0.3572253540564309,0.0
MF,c2,898,0.56125,8.622907081646897e-07,0.9999972772255642,0.3571147670672586,4096,0,0,1.0,0.0,0.0,0,0.0,0.3571147670672586,0.0
MF,c2,899,0.561875,8.678881219598091e-07,0.9999963869787046,0.35700438560700143,4096,0,0,1.0,0.0,0.0,0,0.0,0.35700438560700143,0.0
MF,c2,900,0.5625,8.736537695984099e-07,0.9999954619816097,0.3568942091367035,4096,0,0,1.0,0.0,0.0,0,0.0,0.3568942091367035,0.0
MF,c2,901,0.563125,8.79591767915882e-07,0.9999945013408887,0.35678423711732393,4096,0,0,1.0,0.0,0.0,0,0.0,0.35678423711732393,0.0
MF,c2,902,0.56375,8.857062996507632e-07,0.999993504146632,0.3566744690097512,4096,0,0,1.0,0.0,0.0,0,0.0,0.3566744690097512,0.0
MF,c2,903,0.564375,8.920016142039548e-07,0.9999924694722767,0.356564904274817,4096,0,0,1.0,0.0,0.0,0,0.0,0.356564904274817,0.0
MF,c2,904,0.5650000000000001,8.984820284012024e-07,0.9999913963743933,0.35645554237331045,4096,0,0,1.0,0.0,0.0,0,0.0,0.35645554237331045,0.0
MF,c2,905,0.565625,9.051519272586659e-07,0.9999902838923996,0.35634638276599134,4096,0,0,1.0,0.0,0.0,0,0.0,0.35634638276599134,0.0
MF,c2,906,0.56625,9.099394906329951e-07,0.9999891310484222,0.35623742491360405,4096,0,0,1.0,0.0,0.0,0,0.0,0.35623742491360405,0.0
MF,c2,907,0.566875,9.133559501383632e-07,0.999987936847083,0.3561286682768908,4096,0,0,1.0,0.0,0.0,0,0.0,0.3561286682768908,0.0
MF,c2,908,0.5675,9.168855520397186e-07,0.9999867002752075,0.3560201123166049,4096,0,0,1.0,0.0,0.0,0,0.0,0.3560201123166049,0.0
MF,c2,909,0.568125,9.2053146875888e-07,0.9999854203017114,0.3559117564935234,4096,0,0,1.0,0.0,0.0,0,0.0,0.3559117564935234,0.0
MF,c2,910,0.56875,9.242969241880639e-07,0.999984095877282,0.35580360026846053,4096,0,0,1.0,0.0,0.0,0,0.0,0.35580360026846053,0.0
MF,c2,911,0.569375,9.281851942938577e-07,0.9999827259342359,0.35569564310228,4096,0,0,1.0,0.0,0.0,0,0.0,0.35569564310228,0.0
MF,c2,912,0.5700000000000001,9.321996077250594e-07,0.9999813093863034,0.35558788445590794,4096,0,0,1.0,0.0,0.0,0,0.0,0.35558788445590794,0.0
MF,c2,913,0.570625,9.363435464242756e-07,0.9999798451283325,0.3554803237903447,4096,0,0,1.0,0.0,0.0,0,0.0,0.3554803237903447,0.0
MF,c2,914,0.57125,9.406204462434182e-07,0.9999783320361465,0.3553729605666779,4096,0,0,1.0,0.0,0.0,0,0.0,0.3553729605666779,0.0
MF,c2,915,0.571875,9.450337975627778e-07,0.9999767689663227,0.35526579424609356,4096,0,0,1.0,0.0,0.0,0,0.0,0.35526579424609356,0.0
MF,c2,916,0.5725,9.495871459135555e-07,0.9999751547558994,0.35515882428988904,4096,0,0,1.0,0.0,0.0,0,0.0,0.35515882428988904,0.0
MF,c2,917,0.573125,9.5428409260403e-07,0.9999734882222528,0.35505205015948405,4096,0,0,1.0,0.0,0.0,0,0.0,0.35505205015948405,0.0
MF,c2,918,0.57375,9.59128295348831e-07,0.9999718599850629,0.3549454713164326,4096,0,0,1.0,0.0,0.0,0,0.0,0.3549454713164326,0.0
MF,c2,919,0.574375,9.641234689016628e-07,0.9999708664142153,0.3548390872224345,4096,0,0,1.0,0.0,0.0,0,0.0,0.3548390872224345,0.0
MF,c2,920,0.5750000000000001,9.692733856908923e-07,0.9999698376755234,0.35473289733934665,4096,0,0,1.0,0.0,0.0,0,0.0,0.35473289733934665,0.0
MF,c2,921,0.575625,9.745818764583304e-07,0.9999687728714766,0.35462690112919437,4096,0,0,1.0,0.0,0.0,0,0.0,0.35462690112919437,0.0
MF,c2,922,0.57625,9.80052830900785e-07,0.9999676710883262,0.35452109805418197,4096,0,0,1.0,0.0,0.0,0,0.0,0.35452109805418197,0.0
MF,c2,923,0.576875,9.856901983142388e-07,0.9999665313958044,0.35441548757670444,4096,0,0,1.0,0.0,0.0,0,0.0,0.35441548757670444,0.0
MF,c2,924,0.5775,9.914979882408613e-07,0.9999653528470287,0.3543100691593574,4096,0,0,1.0,0.0,0.0,0,0.0,0.3543100691593574,0.0
MF,c2,925,0.578125,9.974802711182097e-07,0.9999641344781937,0.3542048422649485,4096,0,0,1.0,0.0,0.0,0,0.0,0.3542048422649485,0.0
MF,c2,926,0.57875,1.003641178931033e-06,0.9999628753084682,0.3540998063565073,4096,0,0,1.0,0.0,0.0,0,0.0,0.3540998063565073,0.0
MF,c2,927,0.579375,1.0099849058649706e-06,0.9999615743396925,0.35399496089729604,4096,0,0,1.0,0.0,0.0,0,0.0,0.35399496089729604,0.0
MF,c2,928,0.58,1.0165157089625332e-06,0.9999602305562464,0.35389030535081945,4096,0,0,1.0,0.0,0.0,0,0.0,0.35389030535081945,0.0
MF,c2,929,0.5806250000000001,1.0232379087808651e-06,0.9999588429248412,0.3537858391808352,4096,0,0,1.0,0.0,0.0,0,0.0,0.3537858391808352,0.0
MF,c2,930,0.58125,1.0301558900511082e-06,0.9999574103942437,0.3536815618513639,4096,0,0,1.0,0.0,0.0,0,0.0,0.3536815618513639,0.0
MF,c2,931,0.581875,1.0358298904241036e-06,0.9999559318951613,0.35357747282669866,4096,0,0,1.0,0.0,0.0,0,0.0,0.35357747282669866,0.0
MF,c2,932,0.5825,1.039296909337901e-06,0.9999544063399414,0.35347357157141485,4096,0,0,1.0,0.0,0.0,0,0.0,0.35347357157141485,0.0
MF,c2,933,0.583125,1.0428811827247459e-06,0.999952832622457,0.3533698575503797,4096,0,0,1.0,0.0,0.0,0,0.0,0.3533698575503797,0.0
MF,c2,934,0.58375,1.0465859086782756e-06,0.9999512096178034,0.35326633022876197,4096,0,0,1.0,0.0,0.0,0,0.0,0.35326633022876197,0.0
MF,c2,935,0.584375,1.0504143340801543e-06,0.9999495361821819,0.3531629890720409,4096,0,0,1.0,0.0,0.0,0,0.0,0.3531629890720409,0.0
MF,c2,936,0.585,1.054369755125483e-06,0.9999478111525991,0.35305983354601556,4096,0,0,1.0,0.0,0.0,0,0.0,0.35305983354601556,0.0
MF,c2,937,0.5856250000000001,1.0584555178511525e-06,0.9999460333467468,0.3529568631168142,4096,0,0,1.0,0.0,0.0,0,0.0,0.3529568631168142,0.0
MF,c2,938,0.58625,1.0626750186666209e-06,0.9999442015627018,0.3528540772509028,4096,0,0,1.0,0.0,0.0,0,0.0,0.3528540772509028,0.0
MF,c2,939,0.586875,1.067031704887446e-06,0.9999423145788056,0.35275147541509394,4096,0,0,1.0,0.0,0.0,0,0.0,0.35275147541509394,0.0
MF,c2,940,0.5875,1.0715290752710306e-06,0.9999403711533624,0.3526490570765561,4096,0,0,1.0,0.0,0.0,0,0.0,0.3526490570765561,0.0
MF,c2,941,0.588125,1.076170680554929e-06,0.99993837002452,0.3525468217028212,4096,0,0,1.0,0.0,0.0,0,0.0,0.3525468217028212,0.0
MF,c2,942,0.58875,1.0809601239971433e-06,0.9999371431525114,0.3524447687617943,4096,0,0,1.0,0.0,0.0,0,0.0,0.3524447687617943,0.0
MF,c2,943,0.589375,1.0859010619187696e-06,0.9999358982822009,0.35234289772176114,4096,0,0,1.0,0.0,0.0,0,0.0,0.35234289772176114,0.0
MF,c2,944,0.59,1.0909972042484013e-06,0.9999346144591746,0.3522412080513967,4096,0,0,1.0,0.0,0.0,0,0.0,0.3522412080513967,0.0
MF,c2,945,0.5906250000000001,1.096252315068661e-06,0.9999332907215246,0.3521396992197732,4096,0,0,1.0,0.0,0.0,0,0.0,0.3521396992197732,0.0
MF,c2,946,0.59125,1.101670213164235e-06,0.9999319260905123,0.35203837069636845,4096,0,0,1.0,0.0,0.0,0,0.0,0.35203837069636845,0.0
MF,c2,947,0.591875,1.1072547725718072e-06,0.9999305195704665,0.3519372219510736,4096,0,0,1.0,0.0,0.0,0,0.0,0.3519372219510736,0.0
MF,c2,948,0.5925,1.1130099231312665e-06,0.9999290701485195,0.35183625245420075,4096,0,0,1.0,0.0,0.0,0,0.0,0.35183625245420075,0.0
MF,c2,949,0.593125,1.1189396510383892e-06,0.9999275767944094,0.35173546167649117,4096,0,0,1.0,0.0,0.0,0,0.0,0.35173546167649117,0.0
MF,c2,950,0.59375,1.1250479993988724e-06,0.999926038460351,0.3516348490891226,4096,0,0,1.0,0.0,0.0,0,0.0,0.3516348490891226,0.0
MF,c2,951,0.594375,1.1313390687832227e-06,0.9999244540807498,0.35153441416371656,4096,0,0,1.0,0.0,0.0,0,0.0,0.35153441416371656,0.0
MF,c2,952,0.595,1.1378170177828994e-06,0.9999228225720906,0.35143415637234654,4096,0,0,1.0,0.0,0.0,0,0.0,0.35143415637234654,0.0
MF,c2,953,0.595625,1.1444860635669765e-06,0.9999211428326557,0.3513340751875443,4096,0,0,1.0,0.0,0.0,0,0.0,0.3513340751875443,0.0
MF,c2,954,0.5962500000000001,1.1513504824397908e-06,0.9999194137424049,0.35123417008230784,4096,0,0,1.0,0.0,0.0,0,0.0,0.35123417008230784,0.0
MF,c2,955,0.596875,1.158414610398786e-06,0.9999176341627011,0.3511344405301082,4096,0,0,1.0,0.0,0.0,0,0.0,0.3511344405301082,0.0
MF,c2,956,0.5975,1.1656828436930528e-06,0.9999158029361845,0.3510348860048968,4096,0,0,1.0,0.0,0.0,0,0.0,0.3510348860048968,0.0
MF,c2,957,0.598125,1.169254568630708e-06,0.9999139188865183,0.3509355059811117,4096,0,0,1.0,0.0,0.0,0,0.0,0.3509355059811117,0.0
MF,c2,958,0.59875,1.1728316024573888e-06,0.9999119808181876,0.35083629993368515,4096,0,0,1.0,0.0,0.0,0,0.0,0.35083629993368515,0.0
MF,c2,959,0.599375,1.176531736518716e-06,0.9999099875163548,0.35073726733805,4096,0,0,1.0,0.0,0.0,0,0.0,0.35073726733805,0.0
MF,c2,960,0.6,1.1803582054609327e-06,0.9999079377465875,0.35063840767014626,4096,0,0,1.0,0.0,0.0,0,0.0,0.35063840767014626,0.0
MF,c2,961,0.600625,1.184314290114045e-06,0.9999058302547288,0.3505397204064279,4096,0,0,1.0,0.0,0.0,0,0.0,0.3505397204064279,0.0
MF,c2,962,0.6012500000000001,1.1884033179432224e-06,0.999903663766627,0.35044120502386916,4096,0,0,1.0,0.0,0.0,0,0.0,0.35044120502386916,0.0
MF,c2,963,0.601875,1.192628663502014e-06,0.999901436988003,0.350342860999971,4096,0,0,1.0,0.0,0.0,0,0.0,0.350342860999971,0.0
MF,c2,964,0.6025,1.1969937488869203e-06,0.9998991486042014,0.35024468781276724,4096,0,0,1.0,0.0,0.0,0,0.0,0.35024468781276724,0.0
MF,c2,965,0.603125,1.2015020441934683e-06,0.9998971399014025,0.3501466849408309,4096,0,0,1.0,0.0,0.0,0,0.0,0.3501466849408309,0.0
MF,c2,966,0.60375,1.2061570679736764e-06,0.9998956686437778,0.3500488518632805,4096,0,0,1.0,0.0,0.0,0,0.0,0.3500488518632805,0.0
MF,c2,967,0.604375,1.2109623876945653e-06,0.999894155751627,0.34995118805978553,4096,0,0,1.0,0.0,0.0,0,0.0,0.34995118805978553,0.0
MF,c2,968,0.605,1.2159216201979755e-06,0.9998926002195927,0.3498536930105731,4096,0,0,1.0,0.0,0.0,0,0.0,0.3498536930105731,0.0
MF,c2,969,0.605625,1.2210384321611704e-06,0.9998910010252723,0.3497563661964333,4096,0,0,1.0,0.0,0.0,0,0.0,0.3497563661964333,0.0
MF,c2,970,0.6062500000000001,1.2263165405585317e-06,0.9998893571290947,0.3496592070987251,4096,0,0,1.0,0.0,0.0,0,0.0,0.3496592070987251,0.0
MF,c2,971,0.606875,1.2317597131237973e-06,0.9998876674740697,0.3495622151993823,4096,0,0,1.0,0.0,0.0,0,0.0,0.3495622151993823,0.0
MF,c2,972,0.6075,1.2373717688131615e-06,0.9998859309856599,0.3494653899809188,4096,0,0,1.0,0.0,0.0,0,0.0,0.3494653899809188,0.0
MF,c2,973,0.608125,1.2431565782686679e-06,0.9998841465715346,0.3493687309264344,4096,0,0,1.0,0.0,0.0,0,0.0,0.3493687309264344,0.0
MF,c2,974,0.60875,1.2491180642822158e-06,0.9998823131214353,0.3492722375196202,4096,0,0,1.0,0.0,0.0,0,0.0,0.3492722375196202,0.0
MF,c2,975,0.609375,1.2552602022596045e-06,0.999880429506936,0.34917590924476405,4096,0,0,1.0,0.0,0.0,0,0.0,0.34917590924476405,0.0
MF,c2,976,0.61,1.2615870206849367e-06,0.9998784945812993,0.3490797455867556,4096,0,0,1.0,0.0,0.0,0,0.0,0.3490797455867556,0.0
MF,c2,977,0.610625,1.268102601584778e-06,0.9998765071792439,0.34898374603109206,4096,0,0,1.0,0.0,0.0,0,0.0,0.34898374603109206,0.0
MF,c2,978,0.61125,1.2748110809924207e-06,0.9998744661167965,0.348887910063883,4096,0,0,1.0,0.0,0.0,0,0.0,0.348887910063883,0.0
MF,c2,979,0.6118750000000001,1.2817166494116086e-06,0.999872370191062,0.3487922371718554,4096,0,0,1.0,0.0,0.0,0,0.0,0.3487922371718554,0.0
MF,c2,980,0.6125,1.2888235522800638e-06,0.9998702181800616,0.34869672684235903,4096,0,0,1.0,0.0,0.0,0,0.0,0.34869672684235903,0.0
MF,c2,981,0.613125,1.2961360904323434e-06,0.9998680088425416,0.34860137856337103,4096,0,0,1.0,0.0,0.0,0,0.0,0.34860137856337103,0.0
MF,c2,982,0.61375,1.3023035864719247e-06,0.9998657409177608,0.348506191823501,4096,0,0,1.0,0.0,0.0,0,0.0,0.348506191823501,0.0
MF,c2,983,0.614375,1.3058119728190418e-06,0.9998634131253226,0.3484111661119961,4096,0,0,1.0,0.0,0.0,0,0.0,0.3484111661119961,0.0
MF,c2,984,0.615,1.3094446397737732e-06,0.99986102416498,0.3483163009187451,4096,0,0,1.0,0.0,0.0,0,0.0,0.3483163009187451,0.0
MF,c2,985,0.615625,1.3132047787244808e-06,0.9998585727164365,0.3482215957342839,4096,0,0,1.0,0.0,0.0,0,0.0,0.3482215957342839,0.0
MF,c2,986,0.61625,1.3170956238782702e-06,0.999856057439167,0.34812705004979944,4096,0,0,1.0,0.0,0.0,0,0.0,0.34812705004979944,0.0
MF,c2,987,0.6168750000000001,1.3211204526402479e-06,0.9998534769722252,0.34803266335713456,4096,0,0,1.0,0.0,0.0,0,0.0,0.34803266335713456,0.0
MF,c2,988,0.6175,1.325282585993585e-06,0.9998508299340547,0.34793843514879286,4096,0,0,1.0,0.0,0.0,0,0.0,0.34793843514879286,0.0
MF,c2,989,0.618125,1.3295853888802693e-06,0.9998484260134004,0.3478443649179426,4096,0,0,1.0,0.0,0.0,0,0.0,0.3478443649179426,0.0
MF,c2,990,0.61875,1.334032270582491e-06,0.9998466740731982,0.3477504521584211,4096,0,0,1.0,0.0,0.0,0,0.0,0.3477504521584211,0.0
MF,c2,991,0.619375,1.3386266851045178e-06,0.9998448770105889,0.34765669636473945,4096,0,0,1.0,0.0,0.0,0,0.0,0.34765669636473945,0.0
MF,c2,992,0.62,1.3433721315549783e-06,0.999843033764363,0.3475630970320865,4096,0,0,1.0,0.0,0.0,0,0.0,0.3475630970320865,0.0
MF,c2,993,0.620625,1.3482721545294444e-06,0.9998411432559672,0.3474696536563329,4096,0,0,1.0,0.0,0.0,0,0.0,0.3474696536563329,0.0
MF,c2,994,0.62125,1.3533303444932082e-06,0.9998392043893236,0.34737636573403585,4096,0,0,1.0,0.0,0.0,0,0.0,0.34737636573403585,0.0
MF,c2,995,0.6218750000000001,1.3585503381641385e-06,0.9998372160506526,0.3472832327624421,4096,0,0,1.0,0.0,0.0,0,0.0,0.3472832327624421,0.0
MF,c2,996,0.6225,1.363935818895514e-06,0.9998351771082898,0.3471902542394934,4096,0,0,1.0,0.0,0.0,0,0.0,0.3471902542394934,0.0
MF,c2,997,0.623125,1.3694905170587053e-06,0.9998330864125081,0.34709742966382895,4096,0,0,1.0,0.0,0.0,0,0.0,0.34709742966382895,0.0
MF,c2,998,0.62375,1.3752182104256084e-06,0.9998309427953367,0.34700475853479057,4096,0,0,1.0,0.0,0.0,0,0.0,0.34700475853479057,0.0
MF,c2,999,0.624375,1.3811227245506915e-06,0.9998287450703808,0.3469122403524258,4096,0,0,1.0,0.0,0.0,0,0.0,0.3469122403524258,0.0
MF,c2,1000,0.625,1.387207933152547e-06,0.9998264920326406,0.3468198746174918,4096,0,0,1.0,0.0,0.0,0,0.0,0.3468198746174918,0.0
MF,c2,1001,0.625625,1.3934777584948166e-06,0.9998241824583327,0.3467276608314596,4096,0,0,1.0,0.0,0.0,0,0.0,0.3467276608314596,0.0
MF,c2,1002,0.62625,1.39993617176637e-06,0.9998218151047181,0.3466355984965172,4096,0,0,1.0,0.0,0.0,0,0.0,0.3466355984965172,0.0
MF,c2,1003,0.626875,1.4065871934606113e-06,0.9998193887098936,0.3465436871155733,4096,0,0,1.0,0.0,0.0,0,0.0,0.3465436871155733,0.0
MF,c2,1004,0.6275000000000001,1.4134348937537684e-06,0.9998169019926413,0.34645192619226123,4096,0,0,1.0,0.0,0.0,0,0.0,0.34645192619226123,0.0
MF,c2,1005,0.628125,1.4204833928820443e-06,0.9998143536522369,0.34636031523094224,4096,0,0,1.0,0.0,0.0,0,0.0,0.34636031523094224,0.0
MF,c2,1006,0.62875,1.4277368615174936e-06,0.9998117423682849,0.346268853736709,4096,0,0,1.0,0.0,0.0,0,0.0,0.346268853736709,0.0
MF,c2,1007,0.629375,1.435199521142493e-06,0.9998090668005007,0.3461775412153891,4096,0,0,1.0,0.0,0.0,0,0.0,0.3461775412153891,0.0
MF,c2,1008,0.63,1.4410892155849565e-06,0.999806325588569,0.34608637717354823,4096,0,0,1.0,0.0,0.0,0,0.0,0.34608637717354823,0.0
MF,c2,1009,0.630625,1.4445939261586612e-06,0.9998035173519672,0.3459953611184941,4096,0,0,1.0,0.0,0.0,0,0.0,0.3459953611184941,0.0
MF,c2,1010,0.63125,1.4482258246354175e-06,0.999800640689744,0.3459044925582791,4096,0,0,1.0,0.0,0.0,0,0.0,0.3459044925582791,0.0
MF,c2,1011,0.631875,1.4519880721482813e-06,0.9997976941804004,0.34581377100170385,4096,0,0,1.0,0.0,0.0,0,0.0,0.34581377100170385,0.0
MF,c2,1012,0.6325000000000001,1.4558838694802852e-06,0.9997946763816513,0.3457231959583204,4096,0,0,1.0,0.0,0.0,0,0.0,0.3457231959583204,0.0
MF,c2,1013,0.633125,1.4599164573773507e-06,0.9997915858302934,0.3456327669384352,4096,0,0,1.0,0.0,0.0,0,0.0,0.3456327669384352,0.0
MF,c2,1014,0.63375,1.4640891168611833e-06,0.9997893072058641,0.3455424834531127,4096,0,0,1.0,0.0,0.0,0,0.0,0.3455424834531127,0.0
MF,c2,1015,0.634375,1.4684051695420617e-06,0.9997872100228011,0.34545234501417793,4096,0,0,1.0,0.0,0.0,0,0.0,0.34545234501417793,0.0
MF,c2,1016,0.635,1.4728679779316673e-06,0.9997850632948794,0.3453623511342196,4096,0,0,1.0,0.0,0.0,0,0.0,0.3453623511342196,0.0
MF,c2,1017,0.635625,1.477480945755486e-06,0.9997828658918035,0.3452725013265933,4096,0,0,1.0,0.0,0.0,0,0.0,0.3452725013265933,0.0
MF,c2,1018,0.63625,1.4822475182650882e-06,0.9997806166655495,0.34518279510542443,4096,0,0,1.0,0.0,0.0,0,0.0,0.34518279510542443,0.0
MF,c2,1019,0.636875,1.4871711825498116e-06,0.9997783144501432,0.3450932319856108,4096,0,0,1.0,0.0,0.0,0,0.0,0.3450932319856108,0.0
MF,c2,1020,0.6375000000000001,1.4922554678479888e-06,0.9997759580614849,0.345003811482826,4096,0,0,1.0,0.0,0.0,0,0.0,0.345003811482826,0.0
MF,c2,1021,0.638125,1.4975039458576226e-06,0.9997735462972362,0.3449145331135216,4096,0,0,1.0,0.0,0.0,0,0.0,0.3449145331135216,0.0
MF,c2,1022,0.63875,1.5029202310461515e-06,0.9997710779365738,0.3448253963949307,4096,0,0,1.0,0.0,0.0,0,0.0,0.3448253963949307,0.0
MF,c2,1023,0.639375,1.5085079809595708e-06,0.9997685517400949,0.34473640084506973,4096,0,0,1.0,0.0,0.0,0,0.0,0.34473640084506973,0.0
MF,c2,1024,0.64,1.5142708965304014e-06,0.9997659664495682,0.3446475459827422,4096,0,0,1.0,0.0,0.0,0,0.0,0.3446475459827422,0.0
MF,c2,1025,0.640625,1.5202127223847908e-06,0.9997633207878442,0.3445588313275405,4096,0,0,1.0,0.0,0.0,0,0.0,0.3445588313275405,0.0
MF,c2,1026,0.64125,1.5263372471482683e-06,0.9997606134586239,0.344470256399849,4096,0,0,1.0,0.0,0.0,0,0.0,0.344470256399849,0.0
MF,c2,1027,0.641875,1.5326483037502736e-06,0.9997578431462849,0.34438182072084655,4096,0,0,1.0,0.0,0.0,0,0.0,0.34438182072084655,0.0
MF,c2,1028,0.6425,1.5391497697273542e-06,0.9997550085157821,0.344293523812509,4096,0,0,1.0,0.0,0.0,0,0.0,0.344293523812509,0.0
MF,c2,1029,0.6431250000000001,1.5458455675246595e-06,0.9997521082123855,0.34420536519761163,4096,0,0,1.0,0.0,0.0,0,0.0,0.34420536519761163,0.0
MF,c2,1030,0.64375,1.552739664795978e-06,0.9997491408616038,0.3441173443997321,4096,0,0,1.0,0.0,0.0,0,0.0,0.3441173443997321,0.0
MF,c2,1031,0.644375,1.5598360747018279e-06,0.9997461050689477,0.344029460943252,4096,0,0,1.0,0.0,0.0,0,0.0,0.344029460943252,0.0
MF,c2,1032,0.645,1.5671388562057262e-06,0.9997429994197599,0.34394171435336035,4096,0,0,1.0,0.0,0.0,0,0.0,0.34394171435336035,0.0
MF,c2,1033,0.645625,1.5746521143685013e-06,0.9997398224791197,0.3438541041560552,4096,0,0,1.0,0.0,0.0,0,0.0,0.3438541041560552,0.0
MF,c2,1034,0.64625,1.5814861679536906e-06,0.9997365727915806,0.3437666298781464,4096,0,0,1.0,0.0,0.0,0,0.0,0.3437666298781464,0.0
MF,c2,1035,0.646875,1.5849318294051829e-06,0.9997332488811006,0.3436792910472575,4096,0,0,1.0,0.0,0.0,0,0.0,0.3436792910472575,0.0
MF,c2,1036,0.6475,1.5885061563316447e-06,0.9997298492508044,0.34359208719182854,4096,0,0,1.0,0.0,0.0,0,0.0,0.34359208719182854,0.0
MF,c2,1037,0.6481250000000001,1.5922122513635949e-06,0.9997263723828177,0.343505017841118,4096,0,0,1.0,0.0,0.0,0,0.0,0.343505017841118,0.0
MF,c2,1038,0.64875,1.5960532534766688e-06,0.9997228167381776,0.343418082525205,4096,0,0,1.0,0.0,0.0,0,0.0,0.343418082525205,0.0
MF,c2,1039,0.649375,1.600032338243125e-06,0.9997201943304339,0.3433312807749918,4096,0,0,1.0,0.0,0.0,0,0.0,0.3433312807749918,0.0
MF,c2,1040,0.65,1.604152718083165e-06,0.9997177281529959,0.3432446121222055,4096,0,0,1.0,0.0,0.0,0,0.0,0.3432446121222055,0.0
MF,c3,0,0.0,0.0,0.0,0.0,0,0,4096,0.0,0.0,1.0,0,0.0,0.0,0.0
MF,c3,1,0.000625,4.1957338918990446e-41,0.0013703182733360182,5.904732248037851e-05,4096,0,0,1.0,0.0,0.0,0,0.0,5.904732248037851e-05,0.0
MF,c3,2,0.00125,8.745584158221286e-38,0.0028122705956310414,0.00011901628586919331,4096,0,0,1.0,0.0,0.0,0,0.0,0.00011901628586919331,0.0
MF,c3,3,0.001875,7.319341975876073e-36,0.004283791086156571,0.00017987496454076042,4096,0,0,1.0,0.0,0.0,0,0.0,0.00017987496454076042,0.0
MF,c3,4,0.0025,1.6717831228103045e-34,0.005746106902970198,0.00024159355441899294,4096,0,0,1.0,0.0,0.0,0,0.0,0.00024159355441899294,0.0
MF,c3,5,0.003125,1.8768907772890978e-33,0.007165978595311981,0.000304144206290625,4096,0,0,1.0,0.0,0.0,0,0.0,0.000304144206290625,0.0
MF,c3,6,0.00375,1.3449795627485332e-32,0.008522108805785461,0.00036750087563233074,4096,0,0,1.0,0.0,0.0,0,0.0,0.00036750087563233074,0.0
MF,c3,7,0.004375,7.071105084807354e-32,0.009835181634036072,0.0004316391870250525,4096,0,0,1.0,0.0,0.0,0,0.0,0.0004316391870250525,0.0
MF,c3,8,0.005,2.963791167066368e-31,0.011133640358344606,0.0004965363114777036,4096,0,0,1.0,0.0,0.0,0,0.0,0.0004965363114777036,0.0
MF,c3,9,0.005625,1.04489136177194e-30,0.012406077943779917,0.0005621708551906573,4096,0,0,1.0,0.0,0.0,0,0.0,0.0005621708551906573,0.0
MF,c3,10,0.00625,3.214021110919135e-30,0.01364049980207002,0.0006285227584719455,4096,0,0,1.0,0.0,0.0,0,0.0,0.0006285227584719455,0.0
MF,c3,11,0.006875,8.853488247270852e-30,0.014877770033705709,0.0006955732036779819,4096,0,0,1.0,0.0,0.0,0,0.0,0.0006955732036779819,0.0
MF,c3,12,0.0075,2.2265726621387314e-29,0.01606854579454544,0.0007633045311897398,4096,0,0,1.0,0.0,0.0,0,0.0,0.0007633045311897398,0.0
MF,c3,13,0.008125,5.187659390660068e-29,0.017236906596527525,0.00083170016255662,4096,0,0,1.0,0.0,0.0,0,0.0,0.00083170016255662,0.0
MF,c3,14,0.00875,1.1325526778075498e-28,0.018417952587186377,0.0009007445300462842,4096,0,0,1.0,0.0,0.0,0,0.0,0.0009007445300462842,0.0
MF,c3,15,0.009375,2.337836843422522e-28,0.01956438485910269,0.0009704230119313695,4096,0,0,1.0,0.0,0.0,0,0.0,0.0009704230119313695,0.0
MF,c3,16,0.01,4.59617144084276e-28,0.020674894672494774,0.0010407218729245353,4096,0,0,1.0,0.0,0.0,0,0.0,0.0010407218729245353,0.0
MF,c3,17,0.010625,8.657393795543958e-28,0.021748443772177335,0.001111628209243756,4096,0,0,1.0,0.0,0.0,0,0.0,0.001111628209243756,0.0
MF,c3,18,0.01125,1.5700974863212387e-27,0.022784242881113137,0.0011831298978510116,4096,0,0,1.0,0.0,0.0,0,0.0,0.0011831298978510116,0.0
MF,c3,19,0.011875,-2.8464769232107682e-05,0.02386707335420562,0.0012552155494606405,4092,4,0,0.9990234375,0.0009765625,0.0,4,0.0009765625,0.0012552378027472322,-2.2253286591800704e-08
MF,c3,20,0.0125,-5.6283657137499e-05,0.024949147442889945,0.0013278744649601907,4092,4,0,0.9990234375,0.0009765625,0.0,4,0.0009765625,0.001327925326531267,-5.0861571076275504e-08
MF,c3,21,0.013125,-7.23295596137478e-05,0.02600857203159832,0.0014010965949270656,4092,4,0,0.9990234375,0.0009765625,0.0,4,0.0009765625,0.001401164550308388,-6.795538132241132e-08
MF,c3,22,0.01375,-7.749386566492476e-05,0.027045173034757994,0.001474872501959381,4090,6,0,0.99853515625,0.00146484375,0.0,6,0.00146484375,0.0014749527344817275,-8.023252234630499e-08
MF,c3,23,0.014375,-7.284603142425804e-05,0.02805884450800556,0.0015491933255704833,4088,8,0,0.998046875,0.001953125,0.0,8,0.001953125,0.0015492748934494266,-8.156787894306304e-08
MF,c3,24,0.015,-6.197497467001543e-05,0.029049543766632217,0.0016240507494235997,4088,8,0,0.998046875,0.001953125,0.0,8,0.001953125,0.0016241210677590753,-7.031833547547721e-08
MF,c3,25,0.015625,-4.35153368699801e-05,0.030017286855597264,0.0016994369707067675,4088,8,0,0.998046875,0.001953125,0.0,8,0.001953125,0.0016994813576361408,-4.43869293733486e-08
MF,c3,26,0.01625,-0.00021372139086707603,0.030962144315000332,0.0017753446714690517,4088,8,0,0.998046875,0.001953125,0.0,8,0.001953125,0.0017755472589077316,-2.0258743867980825e-07
MF,c3,27,0.016875,-0.0004256414716491386,0.03188423719538464,0.00185176699175758,4092,4,0,0.9990234375,0.0009765625,0.0,4,0.0009765625,0.001852166751035157,-3.997592775767492e-07
MF,c3,28,0.0175,-0.0006040120538938793,0.0327837332857361,0.00192869750441117,4090,6,0,0.99853515625,0.00146484375,0.0,6,0.00146484375,0.001929330214596704,-6.32710185533879e-07
MF,c3,29,0.018125,-0.0007497255556495048,0.03366084352469917,0.00200613019138063,4088,8,0,0.998046875,0.001953125,0.0,8,0.001953125,0.00200708229494407,-9.521035634394076e-07
MF,c3,30,0.01875,-0.0008641376810272989,0.03451581857178246,0.002084059421458657,4084,12,0,0.9970703125,0.0029296875,0.0,12,0.0029296875,0.0020852771481035585,-1.2177266449011722e-06
MF,c3,31,0.019375,-0.0009585148749950477,0.0353489455205548,0.0021624799293134657,4084,12,0,0.9970703125,0.0029296875,0.0,12,0.0029296875,0.0021639078811933926,-1.427951879926564e-06
MF,c3,32,0.02,-0.0010253081461602716,0.03618914394514756,0.0022413867957304387,4084,12,0,0.9970703125,0.0029296875,0.0,12,0.0029296875,0.002242971729250068,-1.5849335196296322e-06
MF,c3,33,0.020625,-0.0010661772370547111,0.03710164695127767,0.002320775428974991,4084,12,0,0.9970703125,0.0029296875,0.0,12,0.0029296875,0.0023224678720082698,-1.6924430332788653e-06
MF,c3,34,0.02125,-0.0010834394228146182,0.03809013905493689,0.002400641547197745,4084,12,0,0.9970703125,0.0029296875,0.0,12,0.0029296875,0.002402396136287818,-1.7545890900732117e-06
MF,c3,35,0.021875000000000002,-0.0010795153731228452,0.039039269040520616,0.0024809811618102216,4084,12,0,0.9970703125,0.0029296875,0.0,12,0.0029296875,0.002482756863166802,-1.7757013565803125e-06
MF,c3,36,0.0225,-0.0010568735795865964,0.03994843474885165,0.002561790561765642,4084,12,0,0.9970703125,0.0029296875,0.0,12,0.0029296875,0.0025635507886413154,-1.7602268756736884e-06
MF,c3,37,0.023125,-0.0010179818054458169,0.04081722171765434,0.002643066298684961,4082,14,0,0.99658203125,0.00341796875,0.0,14,0.00341796875,0.0026447792559229797,-1.7129572380185378e-06
MF,c3,38,0.02375,-0.000965265424816538,0.04164539186160472,0.0027248051727734608,4082,14,0,0.99658203125,0.00341796875,0.0,14,0.00341796875,0.0027264432409851123,-1.638068211651738e-06
MF,c3,39,0.024375,-0.0009010724007570166,0.042435845315736354,0.002807004219477742,4076,20,0,0.9951171875,0.0048828125,0.0,20,0.0048828125,0.002808775000109838,-1.7707806320960166e-06
MF,c3,40,0.025,-0.0008276445588982104,0.04332876166241574,0.002889660696836961,4076,20,0,0.9951171875,0.0048828125,0.0,20,0.0048828125,0.002891649006492277,-1.988309655315564e-06
MF,c3,41,0.025625000000000002,-0.0008672458674554321,0.04419067085410686,0.002972772073485897,4076,20,0,0.9951171875,0.0048828125,0.0,20,0.0048828125,0.002974909032704968,-2.136959219071122e-06
MF,c3,42,0.02625,-0.0010906724059675968,0.04505597146317783,0.0030563360172707315,4074,22,0,0.99462890625,0.00537109375,0.0,22,0.00537109375,0.0030585793789696955,-2.2433616989637932e-06
MF,c3,43,0.026875,-0.001270600510258565,0.0459127735630778,0.003140350384441413,4072,24,0,0.994140625,0.005859375,0.0,24,0.005859375,0.0031427647337368045,-2.414349295391481e-06
MF,c3,44,0.0275,-0.0014249552314514406,0.04683582969016001,0.003224813209387165,4072,24,0,0.994140625,0.005859375,0.0,24,0.005859375,0.003227416146541869,-2.6029371547034066e-06
MF,c3,45,0.028125,-0.001547418611572481,0.04770678184504996,0.0033097226948841773,4072,24,0,0.994140625,0.005859375,0.0,24,0.005859375,0.0033124340188031426,-2.7113239189651876e-06
MF,c3,46,0.02875,-0.0016340998473408517,0.048542230910323315,0.0033950772028267023,4074,22,0,0.99462890625,0.00537109375,0.0,22,0.00537109375,0.003397833345212928,-2.75614238622541e-06
MF,c3,47,0.029375000000000002,-0.0016881103970982664,0.0494148165747046,0.0034808752454148287,4074,22,0,0.99462890625,0.00537109375,0.0,22,0.00537109375,0.003483621304130294,-2.7460587154653575e-06
MF,c3,48,0.03,-0.0017126036836220295,0.05026190973665885,0.0035671154767740266,4076,20,0,0.9951171875,0.0048828125,0.0,20,0.0048828125,0.003569805950427195,-2.6904736531683405e-06
MF,c3,49,0.030625,-0.0017107279320036357,0.051083448680303525,0.003653796684983229,4078,18,0,0.99560546875,0.00439453125,0.0,18,0.00439453125,0.003656425049607376,-2.6283646241469925e-06
MF,c3,50,0.03125,-0.0016855850222375706,0.0518794283891674,0.00374091778448977,4080,16,0,0.99609375,0.00390625,0.0,16,0.00390625,0.0037434854220319575,-2.567637542187865e-06
MF,c3,51,0.031875,-0.0016401952087303545,0.05264989739824036,0.003828477808890873,4080,16,0,0.99609375,0.00390625,0.0,16,0.00390625,0.0038309711769971876,-2.4933681063149432e-06
MF,c3,52,0.0325,-0.00157746747679084,0.053532694390009426,0.003916475904062692,4082,14,0,0.99658203125,0.00341796875,0.0,14,0.00341796875,0.003918884084018808,-2.408179956115509e-06
MF,c3,53,0.033125,-0.0015001752412725933,0.0543674864307141,0.004004911321619076,4080,16,0,0.99609375,0.00390625,0.0,16,0.00390625,0.00400736351064233,-2.4521890232539465e-06
MF,c3,54,0.03375,-0.0014109370433737674,0.055153135589780924,0.004093783412683315,4080,16,0,0.99609375,0.00390625,0.0,16,0.00390625,0.004096456950245627,-2.673537562311384e-06
MF,c3,55,0.034375,-0.0013122018665417928,0.05588941848253337,0.004183091621957152,4080,16,0,0.99609375,0.00390625,0.0,16,0.00390625,0.004185924272491363,-2.8326505342110687e-06
MF,c3,56,0.035,-0.001215479839802052,0.05657627974303124,0.004272835482072217,4078,18,0,0.99560546875,0.00439453125,0.0,18,0.00439453125,0.0042757619560579285,-2.926473985711166e-06
MF,c3,57,0.035625000000000004,-0.001419131007707765,0.05721382415364278,0.004363014608209962,4078,18,0,0.99560546875,0.00439453125,0.0,18,0.00439453125,0.00436597653074778,-2.9619225378173363e-06
MF,c3,58,0.03625,-0.0015791813110696685,0.0579032594998128,0.004453628692976944,4076,20,0,0.9951171875,0.0048828125,0.0,20,0.0048828125,0.0044566519411916306,-3.0232482146851856e-06
MF,c3,59,0.036875,-0.0016989140610226135,0.05867184451141372,0.004544677501523049,4076,20,0,0.9951171875,0.0048828125,0.0,20,0.0048828125,0.004547717777018852,-3.0402754958034888e-06
MF,c3,60,0.0375,-0.001781665578336952,0.05943625716767332,0.004636160866890839,4076,20,0,0.9951171875,0.0048828125,0.0,20,0.0048828125,0.0046391597031479595,-2.99883625712029e-06
MF,c3,61,0.038125,-0.001830781868305898,0.060258426330080314,0.004728078685585033,4074,22,0,0.99462890625,0.00537109375,0.0,22,0.00537109375,0.0047310340782407475,-2.955392655714159e-06
MF,c3,62,0.03875,-0.0018638216867926946,0.06116421683905222,0.004820430913351552,4076,20,0,0.9951171875,0.0048828125,0.0,20,0.0048828125,0.004823364391738899,-2.933478387347206e-06
MF,c3,63,0.039375,-0.0018865356372779628,0.06203402053660892,0.00491321756115623,4076,20,0,0.9951171875,0.0048828125,0.0,20,0.0048828125,0.004916089614353355,-2.8720531971252338e-06
MF,c3,64,0.04,-0.001883408740245356,0.06286749474671509,0.0050064386913537436,4076,20,0,0.9951171875,0.0048828125,0.0,20,0.0048828125,0.0050092019844151904,-2.763293061446567e-06
MF,c3,65,0.040625,-0.0018574471111990516,0.0636643907245784,0.005100094414037816,4076,20,0,0.9951171875,0.0048828125,0.0,20,0.0048828125,0.005102708281436937,-2.6138673991214413e-06
MF,c3,66,0.04125,-0.0018115408383510658,0.06442455066750849,0.0051941848835642635,4078,18,0,0.99560546875,0.00439453125,0.0,18,0.00439453125,0.0051966490833704245,-2.4641998061616965e-06
MF,c3,67,0.041875,-0.001748446198946025,0.06514790457054905,0.005288710295238831,4078,18,0,0.99560546875,0.00439453125,0.0,18,0.00439453125,0.005291004091267691,-2.293796028859779e-06
MF,c3,68,0.0425,-0.001670771553657424,0.0658344669485196,0.0053836708821620935,4082,14,0,0.99658203125,0.00341796875,0.0,14,0.00341796875,0.00538591703697653,-2.246154814436539e-06
MF,c3,69,0.043125000000000004,-0.0015809666436328775,0.06651635209539432,0.0054790669122242565,4082,14,0,0.99658203125,0.00341796875,0.0,14,0.00341796875,0.005481340148639468,-2.273236415211641e-06
MF,c3,70,0.043750000000000004,-0.0014813150022424731,0.06727201368720245,0.005574898685242894,4080,16,0,0.99609375,0.00390625,0.0,16,0.00390625,0.005577198961482883,-2.300276239990596e-06
MF,c3,71,0.044375,-0.0013739291874916482,0.06801104831718248,0.0056711665302371156,4080,16,0,0.99609375,0.00390625,0.0,16,0.00390625,0.00567355831176831,-2.3917815311943557e-06
MF,c3,72,0.045,-0.0013159974569825284,0.0687334229980055,0.005767870802831902,4082,14,0,0.99658203125,0.00341796875,0.0,14,0.00341796875,0.005770297128376224,-2.4263255443224607e-06
MF,c3,73,0.045625,-0.001477656665655798,0.06943912369465294,0.0058650118827865885,4082,14,0,0.99658203125,0.00341796875,0.0,14,0.00341796875,0.005867421793866677,-2.4099110800875853e-06
MF,c3,74,0.04625,-0.0016010031797221492,0.07012815493374942,0.005962590171641948,4082,14,0,0.99658203125,0.00341796875,0.0,14,0.00341796875,0.005965031745448318,-2.4415738063693764e-06
MF,c3,75,0.046875,-0.0016891433190060886,0.0708005393988951,0.0060606060904803945,4082,14,0,0.99658203125,0.00341796875,0.0,14,0.00341796875,0.006063061700767482,-2.4556102870873414e-06
MF,c3,76,0.0475,-0.0017451526251691587,0.07145631751226629,0.006159060077794277,4082,14,0,0.99658203125,0.00341796875,0.0,14,0.00341796875,0.006161479585477969,-2.4195076836925755e-06
MF,c3,77,0.048125,-0.0017720503303801105,0.07209554700245653,0.006257952587457311,4082,14,0,0.99658203125,0.00341796875,0.0,14,0.00341796875,0.006260291762464875,-2.3391750075640113e-06
MF,c3,78,0.04875,-0.0017727771363697706,0.07271830245917439,0.0063572840867944696,4084,12,0,0.9970703125,0.0029296875,0.0,12,0.0029296875,0.0063595045728448915,-2.2204860504220326e-06
MF,c3,79,0.049375,-0.0017501761887637587,0.07332467487510853,0.006457055054745933,4084,12,0,0.9970703125,0.0029296875,0.0,12,0.0029296875,0.0064591251878244795,-2.070133078546638e-06
MF,c3,80,0.05,-0.0017069771037737335,0.07403212746430719,0.006557265980120855,4086,10,0,0.99755859375,0.00244140625,0.0,10,0.00244140625,0.006559186824868914,-1.9208447480590403e-06
MF,c3,81,0.050625,-0.0016457828822426589,0.07481599379860464,0.006657917359936932,4088,8,0,0.998046875,0.001953125,0.0,8,0.001953125,0.006659715088531774,-1.7977285948421933e-06
MF,c3,82,0.051250000000000004,-0.0015690595292280817,0.07557160100225242,0.006759009697841923,4088,8,0,0.998046875,0.001953125,0.0,8,0.001953125,0.0067606770850714565,-1.6673872295332325e-06
MF,c3,83,0.051875000000000004,-0.001479128185226058,0.076298834712215,0.006860543502613397,4088,8,0,0.998046875,0.001953125,0.0,8,0.001953125,0.006862061492119849,-1.517989506450727e-06
MF,c3,84,0.0525,-0.001378159567404844,0.07699762741608002,0.006962519286733258,4090,6,0,0.99853515625,0.00146484375,0.0,6,0.00146484375,0.006963904924091846,-1.385637358588397e-06
MF,c3,85,0.053125,-0.001268170515259037,0.07766795733664329,0.0070649375650337146,4090,6,0,0.99853515625,0.00146484375,0.0,6,0.00146484375,0.007066186432566322,-1.2488675326055536e-06
MF,c3,86,0.05375,-0.0011680861950282648,0.07830984725247704,0.007167798853411526,4090,6,0,0.99853515625,0.00146484375,0.0,6,0.00146484375,0.007169053603434389,-1.2547500228626709e-06
MF,c3,87,0.054375,-0.0010752379398154656,0.07892336325952205,0.007271103667607389,4090,6,0,0.99853515625,0.00146484375,0.0,6,0.00146484375,0.00727237431481262,-1.2706472052304757e-06
MF,c3,88,0.055,-0.0009761688852928484,0.07950861347831893,0.00737485252204766,4090,6,0,0.99853515625,0.00146484375,0.0,6,0.00146484375,0.007376114650282343,-1.2621282346833496e-06
MF,c3,89,0.055625,-0.0008776415646854988,0.08016397749757599,0.007479045928745622,4090,6,0,0.99853515625,0.00146484375,0.0,6,0.00146484375,0.00748027782215044,-1.2318934048181114e-06
MF,c3,90,0.05625,-0.0010139468582367724,0.08083648576590466,0.007583684396259668,4090,6,0,0.99853515625,0.00146484375,0.0,6,0.00146484375,0.007584866898642932,-1.1825023832645065e-06
MF,c3,91,0.056875,-0.0011182850808987344,0.08150635861644179,0.0076887684287057926,4090,6,0,0.99853515625,0.00146484375,0.0,6,0.00146484375,0.007689884797234701,-1.1163685289085883e-06
MF,c3,92,0.0575,-0.0011932317194611095,0.08217358909919725,0.0077942985248221075,4088,8,0,0.998046875,0.001953125,0.0,8,0.001953125,0.007795341523019602,-1.0429981974949704e-06
MF,c3,93,0.058125,-0.001241302530699207,0.0828427516115991,0.007900275177083013,4086,10,0,0.99755859375,0.00244140625,0.0,10,0.00244140625,0.007901257025979344,-9.818488963311674e-07
MF,c3,94,0.058750000000000004,-0.0012649398631137908,0.08353561025124358,0.008006698870860812,4086,10,0,0.99755859375,0.00244140625,0.0,10,0.00244140625,0.008007638300717832,-9.394298570192285e-07
MF,c3,95,0.059375000000000004,-0.0012665010022989726,0.08422200383272109,0.008113570083632695,4086,10,0,0.99755859375,0.00244140625,0.0,10,0.00244140625,0.008114435074444797,-8.649908121042719e-07
MF,c3,96,0.06,-0.0012482484381423275,0.08490183923727712,0.008220889284231123,4088,8,0,0.998046875,0.001953125,0.0,8,0.001953125,0.00822170615128202,-8.16867050898902e-07
MF,c3,97,0.060625,-0.0012123419424571594,0.08557502782952883,0.008328656932135668,4088,8,0,0.998046875,0.001953125,0.0,8,0.001953125,0.008329402584121542,-7.456519858744507e-07
MF,c3,98,0.06125,-0.0011608323384580488,0.08624148559236883,0.008436873476804451,4092,4,0,0.9990234375,0.0009765625,0.0,4,0.0009765625,0.008437572735209519,-6.992584050678444e-07
MF,c3,99,0.061875,-0.0010956568387724029,0.08690113325102522,0.008545539357043464,4092,4,0,0.9990234375,0.0009765625,0.0,4,0.0009765625,0.008546204447595946,-6.650905524827878e-07
MF,c3,100,0.0625,-0.001018635825940054,0.08755389638644849,0.00865465500041212,4092,4,0,0.9990234375,0.0009765625,0.0,4,0.0009765625,0.008655273015090396,-6.180146782764499e-07
MF,c3,101,0.063125,-0.0009314709485273868,0.08819970553773537,0.008764220822663453,4092,4,0,0.9990234375,0.0009765625,0.0,4,0.0009765625,0.00876478050338736,-5.596807239068322e-07
MF,c3,102,0.06375,-0.0008357444066948936,0.08883849629389479,0.008874237227217335,4092,4,0,0.9990234375,0.0009765625,0.0,4,0.0009765625,0.008874728858440466,-4.916312231307141e-07
MF,c3,103,0.064375,-0.0007329193032281127,0.08947020937501568,0.0089847046046654,4092,4,0,0.9990234375,0.0009765625,0.0,4,0.0009765625,0.008985119905645936,-4.1530098053551046e-07
MF,c3,104,0.065,-0.0006243409393616396,0.09009479070264066,0.009095623332306216,4092,4,0,0.9990234375,0.0009765625,0.0,4,0.0009765625,0.00909595534997354,-3.320176673241954e-07
MF,c3,105,0.065625,-0.0005112389390091642,0.0907121914597475,0.009206993773709312,4094,2,0,0.99951171875,0.00048828125,0.0,2,0.00048828125,0.009207243402097502,-2.496283881880683e-07
MF,c3,106,0.06625,-0.0003947300901258882,0.09132236814027586,0.0093188162783069,4094,2,0,0.99951171875,0.00048828125,0.0,2,0.00048828125,0.00931900901760872,-1.9273930181928118e-07
MF,c3,107,0.066875,-0.00027582179764588206,0.0919252825885225,0.00943109118101201,4094,2,0,0.99951171875,0.00048828125,0.0,2,0.00048828125,0.00943122585962414,-1.3467861213177822e-07
MF,c3,108,0.0675,-0.00015541604863492813,0.09252090202825693,0.009543818801861895,4094,2,0,0.99951171875,0.00048828125,0.0,2,0.00048828125,0.009543894688604393,-7.588674249752337e-08
MF,c3,109,0.068125,-3.4313796827671955e-05,0.09310919908200624,0.009656999445685583,4094,2,0,0.99951171875,0.00048828125,0.0,2,0.00048828125,0.00965701620046919,-1.675478360726155e-08
MF,c3,110,0.06875,1.1786935966039133e-19,0.09371324626453413,0.009770633401794496,4096,0,0,1.0,0.0,0.0,0,0.0,0.009770633401794496,0.0
MF,c3,111,0.069375,1.2973104482867243e-19,0.09432675162140831,0.009884720943695188,4096,0,0,1.0,0.0,0.0,0,0.0,0.009884720943695188,0.0
MF,c3,112,0.07,1.4271470456791706e-19,0.09493717562266311,0.009999262328823106,4096,0,0,1.0,0.0,0.0,0,0.0,0.009999262328823106,0.0
MF,c3,113,0.07062500000000001,1.5680188646702048e-19,0.09554449045462722,0.010114257798296545,4096,0,0,1.0,0.0,0.0,0,0.0,0.010114257798296545,0.0
MF,c3,114,0.07125000000000001,1.7218415548731667e-19,0.09614866852212905,0.01022970757668987,4096,0,0,1.0,0.0,0.0,0,0.0,0.01022970757668987,0.0
MF,c3,115,0.07187500000000001,1.889782473368929e-19,0.09674968253822447,0.010345611871825176,4096,0,0,1.0,0.0,0.0,0,0.0,0.010345611871825176,0.0
MF,c3,116,0.0725,2.0730777485233765e-19,0.09734750561081523,0.010461970874581485,4096,0,0,1.0,0.0,0.0,0,0.0,0.010461970874581485,0.0
MF,c3,117,0.073125,2.273071842517053e-19,0.09794211132591983,0.010578784758720775,4096,0,0,1.0,0.0,0.0,0,0.0,0.010578784758720775,0.0
MF,c3,118,0.07375,2.4912281038322876e-19,0.0985334738277373,0.0106960536807301,4096,0,0,1.0,0.0,0.0,0,0.0,0.0106960536807301,0.0
MF,c3,119,0.074375,2.729140632149778e-19,0.09912156789515608,0.010813777779679025,4096,0,0,1.0,0.0,0.0,0,0.0,0.010813777779679025,0.0
MF,c3,120,0.075,2.9885476696639216e-19,0.09970636901495399,0.01093195717709171,4096,0,0,1.0,0.0,0.0,0,0.0,0.01093195717709171,0.0
MF,c3,121,0.075625,3.271346773465214e-19,0.10028785345166932,0.011050591976833012,4096,0,0,1.0,0.0,0.0,0,0.0,0.011050591976833012,0.0
MF,c3,122,0.07625,3.5796120722975744e-19,0.10086599831384761,0.011169682265007946,4096,0,0,1.0,0.0,0.0,0,0.0,0.011169682265007946,0.0
MF,c3,123,0.076875,3.9156139691347216e-19,0.10144078161696354,0.0112892281098739,4096,0,0,1.0,0.0,0.0,0,0.0,0.0112892281098739,0.0
MF,c3,124,0.0775,4.2818417206194175e-19,0.10201218234283119,0.011409229561764999,4096,0,0,1.0,0.0,0.0,0,0.0,0.011409229561764999,0.0
MF,c3,125,0.078125,4.677000283321162e-19,0.10258018049569416,0.011529686653028157,4096,0,0,1.0,0.0,0.0,0,0.0,0.011529686653028157,0.0
MF,c3,126,0.07875,5.104464663002902e-19,0.10314475715469448,0.011650599397970187,4096,0,0,1.0,0.0,0.0,0,0.0,0.011650599397970187,0.0
MF,c3,127,0.079375,5.568950822579246e-19,0.10370589452304704,0.011771967792815502,4096,0,0,1.0,0.0,0.0,0,0.0,0.011771967792815502,0.0
MF,c3,128,0.08,6.073599192955272e-19,0.10426357597375631,0.011893791815673859,4096,0,0,1.0,0.0,0.0,0,0.0,0.011893791815673859,0.0
MF,c3,129,0.080625,6.621833166682227e-19,0.10481778609209091,0.012016071426517807,4096,0,0,1.0,0.0,0.0,0,0.0,0.012016071426517807,0.0
MF,c3,130,0.08125,7.217390163875173e-19,0.10536851071453579,0.012138806567169268,4096,0,0,1.0,0.0,0.0,0,0.0,0.012138806567169268,0.0
MF,c3,131,0.081875,7.864357200392761e-19,0.10591573696454035,0.012261997161294844,4096,0,0,1.0,0.0,0.0,0,0.0,0.012261997161294844,0.0
MF,c3,132,0.0825,8.567211749194381e-19,0.10645945328510689,0.01238564311440947,4096,0,0,1.0,0.0,0.0,0,0.0,0.01238564311440947,0.0
MF,c3,133,0.083125,9.330868833916734e-19,0.10699964946798449,0.012509744313888016,4096,0,0,1.0,0.0,0.0,0,0.0,0.012509744313888016,0.0
MF,c3,134,0.08375,1.0160735469125147e-18,0.1075363166798305,0.012634300628984418,4096,0,0,1.0,0.0,0.0,0,0.0,0.012634300628984418,0.0
MF,c3,135,0.084375,1.1062773769668056e-18,0.10806944748520861,0.012759311910857947,4096,0,0,1.0,0.0,0.0,0,0.0,0.012759311910857947,0.0
MF,c3,136,0.085,1.2043574297437464e-18,0.10859903586666952,0.012884777992606405,4096,0,0,1.0,0.0,0.0,0,0.0,0.012884777992606405,0.0
MF,c3,137,0.085625,1.3086379802924271e-18,0.109125077241663,0.013010698689305765,4096,0,0,1.0,0.0,0.0,0,0.0,0.013010698689305765,0.0
MF,c3,138,0.08625000000000001,1.4212175894920522e-18,0.10964756847665812,0.013137073798055994,4096,0,0,1.0,0.0,0.0,0,0.0,0.013137073798055994,0.0
MF,c3,139,0.08687500000000001,1.5431181933169665e-18,0.11016650789835292,0.013263903098032711,4096,0,0,1.0,0.0,0.0,0,0.0,0.013263903098032711,0.0
MF,c3,140,0.08750000000000001,1.6751247127506755e-18,0.11068189530223164,0.013391186350544457,4096,0,0,1.0,0.0,0.0,0,0.0,0.013391186350544457,0.0
MF,c3,141,0.088125,1.818097648025863e-18,0.11119373195822865,0.013518923299095254,4096,0,0,1.0,0.0,0.0,0,0.0,0.013518923299095254,0.0
MF,c3,142,0.08875,1.9729825043811173e-18,0.11170202061388682,0.01364711366945213,4096,0,0,1.0,0.0,0.0,0,0.0,0.01364711366945213,0.0
MF,c3,143,0.089375,2.1408207102632994e-18,0.11220676549489907,0.013775757169717382,4096,0,0,1.0,0.0,0.0,0,0.0,0.013775757169717382,0.0
MF,c3,144,0.09,2.322762291196173e-18,0.11270797230330055,0.0139048534904054,4096,0,0,1.0,0.0,0.0,0,0.0,0.0139048534904054,0.0
MF,c3,145,0.090625,2.5200806095014703e-18,0.11321944333617996,0.014034402304523689,4096,0,0,1.0,0.0,0.0,0,0.0,0.014034402304523689,0.0
MF,c3,146,0.09125,2.7341895350795842e-18,0.11373579958498842,0.014164403267657916,4096,0,0,1.0,0.0,0.0,0,0.0,0.014164403267657916,0.0
MF,c3,147,0.091875,2.9666634769706063e-18,0.11424187841515264,0.014294856018060756,4096,0,0,1.0,0.0,0.0,0,0.0,0.014294856018060756,0.0
MF,c3,148,0.0925,3.2172141136493454e-18,0.11473771083477748,0.01442576017674432,4096,0,0,1.0,0.0,0.0,0,0.0,0.01442576017674432,0.0
MF,c3,149,0.093125,3.480376099089503e-18,0.11522333574394959,0.014557115347575986,4096,0,0,1.0,0.0,0.0,0,0.0,0.014557115347575986,0.0
MF,c3,150,0.09375,3.764560637842115e-18,0.11569879977512476,0.014688921117377367,4096,0,0,1.0,0.0,0.0,0,0.0,0.014688921117377367,0.0
MF,c3,151,0.094375,4.071539404803831e-18,0.11616415712592469,0.014821177056026265,4096,0,0,1.0,0.0,0.0,0,0.0,0.014821177056026265,0.0
MF,c3,152,0.095,4.403264563784758e-18,0.11661946938498514,0.014953882716561472,4096,0,0,1.0,0.0,0.0,0,0.0,0.014953882716561472,0.0
MF,c3,153,0.095625,4.761892902243933e-18,0.11706480535099095,0.015087037635290203,4096,0,0,1.0,0.0,0.0,0,0.0,0.015087037635290203,0.0
MF,c3,154,0.09625,5.149813858485673e-18,0.11752774110314644,0.015220641331897952,4096,0,0,1.0,0.0,0.0,0,0.0,0.015220641331897952,0.0
MF,c3,155,0.096875,5.569682106762237e-18,0.11799081897401441,0.015354693309560682,4096,0,0,1.0,0.0,0.0,0,0.0,0.015354693309560682,0.0
MF,c3,156,0.0975,6.024455477980962e-18,0.11850877450213781,0.015489193055059153,4096,0,0,1.0,0.0,0.0,0,0.0,0.015489193055059153,0.0
MF,c3,157,0.098125,6.517439124114245e-18,0.11907705561209221,0.015624140038895262,4096,0,0,1.0,0.0,0.0,0,0.0,0.015624140038895262,0.0
MF,c3,158,0.09875,7.052336985833287e-18,0.11963906860345627,0.015759533715410258,4096,0,0,1.0,0.0,0.0,0,0.0,0.015759533715410258,0.0
MF,c3,159,0.099375,7.6333117982931e-18,0.12019477686174637,0.01589537352290466,4096,0,0,1.0,0.0,0.0,0,0.0,0.01589537352290466,0.0
MF,c3,160,0.1,8.256087741902406e-18,0.12074414861748108,0.016031658883759764,4096,0,0,1.0,0.0,0.0,0,0.0,0.016031658883759764,0.0
MF,c3,161,0.100625,8.900899586740932e-18,0.12128715690322117,0.016168389204560617,4096,0,0,1.0,0.0,0.0,0,0.0,0.016168389204560617,0.0
MF,c3,162,0.10125,9.596061205969584e-18,0.12182377950556902,0.01630556387622039,4096,0,0,1.0,0.0,0.0,0,0.0,0.01630556387622039,0.0
MF,c3,163,0.10187500000000001,1.034593556956924e-17,0.12235399891263257,0.01644318227410594,4096,0,0,1.0,0.0,0.0,0,0.0,0.01644318227410594,0.0
MF,c3,164,0.10250000000000001,1.1155365547475271e-17,0.12287780225698207,0.016581243758164464,4096,0,0,1.0,0.0,0.0,0,0.0,0.016581243758164464,0.0
MF,c3,165,0.10312500000000001,1.2029741672705582e-17,0.1233951812542882,0.016719747673051233,4096,0,0,1.0,0.0,0.0,0,0.0,0.016719747673051233,0.0
MF,c3,166,0.10375000000000001,1.2975080749103257e-17,0.1239061321379929,0.016858693348258187,4096,0,0,1.0,0.0,0.0,0,0.0,0.016858693348258187,0.0
MF,c3,167,0.104375,1.3998117071431982e-17,0.12441065558988379,0.016998080098243433,4096,0,0,1.0,0.0,0.0,0,0.0,0.016998080098243433,0.0
MF,c3,168,0.105,1.5106408305019304e-17,0.12490875666708338,0.01713790722256138,4096,0,0,1.0,0.0,0.0,0,0.0,0.01713790722256138,0.0
MF,c3,169,0.105625,1.630845839395721e-17,0.12540044472548645,0.01727817400599352,4096,0,0,1.0,0.0,0.0,0,0.0,0.01727817400599352,0.0
MF,c3,170,0.10625,1.7613860236641086e-17,0.12588573333983671,0.01741887971867979,4096,0,0,1.0,0.0,0.0,0,0.0,0.01741887971867979,0.0
MF,c3,171,0.106875,1.9033461292027752e-17,0.12636464022079583,0.017560023616250413,4096,0,0,1.0,0.0,0.0,0,0.0,0.017560023616250413,0.0
MF,c3,172,0.1075,2.0579555767340912e-17,0.1268371871288744,0.0177016049399581,4096,0,0,1.0,0.0,0.0,0,0.0,0.0177016049399581,0.0
MF,c3,173,0.108125,2.222695523092225e-17,0.12730339978573504,0.017843622916810586,4096,0,0,1.0,0.0,0.0,0,0.0,0.017843622916810586,0.0
MF,c3,174,0.10875,2.3902003767619998e-17,0.1277633077828966,0.017986076759703366,4096,0,0,1.0,0.0,0.0,0,0.0,0.017986076759703366,0.0
MF,c3,175,0.109375,2.5707835670589764e-17,0.12821694448802612,0.01812896566755267,4096,0,0,1.0,0.0,0.0,0,0.0,0.01812896566755267,0.0
MF,c3,176,0.11,2.7656436710627472e-17,0.12866434694916384,0.018272288825428504,4096,0,0,1.0,0.0,0.0,0,0.0,0.018272288825428504,0.0
MF,c3,177,0.110625,2.976121228654411e-17,0.12910555579674493,0.01841604540468777,4096,0,0,1.0,0.0,0.0,0,0.0,0.01841604540468777,0.0
MF,c3,178,0.11125,3.2037192115346134e-17,0.12954061514391677,0.018560234563107347,4096,0,0,1.0,0.0,0.0,0,0.0,0.018560234563107347,0.0
MF,c3,179,0.111875,3.4501266562002444e-17,0.12996957248517088,0.0187048554450171,4096,0,0,1.0,0.0,0.0,0,0.0,0.0187048554450171,0.0
MF,c3,180,0.1125,3.717245945870251e-17,0.13039247859346528,0.018849907181432785,4096,0,0,1.0,0.0,0.0,0,0.0,0.018849907181432785,0.0
MF,c3,181,0.113125,4.00722429774825e-17,0.13080938741616793,0.018995388890188744,4096,0,0,1.0,0.0,0.0,0,0.0,0.018995388890188744,0.0
MF,c3,182,0.11375,4.322490093416869e-17,0.1312203559696718,0.019141299676070443,4096,0,0,1.0,0.0,0.0,0,0.0,0.019141299676070443,0.0
MF,c3,183,0.114375,4.665794782764441e-17,0.13162544423316588,0.019287638630946652,4096,0,0,1.0,0.0,0.0,0,0.0,0.019287638630946652,0.0
MF,c3,184,0.115,5.040261197260604e-17,0.13202471504156418,0.01943440483390138,4096,0,0,1.0,0.0,0.0,0,0.0,0.01943440483390138,0.0
MF,c3,185,0.115625,5.4494392281587443e-17,0.13241823397775138,0.019581597351365353,4096,0,0,1.0,0.0,0.0,0,0.0,0.019581597351365353,0.0
MF,c3,186,0.11625,5.897369961180436e-17,0.13280859274715812,0.019729215237247202,4096,0,0,1.0,0.0,0.0,0,0.0,0.019729215237247202,0.0
MF,c3,187,0.116875,6.388659513564913e-17,0.1332535816372918,0.019877257533064147,4096,0,0,1.0,0.0,0.0,0,0.0,0.019877257533064147,0.0
MF,c3,188,0.11750000000000001,6.928563994180562e-17,0.1336968255901082,0.02002572326807222,4096,0,0,1.0,0.0,0.0,0,0.0,0.02002572326807222,0.0
MF,c3,189,0.11812500000000001,7.474441592533419e-17,0.1341383487391759,0.020174611459395954,4096,0,0,1.0,0.0,0.0,0,0.0,0.020174611459395954,0.0
MF,c3,190,0.11875000000000001,8.03819541348544e-17,0.13458800548889382,0.02032392111215753,4096,0,0,1.0,0.0,0.0,0,0.0,0.02032392111215753,0.0
MF,c3,191,0.11937500000000001,8.648812166264105e-17,0.13504472247712823,0.020473651219605385,4096,0,0,1.0,0.0,0.0,0,0.0,0.020473651219605385,0.0
MF,c3,192,0.12,9.311073311222691e-17,0.13549940294155183,0.020623800763242134,4096,0,0,1.0,0.0,0.0,0,0.0,0.020623800763242134,0.0
MF,c3,193,0.120625,1.0030364508821965e-16,0.13595203957290442,0.020774368712951963,4096,0,0,1.0,0.0,0.0,0,0.0,0.020774368712951963,0.0
MF,c3,194,0.12125,1.0812761231474858e-16,0.13640262590076377,0.020925354027127273,4096,0,0,1.0,0.0,0.0,0,0.0,0.020925354027127273,0.0
MF,c3,195,0.121875,1.166512676416121e-16,0.13685115629317637,0.021076755652794647,4096,0,0,1.0,0.0,0.0,0,0.0,0.021076755652794647,0.0
MF,c3,196,0.1225,1.2595224339879042e-16,0.13729762595509556,0.021228572525740147,4096,0,0,1.0,0.0,0.0,0,0.0,0.021228572525740147,0.0
MF,c3,197,0.123125,1.3611845390849548e-16,0.1377420309256447,0.021380803570633794,4096,0,0,1.0,0.0,0.0,0,0.0,0.021380803570633794,0.0
MF,c3,198,0.12375,1.4724956161005234e-16,0.13818436807440318,0.021533447701153403,4096,0,0,1.0,0.0,0.0,0,0.0,0.021533447701153403,0.0
MF,c3,199,0.124375,1.5945865223427036e-16,0.1386246350964607,0.021686503820107533,4096,0,0,1.0,0.0,0.0,0,0.0,0.021686503820107533,0.0
MF,c3,200,0.125,1.7287414781578965e-16,0.13906283050658524,0.021839970819557762,4096,0,0,1.0,0.0,0.0,0,0.0,0.021839970819557762,0.0
MF,c3,201,0.12562500000000001,1.8764199010285296e-16,0.139498953632402,0.02199384758094,4096,0,0,1.0,0.0,0.0,0,0.0,0.02199384758094,0.0
MF,c3,202,0.12625,2.0392813115856558e-16,0.13993300460665575,0.022148132975185093,4096,0,0,1.0,0.0,0.0,0,0.0,0.022148132975185093,0.0
MF,c3,203,0.12687500000000002,2.2192137270158294e-16,0.1403649843585722,0.0223028258628385,4096,0,0,1.0,0.0,0.0,0,0.0,0.0223028258628385,0.0
MF,c3,204,0.1275,2.418366010650981e-16,0.14079489460451142,0.022457925094179192,4096,0,0,1.0,0.0,0.0,0,0.0,0.022457925094179192,0.0
MF,c3,205,0.128125,2.639184706300398e-16,0.14122273783765613,0.022613429509337608,4096,0,0,1.0,0.0,0.0,0,0.0,0.022613429509337608,0.0
MF,c3,206,0.12875,2.884455952774475e-16,0.1416485173170771,0.02276933793841278,4096,0,0,1.0,0.0,0.0,0,0.0,0.02276933793841278,0.0
MF,c3,207,0.129375,3.1573531489398817e-16,0.14207223705606603,0.0229256492015885,4096,0,0,1.0,0.0,0.0,0,0.0,0.0229256492015885,0.0
MF,c3,208,0.13,3.4614911233566285e-16,0.14249390180980814,0.023082362109248626,4096,0,0,1.0,0.0,0.0,0,0.0,0.023082362109248626,0.0
MF,c3,209,0.130625,3.800987656081429e-16,0.14291351706243338,0.023239475462091465,4096,0,0,1.0,0.0,0.0,0,0.0,0.023239475462091465,0.0
MF,c3,210,0.13125,4.136317983066697e-16,0.1433310890134546,0.023396988051243198,4096,0,0,1.0,0.0,0.0,0,0.0,0.023396988051243198,0.0
MF,c3,211,0.131875,4.475855587177638e-16,0.14374662456378343,0.023554898658370387,4096,0,0,1.0,0.0,0.0,0,0.0,0.023554898658370387,0.0
MF,c3,212,0.1325,4.847358326044455e-16,0.14416013130105837,0.023713206055791608,4096,0,0,1.0,0.0,0.0,0,0.0,0.023713206055791608,0.0
MF,c3,213,0.133125,5.254379357308987e-16,0.14457825500956306,0.02387190900658802,4096,0,0,1.0,0.0,0.0,0,0.0,0.02387190900658802,0.0
MF,c3,214,0.13375,5.700916992114141e-16,0.1450039297483386,0.024031006264713026,4096,0,0,1.0,0.0,0.0,0,0.0,0.024031006264713026,0.0
MF,c3,215,0.134375,6.191473112008792e-16,0.14542522223383933,0.024190496575101035,4096,0,0,1.0,0.0,0.0,0,0.0,0.024190496575101035,0.0
MF,c3,216,0.135,6.731119200293428e-16,0.14584216492721486,0.024350378673775125,4096,0,0,1.0,0.0,0.0,0,0.0,0.024350378673775125,0.0
MF,c3,217,0.135625,7.325570945285369e-16,0.1462547920802263,0.024510651287953877,4096,0,0,1.0,0.0,0.0,0,0.0,0.024510651287953877,0.0
MF,c3,218,0.13625,7.981272487264857e-16,0.1466631396747138,0.024671313136157138,4096,0,0,1.0,0.0,0.0,0,0.0,0.024671313136157138,0.0
MF,c3,219,0.136875,8.70549150804746e-16,0.1470672453617889,0.024832362928310883,4096,0,0,1.0,0.0,0.0,0,0.0,0.024832362928310883,0.0
MF,c3,220,0.1375,9.506426503334094e-16,0.14746714840111758,0.024993799365851038,4096,0,0,1.0,0.0,0.0,0,0.0,0.024993799365851038,0.0
MF,c3,221,0.138125,1.0393327734945928e-15,0.14786288960020486,0.025155621141826352,4096,0,0,1.0,0.0,0.0,0,0.0,0.025155621141826352,0.0
MF,c3,222,0.13875,1.1376633534158878e-15,0.1482545112537692,0.025317826941000272,4096,0,0,1.0,0.0,0.0,0,0.0,0.025317826941000272,0.0
MF,c3,223,0.139375,1.2468123820466468e-15,0.14864205708326508,0.025480415439951862,4096,0,0,1.0,0.0,0.0,0,0.0,0.025480415439951862,0.0
MF,c3,224,0.14,1.3681092914114207e-15,0.14902557217660936,0.02564338530717572,4096,0,0,1.0,0.0,0.0,0,0.0,0.02564338530717572,0.0
MF,c3,225,0.140625,1.503054395777414e-15,0.14940510292813344,0.025806735203180886,4096,0,0,1.0,0.0,0.0,0,0.0,0.025806735203180886,0.0
MF,c3,226,0.14125000000000001,1.6533407524992532e-15,0.14978069697896934,0.02597046378058883,4096,0,0,1.0,0.0,0.0,0,0.0,0.02597046378058883,0.0
MF,c3,227,0.141875,1.8208787283267487e-15,0.1501524031576095,0.026134569684230422,4096,0,0,1.0,0.0,0.0,0,0.0,0.026134569684230422,0.0
MF,c3,228,0.14250000000000002,2.0078235900102312e-15,0.1505202714209982,0.02629905155124193,4096,0,0,1.0,0.0,0.0,0,0.0,0.02629905155124193,0.0
MF,c3,229,0.143125,2.2166064734617297e-15,0.15088969124991014,0.02646390801116002,4096,0,0,1.0,0.0,0.0,0,0.0,0.02646390801116002,0.0
MF,c3,230,0.14375000000000002,2.449969124813154e-15,0.15126866262196154,0.026629137686015797,4096,0,0,1.0,0.0,0.0,0,0.0,0.026629137686015797,0.0
MF,c3,231,0.144375,2.711002849826071e-15,0.1516458578778738,0.026794739190427873,4096,0,0,1.0,0.0,0.0,0,0.0,0.026794739190427873,0.0
MF,c3,232,0.145,3.0031921556295364e-15,0.1520212947938347,0.02696071113169446,4096,0,0,1.0,0.0,0.0,0,0.0,0.02696071113169446,0.0
MF,c3,233,0.145625,3.3304636211116575e-15,0.15239499146680352,0.027127052109884447,4096,0,0,1.0,0.0,0.0,0,0.0,0.027127052109884447,0.0
MF,c3,234,0.14625,3.697240589905627e-15,0.15276696629661754,0.027293760717927627,4096,0,0,1.0,0.0,0.0,0,0.0,0.027293760717927627,0.0
MF,c3,235,0.146875,4.108504343328559e-15,0.153137237968033,0.027460835541703858,4096,0,0,1.0,0.0,0.0,0,0.0,0.027460835541703858,0.0
MF,c3,236,0.1475,4.5698624802957795e-15,0.1535058254330229,0.027628275160131277,4096,0,0,1.0,0.0,0.0,0,0.0,0.027628275160131277,0.0
MF,c3,237,0.148125,4.968730857172402e-15,0.1538727478931941,0.02779607814525362,4096,0,0,1.0,0.0,0.0,0,0.0,0.02779607814525362,0.0
MF,c3,238,0.14875,5.4049004629109676e-15,0.15423802478237061,0.02796424306232652,4096,0,0,1.0,0.0,0.0,0,0.0,0.02796424306232652,0.0
MF,c3,239,0.149375,5.8834116508843316e-15,0.15460167574935765,0.02813276846990289,4096,0,0,1.0,0.0,0.0,0,0.0,0.02813276846990289,0.0
MF,c3,240,0.15,6.408812843772657e-15,0.15496372064089986,0.028301652919917368,4096,0,0,1.0,0.0,0.0,0,0.0,0.028301652919917368,0.0
MF,c3,241,0.150625,6.9861736493675195e-15,0.15532417948484684,0.02847089495776984,4096,0,0,1.0,0.0,0.0,0,0.0,0.02847089495776984,0.0
MF,c3,242,0.15125,7.621145579406346e-15,0.1556830724735089,0.02864049312240794,4096,0,0,1.0,0.0,0.0,0,0.0,0.02864049312240794,0.0
MF,c3,243,0.151875,8.320029694962877e-15,0.1560404199473649,0.028810445946408775,4096,0,0,1.0,0.0,0.0,0,0.0,0.028810445946408775,0.0
MF,c3,244,0.1525,9.089851933867068e-15,0.1563962423788312,0.02898075195605964,4096,0,0,1.0,0.0,0.0,0,0.0,0.02898075195605964,0.0
MF,c3,245,0.153125,9.938446953145143e-15,0.15675056035640467,0.029151409671437777,4096,0,0,1.0,0.0,0.0,0,0.0,0.029151409671437777,0.0
MF,c3,246,0.15375,1.0874551404536721e-14,0.15710339456903766,0.029322417606489317,4096,0,0,1.0,0.0,0.0,0,0.0,0.029322417606489317,0.0
MF,c3,247,0.154375,1.1907907654210868e-14,0.15745476579078418,0.029493774269107258,4096,0,0,1.0,0.0,0.0,0,0.0,0.029493774269107258,0.0
MF,c3,248,0.155,1.304937905967014e-14,0.15780469486572607,0.02966547816120857,4096,0,0,1.0,0.0,0.0,0,0.0,0.02966547816120857,0.0
MF,c3,249,0.155625,1.4311078028234975e-14,0.15815320269318697,0.029837527778810387,4096,0,0,1.0,0.0,0.0,0,0.0,0.029837527778810387,0.0
MF,c3,250,0.15625,1.570650820326359e-14,0.15850031021323963,0.03000992161210534,4096,0,0,1.0,0.0,0.0,0,0.0,0.03000992161210534,0.0
MF,c3,251,0.15687500000000001,1.7250722257269435e-14,0.15885946034169643,0.03018265814553598,4096,0,0,1.0,0.0,0.0,0,0.0,0.03018265814553598,0.0
MF,c3,252,0.1575,1.8960496916311063e-14,0.1592234870034643,0.030355735857868375,4096,0,0,1.0,0.0,0.0,0,0.0,0.030355735857868375,0.0
MF,c3,253,0.15812500000000002,2.0854526998399325e-14,0.15958659857382662,0.030529153222264786,4096,0,0,1.0,0.0,0.0,0,0.0,0.030529153222264786,0.0
MF,c3,254,0.15875,2.2953640421546486e-14,0.15994880158871674,0.03070290870635555,4096,0,0,1.0,0.0,0.0,0,0.0,0.03070290870635555,0.0
MF,c3,255,0.15937500000000002,2.52810363251745e-14,0.16031010248901012,0.03087700077231005,4096,0,0,1.0,0.0,0.0,0,0.0,0.03087700077231005,0.0
MF,c3,256,0.16,2.7862548653761637e-14,0.16067050762217086,0.031051427876906876,4096,0,0,1.0,0.0,0.0,0,0.0,0.031051427876906876,0.0
MF,c3,257,0.160625,3.0726937774755026e-14,0.1610300232438172,0.031226188471603127,4096,0,0,1.0,0.0,0.0,0,0.0,0.031226188471603127,0.0
MF,c3,258,0.16125,3.390621294559679e-14,0.16138865551921192,0.03140128100260291,4096,0,0,1.0,0.0,0.0,0,0.0,0.03140128100260291,0.0
MF,c3,259,0.161875,3.743598870871778e-14,0.16174641052467967,0.03157670391092497,4096,0,0,1.0,0.0,0.0,0,0.0,0.03157670391092497,0.0
MF,c3,260,0.1625,4.1355878580238476e-14,0.1621032942489581,0.03175245563246961,4096,0,0,1.0,0.0,0.0,0,0.0,0.03175245563246961,0.0
MF,c3,261,0.163125,4.5709929709689994e-14,0.16245931259448307,0.03192853459808461,4096,0,0,1.0,0.0,0.0,0,0.0,0.03192853459808461,0.0
MF,c3,262,0.16375,5.0547102526262017e-14,0.16283759152975727,0.032104939233630586,4096,0,0,1.0,0.0,0.0,0,0.0,0.032104939233630586,0.0
MF,c3,263,0.164375,5.5921799753995e-14,0.163229147886952,0.03228166796004533,4096,0,0,1.0,0.0,0.0,0,0.0,0.03228166796004533,0.0
MF,c3,264,0.165,6.189444957597948e-14,0.1636169859837136,0.03245871919340754,4096,0,0,1.0,0.0,0.0,0,0.0,0.03245871919340754,0.0
MF,c3,265,0.165625,6.853214815902238e-14,0.16400114385988535,0.032636091344999674,4096,0,0,1.0,0.0,0.0,0,0.0,0.032636091344999674,0.0
MF,c3,266,0.16625,7.408055414399267e-14,0.16438166045898464,0.0328137828213701,4096,0,0,1.0,0.0,0.0,0,0.0,0.0328137828213701,0.0
MF,c3,267,0.166875,8.009778598213557e-14,0.16475857558577534,0.03299179202439438,4096,0,0,1.0,0.0,0.0,0,0.0,0.03299179202439438,0.0
MF,c3,268,0.1675,8.664705786142077e-14,0.16513192986426187,0.03317011735133593,4096,0,0,1.0,0.0,0.0,0,0.0,0.03317011735133593,0.0
MF,c3,269,0.168125,9.377984299520385e-14,0.1655017646961257,0.03334875719490582,4096,0,0,1.0,0.0,0.0,0,0.0,0.03334875719490582,0.0
MF,c3,270,0.16875,1.0155287348166462e-13,0.16586812221962768,0.03352770994332192,4096,0,0,1.0,0.0,0.0,0,0.0,0.03352770994332192,0.0
MF,c3,271,0.169375,1.1002868081347522e-13,0.16623104526899368,0.03370697398036728,4096,0,0,1.0,0.0,0.0,0,0.0,0.03370697398036728,0.0
MF,c3,272,0.17,1.192761902095017e-13,0.1665905773343047,0.03388654768544777,4096,0,0,1.0,0.0,0.0,0,0.0,0.03388654768544777,0.0
MF,c3,273,0.170625,1.2937137384084874e-13,0.16694676252190888,0.03406642943364903,4096,0,0,1.0,0.0,0.0,0,0.0,0.03406642943364903,0.0
MF,c3,274,0.17125,1.4039796846925387e-13,0.1672996455153725,0.034246617595792735,4096,0,0,1.0,0.0,0.0,0,0.0,0.034246617595792735,0.0
MF,c3,275,0.171875,1.5244826349765964e-13,0.16764927153695777,0.03442711053849211,4096,0,0,1.0,0.0,0.0,0,0.0,0.03442711053849211,0.0
MF,c3,276,0.17250000000000001,1.656239659528322e-13,0.16799568630978495,0.03460790662420676,4096,0,0,1.0,0.0,0.0,0,0.0,0.03460790662420676,0.0
MF,c3,277,0.173125,1.800371494828385e-13,0.16833893602040967,0.034789004211296944,4096,0,0,1.0,0.0,0.0,0,0.0,0.034789004211296944,0.0
MF,c3,278,0.17375000000000002,1.958112950574101e-13,0.16867906728211127,0.034970401654076944,4096,0,0,1.0,0.0,0.0,0,0.0,0.034970401654076944,0.0
MF,c3,279,0.174375,2.1308243171430215e-13,0.16901612709876446,0.035152097302868,4096,0,0,1.0,0.0,0.0,0,0.0,0.035152097302868,0.0
MF,c3,280,0.17500000000000002,2.3200038639966767e-13,0.1693501628293332,0.03533408950405041,4096,0,0,1.0,0.0,0.0,0,0.0,0.03533408950405041,0.0
MF,c3,281,0.175625,2.52730152710473e-13,0.16968122215299763,0.03551637660011514,4096,0,0,1.0,0.0,0.0,0,0.0,0.03551637660011514,0.0
MF,c3,282,0.17625,2.7545338916544646e-13,0.17000935303492462,0.03569895692971459,4096,0,0,1.0,0.0,0.0,0,0.0,0.03569895692971459,0.0
MF,c3,283,0.176875,3.0037005851208785e-13,0.17033460369269043,0.035881828827713,4096,0,0,1.0,0.0,0.0,0,0.0,0.035881828827713,0.0
MF,c3,284,0.1775,3.277002205251862e-13,0.17065702256336354,0.03606499062523594,4096,0,0,1.0,0.0,0.0,0,0.0,0.03606499062523594,0.0
MF,c3,285,0.178125,3.5768599177165284e-13,0.1709766582712555,0.03624844064971944,4096,0,0,1.0,0.0,0.0,0,0.0,0.03624844064971944,0.0
MF,c3,286,0.17875,3.9059368691211784e-13,0.17133799630765187,0.03643217722495831,4096,0,0,1.0,0.0,0.0,0,0.0,0.03643217722495831,0.0
MF,c3,287,0.179375,4.267161572867855e-13,0.17170188134283124,0.03661619867115401,4096,0,0,1.0,0.0,0.0,0,0.0,0.03661619867115401,0.0
MF,c3,288,0.18,4.663753437969135e-13,0.17206392766923911,0.03680050330496185,4096,0,0,1.0,0.0,0.0,0,0.0,0.03680050330496185,0.0
MF,c3,289,0.180625,5.099250624497107e-13,0.17242415143929518,0.03698508943953763,4096,0,0,1.0,0.0,0.0,0,0.0,0.03698508943953763,0.0
MF,c3,290,0.18125,5.577540423895002e-13,0.1727825691053454,0.03716995538458369,4096,0,0,1.0,0.0,0.0,0,0.0,0.03716995538458369,0.0
MF,c3,291,0.181875,6.102892377983126e-13,0.17313919740305067,0.037355099446394424,4096,0,0,1.0,0.0,0.0,0,0.0,0.037355099446394424,0.0
MF,c3,292,0.1825,6.679994367196198e-13,0.17349405333513374,0.03754051992790122,4096,0,0,1.0,0.0,0.0,0,0.0,0.03754051992790122,0.0
MF,c3,293,0.183125,7.313991916529191e-13,0.1738471541552254,0.03772621512871687,4096,0,0,1.0,0.0,0.0,0,0.0,0.03772621512871687,0.0
MF,c3,294,0.18375,8.010530986800962e-13,0.17419851735207986,0.03791218334517939,4096,0,0,1.0,0.0,0.0,0,0.0,0.03791218334517939,0.0
MF,c3,295,0.184375,8.629618637282209e-13,0.17454816063403,0.038098422870395415,4096,0,0,1.0,0.0,0.0,0,0.0,0.038098422870395415,0.0
MF,c3,296,0.185,9.242089824685039e-13,0.17489610191371446,0.03828493199428287,4096,0,0,1.0,0.0,0.0,0,0.0,0.03828493199428287,0.0
MF,c3,297,0.185625,9.902451248511953e-13,0.17524235929308005,0.03847170900361341,4096,0,0,1.0,0.0,0.0,0,0.0,0.03847170900361341,0.0
MF,c3,298,0.18625,1.0614850884513162e-12,0.17558695104866165,0.03865875218205407,4096,0,0,1.0,0.0,0.0,0,0.0,0.03865875218205407,0.0
MF,c3,299,0.186875,1.1383816431567122e-12,0.17592989561714345,0.03884605981020859,4096,0,0,1.0,0.0,0.0,0,0.0,0.03884605981020859,0.0
MF,c3,300,0.1875,1.2214289986107405e-12,0.1762712115812045,0.03903363016565826,4096,0,0,1.0,0.0,0.0,0,0.0,0.03903363016565826,0.0
MF,c3,301,0.18812500000000001,1.3111665750294253e-12,0.1766109176556502,0.03922146152300213,4096,0,0,1.0,0.0,0.0,0,0.0,0.03922146152300213,0.0
MF,c3,302,0.18875,1.4081831022450859e-12,0.1769490326738314,0.03940955215389692,4096,0,0,1.0,0.0,0.0,0,0.0,0.03940955215389692,0.0
MF,c3,303,0.18937500000000002,1.5131210737059898e-12,0.17728557557435382,0.039597900327096355,4096,0,0,1.0,0.0,0.0,0,0.0,0.039597900327096355,0.0
MF,c3,304,0.19,1.6266815841679642e-12,0.17762056538807836,0.03978650430849012,4096,0,0,1.0,0.0,0.0,0,0.0,0.03978650430849012,0.0
MF,c3,305,0.19062500000000002,1.7496295819570181e-12,0.1779540212254136,0.03997536236114227,4096,0,0,1.0,0.0,0.0,0,0.0,0.03997536236114227,0.0
MF,c3,306,0.19125,1.8827995689701132e-12,0.1782859622639016,0.040164472745329326,4096,0,0,1.0,0.0,0.0,0,0.0,0.040164472745329326,0.0
MF,c3,307,0.19187500000000002,2.027101784022994e-12,0.1786164077360965,0.040353833718577814,4096,0,0,1.0,0.0,0.0,0,0.0,0.040353833718577814,0.0
MF,c3,308,0.1925,2.183528907758572e-12,0.17894537691773765,0.04054344353570147,4096,0,0,1.0,0.0,0.0,0,0.0,0.04054344353570147,0.0
MF,c3,309,0.193125,2.3531633301063648e-12,0.17927288911621622,0.040733300448838,4096,0,0,1.0,0.0,0.0,0,0.0,0.040733300448838,0.0
MF,c3,310,0.19375,2.53718502424299e-12,0.17959896365933517,0.04092340270748547,4096,0,0,1.0,0.0,0.0,0,0.0,0.04092340270748547,0.0
MF,c3,311,0.194375,2.736880074157292e-12,0.17992361988433614,0.04111374855853818,4096,0,0,1.0,0.0,0.0,0,0.0,0.04111374855853818,0.0
MF,c3,312,0.195,2.9536499062746864e-12,0.18024687712732487,0.04130433624632231,4096,0,0,1.0,0.0,0.0,0,0.0,0.04130433624632231,0.0
MF,c3,313,0.195625,3.1890212791816686e-12,0.18056875471282854,0.041495164012631064,4096,0,0,1.0,0.0,0.0,0,0.0,0.041495164012631064,0.0
MF,c3,314,0.19625,3.4446570892741775e-12,0.18088927194375012,0.041686230096759556,4096,0,0,1.0,0.0,0.0,0,0.0,0.041686230096759556,0.0
MF,c3,315,0.196875,3.72236805420764e-12,0.18120844809158462,0.041877532735539194,4096,0,0,1.0,0.0,0.0,0,0.0,0.041877532735539194,0.0
MF,c3,316,0.1975,4.024125340316903e-12,0.18152630238692344,0.04206907016337181,4096,0,0,1.0,0.0,0.0,0,0.0,0.04206907016337181,0.0
MF,c3,317,0.198125,4.352074204738464e-12,0.18184285401024425,0.0422608406122634,4096,0,0,1.0,0.0,0.0,0,0.0,0.0422608406122634,0.0
MF,c3,318,0.19875,4.708548727813445e-12,0.1821581220829851,0.042452842311857544,4096,0,0,1.0,0.0,0.0,0,0.0,0.042452842311857544,0.0
MF,c3,319,0.199375,5.096087716493747e-12,0.18247212565890034,0.04264507348946849,4096,0,0,1.0,0.0,0.0,0,0.0,0.04264507348946849,0.0
MF,c3,320,0.2,5.517451864931605e-12,0.1827848837156962,0.04283753237011392,4096,0,0,1.0,0.0,0.0,0,0.0,0.04283753237011392,0.0
MF,c3,321,0.200625,5.975642264221047e-12,0.18309641514694402,0.0430302171765474,4096,0,0,1.0,0.0,0.0,0,0.0,0.0430302171765474,0.0
MF,c3,322,0.20125,6.473920359395824e-12,0.18340673875426833,0.043223126129290475,4096,0,0,1.0,0.0,0.0,0,0.0,0.043223126129290475,0.0
MF,c3,323,0.201875,7.015829458290385e-12,0.18371587323980715,0.04341625744666458,4096,0,0,1.0,0.0,0.0,0,0.0,0.04341625744666458,0.0
MF,c3,324,0.2025,7.469170364028252e-12,0.18402383719894186,0.04360960934482258,4096,0,0,1.0,0.0,0.0,0,0.0,0.04360960934482258,0.0
MF,c3,325,0.203125,7.93036668196253e-12,0.18433064911329397,0.04380318003778001,4096,0,0,1.0,0.0,0.0,0,0.0,0.04380318003778001,0.0
MF,c3,326,0.20375000000000001,8.423663737036056e-12,0.1846363273439853,0.0439969677374461,4096,0,0,1.0,0.0,0.0,0,0.0,0.0439969677374461,0.0
MF,c3,327,0.204375,8.951578751013273e-12,0.18494089012515882,0.04419097065365457,4096,0,0,1.0,0.0,0.0,0,0.0,0.04419097065365457,0.0
MF,c3,328,0.20500000000000002,9.516837287866099e-12,0.18524435555775698,0.044385186994194005,4096,0,0,1.0,0.0,0.0,0,0.0,0.044385186994194005,0.0
MF,c3,329,0.205625,1.012239025841324e-11,0.18554674160355422,0.04457961496483817,4096,0,0,1.0,0.0,0.0,0,0.0,0.04457961496483817,0.0
MF,c3,330,0.20625000000000002,1.0771432238364829e-11,0.1858480660794397,0.04477425276937601,4096,0,0,1.0,0.0,0.0,0,0.0,0.04477425276937601,0.0
MF,c3,331,0.206875,1.1467421193689154e-11,0.1861483466519481,0.04496909860964137,4096,0,0,1.0,0.0,0.0,0,0.0,0.04496909860964137,0.0
MF,c3,332,0.20750000000000002,1.2214099713337703e-11,0.1864476008320332,0.04516415068554258,4096,0,0,1.0,0.0,0.0,0,0.0,0.04516415068554258,0.0
MF,c3,333,0.208125,1.3015517855840575e-11,0.18674584597008223,0.045359407195091794,4096,0,0,1.0,0.0,0.0,0,0.0,0.045359407195091794,0.0
MF,c3,334,0.20875,1.387605772313437e-11,0.18704309925116647,0.045554866334434035,4096,0,0,1.0,0.0,0.0,0,0.0,0.045554866334434035,0.0
MF,c3,335,0.209375,1.4800459882227485e-11,0.18733937769052414,0.04575052629787626,4096,0,0,1.0,0.0,0.0,0,0.0,0.04575052629787626,0.0
MF,c3,336,0.21,1.579385176296307e-11,0.187634698129273,0.045946385277915947,4096,0,0,1.0,0.0,0.0,0,0.0,0.045946385277915947,0.0
MF,c3,337,0.210625,1.6861778168227323e-11,0.18792907723034677,0.04614244146526977,4096,0,0,1.0,0.0,0.0,0,0.0,0.04614244146526977,0.0
MF,c3,338,0.21125,1.8010234041491955e-11,0.1882225314746539,0.04633869304890192,4096,0,0,1.0,0.0,0.0,0,0.0,0.04633869304890192,0.0
MF,c3,339,0.211875,1.924569964559569e-11,0.18851507715745308,0.046535138216052305,4096,0,0,1.0,0.0,0.0,0,0.0,0.046535138216052305,0.0
MF,c3,340,0.2125,2.057517831618362e-11,0.18880673038494167,0.04673177515226468,4096,0,0,1.0,0.0,0.0,0,0.0,0.04673177515226468,0.0
MF,c3,341,0.213125,2.2006236963258065e-11,0.1890975070710537,0.0469286020414145,4096,0,0,1.0,0.0,0.0,0,0.0,0.0469286020414145,0.0
MF,c3,342,0.21375,2.354704950487508e-11,0.1893874229344635,0.04712561706573669,4096,0,0,1.0,0.0,0.0,0,0.0,0.04712561706573669,0.0
MF,c3,343,0.214375,2.520644342817162e-11,0.18967649349578986,0.0473228184058533,4096,0,0,1.0,0.0,0.0,0,0.0,0.0473228184058533,0.0
MF,c3,344,0.215,2.699394968465588e-11,0.18997268152638824,0.04752020424080104,4096,0,0,1.0,0.0,0.0,0,0.0,0.04752020424080104,0.0
MF,c3,345,0.215625,2.891985613906435e-11,0.19030583789284403,0.04771777274805863,4096,0,0,1.0,0.0,0.0,0,0.0,0.04771777274805863,0.0
MF,c3,346,0.21625,3.0995264804111633e-11,0.1906369927581475,0.04791552210357408,4096,0,0,1.0,0.0,0.0,0,0.0,0.04791552210357408,0.0
MF,c3,347,0.216875,3.323215310716172e-11,0.19096617235033211,0.04811345048179193,4096,0,0,1.0,0.0,0.0,0,0.0,0.04811345048179193,0.0
MF,c3,348,0.2175,3.564343944926217e-11,0.1912934029375301,0.0483115560556803,4096,0,0,1.0,0.0,0.0,0,0.0,0.0483115560556803,0.0
MF,c3,349,0.218125,3.8243053332135977e-11,0.19161871081515336,0.0485098369967579,4096,0,0,1.0,0.0,0.0,0,0.0,0.0485098369967579,0.0
MF,c3,350,0.21875,4.104601034465216e-11,0.19194212229338944,0.04870829147512096,4096,0,0,1.0,0.0,0.0,0,0.0,0.04870829147512096,0.0
MF,c3,351,0.21937500000000001,4.406849231703821e-11,0.1922636636849882,0.048906917659470105,4096,0,0,1.0,0.0,0.0,0,0.0,0.048906917659470105,0.0
MF,c3,352,0.22,4.6859532285475877e-11,0.19258336129345474,0.04910571371713712,4096,0,0,1.0,0.0,0.0,0,0.0,0.04910571371713712,0.0
MF,c3,353,0.22062500000000002,4.937958491440629e-11,0.19290124140141277,0.04930467781411176,4096,0,0,1.0,0.0,0.0,0,0.0,0.04930467781411176,0.0
MF,c3,354,0.22125,5.20566198314427e-11,0.1932173302593705,0.04950380811506838,4096,0,0,1.0,0.0,0.0,0,0.0,0.04950380811506838,0.0
MF,c3,355,0.22187500000000002,5.490187770877406e-11,0.19353165407477027,0.049703102783392655,4096,0,0,1.0,0.0,0.0,0,0.0,0.049703102783392655,0.0
MF,c3,356,0.2225,5.7927447526819564e-11,0.19384423900134368,0.04990255998120814,4096,0,0,1.0,0.0,0.0,0,0.0,0.04990255998120814,0.0
MF,c3,357,0.22312500000000002,6.114632897617841e-11,0.19415511112876985,0.05010217786940297,4096,0,0,1.0,0.0,0.0,0,0.0,0.05010217786940297,0.0
MF,c3,358,0.22375,6.457249915198396e-11,0.19446429647263347,0.05030195460765638,4096,0,0,1.0,0.0,0.0,0,0.0,0.05030195460765638,0.0
MF,c3,359,0.224375,6.822098381101279e-11,0.19477182096468176,0.050501888354465306,4096,0,0,1.0,0.0,0.0,0,0.0,0.050501888354465306,0.0
MF,c3,360,0.225,7.210793347721647e-11,0.1950777104433777,0.05070197726717102,4096,0,0,1.0,0.0,0.0,0,0.0,0.05070197726717102,0.0
MF,c3,361,0.225625,7.625070469742073e-11,0.19538199064474443,0.050902219501985646,4096,0,0,1.0,0.0,0.0,0,0.0,0.050902219501985646,0.0
MF,c3,362,0.22625,8.066794676580524e-11,0.19568468719350204,0.05110261321401884,4096,0,0,1.0,0.0,0.0,0,0.0,0.05110261321401884,0.0
MF,c3,363,0.226875,8.537969425346952e-11,0.19598582559449015,0.0513031565573044,4096,0,0,1.0,0.0,0.0,0,0.0,0.0513031565573044,0.0
MF,c3,364,0.2275,9.040746569793891e-11,0.19628543122437547,0.05150384768482691,4096,0,0,1.0,0.0,0.0,0,0.0,0.05150384768482691,0.0
MF,c3,365,0.228125,9.577436882690472e-11,0.19658352932364065,0.05170468474854846,4096,0,0,1.0,0.0,0.0,0,0.0,0.05170468474854846,0.0
MF,c3,366,0.22875,1.015052127108582e-10,0.19688014498885148,0.05190566589943539,4096,0,0,1.0,0.0,0.0,0,0.0,0.05190566589943539,0.0
MF,c3,367,0.229375,1.0762662726060651e-10,0.1971753031651985,0.052106789287485106,4096,0,0,1.0,0.0,0.0,0,0.0,0.052106789287485106,0.0
MF,c3,368,0.23,1.141671905079857e-10,0.19746902863931048,0.052308053061752915,4096,0,0,1.0,0.0,0.0,0,0.0,0.052308053061752915,0.0
MF,c3,369,0.230625,1.2115756413145077e-10,0.19776134603233653,0.052509455370378946,4096,0,0,1.0,0.0,0.0,0,0.0,0.052509455370378946,0.0
MF,c3,370,0.23125,1.2863063771266363e-10,0.19805227979329243,0.05271099436061518,4096,0,0,1.0,0.0,0.0,0,0.0,0.05271099436061518,0.0
MF,c3,371,0.231875,1.3662168223575675e-10,0.1983418541926682,0.0529126681788525,4096,0,0,1.0,0.0,0.0,0,0.0,0.0529126681788525,0.0
MF,c3,372,0.2325,1.4516851336766543e-10,0.19863009331629422,0.053114474970647904,4096,0,0,1.0,0.0,0.0,0,0.0,0.053114474970647904,0.0
MF,c3,373,0.233125,1.543116650858343e-10,0.19891702105946008,0.053316412880751694,4096,0,0,1.0,0.0,0.0,0,0.0,0.053316412880751694,0.0
MF,c3,374,0.23375,1.6409457424876063e-10,0.1992026611212853,0.053518480053134934,4096,0,0,1.0,0.0,0.0,0,0.0,0.053518480053134934,0.0
MF,c3,375,0.234375,1.7456377673527795e-10,0.19948703699933543,0.053720674631016874,4096,0,0,1.0,0.0,0.0,0,0.0,0.053720674631016874,0.0
MF,c3,376,0.23500000000000001,1.8576911581025663e-10,0.19977017198448196,0.05392299475689255,4096,0,0,1.0,0.0,0.0,0,0.0,0.05392299475689255,0.0
MF,c3,377,0.235625,1.9776396340754645e-10,0.20005208915600067,0.05412543857256048,4096,0,0,1.0,0.0,0.0,0,0.0,0.05412543857256048,0.0
MF,c3,378,0.23625000000000002,2.1060545505555976e-10,0.2003328113769061,0.054328004219150544,4096,0,0,1.0,0.0,0.0,0,0.0,0.054328004219150544,0.0
MF,c3,379,0.236875,2.243547392069368e-10,0.20061236128951623,0.05453068983715197,4096,0,0,1.0,0.0,0.0,0,0.0,0.05453068983715197,0.0
MF,c3,380,0.23750000000000002,2.360786668762508e-10,0.20089076131124578,0.05473349356644143,4096,0,0,1.0,0.0,0.0,0,0.0,0.05473349356644143,0.0
MF,c3,381,0.238125,2.4725732926741465e-10,0.20116803363064606,0.054936413546311305,4096,0,0,1.0,0.0,0.0,0,0.0,0.054936413546311305,0.0
MF,c3,382,0.23875000000000002,2.590682272089156e-10,0.20144420020357104,0.055139447915498144,4096,0,0,1.0,0.0,0.0,0,0.0,0.055139447915498144,0.0
MF,c3,383,0.239375,2.7155316790949396e-10,0.20171928274969886,0.055342594812211265,4096,0,0,1.0,0.0,0.0,0,0.0,0.055342594812211265,0.0
MF,c3,384,0.24,2.847568514938467e-10,0.20199330274917227,0.05554585237416144,4096,0,0,1.0,0.0,0.0,0,0.0,0.05554585237416144,0.0
MF,c3,385,0.240625,2.9872706338543414e-10,0.20226628143947006,0.055749218738589915,4096,0,0,1.0,0.0,0.0,0,0.0,0.055749218738589915,0.0
MF,c3,386,0.24125,3.1351487850669e-10,0.20253823981248195,0.05595269204229747,4096,0,0,1.0,0.0,0.0,0,0.0,0.05595269204229747,0.0
MF,c3,387,0.241875,3.291748779537494e-10,0.20280919861178354,0.05615627042167375,4096,0,0,1.0,0.0,0.0,0,0.0,0.05615627042167375,0.0
MF,c3,388,0.2425,3.457653788351843e-10,0.20307917833010716,0.05635995201272674,4096,0,0,1.0,0.0,0.0,0,0.0,0.05635995201272674,0.0
MF,c3,389,0.243125,3.6334867799797735e-10,0.20334819920700403,0.05656373495111247,4096,0,0,1.0,0.0,0.0,0,0.0,0.05656373495111247,0.0
MF,c3,390,0.24375,3.8199131039910346e-10,0.20361628122669478,0.0567676173721649,4096,0,0,1.0,0.0,0.0,0,0.0,0.0567676173721649,0.0
MF,c3,391,0.244375,4.0176432291768613e-10,0.20388344411610348,0.05697159741092607,4096,0,0,1.0,0.0,0.0,0,0.0,0.05697159741092607,0.0
MF,c3,392,0.245,4.2274356444077993e-10,0.20414970734307172,0.057175673202176355,4096,0,0,1.0,0.0,0.0,0,0.0,0.057175673202176355,0.0
MF,c3,393,0.245625,4.4500999309546733e-10,0.20441509011474845,0.05737984288046502,4096,0,0,1.0,0.0,0.0,0,0.0,0.05737984288046502,0.0
MF,c3,394,0.24625,4.686500015411778e-10,0.20467961137615212,0.05758410458014109,4096,0,0,1.0,0.0,0.0,0,0.0,0.05758410458014109,0.0
MF,c3,395,0.246875,4.937557612790046e-10,0.20494328980890006,0.057788456435384244,4096,0,0,1.0,0.0,0.0,0,0.0,0.057788456435384244,0.0
MF,c3,396,0.2475,5.20425586979344e-10,0.2052061438301032,0.057992896580236056,4096,0,0,1.0,0.0,0.0,0,0.0,0.057992896580236056,0.0
MF,c3,397,0.248125,5.487643218754741e-10,0.2054681915914196,0.058197423148631605,4096,0,0,1.0,0.0,0.0,0,0.0,0.058197423148631605,0.0
MF,c3,398,0.24875,5.78883745318775e-10,0.20572945097826562,0.05840203427443103,4096,0,0,1.0,0.0,0.0,0,0.0,0.05840203427443103,0.0
MF,c3,399,0.249375,6.109030036412061e-10,0.20598993960917897,0.05860672809145166,4096,0,0,1.0,0.0,0.0,0,0.0,0.05860672809145166,0.0
MF,c3,400,0.25,6.4494906552248e-10,0.20624967483533013,0.05881150273350019,4096,0,0,1.0,0.0,0.0,0,0.0,0.05881150273350019,0.0
MF,c3,401,0.250625,6.81157203113128e-10,0.20650867374017964,0.059016356334405204,4096,0,0,1.0,0.0,0.0,0,0.0,0.059016356334405204,0.0
MF,c3,402,0.25125000000000003,7.19671500220409e-10,0.20676695313927523,0.05922128702804995,4096,0,0,1.0,0.0,0.0,0,0.0,0.05922128702804995,0.0
MF,c3,403,0.251875,7.606453889218268e-10,0.20703942996797187,0.05942629294840532,4096,0,0,1.0,0.0,0.0,0,0.0,0.05942629294840532,0.0
MF,c3,404,0.2525,8.042422160309322e-10,0.20731888940531787,0.05963137222956333,4096,0,0,1.0,0.0,0.0,0,0.0,0.05963137222956333,0.0
MF,c3,405,0.253125,8.506358409021643e-10,0.20759771725509976,0.05983652300577053,4096,0,0,1.0,0.0,0.0,0,0.0,0.05983652300577053,0.0
MF,c3,406,0.25375000000000003,9.000112661257679e-10,0.2078759175054631,0.06004174341146204,4096,0,0,1.0,0.0,0.0,0,0.0,0.06004174341146204,0.0
MF,c3,407,0.254375,9.461982619076878e-10,0.20815349411836642,0.060247031581295615,4096,0,0,1.0,0.0,0.0,0,0.0,0.060247031581295615,0.0
MF,c3,408,0.255,9.857312890628544e-10,0.20843045102942026,0.06045238565018618,4096,0,0,1.0,0.0,0.0,0,0.0,0.06045238565018618,0.0
MF,c3,409,0.255625,1.0273029285495063e-09,0.20871508308620035,0.060657803753340594,4096,0,0,1.0,0.0,0.0,0,0.0,0.060657803753340594,0.0
MF,c3,410,0.25625,1.0710384524182313e-09,0.20901277655673228,0.06086328402629267,4096,0,0,1.0,0.0,0.0,0,0.0,0.06086328402629267,0.0
MF,c3,411,0.256875,1.1170711319275763e-09,0.20930940851061947,0.06106882460493858,4096,0,0,1.0,0.0,0.0,0,0.0,0.06106882460493858,0.0
MF,c3,412,0.2575,1.1655427218575393e-09,0.20960499065796426,0.0612744236255725,4096,0,0,1.0,0.0,0.0,0,0.0,0.0612744236255725,0.0
MF,c3,413,0.258125,1.2166039715973154e-09,0.2098995346471173,0.06148007922492264,4096,0,0,1.0,0.0,0.0,0,0.0,0.06148007922492264,0.0
MF,c3,414,0.25875,1.2704151643319078e-09,0.21019305206199768,0.06168578954018748,4096,0,0,1.0,0.0,0.0,0,0.0,0.06168578954018748,0.0
MF,c3,415,0.259375,1.3271466857092914e-09,0.21048555441952016,0.06189155270907248,4096,0,0,1.0,0.0,0.0,0,0.0,0.06189155270907248,0.0
MF,c3,416,0.26,1.3869796234289234e-09,0.21077705316712855,0.062097366869826906,4096,0,0,1.0,0.0,0.0,0,0.0,0.062097366869826906,0.0
MF,c3,417,0.260625,1.4501063992535919e-09,0.21106755968043317,0.06230323016128119,4096,0,0,1.0,0.0,0.0,0,0.0,0.06230323016128119,0.0
MF,c3,418,0.26125,1.516731435009901e-09,0.21135708526095143,0.06250914072288444,4096,0,0,1.0,0.0,0.0,0,0.0,0.06250914072288444,0.0
MF,c3,419,0.261875,1.587071854208183e-09,0.21164564113394865,0.0627150966947424,4096,0,0,1.0,0.0,0.0,0,0.0,0.0627150966947424,0.0
MF,c3,420,0.2625,1.6613582209803518e-09,0.21193323844637832,0.06292109621765572,4096,0,0,1.0,0.0,0.0,0,0.0,0.06292109621765572,0.0
MF,c3,421,0.263125,1.7398353181042132e-09,0.21221988826491972,0.06312713743315841,4096,0,0,1.0,0.0,0.0,0,0.0,0.06312713743315841,0.0
MF,c3,422,0.26375,1.8227629659550866e-09,0.21250560157411183,0.06333321848355691,4096,0,0,1.0,0.0,0.0,0,0.0,0.06333321848355691,0.0
MF,c3,423,0.264375,1.9104168843003018e-09,0.2127903892745807,0.06353933751196922,4096,0,0,1.0,0.0,0.0,0,0.0,0.06353933751196922,0.0
MF,c3,424,0.265,2.0030895989289217e-09,0.2130742621813789,0.06374549266236458,4096,0,0,1.0,0.0,0.0,0,0.0,0.06374549266236458,0.0
MF,c3,425,0.265625,2.1010913951909178e-09,0.21335723102233775,0.06395168207960333,4096,0,0,1.0,0.0,0.0,0,0.0,0.06395168207960333,0.0
MF,c3,426,0.26625,2.2047513205966863e-09,0.2136393064366254,0.0641579039094772,4096,0,0,1.0,0.0,0.0,0,0.0,0.0641579039094772,0.0
MF,c3,427,0.26687500000000003,2.3144182387198106e-09,0.2139204989733142,0.06436415629874992,4096,0,0,1.0,0.0,0.0,0,0.0,0.06436415629874992,0.0
MF,c3,428,0.2675,2.430461936728011e-09,0.21420081909005292,0.0645704373951982,4096,0,0,1.0,0.0,0.0,0,0.0,0.0645704373951982,0.0
MF,c3,429,0.268125,2.553274288959457e-09,0.21448027715182338,0.06477674534765301,4096,0,0,1.0,0.0,0.0,0,0.0,0.06477674534765301,0.0
MF,c3,430,0.26875,2.6832704790540723e-09,0.2147588834297786,0.06498307830604126,4096,0,0,1.0,0.0,0.0,0,0.0,0.06498307830604126,0.0
MF,c3,431,0.26937500000000003,2.8208902832450996e-09,0.2150366481001619,0.06518943442142774,4096,0,0,1.0,0.0,0.0,0,0.0,0.06518943442142774,0.0
MF,c3,432,0.27,2.966599417514642e-09,0.21531358124330455,0.06539581184605757,4096,0,0,1.0,0.0,0.0,0,0.0,0.06539581184605757,0.0
MF,c3,433,0.270625,3.120890951418226e-09,0.21558969284270077,0.06560220873339878,4096,0,0,1.0,0.0,0.0,0,0.0,0.06560220873339878,0.0
MF,c3,434,0.27125,3.2569793472188143e-09,0.2158649927841579,0.06580862323818543,4096,0,0,1.0,0.0,0.0,0,0.0,0.06580862323818543,0.0
MF,c3,435,0.27187500000000003,3.3782604676729715e-09,0.21613949085502052,0.06601505351646096,4096,0,0,1.0,0.0,0.0,0,0.0,0.06601505351646096,0.0
MF,c3,436,0.2725,3.505313230118175e-09,0.21641319674346693,0.066221497725622,4096,0,0,1.0,0.0,0.0,0,0.0,0.066221497725622,0.0
MF,c3,437,0.273125,3.638469735864497e-09,0.2166861200378759,0.06642795402446239,4096,0,0,1.0,0.0,0.0,0,0.0,0.06642795402446239,0.0
MF,c3,438,0.27375,3.778081712875828e-09,0.2169582702262623,0.06663442057321764,4096,0,0,1.0,0.0,0.0,0,0.0,0.06663442057321764,0.0
MF,c3,439,0.274375,3.924521599718719e-09,0.21722965669577995,0.06684089553360971,4096,0,0,1.0,0.0,0.0,0,0.0,0.06684089553360971,0.0
MF,c3,440,0.275,4.078183683550935e-09,0.21750028873229033,0.06704737706889219,4096,0,0,1.0,0.0,0.0,0,0.0,0.06704737706889219,0.0
MF,c3,441,0.275625,4.239485294531094e-09,0.21777017551999553,0.0672538633438958,4096,0,0,1.0,0.0,0.0,0,0.0,0.0672538633438958,0.0
MF,c3,442,0.27625,4.408868059120304e-09,0.2180393261411325,0.06746035252507404,4096,0,0,1.0,0.0,0.0,0,0.0,0.06746035252507404,0.0
MF,c3,443,0.276875,4.586799214838838e-09,0.21830774957573013,0.06766684278054964,4096,0,0,1.0,0.0,0.0,0,0.0,0.06766684278054964,0.0
MF,c3,444,0.2775,4.773772989135664e-09,0.21857545470142356,0.06787333228016085,4096,0,0,1.0,0.0,0.0,0,0.0,0.06787333228016085,0.0
MF,c3,445,0.278125,4.970312045126242e-09,0.2188424502933278,0.06807981919550837,4096,0,0,1.0,0.0,0.0,0,0.0,0.06807981919550837,0.0
MF,c3,446,0.27875,5.176968997054265e-09,0.21910874502396702,0.06828630170000263,4096,0,0,1.0,0.0,0.0,0,0.0,0.06828630170000263,0.0
MF,c3,447,0.279375,5.394327998436114e-09,0.2193743474632584,0.06849277796891118,4096,0,0,1.0,0.0,0.0,0,0.0,0.06849277796891118,0.0
MF,c3,448,0.28,5.623006405951811e-09,0.2196392660785676,0.0686992461794067,4096,0,0,1.0,0.0,0.0,0,0.0,0.0686992461794067,0.0
MF,c3,449,0.280625,5.863656522260911e-09,0.21990350923474242,0.06890570451061512,4096,0,0,1.0,0.0,0.0,0,0.0,0.06890570451061512,0.0
MF,c3,450,0.28125,6.116967421019105e-09,0.2201670851943073,0.06911215114366417,4096,0,0,1.0,0.0,0.0,0,0.0,0.06911215114366417,0.0
MF,c3,451,0.281875,6.383666857505078e-09,0.22043000211763256,0.06931858426173232,4096,0,0,1.0,0.0,0.0,0,0.0,0.06931858426173232,0.0
MF,c3,452,0.28250000000000003,6.664523268370799e-09,0.22069226806316966,0.06952500205009782,4096,0,0,1.0,0.0,0.0,0,0.0,0.06952500205009782,0.0
MF,c3,453,0.283125,6.960347864154748e-09,0.22095389098773197,0.06973140269618844,4096,0,0,1.0,0.0,0.0,0,0.0,0.06973140269618844,0.0
MF,c3,454,0.28375,7.2719968183205405e-09,0.22121487874681992,0.06993778438963108,4096,0,0,1.0,0.0,0.0,0,0.0,0.06993778438963108,0.0
MF,c3,455,0.284375,7.600373556710284e-09,0.22147523909498973,0.07014414532230215,4096,0,0,1.0,0.0,0.0,0,0.0,0.07014414532230215,0.0
MF,c3,456,0.28500000000000003,7.946431151432149e-09,0.22173497968626346,0.0703504836883778,4096,0,0,1.0,0.0,0.0,0,0.0,0.0703504836883778,0.0
MF,c3,457,0.285625,8.311174823334785e-09,0.22199410807457873,0.070556797684385,4096,0,0,1.0,0.0,0.0,0,0.0,0.070556797684385,0.0
MF,c3,458,0.28625,8.695664557357648e-09,0.2222526317142782,0.07076308550925231,4096,0,0,1.0,0.0,0.0,0,0.0,0.07076308550925231,0.0
MF,c3,459,0.286875,9.101017835185906e-09,0.22251055796063615,0.07096934536436156,4096,0,0,1.0,0.0,0.0,0,0.0,0.07096934536436156,0.0
MF,c3,460,0.28750000000000003,9.514572428378964e-09,0.22276965301079782,0.07117557545359937,4096,0,0,1.0,0.0,0.0,0,0.0,0.07117557545359937,0.0
MF,c3,461,0.288125,9.830090020483933e-09,0.22303422804941994,0.07138177398340922,4096,0,0,1.0,0.0,0.0,0,0.0,0.07138177398340922,0.0
MF,c3,462,0.28875,1.0159479001786519e-08,0.22329788754499427,0.07158793916284366,4096,0,0,1.0,0.0,0.0,0,0.0,0.07158793916284366,0.0
MF,c3,463,0.289375,1.0503490179708886e-08,0.22356064705989567,0.071794069203617,4096,0,0,1.0,0.0,0.0,0,0.0,0.071794069203617,0.0
MF,c3,464,0.29,1.0862915669501456e-08,0.2238225219627094,0.07200016232015799,4096,0,0,1.0,0.0,0.0,0,0.0,0.07200016232015799,0.0
MF,c3,465,0.290625,1.1238590989469749e-08,0.2240835274278659,0.07220621672966318,4096,0,0,1.0,0.0,0.0,0,0.0,0.07220621672966318,0.0
MF,c3,466,0.29125,1.163139725109443e-08,0.2243436784353697,0.0724122306521501,4096,0,0,1.0,0.0,0.0,0,0.0,0.0724122306521501,0.0
MF,c3,467,0.291875,1.2042263447792523e-08,0.2246029897706365,0.07261820231051105,4096,0,0,1.0,0.0,0.0,0,0.0,0.07261820231051105,0.0
MF,c3,468,0.2925,1.2472168846204696e-08,0.2248614760243518,0.07282412993056703,4096,0,0,1.0,0.0,0.0,0,0.0,0.07282412993056703,0.0
MF,c3,469,0.293125,1.2922145483986167e-08,0.2251191515925169,0.07303001174112185,4096,0,0,1.0,0.0,0.0,0,0.0,0.07303001174112185,0.0
MF,c3,470,0.29375,1.339328077825234e-08,0.22537603067651177,0.0732358459740167,4096,0,0,1.0,0.0,0.0,0,0.0,0.0732358459740167,0.0
MF,c3,471,0.294375,1.3886720248929592e-08,0.22563212728325774,0.07344163086418466,4096,0,0,1.0,0.0,0.0,0,0.0,0.07344163086418466,0.0
MF,c3,472,0.295,1.4403670361409975e-08,0.22588745522545917,0.07364736464970584,4096,0,0,1.0,0.0,0.0,0,0.0,0.07364736464970584,0.0
MF,c3,473,0.295625,1.4945401493044675e-08,0.2261420281219238,0.07385304557186237,4096,0,0,1.0,0.0,0.0,0,0.0,0.07385304557186237,0.0
MF,c3,474,0.29625,1.55132510281525e-08,0.22639585939795762,0.07405867187519381,4096,0,0,1.0,0.0,0.0,0,0.0,0.07405867187519381,0.0
MF,c3,475,0.296875,1.6108626586364066e-08,0.2266489622858342,0.07426424180755287,4096,0,0,1.0,0.0,0.0,0,0.0,0.07426424180755287,0.0
MF,c3,476,0.2975,1.6733009389269884e-08,0.2269013498253344,0.07446975362016109,4096,0,0,1.0,0.0,0.0,0,0.0,0.07446975362016109,0.0
MF,c3,477,0.29812500000000003,1.7387957770491116e-08,0.2271530348643559,0.07467520556766499,4096,0,0,1.0,0.0,0.0,0,0.0,0.07467520556766499,0.0
MF,c3,478,0.29875,1.8075110834445525e-08,0.22740403005958923,0.07488059590819221,4096,0,0,1.0,0.0,0.0,0,0.0,0.07488059590819221,0.0
MF,c3,479,0.299375,1.8796192269237955e-08,0.22765434787725958,0.07508592290340799,4096,0,0,1.0,0.0,0.0,0,0.0,0.07508592290340799,0.0
MF,c3,480,0.3,1.9553014319264483e-08,0.22790400059393032,0.07529118481857179,4096,0,0,1.0,0.0,0.0,0,0.0,0.07529118481857179,0.0
MF,c3,481,0.30062500000000003,2.034748192328249e-08,0.22815300029736862,0.07549637992259405,4096,0,0,1.0,0.0,0.0,0,0.0,0.07549637992259405,0.0
MF,c3,482,0.30125,2.1181597023864936e-08,0.22840135888746954,0.07570150648809314,4096,0,0,1.0,0.0,0.0,0,0.0,0.07570150648809314,0.0
MF,c3,483,0.301875,2.205746305432391e-08,0.2286490880772525,0.07590656279145262,4096,0,0,1.0,0.0,0.0,0,0.0,0.07590656279145262,0.0
MF,c3,484,0.3025,2.2977289609374978e-08,0.2288961993938499,0.07611154711287836,4096,0,0,1.0,0.0,0.0,0,0.0,0.07611154711287836,0.0
MF,c3,485,0.30312500000000003,2.394339730595389e-08,0.2291427041796438,0.07631645773645612,4096,0,0,1.0,0.0,0.0,0,0.0,0.07631645773645612,0.0
MF,c3,486,0.30375,2.4958222840822094e-08,0.22938861359338997,0.07652129295020903,4096,0,0,1.0,0.0,0.0,0,0.0,0.07652129295020903,0.0
MF,c3,487,0.304375,2.5703882288980095e-08,0.2296339386114074,0.07672605104615537,4096,0,0,1.0,0.0,0.0,0,0.0,0.07672605104615537,0.0
MF,c3,488,0.305,2.6477465565805438e-08,0.22987869002881525,0.07693073032036646,4096,0,0,1.0,0.0,0.0,0,0.0,0.07693073032036646,0.0
MF,c3,489,0.305625,2.7283075667788213e-08,0.23012287846081497,0.07713532907302445,4096,0,0,1.0,0.0,0.0,0,0.0,0.07713532907302445,0.0
MF,c3,490,0.30625,2.81223519466136e-08,0.23036651434401656,0.0773398456084806,4096,0,0,1.0,0.0,0.0,0,0.0,0.0773398456084806,0.0
MF,c3,491,0.306875,2.8997017504068798e-08,0.23060960793780658,0.07754427823531337,4096,0,0,1.0,0.0,0.0,0,0.0,0.07754427823531337,0.0
MF,c3,492,0.3075,2.9908883079284116e-08,0.23085216932575675,0.07774862526638665,4096,0,0,1.0,0.0,0.0,0,0.0,0.07774862526638665,0.0
MF,c3,493,0.308125,3.085985109528159e-08,0.2310942084170703,0.07795288501890818,4096,0,0,1.0,0.0,0.0,0,0.0,0.07795288501890818,0.0
MF,c3,494,0.30875,3.185191987044012e-08,0.2313357349480663,0.07815705581448792,4096,0,0,1.0,0.0,0.0,0,0.0,0.07815705581448792,0.0
MF,c3,495,0.309375,3.288718800064468e-08,0.23157675848369763,0.07836113597919661,4096,0,0,1.0,0.0,0.0,0,0.0,0.07836113597919661,0.0
MF,c3,496,0.31,3.39678589180488e-08,0.23181728841910365,0.0785651238436243,4096,0,0,1.0,0.0,0.0,0,0.0,0.0785651238436243,0.0
MF,c3,497,0.310625,3.509624563254353e-08,0.23205733398119407,0.07876901774293886,4096,0,0,1.0,0.0,0.0,0,0.0,0.07876901774293886,0.0
MF,c3,498,0.31125,3.627477566218836e-08,0.23229690423027846,0.07897281601694484,4096,0,0,1.0,0.0,0.0,0,0.0,0.07897281601694484,0.0
MF,c3,499,0.311875,3.7505996159060496e-08,0.23253600806166358,0.07917651701014192,4096,0,0,1.0,0.0,0.0,0,0.0,0.07917651701014192,0.0
MF,c3,500,0.3125,3.8792579237074765e-08,0.23277465420736895,0.07938011907178377,4096,0,0,1.0,0.0,0.0,0,0.0,0.07938011907178377,0.0
MF,c3,501,0.313125,4.0137327508604e-08,0.23301285123780713,0.07958362055593662,4096,0,0,1.0,0.0,0.0,0,0.0,0.07958362055593662,0.0
MF,c3,502,0.31375000000000003,4.154317983683213e-08,0.23325060756350366,0.07978701982153809,4096,0,0,1.0,0.0,0.0,0,0.0,0.07978701982153809,0.0
MF,c3,503,0.314375,4.3013217310983576e-08,0.23348793143683927,0.0799903152324558,4096,0,0,1.0,0.0,0.0,0,0.0,0.0799903152324558,0.0
MF,c3,504,0.315,4.455066945175133e-08,0.23372483095381322,0.08019350515754613,4096,0,0,1.0,0.0,0.0,0,0.0,0.08019350515754613,0.0
MF,c3,505,0.315625,4.6158920654432357e-08,0.2339613140558266,0.08039658797071286,4096,0,0,1.0,0.0,0.0,0,0.0,0.08039658797071286,0.0
MF,c3,506,0.31625000000000003,4.784151687746842e-08,0.23419738853148384,0.08059956205096576,4096,0,0,1.0,0.0,0.0,0,0.0,0.08059956205096576,0.0
MF,c3,507,0.316875,4.960217258428131e-08,0.23443306201841133,0.08080242578247923,4096,0,0,1.0,0.0,0.0,0,0.0,0.08080242578247923,0.0
MF,c3,508,0.3175,5.144477794648636e-08,0.23466834200509182,0.08100517755465073,4096,0,0,1.0,0.0,0.0,0,0.0,0.08100517755465073,0.0
MF,c3,509,0.318125,5.337340631676385e-08,0.2349032358327123,0.08120781576215938,4096,0,0,1.0,0.0,0.0,0,0.0,0.08120781576215938,0.0
MF,c3,510,0.31875000000000003,5.5392321979867404e-08,0.23513775069702642,0.08141033880502417,4096,0,0,1.0,0.0,0.0,0,0.0,0.08141033880502417,0.0
MF,c3,511,0.319375,5.750598819044916e-08,0.23537189365022687,0.08161274508866245,4096,0,0,1.0,0.0,0.0,0,0.0,0.08161274508866245,0.0
MF,c3,512,0.32,5.960411944797421e-08,0.2356056716028443,0.08181503302394799,4096,0,0,1.0,0.0,0.0,0,0.0,0.08181503302394799,0.0
MF,c3,513,0.320625,6.120924626393755e-08,0.2358390913255968,0.08201720102726909,4096,0,0,1.0,0.0,0.0,0,0.0,0.08201720102726909,0.0
MF,c3,514,0.32125,6.28762537271388e-08,0.23607215945133453,0.08221924752058662,4096,0,0,1.0,0.0,0.0,0,0.0,0.08221924752058662,0.0
MF,c3,515,0.321875,6.460814774072724e-08,0.23630488247693368,0.08242117093149182,4096,0,0,1.0,0.0,0.0,0,0.0,0.08242117093149182,0.0
MF,c3,516,0.3225,6.640807826240424e-08,0.23653726676520984,0.08262296969326405,4096,0,0,1.0,0.0,0.0,0,0.0,0.08262296969326405,0.0
MF,c3,517,0.323125,6.827934549622734e-08,0.23676931854683708,0.08282464224492836,4096,0,0,1.0,0.0,0.0,0,0.0,0.08282464224492836,0.0
MF,c3,518,0.32375,7.022540631692104e-08,0.2370010439222701,0.0830261870313129,4096,0,0,1.0,0.0,0.0,0,0.0,0.0830261870313129,0.0
MF,c3,519,0.324375,7.224988093407913e-08,0.23723244886366865,0.08322760250310615,4096,0,0,1.0,0.0,0.0,0,0.0,0.08322760250310615,0.0
MF,c3,520,0.325,7.435655980382349e-08,0.23746353921682406,0.08342888711691401,4096,0,0,1.0,0.0,0.0,0,0.0,0.08342888711691401,0.0
MF,c3,521,0.325625,7.654941079566873e-08,0.23769432070308544,0.08363003933531671,4096,0,0,1.0,0.0,0.0,0,0.0,0.08363003933531671,0.0
MF,c3,522,0.32625,7.883258662252642e-08,0.23792479892128607,0.08383105762692541,4096,0,0,1.0,0.0,0.0,0,0.0,0.08383105762692541,0.0
MF,c3,523,0.326875,8.121043254197147e-08,0.2381636027253179,0.0840319404664388,4096,0,0,1.0,0.0,0.0,0,0.0,0.0840319404664388,0.0
MF,c3,524,0.3275,8.368749433708237e-08,0.2384171060068152,0.08423268633469921,4096,0,0,1.0,0.0,0.0,0,0.0,0.08423268633469921,0.0
MF,c3,525,0.328125,8.626852658535995e-08,0.23866992820565494,0.08443329371874882,4096,0,0,1.0,0.0,0.0,0,0.0,0.08443329371874882,0.0
MF,c3,526,0.32875,8.89585012244123e-08,0.23892207805071794,0.08463376111188525,4096,0,0,1.0,0.0,0.0,0,0.0,0.08463376111188525,0.0
MF,c3,527,0.32937500000000003,9.176261642334984e-08,0.23917356416652852,0.08483408701371727,4096,0,0,1.0,0.0,0.0,0,0.0,0.08483408701371727,0.0
MF,c3,528,0.33,9.468630576888444e-08,0.23942439507377913,0.08503426993021998,4096,0,0,1.0,0.0,0.0,0,0.0,0.08503426993021998,0.0
MF,c3,529,0.330625,9.773524777552286e-08,0.23967457918983526,0.0852343083737899,4096,0,0,1.0,0.0,0.0,0,0.0,0.0852343083737899,0.0
MF,c3,530,0.33125,1.0091537572929803e-07,0.23992412482927938,0.08543420086329956,4096,0,0,1.0,0.0,0.0,0,0.0,0.08543420086329956,0.0
MF,c3,531,0.33187500000000003,1.0423288787474555e-07,0.24017304020447927,0.08563394592415213,4096,0,0,1.0,0.0,0.0,0,0.0,0.08563394592415213,0.0
MF,c3,532,0.3325,1.076942579550256e-07,0.24042133342617988,0.08583354208833543,4096,0,0,1.0,0.0,0.0,0,0.0,0.08583354208833543,0.0
MF,c3,533,0.333125,1.1130624611529737e-07,0.24066901250411968,0.08603298789447576,4096,0,0,1.0,0.0,0.0,0,0.0,0.08603298789447576,0.0
MF,c3,534,0.33375,1.1507591017966032e-07,0.24091608534766712,0.08623228188789148,4096,0,0,1.0,0.0,0.0,0,0.0,0.08623228188789148,0.0
MF,c3,535,0.33437500000000003,1.1901061731218481e-07,0.24116255976647868,0.08643142262064613,4096,0,0,1.0,0.0,0.0,0,0.0,0.08643142262064613,0.0
MF,c3,536,0.335,1.2311805607276402e-07,0.24140844347117618,0.08663040865160128,4096,0,0,1.0,0.0,0.0,0,0.0,0.08663040865160128,0.0
MF,c3,537,0.335625,1.274062488787302e-07,0.24165374407404297,0.08682923854646898,4096,0,0,1.0,0.0,0.0,0,0.0,0.08682923854646898,0.0
MF,c3,538,0.33625,1.3106718502010615e-07,0.24190123985229897,0.08702791087786398,4096,0,0,1.0,0.0,0.0,0,0.0,0.08702791087786398,0.0
MF,c3,539,0.336875,1.342821164700581e-07,0.24214886235727628,0.08722642422535536,4096,0,0,1.0,0.0,0.0,0,0.0,0.08722642422535536,0.0
MF,c3,540,0.3375,1.376144047657463e-07,0.2423957661036809,0.08742477717551798,4096,0,0,1.0,0.0,0.0,0,0.0,0.08742477717551798,0.0
MF,c3,541,0.338125,1.4106947435731413e-07,0.24264196299106855,0.08762296832198344,4096,0,0,1.0,0.0,0.0,0,0.0,0.08762296832198344,0.0
MF,c3,542,0.33875,1.4465299273177957e-07,0.24288746474429884,0.08782099626549064,4096,0,0,1.0,0.0,0.0,0,0.0,0.08782099626549064,0.0
MF,c3,543,0.339375,1.4837088005042897e-07,0.24313228291459818,0.08801885961393596,4096,0,0,1.0,0.0,0.0,0,0.0,0.08801885961393596,0.0
MF,c3,544,0.34,1.5222931911633937e-07,0.24337642888066108,0.08821655698242305,4096,0,0,1.0,0.0,0.0,0,0.0,0.08821655698242305,0.0
MF,c3,545,0.340625,1.5623476568140515e-07,0.24361991384979,0.08841408699331205,4096,0,0,1.0,0.0,0.0,0,0.0,0.08841408699331205,0.0
MF,c3,546,0.34125,1.6039395910243837e-07,0.24386274885907053,0.08861144827626857,4096,0,0,1.0,0.0,0.0,0,0.0,0.08861144827626857,0.0
MF,c3,547,0.341875,1.647139333561072e-07,0.24410494477658026,0.08880863946831213,4096,0,0,1.0,0.0,0.0,0,0.0,0.08880863946831213,0.0
MF,c3,548,0.3425,1.6920202842267233e-07,0.2443465123026321,0.089005659213864,4096,0,0,1.0,0.0,0.0,0,0.0,0.089005659213864,0.0
MF,c3,549,0.343125,1.7386590204867876e-07,0.24458746197104722,0.08920250616479491,4096,0,0,1.0,0.0,0.0,0,0.0,0.08920250616479491,0.0
MF,c3,550,0.34375,1.787135418989576e-07,0.24482780415045877,0.08939917898047192,4096,0,0,1.0,0.0,0.0,0,0.0,0.08939917898047192,0.0
MF,c3,551,0.344375,1.8375327810849194e-07,0.2450675490456434,0.08959567632780505,4096,0,0,1.0,0.0,0.0,0,0.0,0.08959567632780505,0.0
MF,c3,552,0.34500000000000003,1.8899379624488409e-07,0.24530670669888957,0.08979199688129333,4096,0,0,1.0,0.0,0.0,0,0.0,0.08979199688129333,0.0
MF,c3,553,0.345625,1.9444415069246037e-07,0.24554528699135314,0.08998813932307034,4096,0,0,1.0,0.0,0.0,0,0.0,0.08998813932307034,0.0
MF,c3,554,0.34625,2.0011377846900088e-07,0.2457832996444943,0.09018410234294925,4096,0,0,1.0,0.0,0.0,0,0.0,0.09018410234294925,0.0
MF,c3,555,0.346875,2.0601251348661655e-07,0.24602075422149852,0.09037988463846741,4096,0,0,1.0,0.0,0.0,0,0.0,0.09037988463846741,0.0
MF,c3,556,0.34750000000000003,2.1215060126824682e-07,0.24625766012872877,0.09057548491493023,4096,0,0,1.0,0.0,0.0,0,0.0,0.09057548491493023,0.0
MF,c3,557,0.348125,2.185387141315506e-07,0.24649402661719813,0.09077090188545475,4096,0,0,1.0,0.0,0.0,0,0.0,0.09077090188545475,0.0
MF,c3,558,0.34875,2.251879668521504e-07,0.24672986278406062,0.09096613427101255,4096,0,0,1.0,0.0,0.0,0,0.0,0.09096613427101255,0.0
MF,c3,559,0.349375,2.321099328183884e-07,0.24696517757411915,0.09116118080047202,4096,0,0,1.0,0.0,0.0,0,0.0,0.09116118080047202,0.0
MF,c3,560,0.35000000000000003,2.393166606899541e-07,0.2471999797813505,0.09135604021064028,4096,0,0,1.0,0.0,0.0,0,0.0,0.09135604021064028,0.0
MF,c3,561,0.350625,2.468206915729432e-07,0.24743427805044457,0.0915507112463044,4096,0,0,1.0,0.0,0.0,0,0.0,0.0915507112463044,0.0
MF,c3,562,0.35125,2.546350767241061e-07,0.24766808087835757,0.09174519266027195,4096,0,0,1.0,0.0,0.0,0,0.0,0.09174519266027195,0.0
MF,c3,563,0.351875,2.6225323004909787e-07,0.24790139661587754,0.09193948321341128,4096,0,0,1.0,0.0,0.0,0,0.0,0.09193948321341128,0.0
MF,c3,564,0.3525,2.68079810573602e-07,0.24813423346920147,0.09213358167469078,4096,0,0,1.0,0.0,0.0,0,0.0,0.09213358167469078,0.0
MF,c3,565,0.353125,2.741070474976122e-07,0.24836659950152248,0.092327486821218,4096,0,0,1.0,0.0,0.0,0,0.0,0.092327486821218,0.0
MF,c3,566,0.35375,2.803437978788056e-07,0.2485985026346344,0.09252119743827775,4096,0,0,1.0,0.0,0.0,0,0.0,0.09252119743827775,0.0
MF,c3,567,0.354375,2.867992920303391e-07,0.2488299506505106,0.09271471231936984,4096,0,0,1.0,0.0,0.0,0,0.0,0.09271471231936984,0.0
MF,c3,568,0.355,2.9348314726639873e-07,0.24906095119294058,0.09290803026624624,4096,0,0,1.0,0.0,0.0,0,0.0,0.09290803026624624,0.0
MF,c3,569,0.355625,3.0040538208025024e-07,0.2492915117691386,0.09310115008894729,4096,0,0,1.0,0.0,0.0,0,0.0,0.09310115008894729,0.0
MF,c3,570,0.35625,3.075764307656462e-07,0.24952163975136488,0.0932940706058377,4096,0,0,1.0,0.0,0.0,0,0.0,0.0932940706058377,0.0
MF,c3,571,0.356875,3.150071584928472e-07,0.24975134237855137,0.09348679064364157,4096,0,0,1.0,0.0,0.0,0,0.0,0.09348679064364157,0.0
MF,c3,572,0.3575,3.2270887685066403e-07,0.24998062675792992,0.09367930903747701,4096,0,0,1.0,0.0,0.0,0,0.0,0.09367930903747701,0.0
MF,c3,573,0.358125,3.306933598661218e-07,0.25020949986666247,0.09387162463088991,4096,0,0,1.0,0.0,0.0,0,0.0,0.09387162463088991,0.0
MF,c3,574,0.35875,3.389728605135315e-07,0.25043796855347167,0.09406373627588721,4096,0,0,1.0,0.0,0.0,0,0.0,0.09406373627588721,0.0
MF,c3,575,0.359375,3.4756012772494247e-07,0.25066603954027195,0.09425564283296936,4096,0,0,1.0,0.0,0.0,0,0.0,0.09425564283296936,0.0
MF,c3,576,0.36,3.564684239141414e-07,0.2508937194237993,0.09444734317116234,4096,0,0,1.0,0.0,0.0,0,0.0,0.09444734317116234,0.0
MF,c3,577,0.36062500000000003,3.6571154302654167e-07,0.2511210146772392,0.09463883616804866,4096,0,0,1.0,0.0,0.0,0,0.0,0.09463883616804866,0.0
MF,c3,578,0.36125,3.753038291274999e-07,0.25134793165185165,0.09483012070979802,4096,0,0,1.0,0.0,0.0,0,0.0,0.09483012070979802,0.0
MF,c3,579,0.361875,3.8526019554175297e-07,0.25157447657860094,0.09502119569119716,4096,0,0,1.0,0.0,0.0,0,0.0,0.09502119569119716,0.0
MF,c3,580,0.3625,3.955961445569951e-07,0.2518006555697497,0.09521206001567883,4096,0,0,1.0,0.0,0.0,0,0.0,0.09521206001567883,0.0
MF,c3,581,0.36312500000000003,4.063277877044365e-07,0.25202647462049393,0.09540271259535046,4096,0,0,1.0,0.0,0.0,0,0.0,0.09540271259535046,0.0
MF,c3,582,0.36375,4.1747186662984776e-07,0.2522519396105614,0.09559315235102175,4096,0,0,1.0,0.0,0.0,0,0.0,0.09559315235102175,0.0
MF,c3,583,0.364375,4.290457745684088e-07,0.252477056305811,0.09578337821223172,4096,0,0,1.0,0.0,0.0,0,0.0,0.09578337821223172,0.0
MF,c3,584,0.365,4.410675784369985e-07,0.2527018303598246,0.09597338911727518,4096,0,0,1.0,0.0,0.0,0,0.0,0.09597338911727518,0.0
MF,c3,585,0.36562500000000003,4.535560415577157e-07,0.2529262673154905,0.09616318401322824,4096,0,0,1.0,0.0,0.0,0,0.0,0.09616318401322824,0.0
MF,c3,586,0.36625,4.6653064702658905e-07,0.25315037260657863,0.09635276185597316,4096,0,0,1.0,0.0,0.0,0,0.0,0.09635276185597316,0.0
MF,c3,587,0.366875,4.800116217416033e-07,0.2533741515593048,0.09654212161022274,4096,0,0,1.0,0.0,0.0,0,0.0,0.09654212161022274,0.0
MF,c3,588,0.3675,4.940199611043333e-07,0.2535976093938866,0.09673126224954359,4096,0,0,1.0,0.0,0.0,0,0.0,0.09673126224954359,0.0
MF,c3,589,0.368125,5.0412691019297e-07,0.25382075122608616,0.09692018275637891,4096,0,0,1.0,0.0,0.0,0,0.0,0.09692018275637891,0.0
MF,c3,590,0.36875,5.144480943610882e-07,0.2540435820687435,0.09710888212207058,4096,0,0,1.0,0.0,0.0,0,0.0,0.09710888212207058,0.0
MF,c3,591,0.369375,5.251094264788275e-07,0.2542661068332961,0.09729735934688036,4096,0,0,1.0,0.0,0.0,0,0.0,0.09729735934688036,0.0
MF,c3,592,0.37,5.361252422457723e-07,0.25448833033128637,0.09748561344001036,4096,0,0,1.0,0.0,0.0,0,0.0,0.09748561344001036,0.0
MF,c3,593,0.370625,5.475104433186228e-07,0.25471025727585694,0.09767364341962301,4096,0,0,1.0,0.0,0.0,0,0.0,0.09767364341962301,0.0
MF,c3,594,0.37125,5.592805165930147e-07,0.25493189228323637,0.09786144831285988,4096,0,0,1.0,0.0,0.0,0,0.0,0.09786144831285988,0.0
MF,c3,595,0.371875,5.714515540395569e-07,0.2551532398741854,0.09804902715586024,4096,0,0,1.0,0.0,0.0,0,0.0,0.09804902715586024,0.0
MF,c3,596,0.3725,5.84040273106104e-07,0.2553743044754683,0.09823637899377838,4096,0,0,1.0,0.0,0.0,0,0.0,0.09823637899377838,0.0
MF,c3,597,0.373125,5.970640376994844e-07,0.2555950904212815,0.09842350288080058,4096,0,0,1.0,0.0,0.0,0,0.0,0.09842350288080058,0.0
MF,c3,598,0.37375,6.105408797593012e-07,0.2558156019546736,0.09861039788016111,4096,0,0,1.0,0.0,0.0,0,0.0,0.09861039788016111,0.0
MF,c3,599,0.374375,6.244895214368818e-07,0.25603584322894873,0.09879706306415753,4096,0,0,1.0,0.0,0.0,0,0.0,0.09879706306415753,0.0
MF,c3,600,0.375,6.389293978925734e-07,0.2562558183090525,0.09898349751416524,4096,0,0,1.0,0.0,0.0,0,0.0,0.09898349751416524,0.0
MF,c3,601,0.375625,6.538806807247371e-07,0.2564755311729416,0.09916970032065131,4096,0,0,1.0,0.0,0.0,0,0.0,0.09916970032065131,0.0
MF,c3,602,0.37625000000000003,6.693643020439486e-07,0.2566949857129362,0.09935567058318748,4096,0,0,1.0,0.0,0.0,0,0.0,0.09935567058318748,0.0
MF,c3,603,0.376875,6.854019792060689e-07,0.2569141857370527,0.09954140741046244,4096,0,0,1.0,0.0,0.0,0,0.0,0.09954140741046244,0.0
MF,c3,604,0.3775,7.020162402179933e-07,0.25713313497031876,0.0997269099202934,4096,0,0,1.0,0.0,0.0,0,0.0,0.0997269099202934,0.0
MF,c3,605,0.378125,7.192304498300427e-07,0.2573518370560703,0.09991217723963677,4096,0,0,1.0,0.0,0.0,0,0.0,0.09991217723963677,0.0
MF,c3,606,0.37875000000000003,7.370688363290956e-07,0.2575702955572285,0.10009720850459825,4096,0,0,1.0,0.0,0.0,0,0.0,0.10009720850459825,0.0
MF,c3,607,0.379375,7.555565190467089e-07,0.25778851395755703,0.10028200286044199,4096,0,0,1.0,0.0,0.0,0,0.0,0.10028200286044199,0.0
MF,c3,608,0.38,7.747195365966014e-07,0.2580064956629003,0.10046655946159916,4096,0,0,1.0,0.0,0.0,0,0.0,0.10046655946159916,0.0
MF,c3,609,0.380625,7.945848758560148e-07,0.2582242440024019,0.10065087747167559,4096,0,0,1.0,0.0,0.0,0,0.0,0.10065087747167559,0.0
MF,c3,610,0.38125000000000003,8.151805017055781e-07,0.2584417622297063,0.10083495606345874,4096,0,0,1.0,0.0,0.0,0,0.0,0.10083495606345874,0.0
MF,c3,611,0.381875,8.365353875425047e-07,0.2586712318283965,0.10101879441892396,4096,0,0,1.0,0.0,0.0,0,0.0,0.10101879441892396,0.0
MF,c3,612,0.3825,8.586795465818581e-07,0.25890163385946297,0.1012023917292399,4096,0,0,1.0,0.0,0.0,0,0.0,0.1012023917292399,0.0
MF,c3,613,0.383125,8.816440639610361e-07,0.2591315520028045,0.10138574719477313,4096,0,0,1.0,0.0,0.0,0,0.0,0.10138574719477313,0.0
MF,c3,614,0.38375000000000004,8.989876457357587e-07,0.25936099242444116,0.10156886002509216,4096,0,0,1.0,0.0,0.0,0,0.0,0.10156886002509216,0.0
MF,c3,615,0.384375,9.158240142638527e-07,0.25958996119429206,0.1017517294389706,4096,0,0,1.0,0.0,0.0,0,0.0,0.1017517294389706,0.0
MF,c3,616,0.385,9.331885649521974e-07,0.2598184642870082,0.10193435466438949,4096,0,0,1.0,0.0,0.0,0,0.0,0.10193435466438949,0.0
MF,c3,617,0.385625,9.511026316410761e-07,0.26004650758280207,0.10211673493853901,4096,0,0,1.0,0.0,0.0,0,0.0,0.10211673493853901,0.0
MF,c3,618,0.38625,9.695883421802527e-07,0.2602740968682722,0.10229886950781943,4096,0,0,1.0,0.0,0.0,0,0.0,0.10229886950781943,0.0
MF,c3,619,0.386875,9.886686436180728e-07,0.2605012378372205,0.1024807576278412,4096,0,0,1.0,0.0,0.0,0,0.0,0.1024807576278412,0.0
MF,c3,620,0.3875,1.0083673280557039e-06,0.2607279360914656,0.10266239856342438,4096,0,0,1.0,0.0,0.0,0,0.0,0.10266239856342438,0.0
MF,c3,621,0.388125,1.02870905917989e-06,0.2609541971416468,0.10284379158859733,4096,0,0,1.0,0.0,0.0,0,0.0,0.10284379158859733,0.0
MF,c3,622,0.38875,1.0497193994877356e-06,0.2611800264080233,0.10302493598659457,4096,0,0,1.0,0.0,0.0,0,0.0,0.10302493598659457,0.0
MF,c3,623,0.389375,1.0714248382171432e-06,0.2614054292212632,0.10320583104985401,4096,0,0,1.0,0.0,0.0,0,0.0,0.10320583104985401,0.0
MF,c3,624,0.39,1.093852819996684e-06,0.26163041082322724,0.10338647608001333,4096,0,0,1.0,0.0,0.0,0,0.0,0.10338647608001333,0.0
MF,c3,625,0.390625,1.1170317742287613e-06,0.26185497636774097,0.10356687038790571,4096,0,0,1.0,0.0,0.0,0,0.0,0.10356687038790571,0.0
MF,c3,626,0.39125,1.1409911452200642e-06,0.2620791309213604,0.10374701329355479,4096,0,0,1.0,0.0,0.0,0,0.0,0.10374701329355479,0.0
MF,c3,627,0.39187500000000003,1.1657614230734226e-06,0.26230287946412634,0.10392690412616895,4096,0,0,1.0,0.0,0.0,0,0.0,0.10392690412616895,0.0
MF,c3,628,0.3925,1.1913741753552579e-06,0.26252622689031024,0.10410654222413471,4096,0,0,1.0,0.0,0.0,0,0.0,0.10410654222413471,0.0
MF,c3,629,0.393125,1.217862079552953e-06,0.26274917800914904,0.10428592693500957,4096,0,0,1.0,0.0,0.0,0,0.0,0.10428592693500957,0.0
MF,c3,630,0.39375,1.245258956336503e-06,0.2629717375455727,0.10446505761551407,4096,0,0,1.0,0.0,0.0,0,0.0,0.10446505761551407,0.0
MF,c3,631,0.39437500000000003,1.2735998036391137e-06,0.2631939101409104,0.10464393363152318,4096,0,0,1.0,0.0,0.0,0,0.0,0.10464393363152318,0.0
MF,c3,632,0.395,1.3029208315709827e-06,0.26341570035360085,0.10482255435805676,4096,0,0,1.0,0.0,0.0,0,0.0,0.10482255435805676,0.0
MF,c3,633,0.395625,1.33325949818128e-06,0.26363711265988027,0.10500091917926974,4096,0,0,1.0,0.0,0.0,0,0.0,0.10500091917926974,0.0
MF,c3,634,0.39625,1.3646545460828742e-06,0.2638581514544627,0.10517902748844099,4096,0,0,1.0,0.0,0.0,0,0.0,0.10517902748844099,0.0
MF,c3,635,0.39687500000000003,1.3971460399546476e-06,0.2640788210512065,0.1053568786879622,4096,0,0,1.0,0.0,0.0,0,0.0,0.1053568786879622,0.0
MF,c3,636,0.3975,1.4307754049362482e-06,0.26429912568377056,0.1055344721893254,4096,0,0,1.0,0.0,0.0,0,0.0,0.1055344721893254,0.0
MF,c3,637,0.398125,1.4655854659302102e-06,0.26451906950625503,0.10571180741311023,4096,0,0,1.0,0.0,0.0,0,0.0,0.10571180741311023,0.0
MF,c3,638,0.39875,1.5016204878263847e-06,0.2647386565938326,0.10588888378897032,4096,0,0,1.0,0.0,0.0,0,0.0,0.10588888378897032,0.0
MF,c3,639,0.39937500000000004,1.5291737001191405e-06,0.2649578909433644,0.10606570075561904,4096,0,0,1.0,0.0,0.0,0,0.0,0.10606570075561904,0.0
MF,c3,640,0.4,1.5554759644743986e-06,0.26517677647400334,0.10624225776081453,4096,0,0,1.0,0.0,0.0,0,0.0,0.10624225776081453,0.0
MF,c3,641,0.400625,1.5825662013706894e-06,0.2653953170277845,0.10641855426134422,4096,0,0,1.0,0.0,0.0,0,0.0,0.10641855426134422,0.0
MF,c3,642,0.40125,1.6104749581346078e-06,0.2656135163702017,0.10659458972300839,4096,0,0,1.0,0.0,0.0,0,0.0,0.10659458972300839,0.0
MF,c3,643,0.401875,1.6392338552110095e-06,0.2658313781907698,0.1067703636206033,4096,0,0,1.0,0.0,0.0,0,0.0,0.1067703636206033,0.0
MF,c3,644,0.4025,1.6688756179013364e-06,0.26604890610357407,0.1069458754379036,4096,0,0,1.0,0.0,0.0,0,0.0,0.1069458754379036,0.0
MF,c3,645,0.403125,1.6994341088721028e-06,0.26626610364780434,0.10712112466764412,4096,0,0,1.0,0.0,0.0,0,0.0,0.10712112466764412,0.0
MF,c3,646,0.40375,1.7309443614471912e-06,0.2664831832931628,0.10729611081150081,4096,0,0,1.0,0.0,0.0,0,0.0,0.10729611081150081,0.0
MF,c3,647,0.404375,1.7634426136976985e-06,0.26670067857753915,0.10747083338007136,4096,0,0,1.0,0.0,0.0,0,0.0,0.10747083338007136,0.0
MF,c3,648,0.405,1.7969663433431435e-06,0.2669178272619067,0.10764529189285496,4096,0,0,1.0,0.0,0.0,0,0.0,0.10764529189285496,0.0
MF,c3,649,0.405625,1.8315543034779113e-06,0.2671346338587797,0.10781948587823147,4096,0,0,1.0,0.0,0.0,0,0.0,0.10781948587823147,0.0
MF,c3,650,0.40625,1.8672465591368838e-06,0.26735110278873353,0.10799341487344,4096,0,0,1.0,0.0,0.0,0,0.0,0.10799341487344,0.0
MF,c3,651,0.406875,1.9040845247142515e-06,0.2675672383815724,0.1081670784245568,4096,0,0,1.0,0.0,0.0,0,0.0,0.1081670784245568,0.0
MF,c3,652,0.40750000000000003,1.942111002249576e-06,0.2677830448774825,0.10834047608647278,4096,0,0,1.0,0.0,0.0,0,0.0,0.10834047608647278,0.0
MF,c3,653,0.408125,1.981370220595185e-06,0.26799852642816613,0.10851360742286992,4096,0,0,1.0,0.0,0.0,0,0.0,0.10851360742286992,0.0
MF,c3,654,0.40875,2.0219078754790445e-06,0.2682136870979606,0.10868647200619772,4096,0,0,1.0,0.0,0.0,0,0.0,0.10868647200619772,0.0
MF,c3,655,0.409375,2.063771170477281e-06,0.26842853086493906,0.10885906941764847,4096,0,0,1.0,0.0,0.0,0,0.0,0.10885906941764847,0.0
MF,c3,656,0.41000000000000003,2.1070088589105562e-06,0.268643061621994,0.10903139924713239,4096,0,0,1.0,0.0,0.0,0,0.0,0.10903139924713239,0.0
MF,c3,657,0.410625,2.151671286678491e-06,0.2688572831779039,0.10920346109325188,4096,0,0,1.0,0.0,0.0,0,0.0,0.10920346109325188,0.0
MF,c3,658,0.41125,2.197810436046398e-06,0.2690711992583791,0.10937525456327532,4096,0,0,1.0,0.0,0.0,0,0.0,0.10937525456327532,0.0
MF,c3,659,0.411875,2.245479970398476e-06,0.26928481350709377,0.10954677927311032,4096,0,0,1.0,0.0,0.0,0,0.0,0.10954677927311032,0.0
MF,c3,660,0.41250000000000003,2.2947352799717814e-06,0.26949812948669644,0.10971803484727638,4096,0,0,1.0,0.0,0.0,0,0.0,0.10971803484727638,0.0
MF,c3,661,0.413125,2.34563352858514e-06,0.2697111506798033,0.109889020918877,4096,0,0,1.0,0.0,0.0,0,0.0,0.109889020918877,0.0
MF,c3,662,0.41375,2.398233701377191e-06,0.26992388048997296,0.11005973712957115,4096,0,0,1.0,0.0,0.0,0,0.0,0.11005973712957115,0.0
MF,c3,663,0.414375,2.4525966535677167e-06,0.27013632224266176,0.11023018312954448,4096,0,0,1.0,0.0,0.0,0,0.0,0.11023018312954448,0.0
MF,c3,664,0.41500000000000004,2.493957120503829e-06,0.2703484791861615,0.1104003585774796,4096,0,0,1.0,0.0,0.0,0,0.0,0.1104003585774796,0.0
MF,c3,665,0.415625,2.5334918245718963e-06,0.2705603544925165,0.1105702631405262,4096,0,0,1.0,0.0,0.0,0,0.0,0.1105702631405262,0.0
MF,c3,666,0.41625,2.574160312286566e-06,0.27077195125842307,0.11073989649427043,4096,0,0,1.0,0.0,0.0,0,0.0,0.11073989649427043,0.0
MF,c3,667,0.416875,2.616004823555346e-06,0.2709832725061095,0.1109092583227038,4096,0,0,1.0,0.0,0.0,0,0.0,0.1109092583227038,0.0
MF,c3,668,0.4175,2.659069000633873e-06,0.2711943211841963,0.11107834831819167,4096,0,0,1.0,0.0,0.0,0,0.0,0.11107834831819167,0.0
MF,c3,669,0.418125,2.703397926836825e-06,0.27140510016853764,0.11124716618144119,4096,0,0,1.0,0.0,0.0,0,0.0,0.11124716618144119,0.0
MF,c3,670,0.41875,2.7490381661116106e-06,0.27161561226304404,0.11141571162146868,4096,0,0,1.0,0.0,0.0,0,0.0,0.11141571162146868,0.0
MF,c3,671,0.419375,2.796037803488168e-06,0.27182586020048344,0.11158398435556666,4096,0,0,1.0,0.0,0.0,0,0.0,0.11158398435556666,0.0
MF,c3,672,0.42,2.844446486418241e-06,0.27204174205148735,0.11175198410927034,4096,0,0,1.0,0.0,0.0,0,0.0,0.11175198410927034,0.0
MF,c3,673,0.420625,2.8943154670174534e-06,0.272261169031137,0.11191971061632354,4096,0,0,1.0,0.0,0.0,0,0.0,0.11191971061632354,0.0
MF,c3,674,0.42125,2.9456976452235907e-06,0.27248013015233974,0.11208716361864443,4096,0,0,1.0,0.0,0.0,0,0.0,0.11208716361864443,0.0
MF,c3,675,0.421875,2.9986476128844166e-06,0.2726986306009424,0.1122543428662905,4096,0,0,1.0,0.0,0.0,0,0.0,0.1122543428662905,0.0
MF,c3,676,0.4225,3.0532216987884225e-06,0.27291667546866244,0.11242124811742332,4096,0,0,1.0,0.0,0.0,0,0.0,0.11242124811742332,0.0
MF,c3,677,0.42312500000000003,3.109478014651814e-06,0.27313426975383215,0.11258787913827273,4096,0,0,1.0,0.0,0.0,0,0.0,0.11258787913827273,0.0
MF,c3,678,0.42375,3.167476502075101e-06,0.27335141836213545,0.11275423570310064,4096,0,0,1.0,0.0,0.0,0,0.0,0.11275423570310064,0.0
MF,c3,679,0.424375,3.227278980482539e-06,0.2735681261073339,0.11292031759416454,4096,0,0,1.0,0.0,0.0,0,0.0,0.11292031759416454,0.0
MF,c3,680,0.425,3.2889491960577165e-06,0.2737843977119853,0.11308612460168027,4096,0,0,1.0,0.0,0.0,0,0.0,0.11308612460168027,0.0
MF,c3,681,0.42562500000000003,3.3525528716884588e-06,0.2740002378081515,0.1132516565237848,4096,0,0,1.0,0.0,0.0,0,0.0,0.1132516565237848,0.0
MF,c3,682,0.42625,3.418157757934221e-06,0.274215650938096,0.1134169131664983,4096,0,0,1.0,0.0,0.0,0,0.0,0.1134169131664983,0.0
MF,c3,683,0.426875,3.48583368502906e-06,0.274430641554973,0.11358189434368596,4096,0,0,1.0,0.0,0.0,0,0.0,0.11358189434368596,0.0
MF,c3,684,0.4275,3.5556526159331697e-06,0.2746452140235054,0.11374659987701935,4096,0,0,1.0,0.0,0.0,0,0.0,0.11374659987701935,0.0
MF,c3,685,0.42812500000000003,3.6276887004459566e-06,0.2748593726206526,0.1139110295959376,4096,0,0,1.0,0.0,0.0,0,0.0,0.1139110295959376,0.0
MF,c3,686,0.42875,3.702018330393444e-06,0.27507312153626756,0.11407518333760788,4096,0,0,1.0,0.0,0.0,0,0.0,0.11407518333760788,0.0
MF,c3,687,0.429375,3.778720195902788e-06,0.27528646487374464,0.11423906094688588,4096,0,0,1.0,0.0,0.0,0,0.0,0.11423906094688588,0.0
MF,c3,688,0.43,3.857875342776496e-06,0.275499406650655,0.11440266227627569,4096,0,0,1.0,0.0,0.0,0,0.0,0.11440266227627569,0.0
MF,c3,689,0.43062500000000004,3.917594407848752e-06,0.27571195079937194,0.11456598718588948,4096,0,0,1.0,0.0,0.0,0,0.0,0.11456598718588948,0.0
MF,c3,690,0.43125,3.9750009515887106e-06,0.275924101167686,0.11472903554340672,4096,0,0,1.0,0.0,0.0,0,0.0,0.11472903554340672,0.0
MF,c3,691,0.431875,4.033986199972202e-06,0.2761358615194076,0.1148918072240333,4096,0,0,1.0,0.0,0.0,0,0.0,0.1148918072240333,0.0
MF,c3,692,0.4325,4.09460674220403e-06,0.27634723553496066,0.11505430211046,4096,0,0,1.0,0.0,0.0,0,0.0,0.11505430211046,0.0
MF,c3,693,0.433125,4.156920945302137e-06,0.276558226811963,0.11521652009282099,4096,0,0,1.0,0.0,0.0,0,0.0,0.11521652009282099,0.0
MF,c3,694,0.43375,4.220988999949181e-06,0.27676883886579673,0.11537846106865181,4096,0,0,1.0,0.0,0.0,0,0.0,0.11537846106865181,0.0
MF,c3,695,0.434375,4.286872967281846e-06,0.2769790751301683,0.11554012494284707,4096,0,0,1.0,0.0,0.0,0,0.0,0.11554012494284707,0.0
MF,c3,696,0.435,4.354636826630265e-06,0.2771889389576547,0.11570151162761805,4096,0,0,1.0,0.0,0.0,0,0.0,0.11570151162761805,0.0
MF,c3,697,0.435625,4.424346524219912e-06,0.27739843362024164,0.11586262104244979,4096,0,0,1.0,0.0,0.0,0,0.0,0.11586262104244979,0.0
MF,c3,698,0.43625,4.496070022848289e-06,0.2776075623098484,0.11602345311405804,4096,0,0,1.0,0.0,0.0,0,0.0,0.11602345311405804,0.0
MF,c3,699,0.436875,4.569877352548619e-06,0.2778163281388417,0.11618400777634594,4096,0,0,1.0,0.0,0.0,0,0.0,0.11618400777634594,0.0
MF,c3,700,0.4375,4.6458406622527554e-06,0.27802473414053985,0.11634428497036045,4096,0,0,1.0,0.0,0.0,0,0.0,0.11634428497036045,0.0
MF,c3,701,0.438125,4.7240342724653885e-06,0.27823278326970385,0.11650428464424845,4096,0,0,1.0,0.0,0.0,0,0.0,0.11650428464424845,0.0
MF,c3,702,0.43875000000000003,4.804534728961576e-06,0.2784404784030185,0.11666400675321267,4096,0,0,1.0,0.0,0.0,0,0.0,0.11666400675321267,0.0
MF,c3,703,0.439375,4.8874208575194994e-06,0.27864782233956253,0.11682345125946747,4096,0,0,1.0,0.0,0.0,0,0.0,0.11682345125946747,0.0
MF,c3,704,0.44,4.972773819700309e-06,0.2788548178012672,0.11698261813219424,4096,0,0,1.0,0.0,0.0,0,0.0,0.11698261813219424,0.0
MF,c3,705,0.440625,5.060677169686702e-06,0.27906146743336435,0.1171415073474967,4096,0,0,1.0,0.0,0.0,0,0.0,0.1171415073474967,0.0
MF,c3,706,0.44125000000000003,5.151216912191889e-06,0.27926777380482337,0.11730011888835595,4096,0,0,1.0,0.0,0.0,0,0.0,0.11730011888835595,0.0
MF,c3,707,0.441875,5.244481561450334e-06,0.2794737394087781,0.11745845274458525,4096,0,0,1.0,0.0,0.0,0,0.0,0.11745845274458525,0.0
MF,c3,708,0.4425,5.340562201301653e-06,0.27967936666294235,0.1176165089127849,4096,0,0,1.0,0.0,0.0,0,0.0,0.1176165089127849,0.0
MF,c3,709,0.443125,5.439552546378773e-06,0.2798846579100147,0.11777428739629642,4096,0,0,1.0,0.0,0.0,0,0.0,0.11777428739629642,0.0
MF,c3,710,0.44375000000000003,5.541549004411398e-06,0.28008961541807453,0.11793178820515715,4096,0,0,1.0,0.0,0.0,0,0.0,0.11793178820515715,0.0
MF,c3,711,0.444375,5.64665073965559e-06,0.2802942413809658,0.11808901135605415,4096,0,0,1.0,0.0,0.0,0,0.0,0.11808901135605415,0.0
MF,c3,712,0.445,5.754959737460336e-06,0.28049853791866775,0.11824595687227839,4096,0,0,1.0,0.0,0.0,0,0.0,0.11824595687227839,0.0
MF,c3,713,0.445625,5.866580869980603e-06,0.28070250707767086,0.11840262478367838,4096,0,0,1.0,0.0,0.0,0,0.0,0.11840262478367838,0.0
MF,c3,714,0.44625000000000004,5.95090467286922e-06,0.2809061508313201,0.11855901512661401,4096,0,0,1.0,0.0,0.0,0,0.0,0.11855901512661401,0.0
MF,c3,715,0.446875,6.0317176490945706e-06,0.28110947108016404,0.11871512794391002,4096,0,0,1.0,0.0,0.0,0,0.0,0.11871512794391002,0.0
MF,c3,716,0.4475,6.1146641812546804e-06,0.28131246965228984,0.11887096328480942,4096,0,0,1.0,0.0,0.0,0,0.0,0.11887096328480942,0.0
MF,c3,717,0.448125,6.199817936482791e-06,0.2815233723200321,0.11902652120492677,4096,0,0,1.0,0.0,0.0,0,0.0,0.11902652120492677,0.0
MF,c3,718,0.44875,6.287254774860606e-06,0.2817361701718359,0.11918180176620133,4096,0,0,1.0,0.0,0.0,0,0.0,0.11918180176620133,0.0
MF,c3,719,0.449375,6.377052802310532e-06,0.2819484340710684,0.11933680503685024,4096,0,0,1.0,0.0,0.0,0,0.0,0.11933680503685024,0.0
MF,c3,720,0.45,6.469292424478939e-06,0.2821601695269196,0.11949153109132132,4096,0,0,1.0,0.0,0.0,0,0.0,0.11949153109132132,0.0
MF,c3,721,0.450625,6.564056401621444e-06,0.2823713819558632,0.11964598001024607,4096,0,0,1.0,0.0,0.0,0,0.0,0.11964598001024607,0.0
MF,c3,722,0.45125,6.661429904500983e-06,0.28258207668233026,0.11980015188039234,4096,0,0,1.0,0.0,0.0,0,0.0,0.11980015188039234,0.0
MF,c3,723,0.451875,6.761500571309434e-06,0.2827922589393766,0.11995404679461713,4096,0,0,1.0,0.0,0.0,0,0.0,0.11995404679461713,0.0
MF,c3,724,0.4525,6.864358565623355e-06,0.28300193386934314,0.12010766485181916,4096,0,0,1.0,0.0,0.0,0,0.0,0.12010766485181916,0.0
MF,c3,725,0.453125,6.97009663540432e-06,0.2832111065245087,0.12026100615689145,4096,0,0,1.0,0.0,0.0,0,0.0,0.12026100615689145,0.0
MF,c3,726,0.45375,7.078810173054119e-06,0.28341978186773614,0.12041407082067371,4096,0,0,1.0,0.0,0.0,0,0.0,0.12041407082067371,0.0
MF,c3,727,0.45437500000000003,7.190597276535011e-06,0.2836279647731099,0.12056685895990502,4096,0,0,1.0,0.0,0.0,0,0.0,0.12056685895990502,0.0
MF,c3,728,0.455,7.3055588115650055e-06,0.28383566002656735,0.120719370697176,4096,0,0,1.0,0.0,0.0,0,0.0,0.120719370697176,0.0
MF,c3,729,0.455625,7.423798474897997e-06,0.28404287232652065,0.1208716061608813,4096,0,0,1.0,0.0,0.0,0,0.0,0.1208716061608813,0.0
MF,c3,730,0.45625,7.545422858698384e-06,0.28424960628447293,0.12102356548517185,4096,0,0,1.0,0.0,0.0,0,0.0,0.12102356548517185,0.0
MF,c3,731,0.45687500000000003,7.670541516019596e-06,0.28445586642562437,0.12117524880990715,4096,0,0,1.0,0.0,0.0,0,0.0,0.12117524880990715,0.0
MF,c3,732,0.4575,7.799267027395805e-06,0.28466165718947184,0.12132665628060771,4096,0,0,1.0,0.0,0.0,0,0.0,0.12132665628060771,0.0
MF,c3,733,0.458125,7.931715068555826e-06,0.2848669829303999,0.12147778804840711,4096,0,0,1.0,0.0,0.0,0,0.0,0.12147778804840711,0.0
MF,c3,734,0.45875,8.068004479267974e-06,0.2850718479182639,0.12162864427000433,4096,0,0,1.0,0.0,0.0,0,0.0,0.12162864427000433,0.0
MF,c3,735,0.45937500000000003,8.208257333324536e-06,0.28527625633896386,0.12177922510761605,4096,0,0,1.0,0.0,0.0,0,0.0,0.12177922510761605,0.0
MF,c3,736,0.46,8.352599009674073e-06,0.2854802122950119,0.12192953072892884,4096,0,0,1.0,0.0,0.0,0,0.0,0.12192953072892884,0.0
MF,c3,737,0.460625,8.501158264709688e-06,0.28568371980609014,0.12207956130705153,4096,0,0,1.0,0.0,0.0,0,0.0,0.12207956130705153,0.0
MF,c3,738,0.46125,8.654067305721074e-06,0.2858867828096006,0.12222931702046733,4096,0,0,1.0,0.0,0.0,0,0.0,0.12222931702046733,0.0
MF,c3,739,0.46187500000000004,8.772252298103157e-06,0.28608940516120707,0.12237879805298635,4096,0,0,1.0,0.0,0.0,0,0.0,0.12237879805298635,0.0
MF,c3,740,0.4625,8.882887705758367e-06,0.2862915906353685,0.12252800459369773,4096,0,0,1.0,0.0,0.0,0,0.0,0.12252800459369773,0.0
MF,c3,741,0.463125,8.996329028793382e-06,0.2864933429258645,0.12267693683692224,4096,0,0,1.0,0.0,0.0,0,0.0,0.12267693683692224,0.0
MF,c3,742,0.46375,9.112669697656282e-06,0.28669466564631224,0.12282559498216444,4096,0,0,1.0,0.0,0.0,0,0.0,0.12282559498216444,0.0
MF,c3,743,0.464375,9.232005781847246e-06,0.28689556233067476,0.12297397923406538,4096,0,0,1.0,0.0,0.0,0,0.0,0.12297397923406538,0.0
MF,c3,744,0.465,9.3544360494935e-06,0.2870960364337622,0.12312208980235491,4096,0,0,1.0,0.0,0.0,0,0.0,0.12312208980235491,0.0
MF,c3,745,0.465625,9.480062027944791e-06,0.28729609133172407,0.12326992690180444,4096,0,0,1.0,0.0,0.0,0,0.0,0.12326992690180444,0.0
MF,c3,746,0.46625,9.608988065398465e-06,0.2874957303225334,0.12341749075217942,4096,0,0,1.0,0.0,0.0,0,0.0,0.12341749075217942,0.0
MF,c3,747,0.466875,9.741321393562915e-06,0.2876949566264635,0.12356478157819209,4096,0,0,1.0,0.0,0.0,0,0.0,0.12356478157819209,0.0
MF,c3,748,0.4675,9.877172191368274e-06,0.2878937733865565,0.1237117996094543,4096,0,0,1.0,0.0,0.0,0,0.0,0.1237117996094543,0.0
MF,c3,749,0.468125,1.0016653649732662e-05,0.288092183669083,0.12385854508043032,4096,0,0,1.0,0.0,0.0,0,0.0,0.12385854508043032,0.0
MF,c3,750,0.46875,1.015988203739247e-05,0.2882901904639965,0.12400501823038976,4096,0,0,1.0,0.0,0.0,0,0.0,0.12400501823038976,0.0
MF,c3,751,0.469375,1.0306976767804647e-05,0.28848779668537744,0.12415121930336057,4096,0,0,1.0,0.0,0.0,0,0.0,0.12415121930336057,0.0
MF,c3,752,0.47000000000000003,1.045806046712897e-05,0.2886850051718704,0.1242971485480823,4096,0,0,1.0,0.0,0.0,0,0.0,0.1242971485480823,0.0
MF,c3,753,0.470625,1.0613259043297871e-05,0.28888181868711493,0.12444280621795918,4096,0,0,1.0,0.0,0.0,0,0.0,0.12444280621795918,0.0
MF,c3,754,0.47125,1.0772701756181295e-05,0.28908217516764634,0.1245881925710135,4096,0,0,1.0,0.0,0.0,0,0.0,0.1245881925710135,0.0
MF,c3,755,0.471875,1.0936521288853729e-05,0.2892892302433917,0.12473330786983897,4096,0,0,1.0,0.0,0.0,0,0.0,0.12473330786983897,0.0
MF,c3,756,0.47250000000000003,1.1104853819970317e-05,0.2894956395382417,0.12487815238155439,4096,0,0,1.0,0.0,0.0,0,0.0,0.12487815238155439,0.0
MF,c3,757,0.473125,1.1277839097258678e-05,0.2897014097349921,0.1250227263777572,4096,0,0,1.0,0.0,0.0,0,0.0,0.1250227263777572,0.0
MF,c3,758,0.47375,1.1455620512133217e-05,0.28990654742771316,0.12516703013447733,4096,0,0,1.0,0.0,0.0,0,0.0,0.12516703013447733,0.0
MF,c3,759,0.474375,1.1638345175436181e-05,0.2901110591222597,0.12531106393213104,4096,0,0,1.0,0.0,0.0,0,0.0,0.12531106393213104,0.0
MF,c3,760,0.47500000000000003,1.1826163994314664e-05,0.2903149512367394,0.12545482805547506,4096,0,0,1.0,0.0,0.0,0,0.0,0.12545482805547506,0.0
MF,c3,761,0.475625,1.2019231750235741e-05,0.290518230102003,0.12559832279356067,4096,0,0,1.0,0.0,0.0,0,0.0,0.12559832279356067,0.0
MF,c3,762,0.47625,1.2217707178146444e-05,0.2907209019621252,0.1257415484396881,4096,0,0,1.0,0.0,0.0,0,0.0,0.1257415484396881,0.0
MF,c3,763,0.476875,1.2421753046783132e-05,0.2909229729748809,0.12588450529136086,4096,0,0,1.0,0.0,0.0,0,0.0,0.12588450529136086,0.0
MF,c3,764,0.47750000000000004,1.2588078242427144e-05,0.2911244492122174,0.12602719365024057,4096,0,0,1.0,0.0,0.0,0,0.0,0.12602719365024057,0.0
MF,c3,765,0.478125,1.2735786321801316e-05,0.2913253366607242,0.12616961382210146,4096,0,0,1.0,0.0,0.0,0,0.0,0.12616961382210146,0.0
MF,c3,766,0.47875,1.2887093779550742e-05,0.2915256412220961,0.12631176611678555,4096,0,0,1.0,0.0,0.0,0,0.0,0.12631176611678555,0.0
MF,c3,767,0.479375,1.3042116337875124e-05,0.291725368713594,0.12645365084815743,4096,0,0,1.0,0.0,0.0,0,0.0,0.12645365084815743,0.0
MF,c3,768,0.48,1.3200972824979065e-05,0.29192452486850023,0.12659526833405982,4096,0,0,1.0,0.0,0.0,0,0.0,0.12659526833405982,0.0
MF,c3,769,0.480625,1.3363785240743994e-05,0.29212311533657,0.12673661889626864,4096,0,0,1.0,0.0,0.0,0,0.0,0.12673661889626864,0.0
MF,c3,770,0.48125,1.353067882342567e-05,0.29232114568447704,0.12687770286044892,4096,0,0,1.0,0.0,0.0,0,0.0,0.12687770286044892,0.0
MF,c3,771,0.481875,1.3701782117384064e-05,0.2925186213962569,0.1270185205561103,4096,0,0,1.0,0.0,0.0,0,0.0,0.1270185205561103,0.0
MF,c3,772,0.4825,1.3877227041852317e-05,0.29271554787374193,0.1271590723165631,4096,0,0,1.0,0.0,0.0,0,0.0,0.1271590723165631,0.0
MF,c3,773,0.483125,1.4057148960751062e-05,0.2929119304369957,0.1272993584788743,4096,0,0,1.0,0.0,0.0,0,0.0,0.1272993584788743,0.0
MF,c3,774,0.48375,1.4241686753554279e-05,0.29310777432473906,0.12743937938382405,4096,0,0,1.0,0.0,0.0,0,0.0,0.12743937938382405,0.0
MF,c3,775,0.484375,1.443098288721258e-05,0.29330308469477245,0.12757913537586185,4096,0,0,1.0,0.0,0.0,0,0.0,0.12757913537586185,0.0
MF,c3,776,0.485,1.4625183489139477e-05,0.29349786662439453,0.12771862680306353,4096,0,0,1.0,0.0,0.0,0,0.0,0.12771862680306353,0.0
MF,c3,777,0.48562500000000003,1.482443842126599e-05,0.293692125110814,0.12785785401708788,4096,0,0,1.0,0.0,0.0,0,0.0,0.12785785401708788,0.0
MF,c3,778,0.48625,1.5028901355168688e-05,0.29388586507155684,0.12799681737313384,4096,0,0,1.0,0.0,0.0,0,0.0,0.12799681737313384,0.0
MF,c3,779,0.486875,1.523872984827623e-05,0.29407909134486365,0.1281355172298977,4096,0,0,1.0,0.0,0.0,0,0.0,0.1281355172298977,0.0
MF,c3,780,0.4875,1.5454085421157033e-05,0.2942718086901058,0.12827395394953056,4096,0,0,1.0,0.0,0.0,0,0.0,0.12827395394953056,0.0
MF,c3,781,0.48812500000000003,1.567513363589581e-05,0.29446402178815856,0.12841212789759615,4096,0,0,1.0,0.0,0.0,0,0.0,0.12841212789759615,0.0
MF,c3,782,0.48875,1.5902044175559404e-05,0.2946557352417959,0.1285500394430285,4096,0,0,1.0,0.0,0.0,0,0.0,0.1285500394430285,0.0
MF,c3,783,0.489375,1.6134990924756826e-05,0.2948469535760729,0.12868768895809005,4096,0,0,1.0,0.0,0.0,0,0.0,0.12868768895809005,0.0
MF,c3,784,0.49,1.6374152051296642e-05,0.2950376812387032,0.1288250768183301,4096,0,0,1.0,0.0,0.0,0,0.0,0.1288250768183301,0.0
MF,c3,785,0.49062500000000003,1.6619710088944257e-05,0.2952279226004325,0.12896220340254325,4096,0,0,1.0,0.0,0.0,0,0.0,0.12896220340254325,0.0
MF,c3,786,0.49125,1.6871852021281644e-05,0.29541768195540663,0.12909906909272803,4096,0,0,1.0,0.0,0.0,0,0.0,0.12909906909272803,0.0
MF,c3,787,0.491875,1.7130769366671483e-05,0.295606963521534,0.12923567427404603,4096,0,0,1.0,0.0,0.0,0,0.0,0.12923567427404603,0.0
MF,c3,788,0.4925,1.7396658264327528e-05,0.2957957714408451,0.12937201933478087,4096,0,0,1.0,0.0,0.0,0,0.0,0.12937201933478087,0.0
MF,c3,789,0.49312500000000004,1.7633191971150245e-05,0.2959841097798463,0.12950810466629786,4096,0,0,1.0,0.0,0.0,0,0.0,0.12950810466629786,0.0
MF,c3,790,0.49375,1.7825983273914672e-05,0.29617198252986776,0.12964393066300345,4096,0,0,1.0,0.0,0.0,0,0.0,0.12964393066300345,0.0
MF,c3,791,0.494375,1.8023287709245496e-05,0.29636600885874437,0.129779497722305,4096,0,0,1.0,0.0,0.0,0,0.0,0.129779497722305,0.0
MF,c3,792,0.495,1.8225245560420565e-05,0.2965620530794053,0.12991480624457108,4096,0,0,1.0,0.0,0.0,0,0.0,0.12991480624457108,0.0
MF,c3,793,0.49562500000000004,1.8432000693782873e-05,0.29675735261933806,0.13004985663309174,4096,0,0,1.0,0.0,0.0,0,0.0,0.13004985663309174,0.0
MF,c3,794,0.49625,1.8643700629740596e-05,0.2969519155173719,0.13018464929403892,4096,0,0,1.0,0.0,0.0,0,0.0,0.13018464929403892,0.0
MF,c3,795,0.496875,1.8860496614773222e-05,0.2971457497317238,0.13031918463642733,4096,0,0,1.0,0.0,0.0,0,0.0,0.13031918463642733,0.0
MF,c3,796,0.4975,1.9082543694450756e-05,0.2973388631401166,0.13045346307207561,4096,0,0,1.0,0.0,0.0,0,0.0,0.13045346307207561,0.0
MF,c3,797,0.498125,1.9310000787467788e-05,0.2975312635399258,0.13058748501556727,4096,0,0,1.0,0.0,0.0,0,0.0,0.13058748501556727,0.0
MF,c3,798,0.49875,1.9543030760697353e-05,0.29772295864832243,0.1307212508842125,4096,0,0,1.0,0.0,0.0,0,0.0,0.1307212508842125,0.0
MF,c3,799,0.499375,1.978180050526809e-05,0.2979139561024142,0.13085476109800984,4096,0,0,1.0,0.0,0.0,0,0.0,0.13085476109800984,0.0
MF,c3,800,0.5,2.0026481013667866e-05,0.2981042634593898,0.13098801607960803,4096,0,0,1.0,0.0,0.0,0,0.0,0.13098801607960803,0.0
MF,c3,801,0.500625,2.0277247457876892e-05,0.29829388819666,0.13112101625426845,4096,0,0,1.0,0.0,0.0,0,0.0,0.13112101625426845,0.0
MF,c3,802,0.50125,2.0534279268533002e-05,0.2984828377120038,0.13125376204982744,4096,0,0,1.0,0.0,0.0,0,0.0,0.13125376204982744,0.0
MF,c3,803,0.501875,2.0797760215131332e-05,0.2986711193237111,0.13138625389665914,4096,0,0,1.0,0.0,0.0,0,0.0,0.13138625389665914,0.0
MF,c3,804,0.5025000000000001,2.1067878487260574e-05,0.29885874027072734,0.13151849222763845,4096,0,0,1.0,0.0,0.0,0,0.0,0.13151849222763845,0.0
MF,c3,805,0.503125,2.1344826776877152e-05,0.29904570771279754,0.13165047747810416,4096,0,0,1.0,0.0,0.0,0,0.0,0.13165047747810416,0.0
MF,c3,806,0.50375,2.162880236161965e-05,0.2992320287306034,0.13178221008582253,4096,0,0,1.0,0.0,0.0,0,0.0,0.13178221008582253,0.0
MF,c3,807,0.504375,2.1920007189160688e-05,0.29941771032592934,0.13191369049095106,4096,0,0,1.0,0.0,0.0,0,0.0,0.13191369049095106,0.0
MF,c3,808,0.505,2.2218647962603647e-05,0.29960275942178455,0.13204491913600233,4096,0,0,1.0,0.0,0.0,0,0.0,0.13204491913600233,0.0
MF,c3,809,0.505625,2.2524936226917806e-05,0.29978718286255446,0.13217589646580835,4096,0,0,1.0,0.0,0.0,0,0.0,0.13217589646580835,0.0
MF,c3,810,0.50625,2.283908845641488e-05,0.29997098741414385,0.13230662292748513,4096,0,0,1.0,0.0,0.0,0,0.0,0.13230662292748513,0.0
MF,c3,811,0.506875,2.3161326143265658e-05,0.3001541797641205,0.1324370989703971,4096,0,0,1.0,0.0,0.0,0,0.0,0.1324370989703971,0.0
MF,c3,812,0.5075000000000001,2.3491875887055674e-05,0.3003367665218585,0.1325673250461225,4096,0,0,1.0,0.0,0.0,0,0.0,0.1325673250461225,0.0
MF,c3,813,0.508125,2.383096948537861e-05,0.3005187542186795,0.13269730160841847,4096,0,0,1.0,0.0,0.0,0,0.0,0.13269730160841847,0.0
MF,c3,814,0.50875,2.4171072383419557e-05,0.3007001493079962,0.1328270291131865,4096,0,0,1.0,0.0,0.0,0,0.0,0.1328270291131865,0.0
MF,c3,815,0.509375,2.4417626719286385e-05,0.30088095816544663,0.13295650801843825,4096,0,0,1.0,0.0,0.0,0,0.0,0.13295650801843825,0.0
MF,c3,816,0.51,2.4669722938787177e-05,0.3010611870890563,0.13308573878426175,4096,0,0,1.0,0.0,0.0,0,0.0,0.13308573878426175,0.0
MF,c3,817,0.510625,2.4927527813888553e-05,0.30124084229935844,0.13321472187278743,4096,0,0,1.0,0.0,0.0,0,0.0,0.13321472187278743,0.0
MF,c3,818,0.51125,2.519121217619543e-05,0.30141992993954064,0.13334345774815476,4096,0,0,1.0,0.0,0.0,0,0.0,0.13334345774815476,0.0
MF,c3,819,0.511875,2.5460950992378877e-05,0.3015984560755857,0.13347194687647917,4096,0,0,1.0,0.0,0.0,0,0.0,0.13347194687647917,0.0
MF,c3,820,0.5125,2.5736923440571428e-05,0.3017766576899281,0.13360018972581902,4096,0,0,1.0,0.0,0.0,0,0.0,0.13360018972581902,0.0
MF,c3,821,0.513125,2.6019312987731845e-05,0.3019629464077873,0.1337281867661429,4096,0,0,1.0,0.0,0.0,0,0.0,0.1337281867661429,0.0
MF,c3,822,0.51375,2.6308307467980915e-05,0.3021485147457313,0.13385593846929728,4096,0,0,1.0,0.0,0.0,0,0.0,0.13385593846929728,0.0
MF,c3,823,0.514375,2.6604099161909625e-05,0.3023333705572,0.13398344530897432,4096,0,0,1.0,0.0,0.0,0,0.0,0.13398344530897432,0.0
MF,c3,824,0.515,2.690688487686156e-05,0.30251752161222384,0.13411070776067996,4096,0,0,1.0,0.0,0.0,0,0.0,0.13411070776067996,0.0
MF,c3,825,0.515625,2.7216866028186597e-05,0.30270097559750003,0.1342377263017024,4096,0,0,1.0,0.0,0.0,0,0.0,0.1342377263017024,0.0
MF,c3,826,0.51625,2.7534248721473004e-05,0.30288374011642843,0.13436450141108047,4096,0,0,1.0,0.0,0.0,0,0.0,0.13436450141108047,0.0
MF,c3,827,0.516875,2.7859243835751292e-05,0.3030658226891835,0.13449103356957293,4096,0,0,1.0,0.0,0.0,0,0.0,0.13449103356957293,0.0
MF,c3,828,0.5175,2.819206710767281e-05,0.3032472307527828,0.1346173232596271,4096,0,0,1.0,0.0,0.0,0,0.0,0.1346173232596271,0.0
MF,c3,829,0.5181250000000001,2.853293921666149e-05,0.3034279716611615,0.13474337096534877,4096,0,0,1.0,0.0,0.0,0,0.0,0.13474337096534877,0.0
MF,c3,830,0.51875,2.888208587103772e-05,0.3036080526852507,0.1348691771724715,4096,0,0,1.0,0.0,0.0,0,0.0,0.1348691771724715,0.0
MF,c3,831,0.519375,2.9239737895113744e-05,0.3037874810130532,0.1349947423683266,4096,0,0,1.0,0.0,0.0,0,0.0,0.1349947423683266,0.0
MF,c3,832,0.52,2.960613131725395e-05,0.30396626374975433,0.1351200670418135,4096,0,0,1.0,0.0,0.0,0,0.0,0.1351200670418135,0.0
MF,c3,833,0.520625,2.9981507458907e-05,0.3041444079177918,0.13524515168337004,4096,0,0,1.0,0.0,0.0,0,0.0,0.13524515168337004,0.0
MF,c3,834,0.52125,3.036611302459787e-05,0.3043219204569588,0.13536999678494316,4096,0,0,1.0,0.0,0.0,0,0.0,0.13536999678494316,0.0
MF,c3,835,0.521875,3.076020019288128e-05,0.30449880822450565,0.1354946028399599,4096,0,0,1.0,0.0,0.0,0,0.0,0.1354946028399599,0.0
MF,c3,836,0.5225,3.116402670825184e-05,0.30467507799524374,0.13561897034329856,4096,0,0,1.0,0.0,0.0,0,0.0,0.13561897034329856,0.0
MF,c3,837,0.5231250000000001,3.157785597400709e-05,0.3048507364616551,0.13574309979126029,4096,0,0,1.0,0.0,0.0,0,0.0,0.13574309979126029,0.0
MF,c3,838,0.52375,3.200195714605998e-05,0.3050257902339967,0.1358669916815406,4096,0,0,1.0,0.0,0.0,0,0.0,0.1358669916815406,0.0
MF,c3,839,0.524375,3.2436605227689836e-05,0.3052002458404405,0.13599064651320159,4096,0,0,1.0,0.0,0.0,0,0.0,0.13599064651320159,0.0
MF,c3,840,0.525,3.280400113128304e-05,0.30537410972716983,0.13611406478664392,4096,0,0,1.0,0.0,0.0,0,0.0,0.13611406478664392,0.0
MF,c3,841,0.525625,3.3120246963169215e-05,0.30554738825851174,0.1362372470035796,4096,0,0,1.0,0.0,0.0,0,0.0,0.1362372470035796,0.0
MF,c3,842,0.52625,3.344336370602222e-05,0.30572008771706377,0.1363601936670044,4096,0,0,1.0,0.0,0.0,0,0.0,0.1363601936670044,0.0
MF,c3,843,0.526875,3.377355067445463e-05,0.30589221430382496,0.13648290528117102,4096,0,0,1.0,0.0,0.0,0,0.0,0.13648290528117102,0.0
MF,c3,844,0.5275,3.411101178790351e-05,0.30606377413832325,0.1366053823515625,4096,0,0,1.0,0.0,0.0,0,0.0,0.1366053823515625,0.0
MF,c3,845,0.528125,3.4455955650418664e-05,0.3062347732587756,0.13672762538486533,4096,0,0,1.0,0.0,0.0,0,0.0,0.13672762538486533,0.0
MF,c3,846,0.52875,3.4808595631364e-05,0.30640521762220685,0.13684963488894342,4096,0,0,1.0,0.0,0.0,0,0.0,0.13684963488894342,0.0
MF,c3,847,0.529375,3.5169149947024376e-05,0.30657511310460167,0.1369714113728122,4096,0,0,1.0,0.0,0.0,0,0.0,0.1369714113728122,0.0
MF,c3,848,0.53,3.553784174312032e-05,0.3067444655010525,0.1370929553466126,4096,0,0,1.0,0.0,0.0,0,0.0,0.1370929553466126,0.0
MF,c3,849,0.530625,3.5914899178228215e-05,0.3069132805259107,0.13721426732158581,4096,0,0,1.0,0.0,0.0,0,0.0,0.13721426732158581,0.0
MF,c3,850,0.53125,3.630055550810538e-05,0.307081563812934,0.13733534781004775,4096,0,0,1.0,0.0,0.0,0,0.0,0.13733534781004775,0.0
MF,c3,851,0.531875,3.66950491709126e-05,0.30724932091546653,0.13745619732536424,4096,0,0,1.0,0.0,0.0,0,0.0,0.13745619732536424,0.0
MF,c3,852,0.5325,3.709862387334149e-05,0.3074165573065765,0.13757681638192626,4096,0,0,1.0,0.0,0.0,0,0.0,0.13757681638192626,0.0
MF,c3,853,0.533125,3.7511528677633925e-05,0.30758327837922883,0.1376972054951252,4096,0,0,1.0,0.0,0.0,0,0.0,0.1376972054951252,0.0
MF,c3,854,0.5337500000000001,3.7934018089495e-05,0.30774948944645203,0.13781736518132884,4096,0,0,1.0,0.0,0.0,0,0.0,0.13781736518132884,0.0
MF,c3,855,0.534375,3.836635214689596e-05,0.30791519574150117,0.1379372959578571,4096,0,0,1.0,0.0,0.0,0,0.0,0.1379372959578571,0.0
MF,c3,856,0.535,3.880879650975701e-05,0.30808040241805396,0.1380569983429583,4096,0,0,1.0,0.0,0.0,0,0.0,0.1380569983429583,0.0
MF,c3,857,0.535625,3.926162255051705e-05,0.3082451145503653,0.13817647285578566,4096,0,0,1.0,0.0,0.0,0,0.0,0.13817647285578566,0.0
MF,c3,858,0.53625,3.9725107445573994e-05,0.3084093371334544,0.13829572001637397,4096,0,0,1.0,0.0,0.0,0,0.0,0.13829572001637397,0.0
MF,c3,859,0.536875,4.0199534267595496e-05,0.30857307508328885,0.13841474034561635,4096,0,0,1.0,0.0,0.0,0,0.0,0.13841474034561635,0.0
MF,c3,860,0.5375,4.068519207869497e-05,0.30873633323696226,0.13853353436524157,4096,0,0,1.0,0.0,0.0,0,0.0,0.13853353436524157,0.0
MF,c3,861,0.538125,4.1182376024459074e-05,0.30889911635290757,0.13865210259779137,4096,0,0,1.0,0.0,0.0,0,0.0,0.13865210259779137,0.0
MF,c3,862,0.5387500000000001,4.169138742883426e-05,0.3090614291110661,0.13877044556659804,4096,0,0,1.0,0.0,0.0,0,0.0,0.13877044556659804,0.0
MF,c3,863,0.539375,4.2212533889851106e-05,0.30922327611309247,0.1388885637957623,4096,0,0,1.0,0.0,0.0,0,0.0,0.1388885637957623,0.0
MF,c3,864,0.54,4.274612937618545e-05,0.3093906988641178,0.13900645781013138,4096,0,0,1.0,0.0,0.0,0,0.0,0.13900645781013138,0.0
MF,c3,865,0.540625,4.329249432454896e-05,0.3095580978117369,0.13912412813527736,4096,0,0,1.0,0.0,0.0,0,0.0,0.13912412813527736,0.0
MF,c3,866,0.54125,4.369881505906888e-05,0.30972490546032583,0.1392415752974756,4096,0,0,1.0,0.0,0.0,0,0.0,0.1392415752974756,0.0
MF,c3,867,0.541875,4.409716372936911e-05,0.3098911281609499,0.1393587998236837,4096,0,0,1.0,0.0,0.0,0,0.0,0.1393587998236837,0.0
MF,c3,868,0.5425,4.450386786114194e-05,0.31005677218161665,0.13947580224152017,4096,0,0,1.0,0.0,0.0,0,0.0,0.13947580224152017,0.0
MF,c3,869,0.543125,4.4919161385505486e-05,0.3102218437073877,0.13959258307924402,4096,0,0,1.0,0.0,0.0,0,0.0,0.13959258307924402,0.0
MF,c3,870,0.5437500000000001,4.534328337060453e-05,0.3103863488405281,0.13970914286573388,4096,0,0,1.0,0.0,0.0,0,0.0,0.13970914286573388,0.0
MF,c3,871,0.544375,4.5776478104619585e-05,0.3105502936006141,0.13982548213046794,4096,0,0,1.0,0.0,0.0,0,0.0,0.13982548213046794,0.0
MF,c3,872,0.545,4.621899517960318e-05,0.31071368392468046,0.13994160140350353,4096,0,0,1.0,0.0,0.0,0,0.0,0.13994160140350353,0.0
MF,c3,873,0.545625,4.667108957614568e-05,0.3108765256673575,0.1400575012154574,4096,0,0,1.0,0.0,0.0,0,0.0,0.1400575012154574,0.0
MF,c3,874,0.54625,4.713302174886004e-05,0.31103882460104654,0.14017318209748608,4096,0,0,1.0,0.0,0.0,0,0.0,0.14017318209748608,0.0
MF,c3,875,0.546875,4.760505771269317e-05,0.3112005864160537,0.14028864458126628,4096,0,0,1.0,0.0,0.0,0,0.0,0.14028864458126628,0.0
MF,c3,876,0.5475,4.8087469130047643e-05,0.3113618167207621,0.14040388919897562,4096,0,0,1.0,0.0,0.0,0,0.0,0.14040388919897562,0.0
MF,c3,877,0.548125,4.858053339871567e-05,0.31152252104179384,0.14051891648327375,4096,0,0,1.0,0.0,0.0,0,0.0,0.14051891648327375,0.0
MF,c3,878,0.54875,4.908453374061223e-05,0.31168270482421,0.14063372696728338,4096,0,0,1.0,0.0,0.0,0,0.0,0.14063372696728338,0.0
MF,c3,879,0.5493750000000001,4.959975929131513e-05,0.3118423734316689,0.14074832118457176,4096,0,0,1.0,0.0,0.0,0,0.0,0.14074832118457176,0.0
MF,c3,880,0.55,5.012650519039221e-05,0.3120015321466217,0.14086269966913212,4096,0,0,1.0,0.0,0.0,0,0.0,0.14086269966913212,0.0
MF,c3,881,0.550625,5.06650726725177e-05,0.3121601861704986,0.1409768629553656,4096,0,0,1.0,0.0,0.0,0,0.0,0.1409768629553656,0.0
MF,c3,882,0.55125,5.121576915936072e-05,0.31231834062393227,0.1410908115780632,4096,0,0,1.0,0.0,0.0,0,0.0,0.1410908115780632,0.0
MF,c3,883,0.551875,5.177890835225527e-05,0.3124760005469384,0.14120454607238797,4096,0,0,1.0,0.0,0.0,0,0.0,0.14120454607238797,0.0
MF,c3,884,0.5525,5.2354810325627305e-05,0.31263317089913556,0.14131806697385754,4096,0,0,1.0,0.0,0.0,0,0.0,0.14131806697385754,0.0
MF,c3,885,0.553125,5.294380162118063e-05,0.3127898565599532,0.14143137481832652,4096,0,0,1.0,0.0,0.0,0,0.0,0.14143137481832652,0.0
MF,c3,886,0.55375,5.3546215342822017e-05,0.3129460623288771,0.14154447014196947,4096,0,0,1.0,0.0,0.0,0,0.0,0.14154447014196947,0.0
MF,c3,887,0.5543750000000001,5.41623912523344e-05,0.31310179292565354,0.1416573534812638,4096,0,0,1.0,0.0,0.0,0,0.0,0.1416573534812638,0.0
MF,c3,888,0.555,5.4792675865772846e-05,0.3132570529905224,0.14177002537297306,4096,0,0,1.0,0.0,0.0,0,0.0,0.14177002537297306,0.0
MF,c3,889,0.555625,5.54374225505715e-05,0.3134118470844786,0.14188248635413037,4096,0,0,1.0,0.0,0.0,0,0.0,0.14188248635413037,0.0
MF,c3,890,0.55625,5.609699162336941e-05,0.31356617968949235,0.14199473696202178,4096,0,0,1.0,0.0,0.0,0,0.0,0.14199473696202178,0.0
MF,c3,891,0.556875,5.676127617622755e-05,0.31372005520876617,0.14210677773417035,4096,0,0,1.0,0.0,0.0,0,0.0,0.14210677773417035,0.0
MF,c3,892,0.5575,5.724515275183146e-05,0.3138734779669821,0.14221860920832,4096,0,0,1.0,0.0,0.0,0,0.0,0.14221860920832,0.0
MF,c3,893,0.558125,5.7738747592300804e-05,0.3140264522105829,0.14233023192241953,4096,0,0,1.0,0.0,0.0,0,0.0,0.14233023192241953,0.0
MF,c3,894,0.55875,5.8242325250173707e-05,0.3141789821080152,0.14244164641460724,4096,0,0,1.0,0.0,0.0,0,0.0,0.14244164641460724,0.0
MF,c3,895,0.5593750000000001,5.8756155839938676e-05,0.3143310717499998,0.14255285322319522,4096,0,0,1.0,0.0,0.0,0,0.0,0.14255285322319522,0.0
MF,c3,896,0.56,5.9280515122345206e-05,0.3144827251498285,0.1426638528866542,4096,0,0,1.0,0.0,0.0,0,0.0,0.1426638528866542,0.0
MF,c3,897,0.560625,5.98156845894661e-05,0.3146339462436224,0.14277464594359845,4096,0,0,1.0,0.0,0.0,0,0.0,0.14277464594359845,0.0
MF,c3,898,0.56125,6.036195155049344e-05,0.3147847388906178,0.14288523293277086,4096,0,0,1.0,0.0,0.0,0,0.0,0.14288523293277086,0.0
MF,c3,899,0.561875,6.0919609218261366e-05,0.31493510687347953,0.14299561439302802,4096,0,0,1.0,0.0,0.0,0,0.0,0.14299561439302802,0.0
MF,c3,900,0.5625,6.148895679650348e-05,0.3150850538985734,0.14310579086332598,4096,0,0,1.0,0.0,0.0,0,0.0,0.14310579086332598,0.0
MF,c3,901,0.563125,6.207029956782447e-05,0.31523458359626827,0.14321576288270554,4096,0,0,1.0,0.0,0.0,0,0.0,0.14321576288270554,0.0
MF,c3,902,0.56375,6.266394898237817e-05,0.31538529428479,0.14332553099027834,4096,0,0,1.0,0.0,0.0,0,0.0,0.14332553099027834,0.0
MF,c3,903,0.564375,6.327022274725958e-05,0.3155392041232005,0.1434350957252125,4096,0,0,1.0,0.0,0.0,0,0.0,0.1434350957252125,0.0
MF,c3,904,0.5650000000000001,6.388944491658847e-05,0.31569259759611235,0.1435444576267192,4096,0,0,1.0,0.0,0.0,0,0.0,0.1435444576267192,0.0
MF,c3,905,0.565625,6.452194598227484e-05,0.31584548007385793,0.1436536172340383,4096,0,0,1.0,0.0,0.0,0,0.0,0.1436536172340383,0.0
MF,c3,906,0.56625,6.516806296547476e-05,0.31599785684613124,0.1437625750864256,4096,0,0,1.0,0.0,0.0,0,0.0,0.1437625750864256,0.0
MF,c3,907,0.566875,6.582813950871099e-05,0.3161497331221818,0.14387133172313882,4096,0,0,1.0,0.0,0.0,0,0.0,0.14387133172313882,0.0
MF,c3,908,0.5675,6.65025259686475e-05,0.3163011140310403,0.14397988768342482,4096,0,0,1.0,0.0,0.0,0,0.0,0.14397988768342482,0.0
MF,c3,909,0.568125,6.719157950952899e-05,0.3164520046216956,0.14408824350650634,4096,0,0,1.0,0.0,0.0,0,0.0,0.14408824350650634,0.0
MF,c3,910,0.56875,6.789566419724342e-05,0.3166024098633429,0.14419639973156925,4096,0,0,1.0,0.0,0.0,0,0.0,0.14419639973156925,0.0
MF,c3,911,0.569375,6.861515109402925e-05,0.31675233464558517,0.14430435689774976,4096,0,0,1.0,0.0,0.0,0,0.0,0.14430435689774976,0.0
MF,c3,912,0.5700000000000001,6.935041835379368e-05,0.31690178377866457,0.1444121155441219,4096,0,0,1.0,0.0,0.0,0,0.0,0.1444121155441219,0.0
MF,c3,913,0.570625,7.010185131803015e-05,0.317050761993725,0.14451967620968512,4096,0,0,1.0,0.0,0.0,0,0.0,0.14451967620968512,0.0
MF,c3,914,0.57125,7.086984261234355e-05,0.3171992739430347,0.144627039433352,4096,0,0,1.0,0.0,0.0,0,0.0,0.144627039433352,0.0
MF,c3,915,0.571875,7.165479224355021e-05,0.3173473242002405,0.1447342057539363,4096,0,0,1.0,0.0,0.0,0,0.0,0.1447342057539363,0.0
MF,c3,916,0.5725,7.245710769733784e-05,0.3174949172606501,0.14484117571014088,4096,0,0,1.0,0.0,0.0,0,0.0,0.14484117571014088,0.0
MF,c3,917,0.573125,7.327720403649812e-05,0.3176420575414702,0.14494794984054593,4096,0,0,1.0,0.0,0.0,0,0.0,0.14494794984054593,0.0
MF,c3,918,0.57375,7.38692082867685e-05,0.3177887493821105,0.1450545286835974,4096,0,0,1.0,0.0,0.0,0,0.0,0.1450545286835974,0.0
MF,c3,919,0.574375,7.447180771971324e-05,0.3179349970444343,0.1451609127775955,4096,0,0,1.0,0.0,0.0,0,0.0,0.1451609127775955,0.0
MF,c3,920,0.5750000000000001,7.508614356900599e-05,0.31808080471307726,0.14526710266068335,4096,0,0,1.0,0.0,0.0,0,0.0,0.14526710266068335,0.0
MF,c3,921,0.575625,7.571252318469958e-05,0.31822617649571855,0.14537309887083572,4096,0,0,1.0,0.0,0.0,0,0.0,0.14537309887083572,0.0
MF,c3,922,0.57625,7.635126004137759e-05,0.3183711164233823,0.14547890194584812,4096,0,0,1.0,0.0,0.0,0,0.0,0.14547890194584812,0.0
MF,c3,923,0.576875,7.70026738241301e-05,0.3185156284507674,0.14558451242332573,4096,0,0,1.0,0.0,0.0,0,0.0,0.14558451242332573,0.0
MF,c3,924,0.5775,7.766709051517556e-05,0.31865971645653174,0.14568993084067272,4096,0,0,1.0,0.0,0.0,0,0.0,0.14568993084067272,0.0
MF,c3,925,0.578125,7.834484248109309e-05,0.31880338424364224,0.14579515773508162,4096,0,0,1.0,0.0,0.0,0,0.0,0.14579515773508162,0.0
MF,c3,926,0.57875,7.90362685606867e-05,0.31894663553967184,0.14590019364352286,4096,0,0,1.0,0.0,0.0,0,0.0,0.14590019364352286,0.0
MF,c3,927,0.579375,7.974171415344158e-05,0.3190894739971623,0.1460050391027342,4096,0,0,1.0,0.0,0.0,0,0.0,0.1460050391027342,0.0
MF,c3,928,0.58,8.046153130859253e-05,0.3192319031939402,0.14610969464921084,4096,0,0,1.0,0.0,0.0,0,0.0,0.14610969464921084,0.0
MF,c3,929,0.5806250000000001,8.119607881477608e-05,0.3193739266334635,0.14621416081919503,4096,0,0,1.0,0.0,0.0,0,0.0,0.14621416081919503,0.0
MF,c3,930,0.58125,8.194572229025323e-05,0.31951554774519364,0.14631843814866635,4096,0,0,1.0,0.0,0.0,0,0.0,0.14631843814866635,0.0
MF,c3,931,0.581875,8.271083427371684e-05,0.31965676988492436,0.14642252717333165,4096,0,0,1.0,0.0,0.0,0,0.0,0.14642252717333165,0.0
MF,c3,932,0.5825,8.349179431563744e-05,0.3197975963351737,0.14652642842861552,4096,0,0,1.0,0.0,0.0,0,0.0,0.14652642842861552,0.0
MF,c3,933,0.583125,8.428898907017387e-05,0.3199380303055239,0.14663014244965067,4096,0,0,1.0,0.0,0.0,0,0.0,0.14663014244965067,0.0
MF,c3,934,0.58375,8.51028123875987e-05,0.320078074933026,0.14673366977126845,4096,0,0,1.0,0.0,0.0,0,0.0,0.14673366977126845,0.0
MF,c3,935,0.584375,8.593366540726532e-05,0.3202207696148326,0.14683701092798956,4096,0,0,1.0,0.0,0.0,0,0.0,0.14683701092798956,0.0
MF,c3,936,0.585,8.678195665106408e-05,0.3203645600186564,0.14694016645401492,4096,0,0,1.0,0.0,0.0,0,0.0,0.14694016645401492,0.0
MF,c3,937,0.5856250000000001,8.764810211739571e-05,0.3205078811421072,0.14704313688321627,4096,0,0,1.0,0.0,0.0,0,0.0,0.14704313688321627,0.0
MF,c3,938,0.58625,8.8532525375606e-05,0.32065073783407017,0.14714592274912774,4096,0,0,1.0,0.0,0.0,0,0.0,0.14714592274912774,0.0
MF,c3,939,0.586875,8.943565766091183e-05,0.3207931348656855,0.1472485245849366,4096,0,0,1.0,0.0,0.0,0,0.0,0.1472485245849366,0.0
MF,c3,940,0.5875,9.035793796975871e-05,0.3209350769306117,0.14735094292347453,4096,0,0,1.0,0.0,0.0,0,0.0,0.14735094292347453,0.0
MF,c3,941,0.588125,9.129981315564209e-05,0.32107656864524003,0.1474531782972094,4096,0,0,1.0,0.0,0.0,0,0.0,0.1474531782972094,0.0
MF,c3,942,0.58875,9.226173802532917e-05,0.32121761454897474,0.14755523123823627,4096,0,0,1.0,0.0,0.0,0,0.0,0.14755523123823627,0.0
MF,c3,943,0.589375,9.324417543551425e-05,0.3213582191044645,0.1476571022782695,4096,0,0,1.0,0.0,0.0,0,0.0,0.1476571022782695,0.0
MF,c3,944,0.59,9.403700623517722e-05,0.3214983866978986,0.147758791948634,4096,0,0,1.0,0.0,0.0,0,0.0,0.147758791948634,0.0
MF,c3,945,0.5906250000000001,9.476288861573115e-05,0.321638121639256,0.1478603007802575,4096,0,0,1.0,0.0,0.0,0,0.0,0.1478603007802575,0.0
MF,c3,946,0.59125,9.550236791024572e-05,0.32177742816261673,0.14796162930366227,4096,0,0,1.0,0.0,0.0,0,0.0,0.14796162930366227,0.0
MF,c3,947,0.591875,9.62557892626414e-05,0.3219163104264273,0.1480627780489572,4096,0,0,1.0,0.0,0.0,0,0.0,0.1480627780489572,0.0
MF,c3,948,0.5925,9.702350438281155e-05,0.32205477251382136,0.14816374754583006,4096,0,0,1.0,0.0,0.0,0,0.0,0.14816374754583006,0.0
MF,c3,949,0.593125,9.78058716324736e-05,0.32219281843292646,0.14826453832353964,4096,0,0,1.0,0.0,0.0,0,0.0,0.14826453832353964,0.0
MF,c3,950,0.59375,9.860325611154913e-05,0.32233045211716066,0.1483651509109083,4096,0,0,1.0,0.0,0.0,0,0.0,0.1483651509109083,0.0
MF,c3,951,0.594375,9.941602974504185e-05,0.32246767742558097,0.14846558583631425,4096,0,0,1.0,0.0,0.0,0,0.0,0.14846558583631425,0.0
MF,c3,952,0.595,0.00010024457137043421,0.3226044981431882,0.14856584362768438,4096,0,0,1.0,0.0,0.0,0,0.0,0.14856584362768438,0.0
MF,c3,953,0.595625,0.0001010892668255578,0.32274091798128907,0.14866592481248664,4096,0,0,1.0,0.0,0.0,0,0.0,0.14866592481248664,0.0
MF,c3,954,0.5962500000000001,0.00010195050903696114,0.3228769405778171,0.14876582991772314,4096,0,0,1.0,0.0,0.0,0,0.0,0.14876582991772314,0.0
MF,c3,955,0.596875,0.00010282869810872794,0.3230125694977078,0.1488655594699227,4096,0,0,1.0,0.0,0.0,0,0.0,0.1488655594699227,0.0
MF,c3,956,0.5975,0.00010372424141177004,0.3231478082332342,0.1489651139951342,4096,0,0,1.0,0.0,0.0,0,0.0,0.1489651139951342,0.0
MF,c3,957,0.598125,0.00010463755367354768,0.3232826602043901,0.14906449401891933,4096,0,0,1.0,0.0,0.0,0,0.0,0.14906449401891933,0.0
MF,c3,958,0.59875,0.00010556905706822789,0.32341712875926176,0.14916370006634588,4096,0,0,1.0,0.0,0.0,0,0.0,0.14916370006634588,0.0
MF,c3,959,0.599375,0.00010651918130726907,0.3235512171743906,0.1492627326619811,4096,0,0,1.0,0.0,0.0,0,0.0,0.1492627326619811,0.0
MF,c3,960,0.6,0.00010748836373039156,0.32368492865518145,0.14936159232988483,4096,0,0,1.0,0.0,0.0,0,0.0,0.14936159232988483,0.0
MF,c3,961,0.600625,0.00010847704939695994,0.3238182663362717,0.1494602795936032,4096,0,0,1.0,0.0,0.0,0,0.0,0.1494602795936032,0.0
MF,c3,962,0.6012500000000001,0.00010948569117772013,0.3239512757095024,0.14955879497616198,4096,0,0,1.0,0.0,0.0,0,0.0,0.14955879497616198,0.0
MF,c3,963,0.601875,0.00011051474984691955,0.3240880346772012,0.1496571390000602,4096,0,0,1.0,0.0,0.0,0,0.0,0.1496571390000602,0.0
MF,c3,964,0.6025,0.0001115646941747544,0.324224348436066,0.149755312187264,4096,0,0,1.0,0.0,0.0,0,0.0,0.149755312187264,0.0
MF,c3,965,0.603125,0.00011263600102015518,0.3243602217997044,0.1498533150592003,4096,0,0,1.0,0.0,0.0,0,0.0,0.1498533150592003,0.0
MF,c3,966,0.60375,0.00011372915542389654,0.3244956595057092,0.14995114813675076,4096,0,0,1.0,0.0,0.0,0,0.0,0.14995114813675076,0.0
MF,c3,967,0.604375,0.00011484465070198416,0.3246306662158947,0.15004881194024572,4096,0,0,1.0,0.0,0.0,0,0.0,0.15004881194024572,0.0
MF,c3,968,0.605,0.00011598298853934721,0.324765246516504,0.1501463069894582,4096,0,0,1.0,0.0,0.0,0,0.0,0.1501463069894582,0.0
MF,c3,969,0.605625,0.0001171446790837701,0.32489940491846275,0.15024363380359806,4096,0,0,1.0,0.0,0.0,0,0.0,0.15024363380359806,0.0
MF,c3,970,0.6062500000000001,0.0001182589032456294,0.32503314585760457,0.15034079290130625,4096,0,0,1.0,0.0,0.0,0,0.0,0.15034079290130625,0.0
MF,c3,971,0.606875,0.00011912280128733236,0.3251664736949457,0.15043778480064907,4096,0,0,1.0,0.0,0.0,0,0.0,0.15043778480064907,0.0
MF,c3,972,0.6075,0.000120002242631284,0.32529939271693004,0.1505346100191126,4096,0,0,1.0,0.0,0.0,0,0.0,0.1505346100191126,0.0
MF,c3,973,0.608125,0.00012089761032317623,0.32543190713571807,0.15063126907359706,4096,0,0,1.0,0.0,0.0,0,0.0,0.15063126907359706,0.0
MF,c3,974,0.60875,0.0001218092943755797,0.3255640210894547,0.15072776248041125,4096,0,0,1.0,0.0,0.0,0,0.0,0.15072776248041125,0.0
MF,c3,975,0.609375,0.0001227376918527119,0.3256957386425732,0.15082409075526748,4096,0,0,1.0,0.0,0.0,0,0.0,0.15082409075526748,0.0
MF,c3,976,0.61,0.00012368320695562473,0.32582706378608134,0.15092025441327594,4096,0,0,1.0,0.0,0.0,0,0.0,0.15092025441327594,0.0
MF,c3,977,0.610625,0.00012464625110777798,0.32595800043788303,0.15101625396893945,4096,0,0,1.0,0.0,0.0,0,0.0,0.15101625396893945,0.0
MF,c3,978,0.61125,0.0001256272430410083,0.3260885524430802,0.15111208993614858,4096,0,0,1.0,0.0,0.0,0,0.0,0.15111208993614858,0.0
MF,c3,979,0.6118750000000001,0.00012662660888185988,0.3262187235743118,0.15120776282817622,4096,0,0,1.0,0.0,0.0,0,0.0,0.15120776282817622,0.0
MF,c3,980,0.6125,0.0001276447822382843,0.32634851753207633,0.15130327315767267,4096,0,0,1.0,0.0,0.0,0,0.0,0.15130327315767267,0.0
MF,c3,981,0.613125,0.0001286822042866828,0.3264779379450731,0.15139862143666072,4096,0,0,1.0,0.0,0.0,0,0.0,0.15139862143666072,0.0
MF,c3,982,0.61375,0.00012973932385927745,0.3266069883705593,0.1514938081765307,4096,0,0,1.0,0.0,0.0,0,0.0,0.1514938081765307,0.0
MF,c3,983,0.614375,0.0001308165975318099,0.3267356722946975,0.15158883388803565,4096,0,0,1.0,0.0,0.0,0,0.0,0.15158883388803565,0.0
MF,c3,984,0.615,0.00013191448971154092,0.3268639931329231,0.15168369908128665,4096,0,0,1.0,0.0,0.0,0,0.0,0.15168369908128665,0.0
MF,c3,985,0.615625,0.0001330334727255363,0.3269919542303178,0.1517784042657479,4096,0,0,1.0,0.0,0.0,0,0.0,0.1517784042657479,0.0
MF,c3,986,0.61625,0.0001341740269092361,0.32711955886198635,0.15187294995023243,4096,0,0,1.0,0.0,0.0,0,0.0,0.15187294995023243,0.0
MF,c3,987,0.6168750000000001,0.00013533664069527923,0.32724683568779644,0.15196733664289727,4096,0,0,1.0,0.0,0.0,0,0.0,0.15196733664289727,0.0
MF,c3,988,0.6175,0.0001365218107025742,0.3273773897615092,0.15206156485123898,4096,0,0,1.0,0.0,0.0,0,0.0,0.15206156485123898,0.0
MF,c3,989,0.618125,0.0001377300418255933,0.3275075208754844,0.15215563508208932,4096,0,0,1.0,0.0,0.0,0,0.0,0.15215563508208932,0.0
MF,c3,990,0.61875,0.00013896184732388648,0.32763723394345584,0.15224954784161082,4096,0,0,1.0,0.0,0.0,0,0.0,0.15224954784161082,0.0
MF,c3,991,0.619375,0.00014021774891178436,0.3277665338042591,0.15234330363529247,4096,0,0,1.0,0.0,0.0,0,0.0,0.15234330363529247,0.0
MF,c3,992,0.62,0.0001414982768482808,0.3278954252220002,0.1524369029679455,4096,0,0,1.0,0.0,0.0,0,0.0,0.1524369029679455,0.0
MF,c3,993,0.620625,0.00014280397002707477,0.3280239128862378,0.15253034634369905,4096,0,0,1.0,0.0,0.0,0,0.0,0.15253034634369905,0.0
MF,c3,994,0.62125,0.00014413537606675452,0.3281520014121743,0.15262363426599623,4096,0,0,1.0,0.0,0.0,0,0.0,0.15262363426599623,0.0
MF,c3,995,0.6218750000000001,0.000145493051401105,0.32827969534085966,0.15271676723758992,4096,0,0,1.0,0.0,0.0,0,0.0,0.15271676723758992,0.0
MF,c3,996,0.6225,0.00014687756136952003,0.3284069991394051,0.15280974576053874,4096,0,0,1.0,0.0,0.0,0,0.0,0.15280974576053874,0.0
MF,c3,997,0.623125,0.00014811246174904096,0.32853391720120784,0.15290257033620314,4096,0,0,1.0,0.0,0.0,0,0.0,0.15290257033620314,0.0
MF,c3,998,0.62375,0.000149147083959243,0.328660453846186,0.15299524146524163,4096,0,0,1.0,0.0,0.0,0,0.0,0.15299524146524163,0.0
MF,c3,999,0.624375,0.0001501996808156639,0.3287866133210245,0.15308775964760643,4096,0,0,1.0,0.0,0.0,0,0.0,0.15308775964760643,0.0
MF,c3,1000,0.625,0.00015127068030835745,0.32891239979943,0.1531801253825404,4096,0,0,1.0,0.0,0.0,0,0.0,0.1531801253825404,0.0
MF,c3,1001,0.625625,0.00015236051783570217,0.32903781738239646,0.1532723391685726,4096,0,0,1.0,0.0,0.0,0,0.0,0.1532723391685726,0.0
MF,c3,1002,0.62625,0.00015346963628756663,0.3291628700984775,0.15336440150351507,4096,0,0,1.0,0.0,0.0,0,0.0,0.15336440150351507,0.0
MF,c3,1003,0.626875,0.0001545984861287504,0.3292875619040794,0.153456312884459,4096,0,0,1.0,0.0,0.0,0,0.0,0.153456312884459,0.0
MF,c3,1004,0.6275000000000001,0.00015574752548270317,0.3294118966837477,0.15354807380777105,4096,0,0,1.0,0.0,0.0,0,0.0,0.15354807380777105,0.0
MF,c3,1005,0.628125,0.00015691722021549234,0.32953587825047265,0.15363968476909007,4096,0,0,1.0,0.0,0.0,0,0.0,0.15363968476909007,0.0
MF,c3,1006,0.62875,0.00015810804402001467,0.3296595103459987,0.1537311462633234,4096,0,0,1.0,0.0,0.0,0,0.0,0.1537311462633234,0.0
MF,c3,1007,0.629375,0.00015932047850042826,0.3297827966411568,0.1538224587846434,4096,0,0,1.0,0.0,0.0,0,0.0,0.1538224587846434,0.0
MF,c3,1008,0.63,0.00016055501325680678,0.32990574073618373,0.15391362282648421,4096,0,0,1.0,0.0,0.0,0,0.0,0.15391362282648421,0.0
MF,c3,1009,0.630625,0.0001618121459699854,0.33002834616106086,0.15400463888153837,4096,0,0,1.0,0.0,0.0,0,0.0,0.15400463888153837,0.0
MF,c3,1010,0.63125,0.00016309238248658309,0.33015061637587445,0.15409550744175343,4096,0,0,1.0,0.0,0.0,0,0.0,0.15409550744175343,0.0
MF,c3,1011,0.631875,0.0001643962369042042,0.33027255477115336,0.1541862289983287,4096,0,0,1.0,0.0,0.0,0,0.0,0.1541862289983287,0.0
MF,c3,1012,0.6325000000000001,0.0001657242316567744,0.33039416466825255,0.15427680404171218,4096,0,0,1.0,0.0,0.0,0,0.0,0.15427680404171218,0.0
MF,c3,1013,0.633125,0.00016707689760002414,0.3305180985775838,0.15436723306159736,4096,0,0,1.0,0.0,0.0,0,0.0,0.15436723306159736,0.0
MF,c3,1014,0.63375,0.00016845477409708378,0.3306418289899449,0.15445751654691986,4096,0,0,1.0,0.0,0.0,0,0.0,0.15445751654691986,0.0
MF,c3,1015,0.634375,0.00016985840910417106,0.3307651709978349,0.1545476549858547,4096,0,0,1.0,0.0,0.0,0,0.0,0.1545476549858547,0.0
MF,c3,1016,0.635,0.00017128835925637665,0.3308881295126917,0.15463764886581308,4096,0,0,1.0,0.0,0.0,0,0.0,0.15463764886581308,0.0
MF,c3,1017,0.635625,0.0001727451899534969,0.33101070937199434,0.15472749867343938,4096,0,0,1.0,0.0,0.0,0,0.0,0.15472749867343938,0.0
MF,c3,1018,0.63625,0.0001742294754459304,0.33113291533937456,0.15481720489460832,4096,0,0,1.0,0.0,0.0,0,0.0,0.15481720489460832,0.0
MF,c3,1019,0.636875,0.00017574179892058744,0.3312547521047786,0.15490676801442194,4096,0,0,1.0,0.0,0.0,0,0.0,0.15490676801442194,0.0
MF,c3,1020,0.6375000000000001,0.00017728275258681442,0.3313762242846254,0.1549961885172068,4096,0,0,1.0,0.0,0.0,0,0.0,0.1549961885172068,0.0
MF,c3,1021,0.638125,0.00017885293776231606,0.3314973364219588,0.15508546688651118,4096,0,0,1.0,0.0,0.0,0,0.0,0.15508546688651118,0.0
MF,c3,1022,0.63875,0.0001804529649590313,0.33161809298665335,0.15517460360510216,4096,0,0,1.0,0.0,0.0,0,0.0,0.15517460360510216,0.0
MF,c3,1023,0.639375,0.00018208345396897836,0.331738498375584,0.15526359915496307,4096,0,0,1.0,0.0,0.0,0,0.0,0.15526359915496307,0.0
MF,c3,1024,0.64,0.00018355550514844539,0.33185855691285604,0.1553524540172907,4096,0,0,1.0,0.0,0.0,0,0.0,0.1553524540172907,0.0
MF,c3,1025,0.640625,0.00018478099222174102,0.3319782728499966,0.1554411686724924,4096,0,0,1.0,0.0,0.0,0,0.0,0.1554411686724924,0.0
MF,c3,1026,0.64125,0.00018602701000408967,0.33209765036620076,0.15552974360018396,4096,0,0,1.0,0.0,0.0,0,0.0,0.15552974360018396,0.0
MF,c3,1027,0.641875,0.0001872940315378534,0.33221669356857264,0.15561817927918647,4096,0,0,1.0,0.0,0.0,0,0.0,0.15561817927918647,0.0
MF,c3,1028,0.6425,0.00018858253766772834,0.3323354064923529,0.15570647618752403,4096,0,0,1.0,0.0,0.0,0,0.0,0.15570647618752403,0.0
MF,c3,1029,0.6431250000000001,0.00018989301712134596,0.33245379310120715,0.1557946348024214,4096,0,0,1.0,0.0,0.0,0,0.0,0.1557946348024214,0.0
MF,c3,1030,0.64375,0.00019122596659006653,0.3325718572874682,0.15588265560030104,4096,0,0,1.0,0.0,0.0,0,0.0,0.15588265560030104,0.0
MF,c3,1031,0.644375,0.00019258189080988237,0.3326896028724384,0.1559705390567811,4096,0,0,1.0,0.0,0.0,0,0.0,0.1559705390567811,0.0
MF,c3,1032,0.645,0.00019396130264245974,0.33280703360668035,0.1560582856466728,4096,0,0,1.0,0.0,0.0,0,0.0,0.1560582856466728,0.0
MF,c3,1033,0.645625,0.00019536472315630758,0.33292415317029567,0.15614589584397792,4096,0,0,1.0,0.0,0.0,0,0.0,0.15614589584397792,0.0
MF,c3,1034,0.64625,0.00019679268170800777,0.3330409651732649,0.15623337012188682,4096,0,0,1.0,0.0,0.0,0,0.0,0.15623337012188682,0.0
MF,c3,1035,0.646875,0.00019824571602356403,0.33315747315573785,0.15632070895277572,4096,0,0,1.0,0.0,0.0,0,0.0,0.15632070895277572,0.0
MF,c3,1036,0.6475,0.00019972437227978014,0.33327368058838397,0.1564079128082047,4096,0,0,1.0,0.0,0.0,0,0.0,0.1564079128082047,0.0
MF,c3,1037,0.6481250000000001,0.0002012292051857017,0.3333895908727318,0.15649498215891533,4096,0,0,1.0,0.0,0.0,0,0.0,0.15649498215891533,0.0
MF,c3,1038,0.64875,0.00020276077806410066,0.33350520734149336,0.15658191747482833,4096,0,0,1.0,0.0,0.0,0,0.0,0.15658191747482833,0.0
MF,c3,1039,0.649375,0.00020431966293294127,0.33362053325895,0.15666871922504158,4096,0,0,1.0,0.0,0.0,0,0.0,0.15666871922504158,0.0
MF,c3,1040,0.65,0.00020590644058688057,0.33373557182128655,0.1567553878778279,4096,0,0,1.0,0.0,0.0,0,0.0,0.1567553878778279,0.0
DNS,c1,0,0.0,0.0,1.0,0.5,3520,0,576,0.859375,0.0,0.140625,0,0.0,0.5,0.0
DNS,c1,1,0.000625,0.0,1.0,0.49994094966283387,3776,0,320,0.921875,0.0,0.078125,0,0.0,0.49994094966283387,0.0
DNS,c1,2,0.00125,0.0,1.0,0.49988096841231144,4032,0,64,0.984375,0.0,0.015625,0,0.0,0.49988096841231144,0.0
DNS,c1,3,0.001875,7.381762782173188e-33,1.0,0.49982008779896664,4096,0,0,1.0,0.0,0.0,0,0.0,0.49982008779896664,0.0
DNS,c1,4,0.0025,1.3165393439183138e-31,1.0,0.4997583372930065,4096,0,0,1.0,0.0,0.0,0,0.0,0.4997583372930065,0.0
DNS,c1,5,0.003125,1.0464811703849802e-30,1.0,0.4996957444476267,4096,0,0,1.0,0.0,0.0,0,0.0,0.4996957444476267,0.0
DNS,c1,6,0.00375,5.4099717471155294e-30,1.0,0.4996323350460805,4096,0,0,1.0,0.0,0.0,0,0.0,0.4996323350460805,0.0
DNS,c1,7,0.004375,2.1217211502317256e-29,1.0,0.49956813323440735,4096,0,0,1.0,0.0,0.0,0,0.0,0.49956813323440735,0.0
DNS,c1,8,0.005,6.846453150536551e-29,1.0,0.4995031616414847,4096,0,0,1.0,0.0,0.0,0,0.0,0.4995031616414847,0.0
DNS,c1,9,0.005625,1.9089875620112158e-28,1.0,0.4994374414878548,4096,0,0,1.0,0.0,0.0,0,0.0,0.4994374414878548,0.0
DNS,c1,10,0.00625,4.7498474913898535e-28,1.0,0.4993709926845976,4096,0,0,1.0,0.0,0.0,0,0.0,0.4993709926845976,0.0
DNS,c1,11,0.006875,1.0785375843779862e-27,1.0,0.4993038339233616,4096,0,0,1.0,0.0,0.0,0,0.0,0.4993038339233616,0.0
DNS,c1,12,0.0075,2.271724815045145e-27,1.0,0.4992359827585245,4096,0,0,1.0,0.0,0.0,0,0.0,0.4992359827585245,0.0
DNS,c1,13,0.008125,4.493347704372395e-27,1.0,0.4991674556823394,4096,0,0,1.0,0.0,0.0,0,0.0,0.4991674556823394,0.0
DNS,c1,14,0.00875,8.425459655037427e-27,1.0,0.49909826819381214,4096,0,0,1.0,0.0,0.0,0,0.0,0.49909826819381214,0.0
DNS,c1,15,0.009375,1.5089479700778807e-26,1.0,0.49902843486196696,4096,0,0,1.0,0.0,0.0,0,0.0,0.49902843486196696,0.0
DNS,c1,16,0.01,2.5967014812283364e-26,1.0,0.49895796938407794,4096,0,0,1.0,0.0,0.0,0,0.0,0.49895796938407794,0.0
DNS,c1,17,0.010625,4.314862398883676e-26,1.0,0.4988868846393732,4096,0,0,1.0,0.0,0.0,0,0.0,0.4988868846393732,0.0
DNS,c1,18,0.01125,6.951374729666721e-26,1.0,0.49881519273866004,4096,0,0,1.0,0.0,0.0,0,0.0,0.49881519273866004,0.0
DNS,c1,19,0.011875,1.0894499199954823e-25,1.0,0.4987429050702656,4096,0,0,1.0,0.0,0.0,0,0.0,0.4987429050702656,0.0
DNS,c1,20,0.0125,1.6657992343847118e-25,1.0,0.49867003234264323,4096,0,0,1.0,0.0,0.0,0,0.0,0.49867003234264323,0.0
DNS,c1,21,0.013125,2.4910345779243454e-25,1.0,0.49859658462395395,4096,0,0,1.0,0.0,0.0,0,0.0,0.49859658462395395,0.0
DNS,c1,22,0.01375,3.650839042992739e-25,1.0,0.49852257137889916,4096,0,0,1.0,0.0,0.0,0,0.0,0.49852257137889916,0.0
DNS,c1,23,0.014375,-0.0014765161128870645,1.0002962764306824,0.4984480015030498,4094,2,0,0.99951171875,0.00048828125,0.0,2,0.00048828125,0.4984485987055148,-5.972024650161118e-07
DNS,c1,24,0.015,-0.002870177337957547,1.0023154062161985,0.4983728833548895,4093,3,0,0.999267578125,0.000732421875,0.0,3,0.000732421875,0.49837419264972227,-1.3092948328146793e-06
DNS,c1,25,0.015625,-0.003911678481243113,1.0039168193861656,0.4982972247857692,4093,3,0,0.999267578125,0.000732421875,0.0,3,0.000732421875,0.49829937527774226,-2.150491973054891e-06
DNS,c1,26,0.01625,-0.004651016976355615,1.0051483891034276,0.49822103316794625,4092,4,0,0.9990234375,0.0009765625,0.0,4,0.0009765625,0.49822409587661953,-3.0627086732798105e-06
DNS,c1,27,0.016875,-0.0051335940491740025,1.0060548934337625,0.49814431542086657,4092,4,0,0.9990234375,0.0009765625,0.0,4,0.0009765625,0.49814803560176524,-3.720180898619724e-06
DNS,c1,28,0.0175,-0.005400394000431351,1.0066780024037827,0.49806707803582995,4092,4,0,0.9990234375,0.0009765625,0.0,4,0.0009765625,0.49807123430477385,-4.156268943901357e-06
DNS,c1,29,0.018125,-0.005488189642258808,1.007056293099858,0.4979893270991656,4092,4,0,0.9990234375,0.0009765625,0.0,4,0.0009765625,0.4979937332481258,-4.406148960187536e-06
DNS,c1,30,0.01875,-0.005469987477383165,1.0072252900321956,0.4979110683140338,4092,4,0,0.9990234375,0.0009765625,0.0,4,0.0009765625,0.4979155696607338,-4.50134669997387e-06
DNS,c1,31,0.019375,-0.005342786614644916,1.0072805288109823,0.49783230702095416,4090,6,0,0.99853515625,0.00146484375,0.0,6,0.00146484375,0.49783677787511643,-4.470854162250588e-06
DNS,c1,32,0.02,-0.005117002058102586,1.0071888099852495,0.4977530482171574,4089,7,0,0.998291015625,0.001708984375,0.0,7,0.001708984375,0.4977574133461818,-4.365129024451118e-06
DNS,c1,33,0.020625,-0.004815284064149477,1.0069692411520341,0.4976732965748427,4089,7,0,0.998291015625,0.001708984375,0.0,7,0.001708984375,0.4976774905031931,-4.193928350392832e-06
DNS,c1,34,0.02125,-0.004457332882339692,1.006646143922162,0.49759305645842034,4088,8,0,0.998046875,0.001953125,0.0,8,0.001953125,0.4975969969569121,-3.940498491751338e-06
DNS,c1,35,0.021875000000000002,-0.00406013698138666,1.0062413368756753,0.4975123319408067,4086,10,0,0.99755859375,0.00244140625,0.0,10,0.00244140625,0.49751675164937004,-4.419708563376636e-06
DNS,c1,36,0.0225,-0.0036382071998235805,1.005774258795299,0.4974311268188378,4086,10,0,0.99755859375,0.00244140625,0.0,10,0.00244140625,0.4974360213208813,-4.8945020435950764e-06
DNS,c1,37,0.023125,-0.004696671022372315,1.0052620994451813,0.49734944462785946,4085,11,0,0.997314453125,0.002685546875,0.0,11,0.002685546875,0.4973546844482429,-5.239820383481509e-06
DNS,c1,38,0.02375,-0.005608985908886825,1.0055550234581938,0.4972672886555467,4085,11,0,0.997314453125,0.002685546875,0.0,11,0.002685546875,0.4972729007169743,-5.612061427575655e-06
DNS,c1,39,0.024375,-0.006258820390644203,1.0069420726874303,0.4971846619550014,4085,11,0,0.997314453125,0.002685546875,0.0,11,0.002685546875,0.4971906976199516,-6.03566495022023e-06
DNS,c1,40,0.025,-0.006682825880795721,1.0080026019230863,0.49710156735717387,4085,11,0,0.997314453125,0.002685546875,0.0,11,0.002685546875,0.49710789026416236,-6.322906988508735e-06
DNS,c1,41,0.025625000000000002,-0.006914399927227216,1.0087735617262616,0.4970180074826495,4085,11,0,0.997314453125,0.002685546875,0.0,11,0.002685546875,0.4970244183758276,-6.410893178090986e-06
DNS,c1,42,0.02625,-0.007055097515164245,1.0092896245598422,0.4969339847528382,4085,11,0,0.997314453125,0.002685546875,0.0,11,0.002685546875,0.49694031987203174,-6.335119193533526e-06
DNS,c1,43,0.026875,-0.007070947157853067,1.0096114907732396,0.49684950140060163,4085,11,0,0.997314453125,0.002685546875,0.0,11,0.002685546875,0.49685562842591846,-6.127025316884164e-06
DNS,c1,44,0.0275,-0.006966331446672525,1.0098328658617033,0.4967645594803522,4086,10,0,0.99755859375,0.00244140625,0.0,10,0.00244140625,0.4967703931288681,-5.833648515916143e-06
DNS,c1,45,0.028125,-0.006763533339894228,1.0098783524499795,0.49667916087765235,4087,9,0,0.997802734375,0.002197265625,0.0,9,0.002197265625,0.4966846945116784,-5.533634026127788e-06
DNS,c1,46,0.02875,-0.00648236539895842,1.00977374976995,0.49659330731834245,4088,8,0,0.998046875,0.001953125,0.0,8,0.001953125,0.4965985776120562,-5.270293713785266e-06
DNS,c1,47,0.029375000000000002,-0.0061403304331273615,1.0095427432785384,0.4965070003772246,4088,8,0,0.998046875,0.001953125,0.0,8,0.001953125,0.49651198624666426,-4.985869439652721e-06
DNS,c1,48,0.03,-0.005752783816258081,1.0092069608160017,0.496420241486325,4089,7,0,0.998291015625,0.001708984375,0.0,7,0.001708984375,0.49642528893287385,-5.047446548797734e-06
DNS,c1,49,0.030625,-0.005333095377766022,1.0087860403126963,0.49633303194275763,4088,8,0,0.998046875,0.001953125,0.0,8,0.001953125,0.496338471515433,-5.439572675288208e-06
DNS,c1,50,0.03125,-0.004892809077525246,1.0082977071750934,0.4962453729162117,4088,8,0,0.998046875,0.001953125,0.0,8,0.001953125,0.4962510780474944,-5.70513128269216e-06
DNS,c1,51,0.031875,-0.004962560062296146,1.0077578595683188,0.496157265456081,4086,10,0,0.99755859375,0.00244140625,0.0,10,0.00244140625,0.4961631829933521,-5.9175372710935835e-06
DNS,c1,52,0.0325,-0.00563207405116942,1.0071806599137534,0.4960687104982545,4086,10,0,0.99755859375,0.00244140625,0.0,10,0.00244140625,0.4960748572918907,-6.146793636264913e-06
DNS,c1,53,0.033125,-0.00610565044641672,1.006879921615516,0.495979708871585,4086,10,0,0.99755859375,0.00244140625,0.0,10,0.00244140625,0.495985931831664,-6.222960078995558e-06
DNS,c1,54,0.03375,-0.0064093115651297685,1.0078933482238632,0.49589026130405284,4086,10,0,0.99755859375,0.00244140625,0.0,10,0.00244140625,0.4958964323845732,-6.171080520332112e-06
DNS,c1,55,0.034375,-0.006566902021511983,1.0086547112929767,0.49580036842863895,4085,11,0,0.997314453125,0.002685546875,0.0,11,0.002685546875,0.4958064801459216,-6.111717282668685e-06
DNS,c1,56,0.035,-0.0066001656606058095,1.0091913862274942,0.495710030788922,4085,11,0,0.997314453125,0.002685546875,0.0,11,0.002685546875,0.49571607253201,-6.0417430880439065e-06
DNS,c1,57,0.035625000000000004,-0.006528832510310905,1.0095291655157956,0.4956192488444143,4085,11,0,0.997314453125,0.002685546875,0.0,11,0.002685546875,0.49562511503191736,-5.8661875030926315e-06
DNS,c1,58,0.03625,-0.006380992798800171,1.009692238382565,0.4955280229756469,4085,11,0,0.997314453125,0.002685546875,0.0,11,0.002685546875,0.49553362827251857,-5.605296871669496e-06
DNS,c1,59,0.036875,-0.006248954225226888,1.0097031850556213,0.4954363534890182,4086,10,0,0.99755859375,0.00244140625,0.0,10,0.00244140625,0.4954416344464753,-5.280957457145958e-06
DNS,c1,60,0.0375,-0.00604937708912789,1.0095829843061987,0.4953442406214161,4086,10,0,0.99755859375,0.00244140625,0.0,10,0.00244140625,0.4953492058525818,-4.9652311657626284e-06
DNS,c1,61,0.038125,-0.005795540739009177,1.009429615607476,0.49525168454462487,4086,10,0,0.99755859375,0.00244140625,0.0,10,0.00244140625,0.4952562911615136,-4.606616888796569e-06
DNS,c1,62,0.03875,-0.005499240521245611,1.00924397501659,0.4951586853695272,4086,10,0,0.99755859375,0.00244140625,0.0,10,0.00244140625,0.4951631349769099,-4.4496073827681314e-06
DNS,c1,63,0.039375,-0.005170888747003784,1.008967920655852,0.49506524315011047,4086,10,0,0.99755859375,0.00244140625,0.0,10,0.00244140625,0.4950696320489412,-4.388898830759079e-06
DNS,c1,64,0.04,-0.004819615008650309,1.0086167481734358,0.49497135788728724,4086,10,0,0.99755859375,0.00244140625,0.0,10,0.00244140625,0.49497572551372376,-4.367626436515221e-06
DNS,c1,65,0.040625,-0.00445336490781732,1.008204389312862,0.49487702953253715,4086,10,0,0.99755859375,0.00244140625,0.0,10,0.00244140625,0.4948815356160501,-4.506083512972528e-06
DNS,c1,66,0.04125,-0.004492750097699909,1.0077434644121879,0.4947822579913807,4086,10,0,0.99755859375,0.00244140625,0.0,10,0.00244140625,0.49478701617415527,-4.7581827745094395e-06
DNS,c1,67,0.041875,-0.004952322579922645,1.007245339657786,0.4946870431266904,4086,10,0,0.99755859375,0.00244140625,0.0,10,0.00244140625,0.49469192481935864,-4.881692668242766e-06
DNS,c1,68,0.0425,-0.00527397207939999,1.0067201880695056,0.4945913847618484,4087,9,0,0.997802734375,0.002197265625,0.0,9,0.002197265625,0.4945962808029364,-4.896041088016694e-06
DNS,c1,69,0.043125000000000004,-0.005475268551962436,1.006746001915572,0.49449528268375675,4087,9,0,0.997802734375,0.002197265625,0.0,9,0.002197265625,0.4945001030343439,-4.820350587083648e-06
DNS,c1,70,0.043750000000000004,-0.0055723621820894425,1.0074416438511475,0.49439873664570727,4087,9,0,0.997802734375,0.002197265625,0.0,9,0.002197265625,0.49440340460515353,-4.667959446246748e-06
DNS,c1,71,0.044375,-0.005580035715469704,1.0079521352108847,0.49430174637011776,4088,8,0,0.998046875,0.001953125,0.0,8,0.001953125,0.49430619947041177,-4.453100293995553e-06
DNS,c1,72,0.045,-0.005511761782277986,1.0082969482791777,0.4942043115511396,4089,7,0,0.998291015625,0.001708984375,0.0,7,0.001708984375,0.4942085221401952,-4.2105890556591566e-06
DNS,c1,73,0.045625,-0.005379764073666421,1.0084944475227402,0.494106431857144,4089,7,0,0.998291015625,0.001708984375,0.0,7,0.001708984375,0.49411040412283397,-3.972265690003913e-06
DNS,c1,74,0.04625,-0.005195081336856594,1.0085618815555848,0.4940081069330913,4089,7,0,0.998291015625,0.001708984375,0.0,7,0.001708984375,0.4940118074948851,-3.7005617939068064e-06
DNS,c1,75,0.046875,-0.004967633255730209,1.0085153837821534,0.49390933640278817,4089,7,0,0.998291015625,0.001708984375,0.0,7,0.001708984375,0.49391274012743924,-3.403724651117252e-06
DNS,c1,76,0.0475,-0.004706287382778352,1.0083699809100044,0.49381011987104007,4089,7,0,0.998291015625,0.001708984375,0.0,7,0.001708984375,0.4938132088481101,-3.0889770700350757e-06
DNS,c1,77,0.048125,-0.004418926383729082,1.0081396085238923,0.49371045692570037,4090,6,0,0.99853515625,0.00146484375,0.0,6,0.00146484375,0.49371321988690875,-2.762961208416582e-06
DNS,c1,78,0.04875,-0.004112514947375732,1.0078371329226468,0.4936103471396232,4091,5,0,0.998779296875,0.001220703125,0.0,5,0.001220703125,0.49361294314196286,-2.5960023397027798e-06
DNS,c1,79,0.049375,-0.0037931657994983436,1.0074743784378724,0.4935097900725236,4091,5,0,0.998779296875,0.001220703125,0.0,5,0.001220703125,0.4935123627732986,-2.5727007749037943e-06
DNS,c1,80,0.05,-0.00346620434089071,1.0070621594780405,0.493408785272749,4092,4,0,0.9990234375,0.0009765625,0.0,4,0.0009765625,0.493411301135086,-2.515862336991528e-06
DNS,c1,81,0.050625,-0.0031778020198494398,1.006610316571967,0.4933073322789654,4091,5,0,0.998779296875,0.001220703125,0.0,5,0.001220703125,0.49330991561025284,-2.583331287522838e-06
DNS,c1,82,0.051250000000000004,-0.0030512476653053546,1.0061277557209038,0.4932054306217635,4091,5,0,0.998779296875,0.001220703125,0.0,5,0.001220703125,0.4932080508166189,-2.620194855398822e-06
DNS,c1,83,0.051875000000000004,-0.0034209800299656585,1.0056224904075532,0.493103079825187,4091,5,0,0.998779296875,0.001220703125,0.0,5,0.001220703125,0.49310568109862823,-2.6012734412627196e-06
DNS,c1,84,0.0525,-0.0036918480177714247,1.0051016856523178,0.4930002794081868,4090,6,0,0.99853515625,0.00146484375,0.0,6,0.00146484375,0.49300285186551596,-2.5724573291501667e-06
DNS,c1,85,0.053125,-0.003875569131570085,1.0046431341247066,0.4928970288860052,4090,6,0,0.99853515625,0.00146484375,0.0,6,0.00146484375,0.49289960572528324,-2.5768392780703893e-06
DNS,c1,86,0.05375,-0.00398295449152655,1.0045127785717383,0.49279332777149165,4091,5,0,0.998779296875,0.001220703125,0.0,5,0.001220703125,0.4927958998009267,-2.5720294350478246e-06
DNS,c1,87,0.054375,-0.004023943982498321,1.0050648881689372,0.49268917557635455,4091,5,0,0.998779296875,0.001220703125,0.0,5,0.001220703125,0.49269171245050336,-2.5368741487658406e-06
DNS,c1,88,0.055,-0.004007643595384789,1.0054792819455076,0.4925845718123513,4091,5,0,0.998779296875,0.001220703125,0.0,5,0.001220703125,0.4925870325149804,-2.460702629127095e-06
DNS,c1,89,0.055625,-0.003942364412249805,1.0057695256513737,0.49247951599241857,4091,5,0,0.998779296875,0.001220703125,0.0,5,0.001220703125,0.4924818662511292,-2.350258710653593e-06
DNS,c1,90,0.05625,-0.0038356627352245367,1.00594842747881,0.49237400763174743,4091,5,0,0.998779296875,0.001220703125,0.0,5,0.001220703125,0.49237621923118813,-2.211599440639698e-06
DNS,c1,91,0.056875,-0.0036943809083376036,1.0060280381155144,0.4922680462488033,4091,5,0,0.998779296875,0.001220703125,0.0,5,0.001220703125,0.4922700963893052,-2.0501405018598836e-06
DNS,c1,92,0.0575,-0.003524688429050748,1.0060196555144152,0.4921616313662944,4091,5,0,0.998779296875,0.001220703125,0.0,5,0.001220703125,0.4921635020669595,-1.870700665101696e-06
DNS,c1,93,0.058125,-0.0033321229920441455,1.005933833922192,0.49205476251209207,4092,4,0,0.9990234375,0.0009765625,0.0,4,0.0009765625,0.4920564713233027,-1.7088112106727443e-06
DNS,c1,94,0.058750000000000004,-0.003121631151415299,1.0057803967142687,0.49194743922010203,4092,4,0,0.9990234375,0.0009765625,0.0,4,0.0009765625,0.49194898912550356,-1.5499054015470145e-06
DNS,c1,95,0.059375000000000004,-0.0028976083287174177,1.0055684525938107,0.49183966103109206,4093,3,0,0.999267578125,0.000732421875,0.0,3,0.000732421875,0.4918410700888418,-1.4090577497433046e-06
DNS,c1,96,0.06,-0.0026639379330164006,1.0053064147255175,0.4917314274934753,4093,3,0,0.999267578125,0.000732421875,0.0,3,0.000732421875,0.4917326982027843,-1.2707093089829286e-06
DNS,c1,97,0.060625,-0.0024240293952928816,1.0050020223911988,0.4916227381640534,4093,3,0,0.999267578125,0.000732421875,0.0,3,0.000732421875,0.49162386296592997,-1.1248018765943074e-06
DNS,c1,98,0.06125,-0.0021808549530070278,1.0046623647727633,0.4915135926087185,4093,3,0,0.999267578125,0.000732421875,0.0,3,0.000732421875,0.49151456628710005,-9.736783815210704e-07
DNS,c1,99,0.061875,-0.0019369850514687685,1.0042939064888592,0.49140399040311966,4091,5,0,0.998779296875,0.001220703125,0.0,5,0.001220703125,0.4914048935787817,-9.031756620506879e-07
DNS,c1,100,0.0625,-0.0016946222568390594,1.0039025145335307,0.4912939311332908,4091,5,0,0.998779296875,0.001220703125,0.0,5,0.001220703125,0.4912948673126878,-9.361793970588798e-07
DNS,c1,101,0.063125,-0.0014556336011812116,1.0034934862884848,0.4911834143962453,4092,4,0,0.9990234375,0.0009765625,0.0,4,0.0009765625,0.49118435582073416,-9.41424488855058e-07
DNS,c1,102,0.06375,-0.001221581303061368,1.0030715783045188,0.49107243980053783,4092,4,0,0.9990234375,0.0009765625,0.0,4,0.0009765625,0.491073401235799,-9.61435261141459e-07
DNS,c1,103,0.064375,-0.0013283455172226084,1.0026410355719924,0.49096100696679307,4092,4,0,0.9990234375,0.0009765625,0.0,4,0.0009765625,0.49096195976158524,-9.527947921571407e-07
DNS,c1,104,0.065,-0.0014281846493895856,1.0022056210246375,0.4908491155282053,4092,4,0,0.9990234375,0.0009765625,0.0,4,0.0009765625,0.4908500350289865,-9.195007811517667e-07
DNS,c1,105,0.065625,-0.0014972379994899815,1.001768645045209,0.4907367651310089,4092,4,0,0.9990234375,0.0009765625,0.0,4,0.0009765625,0.490737630309847,-8.651788381117065e-07
DNS,c1,106,0.06625,-0.0015557294746121769,1.0013329947652512,0.49062395543492,4093,3,0,0.999267578125,0.000732421875,0.0,3,0.000732421875,0.4906247861756346,-8.307407145883192e-07
DNS,c1,107,0.066875,-0.0015769190935817866,1.000901162974395,0.4905106861135532,4093,3,0,0.999267578125,0.000732421875,0.0,3,0.000732421875,0.49051146801540196,-7.819018487885061e-07
DNS,c1,108,0.0675,-0.001565679085610157,1.0006236372736028,0.49039695685481144,4094,2,0,0.99951171875,0.00048828125,0.0,2,0.00048828125,0.4903976822127982,-7.25357986820634e-07
DNS,c1,109,0.068125,-0.0015264558512294898,1.0008436523387372,0.4902827673612522,4094,2,0,0.99951171875,0.00048828125,0.0,2,0.00048828125,0.4902834623471449,-6.94985892731548e-07
DNS,c1,110,0.06875,-0.0014632940663496228,1.0009891801742539,0.49016811735043025,4094,2,0,0.99951171875,0.00048828125,0.0,2,0.00048828125,0.49016877052009333,-6.53169663046543e-07
DNS,c1,111,0.069375,-0.001379860506310333,1.0010676331299482,0.4900530065552184,4094,2,0,0.99951171875,0.00048828125,0.0,2,0.00048828125,0.4900536082665001,-6.017112817167983e-07
DNS,c1,112,0.07,-0.0012794674618459376,1.0010859532332028,0.489937434724106,4094,2,0,0.99951171875,0.00048828125,0.0,2,0.00048828125,0.48993797696026675,-5.422361607633319e-07
DNS,c1,113,0.07062500000000001,-0.0011650956366357455,1.0010506228544316,0.4898214016214787,4094,2,0,0.99951171875,0.00048828125,0.0,2,0.00048828125,0.48982187782602127,-4.762045426004728e-07
DNS,c1,114,0.07125000000000001,-0.001039416432690475,1.0009676768670088,0.4897049070278761,4094,2,0,0.99951171875,0.00048828125,0.0,2,0.00048828125,0.4897053119504829,-4.049226068081307e-07
DNS,c1,115,0.07187500000000001,-0.000904813545210071,1.000842716091017,0.48958795074023387,4094,2,0,0.99951171875,0.00048828125,0.0,2,0.00048828125,0.489588280293475,-3.2955324110466885e-07
DNS,c1,116,0.0725,-0.0007634038027458704,1.000680921820406,0.48947053257210504,4094,2,0,0.99951171875,0.00048828125,0.0,2,0.00048828125,0.4894707836985484,-2.511264433686312e-07
DNS,c1,117,0.073125,-0.0006170572015256452,1.0004870712441298,0.48935265235386605,4094,2,0,0.99951171875,0.00048828125,0.0,2,0.00048828125,0.48935282290319415,-1.7054932808324349e-07
DNS,c1,118,0.07375,-0.0004674160946798924,1.000265553583304,0.4892343099329055,4095,1,0,0.999755859375,0.000244140625,0.0,1,0.000244140625,0.48923442404816303,-1.1411525749020811e-07
DNS,c1,119,0.074375,-0.00031591350787662424,1.0000203867782638,0.48911550517379754,4095,1,0,0.999755859375,0.000244140625,0.0,1,0.000244140625,0.48911558230111885,-7.712732125894147e-08
DNS,c1,120,0.075,-0.00016379056257148324,1.0000000000000002,0.4889962379584602,4095,1,0,0.999755859375,0.000244140625,0.0,1,0.000244140625,0.4889962779463905,-3.9987930315303526e-08
DNS,c1,121,0.075625,-1.2112996757375472e-05,1.0000000000000002,0.4888765081862991,4095,1,0,0.999755859375,0.000244140625,0.0,1,0.000244140625,0.48887651114357367,-2.957274598968621e-09
DNS,c1,122,0.07625,3.2743077147116084e-19,1.0000000000000002,0.4887563157743379,4096,0,0,1.0,0.0,0.0,0,0.0,0.4887563157743379,0.0
DNS,c1,123,0.076875,3.5323542946145346e-19,1.0000000000000002,0.4886356606573351,4096,0,0,1.0,0.0,0.0,0,0.0,0.4886356606573351,0.0
DNS,c1,124,0.0775,3.8100783837690834e-19,1.0000000000000002,0.4885145427878885,4096,0,0,1.0,0.0,0.0,0,0.0,0.4885145427878885,0.0
DNS,c1,125,0.078125,4.108927053740911e-19,1.0000000000000002,0.4883929621365277,4096,0,0,1.0,0.0,0.0,0,0.0,0.4883929621365277,0.0
DNS,c1,126,0.07875,4.424797808987914e-19,1.0000000000000002,0.48827091869179456,4096,0,0,1.0,0.0,0.0,0,0.0,0.48827091869179456,0.0
DNS,c1,127,0.079375,4.76379318069086e-19,1.0000000000000002,0.4881484124603136,4096,0,0,1.0,0.0,0.0,0,0.0,0.4881484124603136,0.0
DNS,c1,128,0.08,5.12760325217307e-19,1.0000000000000002,0.4880254434668507,4096,0,0,1.0,0.0,0.0,0,0.0,0.4880254434668507,0.0
DNS,c1,129,0.080625,5.51805724813931e-19,1.0000000000000002,0.4879020117543628,4096,0,0,1.0,0.0,0.0,0,0.0,0.4879020117543628,0.0
DNS,c1,130,0.08125,5.937138925354617e-19,1.0000000000000002,0.4877781173840373,4096,0,0,1.0,0.0,0.0,0,0.0,0.4877781173840373,0.0
DNS,c1,131,0.081875,6.387004297525121e-19,1.0000000000000002,0.4876537604353223,4096,0,0,1.0,0.0,0.0,0,0.0,0.4876537604353223,0.0
DNS,c1,132,0.0825,6.870002106397136e-19,1.0000000000000002,0.48752894100594846,4096,0,0,1.0,0.0,0.0,0,0.0,0.48752894100594846,0.0
DNS,c1,133,0.083125,7.388697525467799e-19,1.0000000000000002,0.48740365921194195,4096,0,0,1.0,0.0,0.0,0,0.0,0.48740365921194195,0.0
DNS,c1,134,0.08375,7.945899670099002e-19,1.0000000000000002,0.48727791518762975,4096,0,0,1.0,0.0,0.0,0,0.0,0.48727791518762975,0.0
DNS,c1,135,0.084375,8.544693590411319e-19,1.0000000000000002,0.487151709085637,4096,0,0,1.0,0.0,0.0,0,0.0,0.487151709085637,0.0
DNS,c1,136,0.085,9.188477543608742e-19,1.0000000000000002,0.48702504107687733,4096,0,0,1.0,0.0,0.0,0,0.0,0.48702504107687733,0.0
DNS,c1,137,0.085625,9.873687018518272e-19,1.0000000000000002,0.48689791135053595,4096,0,0,1.0,0.0,0.0,0,0.0,0.48689791135053595,0.0
DNS,c1,138,0.08625000000000001,1.0594716549362156e-18,1.0000000000000002,0.48677032011404586,4096,0,0,1.0,0.0,0.0,0,0.0,0.48677032011404586,0.0
DNS,c1,139,0.08687500000000001,1.1366721498935068e-18,1.0000000000000002,0.4866422675930586,4096,0,0,1.0,0.0,0.0,0,0.0,0.4866422675930586,0.0
DNS,c1,140,0.08750000000000001,1.2193479151155211e-18,1.0000000000000002,0.4865137540314079,4096,0,0,1.0,0.0,0.0,0,0.0,0.4865137540314079,0.0
DNS,c1,141,0.088125,1.3079113320744058e-18,1.0000000000000002,0.48638477969106786,4096,0,0,1.0,0.0,0.0,0,0.0,0.48638477969106786,0.0
DNS,c1,142,0.08875,1.4028138814947902e-18,1.0000000000000002,0.4862553448521062,4096,0,0,1.0,0.0,0.0,0,0.0,0.4862553448521062,0.0
DNS,c1,143,0.089375,1.504551307033232e-18,1.0000000000000002,0.4861254498126312,4096,0,0,1.0,0.0,0.0,0,0.0,0.4861254498126312,0.0
DNS,c1,144,0.09,1.6136696200494864e-18,1.0000000000000002,0.48599509488873477,4096,0,0,1.0,0.0,0.0,0,0.0,0.48599509488873477,0.0
DNS,c1,145,0.090625,1.7307720899990952e-18,1.0000000000000002,0.4858642804144299,4096,0,0,1.0,0.0,0.0,0,0.0,0.4858642804144299,0.0
DNS,c1,146,0.09125,1.856527389313425e-18,1.0000000000000002,0.485733006741584,4096,0,0,1.0,0.0,0.0,0,0.0,0.485733006741584,0.0
DNS,c1,147,0.091875,1.991679089879388e-18,1.0000000000000002,0.4856012742398479,4096,0,0,1.0,0.0,0.0,0,0.0,0.4856012742398479,0.0
DNS,c1,148,0.0925,2.1370567409782184e-18,1.0000000000000002,0.4854690832965806,4096,0,0,1.0,0.0,0.0,0,0.0,0.4854690832965806,0.0
DNS,c1,149,0.093125,2.2877323757023673e-18,1.0000000000000002,0.48533643431677037,4096,0,0,1.0,0.0,0.0,0,0.0,0.48533643431677037,0.0
DNS,c1,150,0.09375,2.4473148490003128e-18,1.0000000000000002,0.48520332772295205,4096,0,0,1.0,0.0,0.0,0,0.0,0.48520332772295205,0.0
DNS,c1,151,0.094375,2.6179330002042805e-18,1.0000000000000002,0.4850697639551209,4096,0,0,1.0,0.0,0.0,0,0.0,0.4850697639551209,0.0
DNS,c1,152,0.095,2.8004396554925627e-18,1.0000000000000002,0.48493574347064294,4096,0,0,1.0,0.0,0.0,0,0.0,0.48493574347064294,0.0
DNS,c1,153,0.095625,2.995775665393424e-18,1.0000000000000002,0.4848012667441625,4096,0,0,1.0,0.0,0.0,0,0.0,0.4848012667441625,0.0
DNS,c1,154,0.09625,3.204982261526621e-18,1.0000000000000002,0.4846663342675068,4096,0,0,1.0,0.0,0.0,0,0.0,0.4846663342675068,0.0
DNS,c1,155,0.096875,3.4292154105049563e-18,1.0000000000000002,0.4845309465495873,4096,0,0,1.0,0.0,0.0,0,0.0,0.4845309465495873,0.0
DNS,c1,156,0.0975,3.669762492291534e-18,1.0000000000000002,0.48439510411629894,4096,0,0,1.0,0.0,0.0,0,0.0,0.48439510411629894,0.0
DNS,c1,157,0.098125,3.928061682070594e-18,1.0000000000000002,0.4842588075104164,4096,0,0,1.0,0.0,0.0,0,0.0,0.4842588075104164,0.0
DNS,c1,158,0.09875,4.205724474212331e-18,1.0000000000000002,0.48412205729148866,4096,0,0,1.0,0.0,0.0,0,0.0,0.48412205729148866,0.0
DNS,c1,159,0.099375,4.5045618552868535e-18,1.0,0.4839848540357308,4096,0,0,1.0,0.0,0.0,0,0.0,0.4839848540357308,0.0
DNS,c1,160,0.1,4.826614711543971e-18,1.0,0.48384719833591366,4096,0,0,1.0,0.0,0.0,0,0.0,0.48384719833591366,0.0
DNS,c1,161,0.100625,5.151524961942683e-18,1.0,0.4837090908012525,4096,0,0,1.0,0.0,0.0,0,0.0,0.4837090908012525,0.0
DNS,c1,162,0.10125,5.496839273824499e-18,1.0,0.4835705320572924,4096,0,0,1.0,0.0,0.0,0,0.0,0.4835705320572924,0.0
DNS,c1,163,0.10187500000000001,5.865834257442998e-18,1.0,0.48343152274579365,4096,0,0,1.0,0.0,0.0,0,0.0,0.48343152274579365,0.0
DNS,c1,164,0.10250000000000001,6.260450526012201e-18,1.0,0.48329206352461357,4096,0,0,1.0,0.0,0.0,0,0.0,0.48329206352461357,0.0
DNS,c1,165,0.10312500000000001,6.6828486360337165e-18,1.0,0.48315215506758913,4096,0,0,1.0,0.0,0.0,0,0.0,0.48315215506758913,0.0
DNS,c1,166,0.10375000000000001,7.135441005876265e-18,1.0,0.4830117980644161,4096,0,0,1.0,0.0,0.0,0,0.0,0.4830117980644161,0.0
DNS,c1,167,0.104375,7.620928835040166e-18,1.0,0.4828709932205285,4096,0,0,1.0,0.0,0.0,0,0.0,0.4828709932205285,0.0
DNS,c1,168,0.105,8.142344796397988e-18,1.0,0.4827297412569762,4096,0,0,1.0,0.0,0.0,0,0.0,0.4827297412569762,0.0
DNS,c1,169,0.105625,8.703102387640288e-18,1.0,0.48258804291030144,4096,0,0,1.0,0.0,0.0,0,0.0,0.48258804291030144,0.0
DNS,c1,170,0.10625,9.307052957954227e-18,1.0,0.4824458989324144,4096,0,0,1.0,0.0,0.0,0,0.0,0.4824458989324144,0.0
DNS,c1,171,0.106875,9.958551573688214e-18,1.0,0.48230331009046834,4096,0,0,1.0,0.0,0.0,0,0.0,0.48230331009046834,0.0
DNS,c1,172,0.1075,1.0662533054721806e-17,1.0,0.4821602771667333,4096,0,0,1.0,0.0,0.0,0,0.0,0.4821602771667333,0.0
DNS,c1,173,0.108125,1.1419753592593187e-17,1.0,0.48201680095846966,4096,0,0,1.0,0.0,0.0,0,0.0,0.48201680095846966,0.0
DNS,c1,174,0.10875,1.2161509076525469e-17,1.0,0.48187288227780034,4096,0,0,1.0,0.0,0.0,0,0.0,0.48187288227780034,0.0
DNS,c1,175,0.109375,1.2954320124033474e-17,1.0,0.4817285219515834,4096,0,0,1.0,0.0,0.0,0,0.0,0.4817285219515834,0.0
DNS,c1,176,0.11,1.3802610729431143e-17,1.0,0.4815837208212835,4096,0,0,1.0,0.0,0.0,0,0.0,0.4815837208212835,0.0
DNS,c1,177,0.110625,1.471133231112019e-17,1.0,0.4814384797428426,4096,0,0,1.0,0.0,0.0,0,0.0,0.4814384797428426,0.0
DNS,c1,178,0.11125,1.5686039561839888e-17,1.0,0.4812927995865516,4096,0,0,1.0,0.0,0.0,0,0.0,0.4812927995865516,0.0
DNS,c1,179,0.111875,1.673297762330878e-17,1.0,0.4811466812369204,4096,0,0,1.0,0.0,0.0,0,0.0,0.4811466812369204,0.0
DNS,c1,180,0.1125,1.7859182228103717e-17,1.0,0.4810001255925481,4096,0,0,1.0,0.0,0.0,0,0.0,0.4810001255925481,0.0
DNS,c1,181,0.113125,1.907259467812033e-17,1.0,0.4808531335659934,4096,0,0,1.0,0.0,0.0,0,0.0,0.4808531335659934,0.0
DNS,c1,182,0.11375,2.0382193784838572e-17,1.0,0.4807057060836444,4096,0,0,1.0,0.0,0.0,0,0.0,0.4807057060836444,0.0
DNS,c1,183,0.114375,2.1798147185433294e-17,1.0,0.48055784408558894,4096,0,0,1.0,0.0,0.0,0,0.0,0.48055784408558894,0.0
DNS,c1,184,0.115,2.3331984774475516e-17,1.0,0.480409548525484,4096,0,0,1.0,0.0,0.0,0,0.0,0.480409548525484,0.0
DNS,c1,185,0.115625,2.4996797357956217e-17,1.0,0.4802608203704263,4096,0,0,1.0,0.0,0.0,0,0.0,0.4802608203704263,0.0
DNS,c1,186,0.11625,2.6807464049503438e-17,1.0,0.4801116606008218,4096,0,0,1.0,0.0,0.0,0,0.0,0.4801116606008218,0.0
DNS,c1,187,0.116875,2.878091239335875e-17,1.0,0.4799620702102563,4096,0,0,1.0,0.0,0.0,0,0.0,0.4799620702102563,0.0
DNS,c1,188,0.11750000000000001,3.0936415720915676e-17,1.0,0.47981205020536577,4096,0,0,1.0,0.0,0.0,0,0.0,0.47981205020536577,0.0
DNS,c1,189,0.11812500000000001,3.3111892870945905e-17,1.0,0.47966160160570676,4096,0,0,1.0,0.0,0.0,0,0.0,0.47966160160570676,0.0
DNS,c1,190,0.11875000000000001,3.529077924342388e-17,1.0,0.4795107254436276,4096,0,0,1.0,0.0,0.0,0,0.0,0.4795107254436276,0.0
DNS,c1,191,0.11937500000000001,3.763394467802816e-17,1.0,0.47935942276413934,4096,0,0,1.0,0.0,0.0,0,0.0,0.47935942276413934,0.0
DNS,c1,192,0.12,4.015761175041211e-17,1.0,0.47920769462478735,4096,0,0,1.0,0.0,0.0,0,0.0,0.47920769462478735,0.0
DNS,c1,193,0.120625,4.288003898045931e-17,1.0,0.47905554209552303,4096,0,0,1.0,0.0,0.0,0,0.0,0.47905554209552303,0.0
DNS,c1,194,0.12125,4.582180214809261e-17,1.0,0.4789029662585764,4096,0,0,1.0,0.0,0.0,0,0.0,0.4789029662585764,0.0
DNS,c1,195,0.121875,4.900611445570133e-17,1.0,0.4787499682083286,4096,0,0,1.0,0.0,0.0,0,0.0,0.4787499682083286,0.0
DNS,c1,196,0.1225,5.2459190692867014e-17,1.0,0.47859654905118504,4096,0,0,1.0,0.0,0.0,0,0.0,0.47859654905118504,0.0
DNS,c1,197,0.123125,5.621066120659601e-17,1.0,0.4784427099054492,4096,0,0,1.0,0.0,0.0,0,0.0,0.4784427099054492,0.0
DNS,c1,198,0.12375,6.02940422040315e-17,1.0,0.4782884519011967,4096,0,0,1.0,0.0,0.0,0,0.0,0.4782884519011967,0.0
DNS,c1,199,0.124375,6.474726972295448e-17,1.0,0.4781337761801502,4096,0,0,1.0,0.0,0.0,0,0.0,0.4781337761801502,0.0
DNS,c1,200,0.125,6.961330550746625e-17,1.0,0.4779786838955546,4096,0,0,1.0,0.0,0.0,0,0.0,0.4779786838955546,0.0
DNS,c1,201,0.12562500000000001,7.494082403216015e-17,1.0,0.47782317621205295,4096,0,0,1.0,0.0,0.0,0,0.0,0.47782317621205295,0.0
DNS,c1,202,0.12625,8.078499103891933e-17,1.0,0.477667254305563,4096,0,0,1.0,0.0,0.0,0,0.0,0.477667254305563,0.0
DNS,c1,203,0.12687500000000002,8.720834519838492e-17,1.0,0.4775109193631546,4096,0,0,1.0,0.0,0.0,0,0.0,0.4775109193631546,0.0
DNS,c1,204,0.1275,9.428179589646926e-17,1.0,0.477354172582927,4096,0,0,1.0,0.0,0.0,0,0.0,0.477354172582927,0.0
DNS,c1,205,0.128125,1.0208575168966769e-16,1.0,0.477197015173888,4096,0,0,1.0,0.0,0.0,0,0.0,0.477197015173888,0.0
DNS,c1,206,0.12875,1.1071139568736846e-16,0.9999999999999999,0.47703944835583256,4096,0,0,1.0,0.0,0.0,0,0.0,0.47703944835583256,0.0
DNS,c1,207,0.129375,1.2026212602240379e-16,0.9999999999999998,0.4768814733592234,4096,0,0,1.0,0.0,0.0,0,0.0,0.4768814733592234,0.0
DNS,c1,208,0.13,1.308551816818956e-16,0.9999999999999997,0.47672309142507074,4096,0,0,1.0,0.0,0.0,0,0.0,0.47672309142507074,0.0
DNS,c1,209,0.130625,1.426234763099739e-16,0.9999999999999996,0.47656430380481507,4096,0,0,1.0,0.0,0.0,0,0.0,0.47656430380481507,0.0
DNS,c1,210,0.13125,1.541730636981975e-16,0.9999999999999994,0.4764051117602077,4096,0,0,1.0,0.0,0.0,0,0.0,0.4764051117602077,0.0
DNS,c1,211,0.131875,1.6552328260343663e-16,0.9999999999999993,0.47624551656319514,4096,0,0,1.0,0.0,0.0,0,0.0,0.47624551656319514,0.0
DNS,c1,212,0.1325,1.778709759392585e-16,0.9999999999999992,0.47608551949580197,4096,0,0,1.0,0.0,0.0,0,0.0,0.47608551949580197,0.0
DNS,c1,213,0.133125,1.9132319879060268e-16,0.9999999999999991,0.4759251218500156,4096,0,0,1.0,0.0,0.0,0,0.0,0.4759251218500156,0.0
DNS,c1,214,0.13375,2.060000161967588e-16,0.999999999999999,0.47576432492767184,4096,0,0,1.0,0.0,0.0,0,0.0,0.47576432492767184,0.0
DNS,c1,215,0.134375,2.2203614042589867e-16,0.9999999999999989,0.47560313004034094,4096,0,0,1.0,0.0,0.0,0,0.0,0.47560313004034094,0.0
DNS,c1,216,0.135,2.3958277044129484e-16,0.9999999999999987,0.47544153850921417,4096,0,0,1.0,0.0,0.0,0,0.0,0.47544153850921417,0.0
DNS,c1,217,0.135625,2.588096574198329e-16,0.9999999999999984,0.4752795516649926,4096,0,0,1.0,0.0,0.0,0,0.0,0.4752795516649926,0.0
DNS,c1,218,0.13625,2.7990742283557104e-16,0.9999999999999982,0.4751171708477748,4096,0,0,1.0,0.0,0.0,0,0.0,0.4751171708477748,0.0
DNS,c1,219,0.136875,3.030901585479514e-16,0.999999999999998,0.4749543974069471,4096,0,0,1.0,0.0,0.0,0,0.0,0.4749543974069471,0.0
DNS,c1,220,0.1375,3.2859834156204937e-16,0.9999999999999977,0.4747912327010737,4096,0,0,1.0,0.0,0.0,0,0.0,0.4747912327010737,0.0
DNS,c1,221,0.138125,3.567020996854532e-16,0.9999999999999973,0.47462767809778805,4096,0,0,1.0,0.0,0.0,0,0.0,0.47462767809778805,0.0
DNS,c1,222,0.13875,3.877048682239556e-16,0.999999999999997,0.47446373497368477,4096,0,0,1.0,0.0,0.0,0,0.0,0.47446373497368477,0.0
DNS,c1,223,0.139375,4.219474821697913e-16,0.9999999999999966,0.4742994047142132,4096,0,0,1.0,0.0,0.0,0,0.0,0.4742994047142132,0.0
DNS,c1,224,0.14,4.598127530780989e-16,0.9999999999999961,0.4741346887135707,4096,0,0,1.0,0.0,0.0,0,0.0,0.4741346887135707,0.0
DNS,c1,225,0.140625,5.017305850390948e-16,0.9999999999999956,0.473969588374598,4096,0,0,1.0,0.0,0.0,0,0.0,0.473969588374598,0.0
DNS,c1,226,0.14125000000000001,5.481836898778688e-16,0.9999999999999952,0.47380410510867466,4096,0,0,1.0,0.0,0.0,0,0.0,0.47380410510867466,0.0
DNS,c1,227,0.141875,5.997139679970102e-16,0.9999999999999949,0.47363824033561563,4096,0,0,1.0,0.0,0.0,0,0.0,0.47363824033561563,0.0
DNS,c1,228,0.14250000000000002,6.569296281694787e-16,0.9999999999999944,0.4734719954835689,4096,0,0,1.0,0.0,0.0,0,0.0,0.4734719954835689,0.0
DNS,c1,229,0.143125,7.205131271443271e-16,0.999999999999994,0.473305371988914,4096,0,0,1.0,0.0,0.0,0,0.0,0.473305371988914,0.0
DNS,c1,230,0.14375000000000002,7.912300182044455e-16,0.9999999999999934,0.47313837129616076,4096,0,0,1.0,0.0,0.0,0,0.0,0.47313837129616076,0.0
DNS,c1,231,0.144375,8.699388068764731e-16,0.9999999999999929,0.47297099485785027,4096,0,0,1.0,0.0,0.0,0,0.0,0.47297099485785027,0.0
DNS,c1,232,0.145,9.576019219063809e-16,0.9999999999999922,0.47280324413445546,4096,0,0,1.0,0.0,0.0,0,0.0,0.47280324413445546,0.0
DNS,c1,233,0.145625,1.0552979204532373e-15,0.9999999999999916,0.4726351205942834,4096,0,0,1.0,0.0,0.0,0,0.0,0.4726351205942834,0.0
DNS,c1,234,0.14625,1.1642350582972462e-15,0.9999999999999909,0.47246662571337816,4096,0,0,1.0,0.0,0.0,0,0.0,0.47246662571337816,0.0
DNS,c1,235,0.146875,1.2857663687912383e-15,0.9999999999999901,0.4722977609754245,4096,0,0,1.0,0.0,0.0,0,0.0,0.4722977609754245,0.0
DNS,c1,236,0.1475,1.4214064083987725e-15,0.9999999999999893,0.47212852787165277,4096,0,0,1.0,0.0,0.0,0,0.0,0.47212852787165277,0.0
DNS,c1,237,0.148125,1.5363917060743384e-15,0.9999999999999885,0.47195892790074456,4096,0,0,1.0,0.0,0.0,0,0.0,0.47195892790074456,0.0
DNS,c1,238,0.14875,1.65981626012131e-15,0.9999999999999875,0.47178896256873915,4096,0,0,1.0,0.0,0.0,0,0.0,0.47178896256873915,0.0
DNS,c1,239,0.149375,1.7944734312278596e-15,0.9999999999999865,0.47161863338894094,4096,0,0,1.0,0.0,0.0,0,0.0,0.47161863338894094,0.0
DNS,c1,240,0.15,1.9415153457659225e-15,0.9999999999999853,0.47144794188182804,4096,0,0,1.0,0.0,0.0,0,0.0,0.47144794188182804,0.0
DNS,c1,241,0.150625,2.1022206504768297e-15,0.999999999999984,0.4712768895749609,4096,0,0,1.0,0.0,0.0,0,0.0,0.4712768895749609,0.0
DNS,c1,242,0.15125,2.278008548037795e-15,0.9999999999999826,0.4711054780028934,4096,0,0,1.0,0.0,0.0,0,0.0,0.4711054780028934,0.0
DNS,c1,243,0.151875,2.4704543430069707e-15,0.999999999999981,0.47093370870708273,4096,0,0,1.0,0.0,0.0,0,0.0,0.47093370870708273,0.0
DNS,c1,244,0.1525,2.6813066521157206e-15,0.9999999999999793,0.4707615832358023,4096,0,0,1.0,0.0,0.0,0,0.0,0.4707615832358023,0.0
DNS,c1,245,0.153125,2.912506447528999e-15,0.9999999999999775,0.47058910314405417,4096,0,0,1.0,0.0,0.0,0,0.0,0.47058910314405417,0.0
DNS,c1,246,0.15375,3.1662081176330593e-15,0.9999999999999754,0.47041626999348235,4096,0,0,1.0,0.0,0.0,0,0.0,0.47041626999348235,0.0
DNS,c1,247,0.154375,3.4448027472368267e-15,0.999999999999973,0.4702430853522879,4096,0,0,1.0,0.0,0.0,0,0.0,0.4702430853522879,0.0
DNS,c1,248,0.155,3.750943837899129e-15,0.9999999999999705,0.4700695507951441,4096,0,0,1.0,0.0,0.0,0,0.0,0.4700695507951441,0.0
DNS,c1,249,0.155625,4.087575709536307e-15,0.9999999999999677,0.46989566790311266,4096,0,0,1.0,0.0,0.0,0,0.0,0.46989566790311266,0.0
DNS,c1,250,0.15625,4.457964846649458e-15,0.9999999999999646,0.46972143826356116,4096,0,0,1.0,0.0,0.0,0,0.0,0.46972143826356116,0.0
DNS,c1,251,0.15687500000000001,4.865734476572328e-15,0.9999999999999611,0.4695468634700808,4096,0,0,1.0,0.0,0.0,0,0.0,0.4695468634700808,0.0
DNS,c1,252,0.1575,5.3149026932235365e-15,0.9999999999999574,0.4693719451224052,4096,0,0,1.0,0.0,0.0,0,0.0,0.4693719451224052,0.0
DNS,c1,253,0.15812500000000002,5.809924468103995e-15,0.9999999999999531,0.4691966848263308,4096,0,0,1.0,0.0,0.0,0,0.0,0.4691966848263308,0.0
DNS,c1,254,0.15875,6.355737920875969e-15,0.9999999999999485,0.4690210841936364,4096,0,0,1.0,0.0,0.0,0,0.0,0.4690210841936364,0.0
DNS,c1,255,0.15937500000000002,6.957815254969091e-15,0.9999999999999433,0.46884514484200507,4096,0,0,1.0,0.0,0.0,0,0.0,0.46884514484200507,0.0
DNS,c1,256,0.16,7.622218799467091e-15,0.9999999999999376,0.4686688683949468,4096,0,0,1.0,0.0,0.0,0,0.0,0.4686688683949468,0.0
DNS,c1,257,0.160625,8.355662637235516e-15,0.9999999999999313,0.46849225648172077,4096,0,0,1.0,0.0,0.0,0,0.0,0.46849225648172077,0.0
DNS,c1,258,0.16125,9.165580341066576e-15,0.9999999999999243,0.46831531073725985,4096,0,0,1.0,0.0,0.0,0,0.0,0.46831531073725985,0.0
DNS,c1,259,0.161875,1.0060199384767341e-14,0.9999999999999165,0.4681380328020949,4096,0,0,1.0,0.0,0.0,0,0.0,0.4681380328020949,0.0
DNS,c1,260,0.1625,1.1048622844840684e-14,0.9999999999999079,0.46796042432228047,4096,0,0,1.0,0.0,0.0,0,0.0,0.46796042432228047,0.0
DNS,c1,261,0.163125,1.2140919060958729e-14,0.9999999999998982,0.46778248694932123,4096,0,0,1.0,0.0,0.0,0,0.0,0.46778248694932123,0.0
DNS,c1,262,0.16375,1.3348219980075822e-14,0.9999999999998875,0.4676042223400988,4096,0,0,1.0,0.0,0.0,0,0.0,0.4676042223400988,0.0
DNS,c1,263,0.164375,1.4682828970058297e-14,0.9999999999998757,0.4674256321567998,4096,0,0,1.0,0.0,0.0,0,0.0,0.4674256321567998,0.0
DNS,c1,264,0.165,1.615833895442546e-14,0.9999999999998624,0.4672467180668446,4096,0,0,1.0,0.0,0.0,0,0.0,0.4672467180668446,0.0
DNS,c1,265,0.165625,1.7788664090322485e-14,0.9999999999998478,0.46706748174281665,4096,0,0,1.0,0.0,0.0,0,0.0,0.46706748174281665,0.0
DNS,c1,266,0.16625,1.9100392708782348e-14,0.9999999999998348,0.46688792486239283,4096,0,0,1.0,0.0,0.0,0,0.0,0.46688792486239283,0.0
DNS,c1,267,0.166875,2.051958320699581e-14,0.9999999999998216,0.46670804910827435,4096,0,0,1.0,0.0,0.0,0,0.0,0.46670804910827435,0.0
DNS,c1,268,0.1675,2.2056088687479667e-14,0.9999999999998072,0.4665278561681185,4096,0,0,1.0,0.0,0.0,0,0.0,0.4665278561681185,0.0
DNS,c1,269,0.168125,2.372072528472052e-14,0.9999999999997915,0.4663473477344713,4096,0,0,1.0,0.0,0.0,0,0.0,0.4663473477344713,0.0
DNS,c1,270,0.16875,2.552536650613006e-14,0.9999999999997744,0.46616652550470045,4096,0,0,1.0,0.0,0.0,0,0.0,0.46616652550470045,0.0
DNS,c1,271,0.169375,2.7483046447420074e-14,0.9999999999997559,0.46598539118092974,4096,0,0,1.0,0.0,0.0,0,0.0,0.46598539118092974,0.0
DNS,c1,272,0.17,2.96080726649832e-14,0.9999999999997355,0.46580394646997325,4096,0,0,1.0,0.0,0.0,0,0.0,0.46580394646997325,0.0
DNS,c1,273,0.170625,3.191614955160282e-14,0.9999999999997135,0.4656221930832712,4096,0,0,1.0,0.0,0.0,0,0.0,0.4656221930832712,0.0
DNS,c1,274,0.17125,3.442451313028033e-14,0.9999999999996894,0.4654401327368257,4096,0,0,1.0,0.0,0.0,0,0.0,0.4654401327368257,0.0
DNS,c1,275,0.171875,3.715207825447354e-14,0.999999999999663,0.4652577671511382,4096,0,0,1.0,0.0,0.0,0,0.0,0.4652577671511382,0.0
DNS,c1,276,0.17250000000000001,4.0119599281916945e-14,0.9999999999996343,0.4650750980511463,4096,0,0,1.0,0.0,0.0,0,0.0,0.4650750980511463,0.0
DNS,c1,277,0.173125,4.3349845373793e-14,0.9999999999996028,0.46489212716616235,4096,0,0,1.0,0.0,0.0,0,0.0,0.46489212716616235,0.0
DNS,c1,278,0.17375000000000002,4.6867791661712664e-14,0.9999999999995683,0.4647088562298124,4096,0,0,1.0,0.0,0.0,0,0.0,0.4647088562298124,0.0
DNS,c1,279,0.174375,5.0700827622132676e-14,0.9999999999995307,0.46452528697997564,4096,0,0,1.0,0.0,0.0,0,0.0,0.46452528697997564,0.0
DNS,c1,280,0.17500000000000002,5.4878984101898137e-14,0.9999999999994894,0.46434142115872473,4096,0,0,1.0,0.0,0.0,0,0.0,0.46434142115872473,0.0
DNS,c1,281,0.175625,5.943518054998431e-14,0.9999999999994442,0.4641572605122668,4096,0,0,1.0,0.0,0.0,0,0.0,0.4641572605122668,0.0
DNS,c1,282,0.17625,6.440549412967884e-14,0.9999999999993947,0.46397280679088465,4096,0,0,1.0,0.0,0.0,0,0.0,0.46397280679088465,0.0
DNS,c1,283,0.176875,6.982945251287423e-14,0.9999999999993405,0.46378806174887943,4096,0,0,1.0,0.0,0.0,0,0.0,0.46378806174887943,0.0
DNS,c1,284,0.1775,7.575035229433746e-14,0.9999999999992811,0.463603027144513,4096,0,0,1.0,0.0,0.0,0,0.0,0.463603027144513,0.0
DNS,c1,285,0.178125,8.221560510932015e-14,0.999999999999216,0.4634177047399519,4096,0,0,1.0,0.0,0.0,0,0.0,0.4634177047399519,0.0
DNS,c1,286,0.17875,8.927711369322832e-14,0.9999999999991445,0.463232096301211,4096,0,0,1.0,0.0,0.0,0,0.0,0.463232096301211,0.0
DNS,c1,287,0.179375,9.699168028787323e-14,0.999999999999066,0.46304620359809834,4096,0,0,1.0,0.0,0.0,0,0.0,0.46304620359809834,0.0
DNS,c1,288,0.18,1.0542144997568967e-13,0.9999999999989799,0.4628600284041603,4096,0,0,1.0,0.0,0.0,0,0.0,0.4628600284041603,0.0
DNS,c1,289,0.180625,1.146343917118843e-13,0.9999999999988854,0.46267357249662777,4096,0,0,1.0,0.0,0.0,0,0.0,0.46267357249662777,0.0
DNS,c1,290,0.18125,1.2470482002544119e-13,0.9999999999987818,0.4624868376563624,4096,0,0,1.0,0.0,0.0,0,0.0,0.4624868376563624,0.0
DNS,c1,291,0.181875,1.3571396057397643e-13,0.999999999998668,0.4622998256678037,4096,0,0,1.0,0.0,0.0,0,0.0,0.4622998256678037,0.0
DNS,c1,292,0.1825,1.477505629653449e-13,0.9999999999985429,0.4621125383189166,4096,0,0,1.0,0.0,0.0,0,0.0,0.4621125383189166,0.0
DNS,c1,293,0.183125,1.609115645014368e-13,0.9999999999984057,0.46192497740113964,4096,0,0,1.0,0.0,0.0,0,0.0,0.46192497740113964,0.0
DNS,c1,294,0.18375,1.7530280875757937e-13,0.9999999999982551,0.46173714470933375,4096,0,0,1.0,0.0,0.0,0,0.0,0.46173714470933375,0.0
DNS,c1,295,0.184375,1.8731795219535482e-13,0.9999999999981145,0.4615490420417315,4096,0,0,1.0,0.0,0.0,0,0.0,0.4615490420417315,0.0
DNS,c1,296,0.185,1.9940553053837105e-13,0.9999999999979823,0.4613606711998869,4096,0,0,1.0,0.0,0.0,0,0.0,0.4613606711998869,0.0
DNS,c1,297,0.185625,2.1237604552469855e-13,0.9999999999978398,0.4611720339886257,4096,0,0,1.0,0.0,0.0,0,0.0,0.4611720339886257,0.0
DNS,c1,298,0.18625,2.26302596533329e-13,0.9999999999976862,0.4609831322159962,4096,0,0,1.0,0.0,0.0,0,0.0,0.4609831322159962,0.0
DNS,c1,299,0.186875,2.412646926748164e-13,0.9999999999975204,0.46079396769322073,4096,0,0,1.0,0.0,0.0,0,0.0,0.46079396769322073,0.0
DNS,c1,300,0.1875,2.573488072936898e-13,0.9999999999973416,0.4606045422346475,4096,0,0,1.0,0.0,0.0,0,0.0,0.4606045422346475,0.0
DNS,c1,301,0.18812500000000001,2.746489778396467e-13,0.9999999999971484,0.46041485765770285,4096,0,0,1.0,0.0,0.0,0,0.0,0.46041485765770285,0.0
DNS,c1,302,0.18875,2.932674545429285e-13,0.9999999999969397,0.46022491578284414,4096,0,0,1.0,0.0,0.0,0,0.0,0.46022491578284414,0.0
DNS,c1,303,0.18937500000000002,3.133154015664294e-13,0.999999999996714,0.4600347184335133,4096,0,0,1.0,0.0,0.0,0,0.0,0.4600347184335133,0.0
DNS,c1,304,0.19,3.349136545588906e-13,0.9999999999964698,0.45984426743609,4096,0,0,1.0,0.0,0.0,0,0.0,0.45984426743609,0.0
DNS,c1,305,0.19062500000000002,3.5819353880077164e-13,0.9999999999962057,0.45965356461984674,4096,0,0,1.0,0.0,0.0,0,0.0,0.45965356461984674,0.0
DNS,c1,306,0.19125,3.832977524178833e-13,0.9999999999959197,0.45946261181690295,4096,0,0,1.0,0.0,0.0,0,0.0,0.45946261181690295,0.0
DNS,c1,307,0.19187500000000002,4.1038131943847137e-13,0.99999999999561,0.4592714108621801,4096,0,0,1.0,0.0,0.0,0,0.0,0.4592714108621801,0.0
DNS,c1,308,0.1925,4.3961261778804466e-13,0.9999999999952743,0.4590799635933578,4096,0,0,1.0,0.0,0.0,0,0.0,0.4590799635933578,0.0
DNS,c1,309,0.193125,4.711744876537763e-13,0.9999999999949105,0.45888827185082925,4096,0,0,1.0,0.0,0.0,0,0.0,0.45888827185082925,0.0
DNS,c1,310,0.19375,5.052654260077337e-13,0.999999999994516,0.45869633747765803,4096,0,0,1.0,0.0,0.0,0,0.0,0.45869633747765803,0.0
DNS,c1,311,0.194375,5.421008734565242e-13,0.9999999999940882,0.45850416231953484,4096,0,0,1.0,0.0,0.0,0,0.0,0.45850416231953484,0.0
DNS,c1,312,0.195,5.819145999852153e-13,0.9999999999936239,0.4583117482247347,4096,0,0,1.0,0.0,0.0,0,0.0,0.4583117482247347,0.0
DNS,c1,313,0.195625,6.249601965866987e-13,0.99999999999312,0.45811909704407433,4096,0,0,1.0,0.0,0.0,0,0.0,0.45811909704407433,0.0
DNS,c1,314,0.19625,6.715126802151337e-13,0.9999999999925728,0.45792621063087086,4096,0,0,1.0,0.0,0.0,0,0.0,0.45792621063087086,0.0
DNS,c1,315,0.196875,7.218702199749086e-13,0.9999999999919787,0.4577330908408996,4096,0,0,1.0,0.0,0.0,0,0.0,0.4577330908408996,0.0
DNS,c1,316,0.1975,7.763559929559099e-13,0.9999999999913335,0.45753973953235283,4096,0,0,1.0,0.0,0.0,0,0.0,0.45753973953235283,0.0
DNS,c1,317,0.198125,8.353201786530515e-13,0.9999999999906325,0.45734615856579924,4096,0,0,1.0,0.0,0.0,0,0.0,0.45734615856579924,0.0
DNS,c1,318,0.19875,8.991421014642955e-13,0.9999999999898708,0.4571523498041433,4096,0,0,1.0,0.0,0.0,0,0.0,0.4571523498041433,0.0
DNS,c1,319,0.199375,9.682325313481433e-13,0.999999999989043,0.4569583151125849,4096,0,0,1.0,0.0,0.0,0,0.0,0.4569583151125849,0.0
DNS,c1,320,0.2,1.0430361533402021e-12,0.9999999999881434,0.45676405635857975,4096,0,0,1.0,0.0,0.0,0,0.0,0.45676405635857975,0.0
DNS,c1,321,0.200625,1.1240342172803689e-12,0.9999999999871655,0.45656957541179954,4096,0,0,1.0,0.0,0.0,0,0.0,0.45656957541179954,0.0
DNS,c1,322,0.20125,1.2117473797889384e-12,0.9999999999861025,0.4563748741440932,4096,0,0,1.0,0.0,0.0,0,0.0,0.4563748741440932,0.0
DNS,c1,323,0.201875,1.3053539006440967e-12,0.9999999999849467,0.45617995442944764,4096,0,0,1.0,0.0,0.0,0,0.0,0.45617995442944764,0.0
DNS,c1,324,0.2025,1.3775023295178548e-12,0.9999999999839603,0.4559848181439491,4096,0,0,1.0,0.0,0.0,0,0.0,0.4559848181439491,0.0
DNS,c1,325,0.203125,1.4543037521895508e-12,0.9999999999829798,0.45578946716574525,4096,0,0,1.0,0.0,0.0,0,0.0,0.45578946716574525,0.0
DNS,c1,326,0.20375000000000001,1.5361072094198145e-12,0.9999999999819316,0.4555939033750069,4096,0,0,1.0,0.0,0.0,0,0.0,0.4555939033750069,0.0
DNS,c1,327,0.204375,1.6232894787595273e-12,0.9999999999808101,0.4553981286538901,4096,0,0,1.0,0.0,0.0,0,0.0,0.4553981286538901,0.0
DNS,c1,328,0.20500000000000002,1.7162572212357014e-12,0.9999999999796099,0.45520214488649935,4096,0,0,1.0,0.0,0.0,0,0.0,0.45520214488649935,0.0
DNS,c1,329,0.205625,1.815449283080022e-12,0.9999999999783244,0.45500595395884935,4096,0,0,1.0,0.0,0.0,0,0.0,0.45500595395884935,0.0
DNS,c1,330,0.20625000000000002,1.921339162740601e-12,0.9999999999769472,0.45480955775882925,4096,0,0,1.0,0.0,0.0,0,0.0,0.45480955775882925,0.0
DNS,c1,331,0.206875,2.0344376540258527e-12,0.999999999975471,0.454612958176165,4096,0,0,1.0,0.0,0.0,0,0.0,0.454612958176165,0.0
DNS,c1,332,0.20750000000000002,2.1552956768694725e-12,0.9999999999738877,0.45441615710238337,4096,0,0,1.0,0.0,0.0,0,0.0,0.45441615710238337,0.0
DNS,c1,333,0.208125,2.2845073078785875e-12,0.9999999999721889,0.45421915643077543,4096,0,0,1.0,0.0,0.0,0,0.0,0.45421915643077543,0.0
DNS,c1,334,0.20875,2.4227130235347513e-12,0.9999999999703655,0.45402195805636086,4096,0,0,1.0,0.0,0.0,0,0.0,0.45402195805636086,0.0
DNS,c1,335,0.209375,2.5706031696609573e-12,0.9999999999684074,0.4538245638758519,4096,0,0,1.0,0.0,0.0,0,0.0,0.4538245638758519,0.0
DNS,c1,336,0.21,2.72892167154881e-12,0.9999999999663038,0.4536269757876177,4096,0,0,1.0,0.0,0.0,0,0.0,0.4536269757876177,0.0
DNS,c1,337,0.210625,2.898469999959943e-12,0.9999999999640432,0.4534291956916493,4096,0,0,1.0,0.0,0.0,0,0.0,0.4534291956916493,0.0
DNS,c1,338,0.21125,3.0801114090763082e-12,0.9999999999616128,0.453231225489524,4096,0,0,1.0,0.0,0.0,0,0.0,0.453231225489524,0.0
DNS,c1,339,0.211875,3.274775463376741e-12,0.9999999999589991,0.4530330670843706,4096,0,0,1.0,0.0,0.0,0,0.0,0.4530330670843706,0.0
DNS,c1,340,0.2125,3.4834628713638803e-12,0.9999999999561875,0.45283472238083416,4096,0,0,1.0,0.0,0.0,0,0.0,0.45283472238083416,0.0
DNS,c1,341,0.213125,3.7072506450578894e-12,0.999999999953162,0.452636193285042,4096,0,0,1.0,0.0,0.0,0,0.0,0.452636193285042,0.0
DNS,c1,342,0.21375,3.947297605213177e-12,0.9999999999499055,0.45243748170456843,4096,0,0,1.0,0.0,0.0,0,0.0,0.45243748170456843,0.0
DNS,c1,343,0.214375,4.2048502533033764e-12,0.9999999999463994,0.45223858954840074,4096,0,0,1.0,0.0,0.0,0,0.0,0.45223858954840074,0.0
DNS,c1,344,0.215,4.481249032459999e-12,0.9999999999426238,0.4520395187269051,4096,0,0,1.0,0.0,0.0,0,0.0,0.4520395187269051,0.0
DNS,c1,345,0.215625,4.777935000743413e-12,0.999999999938557,0.45184027115179215,4096,0,0,1.0,0.0,0.0,0,0.0,0.45184027115179215,0.0
DNS,c1,346,0.21625,5.096456941373022e-12,0.999999999934176,0.4516408487360828,4096,0,0,1.0,0.0,0.0,0,0.0,0.4516408487360828,0.0
DNS,c1,347,0.216875,5.438478935848803e-12,0.9999999999294555,0.45144125339407526,4096,0,0,1.0,0.0,0.0,0,0.0,0.45144125339407526,0.0
DNS,c1,348,0.2175,5.8057884272606805e-12,0.9999999999243686,0.45124148704131023,4096,0,0,1.0,0.0,0.0,0,0.0,0.45124148704131023,0.0
DNS,c1,349,0.218125,6.200304802507772e-12,0.999999999918886,0.451041551594538,4096,0,0,1.0,0.0,0.0,0,0.0,0.451041551594538,0.0
DNS,c1,350,0.21875,6.6240885236383455e-12,0.9999999999129763,0.45084144897168454,4096,0,0,1.0,0.0,0.0,0,0.0,0.45084144897168454,0.0
DNS,c1,351,0.21937500000000001,7.0793508400757275e-12,0.9999999999066057,0.45064118109181805,4096,0,0,1.0,0.0,0.0,0,0.0,0.45064118109181805,0.0
DNS,c1,352,0.22,7.4441326649807e-12,0.9999999999007235,0.4504407498751159,4096,0,0,1.0,0.0,0.0,0,0.0,0.4504407498751159,0.0
DNS,c1,353,0.22062500000000002,7.802572115260319e-12,0.9999999998954323,0.45024015724283073,4096,0,0,1.0,0.0,0.0,0,0.0,0.45024015724283073,0.0
DNS,c1,354,0.22125,8.181958695260476e-12,0.9999999998898129,0.4500394051172576,4096,0,0,1.0,0.0,0.0,0,0.0,0.4500394051172576,0.0
DNS,c1,355,0.22187500000000002,8.583741669972007e-12,0.999999999883842,0.449838495421701,4096,0,0,1.0,0.0,0.0,0,0.0,0.449838495421701,0.0
DNS,c1,356,0.2225,9.009475106421069e-12,0.9999999998774944,0.4496374300804411,4096,0,0,1.0,0.0,0.0,0,0.0,0.4496374300804411,0.0
DNS,c1,357,0.22312500000000002,9.460825115100079e-12,0.999999999870743,0.4494362110187012,4096,0,0,1.0,0.0,0.0,0,0.0,0.4494362110187012,0.0
DNS,c1,358,0.22375,9.9395775515463e-12,0.9999999998635586,0.4492348401626144,4096,0,0,1.0,0.0,0.0,0,0.0,0.4492348401626144,0.0
DNS,c1,359,0.224375,1.0447646204471267e-11,0.9999999998559099,0.44903331943919067,4096,0,0,1.0,0.0,0.0,0,0.0,0.44903331943919067,0.0
DNS,c1,360,0.225,1.0987081498184383e-11,0.9999999998477633,0.44883165077628373,4096,0,0,1.0,0.0,0.0,0,0.0,0.44883165077628373,0.0
DNS,c1,361,0.225625,1.1560079738452013e-11,0.9999999998390827,0.44862983610255813,4096,0,0,1.0,0.0,0.0,0,0.0,0.44862983610255813,0.0
DNS,c1,362,0.22625,1.2168992932391146e-11,0.9999999998298292,0.4484278773474564,4096,0,0,1.0,0.0,0.0,0,0.0,0.4484278773474564,0.0
DNS,c1,363,0.226875,1.2816339214516234e-11,0.9999999998199612,0.4482257764411658,4096,0,0,1.0,0.0,0.0,0,0.0,0.4482257764411658,0.0
DNS,c1,364,0.2275,1.3504813912641096e-11,0.9999999998094339,0.44802353531458544,4096,0,0,1.0,0.0,0.0,0,0.0,0.44802353531458544,0.0
DNS,c1,365,0.228125,1.4237301288986842e-11,0.9999999997981991,0.4478211558992933,4096,0,0,1.0,0.0,0.0,0,0.0,0.4478211558992933,0.0
DNS,c1,366,0.22875,1.5016886993563762e-11,0.9999999997862054,0.4476186401275131,4096,0,0,1.0,0.0,0.0,0,0.0,0.4476186401275131,0.0
DNS,c1,367,0.229375,1.5846871268682062e-11,0.9999999997733973,0.44741598993208154,4096,0,0,1.0,0.0,0.0,0,0.0,0.44741598993208154,0.0
DNS,c1,368,0.23,1.673078294530541e-11,0.9999999997597153,0.4472132072464148,4096,0,0,1.0,0.0,0.0,0,0.0,0.4472132072464148,0.0
DNS,c1,369,0.230625,1.7672394273894633e-11,0.9999999997450959,0.44701029400447556,4096,0,0,1.0,0.0,0.0,0,0.0,0.44701029400447556,0.0
DNS,c1,370,0.23125,1.8675736634398756e-11,0.9999999997294707,0.4468072521407399,4096,0,0,1.0,0.0,0.0,0,0.0,0.4468072521407399,0.0
DNS,c1,371,0.231875,1.9745117172139127e-11,0.9999999997127665,0.4466040835901642,4096,0,0,1.0,0.0,0.0,0,0.0,0.4466040835901642,0.0
DNS,c1,372,0.2325,2.0885136408501942e-11,0.9999999996949048,0.4464007902881513,4096,0,0,1.0,0.0,0.0,0,0.0,0.4464007902881513,0.0
DNS,c1,373,0.233125,2.210070687760717e-11,0.9999999996758014,0.4461973741705177,4096,0,0,1.0,0.0,0.0,0,0.0,0.4461973741705177,0.0
DNS,c1,374,0.23375,2.3397072842460177e-11,0.9999999996553662,0.4459938371734601,4096,0,0,1.0,0.0,0.0,0,0.0,0.4459938371734601,0.0
DNS,c1,375,0.234375,2.4779831146518386e-11,0.9999999996335027,0.4457901812335211,4096,0,0,1.0,0.0,0.0,0,0.0,0.4457901812335211,0.0
DNS,c1,376,0.23500000000000001,2.625495325912159e-11,0.9999999996101075,0.4455864082875569,4096,0,0,1.0,0.0,0.0,0,0.0,0.4455864082875569,0.0
DNS,c1,377,0.235625,2.782880857584318e-11,0.9999999995850701,0.44538252027270225,4096,0,0,1.0,0.0,0.0,0,0.0,0.44538252027270225,0.0
DNS,c1,378,0.23625000000000002,2.9508189037523095e-11,0.999999999558272,0.44517851912633766,4096,0,0,1.0,0.0,0.0,0,0.0,0.44517851912633766,0.0
DNS,c1,379,0.236875,3.1217341374905014e-11,0.9999999995295865,0.44497440678605504,4096,0,0,1.0,0.0,0.0,0,0.0,0.44497440678605504,0.0
DNS,c1,380,0.23750000000000002,3.2515905911783905e-11,0.9999999995055905,0.4447701851896237,4096,0,0,1.0,0.0,0.0,0,0.0,0.4447701851896237,0.0
DNS,c1,381,0.238125,3.3882965079081655e-11,0.9999999994823648,0.4445658562749561,4096,0,0,1.0,0.0,0.0,0,0.0,0.4445658562749561,0.0
DNS,c1,382,0.23875000000000002,3.5322911101640736e-11,0.9999999994578301,0.4443614219800741,4096,0,0,1.0,0.0,0.0,0,0.0,0.4443614219800741,0.0
DNS,c1,383,0.239375,3.684042794302181e-11,0.9999999994318999,0.444156884243074,4096,0,0,1.0,0.0,0.0,0,0.0,0.444156884243074,0.0
DNS,c1,384,0.24,3.8440509517604334e-11,0.9999999994044818,0.4439522450020923,4096,0,0,1.0,0.0,0.0,0,0.0,0.4439522450020923,0.0
DNS,c1,385,0.240625,4.0128478934760784e-11,0.9999999993754771,0.44374750619527087,4096,0,0,1.0,0.0,0.0,0,0.0,0.44374750619527087,0.0
DNS,c1,386,0.24125,4.191000882728073e-11,0.9999999993447803,0.4435426697607223,4096,0,0,1.0,0.0,0.0,0,0.0,0.4435426697607223,0.0
DNS,c1,387,0.241875,4.379114281851189e-11,0.9999999993122788,0.44333773763649503,4096,0,0,1.0,0.0,0.0,0,0.0,0.44333773763649503,0.0
DNS,c1,388,0.2425,4.577831818505832e-11,0.9999999992778521,0.44313271176053776,4096,0,0,1.0,0.0,0.0,0,0.0,0.44313271176053776,0.0
DNS,c1,389,0.243125,4.7878389774333666e-11,0.9999999992413717,0.44292759407066473,4096,0,0,1.0,0.0,0.0,0,0.0,0.44292759407066473,0.0
DNS,c1,390,0.24375,5.009865523881083e-11,0.9999999992027003,0.44272238650451984,4096,0,0,1.0,0.0,0.0,0,0.0,0.44272238650451984,0.0
DNS,c1,391,0.244375,5.2446881651442175e-11,0.9999999991616914,0.44251709099954134,4096,0,0,1.0,0.0,0.0,0,0.0,0.44251709099954134,0.0
DNS,c1,392,0.245,5.4931333569446894e-11,0.9999999991181884,0.44231170949292575,4096,0,0,1.0,0.0,0.0,0,0.0,0.44231170949292575,0.0
DNS,c1,393,0.245625,5.7560802616477655e-11,0.9999999990720245,0.44210624392159215,4096,0,0,1.0,0.0,0.0,0,0.0,0.44210624392159215,0.0
DNS,c1,394,0.24625,6.034463865608861e-11,0.9999999990230217,0.44190069622214556,4096,0,0,1.0,0.0,0.0,0,0.0,0.44190069622214556,0.0
DNS,c1,395,0.246875,6.329278263243351e-11,0.99999999897099,0.44169506833084116,4096,0,0,1.0,0.0,0.0,0,0.0,0.44169506833084116,0.0
DNS,c1,396,0.2475,6.641580115722797e-11,0.9999999989157269,0.4414893621835471,4096,0,0,1.0,0.0,0.0,0,0.0,0.4414893621835471,0.0
DNS,c1,397,0.248125,6.972492292521614e-11,0.9999999988570164,0.44128357971570853,4096,0,0,1.0,0.0,0.0,0,0.0,0.44128357971570853,0.0
DNS,c1,398,0.24875,7.323207704369063e-11,0.9999999987946284,0.44107772286230956,4096,0,0,1.0,0.0,0.0,0,0.0,0.44107772286230956,0.0
DNS,c1,399,0.249375,7.694993336502855e-11,0.9999999987283178,0.44087179355783707,4096,0,0,1.0,0.0,0.0,0,0.0,0.44087179355783707,0.0
DNS,c1,400,0.25,8.089194491472628e-11,0.9999999986578231,0.44066579373624265,4096,0,0,1.0,0.0,0.0,0,0.0,0.44066579373624265,0.0
DNS,c1,401,0.250625,8.507239251104509e-11,0.9999999985828661,0.44045972533090527,4096,0,0,1.0,0.0,0.0,0,0.0,0.44045972533090527,0.0
DNS,c1,402,0.25125000000000003,8.95064316761189e-11,0.9999999985031507,0.44025359027459343,4096,0,0,1.0,0.0,0.0,0,0.0,0.44025359027459343,0.0
DNS,c1,403,0.251875,9.421014194222781e-11,0.9999999984183612,0.44004739049942687,4096,0,0,1.0,0.0,0.0,0,0.0,0.44004739049942687,0.0
DNS,c1,404,0.2525,9.920057866090728e-11,0.999999998328162,0.4398411279368386,4096,0,0,1.0,0.0,0.0,0,0.0,0.4398411279368386,0.0
DNS,c1,405,0.253125,1.0449582742664524e-10,0.9999999982321959,0.4396348045175359,4096,0,0,1.0,0.0,0.0,0,0.0,0.4396348045175359,0.0
DNS,c1,406,0.25375000000000003,1.1011506123112016e-10,0.9999999981300828,0.43942842217146205,4096,0,0,1.0,0.0,0.0,0,0.0,0.43942842217146205,0.0
DNS,c1,407,0.254375,1.1414789518779409e-10,0.999999998037431,0.4392219828277568,4096,0,0,1.0,0.0,0.0,0,0.0,0.4392219828277568,0.0
DNS,c1,408,0.255,1.1833934310850337e-10,0.9999999979560206,0.4390154884147176,4096,0,0,1.0,0.0,0.0,0,0.0,0.4390154884147176,0.0
DNS,c1,409,0.255625,1.227357263564154e-10,0.9999999978704226,0.4388089408597597,4096,0,0,1.0,0.0,0.0,0,0.0,0.4388089408597597,0.0
DNS,c1,410,0.25625,1.2734936048011506e-10,0.9999999977803802,0.43860234208937654,4096,0,0,1.0,0.0,0.0,0,0.0,0.43860234208937654,0.0
DNS,c1,411,0.256875,1.3219331110017229e-10,0.99999999768562,0.4383956940290995,4096,0,0,1.0,0.0,0.0,0,0.0,0.4383956940290995,0.0
DNS,c1,412,0.2575,1.372814360322763e-10,0.9999999975858516,0.4381889986034581,4096,0,0,1.0,0.0,0.0,0,0.0,0.4381889986034581,0.0
DNS,c1,413,0.258125,1.4262842953070972e-10,0.999999997480766,0.4379822577359389,4096,0,0,1.0,0.0,0.0,0,0.0,0.4379822577359389,0.0
DNS,c1,414,0.25875,1.4824986874609712e-10,0.9999999973700348,0.4377754733489449,4096,0,0,1.0,0.0,0.0,0,0.0,0.4377754733489449,0.0
DNS,c1,415,0.259375,1.5416226249488695e-10,0.9999999972533089,0.4375686473637548,4096,0,0,1.0,0.0,0.0,0,0.0,0.4375686473637548,0.0
DNS,c1,416,0.26,1.6038310244165338e-10,0.9999999971302177,0.43736178170048096,4096,0,0,1.0,0.0,0.0,0,0.0,0.43736178170048096,0.0
DNS,c1,417,0.260625,1.6693091679903434e-10,0.9999999970003671,0.4371548782780284,4096,0,0,1.0,0.0,0.0,0,0.0,0.4371548782780284,0.0
DNS,c1,418,0.26125,1.7382532665395732e-10,0.9999999968633387,0.43694793901405277,4096,0,0,1.0,0.0,0.0,0,0.0,0.43694793901405277,0.0
DNS,c1,419,0.261875,1.810871050327454e-10,0.9999999967186883,0.43674096582491767,4096,0,0,1.0,0.0,0.0,0,0.0,0.43674096582491767,0.0
DNS,c1,420,0.2625,1.8873823882174512e-10,0.9999999965659442,0.436533960625653,4096,0,0,1.0,0.0,0.0,0,0.0,0.436533960625653,0.0
DNS,c1,421,0.263125,1.9680199366427503e-10,0.9999999964046058,0.4363269253299118,4096,0,0,1.0,0.0,0.0,0,0.0,0.4363269253299118,0.0
DNS,c1,422,0.26375,2.0530298195896293e-10,0.9999999962341418,0.43611986184992724,4096,0,0,1.0,0.0,0.0,0,0.0,0.43611986184992724,0.0
DNS,c1,423,0.264375,2.1426723408891814e-10,0.9999999960539888,0.4359127720964693,4096,0,0,1.0,0.0,0.0,0,0.0,0.4359127720964693,0.0
DNS,c1,424,0.265,2.237222730156787e-10,0.9999999958635489,0.43570565797880156,4096,0,0,1.0,0.0,0.0,0,0.0,0.43570565797880156,0.0
DNS,c1,425,0.265625,2.3369719237647927e-10,0.9999999956621883,0.4354985214046369,4096,0,0,1.0,0.0,0.0,0,0.0,0.4354985214046369,0.0
DNS,c1,426,0.26625,2.442227382281062e-10,0.999999995449235,0.4352913642800937,4096,0,0,1.0,0.0,0.0,0,0.0,0.4352913642800937,0.0
DNS,c1,427,0.26687500000000003,2.5533139458544427e-10,0.9999999952239766,0.43508418850965114,4096,0,0,1.0,0.0,0.0,0,0.0,0.43508418850965114,0.0
DNS,c1,428,0.2675,2.6705747290777256e-10,0.9999999949856585,0.43487699599610485,4096,0,0,1.0,0.0,0.0,0,0.0,0.43487699599610485,0.0
DNS,c1,429,0.268125,2.7943720569093867e-10,0.9999999947334809,0.43466978864052164,4096,0,0,1.0,0.0,0.0,0,0.0,0.43466978864052164,0.0
DNS,c1,430,0.26875,2.9250884432873014e-10,0.9999999944665968,0.4344625683421941,4096,0,0,1.0,0.0,0.0,0,0.0,0.4344625683421941,0.0
DNS,c1,431,0.26937500000000003,3.0631276141207055e-10,0.9999999941841095,0.4342553369985954,4096,0,0,1.0,0.0,0.0,0,0.0,0.4342553369985954,0.0
DNS,c1,432,0.27,3.208915576400953e-10,0.9999999938850693,0.43404809650533344,4096,0,0,1.0,0.0,0.0,0,0.0,0.43404809650533344,0.0
DNS,c1,433,0.270625,3.3476893919201164e-10,0.9999999935684715,0.4338408487561041,4096,0,0,1.0,0.0,0.0,0,0.0,0.4338408487561041,0.0
DNS,c1,434,0.27125,3.4547999424643583e-10,0.9999999933011403,0.4336335956426457,4096,0,0,1.0,0.0,0.0,0,0.0,0.4336335956426457,0.0
DNS,c1,435,0.27187500000000003,3.5667294136126315e-10,0.9999999930533139,0.43342633905469147,4096,0,0,1.0,0.0,0.0,0,0.0,0.43342633905469147,0.0
DNS,c1,436,0.2725,3.683750476791746e-10,0.999999992793715,0.43321908087992306,4096,0,0,1.0,0.0,0.0,0,0.0,0.43321908087992306,0.0
DNS,c1,437,0.273125,3.8061511813206477e-10,0.9999999925216674,0.43301182300392316,4096,0,0,1.0,0.0,0.0,0,0.0,0.43301182300392316,0.0
DNS,c1,438,0.27375,3.9342357407280976e-10,0.999999992236455,0.43280456731012773,4096,0,0,1.0,0.0,0.0,0,0.0,0.43280456731012773,0.0
DNS,c1,439,0.274375,4.0683253546974863e-10,0.9999999919373199,0.4325973156797784,4096,0,0,1.0,0.0,0.0,0,0.0,0.4325973156797784,0.0
DNS,c1,440,0.275,4.208759068040572e-10,0.9999999916234599,0.4323900699918742,4096,0,0,1.0,0.0,0.0,0,0.0,0.4323900699918742,0.0
DNS,c1,441,0.275625,4.355894668147356e-10,0.999999991294026,0.43218283212312303,4096,0,0,1.0,0.0,0.0,0,0.0,0.43218283212312303,0.0
DNS,c1,442,0.27625,4.510109622405751e-10,0.99999999094812,0.43197560394789336,4096,0,0,1.0,0.0,0.0,0,0.0,0.43197560394789336,0.0
DNS,c1,443,0.276875,4.671802057132195e-10,0.9999999905847919,0.4317683873381647,4096,0,0,1.0,0.0,0.0,0,0.0,0.4317683873381647,0.0
DNS,c1,444,0.2775,4.84139177960292e-10,0.9999999902030373,0.4315611841634788,4096,0,0,1.0,0.0,0.0,0,0.0,0.4315611841634788,0.0
DNS,c1,445,0.278125,5.019321344825138e-10,0.999999989801794,0.4313539962908899,4096,0,0,1.0,0.0,0.0,0,0.0,0.4313539962908899,0.0
DNS,c1,446,0.27875,5.206057168738107e-10,0.9999999893799394,0.431146825584915,4096,0,0,1.0,0.0,0.0,0,0.0,0.431146825584915,0.0
DNS,c1,447,0.279375,5.402090689585688e-10,0.9999999889362869,0.43093967390748383,4096,0,0,1.0,0.0,0.0,0,0.0,0.43093967390748383,0.0
DNS,c1,448,0.28,5.607939579254788e-10,0.9999999884695832,0.43073254311788844,4096,0,0,1.0,0.0,0.0,0,0.0,0.43073254311788844,0.0
DNS,c1,449,0.280625,5.824149006427895e-10,0.999999987978504,0.4305254350727326,4096,0,0,1.0,0.0,0.0,0,0.0,0.4305254350727326,0.0
DNS,c1,450,0.28125,6.05129295345275e-10,0.999999987461651,0.4303183516258808,4096,0,0,1.0,0.0,0.0,0,0.0,0.4303183516258808,0.0
DNS,c1,451,0.281875,6.289975588888163e-10,0.9999999869175475,0.4301112946284078,4096,0,0,1.0,0.0,0.0,0,0.0,0.4301112946284078,0.0
DNS,c1,452,0.28250000000000003,6.540832697741887e-10,0.9999999863446353,0.42990426592854614,4096,0,0,1.0,0.0,0.0,0,0.0,0.42990426592854614,0.0
DNS,c1,453,0.283125,6.804533171474512e-10,0.9999999857412691,0.42969726737163555,4096,0,0,1.0,0.0,0.0,0,0.0,0.42969726737163555,0.0
DNS,c1,454,0.28375,7.08178055990238e-10,0.9999999851057136,0.42949030080007045,4096,0,0,1.0,0.0,0.0,0,0.0,0.42949030080007045,0.0
DNS,c1,455,0.284375,7.373314687192562e-10,0.9999999844361379,0.42928336805324796,4096,0,0,1.0,0.0,0.0,0,0.0,0.42928336805324796,0.0
DNS,c1,456,0.28500000000000003,7.679913334204062e-10,0.9999999837306109,0.4290764709675158,4096,0,0,1.0,0.0,0.0,0,0.0,0.4290764709675158,0.0
DNS,c1,457,0.285625,8.002393989491511e-10,0.9999999829870968,0.42886961137611923,4096,0,0,1.0,0.0,0.0,0,0.0,0.42886961137611923,0.0
DNS,c1,458,0.28625,8.341615671350698e-10,0.9999999822034492,0.4286627911091487,4096,0,0,1.0,0.0,0.0,0,0.0,0.4286627911091487,0.0
DNS,c1,459,0.286875,8.697114356138206e-10,0.999999981377406,0.42845601199348615,4096,0,0,1.0,0.0,0.0,0,0.0,0.42845601199348615,0.0
DNS,c1,460,0.28750000000000003,8.941595113032685e-10,0.9999999805710247,0.4282492758527526,4096,0,0,1.0,0.0,0.0,0,0.0,0.4282492758527526,0.0
DNS,c1,461,0.288125,9.196331847479419e-10,0.9999999799306395,0.42804258450725374,4096,0,0,1.0,0.0,0.0,0,0.0,0.42804258450725374,0.0
DNS,c1,462,0.28875,9.461874421705389e-10,0.9999999792621366,0.42783593977392675,4096,0,0,1.0,0.0,0.0,0,0.0,0.42783593977392675,0.0
DNS,c1,463,0.289375,9.738801440662784e-10,0.9999999785639967,0.4276293434662861,4096,0,0,1.0,0.0,0.0,0,0.0,0.4276293434662861,0.0
DNS,c1,464,0.29,1.0027721591561022e-09,0.9999999778346177,0.42742279739436984,4096,0,0,1.0,0.0,0.0,0,0.0,0.42742279739436984,0.0
DNS,c1,465,0.290625,1.0329275038122038e-09,0.9999999770723099,0.42721630336468425,4096,0,0,1.0,0.0,0.0,0,0.0,0.42721630336468425,0.0
DNS,c1,466,0.29125,1.0644134871471331e-09,0.9999999762752919,0.42700986318015055,4096,0,0,1.0,0.0,0.0,0,0.0,0.42700986318015055,0.0
DNS,c1,467,0.291875,1.0973008619630318e-09,0.9999999754416861,0.42680347864004925,4096,0,0,1.0,0.0,0.0,0,0.0,0.42680347864004925,0.0
DNS,c1,468,0.2925,1.1316639817629359e-09,0.9999999745695135,0.4265971515399656,4096,0,0,1.0,0.0,0.0,0,0.0,0.4265971515399656,0.0
DNS,c1,469,0.293125,1.167580964031566e-09,0.9999999736566894,0.4263908836717344,4096,0,0,1.0,0.0,0.0,0,0.0,0.4263908836717344,0.0
DNS,c1,470,0.29375,1.2051338599985853e-09,0.9999999727010174,0.42618467682338484,4096,0,0,1.0,0.0,0.0,0,0.0,0.42618467682338484,0.0
DNS,c1,471,0.294375,1.2444088311029612e-09,0.9999999717001846,0.4259785327790848,4096,0,0,1.0,0.0,0.0,0,0.0,0.4259785327790848,0.0
DNS,c1,472,0.295,1.2854963323827996e-09,0.9999999706517557,0.4257724533190854,4096,0,0,1.0,0.0,0.0,0,0.0,0.4257724533190854,0.0
DNS,c1,473,0.295625,1.3284913030208442e-09,0.999999969553167,0.42556644021966544,4096,0,0,1.0,0.0,0.0,0,0.0,0.42556644021966544,0.0
DNS,c1,474,0.29625,1.373493364281733e-09,0.9999999684017201,0.42536049525307496,4096,0,0,1.0,0.0,0.0,0,0.0,0.42536049525307496,0.0
DNS,c1,475,0.296875,1.420607025083092e-09,0.9999999671945761,0.4251546201874796,4096,0,0,1.0,0.0,0.0,0,0.0,0.4251546201874796,0.0
DNS,c1,476,0.2975,1.4699418954486057e-09,0.9999999659287481,0.42494881678690455,4096,0,0,1.0,0.0,0.0,0,0.0,0.42494881678690455,0.0
DNS,c1,477,0.29812500000000003,1.521612908097347e-09,0.9999999646010947,0.42474308681117773,4096,0,0,1.0,0.0,0.0,0,0.0,0.42474308681117773,0.0
DNS,c1,478,0.29875,1.5757405484298623e-09,0.9999999632083127,0.4245374320158737,4096,0,0,1.0,0.0,0.0,0,0.0,0.4245374320158737,0.0
DNS,c1,479,0.299375,1.632451093177799e-09,0.9999999617469291,0.4243318541522568,4096,0,0,1.0,0.0,0.0,0,0.0,0.4243318541522568,0.0
DNS,c1,480,0.3,1.6918768579902222e-09,0.9999999602132935,0.42412635496722506,4096,0,0,1.0,0.0,0.0,0,0.0,0.42412635496722506,0.0
DNS,c1,481,0.30062500000000003,1.7541564542361927e-09,0.9999999586035702,0.42392093620325283,4096,0,0,1.0,0.0,0.0,0,0.0,0.42392093620325283,0.0
DNS,c1,482,0.30125,1.8194350553096758e-09,0.9999999569137289,0.42371559959833427,4096,0,0,1.0,0.0,0.0,0,0.0,0.42371559959833427,0.0
DNS,c1,483,0.301875,1.8878646727294074e-09,0.9999999551395363,0.42351034688592604,4096,0,0,1.0,0.0,0.0,0,0.0,0.42351034688592604,0.0
DNS,c1,484,0.3025,1.9596044423329567e-09,0.9999999532765467,0.42330517979489096,4096,0,0,1.0,0.0,0.0,0,0.0,0.42330517979489096,0.0
DNS,c1,485,0.30312500000000003,2.032055709234701e-09,0.9999999513200922,0.42310010004944004,4096,0,0,1.0,0.0,0.0,0,0.0,0.42310010004944004,0.0
DNS,c1,486,0.30375,2.082646336937993e-09,0.9999999493540698,0.42289510936907604,4096,0,0,1.0,0.0,0.0,0,0.0,0.42289510936907604,0.0
DNS,c1,487,0.304375,2.13524025269258e-09,0.9999999478548879,0.422690209468536,4096,0,0,1.0,0.0,0.0,0,0.0,0.422690209468536,0.0
DNS,c1,488,0.305,2.189939634102229e-09,0.9999999462942967,0.4224854020577339,4096,0,0,1.0,0.0,0.0,0,0.0,0.4224854020577339,0.0
DNS,c1,489,0.305625,2.2468516102314516e-09,0.9999999446691599,0.4222806888417032,4096,0,0,1.0,0.0,0.0,0,0.0,0.4222806888417032,0.0
DNS,c1,490,0.30625,2.306088472157746e-09,0.9999999429761812,0.42207607152054044,4096,0,0,1.0,0.0,0.0,0,0.0,0.42207607152054044,0.0
DNS,c1,491,0.306875,2.3677678912928096e-09,0.999999941211897,0.4218715517893464,4096,0,0,1.0,0.0,0.0,0,0.0,0.4218715517893464,0.0
DNS,c1,492,0.3075,2.432013145713691e-09,0.999999939372668,0.42166713133817013,4096,0,0,1.0,0.0,0.0,0,0.0,0.42166713133817013,0.0
DNS,c1,493,0.308125,2.498953354750486e-09,0.999999937454672,0.4214628118519507,4096,0,0,1.0,0.0,0.0,0,0.0,0.4214628118519507,0.0
DNS,c1,494,0.30875,2.5687237220828596e-09,0.999999935453895,0.4212585950104605,4096,0,0,1.0,0.0,0.0,0,0.0,0.4212585950104605,0.0
DNS,c1,495,0.309375,2.6414657876034274e-09,0.9999999333661228,0.42105448248824706,4096,0,0,1.0,0.0,0.0,0,0.0,0.42105448248824706,0.0
DNS,c1,496,0.31,2.7173276883118104e-09,0.9999999311869318,0.42085047595457664,4096,0,0,1.0,0.0,0.0,0,0.0,0.42085047595457664,0.0
DNS,c1,497,0.310625,2.79646442850904e-09,0.9999999289116794,0.4206465770733764,4096,0,0,1.0,0.0,0.0,0,0.0,0.4206465770733764,0.0
DNS,c1,498,0.31125,2.879038159567873e-09,0.999999926535495,0.42044278750317715,4096,0,0,1.0,0.0,0.0,0,0.0,0.42044278750317715,0.0
DNS,c1,499,0.311875,2.9652184695605266e-09,0.9999999240532688,0.4202391088970566,4096,0,0,1.0,0.0,0.0,0,0.0,0.4202391088970566,0.0
DNS,c1,500,0.3125,3.055182683031331e-09,0.9999999214596419,0.42003554290258144,4096,0,0,1.0,0.0,0.0,0,0.0,0.42003554290258144,0.0
DNS,c1,501,0.313125,3.1491161712078116e-09,0.9999999187489953,0.41983209116175113,4096,0,0,1.0,0.0,0.0,0,0.0,0.41983209116175113,0.0
DNS,c1,502,0.31375000000000003,3.2472126729497952e-09,0.9999999159154384,0.41962875531094024,4096,0,0,1.0,0.0,0.0,0,0.0,0.41962875531094024,0.0
DNS,c1,503,0.314375,3.34967462674221e-09,0.9999999129527969,0.41942553698084184,4096,0,0,1.0,0.0,0.0,0,0.0,0.41942553698084184,0.0
DNS,c1,504,0.315,3.4567135140433948e-09,0.9999999098546011,0.4192224377964107,4096,0,0,1.0,0.0,0.0,0,0.0,0.4192224377964107,0.0
DNS,c1,505,0.315625,3.568550214306872e-09,0.9999999066140728,0.4190194593768064,4096,0,0,1.0,0.0,0.0,0,0.0,0.4190194593768064,0.0
DNS,c1,506,0.31625000000000003,3.6854153720007284e-09,0.999999903224112,0.41881660333533693,4096,0,0,1.0,0.0,0.0,0,0.0,0.41881660333533693,0.0
DNS,c1,507,0.316875,3.807549775954928e-09,0.9999998996772835,0.41861387127940214,4096,0,0,1.0,0.0,0.0,0,0.0,0.41861387127940214,0.0
DNS,c1,508,0.3175,3.935204751373101e-09,0.9999998959658024,0.41841126481043733,4096,0,0,1.0,0.0,0.0,0,0.0,0.41841126481043733,0.0
DNS,c1,509,0.318125,4.068642564851568e-09,0.9999998920815193,0.41820878552385715,4096,0,0,1.0,0.0,0.0,0,0.0,0.41820878552385715,0.0
DNS,c1,510,0.31875000000000003,4.208136842754583e-09,0.9999998880159053,0.4180064350089996,4096,0,0,1.0,0.0,0.0,0,0.0,0.4180064350089996,0.0
DNS,c1,511,0.319375,4.326367781564472e-09,0.999999883760036,0.41780421484906993,4096,0,0,1.0,0.0,0.0,0,0.0,0.41780421484906993,0.0
DNS,c1,512,0.32,4.42250014543201e-09,0.9999998797477633,0.4176021266210853,4096,0,0,1.0,0.0,0.0,0,0.0,0.4176021266210853,0.0
DNS,c1,513,0.320625,4.522265106261385e-09,0.9999998765270409,0.4174001718958188,4096,0,0,1.0,0.0,0.0,0,0.0,0.4174001718958188,0.0
DNS,c1,514,0.32125,4.625839299621781e-09,0.9999998731822453,0.41719835223774454,4096,0,0,1.0,0.0,0.0,0,0.0,0.41719835223774454,0.0
DNS,c1,515,0.321875,4.733407295667582e-09,0.9999998697073645,0.4169966692049823,4096,0,0,1.0,0.0,0.0,0,0.0,0.4169966692049823,0.0
DNS,c1,516,0.3225,4.8451619073972595e-09,0.9999998660961007,0.41679512434924265,4096,0,0,1.0,0.0,0.0,0,0.0,0.41679512434924265,0.0
DNS,c1,517,0.323125,4.961304509202385e-09,0.9999998623418568,0.41659371921577226,4096,0,0,1.0,0.0,0.0,0,0.0,0.41659371921577226,0.0
DNS,c1,518,0.32375,5.0820453659894335e-09,0.9999998584377247,0.41639245534329944,4096,0,0,1.0,0.0,0.0,0,0.0,0.41639245534329944,0.0
DNS,c1,519,0.324375,5.207603973162464e-09,0.9999998543764715,0.4161913342639799,4096,0,0,1.0,0.0,0.0,0,0.0,0.4161913342639799,0.0
DNS,c1,520,0.325,5.338209407760203e-09,0.9999998501505266,0.41599035750334284,4096,0,0,1.0,0.0,0.0,0,0.0,0.41599035750334284,0.0
DNS,c1,521,0.325625,5.474100691046504e-09,0.9999998457519665,0.4157895265802372,4096,0,0,1.0,0.0,0.0,0,0.0,0.4157895265802372,0.0
DNS,c1,522,0.32625,5.615527162858606e-09,0.9999998411725014,0.41558884300677823,4096,0,0,1.0,0.0,0.0,0,0.0,0.41558884300677823,0.0
DNS,c1,523,0.326875,5.7627488680231e-09,0.9999998364034588,0.41538830828829426,4096,0,0,1.0,0.0,0.0,0,0.0,0.41538830828829426,0.0
DNS,c1,524,0.3275,5.916036955154964e-09,0.9999998314357689,0.41518792392327386,4096,0,0,1.0,0.0,0.0,0,0.0,0.41518792392327386,0.0
DNS,c1,525,0.328125,6.075674088160481e-09,0.9999998262599474,0.4149876914033135,4096,0,0,1.0,0.0,0.0,0,0.0,0.4149876914033135,0.0
DNS,c1,526,0.32875,6.2419548707703474e-09,0.9999998208660793,0.4147876122130649,4096,0,0,1.0,0.0,0.0,0,0.0,0.4147876122130649,0.0
DNS,c1,527,0.32937500000000003,6.415186284434697e-09,0.9999998152438011,0.4145876878301835,4096,0,0,1.0,0.0,0.0,0,0.0,0.4145876878301835,0.0
DNS,c1,528,0.33,6.595688139917204e-09,0.9999998093822828,0.41438791972527644,4096,0,0,1.0,0.0,0.0,0,0.0,0.41438791972527644,0.0
DNS,c1,529,0.330625,6.783793542930857e-09,0.9999998032702092,0.41418830936185164,4096,0,0,1.0,0.0,0.0,0,0.0,0.41418830936185164,0.0
DNS,c1,530,0.33125,6.979849374163367e-09,0.9999997968957606,0.41398885819626685,4096,0,0,1.0,0.0,0.0,0,0.0,0.41398885819626685,0.0
DNS,c1,531,0.33187500000000003,7.1842167840455526e-09,0.9999997902465927,0.4137895676776786,4096,0,0,1.0,0.0,0.0,0,0.0,0.4137895676776786,0.0
DNS,c1,532,0.3325,7.397271702621339e-09,0.9999997833098159,0.4135904392479929,4096,0,0,1.0,0.0,0.0,0,0.0,0.4135904392479929,0.0
DNS,c1,533,0.333125,7.61940536488334e-09,0.999999776071974,0.41339147434181456,4096,0,0,1.0,0.0,0.0,0,0.0,0.41339147434181456,0.0
DNS,c1,534,0.33375,7.851024851943185e-09,0.999999768519022,0.4131926743863983,4096,0,0,1.0,0.0,0.0,0,0.0,0.4131926743863983,0.0
DNS,c1,535,0.33437500000000003,8.092553648410995e-09,0.9999997606363028,0.41299404080159957,4096,0,0,1.0,0.0,0.0,0,0.0,0.41299404080159957,0.0
DNS,c1,536,0.335,8.325460680693811e-09,0.9999997524085246,0.41279557499982583,4096,0,0,1.0,0.0,0.0,0,0.0,0.41279557499982583,0.0
DNS,c1,537,0.335625,8.48915473924634e-09,0.9999997438197351,0.4125972783859885,4096,0,0,1.0,0.0,0.0,0,0.0,0.4125972783859885,0.0
DNS,c1,538,0.33625,8.658746376008204e-09,0.999999736909246,0.41239915235745495,4096,0,0,1.0,0.0,0.0,0,0.0,0.41239915235745495,0.0
DNS,c1,539,0.336875,8.834510400419821e-09,0.9999997304900128,0.41220119830400154,4096,0,0,1.0,0.0,0.0,0,0.0,0.41220119830400154,0.0
DNS,c1,540,0.3375,9.01673313260005e-09,0.9999997238366245,0.41200341760776626,4096,0,0,1.0,0.0,0.0,0,0.0,0.41200341760776626,0.0
DNS,c1,541,0.338125,9.205712814629292e-09,0.9999997169382904,0.4118058116432028,4096,0,0,1.0,0.0,0.0,0,0.0,0.4118058116432028,0.0
DNS,c1,542,0.33875,9.401760034343704e-09,0.9999997097837392,0.4116083817770338,4096,0,0,1.0,0.0,0.0,0,0.0,0.4116083817770338,0.0
DNS,c1,543,0.339375,9.605198161946325e-09,0.9999997023612002,0.4114111293682063,4096,0,0,1.0,0.0,0.0,0,0.0,0.4114111293682063,0.0
DNS,c1,544,0.34,9.816363799745684e-09,0.9999996946583836,0.4112140557678456,4096,0,0,1.0,0.0,0.0,0,0.0,0.4112140557678456,0.0
DNS,c1,545,0.340625,1.0035607245337096e-08,0.9999996866624603,0.4110171623192119,4096,0,0,1.0,0.0,0.0,0,0.0,0.4110171623192119,0.0
DNS,c1,546,0.34125,1.0263292968546497e-08,0.9999996783600416,0.4108204503576552,4096,0,0,1.0,0.0,0.0,0,0.0,0.4108204503576552,0.0
DNS,c1,547,0.341875,1.0499800102461303e-08,0.9999996697371564,0.41062392121057223,4096,0,0,1.0,0.0,0.0,0,0.0,0.41062392121057223,0.0
DNS,c1,548,0.3425,1.0745522948877319e-08,0.9999996607792302,0.41042757619736336,4096,0,0,1.0,0.0,0.0,0,0.0,0.41042757619736336,0.0
DNS,c1,549,0.343125,1.1000871498495272e-08,0.9999996514710613,0.4102314166293902,4096,0,0,1.0,0.0,0.0,0,0.0,0.4102314166293902,0.0
DNS,c1,550,0.34375,1.1266271966204992e-08,0.999999641796797,0.41003544380993323,4096,0,0,1.0,0.0,0.0,0,0.0,0.41003544380993323,0.0
DNS,c1,551,0.344375,1.1542167341799713e-08,0.9999996317399095,0.40983965903415076,4096,0,0,1.0,0.0,0.0,0,0.0,0.40983965903415076,0.0
DNS,c1,552,0.34500000000000003,1.1829017956467303e-08,0.99999962128317,0.40964406358903777,4096,0,0,1.0,0.0,0.0,0,0.0,0.40964406358903777,0.0
DNS,c1,553,0.345625,1.2127302065409549e-08,0.999999610408623,0.40944865875338554,4096,0,0,1.0,0.0,0.0,0,0.0,0.40944865875338554,0.0
DNS,c1,554,0.34625,1.2437516446944836e-08,0.9999995990975589,0.409253445797742,4096,0,0,1.0,0.0,0.0,0,0.0,0.409253445797742,0.0
DNS,c1,555,0.346875,1.2760177018453726e-08,0.9999995873304863,0.4090584259843723,4096,0,0,1.0,0.0,0.0,0,0.0,0.4090584259843723,0.0
DNS,c1,556,0.34750000000000003,1.3095819469530998e-08,0.9999995750871035,0.4088636005672206,4096,0,0,1.0,0.0,0.0,0,0.0,0.4088636005672206,0.0
DNS,c1,557,0.348125,1.3444999912711722e-08,0.999999562346268,0.40866897079187126,4096,0,0,1.0,0.0,0.0,0,0.0,0.40866897079187126,0.0
DNS,c1,558,0.34875,1.3808295552142814e-08,0.9999995490859668,0.4084745378955122,4096,0,0,1.0,0.0,0.0,0,0.0,0.4084745378955122,0.0
DNS,c1,559,0.349375,1.4186305370575326e-08,0.9999995352832844,0.4082803031068972,4096,0,0,1.0,0.0,0.0,0,0.0,0.4082803031068972,0.0
DNS,c1,560,0.35000000000000003,1.4579650835056429e-08,0.9999995209143706,0.4080862676463104,4096,0,0,1.0,0.0,0.0,0,0.0,0.4080862676463104,0.0
DNS,c1,561,0.350625,1.4970306738767955e-08,0.9999995059544066,0.40789243272552983,4096,0,0,1.0,0.0,0.0,0,0.0,0.40789243272552983,0.0
DNS,c1,562,0.35125,1.5232121306994045e-08,0.9999994903775704,0.40769879954779326,4096,0,0,1.0,0.0,0.0,0,0.0,0.40769879954779326,0.0
DNS,c1,563,0.351875,1.55030109809315e-08,0.9999994759070548,0.40750536930776293,4096,0,0,1.0,0.0,0.0,0,0.0,0.40750536930776293,0.0
DNS,c1,564,0.3525,1.5783381635536644e-08,0.9999994643249781,0.40731214319149256,4096,0,0,1.0,0.0,0.0,0,0.0,0.40731214319149256,0.0
DNS,c1,565,0.353125,1.6073655000012095e-08,0.9999994523443425,0.40711912237639314,4096,0,0,1.0,0.0,0.0,0,0.0,0.40711912237639314,0.0
DNS,c1,566,0.35375,1.637426917950536e-08,0.9999994399476143,0.40692630803120167,4096,0,0,1.0,0.0,0.0,0,0.0,0.40692630803120167,0.0
DNS,c1,567,0.354375,1.6685679191289217e-08,0.9999994271165255,0.4067337013159483,4096,0,0,1.0,0.0,0.0,0,0.0,0.4067337013159483,0.0
DNS,c1,568,0.355,1.7008357515737424e-08,0.999999413832047,0.40654130338192573,4096,0,0,1.0,0.0,0.0,0,0.0,0.40654130338192573,0.0
DNS,c1,569,0.355625,1.7342794662413026e-08,0.9999994000743613,0.4063491153716584,4096,0,0,1.0,0.0,0.0,0,0.0,0.4063491153716584,0.0
DNS,c1,570,0.35625,1.7689499751589993e-08,0.9999993858228334,0.4061571384188725,4096,0,0,1.0,0.0,0.0,0,0.0,0.4061571384188725,0.0
DNS,c1,571,0.356875,1.8049001111532437e-08,0.9999993710559821,0.40596537364846713,4096,0,0,1.0,0.0,0.0,0,0.0,0.40596537364846713,0.0
DNS,c1,572,0.3575,1.8421846891859057e-08,0.999999355751449,0.4057738221764855,4096,0,0,1.0,0.0,0.0,0,0.0,0.4057738221764855,0.0
DNS,c1,573,0.358125,1.8808605693323757e-08,0.9999993398859679,0.40558248511008715,4096,0,0,1.0,0.0,0.0,0,0.0,0.40558248511008715,0.0
DNS,c1,574,0.35875,1.9209867214346596e-08,0.999999323435332,0.4053913635475208,4096,0,0,1.0,0.0,0.0,0,0.0,0.4053913635475208,0.0
DNS,c1,575,0.359375,1.9626242914632384e-08,0.9999993063743615,0.40520045857809783,4096,0,0,1.0,0.0,0.0,0,0.0,0.40520045857809783,0.0
DNS,c1,576,0.36,2.0058366696217286e-08,0.9999992886768689,0.4050097712821667,4096,0,0,1.0,0.0,0.0,0,0.0,0.4050097712821667,0.0
DNS,c1,577,0.36062500000000003,2.0506895602286654e-08,0.9999992703156243,0.4048193027310877,4096,0,0,1.0,0.0,0.0,0,0.0,0.4048193027310877,0.0
DNS,c1,578,0.36125,2.0972510534110235e-08,0.9999992512623187,0.4046290539872085,4096,0,0,1.0,0.0,0.0,0,0.0,0.4046290539872085,0.0
DNS,c1,579,0.361875,2.1455916986443496e-08,0.9999992314875275,0.4044390261038409,4096,0,0,1.0,0.0,0.0,0,0.0,0.4044390261038409,0.0
DNS,c1,580,0.3625,2.195784580174651e-08,0.9999992109606713,0.40424922012523756,4096,0,0,1.0,0.0,0.0,0,0.0,0.40424922012523756,0.0
DNS,c1,581,0.36312500000000003,2.247905394357421e-08,0.9999991896499776,0.4040596370865696,4096,0,0,1.0,0.0,0.0,0,0.0,0.4040596370865696,0.0
DNS,c1,582,0.36375,2.3020325289494207e-08,0.999999167522439,0.40387027801390574,4096,0,0,1.0,0.0,0.0,0,0.0,0.40387027801390574,0.0
DNS,c1,583,0.364375,2.3582471443890587e-08,0.9999991445437724,0.4036811439241908,4096,0,0,1.0,0.0,0.0,0,0.0,0.4036811439241908,0.0
DNS,c1,584,0.365,2.416633257101407e-08,0.9999991206783755,0.40349223582522636,4096,0,0,1.0,0.0,0.0,0,0.0,0.40349223582522636,0.0
DNS,c1,585,0.36562500000000003,2.4772778248640908e-08,0.9999990958892833,0.4033035547156507,4096,0,0,1.0,0.0,0.0,0,0.0,0.4033035547156507,0.0
DNS,c1,586,0.36625,2.53452272914903e-08,0.9999990701381221,0.4031151015849209,4096,0,0,1.0,0.0,0.0,0,0.0,0.4031151015849209,0.0
DNS,c1,587,0.366875,2.5741365974882445e-08,0.9999990433850631,0.4029268774132944,4096,0,0,1.0,0.0,0.0,0,0.0,0.4029268774132944,0.0
DNS,c1,588,0.3675,2.6150820142567298e-08,0.999999016436648,0.4027388831718126,4096,0,0,1.0,0.0,0.0,0,0.0,0.4027388831718126,0.0
DNS,c1,589,0.368125,2.6574161795736905e-08,0.9999989966503756,0.4025511198222836,4096,0,0,1.0,0.0,0.0,0,0.0,0.4025511198222836,0.0
DNS,c1,590,0.36875,2.7011983777078496e-08,0.9999989762186349,0.4023635883172674,4096,0,0,1.0,0.0,0.0,0,0.0,0.4023635883172674,0.0
DNS,c1,591,0.369375,2.746490040326996e-08,0.9999989551142564,0.4021762896000605,4096,0,0,1.0,0.0,0.0,0,0.0,0.4021762896000605,0.0
DNS,c1,592,0.37,2.793354811351402e-08,0.9999989333089998,0.40198922460468206,4096,0,0,1.0,0.0,0.0,0,0.0,0.40198922460468206,0.0
DNS,c1,593,0.370625,2.841858613441657e-08,0.9999989107735172,0.40180239425586023,4096,0,0,1.0,0.0,0.0,0,0.0,0.40180239425586023,0.0
DNS,c1,594,0.37125,2.8920697161516852e-08,0.9999988874773159,0.4016157994690199,4096,0,0,1.0,0.0,0.0,0,0.0,0.4016157994690199,0.0
DNS,c1,595,0.371875,2.944058805777947e-08,0.9999988633887199,0.4014294411502705,4096,0,0,1.0,0.0,0.0,0,0.0,0.4014294411502705,0.0
DNS,c1,596,0.3725,2.9978990569360145e-08,0.9999988384748303,0.401243320196395,4096,0,0,1.0,0.0,0.0,0,0.0,0.401243320196395,0.0
DNS,c1,597,0.373125,3.05366620589592e-08,0.9999988127014846,0.40105743749483963,4096,0,0,1.0,0.0,0.0,0,0.0,0.40105743749483963,0.0
DNS,c1,598,0.37375,3.111438625707853e-08,0.999998786033215,0.400871793923704,4096,0,0,1.0,0.0,0.0,0,0.0,0.400871793923704,0.0
DNS,c1,599,0.374375,3.171297403149953e-08,0.9999987584332052,0.40068639035173254,4096,0,0,1.0,0.0,0.0,0,0.0,0.40068639035173254,0.0
DNS,c1,600,0.375,3.23332641753011e-08,0.9999987298632464,0.4005012276383061,4096,0,0,1.0,0.0,0.0,0,0.0,0.4005012276383061,0.0
DNS,c1,601,0.375625,3.297612421373813e-08,0.9999987002836921,0.40031630663343487,4096,0,0,1.0,0.0,0.0,0,0.0,0.40031630663343487,0.0
DNS,c1,602,0.37625000000000003,3.3642451230302454e-08,0.9999986696534109,0.40013162817775183,4096,0,0,1.0,0.0,0.0,0,0.0,0.40013162817775183,0.0
DNS,c1,603,0.376875,3.433317271228914e-08,0.9999986379297392,0.3999471931025063,4096,0,0,1.0,0.0,0.0,0,0.0,0.3999471931025063,0.0
DNS,c1,604,0.3775,3.5049247416192134e-08,0.999998605068432,0.39976300222955985,4096,0,0,1.0,0.0,0.0,0,0.0,0.39976300222955985,0.0
DNS,c1,605,0.378125,3.579166625325423e-08,0.9999985710236118,0.399579056371381,4096,0,0,1.0,0.0,0.0,0,0.0,0.399579056371381,0.0
DNS,c1,606,0.37875000000000003,3.656145319549681e-08,0.9999985357477176,0.3993953563310425,4096,0,0,1.0,0.0,0.0,0,0.0,0.3993953563310425,0.0
DNS,c1,607,0.379375,3.735966620255559e-08,0.9999984991914512,0.39921190290221764,4096,0,0,1.0,0.0,0.0,0,0.0,0.39921190290221764,0.0
DNS,c1,608,0.38,3.818739816964882e-08,0.9999984613037228,0.3990286968691791,4096,0,0,1.0,0.0,0.0,0,0.0,0.3990286968691791,0.0
DNS,c1,609,0.380625,3.904577789700452e-08,0.999998422031595,0.3988457390067969,4096,0,0,1.0,0.0,0.0,0,0.0,0.3988457390067969,0.0
DNS,c1,610,0.38125000000000003,3.993597108107367e-08,0.999998381320225,0.3986630300805382,4096,0,0,1.0,0.0,0.0,0,0.0,0.3986630300805382,0.0
DNS,c1,611,0.381875,4.0673150059312805e-08,0.9999983391128062,0.3984805708464676,4096,0,0,1.0,0.0,0.0,0,0.0,0.3984805708464676,0.0
DNS,c1,612,0.3825,4.124366430085802e-08,0.9999982953505074,0.3982983620512476,4096,0,0,1.0,0.0,0.0,0,0.0,0.3982983620512476,0.0
DNS,c1,613,0.383125,4.1832900782485684e-08,0.9999982499724112,0.3981164044321408,4096,0,0,1.0,0.0,0.0,0,0.0,0.3981164044321408,0.0
DNS,c1,614,0.38375000000000004,4.244163215384262e-08,0.9999982171436759,0.39793469871701204,4096,0,0,1.0,0.0,0.0,0,0.0,0.39793469871701204,0.0
DNS,c1,615,0.384375,4.307065733403572e-08,0.9999981839413709,0.39775324562433173,4096,0,0,1.0,0.0,0.0,0,0.0,0.39775324562433173,0.0
DNS,c1,616,0.385,4.372080224794293e-08,0.9999981496988927,0.39757204586317957,4096,0,0,1.0,0.0,0.0,0,0.0,0.39757204586317957,0.0
DNS,c1,617,0.385625,4.4392920579591175e-08,0.9999981143744028,0.3973911001332493,4096,0,0,1.0,0.0,0.0,0,0.0,0.3973911001332493,0.0
DNS,c1,618,0.38625,4.5087894542883724e-08,0.9999980779245164,0.3972104091248542,4096,0,0,1.0,0.0,0.0,0,0.0,0.3972104091248542,0.0
DNS,c1,619,0.386875,4.5806635669960684e-08,0.999998040304254,0.3970299735189331,4096,0,0,1.0,0.0,0.0,0,0.0,0.3970299735189331,0.0
DNS,c1,620,0.3875,4.655008561747677e-08,0.9999980014669907,0.39684979398705716,4096,0,0,1.0,0.0,0.0,0,0.0,0.39684979398705716,0.0
DNS,c1,621,0.388125,4.731921699108118e-08,0.9999979613644061,0.3966698711914375,4096,0,0,1.0,0.0,0.0,0,0.0,0.3966698711914375,0.0
DNS,c1,622,0.38875,4.811503418838481e-08,0.9999979199464308,0.39649020578493355,4096,0,0,1.0,0.0,0.0,0,0.0,0.39649020578493355,0.0
DNS,c1,623,0.389375,4.893857426070032e-08,0.9999978771611934,0.3963107984110618,4096,0,0,1.0,0.0,0.0,0,0.0,0.3963107984110618,0.0
DNS,c1,624,0.39,4.979090779384073e-08,0.9999978329549642,0.3961316497040062,4096,0,0,1.0,0.0,0.0,0,0.0,0.3961316497040062,0.0
DNS,c1,625,0.390625,5.067313980826219e-08,0.9999977872720998,0.3959527602886279,4096,0,0,1.0,0.0,0.0,0,0.0,0.3959527602886279,0.0
DNS,c1,626,0.39125,5.158641067883634e-08,0.9999977400549838,0.39577413078047646,4096,0,0,1.0,0.0,0.0,0,0.0,0.39577413078047646,0.0
DNS,c1,627,0.39187500000000003,5.2531897074537444e-08,0.9999976912439682,0.39559576178580236,4096,0,0,1.0,0.0,0.0,0,0.0,0.39559576178580236,0.0
DNS,c1,628,0.3925,5.351081291832888e-08,0.9999976407773121,0.3954176539015688,4096,0,0,1.0,0.0,0.0,0,0.0,0.3954176539015688,0.0
DNS,c1,629,0.393125,5.452441036753293e-08,0.999997588591119,0.39523980771546524,4096,0,0,1.0,0.0,0.0,0,0.0,0.39523980771546524,0.0
DNS,c1,630,0.39375,5.5573980814966866e-08,0.9999975346192728,0.39506222380592176,4096,0,0,1.0,0.0,0.0,0,0.0,0.39506222380592176,0.0
DNS,c1,631,0.39437500000000003,5.6660855911127563e-08,0.9999974787933725,0.39488490274212285,4096,0,0,1.0,0.0,0.0,0,0.0,0.39488490274212285,0.0
DNS,c1,632,0.395,5.778640860770521e-08,0.999997421042665,0.39470784508402357,4096,0,0,1.0,0.0,0.0,0,0.0,0.39470784508402357,0.0
DNS,c1,633,0.395625,5.895205422270566e-08,0.9999973612939757,0.394531051382365,4096,0,0,1.0,0.0,0.0,0,0.0,0.394531051382365,0.0
DNS,c1,634,0.39625,6.015925152745921e-08,0.9999972994716388,0.3943545221786913,4096,0,0,1.0,0.0,0.0,0,0.0,0.3943545221786913,0.0
DNS,c1,635,0.39687500000000003,6.140950385579163e-08,0.999997235497425,0.39417825800536666,4096,0,0,1.0,0.0,0.0,0,0.0,0.39417825800536666,0.0
DNS,c1,636,0.3975,6.223225881859401e-08,0.9999971692904672,0.3940022593855936,4096,0,0,1.0,0.0,0.0,0,0.0,0.3940022593855936,0.0
DNS,c1,637,0.398125,6.301849296113343e-08,0.9999971007671857,0.39382652683343167,4096,0,0,1.0,0.0,0.0,0,0.0,0.39382652683343167,0.0
DNS,c1,638,0.39875,6.383005909102176e-08,0.9999970298412105,0.3936510608538165,4096,0,0,1.0,0.0,0.0,0,0.0,0.3936510608538165,0.0
DNS,c1,639,0.39937500000000004,6.466796148024812e-08,0.9999969770686231,0.3934758619425802,4096,0,0,1.0,0.0,0.0,0,0.0,0.3934758619425802,0.0
DNS,c1,640,0.4,6.553323627827442e-08,0.999996925383355,0.3933009305864714,4096,0,0,1.0,0.0,0.0,0,0.0,0.3933009305864714,0.0
DNS,c1,641,0.400625,6.64269523384097e-08,0.9999968721524857,0.3931262672631772,4096,0,0,1.0,0.0,0.0,0,0.0,0.3931262672631772,0.0
DNS,c1,642,0.40125,6.735021206169376e-08,0.9999968173163665,0.3929518724413442,4096,0,0,1.0,0.0,0.0,0,0.0,0.3929518724413442,0.0
DNS,c1,643,0.401875,6.830415225853802e-08,0.9999967608132685,0.3927777465806019,4096,0,0,1.0,0.0,0.0,0,0.0,0.3927777465806019,0.0
DNS,c1,644,0.4025,6.928994502837116e-08,0.9999967025793213,0.3926038901315853,4096,0,0,1.0,0.0,0.0,0,0.0,0.3926038901315853,0.0
DNS,c1,645,0.403125,7.030879865753591e-08,0.9999966425484509,0.39243030353595887,4096,0,0,1.0,0.0,0.0,0,0.0,0.39243030353595887,0.0
DNS,c1,646,0.40375,7.136195853568302e-08,0.9999965806523153,0.39225698722644053,4096,0,0,1.0,0.0,0.0,0,0.0,0.39225698722644053,0.0
DNS,c1,647,0.404375,7.245070809090705e-08,0.9999965168202395,0.39208394162682714,4096,0,0,1.0,0.0,0.0,0,0.0,0.39208394162682714,0.0
DNS,c1,648,0.405,7.357636974386736e-08,0.9999964509791481,0.3919111671520197,4096,0,0,1.0,0.0,0.0,0,0.0,0.3919111671520197,0.0
DNS,c1,649,0.405625,7.474030588113677e-08,0.9999963830534971,0.3917386642080494,4096,0,0,1.0,0.0,0.0,0,0.0,0.3917386642080494,0.0
DNS,c1,650,0.40625,7.594391984801821e-08,0.9999963129652034,0.39156643319210493,4096,0,0,1.0,0.0,0.0,0,0.0,0.39156643319210493,0.0
DNS,c1,651,0.406875,7.718865696106846e-08,0.9999962406335733,0.39139447449255893,4096,0,0,1.0,0.0,0.0,0,0.0,0.39139447449255893,0.0
DNS,c1,652,0.40750000000000003,7.8476005540566e-08,0.9999961659752289,0.3912227884889965,4096,0,0,1.0,0.0,0.0,0,0.0,0.3912227884889965,0.0
DNS,c1,653,0.408125,7.980749796315777e-08,0.9999960889040332,0.39105137555224345,4096,0,0,1.0,0.0,0.0,0,0.0,0.39105137555224345,0.0
DNS,c1,654,0.40875,8.118471173491789e-08,0.9999960093310131,0.3908802360443949,4096,0,0,1.0,0.0,0.0,0,0.0,0.3908802360443949,0.0
DNS,c1,655,0.409375,8.260927058504817e-08,0.9999959271642809,0.3907093703188457,4096,0,0,1.0,0.0,0.0,0,0.0,0.3907093703188457,0.0
DNS,c1,656,0.41000000000000003,8.408284558044848e-08,0.9999958423089541,0.3905387787203194,4096,0,0,1.0,0.0,0.0,0,0.0,0.3905387787203194,0.0
DNS,c1,657,0.410625,8.56071562613816e-08,0.9999957546670736,0.39036846158489963,4096,0,0,1.0,0.0,0.0,0,0.0,0.39036846158489963,0.0
DNS,c1,658,0.41125,8.718397179845429e-08,0.9999956641375194,0.39019841924006105,4096,0,0,1.0,0.0,0.0,0,0.0,0.39019841924006105,0.0
DNS,c1,659,0.411875,8.88151121711334e-08,0.9999955706159253,0.3900286520047008,4096,0,0,1.0,0.0,0.0,0,0.0,0.3900286520047008,0.0
DNS,c1,660,0.41250000000000003,9.02463406540907e-08,0.999995473994591,0.38985916018917105,4096,0,0,1.0,0.0,0.0,0,0.0,0.38985916018917105,0.0
DNS,c1,661,0.413125,9.125600675515109e-08,0.9999953741623933,0.3896899440953111,4096,0,0,1.0,0.0,0.0,0,0.0,0.3896899440953111,0.0
DNS,c1,662,0.41375,9.229754885869707e-08,0.999995271004694,0.3895210040164811,4096,0,0,1.0,0.0,0.0,0,0.0,0.3895210040164811,0.0
DNS,c1,663,0.414375,9.337219089507393e-08,0.9999951644032473,0.38935234023759524,4096,0,0,1.0,0.0,0.0,0,0.0,0.38935234023759524,0.0
DNS,c1,664,0.41500000000000004,9.448119329126366e-08,0.9999950839746511,0.38918395303515646,4096,0,0,1.0,0.0,0.0,0,0.0,0.38918395303515646,0.0
DNS,c1,665,0.415625,9.56258538509868e-08,0.9999950065464384,0.3890158426772904,4096,0,0,1.0,0.0,0.0,0,0.0,0.3890158426772904,0.0
DNS,c1,666,0.41625,9.680750865196459e-08,0.9999949269029746,0.3888480094237809,4096,0,0,1.0,0.0,0.0,0,0.0,0.3888480094237809,0.0
DNS,c1,667,0.416875,9.802753296054766e-08,0.999994844962125,0.3886804535261055,4096,0,0,1.0,0.0,0.0,0,0.0,0.3886804535261055,0.0
DNS,c1,668,0.4175,9.928734216391631e-08,0.9999947606390477,0.38851317522747136,4096,0,0,1.0,0.0,0.0,0,0.0,0.38851317522747136,0.0
DNS,c1,669,0.418125,1.00588392720055e-07,0.9999946738461202,0.38834617476285155,4096,0,0,1.0,0.0,0.0,0,0.0,0.38834617476285155,0.0
DNS,c1,670,0.41875,1.019321831257022e-07,0.9999945844928636,0.3881794523590222,4096,0,0,1.0,0.0,0.0,0,0.0,0.3881794523590222,0.0
DNS,c1,671,0.419375,1.0332025490247407e-07,0.9999944924858654,0.3880130082345998,4096,0,0,1.0,0.0,0.0,0,0.0,0.3880130082345998,0.0
DNS,c1,672,0.42,1.0475419360135845e-07,0.9999943977286998,0.38784684260007846,4096,0,0,1.0,0.0,0.0,0,0.0,0.38784684260007846,0.0
DNS,c1,673,0.420625,1.0623562982577285e-07,0.999994300121848,0.38768095565786864,4096,0,0,1.0,0.0,0.0,0,0.0,0.38768095565786864,0.0
DNS,c1,674,0.42125,1.0776624027337768e-07,0.9999941995626149,0.3875153476023356,4096,0,0,1.0,0.0,0.0,0,0.0,0.3875153476023356,0.0
DNS,c1,675,0.421875,1.0934774879683288e-07,0.9999940959450456,0.38735001861983753,4096,0,0,1.0,0.0,0.0,0,0.0,0.38735001861983753,0.0
DNS,c1,676,0.4225,1.1098192748368324e-07,0.9999939891598387,0.38718496888876625,4096,0,0,1.0,0.0,0.0,0,0.0,0.38718496888876625,0.0
DNS,c1,677,0.42312500000000003,1.1267059775555433e-07,0.999993879094259,0.3870201985795857,4096,0,0,1.0,0.0,0.0,0,0.0,0.3870201985795857,0.0
DNS,c1,678,0.42375,1.1441563148683771e-07,0.9999937656320477,0.3868557078548726,4096,0,0,1.0,0.0,0.0,0,0.0,0.3868557078548726,0.0
DNS,c1,679,0.424375,1.162189521430405e-07,0.999993648653331,0.3866914968693571,4096,0,0,1.0,0.0,0.0,0,0.0,0.3866914968693571,0.0
DNS,c1,680,0.425,1.1808253593897025e-07,0.9999935280345268,0.38652756576996283,4096,0,0,1.0,0.0,0.0,0,0.0,0.38652756576996283,0.0
DNS,c1,681,0.42562500000000003,1.2000841301692283e-07,0.9999934036482493,0.3863639146958488,4096,0,0,1.0,0.0,0.0,0,0.0,0.3863639146958488,0.0
DNS,c1,682,0.42625,1.2199866864503604e-07,0.9999932753632119,0.3862005437784505,4096,0,0,1.0,0.0,0.0,0,0.0,0.3862005437784505,0.0
DNS,c1,683,0.426875,1.2405544443596805e-07,0.9999931430441281,0.3860374531415218,4096,0,0,1.0,0.0,0.0,0,0.0,0.3860374531415218,0.0
DNS,c1,684,0.4275,1.2618093958605463e-07,0.9999930065516105,0.38587464290117734,4096,0,0,1.0,0.0,0.0,0,0.0,0.38587464290117734,0.0
DNS,c1,685,0.42812500000000003,1.2753980598296373e-07,0.9999928657420674,0.3857121131659345,4096,0,0,1.0,0.0,0.0,0,0.0,0.3857121131659345,0.0
DNS,c1,686,0.42875,1.288308690368882e-07,0.9999927204675978,0.38554986403675673,4096,0,0,1.0,0.0,0.0,0,0.0,0.38554986403675673,0.0
DNS,c1,687,0.429375,1.3016233512456974e-07,0.9999925705758844,0.3853878956070962,4096,0,0,1.0,0.0,0.0,0,0.0,0.3853878956070962,0.0
DNS,c1,688,0.43,1.3153569498911618e-07,0.9999924159100845,0.38522620796293733,4096,0,0,1.0,0.0,0.0,0,0.0,0.38522620796293733,0.0
DNS,c1,689,0.43062500000000004,1.3295248092695191e-07,0.9999922975023834,0.38506480118284064,4096,0,0,1.0,0.0,0.0,0,0.0,0.38506480118284064,0.0
DNS,c1,690,0.43125,1.3441426771665797e-07,0.9999921854272698,0.3849036753379864,4096,0,0,1.0,0.0,0.0,0,0.0,0.3849036753379864,0.0
DNS,c1,691,0.431875,1.3592267356434134e-07,0.9999920702793806,0.384742830492219,4096,0,0,1.0,0.0,0.0,0,0.0,0.384742830492219,0.0
DNS,c1,692,0.4325,1.3747936106569304e-07,0.9999919519491267,0.3845822667020913,4096,0,0,1.0,0.0,0.0,0,0.0,0.3845822667020913,0.0
DNS,c1,693,0.433125,1.3908603818489195e-07,0.9999918303235017,0.38442198401690947,4096,0,0,1.0,0.0,0.0,0,0.0,0.38442198401690947,0.0
DNS,c1,694,0.43375,1.4074445925050836e-07,0.999991705285995,0.38426198247877774,4096,0,0,1.0,0.0,0.0,0,0.0,0.38426198247877774,0.0
DNS,c1,695,0.434375,1.4245642596855784e-07,0.9999915767165029,0.38410226212264414,4096,0,0,1.0,0.0,0.0,0,0.0,0.38410226212264414,0.0
DNS,c1,696,0.435,1.4422378845285333e-07,0.9999914444912372,0.3839428229763451,4096,0,0,1.0,0.0,0.0,0,0.0,0.3839428229763451,0.0
DNS,c1,697,0.435625,1.4604844627279918e-07,0.9999913084826332,0.38378366506065176,4096,0,0,1.0,0.0,0.0,0,0.0,0.38378366506065176,0.0
DNS,c1,698,0.43625,1.4793234951876787e-07,0.9999911685592545,0.3836247883893158,4096,0,0,1.0,0.0,0.0,0,0.0,0.3836247883893158,0.0
DNS,c1,699,0.436875,1.498774998851961e-07,0.9999910245856973,0.3834661929691151,4096,0,0,1.0,0.0,0.0,0,0.0,0.3834661929691151,0.0
DNS,c1,700,0.4375,1.5188595177153308e-07,0.9999908764224916,0.38330787879990025,4096,0,0,1.0,0.0,0.0,0,0.0,0.38330787879990025,0.0
DNS,c1,701,0.438125,1.5395981340116973e-07,0.9999907239260015,0.38314984587464124,4096,0,0,1.0,0.0,0.0,0,0.0,0.38314984587464124,0.0
DNS,c1,702,0.43875000000000003,1.5610124795847305e-07,0.9999905669483229,0.3829920941794736,4096,0,0,1.0,0.0,0.0,0,0.0,0.3829920941794736,0.0
DNS,c1,703,0.439375,1.5831247474404604e-07,0.9999904053371794,0.3828346236937456,4096,0,0,1.0,0.0,0.0,0,0.0,0.3828346236937456,0.0
DNS,c1,704,0.44,1.6059577034832804e-07,0.9999902389358167,0.38267743439006524,4096,0,0,1.0,0.0,0.0,0,0.0,0.38267743439006524,0.0
DNS,c1,705,0.440625,1.6295346984364645e-07,0.9999900675828945,0.3825205262343472,4096,0,0,1.0,0.0,0.0,0,0.0,0.3825205262343472,0.0
DNS,c1,706,0.44125000000000003,1.653879679948252e-07,0.9999898911123764,0.38236389918586006,4096,0,0,1.0,0.0,0.0,0,0.0,0.38236389918586006,0.0
DNS,c1,707,0.441875,1.6790172048845037e-07,0.9999897093534178,0.38220755319727423,4096,0,0,1.0,0.0,0.0,0,0.0,0.38220755319727423,0.0
DNS,c1,708,0.4425,1.704972451808881e-07,0.9999895221302524,0.38205148821470897,4096,0,0,1.0,0.0,0.0,0,0.0,0.38205148821470897,0.0
DNS,c1,709,0.443125,1.7265752949936795e-07,0.9999893292620757,0.38189570417778024,4096,0,0,1.0,0.0,0.0,0,0.0,0.38189570417778024,0.0
DNS,c1,710,0.44375000000000003,1.7420777119863985e-07,0.9999891305629269,0.3817402010196488,4096,0,0,1.0,0.0,0.0,0,0.0,0.3817402010196488,0.0
DNS,c1,711,0.444375,1.7580602839459398e-07,0.9999889258415685,0.3815849786670679,4096,0,0,1.0,0.0,0.0,0,0.0,0.3815849786670679,0.0
DNS,c1,712,0.445,1.7745401955370873e-07,0.999988714901364,0.3814300370404315,4096,0,0,1.0,0.0,0.0,0,0.0,0.3814300370404315,0.0
DNS,c1,713,0.445625,1.7915350819154483e-07,0.9999884975401533,0.381275376053822,4096,0,0,1.0,0.0,0.0,0,0.0,0.381275376053822,0.0
DNS,c1,714,0.44625000000000004,1.80906303811035e-07,0.9999883263713777,0.38112099561505913,4096,0,0,1.0,0.0,0.0,0,0.0,0.38112099561505913,0.0
DNS,c1,715,0.446875,1.8271426285610888e-07,0.999988169072496,0.38096689562574776,4096,0,0,1.0,0.0,0.0,0,0.0,0.38096689562574776,0.0
DNS,c1,716,0.4475,1.8457928968076855e-07,0.9999880076365417,0.3808130759813265,4096,0,0,1.0,0.0,0.0,0,0.0,0.3808130759813265,0.0
DNS,c1,717,0.448125,1.8650333753372588e-07,0.9999878419214181,0.38065953657111645,4096,0,0,1.0,0.0,0.0,0,0.0,0.38065953657111645,0.0
DNS,c1,718,0.44875,1.8848840955871e-07,0.9999876717808307,0.3805062772783689,4096,0,0,1.0,0.0,0.0,0,0.0,0.3805062772783689,0.0
DNS,c1,719,0.449375,1.9053655981054845e-07,0.9999874970641873,0.38035329798031514,4096,0,0,1.0,0.0,0.0,0,0.0,0.38035329798031514,0.0
DNS,c1,720,0.45,1.9264989428712268e-07,0.9999873176164956,0.38020059854821386,4096,0,0,1.0,0.0,0.0,0,0.0,0.38020059854821386,0.0
DNS,c1,721,0.450625,1.948305719772935e-07,0.9999871332782594,0.38004817884740105,4096,0,0,1.0,0.0,0.0,0,0.0,0.38004817884740105,0.0
DNS,c1,722,0.45125,1.9708080592488859e-07,0.9999869438853725,0.3798960387373376,4096,0,0,1.0,0.0,0.0,0,0.0,0.3798960387373376,0.0
DNS,c1,723,0.451875,1.9940286430883932e-07,0.9999867492690109,0.379744178071659,4096,0,0,1.0,0.0,0.0,0,0.0,0.379744178071659,0.0
DNS,c1,724,0.4525,2.017990715395498e-07,0.9999865492555231,0.37959259669822343,4096,0,0,1.0,0.0,0.0,0,0.0,0.37959259669822343,0.0
DNS,c1,725,0.453125,2.0427180937157624e-07,0.9999863436663184,0.37944129445916114,4096,0,0,1.0,0.0,0.0,0,0.0,0.37944129445916114,0.0
DNS,c1,726,0.45375,2.0682351803268983e-07,0.9999861323177534,0.37929027119092273,4096,0,0,1.0,0.0,0.0,0,0.0,0.37929027119092273,0.0
DNS,c1,727,0.45437500000000003,2.0945669736939168e-07,0.9999859150210157,0.3791395267243284,4096,0,0,1.0,0.0,0.0,0,0.0,0.3791395267243284,0.0
DNS,c1,728,0.455,2.1217390800894254e-07,0.9999856915820072,0.3789890608846165,4096,0,0,1.0,0.0,0.0,0,0.0,0.3789890608846165,0.0
DNS,c1,729,0.455625,2.1497777253796513e-07,0.9999854618012235,0.3788388734914925,4096,0,0,1.0,0.0,0.0,0,0.0,0.3788388734914925,0.0
DNS,c1,730,0.45625,2.1787097669767147e-07,0.9999852254736326,0.37868896435917765,4096,0,0,1.0,0.0,0.0,0,0.0,0.37868896435917765,0.0
DNS,c1,731,0.45687500000000003,2.208562705957615e-07,0.9999849823885509,0.3785393332964579,4096,0,0,1.0,0.0,0.0,0,0.0,0.3785393332964579,0.0
DNS,c1,732,0.4575,2.2393646993503383e-07,0.999984732329518,0.3783899801067324,4096,0,0,1.0,0.0,0.0,0,0.0,0.3783899801067324,0.0
DNS,c1,733,0.458125,2.2711445725874333e-07,0.9999844750741675,0.3782409045880627,4096,0,0,1.0,0.0,0.0,0,0.0,0.3782409045880627,0.0
DNS,c1,734,0.45875,2.2894210305444536e-07,0.999984210394098,0.3780921065332208,4096,0,0,1.0,0.0,0.0,0,0.0,0.3780921065332208,0.0
DNS,c1,735,0.45937500000000003,2.308054383984998e-07,0.9999839380547404,0.3779435857297383,4096,0,0,1.0,0.0,0.0,0,0.0,0.3779435857297383,0.0
DNS,c1,736,0.46,2.3272638411578269e-07,0.9999836578152236,0.3777953419599545,4096,0,0,1.0,0.0,0.0,0,0.0,0.3777953419599545,0.0
DNS,c1,737,0.460625,2.3470692303283187e-07,0.9999833694282382,0.3776473750010656,4096,0,0,1.0,0.0,0.0,0,0.0,0.3776473750010656,0.0
DNS,c1,738,0.46125,2.3674908663548196e-07,0.9999830726398976,0.37749968462517247,4096,0,0,1.0,0.0,0.0,0,0.0,0.37749968462517247,0.0
DNS,c1,739,0.46187500000000004,2.3885495600952036e-07,0.999982826421098,0.37735227059932935,4096,0,0,1.0,0.0,0.0,0,0.0,0.37735227059932935,0.0
DNS,c1,740,0.4625,2.4102666279530284e-07,0.9999826116885723,0.37720513268559236,4096,0,0,1.0,0.0,0.0,0,0.0,0.37720513268559236,0.0
DNS,c1,741,0.463125,2.4326639015639824e-07,0.9999823915355665,0.3770582706410673,4096,0,0,1.0,0.0,0.0,0,0.0,0.3770582706410673,0.0
DNS,c1,742,0.46375,2.455763737623272e-07,0.9999821657825593,0.3769116842179583,4096,0,0,1.0,0.0,0.0,0,0.0,0.3769116842179583,0.0
DNS,c1,743,0.464375,2.4795890278545566e-07,0.9999819342449977,0.3767653731636154,4096,0,0,1.0,0.0,0.0,0,0.0,0.3767653731636154,0.0
DNS,c1,744,0.465,2.5041632091209993e-07,0.9999816967331849,0.3766193372205831,4096,0,0,1.0,0.0,0.0,0,0.0,0.3766193372205831,0.0
DNS,c1,745,0.465625,2.5295102736789475e-07,0.9999814530521657,0.3764735761266476,4096,0,0,1.0,0.0,0.0,0,0.0,0.3764735761266476,0.0
DNS,c1,746,0.46625,2.555654779574722e-07,0.9999812030016101,0.3763280896148851,4096,0,0,1.0,0.0,0.0,0,0.0,0.3763280896148851,0.0
DNS,c1,747,0.466875,2.5826218611849364e-07,0.9999809463756953,0.3761828774137093,4096,0,0,1.0,0.0,0.0,0,0.0,0.3761828774137093,0.0
DNS,c1,748,0.4675,2.6104372399007253e-07,0.9999806829629856,0.3760379392469187,4096,0,0,1.0,0.0,0.0,0,0.0,0.3760379392469187,0.0
DNS,c1,749,0.468125,2.6391272349562033e-07,0.9999804125463099,0.3758932748337445,4096,0,0,1.0,0.0,0.0,0,0.0,0.3758932748337445,0.0
DNS,c1,750,0.46875,2.668718774401435e-07,0.9999801349026377,0.37574888388889766,4096,0,0,1.0,0.0,0.0,0,0.0,0.37574888388889766,0.0
DNS,c1,751,0.469375,2.6992394062201295e-07,0.9999798498029533,0.375604766122616,4096,0,0,1.0,0.0,0.0,0,0.0,0.375604766122616,0.0
DNS,c1,752,0.47000000000000003,2.73071730959223e-07,0.9999795570121273,0.37546092124071134,4096,0,0,1.0,0.0,0.0,0,0.0,0.37546092124071134,0.0
DNS,c1,753,0.470625,2.7631813063015076e-07,0.9999792562887865,0.37531734894461644,4096,0,0,1.0,0.0,0.0,0,0.0,0.37531734894461644,0.0
DNS,c1,754,0.47125,2.7966608722882067e-07,0.999978947385182,0.3751740489314319,4096,0,0,1.0,0.0,0.0,0,0.0,0.3751740489314319,0.0
DNS,c1,755,0.471875,2.8311861493467445e-07,0.9999786300470549,0.37503102089397244,4096,0,0,1.0,0.0,0.0,0,0.0,0.37503102089397244,0.0
DNS,c1,756,0.47250000000000003,2.866787956968388e-07,0.9999783040134997,0.3748882645208138,4096,0,0,1.0,0.0,0.0,0,0.0,0.3748882645208138,0.0
DNS,c1,757,0.473125,2.9034978043287846e-07,0.9999779690168263,0.37474577949633864,4096,0,0,1.0,0.0,0.0,0,0.0,0.37474577949633864,0.0
DNS,c1,758,0.47375,2.93254879813394e-07,0.9999776247824195,0.37460356550078316,4096,0,0,1.0,0.0,0.0,0,0.0,0.37460356550078316,0.0
DNS,c1,759,0.474375,2.953692477367117e-07,0.9999772710285961,0.37446162221028273,4096,0,0,1.0,0.0,0.0,0,0.0,0.37446162221028273,0.0
DNS,c1,760,0.47500000000000003,2.975488560901694e-07,0.999976907466461,0.37431994929691775,4096,0,0,1.0,0.0,0.0,0,0.0,0.37431994929691775,0.0
DNS,c1,761,0.475625,2.997958873337204e-07,0.9999765337997597,0.37417854642875964,4096,0,0,1.0,0.0,0.0,0,0.0,0.37417854642875964,0.0
DNS,c1,762,0.47625,3.021125743546337e-07,0.9999761497247301,0.37403741326991613,4096,0,0,1.0,0.0,0.0,0,0.0,0.37403741326991613,0.0
DNS,c1,763,0.476875,3.0450120137637615e-07,0.999975754929951,0.3738965494805765,4096,0,0,1.0,0.0,0.0,0,0.0,0.3738965494805765,0.0
DNS,c1,764,0.47750000000000004,3.069641048798132e-07,0.9999753994010638,0.3737559547170568,4096,0,0,1.0,0.0,0.0,0,0.0,0.3737559547170568,0.0
DNS,c1,765,0.478125,3.095036745367611e-07,0.9999751134939334,0.3736156286318447,4096,0,0,1.0,0.0,0.0,0,0.0,0.3736156286318447,0.0
DNS,c1,766,0.47875,3.121223541559174e-07,0.9999748206593452,0.37347557087364486,4096,0,0,1.0,0.0,0.0,0,0.0,0.37347557087364486,0.0
DNS,c1,767,0.479375,3.148226426411914e-07,0.9999745206757858,0.3733357810874223,4096,0,0,1.0,0.0,0.0,0,0.0,0.3733357810874223,0.0
DNS,c1,768,0.48,3.1760709496245415e-07,0.9999742133158429,0.37319625891444796,4096,0,0,1.0,0.0,0.0,0,0.0,0.37319625891444796,0.0
DNS,c1,769,0.480625,3.2047832313872025e-07,0.9999738983460814,0.3730570039923424,4096,0,0,1.0,0.0,0.0,0,0.0,0.3730570039923424,0.0
DNS,c1,770,0.48125,3.2343899723377083e-07,0.9999735755269185,0.37291801595511936,4096,0,0,1.0,0.0,0.0,0,0.0,0.37291801595511936,0.0
DNS,c1,771,0.481875,3.2649184636422097e-07,0.9999732446124959,0.37277929443323077,4096,0,0,1.0,0.0,0.0,0,0.0,0.37277929443323077,0.0
DNS,c1,772,0.4825,3.2963965972003043e-07,0.9999729053505511,0.3726408390536088,4096,0,0,1.0,0.0,0.0,0,0.0,0.3726408390536088,0.0
DNS,c1,773,0.483125,3.3288528759745084e-07,0.9999725574822856,0.3725026494397104,4096,0,0,1.0,0.0,0.0,0,0.0,0.3725026494397104,0.0
DNS,c1,774,0.48375,3.3623164244439823e-07,0.9999722007422327,0.3723647252115597,4096,0,0,1.0,0.0,0.0,0,0.0,0.3723647252115597,0.0
DNS,c1,775,0.484375,3.3968169991823295e-07,0.9999718348581215,0.3722270659857916,4096,0,0,1.0,0.0,0.0,0,0.0,0.3722270659857916,0.0
DNS,c1,776,0.485,3.432384999559247e-07,0.9999714595507404,0.37208967137569393,4096,0,0,1.0,0.0,0.0,0,0.0,0.37208967137569393,0.0
DNS,c1,777,0.48562500000000003,3.469051478565742e-07,0.9999710745337981,0.3719525409912502,4096,0,0,1.0,0.0,0.0,0,0.0,0.3719525409912502,0.0
DNS,c1,778,0.48625,3.5068481537625734e-07,0.9999706795137824,0.3718156744391818,4096,0,0,1.0,0.0,0.0,0,0.0,0.3718156744391818,0.0
DNS,c1,779,0.486875,3.5458074183515223e-07,0.9999702741898172,0.37167907132299033,4096,0,0,1.0,0.0,0.0,0,0.0,0.37167907132299033,0.0
DNS,c1,780,0.4875,3.585962352369022e-07,0.9999698582535179,0.3715427312429989,4096,0,0,1.0,0.0,0.0,0,0.0,0.3715427312429989,0.0
DNS,c1,781,0.48812500000000003,3.627346734001638e-07,0.999969431388844,0.37140665379639437,4096,0,0,1.0,0.0,0.0,0,0.0,0.37140665379639437,0.0
DNS,c1,782,0.48875,3.669995051022808e-07,0.9999689932719501,0.371270838577268,4096,0,0,1.0,0.0,0.0,0,0.0,0.371270838577268,0.0
DNS,c1,783,0.489375,3.694118826859914e-07,0.9999685435710353,0.37113528517665734,4096,0,0,1.0,0.0,0.0,0,0.0,0.37113528517665734,0.0
DNS,c1,784,0.49,3.7182353180596456e-07,0.9999680819461896,0.37099999318258625,4096,0,0,1.0,0.0,0.0,0,0.0,0.37099999318258625,0.0
DNS,c1,785,0.49062500000000003,3.7430988673494527e-07,0.9999676080492393,0.3708649621801065,4096,0,0,1.0,0.0,0.0,0,0.0,0.3708649621801065,0.0
DNS,c1,786,0.49125,3.768733547965233e-07,0.9999671215235897,0.3707301917513375,4096,0,0,1.0,0.0,0.0,0,0.0,0.3707301917513375,0.0
DNS,c1,787,0.491875,3.7951639545475007e-07,0.9999666220040657,0.3705956814755067,4096,0,0,1.0,0.0,0.0,0,0.0,0.3705956814755067,0.0
DNS,c1,788,0.4925,3.8224152118625744e-07,0.999966109116751,0.3704614309289897,4096,0,0,1.0,0.0,0.0,0,0.0,0.3704614309289897,0.0
DNS,c1,789,0.49312500000000004,3.850512983629986e-07,0.9999655920832554,0.37032743968534954,4096,0,0,1.0,0.0,0.0,0,0.0,0.37032743968534954,0.0
DNS,c1,790,0.49375,3.879483481456062e-07,0.9999652198791913,0.3701937073153764,4096,0,0,1.0,0.0,0.0,0,0.0,0.3701937073153764,0.0
DNS,c1,791,0.494375,3.9093534738735853e-07,0.9999648390212248,0.37006023338712696,4096,0,0,1.0,0.0,0.0,0,0.0,0.37006023338712696,0.0
DNS,c1,792,0.495,3.940150295487394e-07,0.9999644492418213,0.36992701746596285,4096,0,0,1.0,0.0,0.0,0,0.0,0.36992701746596285,0.0
DNS,c1,793,0.49562500000000004,3.971901856225734e-07,0.9999640502666662,0.36979405911458973,4096,0,0,1.0,0.0,0.0,0,0.0,0.36979405911458973,0.0
DNS,c1,794,0.49625,4.004636650697133e-07,0.9999636418145325,0.3696613578930958,4096,0,0,1.0,0.0,0.0,0,0.0,0.3696613578930958,0.0
DNS,c1,795,0.496875,4.038383767652504e-07,0.9999632235971448,0.3695289133589894,4096,0,0,1.0,0.0,0.0,0,0.0,0.3695289133589894,0.0
DNS,c1,796,0.4975,4.073172899552158e-07,0.999962795319044,0.3693967250672378,4096,0,0,1.0,0.0,0.0,0,0.0,0.3693967250672378,0.0
DNS,c1,797,0.498125,4.10903435223733e-07,0.9999623566774477,0.3692647925703041,4096,0,0,1.0,0.0,0.0,0,0.0,0.3692647925703041,0.0
DNS,c1,798,0.49875,4.14599905470579e-07,0.9999619073621102,0.36913311541818505,4096,0,0,1.0,0.0,0.0,0,0.0,0.36913311541818505,0.0
DNS,c1,799,0.499375,4.184098568991051e-07,0.9999614470551803,0.369001693158448,4096,0,0,1.0,0.0,0.0,0,0.0,0.369001693158448,0.0
DNS,c1,800,0.5,4.2233651001446267e-07,0.9999609754310566,0.36887052533626824,4096,0,0,1.0,0.0,0.0,0,0.0,0.36887052533626824,0.0
DNS,c1,801,0.500625,4.2638315063207465e-07,0.9999604921562416,0.368739611494465,4096,0,0,1.0,0.0,0.0,0,0.0,0.368739611494465,0.0
DNS,c1,802,0.50125,4.3055313089628736e-07,0.999959996889194,0.36860895117353815,4096,0,0,1.0,0.0,0.0,0,0.0,0.36860895117353815,0.0
DNS,c1,803,0.501875,4.348498703091317e-07,0.9999594892801783,0.3684785439117044,4096,0,0,1.0,0.0,0.0,0,0.0,0.3684785439117044,0.0
DNS,c1,804,0.5025000000000001,4.392768567691173e-07,0.9999589689711134,0.36834838924493307,4096,0,0,1.0,0.0,0.0,0,0.0,0.36834838924493307,0.0
DNS,c1,805,0.503125,4.438376476199763e-07,0.9999584355954183,0.36821848670698143,4096,0,0,1.0,0.0,0.0,0,0.0,0.36821848670698143,0.0
DNS,c1,806,0.50375,4.4853587070926983e-07,0.9999578887778571,0.3680888358294305,4096,0,0,1.0,0.0,0.0,0,0.0,0.3680888358294305,0.0
DNS,c1,807,0.504375,4.525775789236505e-07,0.999957328134381,0.3679594361417198,4096,0,0,1.0,0.0,0.0,0,0.0,0.3679594361417198,0.0
DNS,c1,808,0.505,4.551834687405569e-07,0.9999567532719689,0.36783028717118194,4096,0,0,1.0,0.0,0.0,0,0.0,0.36783028717118194,0.0
DNS,c1,809,0.505625,4.5787054813110327e-07,0.9999561637884662,0.36770138844307776,4096,0,0,1.0,0.0,0.0,0,0.0,0.36770138844307776,0.0
DNS,c1,810,0.50625,4.606413672951444e-07,0.9999555592724212,0.36757273948063,4096,0,0,1.0,0.0,0.0,0,0.0,0.36757273948063,0.0
DNS,c1,811,0.506875,4.6349852848763205e-07,0.9999549393029202,0.36744433980505753,4096,0,0,1.0,0.0,0.0,0,0.0,0.36744433980505753,0.0
DNS,c1,812,0.5075000000000001,4.66444686829649e-07,0.9999543034494203,0.3673161889356093,4096,0,0,1.0,0.0,0.0,0,0.0,0.3673161889356093,0.0
DNS,c1,813,0.508125,4.694825511283655e-07,0.99995365127158,0.3671882863895972,4096,0,0,1.0,0.0,0.0,0,0.0,0.3671882863895972,0.0
DNS,c1,814,0.50875,4.726148847058872e-07,0.9999529823190888,0.36706063168242997,4096,0,0,1.0,0.0,0.0,0,0.0,0.36706063168242997,0.0
DNS,c1,815,0.509375,4.7584450623696e-07,0.9999524203814848,0.36693322432764564,4096,0,0,1.0,0.0,0.0,0,0.0,0.36693322432764564,0.0
DNS,c1,816,0.51,4.791742905954914e-07,0.9999519349672983,0.3668060638369442,4096,0,0,1.0,0.0,0.0,0,0.0,0.3668060638369442,0.0
DNS,c1,817,0.510625,4.826071697098458e-07,0.9999514386490651,0.3666791497202204,4096,0,0,1.0,0.0,0.0,0,0.0,0.3666791497202204,0.0
DNS,c1,818,0.51125,4.861461334268639e-07,0.9999509311022318,0.36655248148559566,4096,0,0,1.0,0.0,0.0,0,0.0,0.36655248148559566,0.0
DNS,c1,819,0.511875,4.897942303845534e-07,0.9999504119944501,0.3664260586394493,4096,0,0,1.0,0.0,0.0,0,0.0,0.3664260586394493,0.0
DNS,c1,820,0.5125,4.935545688933934e-07,0.9999498809854347,0.3662998806864514,4096,0,0,1.0,0.0,0.0,0,0.0,0.3662998806864514,0.0
DNS,c1,821,0.513125,4.974303178261885e-07,0.9999493377268186,0.36617394712959295,4096,0,0,1.0,0.0,0.0,0,0.0,0.36617394712959295,0.0
DNS,c1,822,0.51375,5.014247075164062e-07,0.9999487818620071,0.36604825747021763,4096,0,0,1.0,0.0,0.0,0,0.0,0.36604825747021763,0.0
DNS,c1,823,0.514375,5.055410306649232e-07,0.9999482130260303,0.3659228112080523,4096,0,0,1.0,0.0,0.0,0,0.0,0.3659228112080523,0.0
DNS,c1,824,0.515,5.097826432551048e-07,0.9999476308453931,0.36579760784123744,4096,0,0,1.0,0.0,0.0,0,0.0,0.36579760784123744,0.0
DNS,c1,825,0.515625,5.141529654761311e-07,0.9999470349379238,0.3656726468663578,4096,0,0,1.0,0.0,0.0,0,0.0,0.3656726468663578,0.0
DNS,c1,826,0.51625,5.186554826544856e-07,0.9999464249126212,0.36554792777847206,4096,0,0,1.0,0.0,0.0,0,0.0,0.36554792777847206,0.0
DNS,c1,827,0.516875,5.232937461935091e-07,0.9999458003694993,0.3654234500711424,4096,0,0,1.0,0.0,0.0,0,0.0,0.3654234500711424,0.0
DNS,c1,828,0.5175,5.280713745209224e-07,0.9999451608994309,0.3652992132364647,4096,0,0,1.0,0.0,0.0,0,0.0,0.3652992132364647,0.0
DNS,c1,829,0.5181250000000001,5.329920540442113e-07,0.9999445060839883,0.3651752167650966,4096,0,0,1.0,0.0,0.0,0,0.0,0.3651752167650966,0.0
DNS,c1,830,0.51875,5.380595401137657e-07,0.9999438354952839,0.3650514601462877,4096,0,0,1.0,0.0,0.0,0,0.0,0.3650514601462877,0.0
DNS,c1,831,0.519375,5.432776579936556e-07,0.9999431486958074,0.3649279428679073,4096,0,0,1.0,0.0,0.0,0,0.0,0.3649279428679073,0.0
DNS,c1,832,0.52,5.470373126516574e-07,0.9999424452382623,0.3648046644164731,4096,0,0,1.0,0.0,0.0,0,0.0,0.3648046644164731,0.0
DNS,c1,833,0.520625,5.498769854715603e-07,0.9999417246654,0.36468162427717954,4096,0,0,1.0,0.0,0.0,0,0.0,0.36468162427717954,0.0
DNS,c1,834,0.52125,5.52805982205518e-07,0.9999409865098526,0.3645588219339253,4096,0,0,1.0,0.0,0.0,0,0.0,0.3645588219339253,0.0
DNS,c1,835,0.521875,5.558270128529484e-07,0.9999402302939636,0.36443625686934145,4096,0,0,1.0,0.0,0.0,0,0.0,0.36443625686934145,0.0
DNS,c1,836,0.5225,5.589428393182691e-07,0.9999394555296169,0.36431392856481826,4096,0,0,1.0,0.0,0.0,0,0.0,0.36431392856481826,0.0
DNS,c1,837,0.5231250000000001,5.621562761598675e-07,0.9999386617180646,0.3641918365005327,4096,0,0,1.0,0.0,0.0,0,0.0,0.3641918365005327,0.0
DNS,c1,838,0.52375,5.65470191346335e-07,0.9999378483497516,0.3640699801554751,4096,0,0,1.0,0.0,0.0,0,0.0,0.3640699801554751,0.0
DNS,c1,839,0.524375,5.688875070199079e-07,0.999937014904141,0.363948359007476,4096,0,0,1.0,0.0,0.0,0,0.0,0.363948359007476,0.0
DNS,c1,840,0.525,5.724112002670596e-07,0.9999361608495348,0.363826972533232,4096,0,0,1.0,0.0,0.0,0,0.0,0.363826972533232,0.0
DNS,c1,841,0.525625,5.760443038961797e-07,0.9999355394756037,0.3637058202083322,4096,0,0,1.0,0.0,0.0,0,0.0,0.3637058202083322,0.0
DNS,c1,842,0.52625,5.797899072222727e-07,0.9999349188964112,0.3635849015072842,4096,0,0,1.0,0.0,0.0,0,0.0,0.3635849015072842,0.0
DNS,c1,843,0.526875,5.836511568586066e-07,0.9999342848644549,0.36346421590353917,4096,0,0,1.0,0.0,0.0,0,0.0,0.36346421590353917,0.0
DNS,c1,844,0.5275,5.876312575152324e-07,0.9999336369937578,0.36334376286951764,4096,0,0,1.0,0.0,0.0,0,0.0,0.36334376286951764,0.0
DNS,c1,845,0.528125,5.917334728042983e-07,0.9999329748895444,0.3632235418766343,4096,0,0,1.0,0.0,0.0,0,0.0,0.3632235418766343,0.0
DNS,c1,846,0.52875,5.959611260520689e-07,0.9999322981480906,0.363103552395323,4096,0,0,1.0,0.0,0.0,0,0.0,0.363103552395323,0.0
DNS,c1,847,0.529375,6.003176011175639e-07,0.9999316063565725,0.36298379389506097,4096,0,0,1.0,0.0,0.0,0,0.0,0.36298379389506097,0.0
DNS,c1,848,0.53,6.048063432177192e-07,0.9999308990929129,0.3628642658443937,4096,0,0,1.0,0.0,0.0,0,0.0,0.3628642658443937,0.0
DNS,c1,849,0.530625,6.094308597589722e-07,0.9999301759256262,0.3627449677109585,4096,0,0,1.0,0.0,0.0,0,0.0,0.3627449677109585,0.0
DNS,c1,850,0.53125,6.141947211751686e-07,0.999929436413662,0.36262589896150876,4096,0,0,1.0,0.0,0.0,0,0.0,0.36262589896150876,0.0
DNS,c1,851,0.531875,6.191015617716797e-07,0.9999286801062474,0.3625070590619371,4096,0,0,1.0,0.0,0.0,0,0.0,0.3625070590619371,0.0
DNS,c1,852,0.5325,6.241550805756179e-07,0.999927906542726,0.36238844747729915,4096,0,0,1.0,0.0,0.0,0,0.0,0.36238844747729915,0.0
DNS,c1,853,0.533125,6.293590421920317e-07,0.9999271152523975,0.3622700636718363,4096,0,0,1.0,0.0,0.0,0,0.0,0.3622700636718363,0.0
DNS,c1,854,0.5337500000000001,6.347172776659563e-07,0.9999263057543539,0.36215190710899886,4096,0,0,1.0,0.0,0.0,0,0.0,0.36215190710899886,0.0
DNS,c1,855,0.534375,6.402336853501901e-07,0.9999254775573153,0.3620339772514683,4096,0,0,1.0,0.0,0.0,0,0.0,0.3620339772514683,0.0
DNS,c1,856,0.535,6.459122317786652e-07,0.9999246301594631,0.36191627356118017,4096,0,0,1.0,0.0,0.0,0,0.0,0.36191627356118017,0.0
DNS,c1,857,0.535625,6.495642059692701e-07,0.9999237630482722,0.3617987954993457,4096,0,0,1.0,0.0,0.0,0,0.0,0.3617987954993457,0.0
DNS,c1,858,0.53625,6.52594917920857e-07,0.9999228757003418,0.361681542526474,4096,0,0,1.0,0.0,0.0,0,0.0,0.361681542526474,0.0
DNS,c1,859,0.536875,6.557221207219334e-07,0.9999219675812235,0.36156451410239393,4096,0,0,1.0,0.0,0.0,0,0.0,0.36156451410239393,0.0
DNS,c1,860,0.5375,6.589486466026969e-07,0.9999210381452496,0.36144770968627493,4096,0,0,1.0,0.0,0.0,0,0.0,0.36144770968627493,0.0
DNS,c1,861,0.538125,6.622773787111869e-07,0.9999200868353578,0.36133112873664897,4096,0,0,1.0,0.0,0.0,0,0.0,0.36133112873664897,0.0
DNS,c1,862,0.5387500000000001,6.657112517923763e-07,0.9999191130829165,0.3612147707114308,4096,0,0,1.0,0.0,0.0,0,0.0,0.3612147707114308,0.0
DNS,c1,863,0.539375,6.692532528729711e-07,0.9999181163075465,0.3610986350679396,4096,0,0,1.0,0.0,0.0,0,0.0,0.3610986350679396,0.0
DNS,c1,864,0.54,6.729064219518433e-07,0.9999170959169427,0.3609827212629184,4096,0,0,1.0,0.0,0.0,0,0.0,0.3609827212629184,0.0
DNS,c1,865,0.540625,6.766738526960244e-07,0.9999160513066936,0.3608670287525556,4096,0,0,1.0,0.0,0.0,0,0.0,0.3608670287525556,0.0
DNS,c1,866,0.54125,6.805586931421786e-07,0.9999150233068568,0.3607515569925039,4096,0,0,1.0,0.0,0.0,0,0.0,0.3607515569925039,0.0
DNS,c1,867,0.541875,6.845641464034718e-07,0.9999142599432496,0.3606363054379007,4096,0,0,1.0,0.0,0.0,0,0.0,0.3606363054379007,0.0
DNS,c1,868,0.5425,6.886934713817499e-07,0.999913480740378,0.36052127354338825,4096,0,0,1.0,0.0,0.0,0,0.0,0.36052127354338825,0.0
DNS,c1,869,0.543125,6.929499834849342e-07,0.9999126852569896,0.360406460763132,4096,0,0,1.0,0.0,0.0,0,0.0,0.360406460763132,0.0
DNS,c1,870,0.5437500000000001,6.973370553495378e-07,0.9999118730422161,0.3602918665508404,4096,0,0,1.0,0.0,0.0,0,0.0,0.3602918665508404,0.0
DNS,c1,871,0.544375,7.018581175682038e-07,0.9999110436354192,0.3601774903597841,4096,0,0,1.0,0.0,0.0,0,0.0,0.3601774903597841,0.0
DNS,c1,872,0.545,7.065166594221601e-07,0.9999101965660356,0.360063331642814,4096,0,0,1.0,0.0,0.0,0,0.0,0.360063331642814,0.0
DNS,c1,873,0.545625,7.113162296184827e-07,0.9999093313534207,0.3599493898523805,4096,0,0,1.0,0.0,0.0,0,0.0,0.3599493898523805,0.0
DNS,c1,874,0.54625,7.162604370320553e-07,0.9999084475066897,0.35983566444055154,4096,0,0,1.0,0.0,0.0,0,0.0,0.35983566444055154,0.0
DNS,c1,875,0.546875,7.213529514521061e-07,0.9999075445245583,0.3597221548590306,4096,0,0,1.0,0.0,0.0,0,0.0,0.3597221548590306,0.0
DNS,c1,876,0.5475,7.26597504333202e-07,0.9999066218951814,0.35960886055917496,4096,0,0,1.0,0.0,0.0,0,0.0,0.35960886055917496,0.0
DNS,c1,877,0.548125,7.319978895505735e-07,0.9999056790959906,0.359495780992013,4096,0,0,1.0,0.0,0.0,0,0.0,0.359495780992013,0.0
DNS,c1,878,0.54875,7.37557964159639e-07,0.9999047155935299,0.3593829156082622,4096,0,0,1.0,0.0,0.0,0,0.0,0.3593829156082622,0.0
DNS,c1,879,0.5493750000000001,7.43281649159594e-07,0.9999037308432903,0.3592702638583458,4096,0,0,1.0,0.0,0.0,0,0.0,0.3592702638583458,0.0
DNS,c1,880,0.55,7.491729302609256e-07,0.9999027242895429,0.3591578251924106,4096,0,0,1.0,0.0,0.0,0,0.0,0.3591578251924106,0.0
DNS,c1,881,0.550625,7.552358586567075e-07,0.9999016953651698,0.3590455990603433,4096,0,0,1.0,0.0,0.0,0,0.0,0.3590455990603433,0.0
DNS,c1,882,0.55125,7.591393150053098e-07,0.9999006434914954,0.35893358491178756,4096,0,0,1.0,0.0,0.0,0,0.0,0.35893358491178756,0.0
DNS,c1,883,0.551875,7.623103294047427e-07,0.9998995680781142,0.35882178219616023,4096,0,0,1.0,0.0,0.0,0,0.0,0.35882178219616023,0.0
DNS,c1,884,0.5525,7.65583827625964e-07,0.9998984685227185,0.3587101903626681,4096,0,0,1.0,0.0,0.0,0,0.0,0.3587101903626681,0.0
DNS,c1,885,0.553125,7.689627254683821e-07,0.9998973442109245,0.35859880886032314,4096,0,0,1.0,0.0,0.0,0,0.0,0.35859880886032314,0.0
DNS,c1,886,0.55375,7.724499879441096e-07,0.999896194516097,0.3584876371379596,4096,0,0,1.0,0.0,0.0,0,0.0,0.3584876371379596,0.0
DNS,c1,887,0.5543750000000001,7.760486298829069e-07,0.9998950187991728,0.3583766746442487,4096,0,0,1.0,0.0,0.0,0,0.0,0.3583766746442487,0.0
DNS,c1,888,0.555,7.797617165414229e-07,0.9998938164084821,0.35826592082771475,4096,0,0,1.0,0.0,0.0,0,0.0,0.35826592082771475,0.0
DNS,c1,889,0.555625,7.83592364216649e-07,0.99989258667957,0.35815537513675033,4096,0,0,1.0,0.0,0.0,0,0.0,0.35815537513675033,0.0
DNS,c1,890,0.55625,7.875437408635013e-07,0.9998913289350158,0.3580450370196313,4096,0,0,1.0,0.0,0.0,0,0.0,0.3580450370196313,0.0
DNS,c1,891,0.556875,7.916190667164387e-07,0.9998900424842504,0.3579349059245321,4096,0,0,1.0,0.0,0.0,0,0.0,0.3579349059245321,0.0
DNS,c1,892,0.5575,7.95821614915025e-07,0.9998887673043106,0.3578249812995405,4096,0,0,1.0,0.0,0.0,0,0.0,0.3578249812995405,0.0
DNS,c1,893,0.558125,8.001547121333368e-07,0.9998878236130122,0.3577152625926717,4096,0,0,1.0,0.0,0.0,0,0.0,0.3577152625926717,0.0
DNS,c1,894,0.55875,8.046217392131147e-07,0.9998868610704135,0.35760574925188354,4096,0,0,1.0,0.0,0.0,0,0.0,0.35760574925188354,0.0
DNS,c1,895,0.5593750000000001,8.092261318005561e-07,0.9998858791688139,0.35749644072509024,4096,0,0,1.0,0.0,0.0,0,0.0,0.35749644072509024,0.0
DNS,c1,896,0.56,8.139713809866362e-07,0.999884877389979,0.35738733646017656,4096,0,0,1.0,0.0,0.0,0,0.0,0.35738733646017656,0.0
DNS,c1,897,0.560625,8.188610339508495e-07,0.9998838552049837,0.3572784359050118,4096,0,0,1.0,0.0,0.0,0,0.0,0.3572784359050118,0.0
DNS,c1,898,0.56125,8.238986946082522e-07,0.9998828120740538,0.35716973850746353,4096,0,0,1.0,0.0,0.0,0,0.0,0.35716973850746353,0.0
DNS,c1,899,0.561875,8.290880242596864e-07,0.9998817474464067,0.35706124371541115,4096,0,0,1.0,0.0,0.0,0,0.0,0.35706124371541115,0.0
DNS,c1,900,0.5625,8.34432742245062e-07,0.9998806607600899,0.35695295097675905,4096,0,0,1.0,0.0,0.0,0,0.0,0.35695295097675905,0.0
DNS,c1,901,0.563125,8.399366265995683e-07,0.9998795514418193,0.35684485973945035,4096,0,0,1.0,0.0,0.0,0,0.0,0.35684485973945035,0.0
DNS,c1,902,0.56375,8.45603514712684e-07,0.9998784189068156,0.3567369694514793,4096,0,0,1.0,0.0,0.0,0,0.0,0.3567369694514793,0.0
DNS,c1,903,0.564375,8.514373039898478e-07,0.9998772625586396,0.35662927956090473,4096,0,0,1.0,0.0,0.0,0,0.0,0.35662927956090473,0.0
DNS,c1,904,0.5650000000000001,8.574419525166517e-07,0.9998760817890258,0.35652178951586255,4096,0,0,1.0,0.0,0.0,0,0.0,0.35652178951586255,0.0
DNS,c1,905,0.565625,8.636214797254129e-07,0.9998748759777153,0.3564144987645781,4096,0,0,1.0,0.0,0.0,0,0.0,0.3564144987645781,0.0
DNS,c1,906,0.56625,8.699799670639747e-07,0.9998736444922875,0.3563074067553791,4096,0,0,1.0,0.0,0.0,0,0.0,0.3563074067553791,0.0
DNS,c1,907,0.566875,8.746896753744491e-07,0.9998723866879904,0.3562005129367073,4096,0,0,1.0,0.0,0.0,0,0.0,0.3562005129367073,0.0
DNS,c1,908,0.5675,8.779445340463117e-07,0.9998711019075691,0.3560938167571309,4096,0,0,1.0,0.0,0.0,0,0.0,0.3560938167571309,0.0
DNS,c1,909,0.568125,8.813065523459676e-07,0.9998697894810944,0.35598731766535663,4096,0,0,1.0,0.0,0.0,0,0.0,0.35598731766535663,0.0
DNS,c1,910,0.56875,8.847786917759539e-07,0.9998684487257894,0.35588101511024106,4096,0,0,1.0,0.0,0.0,0,0.0,0.35588101511024106,0.0
DNS,c1,911,0.569375,8.883639607642255e-07,0.9998670789458548,0.35577490854080274,4096,0,0,1.0,0.0,0.0,0,0.0,0.35577490854080274,0.0
DNS,c1,912,0.5700000000000001,8.920654151937919e-07,0.999865679432294,0.35566899740623314,4096,0,0,1.0,0.0,0.0,0,0.0,0.35566899740623314,0.0
DNS,c1,913,0.570625,8.958861589354144e-07,0.9998642494627359,0.3555632811559087,4096,0,0,1.0,0.0,0.0,0,0.0,0.3555632811559087,0.0
DNS,c1,914,0.57125,8.998293443832736e-07,0.9998627883012576,0.3554577592394011,4096,0,0,1.0,0.0,0.0,0,0.0,0.3554577592394011,0.0
DNS,c1,915,0.571875,9.038981729935153e-07,0.9998612951982059,0.35535243110648923,4096,0,0,1.0,0.0,0.0,0,0.0,0.35535243110648923,0.0
DNS,c1,916,0.5725,9.080958958255791e-07,0.9998597693900171,0.3552472962071694,4096,0,0,1.0,0.0,0.0,0,0.0,0.3552472962071694,0.0
DNS,c1,917,0.573125,9.124258140862104e-07,0.9998582100990367,0.3551423539916662,4096,0,0,1.0,0.0,0.0,0,0.0,0.3551423539916662,0.0
DNS,c1,918,0.57375,9.168912796760538e-07,0.9998566165333377,0.35503760391044376,4096,0,0,1.0,0.0,0.0,0,0.0,0.35503760391044376,0.0
DNS,c1,919,0.574375,9.214956957387225e-07,0.9998553982263099,0.35493304541421505,4096,0,0,1.0,0.0,0.0,0,0.0,0.35493304541421505,0.0
DNS,c1,920,0.5750000000000001,9.262425172122343e-07,0.999854226587073,0.3548286779539534,4096,0,0,1.0,0.0,0.0,0,0.0,0.3548286779539534,0.0
DNS,c1,921,0.575625,9.311352513827038e-07,0.9998530322948052,0.35472450098090186,4096,0,0,1.0,0.0,0.0,0,0.0,0.35472450098090186,0.0
DNS,c1,922,0.57625,9.361774584401737e-07,0.9998518147624192,0.3546205139465835,4096,0,0,1.0,0.0,0.0,0,0.0,0.3546205139465835,0.0
DNS,c1,923,0.576875,9.413727520364665e-07,0.9998505733912807,0.3545167163028117,4096,0,0,1.0,0.0,0.0,0,0.0,0.3545167163028117,0.0
DNS,c1,924,0.5775,9.467247998449366e-07,0.999849307571048,0.35441310750169935,4096,0,0,1.0,0.0,0.0,0,0.0,0.35441310750169935,0.0
DNS,c1,925,0.578125,9.522373241219942e-07,0.9998480166795121,0.3543096869956689,4096,0,0,1.0,0.0,0.0,0,0.0,0.3543096869956689,0.0
DNS,c1,926,0.57875,9.579141022702754e-07,0.9998467000824355,0.35420645423746183,4096,0,0,1.0,0.0,0.0,0,0.0,0.35420645423746183,0.0
DNS,c1,927,0.579375,9.637589674033233e-07,0.9998453571333892,0.3541034086801479,4096,0,0,1.0,0.0,0.0,0,0.0,0.3541034086801479,0.0
DNS,c1,928,0.58,9.697758089116467e-07,0.9998439871735889,0.35400054977713474,4096,0,0,1.0,0.0,0.0,0,0.0,0.35400054977713474,0.0
DNS,c1,929,0.5806250000000001,9.759685730300155e-07,0.9998425895317308,0.3538978769821766,4096,0,0,1.0,0.0,0.0,0,0.0,0.3538978769821766,0.0
DNS,c1,930,0.58125,9.82341263405852e-07,0.9998411635238251,0.3537953897493839,4096,0,0,1.0,0.0,0.0,0,0.0,0.3537953897493839,0.0
DNS,c1,931,0.581875,9.888979416685701e-07,0.9998397084530299,0.3536930875332315,4096,0,0,1.0,0.0,0.0,0,0.0,0.3536930875332315,0.0
DNS,c1,932,0.5825,9.95162098409403e-07,0.9998382236094829,0.3535909697885681,4096,0,0,1.0,0.0,0.0,0,0.0,0.3535909697885681,0.0
DNS,c1,933,0.583125,9.984410168256085e-07,0.9998367082701328,0.35348903597062437,4096,0,0,1.0,0.0,0.0,0,0.0,0.35348903597062437,0.0
DNS,c1,934,0.58375,1.0018303755095833e-06,0.9998351616985696,0.3533872855350221,4096,0,0,1.0,0.0,0.0,0,0.0,0.3533872855350221,0.0
DNS,c1,935,0.584375,1.0053331461409716e-06,0.9998335831448536,0.35328571793778213,4096,0,0,1.0,0.0,0.0,0,0.0,0.35328571793778213,0.0
DNS,c1,936,0.585,1.0089523445962696e-06,0.9998319718453444,0.3531843326353329,4096,0,0,1.0,0.0,0.0,0,0.0,0.3531843326353329,0.0
DNS,c1,937,0.5856250000000001,1.0126910314045716e-06,0.999830327022528,0.3530831290845186,4096,0,0,1.0,0.0,0.0,0,0.0,0.3530831290845186,0.0
DNS,c1,938,0.58625,1.016552312205322e-06,0.9998286478848433,0.3529821067426075,4096,0,0,1.0,0.0,0.0,0,0.0,0.3529821067426075,0.0
DNS,c1,939,0.586875,1.0205393382079836e-06,0.9998269336265081,0.35288126506729933,4096,0,0,1.0,0.0,0.0,0,0.0,0.35288126506729933,0.0
DNS,c1,940,0.5875,1.0246553066535278e-06,0.9998251834273444,0.35278060351673385,4096,0,0,1.0,0.0,0.0,0,0.0,0.35278060351673385,0.0
DNS,c1,941,0.588125,1.028903461277649e-06,0.999823396452602,0.35268012154949835,4096,0,0,1.0,0.0,0.0,0,0.0,0.35268012154949835,0.0
DNS,c1,942,0.58875,1.0332870927756038e-06,0.9998215718527824,0.3525798186246353,4096,0,0,1.0,0.0,0.0,0,0.0,0.3525798186246353,0.0
DNS,c1,943,0.589375,1.0378095392685724e-06,0.9998197087634614,0.3524796942016496,4096,0,0,1.0,0.0,0.0,0,0.0,0.3524796942016496,0.0
DNS,c1,944,0.59,1.0424741867714377e-06,0.9998178063051109,0.3523797477405168,4096,0,0,1.0,0.0,0.0,0,0.0,0.3523797477405168,0.0
DNS,c1,945,0.5906250000000001,1.047284469661873e-06,0.9998160697728605,0.3522799787016896,4096,0,0,1.0,0.0,0.0,0,0.0,0.3522799787016896,0.0
DNS,c1,946,0.59125,1.052243871150626e-06,0.9998146624043288,0.35218038654610584,4096,0,0,1.0,0.0,0.0,0,0.0,0.35218038654610584,0.0
DNS,c1,947,0.591875,1.0573559237528881e-06,0.9998132289130981,0.35208097073519495,4096,0,0,1.0,0.0,0.0,0,0.0,0.35208097073519495,0.0
DNS,c1,948,0.5925,1.0626242097606301e-06,0.9998117686426717,0.35198173073088573,4096,0,0,1.0,0.0,0.0,0,0.0,0.35198173073088573,0.0
DNS,c1,949,0.593125,1.068052361715785e-06,0.9998102809242223,0.3518826659956127,4096,0,0,1.0,0.0,0.0,0,0.0,0.3518826659956127,0.0
DNS,c1,950,0.59375,1.0736440628841552e-06,0.999808765076433,0.3517837759923232,4096,0,0,1.0,0.0,0.0,0,0.0,0.3517837759923232,0.0
DNS,c1,951,0.594375,1.0794030477299191e-06,0.9998072204053389,0.3516850601844843,4096,0,0,1.0,0.0,0.0,0,0.0,0.3516850601844843,0.0
DNS,c1,952,0.595,1.08533310239061e-06,0.999805646204166,0.3515865180360892,4096,0,0,1.0,0.0,0.0,0,0.0,0.3515865180360892,0.0
DNS,c1,953,0.595625,1.0914380651524314e-06,0.999804041753171,0.351488149011664,4096,0,0,1.0,0.0,0.0,0,0.0,0.351488149011664,0.0
DNS,c1,954,0.5962500000000001,1.0977218269257812e-06,0.9998024063194786,0.351389952576274,4096,0,0,1.0,0.0,0.0,0,0.0,0.351389952576274,0.0
DNS,c1,955,0.596875,1.1041883317208418e-06,0.9998007391569192,0.3512919281955304,4096,0,0,1.0,0.0,0.0,0,0.0,0.3512919281955304,0.0
DNS,c1,956,0.5975,1.1108415771231e-06,0.9997990395058655,0.3511940753355962,4096,0,0,1.0,0.0,0.0,0,0.0,0.3511940753355962,0.0
DNS,c1,957,0.598125,1.1176856147686513e-06,0.9997973065930674,0.35109639346319294,4096,0,0,1.0,0.0,0.0,0,0.0,0.35109639346319294,0.0
DNS,c1,958,0.59875,1.1228316602241858e-06,0.9997955396314877,0.35099888204560614,4096,0,0,1.0,0.0,0.0,0,0.0,0.35099888204560614,0.0
DNS,c1,959,0.599375,1.1261861618002445e-06,0.9997937378201356,0.350901540550692,4096,0,0,1.0,0.0,0.0,0,0.0,0.350901540550692,0.0
DNS,c1,960,0.6,1.1296559227781022e-06,0.9997919003439004,0.3508043684468831,4096,0,0,1.0,0.0,0.0,0,0.0,0.3508043684468831,0.0
DNS,c1,961,0.600625,1.1332439341381584e-06,0.9997900263733841,0.3507073652031942,4096,0,0,1.0,0.0,0.0,0,0.0,0.3507073652031942,0.0
DNS,c1,962,0.6012500000000001,1.1369532284095055e-06,0.9997881150647334,0.35061053028922795,4096,0,0,1.0,0.0,0.0,0,0.0,0.35061053028922795,0.0
DNS,c1,963,0.601875,1.1407868800563294e-06,0.9997861655594711,0.35051386317518124,4096,0,0,1.0,0.0,0.0,0,0.0,0.35051386317518124,0.0
DNS,c1,964,0.6025,1.144748005865359e-06,0.9997841769843268,0.3504173633318498,4096,0,0,1.0,0.0,0.0,0,0.0,0.3504173633318498,0.0
DNS,c1,965,0.603125,1.148839765334268e-06,0.999782148451067,0.3503210302306349,4096,0,0,1.0,0.0,0.0,0,0.0,0.3503210302306349,0.0
DNS,c1,966,0.60375,1.1530653610609388e-06,0.9997800790563252,0.35022486334354763,4096,0,0,1.0,0.0,0.0,0,0.0,0.35022486334354763,0.0
DNS,c1,967,0.604375,1.157428039133486e-06,0.99977796788143,0.35012886214321554,4096,0,0,1.0,0.0,0.0,0,0.0,0.35012886214321554,0.0
DNS,c1,968,0.605,1.161931089520945e-06,0.9997758139922349,0.3500330261028868,4096,0,0,1.0,0.0,0.0,0,0.0,0.3500330261028868,0.0
DNS,c1,969,0.605625,1.1665778464645204e-06,0.9997736164389452,0.3499373546964364,4096,0,0,1.0,0.0,0.0,0,0.0,0.3499373546964364,0.0
DNS,c1,970,0.6062500000000001,1.1713716888692908e-06,0.9997713742559466,0.3498418473983707,4096,0,0,1.0,0.0,0.0,0,0.0,0.3498418473983707,0.0
DNS,c1,971,0.606875,1.1763160406962636e-06,0.999769086461632,0.3497465036838329,4096,0,0,1.0,0.0,0.0,0,0.0,0.3497465036838329,0.0
DNS,c1,972,0.6075,1.1814143713546707e-06,0.9997671617612028,0.34965132302860796,4096,0,0,1.0,0.0,0.0,0,0.0,0.34965132302860796,0.0
DNS,c1,973,0.608125,1.1866701960943913e-06,0.99976546152931,0.34955630490912726,4096,0,0,1.0,0.0,0.0,0,0.0,0.34955630490912726,0.0
DNS,c1,974,0.60875,1.192087076398392e-06,0.9997637308462118,0.3494614488024741,4096,0,0,1.0,0.0,0.0,0,0.0,0.3494614488024741,0.0
DNS,c1,975,0.609375,1.197668620375062e-06,0.9997619689732414,0.349366754186388,4096,0,0,1.0,0.0,0.0,0,0.0,0.349366754186388,0.0
DNS,c1,976,0.61,1.203418483150331e-06,0.9997601751585411,0.3492722205392698,4096,0,0,1.0,0.0,0.0,0,0.0,0.3492722205392698,0.0
DNS,c1,977,0.610625,1.2093403672594415e-06,0.9997583486369059,0.3491778473401861,4096,0,0,1.0,0.0,0.0,0,0.0,0.3491778473401861,0.0
DNS,c1,978,0.61125,1.2154380230382592e-06,0.9997564886296268,0.3490836340688739,4096,0,0,1.0,0.0,0.0,0,0.0,0.3490836340688739,0.0
DNS,c1,979,0.6118750000000001,1.221715249013988e-06,0.9997545943443326,0.3489895802057454,4096,0,0,1.0,0.0,0.0,0,0.0,0.3489895802057454,0.0
DNS,c1,980,0.6125,1.2281758922951662e-06,0.9997526649748312,0.3488956852318922,4096,0,0,1.0,0.0,0.0,0,0.0,0.3488956852318922,0.0
DNS,c1,981,0.613125,1.234823848960812e-06,0.9997506997009513,0.34880194862909003,4096,0,0,1.0,0.0,0.0,0,0.0,0.34880194862909003,0.0
DNS,c1,982,0.61375,1.2416630644485829e-06,0.9997486976883821,0.3487083698798028,4096,0,0,1.0,0.0,0.0,0,0.0,0.3487083698798028,0.0
DNS,c1,983,0.614375,1.248697533941814e-06,0.9997466580885133,0.3486149484671871,4096,0,0,1.0,0.0,0.0,0,0.0,0.3486149484671871,0.0
DNS,c1,984,0.615,1.2535523541200401e-06,0.9997445800382739,0.3485216838750965,4096,0,0,1.0,0.0,0.0,0,0.0,0.3485216838750965,0.0
DNS,c1,985,0.615625,1.2569266301290618e-06,0.9997424626599718,0.34842857558808554,4096,0,0,1.0,0.0,0.0,0,0.0,0.34842857558808554,0.0
DNS,c1,986,0.61625,1.2604195504249954e-06,0.999740305061131,0.34833562309141397,4096,0,0,1.0,0.0,0.0,0,0.0,0.34833562309141397,0.0
DNS,c1,987,0.6168750000000001,1.2640340913700202e-06,0.99973810633433,0.3482428258710507,4096,0,0,1.0,0.0,0.0,0,0.0,0.3482428258710507,0.0
DNS,c1,988,0.6175,1.2677732679161655e-06,0.999735865557039,0.3481501834136782,4096,0,0,1.0,0.0,0.0,0,0.0,0.3481501834136782,0.0
DNS,c1,989,0.618125,1.2716401339257304e-06,0.9997335817914564,0.34805769520669605,4096,0,0,1.0,0.0,0.0,0,0.0,0.34805769520669605,0.0
DNS,c1,990,0.61875,1.2756377824919681e-06,0.999731254084346,0.3479653607382248,4096,0,0,1.0,0.0,0.0,0,0.0,0.3479653607382248,0.0
DNS,c1,991,0.619375,1.2797693462599464e-06,0.9997288814668728,0.34787317949711016,4096,0,0,1.0,0.0,0.0,0,0.0,0.34787317949711016,0.0
DNS,c1,992,0.62,1.2840379977474886e-06,0.9997264629544385,0.34778115097292667,4096,0,0,1.0,0.0,0.0,0,0.0,0.34778115097292667,0.0
DNS,c1,993,0.620625,1.2884469496661054e-06,0.9997239975465179,0.34768927465598115,4096,0,0,1.0,0.0,0.0,0,0.0,0.34768927465598115,0.0
DNS,c1,994,0.62125,1.292999455241818e-06,0.9997214842264935,0.3475975500373169,4096,0,0,1.0,0.0,0.0,0,0.0,0.3475975500373169,0.0
DNS,c1,995,0.6218750000000001,1.2976988085357746e-06,0.9997189219614914,0.3475059766087167,4096,0,0,1.0,0.0,0.0,0,0.0,0.3475059766087167,0.0
DNS,c1,996,0.6225,1.3025483447645627e-06,0.9997163097022153,0.3474145538627072,4096,0,0,1.0,0.0,0.0,0,0.0,0.3474145538627072,0.0
DNS,c1,997,0.623125,1.3075514406201114e-06,0.999713646382782,0.34732328129256157,4096,0,0,1.0,0.0,0.0,0,0.0,0.34732328129256157,0.0
DNS,c1,998,0.62375,1.3127115145890824e-06,0.999710930920556,0.34723215839230365,4096,0,0,1.0,0.0,0.0,0,0.0,0.34723215839230365,0.0
DNS,c1,999,0.624375,1.318032027271642e-06,0.9997086177865745,0.34714118465671107,4096,0,0,1.0,0.0,0.0,0,0.0,0.34714118465671107,0.0
DNS,c1,1000,0.625,1.3235164816995053e-06,0.9997065883568784,0.3470503595813188,4096,0,0,1.0,0.0,0.0,0,0.0,0.3470503595813188,0.0
DNS,c1,1001,0.625625,1.3291684236531444e-06,0.9997045239072014,0.34695968266242233,4096,0,0,1.0,0.0,0.0,0,0.0,0.34695968266242233,0.0
DNS,c1,1002,0.62625,1.3349914419780468e-06,0.9997024236162876,0.34686915339708085,4096,0,0,1.0,0.0,0.0,0,0.0,0.34686915339708085,0.0
DNS,c1,1003,0.626875,1.3409891688999097e-06,0.9997002866489187,0.34677877128312107,4096,0,0,1.0,0.0,0.0,0,0.0,0.34677877128312107,0.0
DNS,c1,1004,0.6275000000000001,1.3471652803386553e-06,0.9996981121557622,0.3466885358191397,4096,0,0,1.0,0.0,0.0,0,0.0,0.3466885358191397,0.0
DNS,c1,1005,0.628125,1.353523496221148e-06,0.9996958992732174,0.3465984465045072,4096,0,0,1.0,0.0,0.0,0,0.0,0.3465984465045072,0.0
DNS,c1,1006,0.62875,1.3600675807924936e-06,0.9996936471232627,0.3465085028393704,4096,0,0,1.0,0.0,0.0,0,0.0,0.3465085028393704,0.0
DNS,c1,1007,0.629375,1.366801342925798e-06,0.9996913548133007,0.3464187043246558,4096,0,0,1.0,0.0,0.0,0,0.0,0.3464187043246558,0.0
DNS,c1,1008,0.63,1.3737286364302633e-06,0.9996890214360048,0.3463290504620729,4096,0,0,1.0,0.0,0.0,0,0.0,0.3463290504620729,0.0
DNS,c1,1009,0.630625,1.3808533603574926e-06,0.9996866460691636,0.34623954075411645,4096,0,0,1.0,0.0,0.0,0,0.0,0.34623954075411645,0.0
DNS,c1,1010,0.63125,1.3865229637660413e-06,0.9996842277755266,0.34615017470407017,4096,0,0,1.0,0.0,0.0,0,0.0,0.34615017470407017,0.0
DNS,c1,1011,0.631875,1.3898599542388807e-06,0.9996817656026484,0.3460609518160092,4096,0,0,1.0,0.0,0.0,0,0.0,0.3460609518160092,0.0
DNS,c1,1012,0.6325000000000001,1.393317543925488e-06,0.9996792585827337,0.3459718715948029,4096,0,0,1.0,0.0,0.0,0,0.0,0.3459718715948029,0.0
DNS,c1,1013,0.633125,1.3968986648532817e-06,0.9996767057324804,0.34588293354611804,4096,0,0,1.0,0.0,0.0,0,0.0,0.34588293354611804,0.0
DNS,c1,1014,0.63375,1.4006062844947434e-06,0.9996741060529248,0.34579413717642127,4096,0,0,1.0,0.0,0.0,0,0.0,0.34579413717642127,0.0
DNS,c1,1015,0.634375,1.4044434060266235e-06,0.9996714585292847,0.3457054819929822,4096,0,0,1.0,0.0,0.0,0,0.0,0.3457054819929822,0.0
DNS,c1,1016,0.635,1.4084130685888e-06,0.9996687621308032,0.34561696750387544,4096,0,0,1.0,0.0,0.0,0,0.0,0.34561696750387544,0.0
DNS,c1,1017,0.635625,1.4125183475427025e-06,0.9996660158105923,0.3455285932179841,4096,0,0,1.0,0.0,0.0,0,0.0,0.3455285932179841,0.0
DNS,c1,1018,0.63625,1.4167623547292172e-06,0.9996632185054762,0.345440358645002,4096,0,0,1.0,0.0,0.0,0,0.0,0.345440358645002,0.0
DNS,c1,1019,0.636875,1.4211482387259819e-06,0.999660369135835,0.3453522632954359,4096,0,0,1.0,0.0,0.0,0,0.0,0.3453522632954359,0.0
DNS,c1,1020,0.6375000000000001,1.4256791851039823e-06,0.9996574666054476,0.3452643066806091,4096,0,0,1.0,0.0,0.0,0,0.0,0.3452643066806091,0.0
DNS,c1,1021,0.638125,1.4303584166833555e-06,0.9996545098013359,0.3451764883126627,4096,0,0,1.0,0.0,0.0,0,0.0,0.3451764883126627,0.0
DNS,c1,1022,0.63875,1.4351891937883085e-06,0.9996514975936073,0.3450888077045592,4096,0,0,1.0,0.0,0.0,0,0.0,0.3450888077045592,0.0
DNS,c1,1023,0.639375,1.440174814501056e-06,0.9996484288352991,0.3450012643700841,4096,0,0,1.0,0.0,0.0,0,0.0,0.3450012643700841,0.0
DNS,c1,1024,0.64,1.4453186149146807e-06,0.9996453023622219,0.344913857823849,4096,0,0,1.0,0.0,0.0,0,0.0,0.344913857823849,0.0
DNS,c1,1025,0.640625,1.4506239693848153e-06,0.9996421169928033,0.3448265875812933,4096,0,0,1.0,0.0,0.0,0,0.0,0.3448265875812933,0.0
DNS,c1,1026,0.64125,1.4560942907800497e-06,0.9996391073111995,0.3447394531586874,4096,0,0,1.0,0.0,0.0,0,0.0,0.3447394531586874,0.0
DNS,c1,1027,0.641875,1.4617330307309594e-06,0.9996367112083382,0.3446524540731343,4096,0,0,1.0,0.0,0.0,0,0.0,0.3446524540731343,0.0
DNS,c1,1028,0.6425,1.46754367987765e-06,0.9996342753209312,0.344565589842572,4096,0,0,1.0,0.0,0.0,0,0.0,0.344565589842572,0.0
DNS,c1,1029,0.6431250000000001,1.4735297681157167e-06,0.9996317987455342,0.3444788599857764,4096,0,0,1.0,0.0,0.0,0,0.0,0.3444788599857764,0.0
DNS,c1,1030,0.64375,1.4796948648405078e-06,0.9996292805640614,0.34439226402236245,4096,0,0,1.0,0.0,0.0,0,0.0,0.34439226402236245,0.0
DNS,c1,1031,0.644375,1.4860425791895887e-06,0.9996267198436378,0.3443058014727874,4096,0,0,1.0,0.0,0.0,0,0.0,0.3443058014727874,0.0
DNS,c1,1032,0.645,1.4925765602832917e-06,0.9996241156364523,0.3442194718583523,4096,0,0,1.0,0.0,0.0,0,0.0,0.3442194718583523,0.0
DNS,c1,1033,0.645625,1.499300497463245e-06,0.9996214669796091,0.3441332747012045,4096,0,0,1.0,0.0,0.0,0,0.0,0.3441332747012045,0.0
DNS,c1,1034,0.64625,1.5062181205287645e-06,0.9996187728949807,0.3440472095243394,4096,0,0,1.0,0.0,0.0,0,0.0,0.3440472095243394,0.0
DNS,c1,1035,0.646875,1.5133331999709956e-06,0.9996160323890594,0.34396127585160297,4096,0,0,1.0,0.0,0.0,0,0.0,0.34396127585160297,0.0
DNS,c1,1036,0.6475,1.5206495472046895e-06,0.9996132444528092,0.3438754732076935,4096,0,0,1.0,0.0,0.0,0,0.0,0.3438754732076935,0.0
DNS,c1,1037,0.6481250000000001,1.5244326942194586e-06,0.9996104080615178,0.34378980111816376,4096,0,0,1.0,0.0,0.0,0,0.0,0.34378980111816376,0.0
DNS,c1,1038,0.64875,1.5277968761842465e-06,0.9996075221746481,0.3437042591094229,4096,0,0,1.0,0.0,0.0,0,0.0,0.3437042591094229,0.0
DNS,c1,1039,0.649375,1.531285102225572e-06,0.9996045857356899,0.3436188467087383,4096,0,0,1.0,0.0,0.0,0,0.0,0.3436188467087383,0.0
DNS,c1,1040,0.65,1.5349002671902569e-06,0.9996015976720116,0.34353356344423824,4096,0,0,1.0,0.0,0.0,0,0.0,0.34353356344423824,0.0
DNS,c2,0,0.0,0.0,1.0,0.5,3456,0,640,0.84375,0.0,0.15625,0,0.0,0.5,0.0
DNS,c2,1,0.000625,0.0,1.0,0.49994094966283387,3712,0,384,0.90625,0.0,0.09375,0,0.0,0.49994094966283387,0.0
DNS,c2,2,0.00125,0.0,1.0,0.4998809684123114,3968,0,128,0.96875,0.0,0.03125,0,0.0,0.4998809684123114,0.0
DNS,c2,3,0.001875,1.5271539643958647e-34,1.0,0.49982008779896664,4096,0,0,1.0,0.0,0.0,0,0.0,0.49982008779896664,0.0
DNS,c2,4,0.0025,4.689159443102054e-33,1.0,0.4997583372930065,4096,0,0,1.0,0.0,0.0,0,0.0,0.4997583372930065,0.0
DNS,c2,5,0.003125,5.037965568570462e-32,1.0,0.4996957444476267,4096,0,0,1.0,0.0,0.0,0,0.0,0.4996957444476267,0.0
DNS,c2,6,0.00375,3.2329601554857194e-31,1.0,0.4996323350460805,4096,0,0,1.0,0.0,0.0,0,0.0,0.4996323350460805,0.0
DNS,c2,7,0.004375,1.5052300158633376e-30,1.0,0.49956813323440735,4096,0,0,1.0,0.0,0.0,0,0.0,0.49956813323440735,0.0
DNS,c2,8,0.005,5.6073608554086884e-30,1.0,0.4995031616414846,4096,0,0,1.0,0.0,0.0,0,0.0,0.4995031616414846,0.0
DNS,c2,9,0.005625,1.7703228036415666e-29,1.0,0.4994374414878548,4096,0,0,1.0,0.0,0.0,0,0.0,0.4994374414878548,0.0
DNS,c2,10,0.00625,4.9162536984786053e-29,1.0,0.4993709926845976,4096,0,0,1.0,0.0,0.0,0,0.0,0.4993709926845976,0.0
DNS,c2,11,0.006875,1.2320687483185043e-28,1.0,0.4993038339233616,4096,0,0,1.0,0.0,0.0,0,0.0,0.4993038339233616,0.0
DNS,c2,12,0.0075,2.8385220727416606e-28,1.0,0.4992359827585245,4096,0,0,1.0,0.0,0.0,0,0.0,0.4992359827585245,0.0
DNS,c2,13,0.008125,6.09564919389226e-28,1.0,0.4991674556823394,4096,0,0,1.0,0.0,0.0,0,0.0,0.4991674556823394,0.0
DNS,c2,14,0.00875,1.2332321371801901e-27,1.0,0.49909826819381214,4096,0,0,1.0,0.0,0.0,0,0.0,0.49909826819381214,0.0
DNS,c2,15,0.009375,2.3703275426879733e-27,1.0,0.49902843486196696,4096,0,0,1.0,0.0,0.0,0,0.0,0.49902843486196696,0.0
DNS,c2,16,0.01,4.3574359372278826e-27,1.0,0.4989579693840779,4096,0,0,1.0,0.0,0.0,0,0.0,0.4989579693840779,0.0
DNS,c2,17,0.010625,7.70357924835424e-27,1.0,0.4988868846393732,4096,0,0,1.0,0.0,0.0,0,0.0,0.4988868846393732,0.0
DNS,c2,18,0.01125,1.3157060186183675e-26,1.0,0.49881519273866004,4096,0,0,1.0,0.0,0.0,0,0.0,0.49881519273866004,0.0
DNS,c2,19,0.011875,2.179080485900407e-26,1.0,0.4987429050702656,4096,0,0,1.0,0.0,0.0,0,0.0,0.4987429050702656,0.0
DNS,c2,20,0.0125,3.510944072329633e-26,1.0,0.49867003234264323,4096,0,0,1.0,0.0,0.0,0,0.0,0.49867003234264323,0.0
DNS,c2,21,0.013125,5.518159043897948e-26,1.0,0.49859658462395395,4096,0,0,1.0,0.0,0.0,0,0.0,0.49859658462395395,0.0
DNS,c2,22,0.01375,8.480109544471914e-26,1.0,0.49852257137889916,4096,0,0,1.0,0.0,0.0,0,0.0,0.49852257137889916,0.0
DNS,c2,23,0.014375,-0.0014765161128870803,1.0002962764306826,0.4984480015030498,4094,2,0,0.99951171875,0.00048828125,0.0,2,0.00048828125,0.4984485987055148,-5.972024650160923e-07
DNS,c2,24,0.015,-0.0028701773379575662,1.0023154062161987,0.4983728833548895,4093,3,0,0.999267578125,0.000732421875,0.0,3,0.000732421875,0.49837419264972227,-1.309294832814665e-06
DNS,c2,25,0.015625,-0.003911678481243135,1.0039168193861658,0.4982972247857692,4093,3,0,0.999267578125,0.000732421875,0.0,3,0.000732421875,0.49829937527774226,-2.1504919730548793e-06
DNS,c2,26,0.01625,-0.004651016976355639,1.0051483891034279,0.4982210331679463,4092,4,0,0.9990234375,0.0009765625,0.0,4,0.0009765625,0.4982240958766196,-3.0627086732798156e-06
DNS,c2,27,0.016875,-0.005133594049174026,1.0060548934337628,0.49814431542086657,4092,4,0,0.9990234375,0.0009765625,0.0,4,0.0009765625,0.49814803560176524,-3.7201808986197278e-06
DNS,c2,28,0.0175,-0.005400394000431375,1.0066780024037831,0.49806707803582995,4092,4,0,0.9990234375,0.0009765625,0.0,4,0.0009765625,0.49807123430477385,-4.156268943901361e-06
DNS,c2,29,0.018125,-0.00548818964225883,1.0070562930998581,0.49798932709916566,4092,4,0,0.9990234375,0.0009765625,0.0,4,0.0009765625,0.49799373324812585,-4.40614896018754e-06
DNS,c2,30,0.01875,-0.005469987477383133,1.0072252900321959,0.4979110683140338,4092,4,0,0.9990234375,0.0009765625,0.0,4,0.0009765625,0.4979155696607338,-4.501346699973873e-06
DNS,c2,31,0.019375,-0.005342786614644888,1.0072805288109823,0.4978323070209542,4090,6,0,0.99853515625,0.00146484375,0.0,6,0.00146484375,0.4978367778751165,-4.470854162250583e-06
DNS,c2,32,0.02,-0.005117002058102562,1.0071888099852495,0.4977530482171573,4089,7,0,0.998291015625,0.001708984375,0.0,7,0.001708984375,0.4977574133461818,-4.3651290244511155e-06
DNS,c2,33,0.020625,-0.004815284064149456,1.0069692411520341,0.4976732965748427,4089,7,0,0.998291015625,0.001708984375,0.0,7,0.001708984375,0.4976774905031931,-4.193928350392833e-06
DNS,c2,34,0.02125,-0.004457332882339674,1.006646143922162,0.49759305645842034,4088,8,0,0.998046875,0.001953125,0.0,8,0.001953125,0.4975969969569121,-3.940498491751339e-06
DNS,c2,35,0.021875000000000002,-0.0040601369813866445,1.0062413368756753,0.4975123319408067,4086,10,0,0.99755859375,0.00244140625,0.0,10,0.00244140625,0.49751675164937004,-4.419708563376645e-06
DNS,c2,36,0.0225,-0.0036382071998235666,1.0057742587952991,0.4974311268188377,4086,10,0,0.99755859375,0.00244140625,0.0,10,0.00244140625,0.4974360213208813,-4.894502043595089e-06
DNS,c2,37,0.023125,-0.004696671022372329,1.0052620994451815,0.49734944462785946,4085,11,0,0.997314453125,0.002685546875,0.0,11,0.002685546875,0.49735468444824293,-5.239820383481519e-06
DNS,c2,38,0.02375,-0.005608985908886843,1.0055550234581936,0.4972672886555467,4085,11,0,0.997314453125,0.002685546875,0.0,11,0.002685546875,0.4972729007169743,-5.612061427575667e-06
DNS,c2,39,0.024375,-0.0062588203906442244,1.00694207268743,0.4971846619550014,4085,11,0,0.997314453125,0.002685546875,0.0,11,0.002685546875,0.49719069761995155,-6.035664950220246e-06
DNS,c2,40,0.025,-0.006682825880795745,1.008002601923086,0.49710156735717387,4085,11,0,0.997314453125,0.002685546875,0.0,11,0.002685546875,0.4971078902641624,-6.322906988508751e-06
DNS,c2,41,0.025625000000000002,-0.006914399927227243,1.0087735617262614,0.49701800748264957,4085,11,0,0.997314453125,0.002685546875,0.0,11,0.002685546875,0.4970244183758276,-6.410893178091004e-06
DNS,c2,42,0.02625,-0.007055097515164287,1.009289624559842,0.4969339847528382,4085,11,0,0.997314453125,0.002685546875,0.0,11,0.002685546875,0.49694031987203174,-6.335119193533543e-06
DNS,c2,43,0.026875,-0.007070947157853108,1.009611490773241,0.49684950140060163,4085,11,0,0.997314453125,0.002685546875,0.0,11,0.002685546875,0.49685562842591846,-6.127025316884182e-06
DNS,c2,44,0.0275,-0.006966331446672566,1.0098328658617048,0.49676455948035214,4086,10,0,0.99755859375,0.00244140625,0.0,10,0.00244140625,0.4967703931288681,-5.833648515916158e-06
DNS,c2,45,0.028125,-0.0067635333398942685,1.009878352449981,0.49667916087765235,4087,9,0,0.997802734375,0.002197265625,0.0,9,0.002197265625,0.4966846945116784,-5.533634026127796e-06
DNS,c2,46,0.02875,-0.0064823653989584595,1.0097737497699515,0.49659330731834245,4088,8,0,0.998046875,0.001953125,0.0,8,0.001953125,0.49659857761205617,-5.270293713785278e-06
DNS,c2,47,0.029375000000000002,-0.0061403304331274005,1.00954274327854,0.4965070003772246,4088,8,0,0.998046875,0.001953125,0.0,8,0.001953125,0.49651198624666426,-4.985869439652733e-06
DNS,c2,48,0.03,-0.005752783816258118,1.0092069608160033,0.496420241486325,4089,7,0,0.998291015625,0.001708984375,0.0,7,0.001708984375,0.4964252889328738,-5.0474465487977306e-06
DNS,c2,49,0.030625,-0.0053330953777660575,1.0087860403126978,0.4963330319427576,4088,8,0,0.998046875,0.001953125,0.0,8,0.001953125,0.4963384715154329,-5.439572675288185e-06
DNS,c2,50,0.03125,-0.00489280907752528,1.008297707175095,0.4962453729162117,4088,8,0,0.998046875,0.001953125,0.0,8,0.001953125,0.4962510780474944,-5.70513128269214e-06
DNS,c2,51,0.031875,-0.0049625600622960845,1.0077578595683203,0.49615726545608096,4086,10,0,0.99755859375,0.00244140625,0.0,10,0.00244140625,0.4961631829933521,-5.917537271093542e-06
DNS,c2,52,0.0325,-0.005632074051169364,1.007180659913755,0.4960687104982545,4086,10,0,0.99755859375,0.00244140625,0.0,10,0.00244140625,0.4960748572918907,-6.146793636264875e-06
DNS,c2,53,0.033125,-0.006105650446416669,1.0068799216155153,0.495979708871585,4086,10,0,0.99755859375,0.00244140625,0.0,10,0.00244140625,0.495985931831664,-6.222960078995525e-06
DNS,c2,54,0.03375,-0.006409311565129722,1.0078933482238626,0.4958902613040529,4086,10,0,0.99755859375,0.00244140625,0.0,10,0.00244140625,0.4958964323845732,-6.171080520332082e-06
DNS,c2,55,0.034375,-0.00656690202151194,1.008654711292976,0.4958003684286389,4085,11,0,0.997314453125,0.002685546875,0.0,11,0.002685546875,0.4958064801459216,-6.111717282668665e-06
DNS,c2,56,0.035,-0.006600165660605771,1.0091913862274935,0.495710030788922,4085,11,0,0.997314453125,0.002685546875,0.0,11,0.002685546875,0.49571607253201005,-6.041743088043888e-06
DNS,c2,57,0.035625000000000004,-0.006528832510310871,1.009529165515795,0.4956192488444143,4085,11,0,0.997314453125,0.002685546875,0.0,11,0.002685546875,0.49562511503191736,-5.8661875030926145e-06
DNS,c2,58,0.03625,-0.006380992798800146,1.0096922383825644,0.4955280229756469,4085,11,0,0.997314453125,0.002685546875,0.0,11,0.002685546875,0.4955336282725185,-5.6052968716694835e-06
DNS,c2,59,0.036875,-0.006248954225226867,1.0097031850556206,0.49543635348901816,4086,10,0,0.99755859375,0.00244140625,0.0,10,0.00244140625,0.4954416344464753,-5.280957457145945e-06
DNS,c2,60,0.0375,-0.006049377089127873,1.009582984306198,0.495344240621416,4086,10,0,0.99755859375,0.00244140625,0.0,10,0.00244140625,0.49534920585258174,-4.9652311657626166e-06
DNS,c2,61,0.038125,-0.005795540739009164,1.0094296156074754,0.4952516845446248,4086,10,0,0.99755859375,0.00244140625,0.0,10,0.00244140625,0.49525629116151365,-4.6066168887965595e-06
DNS,c2,62,0.03875,-0.005499240521245601,1.0092439750165894,0.4951586853695272,4086,10,0,0.99755859375,0.00244140625,0.0,10,0.00244140625,0.4951631349769099,-4.449607382768114e-06
DNS,c2,63,0.039375,-0.005170888747003777,1.0089679206558513,0.4950652431501105,4086,10,0,0.99755859375,0.00244140625,0.0,10,0.00244140625,0.4950696320489413,-4.3888988307590625e-06
DNS,c2,64,0.04,-0.004819615008650305,1.0086167481734352,0.49497135788728724,4086,10,0,0.99755859375,0.00244140625,0.0,10,0.00244140625,0.49497572551372376,-4.3676264365152e-06
DNS,c2,65,0.040625,-0.004453364907817317,1.0082043893128614,0.49487702953253715,4086,10,0,0.99755859375,0.00244140625,0.0,10,0.00244140625,0.4948815356160501,-4.506083512972503e-06
DNS,c2,66,0.04125,-0.004492750097699887,1.0077434644121872,0.4947822579913807,4086,10,0,0.99755859375,0.00244140625,0.0,10,0.00244140625,0.49478701617415527,-4.758182774509418e-06
DNS,c2,67,0.041875,-0.004952322579922623,1.0072453396577854,0.4946870431266904,4086,10,0,0.99755859375,0.00244140625,0.0,10,0.00244140625,0.49469192481935864,-4.881692668242746e-06
DNS,c2,68,0.0425,-0.005273972079399969,1.006720188069505,0.4945913847618484,4087,9,0,0.997802734375,0.002197265625,0.0,9,0.002197265625,0.4945962808029364,-4.896041088016679e-06
DNS,c2,69,0.043125000000000004,-0.005475268551962417,1.006746001915572,0.49449528268375675,4087,9,0,0.997802734375,0.002197265625,0.0,9,0.002197265625,0.49450010303434383,-4.820350587083634e-06
DNS,c2,70,0.043750000000000004,-0.005572362182089425,1.0074416438511475,0.49439873664570727,4087,9,0,0.997802734375,0.002197265625,0.0,9,0.002197265625,0.49440340460515353,-4.667959446246738e-06
DNS,c2,71,0.044375,-0.0055800357154696875,1.0079521352108847,0.49430174637011776,4088,8,0,0.998046875,0.001953125,0.0,8,0.001953125,0.4943061994704117,-4.4531002939955465e-06
DNS,c2,72,0.045,-0.00551176178227797,1.0082969482791777,0.4942043115511396,4089,7,0,0.998291015625,0.001708984375,0.0,7,0.001708984375,0.4942085221401953,-4.210589055659152e-06
DNS,c2,73,0.045625,-0.005379764073666406,1.0084944475227402,0.494106431857144,4089,7,0,0.998291015625,0.001708984375,0.0,7,0.001708984375,0.49411040412283397,-3.972265690003911e-06
DNS,c2,74,0.04625,-0.00519508133685658,1.0085618815555848,0.49400810693309116,4089,7,0,0.998291015625,0.001708984375,0.0,7,0.001708984375,0.4940118074948851,-3.7005617939068042e-06
DNS,c2,75,0.046875,-0.004967633255730195,1.0085153837821534,0.49390933640278817,4089,7,0,0.998291015625,0.001708984375,0.0,7,0.001708984375,0.49391274012743924,-3.40372465111725e-06
DNS,c2,76,0.0475,-0.004706287382778339,1.0083699809100044,0.4938101198710401,4089,7,0,0.998291015625,0.001708984375,0.0,7,0.001708984375,0.49381320884811014,-3.0889770700350744e-06
DNS,c2,77,0.048125,-0.0044189263837290695,1.0081396085238923,0.49371045692570037,4090,6,0,0.99853515625,0.00146484375,0.0,6,0.00146484375,0.49371321988690875,-2.7629612084165826e-06
DNS,c2,78,0.04875,-0.004112514947375721,1.0078371329226468,0.49361034713962315,4091,5,0,0.998779296875,0.001220703125,0.0,5,0.001220703125,0.49361294314196286,-2.596002339702779e-06
DNS,c2,79,0.049375,-0.0037931657994983332,1.0074743784378724,0.4935097900725236,4091,5,0,0.998779296875,0.001220703125,0.0,5,0.001220703125,0.4935123627732985,-2.5727007749037947e-06
DNS,c2,80,0.05,-0.0034662043408907003,1.0070621594780405,0.493408785272749,4092,4,0,0.9990234375,0.0009765625,0.0,4,0.0009765625,0.493411301135086,-2.5158623369915275e-06
DNS,c2,81,0.050625,-0.003177802019849433,1.006610316571967,0.49330733227896534,4091,5,0,0.998779296875,0.001220703125,0.0,5,0.001220703125,0.49330991561025284,-2.583331287522832e-06
DNS,c2,82,0.051250000000000004,-0.003051247665305369,1.0061277557209038,0.4932054306217635,4091,5,0,0.998779296875,0.001220703125,0.0,5,0.001220703125,0.49320805081661884,-2.6201948553988183e-06
DNS,c2,83,0.051875000000000004,-0.0034209800299656733,1.0056224904075532,0.49310307982518686,4091,5,0,0.998779296875,0.001220703125,0.0,5,0.001220703125,0.4931056810986282,-2.6012734412627163e-06
DNS,c2,84,0.0525,-0.00369184801777144,1.0051016856523178,0.49300027940818675,4090,6,0,0.99853515625,0.00146484375,0.0,6,0.00146484375,0.4930028518655159,-2.572457329150168e-06
DNS,c2,85,0.053125,-0.0038755691315701004,1.004643134124707,0.4928970288860052,4090,6,0,0.99853515625,0.00146484375,0.0,6,0.00146484375,0.49289960572528324,-2.576839278070392e-06
DNS,c2,86,0.05375,-0.0039829544915265655,1.0045127785717385,0.4927933277714916,4091,5,0,0.998779296875,0.001220703125,0.0,5,0.001220703125,0.4927958998009267,-2.5720294350478276e-06
DNS,c2,87,0.054375,-0.0040239439824983365,1.0050648881689375,0.49268917557635455,4091,5,0,0.998779296875,0.001220703125,0.0,5,0.001220703125,0.49269171245050336,-2.5368741487658445e-06
DNS,c2,88,0.055,-0.004007643595384805,1.0054792819455078,0.4925845718123513,4091,5,0,0.998779296875,0.001220703125,0.0,5,0.001220703125,0.4925870325149804,-2.4607026291271e-06
DNS,c2,89,0.055625,-0.003942364412249821,1.005769525651374,0.49247951599241857,4091,5,0,0.998779296875,0.001220703125,0.0,5,0.001220703125,0.4924818662511292,-2.350258710653599e-06
DNS,c2,90,0.05625,-0.003835662735224553,1.0059484274788102,0.49237400763174755,4091,5,0,0.998779296875,0.001220703125,0.0,5,0.001220703125,0.49237621923118813,-2.2115994406397045e-06
DNS,c2,91,0.056875,-0.00369438090833762,1.0060280381155147,0.4922680462488032,4091,5,0,0.998779296875,0.001220703125,0.0,5,0.001220703125,0.49227009638930513,-2.0501405018598913e-06
DNS,c2,92,0.0575,-0.0035246884290507647,1.0060196555144154,0.4921616313662944,4091,5,0,0.998779296875,0.001220703125,0.0,5,0.001220703125,0.4921635020669595,-1.8707006651017036e-06
DNS,c2,93,0.058125,-0.0033321229920441624,1.0059338339221922,0.49205476251209207,4092,4,0,0.9990234375,0.0009765625,0.0,4,0.0009765625,0.4920564713233027,-1.7088112106727539e-06
DNS,c2,94,0.058750000000000004,-0.0031216311514153158,1.0057803967142689,0.49194743922010203,4092,4,0,0.9990234375,0.0009765625,0.0,4,0.0009765625,0.49194898912550356,-1.5499054015470242e-06
DNS,c2,95,0.059375000000000004,-0.0028976083287174347,1.005568452593811,0.49183966103109206,4093,3,0,0.999267578125,0.000732421875,0.0,3,0.000732421875,0.4918410700888418,-1.4090577497433156e-06
DNS,c2,96,0.06,-0.002663937933016417,1.0053064147255177,0.4917314274934753,4093,3,0,0.999267578125,0.000732421875,0.0,3,0.000732421875,0.4917326982027843,-1.2707093089829394e-06
DNS,c2,97,0.060625,-0.0024240293952928977,1.005002022391199,0.4916227381640534,4093,3,0,0.999267578125,0.000732421875,0.0,3,0.000732421875,0.49162386296592997,-1.1248018765943184e-06
DNS,c2,98,0.06125,-0.0021808549530070434,1.0046623647727635,0.4915135926087185,4093,3,0,0.999267578125,0.000732421875,0.0,3,0.000732421875,0.49151456628710005,-9.736783815210815e-07
DNS,c2,99,0.061875,-0.0019369850514687839,1.0042939064888594,0.49140399040311966,4091,5,0,0.998779296875,0.001220703125,0.0,5,0.001220703125,0.4914048935787817,-9.031756620506712e-07
DNS,c2,100,0.0625,-0.0016946222568390743,1.003902514533531,0.4912939311332908,4091,5,0,0.998779296875,0.001220703125,0.0,5,0.001220703125,0.4912948673126878,-9.361793970588649e-07
DNS,c2,101,0.063125,-0.0014556336011812261,1.003493486288485,0.49118341439624535,4092,4,0,0.9990234375,0.0009765625,0.0,4,0.0009765625,0.4911843558207342,-9.414244888550422e-07
DNS,c2,102,0.06375,-0.001221581303061382,1.003071578304519,0.49107243980053783,4092,4,0,0.9990234375,0.0009765625,0.0,4,0.0009765625,0.491073401235799,-9.614352611414449e-07
DNS,c2,103,0.064375,-0.0013283455172225672,1.0026410355719926,0.49096100696679307,4092,4,0,0.9990234375,0.0009765625,0.0,4,0.0009765625,0.49096195976158524,-9.527947921571279e-07
DNS,c2,104,0.065,-0.0014281846493895477,1.0022056210246377,0.49084911552820537,4092,4,0,0.9990234375,0.0009765625,0.0,4,0.0009765625,0.4908500350289865,-9.195007811517555e-07
DNS,c2,105,0.065625,-0.0014972379994899459,1.0017686450452092,0.49073676513100883,4092,4,0,0.9990234375,0.0009765625,0.0,4,0.0009765625,0.49073763030984696,-8.651788381116964e-07
DNS,c2,106,0.06625,-0.0015557294746121443,1.0013329947652514,0.49062395543492,4093,3,0,0.999267578125,0.000732421875,0.0,3,0.000732421875,0.49062478617563454,-8.307407145883063e-07
DNS,c2,107,0.066875,-0.0015769190935817567,1.0009011629743951,0.49051068611355314,4093,3,0,0.999267578125,0.000732421875,0.0,3,0.000732421875,0.49051146801540196,-7.819018487884943e-07
DNS,c2,108,0.0675,-0.0015656790856101296,1.0006236372736022,0.49039695685481144,4094,2,0,0.99951171875,0.00048828125,0.0,2,0.00048828125,0.4903976822127982,-7.253579868206207e-07
DNS,c2,109,0.068125,-0.0015264558512294646,1.0008436523387365,0.4902827673612522,4094,2,0,0.99951171875,0.00048828125,0.0,2,0.00048828125,0.4902834623471449,-6.949858927315357e-07
DNS,c2,110,0.06875,-0.0014632940663495998,1.0009891801742532,0.49016811735043025,4094,2,0,0.99951171875,0.00048828125,0.0,2,0.00048828125,0.49016877052009333,-6.531696630465318e-07
DNS,c2,111,0.069375,-0.0013798605063103121,1.0010676331299475,0.4900530065552184,4094,2,0,0.99951171875,0.00048828125,0.0,2,0.00048828125,0.4900536082665001,-6.01711281716788e-07
DNS,c2,112,0.07,-0.001279467461845919,1.0010859532332022,0.489937434724106,4094,2,0,0.99951171875,0.00048828125,0.0,2,0.00048828125,0.4899379769602668,-5.422361607633227e-07
DNS,c2,113,0.07062500000000001,-0.0011650956366357286,1.001050622854431,0.48982140162147864,4094,2,0,0.99951171875,0.00048828125,0.0,2,0.00048828125,0.4898218778260212,-4.7620454260046436e-07
DNS,c2,114,0.07125000000000001,-0.0010394164326904597,1.0009676768670082,0.4897049070278761,4094,2,0,0.99951171875,0.00048828125,0.0,2,0.00048828125,0.4897053119504829,-4.04922606808123e-07
DNS,c2,115,0.07187500000000001,-0.0009048135452100571,1.0008427160910163,0.48958795074023387,4094,2,0,0.99951171875,0.00048828125,0.0,2,0.00048828125,0.489588280293475,-3.295532411046618e-07
DNS,c2,116,0.0725,-0.0007634038027458579,1.0006809218204051,0.489470532572105,4094,2,0,0.99951171875,0.00048828125,0.0,2,0.00048828125,0.4894707836985484,-2.511264433686248e-07
DNS,c2,117,0.073125,-0.0006170572015256338,1.000487071244129,0.48935265235386605,4094,2,0,0.99951171875,0.00048828125,0.0,2,0.00048828125,0.48935282290319415,-1.705493280832376e-07
DNS,c2,118,0.07375,-0.0004674160946798822,1.0002655535833032,0.4892343099329055,4095,1,0,0.999755859375,0.000244140625,0.0,1,0.000244140625,0.48923442404816303,-1.1411525749020562e-07
DNS,c2,119,0.074375,-0.0003159135078766151,1.0000203867782629,0.4891155051737976,4095,1,0,0.999755859375,0.000244140625,0.0,1,0.000244140625,0.48911558230111885,-7.712732125893923e-08
DNS,c2,120,0.075,-0.00016379056257147498,1.0,0.48899623795846014,4095,1,0,0.999755859375,0.000244140625,0.0,1,0.000244140625,0.4889962779463905,-3.998793031530151e-08
DNS,c2,121,0.075625,-1.2112996757368045e-05,1.0,0.4888765081862991,4095,1,0,0.999755859375,0.000244140625,0.0,1,0.000244140625,0.4888765111435737,-2.957274598966808e-09
DNS,c2,122,0.07625,3.1183464021355724e-19,1.0,0.4887563157743379,4096,0,0,1.0,0.0,0.0,0,0.0,0.4887563157743379,0.0
DNS,c2,123,0.076875,3.3710846285923432e-19,1.0,0.4886356606573351,4096,0,0,1.0,0.0,0.0,0,0.0,0.4886356606573351,0.0
DNS,c2,124,0.0775,3.643403808290965e-19,1.0,0.4885145427878885,4096,0,0,1.0,0.0,0.0,0,0.0,0.4885145427878885,0.0
DNS,c2,125,0.078125,3.93613838097566e-19,1.0,0.48839296213652766,4096,0,0,1.0,0.0,0.0,0,0.0,0.48839296213652766,0.0
DNS,c2,126,0.07875,4.246397863484043e-19,1.0,0.48827091869179456,4096,0,0,1.0,0.0,0.0,0,0.0,0.48827091869179456,0.0
DNS,c2,127,0.079375,4.579687840326056e-19,1.0,0.4881484124603136,4096,0,0,1.0,0.0,0.0,0,0.0,0.4881484124603136,0.0
DNS,c2,128,0.08,4.937699286088592e-19,1.0,0.4880254434668507,4096,0,0,1.0,0.0,0.0,0,0.0,0.4880254434668507,0.0
DNS,c2,129,0.080625,5.322262367408984e-19,1.0,0.4879020117543628,4096,0,0,1.0,0.0,0.0,0,0.0,0.4879020117543628,0.0
DNS,c2,130,0.08125,5.73536183228272e-19,1.0,0.4877781173840373,4096,0,0,1.0,0.0,0.0,0,0.0,0.4877781173840373,0.0
DNS,c2,131,0.081875,6.179154733545499e-19,1.0,0.4876537604353223,4096,0,0,1.0,0.0,0.0,0,0.0,0.4876537604353223,0.0
DNS,c2,132,0.0825,6.65599089854884e-19,1.0,0.48752894100594846,4096,0,0,1.0,0.0,0.0,0,0.0,0.48752894100594846,0.0
DNS,c2,133,0.083125,7.168436631425407e-19,1.0,0.48740365921194195,4096,0,0,1.0,0.0,0.0,0,0.0,0.48740365921194195,0.0
DNS,c2,134,0.08375,7.719302221738593e-19,1.0,0.4872779151876297,4096,0,0,1.0,0.0,0.0,0,0.0,0.4872779151876297,0.0
DNS,c2,135,0.084375,8.311673935895749e-19,1.0,0.487151709085637,4096,0,0,1.0,0.0,0.0,0,0.0,0.487151709085637,0.0
DNS,c2,136,0.085,8.948951287978563e-19,1.0,0.48702504107687733,4096,0,0,1.0,0.0,0.0,0,0.0,0.48702504107687733,0.0
DNS,c2,137,0.085625,9.626446619364486e-19,1.0,0.4868979113505359,4096,0,0,1.0,0.0,0.0,0,0.0,0.4868979113505359,0.0
DNS,c2,138,0.08625000000000001,1.034077893472575e-18,1.0,0.48677032011404586,4096,0,0,1.0,0.0,0.0,0,0.0,0.48677032011404586,0.0
DNS,c2,139,0.08687500000000001,1.1106006448286887e-18,1.0,0.4866422675930586,4096,0,0,1.0,0.0,0.0,0,0.0,0.4866422675930586,0.0
DNS,c2,140,0.08750000000000001,1.1925907882982109e-18,1.0,0.48651375403140784,4096,0,0,1.0,0.0,0.0,0,0.0,0.48651375403140784,0.0
DNS,c2,141,0.088125,1.280460852620032e-18,1.0,0.48638477969106786,4096,0,0,1.0,0.0,0.0,0,0.0,0.48638477969106786,0.0
DNS,c2,142,0.08875,1.3746624689953541e-18,1.0,0.4862553448521062,4096,0,0,1.0,0.0,0.0,0,0.0,0.4862553448521062,0.0
DNS,c2,143,0.089375,1.4756915346120026e-18,1.0,0.4861254498126312,4096,0,0,1.0,0.0,0.0,0,0.0,0.4861254498126312,0.0
DNS,c2,144,0.09,1.5840942172609395e-18,1.0,0.48599509488873477,4096,0,0,1.0,0.0,0.0,0,0.0,0.48599509488873477,0.0
DNS,c2,145,0.090625,1.7004739455746662e-18,1.0,0.4858642804144299,4096,0,0,1.0,0.0,0.0,0,0.0,0.4858642804144299,0.0
DNS,c2,146,0.09125,1.825499553753828e-18,1.0,0.485733006741584,4096,0,0,1.0,0.0,0.0,0,0.0,0.485733006741584,0.0
DNS,c2,147,0.091875,1.9599147778944255e-18,1.0,0.48560127423984784,4096,0,0,1.0,0.0,0.0,0,0.0,0.48560127423984784,0.0
DNS,c2,148,0.0925,2.1045493337751766e-18,1.0,0.48546908329658056,4096,0,0,1.0,0.0,0.0,0,0.0,0.48546908329658056,0.0
DNS,c2,149,0.093125,2.2542914712319703e-18,1.0,0.4853364343167704,4096,0,0,1.0,0.0,0.0,0,0.0,0.4853364343167704,0.0
DNS,c2,150,0.09375,2.413114328978053e-18,1.0,0.48520332772295205,4096,0,0,1.0,0.0,0.0,0,0.0,0.48520332772295205,0.0
DNS,c2,151,0.094375,2.5829667785882635e-18,1.0,0.4850697639551209,4096,0,0,1.0,0.0,0.0,0,0.0,0.4850697639551209,0.0
DNS,c2,152,0.095,2.7647018242332113e-18,1.0,0.48493574347064294,4096,0,0,1.0,0.0,0.0,0,0.0,0.48493574347064294,0.0
DNS,c2,153,0.095625,2.959260496036582e-18,1.0,0.4848012667441626,4096,0,0,1.0,0.0,0.0,0,0.0,0.4848012667441626,0.0
DNS,c2,154,0.09625,3.1676842066718985e-18,1.0,0.4846663342675068,4096,0,0,1.0,0.0,0.0,0,0.0,0.4846663342675068,0.0
DNS,c2,155,0.096875,3.39112910512131e-18,1.0,0.48453094654958734,4096,0,0,1.0,0.0,0.0,0,0.0,0.48453094654958734,0.0
DNS,c2,156,0.0975,3.6308827548921826e-18,1.0,0.48439510411629894,4096,0,0,1.0,0.0,0.0,0,0.0,0.48439510411629894,0.0
DNS,c2,157,0.098125,3.888383515749457e-18,1.0,0.4842588075104164,4096,0,0,1.0,0.0,0.0,0,0.0,0.4842588075104164,0.0
DNS,c2,158,0.09875,4.1652430675442904e-18,1.0,0.4841220572914887,4096,0,0,1.0,0.0,0.0,0,0.0,0.4841220572914887,0.0
DNS,c2,159,0.099375,4.463272583094196e-18,1.0,0.48398485403573077,4096,0,0,1.0,0.0,0.0,0,0.0,0.48398485403573077,0.0
DNS,c2,160,0.1,4.784513135531473e-18,1.0,0.48384719833591366,4096,0,0,1.0,0.0,0.0,0,0.0,0.48384719833591366,0.0
DNS,c2,161,0.100625,5.108331623100042e-18,1.0,0.4837090908012525,4096,0,0,1.0,0.0,0.0,0,0.0,0.4837090908012525,0.0
DNS,c2,162,0.10125,5.4528202206336695e-18,1.0,0.4835705320572924,4096,0,0,1.0,0.0,0.0,0,0.0,0.4835705320572924,0.0
DNS,c2,163,0.10187500000000001,5.820985641700841e-18,1.0,0.48343152274579365,4096,0,0,1.0,0.0,0.0,0,0.0,0.48343152274579365,0.0
DNS,c2,164,0.10250000000000001,6.2147686917389194e-18,1.0,0.48329206352461357,4096,0,0,1.0,0.0,0.0,0,0.0,0.48329206352461357,0.0
DNS,c2,165,0.10312500000000001,6.6363301195250026e-18,1.0,0.4831521550675891,4096,0,0,1.0,0.0,0.0,0,0.0,0.4831521550675891,0.0
DNS,c2,166,0.10375000000000001,7.088082535637209e-18,1.0,0.483011798064416,4096,0,0,1.0,0.0,0.0,0,0.0,0.483011798064416,0.0
DNS,c2,167,0.104375,7.572727331603732e-18,1.0,0.4828709932205285,4096,0,0,1.0,0.0,0.0,0,0.0,0.4828709932205285,0.0
DNS,c2,168,0.105,8.093297372030915e-18,1.0,0.4827297412569762,4096,0,0,1.0,0.0,0.0,0,0.0,0.4827297412569762,0.0
DNS,c2,169,0.105625,8.653206345939282e-18,1.0,0.4825880429103014,4096,0,0,1.0,0.0,0.0,0,0.0,0.4825880429103014,0.0
DNS,c2,170,0.10625,9.256305793335364e-18,1.0,0.48244589893241446,4096,0,0,1.0,0.0,0.0,0,0.0,0.48244589893241446,0.0
DNS,c2,171,0.106875,9.906950970772459e-18,1.0,0.48230331009046834,4096,0,0,1.0,0.0,0.0,0,0.0,0.48230331009046834,0.0
DNS,c2,172,0.1075,1.0610076887619594e-17,1.0,0.4821602771667334,4096,0,0,1.0,0.0,0.0,0,0.0,0.4821602771667334,0.0
DNS,c2,173,0.108125,1.1366057177456326e-17,1.0,0.48201680095846966,4096,0,0,1.0,0.0,0.0,0,0.0,0.48201680095846966,0.0
DNS,c2,174,0.10875,1.2106947014492954e-17,1.0,0.48187288227780034,4096,0,0,1.0,0.0,0.0,0,0.0,0.48187288227780034,0.0
DNS,c2,175,0.109375,1.2898890886884036e-17,1.0,0.48172852195158333,4096,0,0,1.0,0.0,0.0,0,0.0,0.48172852195158333,0.0
DNS,c2,176,0.11,1.3746312978801211e-17,1.0,0.4815837208212835,4096,0,0,1.0,0.0,0.0,0,0.0,0.4815837208212835,0.0
DNS,c2,177,0.110625,1.4654164897348677e-17,1.0,0.48143847974284254,4096,0,0,1.0,0.0,0.0,0,0.0,0.48143847974284254,0.0
DNS,c2,178,0.11125,1.562800152272708e-17,1.0,0.4812927995865516,4096,0,0,1.0,0.0,0.0,0,0.0,0.4812927995865516,0.0
DNS,c2,179,0.111875,1.667406818279223e-17,1.0,0.48114668123692045,4096,0,0,1.0,0.0,0.0,0,0.0,0.48114668123692045,0.0
DNS,c2,180,0.1125,1.7799400794854083e-17,1.0,0.48100012559254807,4096,0,0,1.0,0.0,0.0,0,0.0,0.48100012559254807,0.0
DNS,c2,181,0.113125,1.9011940844060096e-17,1.0,0.4808531335659933,4096,0,0,1.0,0.0,0.0,0,0.0,0.4808531335659933,0.0
DNS,c2,182,0.11375,2.0320667323586505e-17,1.0,0.4807057060836444,4096,0,0,1.0,0.0,0.0,0,0.0,0.4807057060836444,0.0
DNS,c2,183,0.114375,2.1735748050677533e-17,1.0,0.4805578440855889,4096,0,0,1.0,0.0,0.0,0,0.0,0.4805578440855889,0.0
DNS,c2,184,0.115,2.326871309827815e-17,1.0,0.480409548525484,4096,0,0,1.0,0.0,0.0,0,0.0,0.480409548525484,0.0
DNS,c2,185,0.115625,2.493265344899215e-17,1.0,0.48026082037042633,4096,0,0,1.0,0.0,0.0,0,0.0,0.48026082037042633,0.0
DNS,c2,186,0.11625,2.6742448391236363e-17,1.0,0.4801116606008218,4096,0,0,1.0,0.0,0.0,0,0.0,0.4801116606008218,0.0
DNS,c2,187,0.116875,2.871502564215698e-17,1.0,0.47996207021025633,4096,0,0,1.0,0.0,0.0,0,0.0,0.47996207021025633,0.0
DNS,c2,188,0.11750000000000001,3.086965870411062e-17,1.0,0.47981205020536577,4096,0,0,1.0,0.0,0.0,0,0.0,0.47981205020536577,0.0
DNS,c2,189,0.11812500000000001,3.3043735882140326e-17,1.0,0.47966160160570676,4096,0,0,1.0,0.0,0.0,0,0.0,0.47966160160570676,0.0
DNS,c2,190,0.11875000000000001,3.522174673865643e-17,1.0,0.4795107254436276,4096,0,0,1.0,0.0,0.0,0,0.0,0.4795107254436276,0.0
DNS,c2,191,0.11937500000000001,3.7564038044647596e-17,1.0,0.47935942276413934,4096,0,0,1.0,0.0,0.0,0,0.0,0.47935942276413934,0.0
DNS,c2,192,0.12,4.00868325426492e-17,1.0,0.47920769462478735,4096,0,0,1.0,0.0,0.0,0,0.0,0.47920769462478735,0.0
DNS,c2,193,0.120625,4.280838891723721e-17,1.0,0.47905554209552303,4096,0,0,1.0,0.0,0.0,0,0.0,0.47905554209552303,0.0
DNS,c2,194,0.12125,4.574928311079313e-17,1.0,0.4789029662585765,4096,0,0,1.0,0.0,0.0,0,0.0,0.4789029662585765,0.0
DNS,c2,195,0.121875,4.8932728485889624e-17,1.0,0.4787499682083286,4096,0,0,1.0,0.0,0.0,0,0.0,0.4787499682083286,0.0
DNS,c2,196,0.1225,5.238493998997715e-17,1.0,0.47859654905118504,4096,0,0,1.0,0.0,0.0,0,0.0,0.47859654905118504,0.0
DNS,c2,197,0.123125,5.613554812557984e-17,1.0,0.4784427099054491,4096,0,0,1.0,0.0,0.0,0,0.0,0.4784427099054491,0.0
DNS,c2,198,0.12375,6.021806925297313e-17,1.0,0.4782884519011967,4096,0,0,1.0,0.0,0.0,0,0.0,0.4782884519011967,0.0
DNS,c2,199,0.124375,6.467043956065277e-17,0.9999999999999999,0.4781337761801501,4096,0,0,1.0,0.0,0.0,0,0.0,0.4781337761801501,0.0
DNS,c2,200,0.125,6.953562094098755e-17,0.9999999999999998,0.47797868389555453,4096,0,0,1.0,0.0,0.0,0,0.0,0.47797868389555453,0.0
DNS,c2,201,0.12562500000000001,7.486228801436346e-17,0.9999999999999997,0.47782317621205295,4096,0,0,1.0,0.0,0.0,0,0.0,0.47782317621205295,0.0
DNS,c2,202,0.12625,8.070560666595625e-17,0.9999999999999996,0.477667254305563,4096,0,0,1.0,0.0,0.0,0,0.0,0.477667254305563,0.0
DNS,c2,203,0.12687500000000002,8.712811570717634e-17,0.9999999999999994,0.4775109193631546,4096,0,0,1.0,0.0,0.0,0,0.0,0.4775109193631546,0.0
DNS,c2,204,0.1275,9.420072466216095e-17,0.9999999999999993,0.477354172582927,4096,0,0,1.0,0.0,0.0,0,0.0,0.477354172582927,0.0
DNS,c2,205,0.128125,1.0200384222306688e-16,0.9999999999999992,0.477197015173888,4096,0,0,1.0,0.0,0.0,0,0.0,0.477197015173888,0.0
DNS,c2,206,0.12875,1.1062865163236335e-16,0.9999999999999991,0.47703944835583256,4096,0,0,1.0,0.0,0.0,0,0.0,0.47703944835583256,0.0
DNS,c2,207,0.129375,1.2017855115336797e-16,0.999999999999999,0.4768814733592234,4096,0,0,1.0,0.0,0.0,0,0.0,0.4768814733592234,0.0
DNS,c2,208,0.13,1.3077077990107937e-16,0.9999999999999989,0.47672309142507074,4096,0,0,1.0,0.0,0.0,0,0.0,0.47672309142507074,0.0
DNS,c2,209,0.130625,1.4253825164488406e-16,0.9999999999999988,0.476564303804815,4096,0,0,1.0,0.0,0.0,0,0.0,0.476564303804815,0.0
DNS,c2,210,0.13125,1.540862920150073e-16,0.9999999999999987,0.4764051117602077,4096,0,0,1.0,0.0,0.0,0,0.0,0.4764051117602077,0.0
DNS,c2,211,0.131875,1.6543568876018774e-16,0.9999999999999986,0.4762455165631952,4096,0,0,1.0,0.0,0.0,0,0.0,0.4762455165631952,0.0
DNS,c2,212,0.1325,1.7778256442592803e-16,0.9999999999999984,0.47608551949580197,4096,0,0,1.0,0.0,0.0,0,0.0,0.47608551949580197,0.0
DNS,c2,213,0.133125,1.9123397421579577e-16,0.9999999999999983,0.4759251218500156,4096,0,0,1.0,0.0,0.0,0,0.0,0.4759251218500156,0.0
DNS,c2,214,0.13375,2.05909983285032e-16,0.9999999999999982,0.47576432492767184,4096,0,0,1.0,0.0,0.0,0,0.0,0.47576432492767184,0.0
DNS,c2,215,0.134375,2.2194530401508028e-16,0.9999999999999981,0.4756031300403408,4096,0,0,1.0,0.0,0.0,0,0.0,0.4756031300403408,0.0
DNS,c2,216,0.135,2.3949113547980405e-16,0.999999999999998,0.47544153850921417,4096,0,0,1.0,0.0,0.0,0,0.0,0.47544153850921417,0.0
DNS,c2,217,0.135625,2.5871722896399903e-16,0.9999999999999978,0.4752795516649925,4096,0,0,1.0,0.0,0.0,0,0.0,0.4752795516649925,0.0
DNS,c2,218,0.13625,2.798142060469542e-16,0.9999999999999976,0.4751171708477748,4096,0,0,1.0,0.0,0.0,0,0.0,0.4751171708477748,0.0
DNS,c2,219,0.136875,3.0299615869066666e-16,0.9999999999999973,0.4749543974069471,4096,0,0,1.0,0.0,0.0,0,0.0,0.4749543974069471,0.0
DNS,c2,220,0.1375,3.2850356400009505e-16,0.9999999999999971,0.4747912327010737,4096,0,0,1.0,0.0,0.0,0,0.0,0.4747912327010737,0.0
DNS,c2,221,0.138125,3.56606549880045e-16,0.9999999999999969,0.47462767809778805,4096,0,0,1.0,0.0,0.0,0,0.0,0.47462767809778805,0.0
DNS,c2,222,0.13875,3.87608551730868e-16,0.9999999999999966,0.47446373497368477,4096,0,0,1.0,0.0,0.0,0,0.0,0.47446373497368477,0.0
DNS,c2,223,0.139375,4.2185040463670694e-16,0.9999999999999962,0.4742994047142132,4096,0,0,1.0,0.0,0.0,0,0.0,0.4742994047142132,0.0
DNS,c2,224,0.14,4.597149202419679e-16,0.9999999999999959,0.4741346887135707,4096,0,0,1.0,0.0,0.0,0,0.0,0.4741346887135707,0.0
DNS,c2,225,0.140625,5.016320027235047e-16,0.9999999999999956,0.473969588374598,4096,0,0,1.0,0.0,0.0,0,0.0,0.473969588374598,0.0
DNS,c2,226,0.14125000000000001,5.48084363990426e-16,0.9999999999999952,0.47380410510867466,4096,0,0,1.0,0.0,0.0,0,0.0,0.47380410510867466,0.0
DNS,c2,227,0.141875,5.996139045267347e-16,0.9999999999999949,0.47363824033561563,4096,0,0,1.0,0.0,0.0,0,0.0,0.47363824033561563,0.0
DNS,c2,228,0.14250000000000002,6.568288331842131e-16,0.9999999999999944,0.47347199548356894,4096,0,0,1.0,0.0,0.0,0,0.0,0.47347199548356894,0.0
DNS,c2,229,0.143125,7.204116067881596e-16,0.999999999999994,0.473305371988914,4096,0,0,1.0,0.0,0.0,0,0.0,0.473305371988914,0.0
DNS,c2,230,0.14375000000000002,7.9112777869515e-16,0.9999999999999934,0.47313837129616076,4096,0,0,1.0,0.0,0.0,0,0.0,0.47313837129616076,0.0
DNS,c2,231,0.144375,8.698358545029653e-16,0.9999999999999929,0.4729709948578502,4096,0,0,1.0,0.0,0.0,0,0.0,0.4729709948578502,0.0
DNS,c2,232,0.145,9.574982630261925e-16,0.9999999999999922,0.47280324413445546,4096,0,0,1.0,0.0,0.0,0,0.0,0.47280324413445546,0.0
DNS,c2,233,0.145625,1.055193561490009e-15,0.9999999999999916,0.4726351205942834,4096,0,0,1.0,0.0,0.0,0,0.0,0.4726351205942834,0.0
DNS,c2,234,0.14625,1.16413000573824e-15,0.9999999999999909,0.47246662571337816,4096,0,0,1.0,0.0,0.0,0,0.0,0.47246662571337816,0.0
DNS,c2,235,0.146875,1.2856606291848698e-15,0.9999999999999901,0.4722977609754245,4096,0,0,1.0,0.0,0.0,0,0.0,0.4722977609754245,0.0
DNS,c2,236,0.1475,1.4212999883521643e-15,0.9999999999999893,0.47212852787165277,4096,0,0,1.0,0.0,0.0,0,0.0,0.47212852787165277,0.0
DNS,c2,237,0.148125,1.536283644465031e-15,0.9999999999999885,0.47195892790074456,4096,0,0,1.0,0.0,0.0,0,0.0,0.47195892790074456,0.0
DNS,c2,238,0.14875,1.6597075249024685e-15,0.9999999999999875,0.47178896256873915,4096,0,0,1.0,0.0,0.0,0,0.0,0.47178896256873915,0.0
DNS,c2,239,0.149375,1.794364029325857e-15,0.9999999999999863,0.47161863338894094,4096,0,0,1.0,0.0,0.0,0,0.0,0.47161863338894094,0.0
DNS,c2,240,0.15,1.9414052841594105e-15,0.9999999999999851,0.4714479418818279,4096,0,0,1.0,0.0,0.0,0,0.0,0.4714479418818279,0.0
DNS,c2,241,0.150625,2.102109936194358e-15,0.9999999999999838,0.4712768895749609,4096,0,0,1.0,0.0,0.0,0,0.0,0.4712768895749609,0.0
DNS,c2,242,0.15125,2.2778971881554573e-15,0.9999999999999823,0.4711054780028934,4096,0,0,1.0,0.0,0.0,0,0.0,0.4711054780028934,0.0
DNS,c2,243,0.151875,2.4703423446460734e-15,0.9999999999999808,0.4709337087070827,4096,0,0,1.0,0.0,0.0,0,0.0,0.4709337087070827,0.0
DNS,c2,244,0.1525,2.6811940224404755e-15,0.999999999999979,0.4707615832358023,4096,0,0,1.0,0.0,0.0,0,0.0,0.4707615832358023,0.0
DNS,c2,245,0.153125,2.912393193744243e-15,0.9999999999999771,0.47058910314405417,4096,0,0,1.0,0.0,0.0,0,0.0,0.47058910314405417,0.0
DNS,c2,246,0.15375,3.166094246981999e-15,0.999999999999975,0.47041626999348235,4096,0,0,1.0,0.0,0.0,0,0.0,0.47041626999348235,0.0
DNS,c2,247,0.154375,3.44468826699881e-15,0.9999999999999727,0.47024308535228787,4096,0,0,1.0,0.0,0.0,0,0.0,0.47024308535228787,0.0
DNS,c2,248,0.155,3.7508287553874424e-15,0.9999999999999701,0.47006955079514406,4096,0,0,1.0,0.0,0.0,0,0.0,0.47006955079514406,0.0
DNS,c2,249,0.155625,4.087460032096001e-15,0.9999999999999674,0.4698956679031127,4096,0,0,1.0,0.0,0.0,0,0.0,0.4698956679031127,0.0
DNS,c2,250,0.15625,4.457848581655197e-15,0.9999999999999643,0.46972143826356116,4096,0,0,1.0,0.0,0.0,0,0.0,0.46972143826356116,0.0
DNS,c2,251,0.15687500000000001,4.865617631426272e-15,0.9999999999999608,0.46954686347008073,4096,0,0,1.0,0.0,0.0,0,0.0,0.46954686347008073,0.0
DNS,c2,252,0.1575,5.314785275353249e-15,0.999999999999957,0.46937194512240527,4096,0,0,1.0,0.0,0.0,0,0.0,0.46937194512240527,0.0
DNS,c2,253,0.15812500000000002,5.809806484960379e-15,0.9999999999999528,0.4691966848263308,4096,0,0,1.0,0.0,0.0,0,0.0,0.4691966848263308,0.0
DNS,c2,254,0.15875,6.355619379931229e-15,0.9999999999999482,0.4690210841936364,4096,0,0,1.0,0.0,0.0,0,0.0,0.4690210841936364,0.0
DNS,c2,255,0.15937500000000002,6.95769616371473e-15,0.9999999999999429,0.46884514484200507,4096,0,0,1.0,0.0,0.0,0,0.0,0.46884514484200507,0.0
DNS,c2,256,0.16,7.622099165411934e-15,0.9999999999999372,0.4686688683949468,4096,0,0,1.0,0.0,0.0,0,0.0,0.4686688683949468,0.0
DNS,c2,257,0.160625,8.355542467903753e-15,0.9999999999999308,0.46849225648172077,4096,0,0,1.0,0.0,0.0,0,0.0,0.46849225648172077,0.0
DNS,c2,258,0.16125,9.165459643995852e-15,0.9999999999999238,0.46831531073725985,4096,0,0,1.0,0.0,0.0,0,0.0,0.46831531073725985,0.0
DNS,c2,259,0.161875,1.0060078167506865e-14,0.9999999999999161,0.46813803280209487,4096,0,0,1.0,0.0,0.0,0,0.0,0.46813803280209487,0.0
DNS,c2,260,0.1625,1.1048501114949366e-14,0.9999999999999074,0.46796042432228047,4096,0,0,1.0,0.0,0.0,0,0.0,0.46796042432228047,0.0
DNS,c2,261,0.163125,1.2140796826003354e-14,0.9999999999998979,0.46778248694932123,4096,0,0,1.0,0.0,0.0,0,0.0,0.46778248694932123,0.0
DNS,c2,262,0.16375,1.3348097247629244e-14,0.9999999999998872,0.46760422234009874,4096,0,0,1.0,0.0,0.0,0,0.0,0.46760422234009874,0.0
DNS,c2,263,0.164375,1.4682705747697675e-14,0.9999999999998753,0.4674256321567998,4096,0,0,1.0,0.0,0.0,0,0.0,0.4674256321567998,0.0
DNS,c2,264,0.165,1.615821524973051e-14,0.9999999999998621,0.4672467180668446,4096,0,0,1.0,0.0,0.0,0,0.0,0.4672467180668446,0.0
DNS,c2,265,0.165625,1.7788538730802744e-14,0.9999999999998475,0.46706748174281665,4096,0,0,1.0,0.0,0.0,0,0.0,0.46706748174281665,0.0
DNS,c2,266,0.16625,1.910026687765597e-14,0.9999999999998347,0.46688792486239283,4096,0,0,1.0,0.0,0.0,0,0.0,0.46688792486239283,0.0
DNS,c2,267,0.166875,2.05194569120351e-14,0.9999999999998215,0.46670804910827435,4096,0,0,1.0,0.0,0.0,0,0.0,0.46670804910827435,0.0
DNS,c2,268,0.1675,2.2055961936454926e-14,0.999999999999807,0.4665278561681185,4096,0,0,1.0,0.0,0.0,0,0.0,0.4665278561681185,0.0
DNS,c2,269,0.168125,2.3720598085398413e-14,0.9999999999997914,0.4663473477344713,4096,0,0,1.0,0.0,0.0,0,0.0,0.4663473477344713,0.0
DNS,c2,270,0.16875,2.5525238866271998e-14,0.9999999999997743,0.46616652550470045,4096,0,0,1.0,0.0,0.0,0,0.0,0.46616652550470045,0.0
DNS,c2,271,0.169375,2.7482918374780623e-14,0.9999999999997558,0.46598539118092974,4096,0,0,1.0,0.0,0.0,0,0.0,0.46598539118092974,0.0
DNS,c2,272,0.17,2.9607944167308535e-14,0.9999999999997354,0.46580394646997325,4096,0,0,1.0,0.0,0.0,0,0.0,0.46580394646997325,0.0
DNS,c2,273,0.170625,3.1916020636629186e-14,0.9999999999997133,0.46562219308327113,4096,0,0,1.0,0.0,0.0,0,0.0,0.46562219308327113,0.0
DNS,c2,274,0.17125,3.442438380573256e-14,0.9999999999996892,0.4654401327368258,4096,0,0,1.0,0.0,0.0,0,0.0,0.4654401327368258,0.0
DNS,c2,275,0.171875,3.7151948528063567e-14,0.9999999999996629,0.4652577671511382,4096,0,0,1.0,0.0,0.0,0,0.0,0.4652577671511382,0.0
DNS,c2,276,0.17250000000000001,4.011946916134238e-14,0.9999999999996342,0.46507509805114633,4096,0,0,1.0,0.0,0.0,0,0.0,0.46507509805114633,0.0
DNS,c2,277,0.173125,4.334971486673572e-14,0.9999999999996027,0.46489212716616235,4096,0,0,1.0,0.0,0.0,0,0.0,0.46489212716616235,0.0
DNS,c2,278,0.17375000000000002,4.686766077583742e-14,0.9999999999995682,0.4647088562298124,4096,0,0,1.0,0.0,0.0,0,0.0,0.4647088562298124,0.0
DNS,c2,279,0.174375,5.070069636508577e-14,0.9999999999995306,0.46452528697997564,4096,0,0,1.0,0.0,0.0,0,0.0,0.46452528697997564,0.0
DNS,c2,280,0.17500000000000002,5.487885248130606e-14,0.9999999999994893,0.46434142115872473,4096,0,0,1.0,0.0,0.0,0,0.0,0.46434142115872473,0.0
DNS,c2,281,0.175625,5.943504857345248e-14,0.9999999999994441,0.4641572605122668,4096,0,0,1.0,0.0,0.0,0,0.0,0.4641572605122668,0.0
DNS,c2,282,0.17625,6.440536180479033e-14,0.9999999999993946,0.4639728067908846,4096,0,0,1.0,0.0,0.0,0,0.0,0.4639728067908846,0.0
DNS,c2,283,0.176875,6.98293198471885e-14,0.9999999999993404,0.46378806174887943,4096,0,0,1.0,0.0,0.0,0,0.0,0.46378806174887943,0.0
DNS,c2,284,0.1775,7.57502192953892e-14,0.999999999999281,0.463603027144513,4096,0,0,1.0,0.0,0.0,0,0.0,0.463603027144513,0.0
DNS,c2,285,0.178125,8.221547178461806e-14,0.9999999999992158,0.4634177047399519,4096,0,0,1.0,0.0,0.0,0,0.0,0.4634177047399519,0.0
DNS,c2,286,0.17875,8.927698005025399e-14,0.9999999999991444,0.46323209630121104,4096,0,0,1.0,0.0,0.0,0,0.0,0.46323209630121104,0.0
DNS,c2,287,0.179375,9.699154633407997e-14,0.9999999999990659,0.4630462035980982,4096,0,0,1.0,0.0,0.0,0,0.0,0.4630462035980982,0.0
DNS,c2,288,0.18,1.0542131571850145e-13,0.9999999999989798,0.4628600284041603,4096,0,0,1.0,0.0,0.0,0,0.0,0.4628600284041603,0.0
DNS,c2,289,0.180625,1.1463425715869465e-13,0.9999999999988853,0.4626735724966277,4096,0,0,1.0,0.0,0.0,0,0.0,0.4626735724966277,0.0
DNS,c2,290,0.18125,1.2470468518361216e-13,0.9999999999987816,0.4624868376563624,4096,0,0,1.0,0.0,0.0,0,0.0,0.4624868376563624,0.0
DNS,c2,291,0.181875,1.3571382545083761e-13,0.9999999999986678,0.4622998256678037,4096,0,0,1.0,0.0,0.0,0,0.0,0.4622998256678037,0.0
DNS,c2,292,0.1825,1.4775042756819243e-13,0.9999999999985428,0.4621125383189166,4096,0,0,1.0,0.0,0.0,0,0.0,0.4621125383189166,0.0
DNS,c2,293,0.183125,1.6091142883753232e-13,0.9999999999984056,0.46192497740113964,4096,0,0,1.0,0.0,0.0,0,0.0,0.46192497740113964,0.0
DNS,c2,294,0.18375,1.7530267283414916e-13,0.999999999998255,0.46173714470933375,4096,0,0,1.0,0.0,0.0,0,0.0,0.46173714470933375,0.0
DNS,c2,295,0.184375,1.873178146778411e-13,0.9999999999981146,0.4615490420417315,4096,0,0,1.0,0.0,0.0,0,0.0,0.4615490420417315,0.0
DNS,c2,296,0.185,1.9940539277415927e-13,0.9999999999979824,0.4613606711998869,4096,0,0,1.0,0.0,0.0,0,0.0,0.4613606711998869,0.0
DNS,c2,297,0.185625,2.1237590752111718e-13,0.99999999999784,0.4611720339886257,4096,0,0,1.0,0.0,0.0,0,0.0,0.4611720339886257,0.0
DNS,c2,298,0.18625,2.2630245829766868e-13,0.9999999999976863,0.4609831322159962,4096,0,0,1.0,0.0,0.0,0,0.0,0.4609831322159962,0.0
DNS,c2,299,0.186875,2.412645542143291e-13,0.9999999999975205,0.46079396769322073,4096,0,0,1.0,0.0,0.0,0,0.0,0.46079396769322073,0.0
DNS,c2,300,0.1875,2.5734866861558784e-13,0.9999999999973417,0.4606045422346475,4096,0,0,1.0,0.0,0.0,0,0.0,0.4606045422346475,0.0
DNS,c2,301,0.18812500000000001,2.7464883895110207e-13,0.9999999999971485,0.46041485765770285,4096,0,0,1.0,0.0,0.0,0,0.0,0.46041485765770285,0.0
DNS,c2,302,0.18875,2.9326731545107224e-13,0.9999999999969398,0.46022491578284414,4096,0,0,1.0,0.0,0.0,0,0.0,0.46022491578284414,0.0
DNS,c2,303,0.18937500000000002,3.1331526227835045e-13,0.9999999999967141,0.4600347184335133,4096,0,0,1.0,0.0,0.0,0,0.0,0.4600347184335133,0.0
DNS,c2,304,0.19,3.3491351508163533e-13,0.9999999999964699,0.4598442674360901,4096,0,0,1.0,0.0,0.0,0,0.0,0.4598442674360901,0.0
DNS,c2,305,0.19062500000000002,3.5819339914134296e-13,0.9999999999962057,0.45965356461984674,4096,0,0,1.0,0.0,0.0,0,0.0,0.45965356461984674,0.0
DNS,c2,306,0.19125,3.832976125832402e-13,0.9999999999959197,0.45946261181690295,4096,0,0,1.0,0.0,0.0,0,0.0,0.45946261181690295,0.0
DNS,c2,307,0.19187500000000002,4.103811794355279e-13,0.99999999999561,0.4592714108621801,4096,0,0,1.0,0.0,0.0,0,0.0,0.4592714108621801,0.0
DNS,c2,308,0.1925,4.3961247762366973e-13,0.9999999999952743,0.4590799635933578,4096,0,0,1.0,0.0,0.0,0,0.0,0.4590799635933578,0.0
DNS,c2,309,0.193125,4.711743473347927e-13,0.9999999999949105,0.45888827185082925,4096,0,0,1.0,0.0,0.0,0,0.0,0.45888827185082925,0.0
DNS,c2,310,0.19375,5.052652855409175e-13,0.9999999999945159,0.45869633747765803,4096,0,0,1.0,0.0,0.0,0,0.0,0.45869633747765803,0.0
DNS,c2,311,0.194375,5.421007328486043e-13,0.9999999999940881,0.45850416231953484,4096,0,0,1.0,0.0,0.0,0,0.0,0.45850416231953484,0.0
DNS,c2,312,0.195,5.819144592428728e-13,0.9999999999936238,0.4583117482247347,4096,0,0,1.0,0.0,0.0,0,0.0,0.4583117482247347,0.0
DNS,c2,313,0.195625,6.249600557165665e-13,0.9999999999931198,0.45811909704407433,4096,0,0,1.0,0.0,0.0,0,0.0,0.45811909704407433,0.0
DNS,c2,314,0.19625,6.715125392237958e-13,0.9999999999925727,0.45792621063087086,4096,0,0,1.0,0.0,0.0,0,0.0,0.45792621063087086,0.0
DNS,c2,315,0.196875,7.218700788688997e-13,0.9999999999919786,0.4577330908408996,4096,0,0,1.0,0.0,0.0,0,0.0,0.4577330908408996,0.0
DNS,c2,316,0.1975,7.763558517417148e-13,0.9999999999913333,0.4575397395323527,4096,0,0,1.0,0.0,0.0,0,0.0,0.4575397395323527,0.0
DNS,c2,317,0.198125,8.353200373371048e-13,0.9999999999906323,0.45734615856579924,4096,0,0,1.0,0.0,0.0,0,0.0,0.45734615856579924,0.0
DNS,c2,318,0.19875,8.991419600529811e-13,0.9999999999898705,0.4571523498041433,4096,0,0,1.0,0.0,0.0,0,0.0,0.4571523498041433,0.0
DNS,c2,319,0.199375,9.682323898477938e-13,0.9999999999890428,0.4569583151125849,4096,0,0,1.0,0.0,0.0,0,0.0,0.4569583151125849,0.0
DNS,c2,320,0.2,1.0430360117570988e-12,0.9999999999881432,0.45676405635857975,4096,0,0,1.0,0.0,0.0,0,0.0,0.45676405635857975,0.0
DNS,c2,321,0.200625,1.1240340756207408e-12,0.9999999999871653,0.4565695754117995,4096,0,0,1.0,0.0,0.0,0,0.0,0.4565695754117995,0.0
DNS,c2,322,0.20125,1.2117472380589626e-12,0.9999999999861022,0.4563748741440932,4096,0,0,1.0,0.0,0.0,0,0.0,0.4563748741440932,0.0
DNS,c2,323,0.201875,1.3053537574162403e-12,0.9999999999849465,0.45617995442944764,4096,0,0,1.0,0.0,0.0,0,0.0,0.45617995442944764,0.0
DNS,c2,324,0.2025,1.3775021862327936e-12,0.99999999998396,0.4559848181439491,4096,0,0,1.0,0.0,0.0,0,0.0,0.4559848181439491,0.0
DNS,c2,325,0.203125,1.454303608853515e-12,0.9999999999829796,0.4557894671657452,4096,0,0,1.0,0.0,0.0,0,0.0,0.4557894671657452,0.0
DNS,c2,326,0.20375000000000001,1.536107066038981e-12,0.9999999999819313,0.4555939033750069,4096,0,0,1.0,0.0,0.0,0,0.0,0.4555939033750069,0.0
DNS,c2,327,0.204375,1.6232893353400194e-12,0.9999999999808099,0.4553981286538901,4096,0,0,1.0,0.0,0.0,0,0.0,0.4553981286538901,0.0
DNS,c2,328,0.20500000000000002,1.7162570777835885e-12,0.9999999999796096,0.45520214488649924,4096,0,0,1.0,0.0,0.0,0,0.0,0.45520214488649924,0.0
DNS,c2,329,0.205625,1.8154491396013197e-12,0.9999999999783242,0.4550059539588494,4096,0,0,1.0,0.0,0.0,0,0.0,0.4550059539588494,0.0
DNS,c2,330,0.20625000000000002,1.9213390192412698e-12,0.999999999976947,0.45480955775882925,4096,0,0,1.0,0.0,0.0,0,0.0,0.45480955775882925,0.0
DNS,c2,331,0.206875,2.0344375105117992e-12,0.9999999999754707,0.454612958176165,4096,0,0,1.0,0.0,0.0,0,0.0,0.454612958176165,0.0
DNS,c2,332,0.20750000000000002,2.1552955333465474e-12,0.9999999999738874,0.45441615710238337,4096,0,0,1.0,0.0,0.0,0,0.0,0.45441615710238337,0.0
DNS,c2,333,0.208125,2.284507164352587e-12,0.9999999999721887,0.45421915643077543,4096,0,0,1.0,0.0,0.0,0,0.0,0.45421915643077543,0.0
DNS,c2,334,0.20875,2.4227128800114155e-12,0.9999999999703653,0.4540219580563608,4096,0,0,1.0,0.0,0.0,0,0.0,0.4540219580563608,0.0
DNS,c2,335,0.209375,2.5706030261459716e-12,0.9999999999684072,0.45382456387585185,4096,0,0,1.0,0.0,0.0,0,0.0,0.45382456387585185,0.0
DNS,c2,336,0.21,2.7289215280478036e-12,0.9999999999663036,0.4536269757876176,4096,0,0,1.0,0.0,0.0,0,0.0,0.4536269757876176,0.0
DNS,c2,337,0.210625,2.8984698564784896e-12,0.999999999964043,0.4534291956916493,4096,0,0,1.0,0.0,0.0,0,0.0,0.4534291956916493,0.0
DNS,c2,338,0.21125,3.0801112656199256e-12,0.9999999999616126,0.453231225489524,4096,0,0,1.0,0.0,0.0,0,0.0,0.453231225489524,0.0
DNS,c2,339,0.211875,3.27477531995089e-12,0.9999999999589989,0.4530330670843706,4096,0,0,1.0,0.0,0.0,0,0.0,0.4530330670843706,0.0
DNS,c2,340,0.2125,3.483462727973966e-12,0.9999999999561873,0.45283472238083416,4096,0,0,1.0,0.0,0.0,0,0.0,0.45283472238083416,0.0
DNS,c2,341,0.213125,3.707250501709261e-12,0.9999999999531617,0.452636193285042,4096,0,0,1.0,0.0,0.0,0,0.0,0.452636193285042,0.0
DNS,c2,342,0.21375,3.947297461911127e-12,0.9999999999499052,0.4524374817045684,4096,0,0,1.0,0.0,0.0,0,0.0,0.4524374817045684,0.0
DNS,c2,343,0.214375,4.2048501100531394e-12,0.9999999999463991,0.45223858954840074,4096,0,0,1.0,0.0,0.0,0,0.0,0.45223858954840074,0.0
DNS,c2,344,0.215,4.481248889266755e-12,0.9999999999426235,0.4520395187269052,4096,0,0,1.0,0.0,0.0,0,0.0,0.4520395187269052,0.0
DNS,c2,345,0.215625,4.7779348576122835e-12,0.9999999999385567,0.45184027115179215,4096,0,0,1.0,0.0,0.0,0,0.0,0.45184027115179215,0.0
DNS,c2,346,0.21625,5.096456798309074e-12,0.9999999999341757,0.4516408487360828,4096,0,0,1.0,0.0,0.0,0,0.0,0.4516408487360828,0.0
DNS,c2,347,0.216875,5.438478792857044e-12,0.9999999999294552,0.4514412533940752,4096,0,0,1.0,0.0,0.0,0,0.0,0.4514412533940752,0.0
DNS,c2,348,0.2175,5.805788284346064e-12,0.9999999999243683,0.45124148704131023,4096,0,0,1.0,0.0,0.0,0,0.0,0.45124148704131023,0.0
DNS,c2,349,0.218125,6.200304659675192e-12,0.9999999999188857,0.451041551594538,4096,0,0,1.0,0.0,0.0,0,0.0,0.451041551594538,0.0
DNS,c2,350,0.21875,6.624088380892643e-12,0.999999999912976,0.4508414489716845,4096,0,0,1.0,0.0,0.0,0,0.0,0.4508414489716845,0.0
DNS,c2,351,0.21937500000000001,7.079350697421684e-12,0.9999999999066054,0.45064118109181805,4096,0,0,1.0,0.0,0.0,0,0.0,0.45064118109181805,0.0
DNS,c2,352,0.22,7.444132520958624e-12,0.9999999999007235,0.4504407498751159,4096,0,0,1.0,0.0,0.0,0,0.0,0.4504407498751159,0.0
DNS,c2,353,0.22062500000000002,7.80257197134259e-12,0.9999999998954323,0.45024015724283073,4096,0,0,1.0,0.0,0.0,0,0.0,0.45024015724283073,0.0
DNS,c2,354,0.22125,8.181958551451905e-12,0.9999999998898129,0.4500394051172576,4096,0,0,1.0,0.0,0.0,0,0.0,0.4500394051172576,0.0
DNS,c2,355,0.22187500000000002,8.58374152627735e-12,0.999999999883842,0.449838495421701,4096,0,0,1.0,0.0,0.0,0,0.0,0.449838495421701,0.0
DNS,c2,356,0.2225,9.009474962845023e-12,0.9999999998774944,0.4496374300804411,4096,0,0,1.0,0.0,0.0,0,0.0,0.4496374300804411,0.0
DNS,c2,357,0.22312500000000002,9.460824971647288e-12,0.999999999870743,0.4494362110187012,4096,0,0,1.0,0.0,0.0,0,0.0,0.4494362110187012,0.0
DNS,c2,358,0.22375,9.939577408221348e-12,0.9999999998635586,0.4492348401626144,4096,0,0,1.0,0.0,0.0,0,0.0,0.4492348401626144,0.0
DNS,c2,359,0.224375,1.0447646061278684e-11,0.9999999998559099,0.44903331943919067,4096,0,0,1.0,0.0,0.0,0,0.0,0.44903331943919067,0.0
DNS,c2,360,0.225,1.098708135512864e-11,0.9999999998477633,0.44883165077628373,4096,0,0,1.0,0.0,0.0,0,0.0,0.44883165077628373,0.0
DNS,c2,361,0.225625,1.1560079595537528e-11,0.9999999998390827,0.44862983610255813,4096,0,0,1.0,0.0,0.0,0,0.0,0.44862983610255813,0.0
DNS,c2,362,0.22625,1.2168992789622276e-11,0.9999999998298292,0.44842787734745637,4096,0,0,1.0,0.0,0.0,0,0.0,0.44842787734745637,0.0
DNS,c2,363,0.226875,1.2816339071897284e-11,0.9999999998199611,0.4482257764411658,4096,0,0,1.0,0.0,0.0,0,0.0,0.4482257764411658,0.0
DNS,c2,364,0.2275,1.3504813770176313e-11,0.9999999998094338,0.44802353531458544,4096,0,0,1.0,0.0,0.0,0,0.0,0.44802353531458544,0.0
DNS,c2,365,0.228125,1.423730114668042e-11,0.999999999798199,0.4478211558992932,4096,0,0,1.0,0.0,0.0,0,0.0,0.4478211558992932,0.0
DNS,c2,366,0.22875,1.5016886851419834e-11,0.9999999997862052,0.4476186401275131,4096,0,0,1.0,0.0,0.0,0,0.0,0.4476186401275131,0.0
DNS,c2,367,0.229375,1.584687112670471e-11,0.999999999773397,0.44741598993208154,4096,0,0,1.0,0.0,0.0,0,0.0,0.44741598993208154,0.0
DNS,c2,368,0.23,1.673078280349866e-11,0.9999999997597151,0.4472132072464148,4096,0,0,1.0,0.0,0.0,0,0.0,0.4472132072464148,0.0
DNS,c2,369,0.230625,1.7672394132262452e-11,0.9999999997450957,0.44701029400447556,4096,0,0,1.0,0.0,0.0,0,0.0,0.44701029400447556,0.0
DNS,c2,370,0.23125,1.867573649294506e-11,0.9999999997294705,0.44680725214073996,4096,0,0,1.0,0.0,0.0,0,0.0,0.44680725214073996,0.0
DNS,c2,371,0.231875,1.974511703086777e-11,0.9999999997127663,0.4466040835901641,4096,0,0,1.0,0.0,0.0,0,0.0,0.4466040835901641,0.0
DNS,c2,372,0.2325,2.0885136267416734e-11,0.9999999996949046,0.4464007902881513,4096,0,0,1.0,0.0,0.0,0,0.0,0.4464007902881513,0.0
DNS,c2,373,0.233125,2.2100706736711863e-11,0.9999999996758012,0.44619737417051775,4096,0,0,1.0,0.0,0.0,0,0.0,0.44619737417051775,0.0
DNS,c2,374,0.23375,2.3397072701758465e-11,0.999999999655366,0.4459938371734601,4096,0,0,1.0,0.0,0.0,0,0.0,0.4459938371734601,0.0
DNS,c2,375,0.234375,2.4779831006013907e-11,0.9999999996335025,0.4457901812335212,4096,0,0,1.0,0.0,0.0,0,0.0,0.4457901812335212,0.0
DNS,c2,376,0.23500000000000001,2.6254953118817932e-11,0.9999999996101073,0.44558640828755686,4096,0,0,1.0,0.0,0.0,0,0.0,0.44558640828755686,0.0
DNS,c2,377,0.235625,2.7828808435743876e-11,0.9999999995850699,0.44538252027270225,4096,0,0,1.0,0.0,0.0,0,0.0,0.44538252027270225,0.0
DNS,c2,378,0.23625000000000002,2.950818889763163e-11,0.9999999995582718,0.4451785191263377,4096,0,0,1.0,0.0,0.0,0,0.0,0.4451785191263377,0.0
DNS,c2,379,0.236875,3.121734123377298e-11,0.9999999995295863,0.4449744067860551,4096,0,0,1.0,0.0,0.0,0,0.0,0.4449744067860551,0.0
DNS,c2,380,0.23750000000000002,3.251590577087131e-11,0.9999999995055904,0.4447701851896237,4096,0,0,1.0,0.0,0.0,0,0.0,0.4447701851896237,0.0
DNS,c2,381,0.238125,3.3882964938392e-11,0.9999999994823647,0.44456585627495615,4096,0,0,1.0,0.0,0.0,0,0.0,0.44456585627495615,0.0
DNS,c2,382,0.23875000000000002,3.532291096117746e-11,0.99999999945783,0.4443614219800741,4096,0,0,1.0,0.0,0.0,0,0.0,0.4443614219800741,0.0
DNS,c2,383,0.239375,3.6840427802788316e-11,0.9999999994318998,0.44415688424307403,4096,0,0,1.0,0.0,0.0,0,0.0,0.44415688424307403,0.0
DNS,c2,384,0.24,3.8440509377603964e-11,0.9999999994044817,0.44395224500209224,4096,0,0,1.0,0.0,0.0,0,0.0,0.44395224500209224,0.0
DNS,c2,385,0.240625,4.012847879499683e-11,0.999999999375477,0.44374750619527087,4096,0,0,1.0,0.0,0.0,0,0.0,0.44374750619527087,0.0
DNS,c2,386,0.24125,4.1910008687756443e-11,0.9999999993447802,0.4435426697607223,4096,0,0,1.0,0.0,0.0,0,0.0,0.4435426697607223,0.0
DNS,c2,387,0.241875,4.379114267923044e-11,0.9999999993122787,0.443337737636495,4096,0,0,1.0,0.0,0.0,0,0.0,0.443337737636495,0.0
DNS,c2,388,0.2425,4.5778318046022857e-11,0.999999999277852,0.44313271176053776,4096,0,0,1.0,0.0,0.0,0,0.0,0.44313271176053776,0.0
DNS,c2,389,0.243125,4.787838963554727e-11,0.9999999992413716,0.44292759407066473,4096,0,0,1.0,0.0,0.0,0,0.0,0.44292759407066473,0.0
DNS,c2,390,0.24375,5.0098655100276526e-11,0.9999999992027002,0.4427223865045199,4096,0,0,1.0,0.0,0.0,0,0.0,0.4427223865045199,0.0
DNS,c2,391,0.244375,5.244688151316295e-11,0.9999999991616912,0.4425170909995413,4096,0,0,1.0,0.0,0.0,0,0.0,0.4425170909995413,0.0
DNS,c2,392,0.245,5.4931333431425676e-11,0.9999999991181883,0.44231170949292575,4096,0,0,1.0,0.0,0.0,0,0.0,0.44231170949292575,0.0
DNS,c2,393,0.245625,5.756080247871733e-11,0.9999999990720244,0.44210624392159215,4096,0,0,1.0,0.0,0.0,0,0.0,0.44210624392159215,0.0
DNS,c2,394,0.24625,6.0344638518592e-11,0.9999999990230216,0.4419006962221455,4096,0,0,1.0,0.0,0.0,0,0.0,0.4419006962221455,0.0
DNS,c2,395,0.246875,6.32927824952034e-11,0.9999999989709899,0.4416950683308411,4096,0,0,1.0,0.0,0.0,0,0.0,0.4416950683308411,0.0
DNS,c2,396,0.2475,6.641580102026709e-11,0.9999999989157268,0.4414893621835471,4096,0,0,1.0,0.0,0.0,0,0.0,0.4414893621835471,0.0
DNS,c2,397,0.248125,6.972492278852716e-11,0.9999999988570163,0.44128357971570853,4096,0,0,1.0,0.0,0.0,0,0.0,0.44128357971570853,0.0
DNS,c2,398,0.24875,7.32320769072762e-11,0.9999999987946283,0.4410777228623096,4096,0,0,1.0,0.0,0.0,0,0.0,0.4410777228623096,0.0
DNS,c2,399,0.249375,7.694993322889125e-11,0.9999999987283176,0.44087179355783707,4096,0,0,1.0,0.0,0.0,0,0.0,0.44087179355783707,0.0
DNS,c2,400,0.25,8.089194477886865e-11,0.9999999986578229,0.4406657937362427,4096,0,0,1.0,0.0,0.0,0,0.0,0.4406657937362427,0.0
DNS,c2,401,0.250625,8.50723923754696e-11,0.9999999985828659,0.44045972533090527,4096,0,0,1.0,0.0,0.0,0,0.0,0.44045972533090527,0.0
DNS,c2,402,0.25125000000000003,8.9506431540828e-11,0.9999999985031505,0.44025359027459343,4096,0,0,1.0,0.0,0.0,0,0.0,0.44025359027459343,0.0
DNS,c2,403,0.251875,9.42101418072239e-11,0.999999998418361,0.44004739049942687,4096,0,0,1.0,0.0,0.0,0,0.0,0.44004739049942687,0.0
DNS,c2,404,0.2525,9.92005785261927e-11,0.9999999983281618,0.4398411279368386,4096,0,0,1.0,0.0,0.0,0,0.0,0.4398411279368386,0.0
DNS,c2,405,0.253125,1.0449582729222229e-10,0.9999999982321957,0.4396348045175359,4096,0,0,1.0,0.0,0.0,0,0.0,0.4396348045175359,0.0
DNS,c2,406,0.25375000000000003,1.1011506109699108e-10,0.9999999981300826,0.439428422171462,4096,0,0,1.0,0.0,0.0,0,0.0,0.439428422171462,0.0
DNS,c2,407,0.254375,1.1414789505256348e-10,0.9999999980374316,0.4392219828277568,4096,0,0,1.0,0.0,0.0,0,0.0,0.4392219828277568,0.0
DNS,c2,408,0.255,1.1833934297357702e-10,0.9999999979560211,0.4390154884147176,4096,0,0,1.0,0.0,0.0,0,0.0,0.4390154884147176,0.0
DNS,c2,409,0.255625,1.2273572622179562e-10,0.9999999978704232,0.4388089408597597,4096,0,0,1.0,0.0,0.0,0,0.0,0.4388089408597597,0.0
DNS,c2,410,0.25625,1.2734936034580404e-10,0.9999999977803807,0.43860234208937654,4096,0,0,1.0,0.0,0.0,0,0.0,0.43860234208937654,0.0
DNS,c2,411,0.256875,1.3219331096617223e-10,0.9999999976856205,0.4383956940290995,4096,0,0,1.0,0.0,0.0,0,0.0,0.4383956940290995,0.0
DNS,c2,412,0.2575,1.3728143589858933e-10,0.9999999975858521,0.4381889986034581,4096,0,0,1.0,0.0,0.0,0,0.0,0.4381889986034581,0.0
DNS,c2,413,0.258125,1.4262842939733796e-10,0.9999999974807665,0.4379822577359389,4096,0,0,1.0,0.0,0.0,0,0.0,0.4379822577359389,0.0
DNS,c2,414,0.25875,1.482498686130426e-10,0.9999999973700353,0.43777547334894484,4096,0,0,1.0,0.0,0.0,0,0.0,0.43777547334894484,0.0
DNS,c2,415,0.259375,1.541622623621517e-10,0.9999999972533095,0.4375686473637548,4096,0,0,1.0,0.0,0.0,0,0.0,0.4375686473637548,0.0
DNS,c2,416,0.26,1.6038310230923934e-10,0.9999999971302183,0.43736178170048096,4096,0,0,1.0,0.0,0.0,0,0.0,0.43736178170048096,0.0
DNS,c2,417,0.260625,1.6693091666694342e-10,0.9999999970003677,0.4371548782780284,4096,0,0,1.0,0.0,0.0,0,0.0,0.4371548782780284,0.0
DNS,c2,418,0.26125,1.7382532652219138e-10,0.9999999968633393,0.43694793901405277,4096,0,0,1.0,0.0,0.0,0,0.0,0.43694793901405277,0.0
DNS,c2,419,0.261875,1.8108710490130628e-10,0.9999999967186889,0.43674096582491767,4096,0,0,1.0,0.0,0.0,0,0.0,0.43674096582491767,0.0
DNS,c2,420,0.2625,1.887382386906346e-10,0.9999999965659447,0.436533960625653,4096,0,0,1.0,0.0,0.0,0,0.0,0.436533960625653,0.0
DNS,c2,421,0.263125,1.9680199353349486e-10,0.9999999964046064,0.43632692532991185,4096,0,0,1.0,0.0,0.0,0,0.0,0.43632692532991185,0.0
DNS,c2,422,0.26375,2.0530298182851482e-10,0.9999999962341424,0.4361198618499272,4096,0,0,1.0,0.0,0.0,0,0.0,0.4361198618499272,0.0
DNS,c2,423,0.264375,2.1426723395880374e-10,0.9999999960539894,0.4359127720964692,4096,0,0,1.0,0.0,0.0,0,0.0,0.4359127720964692,0.0
DNS,c2,424,0.265,2.2372227288589965e-10,0.9999999958635495,0.4357056579788015,4096,0,0,1.0,0.0,0.0,0,0.0,0.4357056579788015,0.0
DNS,c2,425,0.265625,2.3369719224703714e-10,0.9999999956621889,0.43549852140463685,4096,0,0,1.0,0.0,0.0,0,0.0,0.43549852140463685,0.0
DNS,c2,426,0.26625,2.4422273809900253e-10,0.9999999954492356,0.4352913642800937,4096,0,0,1.0,0.0,0.0,0,0.0,0.4352913642800937,0.0
DNS,c2,427,0.26687500000000003,2.553313944566806e-10,0.9999999952239772,0.43508418850965114,4096,0,0,1.0,0.0,0.0,0,0.0,0.43508418850965114,0.0
DNS,c2,428,0.2675,2.670574727793503e-10,0.9999999949856591,0.43487699599610485,4096,0,0,1.0,0.0,0.0,0,0.0,0.43487699599610485,0.0
DNS,c2,429,0.268125,2.794372055628592e-10,0.9999999947334814,0.4346697886405216,4096,0,0,1.0,0.0,0.0,0,0.0,0.4346697886405216,0.0
DNS,c2,430,0.26875,2.925088442009949e-10,0.9999999944665974,0.4344625683421941,4096,0,0,1.0,0.0,0.0,0,0.0,0.4344625683421941,0.0
DNS,c2,431,0.26937500000000003,3.063127612846808e-10,0.99999999418411,0.4342553369985954,4096,0,0,1.0,0.0,0.0,0,0.0,0.4342553369985954,0.0
DNS,c2,432,0.27,3.208915575130524e-10,0.9999999938850699,0.4340480965053334,4096,0,0,1.0,0.0,0.0,0,0.0,0.4340480965053334,0.0
DNS,c2,433,0.270625,3.3476893906398786e-10,0.999999993568472,0.4338408487561041,4096,0,0,1.0,0.0,0.0,0,0.0,0.4338408487561041,0.0
DNS,c2,434,0.27125,3.454799941187679e-10,0.9999999933011402,0.4336335956426457,4096,0,0,1.0,0.0,0.0,0,0.0,0.4336335956426457,0.0
DNS,c2,435,0.27187500000000003,3.566729412339524e-10,0.9999999930533138,0.4334263390546914,4096,0,0,1.0,0.0,0.0,0,0.0,0.4334263390546914,0.0
DNS,c2,436,0.2725,3.683750475522224e-10,0.9999999927937149,0.43321908087992306,4096,0,0,1.0,0.0,0.0,0,0.0,0.43321908087992306,0.0
DNS,c2,437,0.273125,3.806151180054723e-10,0.9999999925216673,0.43301182300392316,4096,0,0,1.0,0.0,0.0,0,0.0,0.43301182300392316,0.0
DNS,c2,438,0.27375,3.934235739465782e-10,0.9999999922364549,0.43280456731012773,4096,0,0,1.0,0.0,0.0,0,0.0,0.43280456731012773,0.0
DNS,c2,439,0.274375,4.068325353438792e-10,0.9999999919373198,0.4325973156797784,4096,0,0,1.0,0.0,0.0,0,0.0,0.4325973156797784,0.0
DNS,c2,440,0.275,4.2087590667855104e-10,0.9999999916234598,0.4323900699918742,4096,0,0,1.0,0.0,0.0,0,0.0,0.4323900699918742,0.0
DNS,c2,441,0.275625,4.3558946668959383e-10,0.9999999912940257,0.4321828321231231,4096,0,0,1.0,0.0,0.0,0,0.0,0.4321828321231231,0.0
DNS,c2,442,0.27625,4.510109621157987e-10,0.9999999909481198,0.43197560394789336,4096,0,0,1.0,0.0,0.0,0,0.0,0.43197560394789336,0.0
DNS,c2,443,0.276875,4.671802055888096e-10,0.9999999905847917,0.43176838733816475,4096,0,0,1.0,0.0,0.0,0,0.0,0.43176838733816475,0.0
DNS,c2,444,0.2775,4.841391778362495e-10,0.9999999902030371,0.4315611841634788,4096,0,0,1.0,0.0,0.0,0,0.0,0.4315611841634788,0.0
DNS,c2,445,0.278125,5.019321343588397e-10,0.9999999898017938,0.4313539962908899,4096,0,0,1.0,0.0,0.0,0,0.0,0.4313539962908899,0.0
DNS,c2,446,0.27875,5.206057167505059e-10,0.9999999893799392,0.431146825584915,4096,0,0,1.0,0.0,0.0,0,0.0,0.431146825584915,0.0
DNS,c2,447,0.279375,5.402090688356342e-10,0.9999999889362867,0.4309396739074839,4096,0,0,1.0,0.0,0.0,0,0.0,0.4309396739074839,0.0
DNS,c2,448,0.28,5.607939578029154e-10,0.9999999884695829,0.43073254311788844,4096,0,0,1.0,0.0,0.0,0,0.0,0.43073254311788844,0.0
DNS,c2,449,0.280625,5.824149005205979e-10,0.9999999879785038,0.4305254350727326,4096,0,0,1.0,0.0,0.0,0,0.0,0.4305254350727326,0.0
DNS,c2,450,0.28125,6.051292952234561e-10,0.9999999874616508,0.43031835162588083,4096,0,0,1.0,0.0,0.0,0,0.0,0.43031835162588083,0.0
DNS,c2,451,0.281875,6.289975587673709e-10,0.9999999869175473,0.4301112946284078,4096,0,0,1.0,0.0,0.0,0,0.0,0.4301112946284078,0.0
DNS,c2,452,0.28250000000000003,6.540832696531173e-10,0.999999986344635,0.42990426592854614,4096,0,0,1.0,0.0,0.0,0,0.0,0.42990426592854614,0.0
DNS,c2,453,0.283125,6.804533170267547e-10,0.9999999857412689,0.42969726737163555,4096,0,0,1.0,0.0,0.0,0,0.0,0.42969726737163555,0.0
DNS,c2,454,0.28375,7.081780558699171e-10,0.9999999851057134,0.4294903008000704,4096,0,0,1.0,0.0,0.0,0,0.0,0.4294903008000704,0.0
DNS,c2,455,0.284375,7.373314685993113e-10,0.9999999844361377,0.429283368053248,4096,0,0,1.0,0.0,0.0,0,0.0,0.429283368053248,0.0
DNS,c2,456,0.28500000000000003,7.67991333300838e-10,0.9999999837306107,0.4290764709675158,4096,0,0,1.0,0.0,0.0,0,0.0,0.4290764709675158,0.0
DNS,c2,457,0.285625,8.002393988299602e-10,0.9999999829870966,0.42886961137611923,4096,0,0,1.0,0.0,0.0,0,0.0,0.42886961137611923,0.0
DNS,c2,458,0.28625,8.341615670162567e-10,0.999999982203449,0.4286627911091486,4096,0,0,1.0,0.0,0.0,0,0.0,0.4286627911091486,0.0
DNS,c2,459,0.286875,8.697114354941412e-10,0.9999999813774058,0.42845601199348615,4096,0,0,1.0,0.0,0.0,0,0.0,0.42845601199348615,0.0
DNS,c2,460,0.28750000000000003,8.941595111839746e-10,0.999999980571024,0.4282492758527526,4096,0,0,1.0,0.0,0.0,0,0.0,0.4282492758527526,0.0
DNS,c2,461,0.288125,9.196331846290341e-10,0.9999999799306388,0.4280425845072537,4096,0,0,1.0,0.0,0.0,0,0.0,0.4280425845072537,0.0
DNS,c2,462,0.28875,9.461874420520177e-10,0.9999999792621359,0.42783593977392675,4096,0,0,1.0,0.0,0.0,0,0.0,0.42783593977392675,0.0
DNS,c2,463,0.289375,9.738801439481444e-10,0.999999978563996,0.4276293434662861,4096,0,0,1.0,0.0,0.0,0,0.0,0.4276293434662861,0.0
DNS,c2,464,0.29,1.002772159038356e-09,0.999999977834617,0.4274227973943698,4096,0,0,1.0,0.0,0.0,0,0.0,0.4274227973943698,0.0
DNS,c2,465,0.290625,1.0329275036948455e-09,0.9999999770723093,0.42721630336468425,4096,0,0,1.0,0.0,0.0,0,0.0,0.42721630336468425,0.0
DNS,c2,466,0.29125,1.0644134870301634e-09,0.9999999762752912,0.42700986318015055,4096,0,0,1.0,0.0,0.0,0,0.0,0.42700986318015055,0.0
DNS,c2,467,0.291875,1.0973008618464508e-09,0.9999999754416854,0.4268034786400492,4096,0,0,1.0,0.0,0.0,0,0.0,0.4268034786400492,0.0
DNS,c2,468,0.2925,1.131663981646744e-09,0.9999999745695128,0.4265971515399656,4096,0,0,1.0,0.0,0.0,0,0.0,0.4265971515399656,0.0
DNS,c2,469,0.293125,1.1675809639157636e-09,0.9999999736566887,0.4263908836717344,4096,0,0,1.0,0.0,0.0,0,0.0,0.4263908836717344,0.0
DNS,c2,470,0.29375,1.2051338598831727e-09,0.9999999727010167,0.42618467682338484,4096,0,0,1.0,0.0,0.0,0,0.0,0.42618467682338484,0.0
DNS,c2,471,0.294375,1.2444088309879386e-09,0.999999971700184,0.4259785327790848,4096,0,0,1.0,0.0,0.0,0,0.0,0.4259785327790848,0.0
DNS,c2,472,0.295,1.2854963322681674e-09,0.999999970651755,0.4257724533190854,4096,0,0,1.0,0.0,0.0,0,0.0,0.4257724533190854,0.0
DNS,c2,473,0.295625,1.3284913029066025e-09,0.9999999695531663,0.42556644021966544,4096,0,0,1.0,0.0,0.0,0,0.0,0.42556644021966544,0.0
DNS,c2,474,0.29625,1.373493364167882e-09,0.9999999684017195,0.42536049525307496,4096,0,0,1.0,0.0,0.0,0,0.0,0.42536049525307496,0.0
DNS,c2,475,0.296875,1.4206070249696317e-09,0.9999999671945754,0.4251546201874796,4096,0,0,1.0,0.0,0.0,0,0.0,0.4251546201874796,0.0
DNS,c2,476,0.2975,1.4699418953355366e-09,0.9999999659287474,0.4249488167869046,4096,0,0,1.0,0.0,0.0,0,0.0,0.4249488167869046,0.0
DNS,c2,477,0.29812500000000003,1.521612907984669e-09,0.9999999646010941,0.42474308681117773,4096,0,0,1.0,0.0,0.0,0,0.0,0.42474308681117773,0.0
DNS,c2,478,0.29875,1.5757405483175754e-09,0.9999999632083121,0.4245374320158737,4096,0,0,1.0,0.0,0.0,0,0.0,0.4245374320158737,0.0
DNS,c2,479,0.299375,1.6324510930659034e-09,0.9999999617469284,0.4243318541522568,4096,0,0,1.0,0.0,0.0,0,0.0,0.4243318541522568,0.0
DNS,c2,480,0.3,1.6918768578787179e-09,0.9999999602132928,0.4241263549672251,4096,0,0,1.0,0.0,0.0,0,0.0,0.4241263549672251,0.0
DNS,c2,481,0.30062500000000003,1.7541564541250798e-09,0.9999999586035695,0.4239209362032529,4096,0,0,1.0,0.0,0.0,0,0.0,0.4239209362032529,0.0
DNS,c2,482,0.30125,1.8194350551989544e-09,0.9999999569137282,0.42371559959833416,4096,0,0,1.0,0.0,0.0,0,0.0,0.42371559959833416,0.0
DNS,c2,483,0.301875,1.8878646726190772e-09,0.9999999551395357,0.42351034688592604,4096,0,0,1.0,0.0,0.0,0,0.0,0.42351034688592604,0.0
DNS,c2,484,0.3025,1.9596044422230178e-09,0.999999953276546,0.42330517979489096,4096,0,0,1.0,0.0,0.0,0,0.0,0.42330517979489096,0.0
DNS,c2,485,0.30312500000000003,2.0320557091240007e-09,0.9999999513200916,0.42310010004944,4096,0,0,1.0,0.0,0.0,0,0.0,0.42310010004944,0.0
DNS,c2,486,0.30375,2.0826463368276903e-09,0.9999999493540696,0.42289510936907604,4096,0,0,1.0,0.0,0.0,0,0.0,0.42289510936907604,0.0
DNS,c2,487,0.304375,2.1352402525826744e-09,0.9999999478548877,0.422690209468536,4096,0,0,1.0,0.0,0.0,0,0.0,0.422690209468536,0.0
DNS,c2,488,0.305,2.189939633992721e-09,0.9999999462942964,0.4224854020577339,4096,0,0,1.0,0.0,0.0,0,0.0,0.4224854020577339,0.0
DNS,c2,489,0.305625,2.246851610122341e-09,0.9999999446691596,0.4222806888417033,4096,0,0,1.0,0.0,0.0,0,0.0,0.4222806888417033,0.0
DNS,c2,490,0.30625,2.306088472049033e-09,0.999999942976181,0.4220760715205404,4096,0,0,1.0,0.0,0.0,0,0.0,0.4220760715205404,0.0
DNS,c2,491,0.306875,2.367767891184494e-09,0.9999999412118967,0.4218715517893464,4096,0,0,1.0,0.0,0.0,0,0.0,0.4218715517893464,0.0
DNS,c2,492,0.3075,2.432013145605773e-09,0.9999999393726677,0.42166713133817013,4096,0,0,1.0,0.0,0.0,0,0.0,0.42166713133817013,0.0
DNS,c2,493,0.308125,2.498953354642965e-09,0.9999999374546718,0.4214628118519507,4096,0,0,1.0,0.0,0.0,0,0.0,0.4214628118519507,0.0
DNS,c2,494,0.30875,2.5687237219757356e-09,0.9999999354538948,0.4212585950104605,4096,0,0,1.0,0.0,0.0,0,0.0,0.4212585950104605,0.0
DNS,c2,495,0.309375,2.6414657874967e-09,0.9999999333661226,0.421054482488247,4096,0,0,1.0,0.0,0.0,0,0.0,0.421054482488247,0.0
DNS,c2,496,0.31,2.7173276882054796e-09,0.9999999311869315,0.4208504759545766,4096,0,0,1.0,0.0,0.0,0,0.0,0.4208504759545766,0.0
DNS,c2,497,0.310625,2.7964644284031057e-09,0.9999999289116792,0.4206465770733763,4096,0,0,1.0,0.0,0.0,0,0.0,0.4206465770733763,0.0
DNS,c2,498,0.31125,2.8790381594623343e-09,0.9999999265354947,0.4204427875031771,4096,0,0,1.0,0.0,0.0,0,0.0,0.4204427875031771,0.0
DNS,c2,499,0.311875,2.9652184694553837e-09,0.9999999240532685,0.42023910889705657,4096,0,0,1.0,0.0,0.0,0,0.0,0.42023910889705657,0.0
DNS,c2,500,0.3125,3.055182682926583e-09,0.9999999214596417,0.42003554290258155,4096,0,0,1.0,0.0,0.0,0,0.0,0.42003554290258155,0.0
DNS,c2,501,0.313125,3.1491161711034586e-09,0.9999999187489951,0.41983209116175113,4096,0,0,1.0,0.0,0.0,0,0.0,0.41983209116175113,0.0
DNS,c2,502,0.31375000000000003,3.247212672845837e-09,0.9999999159154381,0.41962875531094024,4096,0,0,1.0,0.0,0.0,0,0.0,0.41962875531094024,0.0
DNS,c2,503,0.314375,3.3496746266386463e-09,0.9999999129527967,0.4194255369808419,4096,0,0,1.0,0.0,0.0,0,0.0,0.4194255369808419,0.0
DNS,c2,504,0.315,3.456713513940225e-09,0.9999999098546009,0.4192224377964107,4096,0,0,1.0,0.0,0.0,0,0.0,0.4192224377964107,0.0
DNS,c2,505,0.315625,3.5685502142040958e-09,0.9999999066140726,0.4190194593768064,4096,0,0,1.0,0.0,0.0,0,0.0,0.4190194593768064,0.0
DNS,c2,506,0.31625000000000003,3.6854153718983453e-09,0.9999999032241118,0.41881660333533693,4096,0,0,1.0,0.0,0.0,0,0.0,0.41881660333533693,0.0
DNS,c2,507,0.316875,3.8075497758529374e-09,0.9999998996772833,0.41861387127940214,4096,0,0,1.0,0.0,0.0,0,0.0,0.41861387127940214,0.0
DNS,c2,508,0.3175,3.9352047512715024e-09,0.9999998959658022,0.41841126481043733,4096,0,0,1.0,0.0,0.0,0,0.0,0.41841126481043733,0.0
DNS,c2,509,0.318125,4.068642564750361e-09,0.9999998920815191,0.41820878552385715,4096,0,0,1.0,0.0,0.0,0,0.0,0.41820878552385715,0.0
DNS,c2,510,0.31875000000000003,4.208136842653767e-09,0.9999998880159051,0.4180064350089996,4096,0,0,1.0,0.0,0.0,0,0.0,0.4180064350089996,0.0
DNS,c2,511,0.319375,4.326367781462992e-09,0.9999998837600358,0.41780421484906993,4096,0,0,1.0,0.0,0.0,0,0.0,0.41780421484906993,0.0
DNS,c2,512,0.32,4.4225001453309265e-09,0.9999998797477629,0.41760212662108526,4096,0,0,1.0,0.0,0.0,0,0.0,0.41760212662108526,0.0
DNS,c2,513,0.320625,4.522265106160697e-09,0.9999998765270406,0.4174001718958188,4096,0,0,1.0,0.0,0.0,0,0.0,0.4174001718958188,0.0
DNS,c2,514,0.32125,4.625839299521489e-09,0.9999998731822449,0.41719835223774454,4096,0,0,1.0,0.0,0.0,0,0.0,0.41719835223774454,0.0
DNS,c2,515,0.321875,4.733407295567685e-09,0.9999998697073642,0.4169966692049823,4096,0,0,1.0,0.0,0.0,0,0.0,0.4169966692049823,0.0
DNS,c2,516,0.3225,4.845161907297757e-09,0.9999998660961004,0.4167951243492427,4096,0,0,1.0,0.0,0.0,0,0.0,0.4167951243492427,0.0
DNS,c2,517,0.323125,4.9613045091032765e-09,0.9999998623418564,0.41659371921577226,4096,0,0,1.0,0.0,0.0,0,0.0,0.41659371921577226,0.0
DNS,c2,518,0.32375,5.082045365890718e-09,0.9999998584377243,0.4163924553432994,4096,0,0,1.0,0.0,0.0,0,0.0,0.4163924553432994,0.0
DNS,c2,519,0.324375,5.207603973064141e-09,0.9999998543764712,0.4161913342639799,4096,0,0,1.0,0.0,0.0,0,0.0,0.4161913342639799,0.0
DNS,c2,520,0.325,5.338209407662273e-09,0.9999998501505263,0.4159903575033429,4096,0,0,1.0,0.0,0.0,0,0.0,0.4159903575033429,0.0
DNS,c2,521,0.325625,5.4741006909489655e-09,0.9999998457519663,0.4157895265802372,4096,0,0,1.0,0.0,0.0,0,0.0,0.4157895265802372,0.0
DNS,c2,522,0.32625,5.615527162761458e-09,0.9999998411725012,0.41558884300677823,4096,0,0,1.0,0.0,0.0,0,0.0,0.41558884300677823,0.0
DNS,c2,523,0.326875,5.762748867926343e-09,0.9999998364034586,0.4153883082882942,4096,0,0,1.0,0.0,0.0,0,0.0,0.4153883082882942,0.0
DNS,c2,524,0.3275,5.9160369550585974e-09,0.9999998314357686,0.4151879239232738,4096,0,0,1.0,0.0,0.0,0,0.0,0.4151879239232738,0.0
DNS,c2,525,0.328125,6.075674088064503e-09,0.9999998262599472,0.4149876914033135,4096,0,0,1.0,0.0,0.0,0,0.0,0.4149876914033135,0.0
DNS,c2,526,0.32875,6.2419548706747584e-09,0.9999998208660791,0.4147876122130649,4096,0,0,1.0,0.0,0.0,0,0.0,0.4147876122130649,0.0
DNS,c2,527,0.32937500000000003,6.415186284339496e-09,0.9999998152438009,0.41458768783018346,4096,0,0,1.0,0.0,0.0,0,0.0,0.41458768783018346,0.0
DNS,c2,528,0.33,6.59568813982239e-09,0.9999998093822826,0.41438791972527644,4096,0,0,1.0,0.0,0.0,0,0.0,0.41438791972527644,0.0
DNS,c2,529,0.330625,6.783793542836429e-09,0.999999803270209,0.41418830936185164,4096,0,0,1.0,0.0,0.0,0,0.0,0.41418830936185164,0.0
DNS,c2,530,0.33125,6.979849374069326e-09,0.9999997968957604,0.41398885819626685,4096,0,0,1.0,0.0,0.0,0,0.0,0.41398885819626685,0.0
DNS,c2,531,0.33187500000000003,7.184216783951897e-09,0.9999997902465925,0.4137895676776786,4096,0,0,1.0,0.0,0.0,0,0.0,0.4137895676776786,0.0
DNS,c2,532,0.3325,7.397271702528068e-09,0.9999997833098156,0.4135904392479929,4096,0,0,1.0,0.0,0.0,0,0.0,0.4135904392479929,0.0
DNS,c2,533,0.333125,7.619405364790452e-09,0.9999997760719738,0.41339147434181456,4096,0,0,1.0,0.0,0.0,0,0.0,0.41339147434181456,0.0
DNS,c2,534,0.33375,7.851024851850682e-09,0.9999997685190217,0.4131926743863983,4096,0,0,1.0,0.0,0.0,0,0.0,0.4131926743863983,0.0
DNS,c2,535,0.33437500000000003,8.092553648318872e-09,0.9999997606363026,0.41299404080159957,4096,0,0,1.0,0.0,0.0,0,0.0,0.41299404080159957,0.0
DNS,c2,536,0.335,8.325460680601102e-09,0.9999997524085243,0.41279557499982583,4096,0,0,1.0,0.0,0.0,0,0.0,0.41279557499982583,0.0
DNS,c2,537,0.335625,8.489154739154019e-09,0.9999997438197349,0.4125972783859884,4096,0,0,1.0,0.0,0.0,0,0.0,0.4125972783859884,0.0
DNS,c2,538,0.33625,8.658746375916268e-09,0.9999997369092453,0.41239915235745495,4096,0,0,1.0,0.0,0.0,0,0.0,0.41239915235745495,0.0
DNS,c2,539,0.336875,8.83451040032827e-09,0.999999730490012,0.41220119830400154,4096,0,0,1.0,0.0,0.0,0,0.0,0.41220119830400154,0.0
DNS,c2,540,0.3375,9.016733132508883e-09,0.9999997238366237,0.41200341760776626,4096,0,0,1.0,0.0,0.0,0,0.0,0.41200341760776626,0.0
DNS,c2,541,0.338125,9.20571281453851e-09,0.9999997169382896,0.41180581164320273,4096,0,0,1.0,0.0,0.0,0,0.0,0.41180581164320273,0.0
DNS,c2,542,0.33875,9.401760034253304e-09,0.9999997097837384,0.41160838177703385,4096,0,0,1.0,0.0,0.0,0,0.0,0.41160838177703385,0.0
DNS,c2,543,0.339375,9.605198161856306e-09,0.9999997023611994,0.41141112936820623,4096,0,0,1.0,0.0,0.0,0,0.0,0.41141112936820623,0.0
DNS,c2,544,0.34,9.816363799656045e-09,0.9999996946583828,0.4112140557678456,4096,0,0,1.0,0.0,0.0,0,0.0,0.4112140557678456,0.0
DNS,c2,545,0.340625,1.0035607245247837e-08,0.9999996866624595,0.4110171623192119,4096,0,0,1.0,0.0,0.0,0,0.0,0.4110171623192119,0.0
DNS,c2,546,0.34125,1.0263292968457618e-08,0.9999996783600408,0.41082045035765513,4096,0,0,1.0,0.0,0.0,0,0.0,0.41082045035765513,0.0
DNS,c2,547,0.341875,1.0499800102372801e-08,0.9999996697371556,0.4106239212105722,4096,0,0,1.0,0.0,0.0,0,0.0,0.4106239212105722,0.0
DNS,c2,548,0.3425,1.0745522948789195e-08,0.9999996607792294,0.41042757619736336,4096,0,0,1.0,0.0,0.0,0,0.0,0.41042757619736336,0.0
DNS,c2,549,0.343125,1.1000871498407524e-08,0.9999996514710605,0.4102314166293902,4096,0,0,1.0,0.0,0.0,0,0.0,0.4102314166293902,0.0
DNS,c2,550,0.34375,1.126627196611762e-08,0.9999996417967962,0.4100354438099333,4096,0,0,1.0,0.0,0.0,0,0.0,0.4100354438099333,0.0
DNS,c2,551,0.344375,1.1542167341712717e-08,0.9999996317399087,0.40983965903415076,4096,0,0,1.0,0.0,0.0,0,0.0,0.40983965903415076,0.0
DNS,c2,552,0.34500000000000003,1.1829017956380682e-08,0.9999996212831692,0.40964406358903777,4096,0,0,1.0,0.0,0.0,0,0.0,0.40964406358903777,0.0
DNS,c2,553,0.345625,1.2127302065323302e-08,0.9999996104086222,0.40944865875338554,4096,0,0,1.0,0.0,0.0,0,0.0,0.40944865875338554,0.0
DNS,c2,554,0.34625,1.2437516446858961e-08,0.9999995990975581,0.409253445797742,4096,0,0,1.0,0.0,0.0,0,0.0,0.409253445797742,0.0
DNS,c2,555,0.346875,1.2760177018368222e-08,0.9999995873304856,0.4090584259843723,4096,0,0,1.0,0.0,0.0,0,0.0,0.4090584259843723,0.0
DNS,c2,556,0.34750000000000003,1.3095819469445865e-08,0.9999995750871027,0.4088636005672206,4096,0,0,1.0,0.0,0.0,0,0.0,0.4088636005672206,0.0
DNS,c2,557,0.348125,1.3444999912626959e-08,0.9999995623462672,0.40866897079187126,4096,0,0,1.0,0.0,0.0,0,0.0,0.40866897079187126,0.0
DNS,c2,558,0.34875,1.380829555205842e-08,0.999999549085966,0.40847453789551214,4096,0,0,1.0,0.0,0.0,0,0.0,0.40847453789551214,0.0
DNS,c2,559,0.349375,1.41863053704913e-08,0.9999995352832837,0.40828030310689717,4096,0,0,1.0,0.0,0.0,0,0.0,0.40828030310689717,0.0
DNS,c2,560,0.35000000000000003,1.4579650834972768e-08,0.9999995209143698,0.40808626764631034,4096,0,0,1.0,0.0,0.0,0,0.0,0.40808626764631034,0.0
DNS,c2,561,0.350625,1.4970306738683764e-08,0.9999995059544058,0.40789243272552983,4096,0,0,1.0,0.0,0.0,0,0.0,0.40789243272552983,0.0
DNS,c2,562,0.35125,1.5232121306910225e-08,0.9999994903775696,0.40769879954779326,4096,0,0,1.0,0.0,0.0,0,0.0,0.40769879954779326,0.0
DNS,c2,563,0.351875,1.5503010980848046e-08,0.9999994759070548,0.407505369307763,4096,0,0,1.0,0.0,0.0,0,0.0,0.407505369307763,0.0
DNS,c2,564,0.3525,1.578338163545356e-08,0.9999994643249781,0.4073121431914925,4096,0,0,1.0,0.0,0.0,0,0.0,0.4073121431914925,0.0
DNS,c2,565,0.353125,1.6073654999929377e-08,0.9999994523443425,0.40711912237639314,4096,0,0,1.0,0.0,0.0,0,0.0,0.40711912237639314,0.0
DNS,c2,566,0.35375,1.637426917942301e-08,0.9999994399476143,0.4069263080312016,4096,0,0,1.0,0.0,0.0,0,0.0,0.4069263080312016,0.0
DNS,c2,567,0.354375,1.6685679191207234e-08,0.9999994271165255,0.4067337013159483,4096,0,0,1.0,0.0,0.0,0,0.0,0.4067337013159483,0.0
DNS,c2,568,0.355,1.7008357515655805e-08,0.999999413832047,0.40654130338192573,4096,0,0,1.0,0.0,0.0,0,0.0,0.40654130338192573,0.0
DNS,c2,569,0.355625,1.734279466233177e-08,0.9999994000743613,0.4063491153716584,4096,0,0,1.0,0.0,0.0,0,0.0,0.4063491153716584,0.0
DNS,c2,570,0.35625,1.76894997515091e-08,0.9999993858228334,0.4061571384188725,4096,0,0,1.0,0.0,0.0,0,0.0,0.4061571384188725,0.0
DNS,c2,571,0.356875,1.8049001111451902e-08,0.9999993710559821,0.40596537364846713,4096,0,0,1.0,0.0,0.0,0,0.0,0.40596537364846713,0.0
DNS,c2,572,0.3575,1.8421846891778884e-08,0.999999355751449,0.4057738221764855,4096,0,0,1.0,0.0,0.0,0,0.0,0.4057738221764855,0.0
DNS,c2,573,0.358125,1.8808605693243944e-08,0.9999993398859679,0.40558248511008715,4096,0,0,1.0,0.0,0.0,0,0.0,0.40558248511008715,0.0
DNS,c2,574,0.35875,1.920986721426714e-08,0.999999323435332,0.40539136354752076,4096,0,0,1.0,0.0,0.0,0,0.0,0.40539136354752076,0.0
DNS,c2,575,0.359375,1.9626242914553286e-08,0.9999993063743615,0.40520045857809783,4096,0,0,1.0,0.0,0.0,0,0.0,0.40520045857809783,0.0
DNS,c2,576,0.36,2.0058366696138542e-08,0.9999992886768689,0.4050097712821667,4096,0,0,1.0,0.0,0.0,0,0.0,0.4050097712821667,0.0
DNS,c2,577,0.36062500000000003,2.0506895602208264e-08,0.9999992703156243,0.4048193027310877,4096,0,0,1.0,0.0,0.0,0,0.0,0.4048193027310877,0.0
DNS,c2,578,0.36125,2.09725105340322e-08,0.9999992512623187,0.4046290539872085,4096,0,0,1.0,0.0,0.0,0,0.0,0.4046290539872085,0.0
DNS,c2,579,0.361875,2.1455916986365814e-08,0.9999992314875275,0.40443902610384097,4096,0,0,1.0,0.0,0.0,0,0.0,0.40443902610384097,0.0
DNS,c2,580,0.3625,2.1957845801669182e-08,0.9999992109606713,0.4042492201252375,4096,0,0,1.0,0.0,0.0,0,0.0,0.4042492201252375,0.0
DNS,c2,581,0.36312500000000003,2.247905394349723e-08,0.9999991896499776,0.4040596370865696,4096,0,0,1.0,0.0,0.0,0,0.0,0.4040596370865696,0.0
DNS,c2,582,0.36375,2.302032528941758e-08,0.999999167522439,0.40387027801390574,4096,0,0,1.0,0.0,0.0,0,0.0,0.40387027801390574,0.0
DNS,c2,583,0.364375,2.358247144381431e-08,0.9999991445437724,0.4036811439241908,4096,0,0,1.0,0.0,0.0,0,0.0,0.4036811439241908,0.0
DNS,c2,584,0.365,2.416633257093814e-08,0.9999991206783756,0.4034922358252263,4096,0,0,1.0,0.0,0.0,0,0.0,0.4034922358252263,0.0
DNS,c2,585,0.36562500000000003,2.4772778248565327e-08,0.9999990958892834,0.4033035547156507,4096,0,0,1.0,0.0,0.0,0,0.0,0.4033035547156507,0.0
DNS,c2,586,0.36625,2.5345227291414263e-08,0.9999990701381222,0.4031151015849208,4096,0,0,1.0,0.0,0.0,0,0.0,0.4031151015849208,0.0
DNS,c2,587,0.366875,2.5741365974806755e-08,0.9999990433850632,0.40292687741329447,4096,0,0,1.0,0.0,0.0,0,0.0,0.40292687741329447,0.0
DNS,c2,588,0.3675,2.6150820142491955e-08,0.9999990164366476,0.4027388831718126,4096,0,0,1.0,0.0,0.0,0,0.0,0.4027388831718126,0.0
DNS,c2,589,0.368125,2.657416179566191e-08,0.9999989966503752,0.4025511198222836,4096,0,0,1.0,0.0,0.0,0,0.0,0.4025511198222836,0.0
DNS,c2,590,0.36875,2.7011983777003848e-08,0.9999989762186344,0.4023635883172674,4096,0,0,1.0,0.0,0.0,0,0.0,0.4023635883172674,0.0
DNS,c2,591,0.369375,2.7464900403195656e-08,0.999998955114256,0.40217628960006047,4096,0,0,1.0,0.0,0.0,0,0.0,0.40217628960006047,0.0
DNS,c2,592,0.37,2.7933548113440064e-08,0.9999989333089994,0.40198922460468206,4096,0,0,1.0,0.0,0.0,0,0.0,0.40198922460468206,0.0
DNS,c2,593,0.370625,2.8418586134342954e-08,0.9999989107735168,0.40180239425586023,4096,0,0,1.0,0.0,0.0,0,0.0,0.40180239425586023,0.0
DNS,c2,594,0.37125,2.8920697161443577e-08,0.9999988874773155,0.4016157994690199,4096,0,0,1.0,0.0,0.0,0,0.0,0.4016157994690199,0.0
DNS,c2,595,0.371875,2.9440588057706535e-08,0.9999988633887195,0.4014294411502705,4096,0,0,1.0,0.0,0.0,0,0.0,0.4014294411502705,0.0
DNS,c2,596,0.3725,2.997899056928755e-08,0.9999988384748298,0.401243320196395,4096,0,0,1.0,0.0,0.0,0,0.0,0.401243320196395,0.0
DNS,c2,597,0.373125,3.0536662058886944e-08,0.9999988127014842,0.40105743749483963,4096,0,0,1.0,0.0,0.0,0,0.0,0.40105743749483963,0.0
DNS,c2,598,0.37375,3.111438625700661e-08,0.9999987860332146,0.400871793923704,4096,0,0,1.0,0.0,0.0,0,0.0,0.400871793923704,0.0
DNS,c2,599,0.374375,3.171297403142795e-08,0.9999987584332047,0.40068639035173254,4096,0,0,1.0,0.0,0.0,0,0.0,0.40068639035173254,0.0
DNS,c2,600,0.375,3.2333264175229855e-08,0.999998729863246,0.4005012276383061,4096,0,0,1.0,0.0,0.0,0,0.0,0.4005012276383061,0.0
DNS,c2,601,0.375625,3.297612421366722e-08,0.9999987002836916,0.40031630663343487,4096,0,0,1.0,0.0,0.0,0,0.0,0.40031630663343487,0.0
DNS,c2,602,0.37625000000000003,3.3642451230231886e-08,0.9999986696534104,0.40013162817775183,4096,0,0,1.0,0.0,0.0,0,0.0,0.40013162817775183,0.0
DNS,c2,603,0.376875,3.43331727122189e-08,0.9999986379297388,0.39994719310250637,4096,0,0,1.0,0.0,0.0,0,0.0,0.39994719310250637,0.0
DNS,c2,604,0.3775,3.504924741612223e-08,0.9999986050684315,0.39976300222955985,4096,0,0,1.0,0.0,0.0,0,0.0,0.39976300222955985,0.0
DNS,c2,605,0.378125,3.5791666253184646e-08,0.9999985710236113,0.399579056371381,4096,0,0,1.0,0.0,0.0,0,0.0,0.399579056371381,0.0
DNS,c2,606,0.37875000000000003,3.6561453195427555e-08,0.9999985357477171,0.3993953563310425,4096,0,0,1.0,0.0,0.0,0,0.0,0.3993953563310425,0.0
DNS,c2,607,0.379375,3.735966620248667e-08,0.9999984991914508,0.39921190290221764,4096,0,0,1.0,0.0,0.0,0,0.0,0.39921190290221764,0.0
DNS,c2,608,0.38,3.818739816958022e-08,0.9999984613037224,0.3990286968691791,4096,0,0,1.0,0.0,0.0,0,0.0,0.3990286968691791,0.0
DNS,c2,609,0.380625,3.904577789693625e-08,0.9999984220315945,0.3988457390067969,4096,0,0,1.0,0.0,0.0,0,0.0,0.3988457390067969,0.0
DNS,c2,610,0.38125000000000003,3.993597108100572e-08,0.9999983813202246,0.3986630300805382,4096,0,0,1.0,0.0,0.0,0,0.0,0.3986630300805382,0.0
DNS,c2,611,0.381875,4.0673150059244414e-08,0.9999983391128058,0.3984805708464676,4096,0,0,1.0,0.0,0.0,0,0.0,0.3984805708464676,0.0
DNS,c2,612,0.3825,4.124366430078995e-08,0.999998295350507,0.3982983620512476,4096,0,0,1.0,0.0,0.0,0,0.0,0.3982983620512476,0.0
DNS,c2,613,0.383125,4.183290078241794e-08,0.9999982499724107,0.3981164044321408,4096,0,0,1.0,0.0,0.0,0,0.0,0.3981164044321408,0.0
DNS,c2,614,0.38375000000000004,4.2441632153775204e-08,0.9999982171436758,0.397934698717012,4096,0,0,1.0,0.0,0.0,0,0.0,0.397934698717012,0.0
DNS,c2,615,0.384375,4.307065733396862e-08,0.9999981839413707,0.39775324562433173,4096,0,0,1.0,0.0,0.0,0,0.0,0.39775324562433173,0.0
DNS,c2,616,0.385,4.372080224787616e-08,0.9999981496988926,0.3975720458631795,4096,0,0,1.0,0.0,0.0,0,0.0,0.3975720458631795,0.0
DNS,c2,617,0.385625,4.439292057952472e-08,0.9999981143744027,0.3973911001332493,4096,0,0,1.0,0.0,0.0,0,0.0,0.3973911001332493,0.0
DNS,c2,618,0.38625,4.508789454281759e-08,0.9999980779245163,0.3972104091248542,4096,0,0,1.0,0.0,0.0,0,0.0,0.3972104091248542,0.0
DNS,c2,619,0.386875,4.5806635669894867e-08,0.9999980403042539,0.3970299735189331,4096,0,0,1.0,0.0,0.0,0,0.0,0.3970299735189331,0.0
DNS,c2,620,0.3875,4.655008561741127e-08,0.9999980014669906,0.3968497939870571,4096,0,0,1.0,0.0,0.0,0,0.0,0.3968497939870571,0.0
DNS,c2,621,0.388125,4.731921699101599e-08,0.999997961364406,0.3966698711914375,4096,0,0,1.0,0.0,0.0,0,0.0,0.3966698711914375,0.0
DNS,c2,622,0.38875,4.811503418831994e-08,0.9999979199464307,0.3964902057849335,4096,0,0,1.0,0.0,0.0,0,0.0,0.3964902057849335,0.0
DNS,c2,623,0.389375,4.893857426063576e-08,0.9999978771611933,0.3963107984110618,4096,0,0,1.0,0.0,0.0,0,0.0,0.3963107984110618,0.0
DNS,c2,624,0.39,4.9790907793776484e-08,0.9999978329549641,0.3961316497040062,4096,0,0,1.0,0.0,0.0,0,0.0,0.3961316497040062,0.0
DNS,c2,625,0.390625,5.0673139808198255e-08,0.9999977872720996,0.3959527602886279,4096,0,0,1.0,0.0,0.0,0,0.0,0.3959527602886279,0.0
DNS,c2,626,0.39125,5.158641067877271e-08,0.9999977400549837,0.39577413078047646,4096,0,0,1.0,0.0,0.0,0,0.0,0.39577413078047646,0.0
DNS,c2,627,0.39187500000000003,5.253189707447413e-08,0.9999976912439681,0.39559576178580236,4096,0,0,1.0,0.0,0.0,0,0.0,0.39559576178580236,0.0
DNS,c2,628,0.3925,5.351081291826588e-08,0.999997640777312,0.3954176539015688,4096,0,0,1.0,0.0,0.0,0,0.0,0.3954176539015688,0.0
DNS,c2,629,0.393125,5.4524410367470227e-08,0.9999975885911189,0.39523980771546535,4096,0,0,1.0,0.0,0.0,0,0.0,0.39523980771546535,0.0
DNS,c2,630,0.39375,5.557398081490447e-08,0.9999975346192727,0.39506222380592176,4096,0,0,1.0,0.0,0.0,0,0.0,0.39506222380592176,0.0
DNS,c2,631,0.39437500000000003,5.666085591106547e-08,0.9999974787933724,0.39488490274212285,4096,0,0,1.0,0.0,0.0,0,0.0,0.39488490274212285,0.0
DNS,c2,632,0.395,5.778640860764342e-08,0.9999974210426649,0.39470784508402357,4096,0,0,1.0,0.0,0.0,0,0.0,0.39470784508402357,0.0
DNS,c2,633,0.395625,5.895205422264418e-08,0.9999973612939755,0.39453105138236505,4096,0,0,1.0,0.0,0.0,0,0.0,0.39453105138236505,0.0
DNS,c2,634,0.39625,6.015925152739802e-08,0.9999972994716387,0.39435452217869127,4096,0,0,1.0,0.0,0.0,0,0.0,0.39435452217869127,0.0
DNS,c2,635,0.39687500000000003,6.140950385573075e-08,0.9999972354974249,0.39417825800536654,4096,0,0,1.0,0.0,0.0,0,0.0,0.39417825800536654,0.0
DNS,c2,636,0.3975,6.223225881853273e-08,0.9999971692904672,0.3940022593855936,4096,0,0,1.0,0.0,0.0,0,0.0,0.3940022593855936,0.0
DNS,c2,637,0.398125,6.301849296107246e-08,0.9999971007671857,0.3938265268334316,4096,0,0,1.0,0.0,0.0,0,0.0,0.3938265268334316,0.0
DNS,c2,638,0.39875,6.383005909096108e-08,0.9999970298412105,0.3936510608538165,4096,0,0,1.0,0.0,0.0,0,0.0,0.3936510608538165,0.0
DNS,c2,639,0.39937500000000004,6.466796148018773e-08,0.9999969770686238,0.3934758619425802,4096,0,0,1.0,0.0,0.0,0,0.0,0.3934758619425802,0.0
DNS,c2,640,0.4,6.553323627821433e-08,0.9999969253833557,0.39330093058647136,4096,0,0,1.0,0.0,0.0,0,0.0,0.39330093058647136,0.0
DNS,c2,641,0.400625,6.64269523383499e-08,0.9999968721524863,0.3931262672631771,4096,0,0,1.0,0.0,0.0,0,0.0,0.3931262672631771,0.0
DNS,c2,642,0.40125,6.735021206163425e-08,0.9999968173163671,0.3929518724413441,4096,0,0,1.0,0.0,0.0,0,0.0,0.3929518724413441,0.0
DNS,c2,643,0.401875,6.830415225847881e-08,0.9999967608132692,0.3927777465806019,4096,0,0,1.0,0.0,0.0,0,0.0,0.3927777465806019,0.0
DNS,c2,644,0.4025,6.928994502831224e-08,0.9999967025793219,0.3926038901315853,4096,0,0,1.0,0.0,0.0,0,0.0,0.3926038901315853,0.0
DNS,c2,645,0.403125,7.030879865747728e-08,0.9999966425484514,0.3924303035359589,4096,0,0,1.0,0.0,0.0,0,0.0,0.3924303035359589,0.0
DNS,c2,646,0.40375,7.136195853562469e-08,0.9999965806523159,0.39225698722644053,4096,0,0,1.0,0.0,0.0,0,0.0,0.39225698722644053,0.0
DNS,c2,647,0.404375,7.245070809084901e-08,0.99999651682024,0.39208394162682714,4096,0,0,1.0,0.0,0.0,0,0.0,0.39208394162682714,0.0
DNS,c2,648,0.405,7.357636974380962e-08,0.9999964509791487,0.3919111671520196,4096,0,0,1.0,0.0,0.0,0,0.0,0.3919111671520196,0.0
DNS,c2,649,0.405625,7.474030588107932e-08,0.9999963830534977,0.3917386642080494,4096,0,0,1.0,0.0,0.0,0,0.0,0.3917386642080494,0.0
DNS,c2,650,0.40625,7.594391984796104e-08,0.999996312965204,0.39156643319210493,4096,0,0,1.0,0.0,0.0,0,0.0,0.39156643319210493,0.0
DNS,c2,651,0.406875,7.718865696101157e-08,0.9999962406335738,0.39139447449255893,4096,0,0,1.0,0.0,0.0,0,0.0,0.39139447449255893,0.0
DNS,c2,652,0.40750000000000003,7.847600554050938e-08,0.9999961659752294,0.3912227884889965,4096,0,0,1.0,0.0,0.0,0,0.0,0.3912227884889965,0.0
DNS,c2,653,0.408125,7.980749796310145e-08,0.9999960889040338,0.39105137555224345,4096,0,0,1.0,0.0,0.0,0,0.0,0.39105137555224345,0.0
DNS,c2,654,0.40875,8.118471173486185e-08,0.9999960093310136,0.39088023604439487,4096,0,0,1.0,0.0,0.0,0,0.0,0.39088023604439487,0.0
DNS,c2,655,0.409375,8.260927058499241e-08,0.9999959271642814,0.3907093703188457,4096,0,0,1.0,0.0,0.0,0,0.0,0.3907093703188457,0.0
DNS,c2,656,0.41000000000000003,8.4082845580393e-08,0.9999958423089547,0.3905387787203194,4096,0,0,1.0,0.0,0.0,0,0.0,0.3905387787203194,0.0
DNS,c2,657,0.410625,8.56071562613264e-08,0.9999957546670741,0.39036846158489963,4096,0,0,1.0,0.0,0.0,0,0.0,0.39036846158489963,0.0
DNS,c2,658,0.41125,8.718397179839937e-08,0.99999566413752,0.39019841924006105,4096,0,0,1.0,0.0,0.0,0,0.0,0.39019841924006105,0.0
DNS,c2,659,0.411875,8.881511217107875e-08,0.9999955706159258,0.3900286520047009,4096,0,0,1.0,0.0,0.0,0,0.0,0.3900286520047009,0.0
DNS,c2,660,0.41250000000000003,9.024634065403567e-08,0.9999954739945915,0.38985916018917105,4096,0,0,1.0,0.0,0.0,0,0.0,0.38985916018917105,0.0
DNS,c2,661,0.413125,9.125600675509634e-08,0.9999953741623938,0.3896899440953111,4096,0,0,1.0,0.0,0.0,0,0.0,0.3896899440953111,0.0
DNS,c2,662,0.41375,9.229754885864259e-08,0.9999952710046945,0.3895210040164811,4096,0,0,1.0,0.0,0.0,0,0.0,0.3895210040164811,0.0
DNS,c2,663,0.414375,9.337219089501973e-08,0.9999951644032479,0.38935234023759524,4096,0,0,1.0,0.0,0.0,0,0.0,0.38935234023759524,0.0
DNS,c2,664,0.41500000000000004,9.448119329120974e-08,0.9999950839746521,0.38918395303515646,4096,0,0,1.0,0.0,0.0,0,0.0,0.38918395303515646,0.0
DNS,c2,665,0.415625,9.562585385093316e-08,0.9999950065464394,0.38901584267729034,4096,0,0,1.0,0.0,0.0,0,0.0,0.38901584267729034,0.0
DNS,c2,666,0.41625,9.680750865191122e-08,0.9999949269029756,0.3888480094237809,4096,0,0,1.0,0.0,0.0,0,0.0,0.3888480094237809,0.0
DNS,c2,667,0.416875,9.802753296049458e-08,0.999994844962126,0.3886804535261055,4096,0,0,1.0,0.0,0.0,0,0.0,0.3886804535261055,0.0
DNS,c2,668,0.4175,9.92873421638635e-08,0.9999947606390487,0.3885131752274713,4096,0,0,1.0,0.0,0.0,0,0.0,0.3885131752274713,0.0
DNS,c2,669,0.418125,1.0058839272000246e-07,0.9999946738461212,0.3883461747628515,4096,0,0,1.0,0.0,0.0,0,0.0,0.3883461747628515,0.0
DNS,c2,670,0.41875,1.0193218312564992e-07,0.9999945844928646,0.3881794523590222,4096,0,0,1.0,0.0,0.0,0,0.0,0.3881794523590222,0.0
DNS,c2,671,0.419375,1.0332025490242206e-07,0.9999944924858664,0.3880130082345998,4096,0,0,1.0,0.0,0.0,0,0.0,0.3880130082345998,0.0
DNS,c2,672,0.42,1.047541936013067e-07,0.9999943977287008,0.38784684260007846,4096,0,0,1.0,0.0,0.0,0,0.0,0.38784684260007846,0.0
DNS,c2,673,0.420625,1.0623562982572136e-07,0.999994300121849,0.38768095565786864,4096,0,0,1.0,0.0,0.0,0,0.0,0.38768095565786864,0.0
DNS,c2,674,0.42125,1.0776624027332645e-07,0.9999941995626159,0.3875153476023356,4096,0,0,1.0,0.0,0.0,0,0.0,0.3875153476023356,0.0
DNS,c2,675,0.421875,1.0934774879678192e-07,0.9999940959450466,0.38735001861983753,4096,0,0,1.0,0.0,0.0,0,0.0,0.38735001861983753,0.0
DNS,c2,676,0.4225,1.1098192748363253e-07,0.9999939891598397,0.3871849688887663,4096,0,0,1.0,0.0,0.0,0,0.0,0.3871849688887663,0.0
DNS,c2,677,0.42312500000000003,1.1267059775550386e-07,0.99999387909426,0.3870201985795857,4096,0,0,1.0,0.0,0.0,0,0.0,0.3870201985795857,0.0
DNS,c2,678,0.42375,1.1441563148678751e-07,0.9999937656320487,0.38685570785487267,4096,0,0,1.0,0.0,0.0,0,0.0,0.38685570785487267,0.0
DNS,c2,679,0.424375,1.1621895214299056e-07,0.999993648653332,0.3866914968693571,4096,0,0,1.0,0.0,0.0,0,0.0,0.3866914968693571,0.0
DNS,c2,680,0.425,1.1808253593892057e-07,0.9999935280345278,0.38652756576996283,4096,0,0,1.0,0.0,0.0,0,0.0,0.38652756576996283,0.0
DNS,c2,681,0.42562500000000003,1.200084130168734e-07,0.9999934036482503,0.3863639146958488,4096,0,0,1.0,0.0,0.0,0,0.0,0.3863639146958488,0.0
DNS,c2,682,0.42625,1.2199866864498684e-07,0.9999932753632129,0.3862005437784505,4096,0,0,1.0,0.0,0.0,0,0.0,0.3862005437784505,0.0
DNS,c2,683,0.426875,1.2405544443591908e-07,0.9999931430441291,0.38603745314152177,4096,0,0,1.0,0.0,0.0,0,0.0,0.38603745314152177,0.0
DNS,c2,684,0.4275,1.2618093958600593e-07,0.9999930065516115,0.38587464290117734,4096,0,0,1.0,0.0,0.0,0,0.0,0.38587464290117734,0.0
DNS,c2,685,0.42812500000000003,1.2753980598291482e-07,0.9999928657420684,0.3857121131659345,4096,0,0,1.0,0.0,0.0,0,0.0,0.3857121131659345,0.0
DNS,c2,686,0.42875,1.2883086903683953e-07,0.9999927204675988,0.38554986403675673,4096,0,0,1.0,0.0,0.0,0,0.0,0.38554986403675673,0.0
DNS,c2,687,0.429375,1.301623351245213e-07,0.9999925705758854,0.38538789560709613,4096,0,0,1.0,0.0,0.0,0,0.0,0.38538789560709613,0.0
DNS,c2,688,0.43,1.31535694989068e-07,0.9999924159100855,0.38522620796293733,4096,0,0,1.0,0.0,0.0,0,0.0,0.38522620796293733,0.0
DNS,c2,689,0.43062500000000004,1.3295248092690398e-07,0.9999922975023835,0.38506480118284064,4096,0,0,1.0,0.0,0.0,0,0.0,0.38506480118284064,0.0
DNS,c2,690,0.43125,1.344142677166103e-07,0.9999921854272699,0.38490367533798636,4096,0,0,1.0,0.0,0.0,0,0.0,0.38490367533798636,0.0
DNS,c2,691,0.431875,1.3592267356429393e-07,0.9999920702793808,0.384742830492219,4096,0,0,1.0,0.0,0.0,0,0.0,0.384742830492219,0.0
DNS,c2,692,0.4325,1.3747936106564587e-07,0.9999919519491268,0.3845822667020913,4096,0,0,1.0,0.0,0.0,0,0.0,0.3845822667020913,0.0
DNS,c2,693,0.433125,1.3908603818484502e-07,0.9999918303235018,0.3844219840169094,4096,0,0,1.0,0.0,0.0,0,0.0,0.3844219840169094,0.0
DNS,c2,694,0.43375,1.4074445925046166e-07,0.9999917052859951,0.38426198247877774,4096,0,0,1.0,0.0,0.0,0,0.0,0.38426198247877774,0.0
DNS,c2,695,0.434375,1.424564259685114e-07,0.999991576716503,0.3841022621226441,4096,0,0,1.0,0.0,0.0,0,0.0,0.3841022621226441,0.0
DNS,c2,696,0.435,1.4422378845280714e-07,0.9999914444912373,0.3839428229763451,4096,0,0,1.0,0.0,0.0,0,0.0,0.3839428229763451,0.0
DNS,c2,697,0.435625,1.4604844627275323e-07,0.9999913084826333,0.38378366506065176,4096,0,0,1.0,0.0,0.0,0,0.0,0.38378366506065176,0.0
DNS,c2,698,0.43625,1.4793234951872216e-07,0.9999911685592546,0.3836247883893158,4096,0,0,1.0,0.0,0.0,0,0.0,0.3836247883893158,0.0
DNS,c2,699,0.436875,1.4987749988515062e-07,0.9999910245856974,0.3834661929691151,4096,0,0,1.0,0.0,0.0,0,0.0,0.3834661929691151,0.0
DNS,c2,700,0.4375,1.5188595177148785e-07,0.9999908764224917,0.38330787879990025,4096,0,0,1.0,0.0,0.0,0,0.0,0.38330787879990025,0.0
DNS,c2,701,0.438125,1.5395981340112473e-07,0.9999907239260016,0.3831498458746412,4096,0,0,1.0,0.0,0.0,0,0.0,0.3831498458746412,0.0
DNS,c2,702,0.43875000000000003,1.561012479584283e-07,0.999990566948323,0.38299209417947355,4096,0,0,1.0,0.0,0.0,0,0.0,0.38299209417947355,0.0
DNS,c2,703,0.439375,1.5831247474400152e-07,0.9999904053371795,0.3828346236937456,4096,0,0,1.0,0.0,0.0,0,0.0,0.3828346236937456,0.0
DNS,c2,704,0.44,1.6059577034828375e-07,0.9999902389358168,0.38267743439006524,4096,0,0,1.0,0.0,0.0,0,0.0,0.38267743439006524,0.0
DNS,c2,705,0.440625,1.629534698436024e-07,0.9999900675828947,0.3825205262343472,4096,0,0,1.0,0.0,0.0,0,0.0,0.3825205262343472,0.0
DNS,c2,706,0.44125000000000003,1.653879679947814e-07,0.9999898911123765,0.38236389918586006,4096,0,0,1.0,0.0,0.0,0,0.0,0.38236389918586006,0.0
DNS,c2,707,0.441875,1.679017204884068e-07,0.9999897093534179,0.38220755319727423,4096,0,0,1.0,0.0,0.0,0,0.0,0.38220755319727423,0.0
DNS,c2,708,0.4425,1.7049724518084475e-07,0.9999895221302526,0.38205148821470897,4096,0,0,1.0,0.0,0.0,0,0.0,0.38205148821470897,0.0
DNS,c2,709,0.443125,1.726575294993243e-07,0.999989329262076,0.3818957041777802,4096,0,0,1.0,0.0,0.0,0,0.0,0.3818957041777802,0.0
DNS,c2,710,0.44375000000000003,1.7420777119859641e-07,0.9999891305629272,0.3817402010196488,4096,0,0,1.0,0.0,0.0,0,0.0,0.3817402010196488,0.0
DNS,c2,711,0.444375,1.7580602839455078e-07,0.9999889258415687,0.3815849786670679,4096,0,0,1.0,0.0,0.0,0,0.0,0.3815849786670679,0.0
DNS,c2,712,0.445,1.7745401955366574e-07,0.9999887149013642,0.3814300370404315,4096,0,0,1.0,0.0,0.0,0,0.0,0.3814300370404315,0.0
DNS,c2,713,0.445625,1.7915350819150209e-07,0.9999884975401535,0.381275376053822,4096,0,0,1.0,0.0,0.0,0,0.0,0.381275376053822,0.0
DNS,c2,714,0.44625000000000004,1.8090630381099247e-07,0.9999883263713779,0.38112099561505913,4096,0,0,1.0,0.0,0.0,0,0.0,0.38112099561505913,0.0
DNS,c2,715,0.446875,1.8271426285606658e-07,0.9999881690724962,0.38096689562574776,4096,0,0,1.0,0.0,0.0,0,0.0,0.38096689562574776,0.0
DNS,c2,716,0.4475,1.8457928968072646e-07,0.9999880076365419,0.3808130759813266,4096,0,0,1.0,0.0,0.0,0,0.0,0.3808130759813266,0.0
DNS,c2,717,0.448125,1.8650333753368403e-07,0.9999878419214183,0.38065953657111645,4096,0,0,1.0,0.0,0.0,0,0.0,0.38065953657111645,0.0
DNS,c2,718,0.44875,1.8848840955866838e-07,0.9999876717808309,0.38050627727836894,4096,0,0,1.0,0.0,0.0,0,0.0,0.38050627727836894,0.0
DNS,c2,719,0.449375,1.9053655981050706e-07,0.9999874970641875,0.38035329798031514,4096,0,0,1.0,0.0,0.0,0,0.0,0.38035329798031514,0.0
DNS,c2,720,0.45,1.926498942870815e-07,0.9999873176164958,0.38020059854821386,4096,0,0,1.0,0.0,0.0,0,0.0,0.38020059854821386,0.0
DNS,c2,721,0.450625,1.9483057197725252e-07,0.9999871332782596,0.38004817884740105,4096,0,0,1.0,0.0,0.0,0,0.0,0.38004817884740105,0.0
DNS,c2,722,0.45125,1.9708080592484782e-07,0.9999869438853727,0.37989603873733757,4096,0,0,1.0,0.0,0.0,0,0.0,0.37989603873733757,0.0
DNS,c2,723,0.451875,1.9940286430879876e-07,0.9999867492690111,0.379744178071659,4096,0,0,1.0,0.0,0.0,0,0.0,0.379744178071659,0.0
DNS,c2,724,0.4525,2.0179907153950947e-07,0.9999865492555233,0.3795925966982234,4096,0,0,1.0,0.0,0.0,0,0.0,0.3795925966982234,0.0
DNS,c2,725,0.453125,2.042718093715361e-07,0.9999863436663187,0.37944129445916114,4096,0,0,1.0,0.0,0.0,0,0.0,0.37944129445916114,0.0
DNS,c2,726,0.45375,2.0682351803264992e-07,0.9999861323177536,0.37929027119092273,4096,0,0,1.0,0.0,0.0,0,0.0,0.37929027119092273,0.0
DNS,c2,727,0.45437500000000003,2.0945669736935198e-07,0.999985915021016,0.3791395267243284,4096,0,0,1.0,0.0,0.0,0,0.0,0.3791395267243284,0.0
DNS,c2,728,0.455,2.1217390800890305e-07,0.9999856915820075,0.3789890608846165,4096,0,0,1.0,0.0,0.0,0,0.0,0.3789890608846165,0.0
DNS,c2,729,0.455625,2.1497777253792585e-07,0.9999854618012237,0.3788388734914925,4096,0,0,1.0,0.0,0.0,0,0.0,0.3788388734914925,0.0
DNS,c2,730,0.45625,2.178709766976324e-07,0.9999852254736328,0.37868896435917765,4096,0,0,1.0,0.0,0.0,0,0.0,0.37868896435917765,0.0
DNS,c2,731,0.45687500000000003,2.2085627059572264e-07,0.9999849823885512,0.3785393332964579,4096,0,0,1.0,0.0,0.0,0,0.0,0.3785393332964579,0.0
DNS,c2,732,0.4575,2.2393646993499518e-07,0.9999847323295182,0.37838998010673247,4096,0,0,1.0,0.0,0.0,0,0.0,0.37838998010673247,0.0
DNS,c2,733,0.458125,2.2711445725870493e-07,0.9999844750741678,0.3782409045880627,4096,0,0,1.0,0.0,0.0,0,0.0,0.3782409045880627,0.0
DNS,c2,734,0.45875,2.289421030544067e-07,0.9999842103940982,0.3780921065332208,4096,0,0,1.0,0.0,0.0,0,0.0,0.3780921065332208,0.0
DNS,c2,735,0.45937500000000003,2.3080543839846133e-07,0.9999839380547406,0.3779435857297383,4096,0,0,1.0,0.0,0.0,0,0.0,0.3779435857297383,0.0
DNS,c2,736,0.46,2.3272638411574444e-07,0.9999836578152238,0.3777953419599545,4096,0,0,1.0,0.0,0.0,0,0.0,0.3777953419599545,0.0
DNS,c2,737,0.460625,2.347069230327938e-07,0.9999833694282384,0.3776473750010656,4096,0,0,1.0,0.0,0.0,0,0.0,0.3776473750010656,0.0
DNS,c2,738,0.46125,2.367490866354441e-07,0.9999830726398978,0.37749968462517247,4096,0,0,1.0,0.0,0.0,0,0.0,0.37749968462517247,0.0
DNS,c2,739,0.46187500000000004,2.388549560094827e-07,0.9999828264210984,0.37735227059932935,4096,0,0,1.0,0.0,0.0,0,0.0,0.37735227059932935,0.0
DNS,c2,740,0.4625,2.410266627952654e-07,0.9999826116885726,0.37720513268559236,4096,0,0,1.0,0.0,0.0,0,0.0,0.37720513268559236,0.0
DNS,c2,741,0.463125,2.43266390156361e-07,0.9999823915355668,0.3770582706410673,4096,0,0,1.0,0.0,0.0,0,0.0,0.3770582706410673,0.0
DNS,c2,742,0.46375,2.455763737622902e-07,0.9999821657825596,0.3769116842179583,4096,0,0,1.0,0.0,0.0,0,0.0,0.3769116842179583,0.0
DNS,c2,743,0.464375,2.4795890278541886e-07,0.999981934244998,0.37676537316361536,4096,0,0,1.0,0.0,0.0,0,0.0,0.37676537316361536,0.0
DNS,c2,744,0.465,2.504163209120633e-07,0.9999816967331853,0.3766193372205831,4096,0,0,1.0,0.0,0.0,0,0.0,0.3766193372205831,0.0
DNS,c2,745,0.465625,2.5295102736785833e-07,0.999981453052166,0.3764735761266476,4096,0,0,1.0,0.0,0.0,0,0.0,0.3764735761266476,0.0
DNS,c2,746,0.46625,2.5556547795743597e-07,0.9999812030016104,0.3763280896148851,4096,0,0,1.0,0.0,0.0,0,0.0,0.3763280896148851,0.0
DNS,c2,747,0.466875,2.5826218611845764e-07,0.9999809463756957,0.3761828774137092,4096,0,0,1.0,0.0,0.0,0,0.0,0.3761828774137092,0.0
DNS,c2,748,0.4675,2.610437239900367e-07,0.9999806829629859,0.37603793924691864,4096,0,0,1.0,0.0,0.0,0,0.0,0.37603793924691864,0.0
DNS,c2,749,0.468125,2.639127234955847e-07,0.9999804125463102,0.3758932748337445,4096,0,0,1.0,0.0,0.0,0,0.0,0.3758932748337445,0.0
DNS,c2,750,0.46875,2.668718774401081e-07,0.999980134902638,0.3757488838888977,4096,0,0,1.0,0.0,0.0,0,0.0,0.3757488838888977,0.0
DNS,c2,751,0.469375,2.6992394062197775e-07,0.9999798498029536,0.375604766122616,4096,0,0,1.0,0.0,0.0,0,0.0,0.375604766122616,0.0
DNS,c2,752,0.47000000000000003,2.73071730959188e-07,0.9999795570121276,0.3754609212407113,4096,0,0,1.0,0.0,0.0,0,0.0,0.3754609212407113,0.0
DNS,c2,753,0.470625,2.7631813063011593e-07,0.9999792562887868,0.37531734894461644,4096,0,0,1.0,0.0,0.0,0,0.0,0.37531734894461644,0.0
DNS,c2,754,0.47125,2.7966608722878604e-07,0.9999789473851823,0.37517404893143186,4096,0,0,1.0,0.0,0.0,0,0.0,0.37517404893143186,0.0
DNS,c2,755,0.471875,2.8311861493464004e-07,0.9999786300470552,0.37503102089397244,4096,0,0,1.0,0.0,0.0,0,0.0,0.37503102089397244,0.0
DNS,c2,756,0.47250000000000003,2.8667879569680455e-07,0.9999783040135001,0.3748882645208138,4096,0,0,1.0,0.0,0.0,0,0.0,0.3748882645208138,0.0
DNS,c2,757,0.473125,2.903497804328444e-07,0.9999779690168267,0.37474577949633864,4096,0,0,1.0,0.0,0.0,0,0.0,0.37474577949633864,0.0
DNS,c2,758,0.47375,2.9325487981335955e-07,0.9999776247824198,0.37460356550078316,4096,0,0,1.0,0.0,0.0,0,0.0,0.37460356550078316,0.0
DNS,c2,759,0.474375,2.9536924773667747e-07,0.9999772710285965,0.37446162221028273,4096,0,0,1.0,0.0,0.0,0,0.0,0.37446162221028273,0.0
DNS,c2,760,0.47500000000000003,2.975488560901353e-07,0.9999769074664613,0.37431994929691764,4096,0,0,1.0,0.0,0.0,0,0.0,0.37431994929691764,0.0
DNS,c2,761,0.475625,2.9979588733368644e-07,0.99997653379976,0.3741785464287596,4096,0,0,1.0,0.0,0.0,0,0.0,0.3741785464287596,0.0
DNS,c2,762,0.47625,3.021125743546e-07,0.9999761497247304,0.37403741326991613,4096,0,0,1.0,0.0,0.0,0,0.0,0.37403741326991613,0.0
DNS,c2,763,0.476875,3.0450120137634264e-07,0.9999757549299513,0.37389654948057655,4096,0,0,1.0,0.0,0.0,0,0.0,0.37389654948057655,0.0
DNS,c2,764,0.47750000000000004,3.069641048797798e-07,0.9999753994010644,0.3737559547170568,4096,0,0,1.0,0.0,0.0,0,0.0,0.3737559547170568,0.0
DNS,c2,765,0.478125,3.0950367453672793e-07,0.999975113493934,0.3736156286318447,4096,0,0,1.0,0.0,0.0,0,0.0,0.3736156286318447,0.0
DNS,c2,766,0.47875,3.1212235415588443e-07,0.9999748206593457,0.37347557087364486,4096,0,0,1.0,0.0,0.0,0,0.0,0.37347557087364486,0.0
DNS,c2,767,0.479375,3.1482264264115864e-07,0.9999745206757864,0.3733357810874223,4096,0,0,1.0,0.0,0.0,0,0.0,0.3733357810874223,0.0
DNS,c2,768,0.48,3.1760709496242154e-07,0.9999742133158435,0.37319625891444796,4096,0,0,1.0,0.0,0.0,0,0.0,0.37319625891444796,0.0
DNS,c2,769,0.480625,3.204783231386878e-07,0.999973898346082,0.3730570039923423,4096,0,0,1.0,0.0,0.0,0,0.0,0.3730570039923423,0.0
DNS,c2,770,0.48125,3.234389972337386e-07,0.999973575526919,0.3729180159551194,4096,0,0,1.0,0.0,0.0,0,0.0,0.3729180159551194,0.0
DNS,c2,771,0.481875,3.2649184636418894e-07,0.9999732446124965,0.37277929443323077,4096,0,0,1.0,0.0,0.0,0,0.0,0.37277929443323077,0.0
DNS,c2,772,0.4825,3.2963965971999856e-07,0.9999729053505516,0.37264083905360884,4096,0,0,1.0,0.0,0.0,0,0.0,0.37264083905360884,0.0
DNS,c2,773,0.483125,3.3288528759741913e-07,0.9999725574822862,0.3725026494397104,4096,0,0,1.0,0.0,0.0,0,0.0,0.3725026494397104,0.0
DNS,c2,774,0.48375,3.362316424443667e-07,0.9999722007422333,0.37236472521155983,4096,0,0,1.0,0.0,0.0,0,0.0,0.37236472521155983,0.0
DNS,c2,775,0.484375,3.3968169991820156e-07,0.999971834858122,0.3722270659857916,4096,0,0,1.0,0.0,0.0,0,0.0,0.3722270659857916,0.0
DNS,c2,776,0.485,3.4323849995589347e-07,0.999971459550741,0.3720896713756939,4096,0,0,1.0,0.0,0.0,0,0.0,0.3720896713756939,0.0
DNS,c2,777,0.48562500000000003,3.469051478565431e-07,0.9999710745337986,0.37195254099125014,4096,0,0,1.0,0.0,0.0,0,0.0,0.37195254099125014,0.0
DNS,c2,778,0.48625,3.506848153762265e-07,0.9999706795137828,0.3718156744391818,4096,0,0,1.0,0.0,0.0,0,0.0,0.3718156744391818,0.0
DNS,c2,779,0.486875,3.545807418351215e-07,0.9999702741898177,0.37167907132299033,4096,0,0,1.0,0.0,0.0,0,0.0,0.37167907132299033,0.0
DNS,c2,780,0.4875,3.5859623523687165e-07,0.9999698582535184,0.3715427312429989,4096,0,0,1.0,0.0,0.0,0,0.0,0.3715427312429989,0.0
DNS,c2,781,0.48812500000000003,3.627346734001334e-07,0.9999694313888444,0.37140665379639437,4096,0,0,1.0,0.0,0.0,0,0.0,0.37140665379639437,0.0
DNS,c2,782,0.48875,3.669995051022506e-07,0.9999689932719505,0.37127083857726795,4096,0,0,1.0,0.0,0.0,0,0.0,0.37127083857726795,0.0
DNS,c2,783,0.489375,3.6941188268596124e-07,0.9999685435710357,0.3711352851766573,4096,0,0,1.0,0.0,0.0,0,0.0,0.3711352851766573,0.0
DNS,c2,784,0.49,3.7182353180593454e-07,0.99996808194619,0.37099999318258625,4096,0,0,1.0,0.0,0.0,0,0.0,0.37099999318258625,0.0
DNS,c2,785,0.49062500000000003,3.743098867349154e-07,0.9999676080492398,0.37086496218010645,4096,0,0,1.0,0.0,0.0,0,0.0,0.37086496218010645,0.0
DNS,c2,786,0.49125,3.768733547964936e-07,0.9999671215235901,0.3707301917513375,4096,0,0,1.0,0.0,0.0,0,0.0,0.3707301917513375,0.0
DNS,c2,787,0.491875,3.7951639545472053e-07,0.9999666220040662,0.3705956814755067,4096,0,0,1.0,0.0,0.0,0,0.0,0.3705956814755067,0.0
DNS,c2,788,0.4925,3.8224152118622805e-07,0.9999661091167514,0.3704614309289897,4096,0,0,1.0,0.0,0.0,0,0.0,0.3704614309289897,0.0
DNS,c2,789,0.49312500000000004,3.8505129836296936e-07,0.9999655920832557,0.37032743968534954,4096,0,0,1.0,0.0,0.0,0,0.0,0.37032743968534954,0.0
DNS,c2,790,0.49375,3.8794834814557714e-07,0.9999652198791916,0.3701937073153764,4096,0,0,1.0,0.0,0.0,0,0.0,0.3701937073153764,0.0
DNS,c2,791,0.494375,3.909353473873296e-07,0.9999648390212251,0.3700602333871269,4096,0,0,1.0,0.0,0.0,0,0.0,0.3700602333871269,0.0
DNS,c2,792,0.495,3.9401502954871064e-07,0.9999644492418216,0.3699270174659628,4096,0,0,1.0,0.0,0.0,0,0.0,0.3699270174659628,0.0
DNS,c2,793,0.49562500000000004,3.971901856225448e-07,0.9999640502666666,0.3697940591145898,4096,0,0,1.0,0.0,0.0,0,0.0,0.3697940591145898,0.0
DNS,c2,794,0.49625,4.0046366506968485e-07,0.9999636418145328,0.3696613578930958,4096,0,0,1.0,0.0,0.0,0,0.0,0.3696613578930958,0.0
DNS,c2,795,0.496875,4.0383837676522214e-07,0.9999632235971452,0.3695289133589894,4096,0,0,1.0,0.0,0.0,0,0.0,0.3695289133589894,0.0
DNS,c2,796,0.4975,4.073172899551877e-07,0.9999627953190443,0.3693967250672378,4096,0,0,1.0,0.0,0.0,0,0.0,0.3693967250672378,0.0
DNS,c2,797,0.498125,4.1090343522370503e-07,0.999962356677448,0.369264792570304,4096,0,0,1.0,0.0,0.0,0,0.0,0.369264792570304,0.0
DNS,c2,798,0.49875,4.145999054705512e-07,0.9999619073621105,0.369133115418185,4096,0,0,1.0,0.0,0.0,0,0.0,0.369133115418185,0.0
DNS,c2,799,0.499375,4.1840985689907746e-07,0.9999614470551806,0.369001693158448,4096,0,0,1.0,0.0,0.0,0,0.0,0.369001693158448,0.0
DNS,c2,800,0.5,4.223365100144352e-07,0.9999609754310569,0.36887052533626824,4096,0,0,1.0,0.0,0.0,0,0.0,0.36887052533626824,0.0
DNS,c2,801,0.500625,4.2638315063204733e-07,0.9999604921562419,0.368739611494465,4096,0,0,1.0,0.0,0.0,0,0.0,0.368739611494465,0.0
DNS,c2,802,0.50125,4.305531308962602e-07,0.9999599968891943,0.36860895117353815,4096,0,0,1.0,0.0,0.0,0,0.0,0.36860895117353815,0.0
DNS,c2,803,0.501875,4.3484987030910473e-07,0.9999594892801786,0.3684785439117044,4096,0,0,1.0,0.0,0.0,0,0.0,0.3684785439117044,0.0
DNS,c2,804,0.5025000000000001,4.3927685676909044e-07,0.9999589689711137,0.36834838924493307,4096,0,0,1.0,0.0,0.0,0,0.0,0.36834838924493307,0.0
DNS,c2,805,0.503125,4.4383764761994963e-07,0.9999584355954186,0.36821848670698143,4096,0,0,1.0,0.0,0.0,0,0.0,0.36821848670698143,0.0
DNS,c2,806,0.50375,4.485358707092433e-07,0.9999578887778574,0.3680888358294305,4096,0,0,1.0,0.0,0.0,0,0.0,0.3680888358294305,0.0
DNS,c2,807,0.504375,4.525775789236246e-07,0.9999573281343813,0.3679594361417198,4096,0,0,1.0,0.0,0.0,0,0.0,0.3679594361417198,0.0
DNS,c2,808,0.505,4.551834687405311e-07,0.9999567532719692,0.36783028717118194,4096,0,0,1.0,0.0,0.0,0,0.0,0.36783028717118194,0.0
DNS,c2,809,0.505625,4.5787054813107765e-07,0.9999561637884665,0.36770138844307776,4096,0,0,1.0,0.0,0.0,0,0.0,0.36770138844307776,0.0
DNS,c2,810,0.50625,4.6064136729511894e-07,0.9999555592724215,0.36757273948062996,4096,0,0,1.0,0.0,0.0,0,0.0,0.36757273948062996,0.0
DNS,c2,811,0.506875,4.6349852848760674e-07,0.9999549393029206,0.36744433980505753,4096,0,0,1.0,0.0,0.0,0,0.0,0.36744433980505753,0.0
DNS,c2,812,0.5075000000000001,4.6644468682962387e-07,0.9999543034494206,0.36731618893560924,4096,0,0,1.0,0.0,0.0,0,0.0,0.36731618893560924,0.0
DNS,c2,813,0.508125,4.694825511283405e-07,0.9999536512715803,0.3671882863895972,4096,0,0,1.0,0.0,0.0,0,0.0,0.3671882863895972,0.0
DNS,c2,814,0.50875,4.726148847058624e-07,0.9999529823190891,0.36706063168242997,4096,0,0,1.0,0.0,0.0,0,0.0,0.36706063168242997,0.0
DNS,c2,815,0.509375,4.7584450623693533e-07,0.9999524203814834,0.3669332243276456,4096,0,0,1.0,0.0,0.0,0,0.0,0.3669332243276456,0.0
DNS,c2,816,0.51,4.791742905954668e-07,0.9999519349672968,0.3668060638369442,4096,0,0,1.0,0.0,0.0,0,0.0,0.3668060638369442,0.0
DNS,c2,817,0.510625,4.826071697098213e-07,0.9999514386490637,0.36667914972022053,4096,0,0,1.0,0.0,0.0,0,0.0,0.36667914972022053,0.0
DNS,c2,818,0.51125,4.861461334268395e-07,0.9999509311022303,0.3665524814855956,4096,0,0,1.0,0.0,0.0,0,0.0,0.3665524814855956,0.0
DNS,c2,819,0.511875,4.897942303845292e-07,0.9999504119944487,0.3664260586394493,4096,0,0,1.0,0.0,0.0,0,0.0,0.3664260586394493,0.0
DNS,c2,820,0.5125,4.935545688933693e-07,0.9999498809854332,0.36629988068645136,4096,0,0,1.0,0.0,0.0,0,0.0,0.36629988068645136,0.0
DNS,c2,821,0.513125,4.974303178261646e-07,0.9999493377268172,0.36617394712959295,4096,0,0,1.0,0.0,0.0,0,0.0,0.36617394712959295,0.0
DNS,c2,822,0.51375,5.014247075163823e-07,0.9999487818620056,0.36604825747021763,4096,0,0,1.0,0.0,0.0,0,0.0,0.36604825747021763,0.0
DNS,c2,823,0.514375,5.055410306648996e-07,0.9999482130260288,0.36592281120805226,4096,0,0,1.0,0.0,0.0,0,0.0,0.36592281120805226,0.0
DNS,c2,824,0.515,5.097826432550813e-07,0.9999476308453915,0.36579760784123744,4096,0,0,1.0,0.0,0.0,0,0.0,0.36579760784123744,0.0
DNS,c2,825,0.515625,5.141529654761078e-07,0.9999470349379223,0.3656726468663578,4096,0,0,1.0,0.0,0.0,0,0.0,0.3656726468663578,0.0
DNS,c2,826,0.51625,5.186554826544624e-07,0.9999464249126196,0.36554792777847206,4096,0,0,1.0,0.0,0.0,0,0.0,0.36554792777847206,0.0
DNS,c2,827,0.516875,5.23293746193486e-07,0.9999458003694978,0.3654234500711424,4096,0,0,1.0,0.0,0.0,0,0.0,0.3654234500711424,0.0
DNS,c2,828,0.5175,5.280713745208994e-07,0.9999451608994293,0.36529921323646464,4096,0,0,1.0,0.0,0.0,0,0.0,0.36529921323646464,0.0
DNS,c2,829,0.5181250000000001,5.329920540441884e-07,0.9999445060839868,0.3651752167650967,4096,0,0,1.0,0.0,0.0,0,0.0,0.3651752167650967,0.0
DNS,c2,830,0.51875,5.38059540113743e-07,0.9999438354952823,0.3650514601462877,4096,0,0,1.0,0.0,0.0,0,0.0,0.3650514601462877,0.0
DNS,c2,831,0.519375,5.432776579936332e-07,0.9999431486958058,0.3649279428679073,4096,0,0,1.0,0.0,0.0,0,0.0,0.3649279428679073,0.0
DNS,c2,832,0.52,5.470373126516338e-07,0.9999424452382607,0.3648046644164731,4096,0,0,1.0,0.0,0.0,0,0.0,0.3648046644164731,0.0
DNS,c2,833,0.520625,5.498769854715367e-07,0.9999417246653984,0.3646816242771795,4096,0,0,1.0,0.0,0.0,0,0.0,0.3646816242771795,0.0
DNS,c2,834,0.52125,5.528059822054946e-07,0.9999409865098511,0.3645588219339253,4096,0,0,1.0,0.0,0.0,0,0.0,0.3645588219339253,0.0
DNS,c2,835,0.521875,5.558270128529251e-07,0.9999402302939621,0.3644362568693414,4096,0,0,1.0,0.0,0.0,0,0.0,0.3644362568693414,0.0
DNS,c2,836,0.5225,5.589428393182459e-07,0.9999394555296154,0.36431392856481826,4096,0,0,1.0,0.0,0.0,0,0.0,0.36431392856481826,0.0
DNS,c2,837,0.5231250000000001,5.621562761598445e-07,0.999938661718063,0.3641918365005327,4096,0,0,1.0,0.0,0.0,0,0.0,0.3641918365005327,0.0
DNS,c2,838,0.52375,5.654701913463122e-07,0.9999378483497501,0.3640699801554752,4096,0,0,1.0,0.0,0.0,0,0.0,0.3640699801554752,0.0
DNS,c2,839,0.524375,5.688875070198852e-07,0.9999370149041394,0.363948359007476,4096,0,0,1.0,0.0,0.0,0,0.0,0.363948359007476,0.0
DNS,c2,840,0.525,5.724112002670371e-07,0.9999361608495333,0.363826972533232,4096,0,0,1.0,0.0,0.0,0,0.0,0.363826972533232,0.0
DNS,c2,841,0.525625,5.760443038961572e-07,0.9999355394756034,0.36370582020833214,4096,0,0,1.0,0.0,0.0,0,0.0,0.36370582020833214,0.0
DNS,c2,842,0.52625,5.797899072222504e-07,0.999934918896411,0.3635849015072842,4096,0,0,1.0,0.0,0.0,0,0.0,0.3635849015072842,0.0
DNS,c2,843,0.526875,5.836511568585843e-07,0.9999342848644547,0.3634642159035392,4096,0,0,1.0,0.0,0.0,0,0.0,0.3634642159035392,0.0
DNS,c2,844,0.5275,5.876312575152103e-07,0.9999336369937576,0.36334376286951764,4096,0,0,1.0,0.0,0.0,0,0.0,0.36334376286951764,0.0
DNS,c2,845,0.528125,5.917334728042764e-07,0.9999329748895441,0.3632235418766343,4096,0,0,1.0,0.0,0.0,0,0.0,0.3632235418766343,0.0
DNS,c2,846,0.52875,5.959611260520471e-07,0.9999322981480904,0.36310355239532294,4096,0,0,1.0,0.0,0.0,0,0.0,0.36310355239532294,0.0
DNS,c2,847,0.529375,6.003176011175422e-07,0.9999316063565723,0.36298379389506097,4096,0,0,1.0,0.0,0.0,0,0.0,0.36298379389506097,0.0
DNS,c2,848,0.53,6.048063432176976e-07,0.9999308990929127,0.3628642658443937,4096,0,0,1.0,0.0,0.0,0,0.0,0.3628642658443937,0.0
DNS,c2,849,0.530625,6.094308597589507e-07,0.9999301759256259,0.36274496771095854,4096,0,0,1.0,0.0,0.0,0,0.0,0.36274496771095854,0.0
DNS,c2,850,0.53125,6.141947211751472e-07,0.9999294364136618,0.36262589896150876,4096,0,0,1.0,0.0,0.0,0,0.0,0.36262589896150876,0.0
DNS,c2,851,0.531875,6.191015617716584e-07,0.9999286801062471,0.36250705906193714,4096,0,0,1.0,0.0,0.0,0,0.0,0.36250705906193714,0.0
DNS,c2,852,0.5325,6.241550805755968e-07,0.9999279065427258,0.36238844747729915,4096,0,0,1.0,0.0,0.0,0,0.0,0.36238844747729915,0.0
DNS,c2,853,0.533125,6.293590421920108e-07,0.9999271152523973,0.3622700636718363,4096,0,0,1.0,0.0,0.0,0,0.0,0.3622700636718363,0.0
DNS,c2,854,0.5337500000000001,6.347172776659354e-07,0.9999263057543537,0.36215190710899886,4096,0,0,1.0,0.0,0.0,0,0.0,0.36215190710899886,0.0
DNS,c2,855,0.534375,6.402336853501694e-07,0.9999254775573151,0.36203397725146835,4096,0,0,1.0,0.0,0.0,0,0.0,0.36203397725146835,0.0
DNS,c2,856,0.535,6.459122317786447e-07,0.9999246301594629,0.36191627356118017,4096,0,0,1.0,0.0,0.0,0,0.0,0.36191627356118017,0.0
DNS,c2,857,0.535625,6.495642059692494e-07,0.999923763048272,0.3617987954993457,4096,0,0,1.0,0.0,0.0,0,0.0,0.3617987954993457,0.0
DNS,c2,858,0.53625,6.525949179208364e-07,0.9999228757003416,0.36168154252647405,4096,0,0,1.0,0.0,0.0,0,0.0,0.36168154252647405,0.0
DNS,c2,859,0.536875,6.557221207219129e-07,0.9999219675812233,0.36156451410239393,4096,0,0,1.0,0.0,0.0,0,0.0,0.36156451410239393,0.0
DNS,c2,860,0.5375,6.589486466026765e-07,0.9999210381452494,0.36144770968627493,4096,0,0,1.0,0.0,0.0,0,0.0,0.36144770968627493,0.0
DNS,c2,861,0.538125,6.622773787111665e-07,0.9999200868353576,0.36133112873664885,4096,0,0,1.0,0.0,0.0,0,0.0,0.36133112873664885,0.0
DNS,c2,862,0.5387500000000001,6.657112517923562e-07,0.9999191130829163,0.3612147707114308,4096,0,0,1.0,0.0,0.0,0,0.0,0.3612147707114308,0.0
DNS,c2,863,0.539375,6.692532528729511e-07,0.9999181163075462,0.36109863506793954,4096,0,0,1.0,0.0,0.0,0,0.0,0.36109863506793954,0.0
DNS,c2,864,0.54,6.729064219518234e-07,0.9999170959169424,0.3609827212629184,4096,0,0,1.0,0.0,0.0,0,0.0,0.3609827212629184,0.0
DNS,c2,865,0.540625,6.766738526960047e-07,0.9999160513066934,0.3608670287525556,4096,0,0,1.0,0.0,0.0,0,0.0,0.3608670287525556,0.0
DNS,c2,866,0.54125,6.80558693142159e-07,0.9999150233068563,0.3607515569925039,4096,0,0,1.0,0.0,0.0,0,0.0,0.3607515569925039,0.0
DNS,c2,867,0.541875,6.845641464034523e-07,0.9999142599432491,0.3606363054379007,4096,0,0,1.0,0.0,0.0,0,0.0,0.3606363054379007,0.0
DNS,c2,868,0.5425,6.886934713817305e-07,0.9999134807403776,0.36052127354338825,4096,0,0,1.0,0.0,0.0,0,0.0,0.36052127354338825,0.0
DNS,c2,869,0.543125,6.929499834849149e-07,0.9999126852569892,0.360406460763132,4096,0,0,1.0,0.0,0.0,0,0.0,0.360406460763132,0.0
DNS,c2,870,0.5437500000000001,6.973370553495186e-07,0.9999118730422156,0.3602918665508404,4096,0,0,1.0,0.0,0.0,0,0.0,0.3602918665508404,0.0
DNS,c2,871,0.544375,7.018581175681847e-07,0.9999110436354187,0.3601774903597841,4096,0,0,1.0,0.0,0.0,0,0.0,0.3601774903597841,0.0
DNS,c2,872,0.545,7.065166594221411e-07,0.9999101965660352,0.360063331642814,4096,0,0,1.0,0.0,0.0,0,0.0,0.360063331642814,0.0
DNS,c2,873,0.545625,7.113162296184639e-07,0.9999093313534203,0.35994938985238045,4096,0,0,1.0,0.0,0.0,0,0.0,0.35994938985238045,0.0
DNS,c2,874,0.54625,7.162604370320367e-07,0.9999084475066893,0.35983566444055154,4096,0,0,1.0,0.0,0.0,0,0.0,0.35983566444055154,0.0
DNS,c2,875,0.546875,7.213529514520875e-07,0.9999075445245579,0.3597221548590307,4096,0,0,1.0,0.0,0.0,0,0.0,0.3597221548590307,0.0
DNS,c2,876,0.5475,7.265975043331836e-07,0.999906621895181,0.35960886055917496,4096,0,0,1.0,0.0,0.0,0,0.0,0.35960886055917496,0.0
DNS,c2,877,0.548125,7.319978895505552e-07,0.9999056790959902,0.359495780992013,4096,0,0,1.0,0.0,0.0,0,0.0,0.359495780992013,0.0
DNS,c2,878,0.54875,7.375579641596208e-07,0.9999047155935294,0.3593829156082622,4096,0,0,1.0,0.0,0.0,0,0.0,0.3593829156082622,0.0
DNS,c2,879,0.5493750000000001,7.432816491595759e-07,0.9999037308432899,0.35927026385834576,4096,0,0,1.0,0.0,0.0,0,0.0,0.35927026385834576,0.0
DNS,c2,880,0.55,7.491729302609076e-07,0.9999027242895424,0.3591578251924105,4096,0,0,1.0,0.0,0.0,0,0.0,0.3591578251924105,0.0
DNS,c2,881,0.550625,7.552358586566897e-07,0.9999016953651694,0.35904559906034333,4096,0,0,1.0,0.0,0.0,0,0.0,0.35904559906034333,0.0
DNS,c2,882,0.55125,7.591393150052912e-07,0.999900643491495,0.3589335849117875,4096,0,0,1.0,0.0,0.0,0,0.0,0.3589335849117875,0.0
DNS,c2,883,0.551875,7.623103294047242e-07,0.9998995680781138,0.35882178219616023,4096,0,0,1.0,0.0,0.0,0,0.0,0.35882178219616023,0.0
DNS,c2,884,0.5525,7.655838276259456e-07,0.999898468522718,0.3587101903626681,4096,0,0,1.0,0.0,0.0,0,0.0,0.3587101903626681,0.0
DNS,c2,885,0.553125,7.689627254683638e-07,0.999897344210924,0.35859880886032314,4096,0,0,1.0,0.0,0.0,0,0.0,0.35859880886032314,0.0
DNS,c2,886,0.55375,7.724499879440913e-07,0.9998961945160966,0.3584876371379596,4096,0,0,1.0,0.0,0.0,0,0.0,0.3584876371379596,0.0
DNS,c2,887,0.5543750000000001,7.760486298828888e-07,0.9998950187991723,0.3583766746442487,4096,0,0,1.0,0.0,0.0,0,0.0,0.3583766746442487,0.0
DNS,c2,888,0.555,7.797617165414049e-07,0.9998938164084816,0.35826592082771475,4096,0,0,1.0,0.0,0.0,0,0.0,0.35826592082771475,0.0
DNS,c2,889,0.555625,7.835923642166313e-07,0.9998925866795696,0.35815537513675033,4096,0,0,1.0,0.0,0.0,0,0.0,0.35815537513675033,0.0
DNS,c2,890,0.55625,7.875437408634837e-07,0.9998913289350153,0.3580450370196313,4096,0,0,1.0,0.0,0.0,0,0.0,0.3580450370196313,0.0
DNS,c2,891,0.556875,7.916190667164212e-07,0.99989004248425,0.35793490592453214,4096,0,0,1.0,0.0,0.0,0,0.0,0.35793490592453214,0.0
DNS,c2,892,0.5575,7.958216149150077e-07,0.9998887673043105,0.35782498129954043,4096,0,0,1.0,0.0,0.0,0,0.0,0.35782498129954043,0.0
DNS,c2,893,0.558125,8.001547121333195e-07,0.9998878236130121,0.35771526259267167,4096,0,0,1.0,0.0,0.0,0,0.0,0.35771526259267167,0.0
DNS,c2,894,0.55875,8.046217392130976e-07,0.9998868610704134,0.35760574925188354,4096,0,0,1.0,0.0,0.0,0,0.0,0.35760574925188354,0.0
DNS,c2,895,0.5593750000000001,8.092261318005389e-07,0.9998858791688138,0.35749644072509024,4096,0,0,1.0,0.0,0.0,0,0.0,0.35749644072509024,0.0
DNS,c2,896,0.56,8.139713809866191e-07,0.9998848773899789,0.35738733646017656,4096,0,0,1.0,0.0,0.0,0,0.0,0.35738733646017656,0.0
DNS,c2,897,0.560625,8.188610339508326e-07,0.9998838552049836,0.3572784359050118,4096,0,0,1.0,0.0,0.0,0,0.0,0.3572784359050118,0.0
DNS,c2,898,0.56125,8.238986946082354e-07,0.9998828120740537,0.35716973850746353,4096,0,0,1.0,0.0,0.0,0,0.0,0.35716973850746353,0.0
DNS,c2,899,0.561875,8.290880242596697e-07,0.9998817474464066,0.35706124371541115,4096,0,0,1.0,0.0,0.0,0,0.0,0.35706124371541115,0.0
DNS,c2,900,0.5625,8.344327422450453e-07,0.9998806607600897,0.35695295097675905,4096,0,0,1.0,0.0,0.0,0,0.0,0.35695295097675905,0.0
DNS,c2,901,0.563125,8.399366265995518e-07,0.9998795514418192,0.35684485973945035,4096,0,0,1.0,0.0,0.0,0,0.0,0.35684485973945035,0.0
DNS,c2,902,0.56375,8.456035147126676e-07,0.9998784189068155,0.3567369694514793,4096,0,0,1.0,0.0,0.0,0,0.0,0.3567369694514793,0.0
DNS,c2,903,0.564375,8.514373039898315e-07,0.9998772625586395,0.35662927956090473,4096,0,0,1.0,0.0,0.0,0,0.0,0.35662927956090473,0.0
DNS,c2,904,0.5650000000000001,8.574419525166355e-07,0.9998760817890257,0.35652178951586255,4096,0,0,1.0,0.0,0.0,0,0.0,0.35652178951586255,0.0
DNS,c2,905,0.565625,8.636214797253968e-07,0.9998748759777152,0.3564144987645781,4096,0,0,1.0,0.0,0.0,0,0.0,0.3564144987645781,0.0
DNS,c2,906,0.56625,8.699799670639587e-07,0.9998736444922874,0.35630740675537903,4096,0,0,1.0,0.0,0.0,0,0.0,0.35630740675537903,0.0
DNS,c2,907,0.566875,8.746896753744321e-07,0.9998723866879903,0.3562005129367073,4096,0,0,1.0,0.0,0.0,0,0.0,0.3562005129367073,0.0
DNS,c2,908,0.5675,8.779445340462948e-07,0.999871101907569,0.3560938167571309,4096,0,0,1.0,0.0,0.0,0,0.0,0.3560938167571309,0.0
DNS,c2,909,0.568125,8.813065523459508e-07,0.9998697894810943,0.35598731766535663,4096,0,0,1.0,0.0,0.0,0,0.0,0.35598731766535663,0.0
DNS,c2,910,0.56875,8.847786917759372e-07,0.9998684487257893,0.35588101511024106,4096,0,0,1.0,0.0,0.0,0,0.0,0.35588101511024106,0.0
DNS,c2,911,0.569375,8.883639607642089e-07,0.9998670789458547,0.3557749085408027,4096,0,0,1.0,0.0,0.0,0,0.0,0.3557749085408027,0.0
DNS,c2,912,0.5700000000000001,8.920654151937753e-07,0.9998656794322939,0.35566899740623314,4096,0,0,1.0,0.0,0.0,0,0.0,0.35566899740623314,0.0
DNS,c2,913,0.570625,8.958861589353979e-07,0.9998642494627358,0.35556328115590863,4096,0,0,1.0,0.0,0.0,0,0.0,0.35556328115590863,0.0
DNS,c2,914,0.57125,8.998293443832572e-07,0.9998627883012575,0.3554577592394011,4096,0,0,1.0,0.0,0.0,0,0.0,0.3554577592394011,0.0
DNS,c2,915,0.571875,9.03898172993499e-07,0.9998612951982058,0.3553524311064892,4096,0,0,1.0,0.0,0.0,0,0.0,0.3553524311064892,0.0
DNS,c2,916,0.5725,9.080958958255629e-07,0.999859769390017,0.3552472962071693,4096,0,0,1.0,0.0,0.0,0,0.0,0.3552472962071693,0.0
DNS,c2,917,0.573125,9.124258140861943e-07,0.9998582100990366,0.35514235399166627,4096,0,0,1.0,0.0,0.0,0,0.0,0.35514235399166627,0.0
DNS,c2,918,0.57375,9.168912796760378e-07,0.9998566165333376,0.35503760391044376,4096,0,0,1.0,0.0,0.0,0,0.0,0.35503760391044376,0.0
DNS,c2,919,0.574375,9.214956957387066e-07,0.9998553982263103,0.3549330454142151,4096,0,0,1.0,0.0,0.0,0,0.0,0.3549330454142151,0.0
DNS,c2,920,0.5750000000000001,9.262425172122185e-07,0.9998542265870735,0.3548286779539534,4096,0,0,1.0,0.0,0.0,0,0.0,0.3548286779539534,0.0
DNS,c2,921,0.575625,9.311352513826882e-07,0.9998530322948056,0.3547245009809018,4096,0,0,1.0,0.0,0.0,0,0.0,0.3547245009809018,0.0
DNS,c2,922,0.57625,9.361774584401581e-07,0.9998518147624197,0.3546205139465835,4096,0,0,1.0,0.0,0.0,0,0.0,0.3546205139465835,0.0
DNS,c2,923,0.576875,9.41372752036451e-07,0.9998505733912811,0.3545167163028117,4096,0,0,1.0,0.0,0.0,0,0.0,0.3545167163028117,0.0
DNS,c2,924,0.5775,9.467247998449212e-07,0.9998493075710484,0.3544131075016993,4096,0,0,1.0,0.0,0.0,0,0.0,0.3544131075016993,0.0
DNS,c2,925,0.578125,9.522373241219789e-07,0.9998480166795125,0.35430968699566884,4096,0,0,1.0,0.0,0.0,0,0.0,0.35430968699566884,0.0
DNS,c2,926,0.57875,9.579141022702601e-07,0.9998467000824359,0.35420645423746183,4096,0,0,1.0,0.0,0.0,0,0.0,0.35420645423746183,0.0
DNS,c2,927,0.579375,9.63758967403308e-07,0.9998453571333896,0.3541034086801479,4096,0,0,1.0,0.0,0.0,0,0.0,0.3541034086801479,0.0
DNS,c2,928,0.58,9.697758089116314e-07,0.9998439871735894,0.35400054977713474,4096,0,0,1.0,0.0,0.0,0,0.0,0.35400054977713474,0.0
DNS,c2,929,0.5806250000000001,9.759685730300003e-07,0.9998425895317312,0.3538978769821766,4096,0,0,1.0,0.0,0.0,0,0.0,0.3538978769821766,0.0
DNS,c2,930,0.58125,9.823412634058367e-07,0.9998411635238256,0.3537953897493839,4096,0,0,1.0,0.0,0.0,0,0.0,0.3537953897493839,0.0
DNS,c2,931,0.581875,9.888979416685549e-07,0.9998397084530304,0.3536930875332315,4096,0,0,1.0,0.0,0.0,0,0.0,0.3536930875332315,0.0
DNS,c2,932,0.5825,9.951620984093886e-07,0.9998382236094834,0.353590969788568,4096,0,0,1.0,0.0,0.0,0,0.0,0.353590969788568,0.0
DNS,c2,933,0.583125,9.98441016825594e-07,0.9998367082701333,0.3534890359706243,4096,0,0,1.0,0.0,0.0,0,0.0,0.3534890359706243,0.0
DNS,c2,934,0.58375,1.001830375509569e-06,0.99983516169857,0.3533872855350221,4096,0,0,1.0,0.0,0.0,0,0.0,0.3533872855350221,0.0
DNS,c2,935,0.584375,1.0053331461409572e-06,0.999833583144854,0.3532857179377821,4096,0,0,1.0,0.0,0.0,0,0.0,0.3532857179377821,0.0
DNS,c2,936,0.585,1.0089523445962552e-06,0.9998319718453449,0.3531843326353329,4096,0,0,1.0,0.0,0.0,0,0.0,0.3531843326353329,0.0
DNS,c2,937,0.5856250000000001,1.0126910314045574e-06,0.9998303270225285,0.3530831290845186,4096,0,0,1.0,0.0,0.0,0,0.0,0.3530831290845186,0.0
DNS,c2,938,0.58625,1.0165523122053078e-06,0.9998286478848437,0.35298210674260744,4096,0,0,1.0,0.0,0.0,0,0.0,0.35298210674260744,0.0
DNS,c2,939,0.586875,1.0205393382079694e-06,0.9998269336265085,0.3528812650672992,4096,0,0,1.0,0.0,0.0,0,0.0,0.3528812650672992,0.0
DNS,c2,940,0.5875,1.0246553066535139e-06,0.9998251834273448,0.35278060351673385,4096,0,0,1.0,0.0,0.0,0,0.0,0.35278060351673385,0.0
DNS,c2,941,0.588125,1.0289034612776351e-06,0.9998233964526024,0.35268012154949835,4096,0,0,1.0,0.0,0.0,0,0.0,0.35268012154949835,0.0
DNS,c2,942,0.58875,1.0332870927755898e-06,0.9998215718527829,0.3525798186246353,4096,0,0,1.0,0.0,0.0,0,0.0,0.3525798186246353,0.0
DNS,c2,943,0.589375,1.0378095392685584e-06,0.9998197087634618,0.3524796942016496,4096,0,0,1.0,0.0,0.0,0,0.0,0.3524796942016496,0.0
DNS,c2,944,0.59,1.042474186771424e-06,0.9998178063051113,0.3523797477405168,4096,0,0,1.0,0.0,0.0,0,0.0,0.3523797477405168,0.0
DNS,c2,945,0.5906250000000001,1.0472844696618593e-06,0.9998160697728603,0.3522799787016896,4096,0,0,1.0,0.0,0.0,0,0.0,0.3522799787016896,0.0
DNS,c2,946,0.59125,1.0522438711506123e-06,0.9998146624043286,0.35218038654610573,4096,0,0,1.0,0.0,0.0,0,0.0,0.35218038654610573,0.0
DNS,c2,947,0.591875,1.0573559237528746e-06,0.9998132289130979,0.35208097073519495,4096,0,0,1.0,0.0,0.0,0,0.0,0.35208097073519495,0.0
DNS,c2,948,0.5925,1.0626242097606168e-06,0.9998117686426715,0.35198173073088573,4096,0,0,1.0,0.0,0.0,0,0.0,0.35198173073088573,0.0
DNS,c2,949,0.593125,1.0680523617157717e-06,0.9998102809242221,0.3518826659956127,4096,0,0,1.0,0.0,0.0,0,0.0,0.3518826659956127,0.0
DNS,c2,950,0.59375,1.0736440628841418e-06,0.9998087650764328,0.3517837759923232,4096,0,0,1.0,0.0,0.0,0,0.0,0.3517837759923232,0.0
DNS,c2,951,0.594375,1.079403047729906e-06,0.9998072204053386,0.3516850601844843,4096,0,0,1.0,0.0,0.0,0,0.0,0.3516850601844843,0.0
DNS,c2,952,0.595,1.085333102390597e-06,0.9998056462041659,0.3515865180360892,4096,0,0,1.0,0.0,0.0,0,0.0,0.3515865180360892,0.0
DNS,c2,953,0.595625,1.0914380651524187e-06,0.9998040417531708,0.351488149011664,4096,0,0,1.0,0.0,0.0,0,0.0,0.351488149011664,0.0
DNS,c2,954,0.5962500000000001,1.0977218269257685e-06,0.9998024063194785,0.35138995257627403,4096,0,0,1.0,0.0,0.0,0,0.0,0.35138995257627403,0.0
DNS,c2,955,0.596875,1.1041883317208291e-06,0.9998007391569191,0.3512919281955304,4096,0,0,1.0,0.0,0.0,0,0.0,0.3512919281955304,0.0
DNS,c2,956,0.5975,1.1108415771230872e-06,0.9997990395058654,0.3511940753355962,4096,0,0,1.0,0.0,0.0,0,0.0,0.3511940753355962,0.0
DNS,c2,957,0.598125,1.1176856147686386e-06,0.9997973065930673,0.35109639346319294,4096,0,0,1.0,0.0,0.0,0,0.0,0.35109639346319294,0.0
DNS,c2,958,0.59875,1.1228316602241714e-06,0.9997955396314876,0.35099888204560614,4096,0,0,1.0,0.0,0.0,0,0.0,0.35099888204560614,0.0
DNS,c2,959,0.599375,1.1261861618002304e-06,0.9997937378201355,0.350901540550692,4096,0,0,1.0,0.0,0.0,0,0.0,0.350901540550692,0.0
DNS,c2,960,0.6,1.129655922778088e-06,0.9997919003439003,0.35080436844688306,4096,0,0,1.0,0.0,0.0,0,0.0,0.35080436844688306,0.0
DNS,c2,961,0.600625,1.1332439341381444e-06,0.999790026373384,0.3507073652031942,4096,0,0,1.0,0.0,0.0,0,0.0,0.3507073652031942,0.0
DNS,c2,962,0.6012500000000001,1.1369532284094916e-06,0.9997881150647333,0.35061053028922795,4096,0,0,1.0,0.0,0.0,0,0.0,0.35061053028922795,0.0
DNS,c2,963,0.601875,1.1407868800563154e-06,0.999786165559471,0.35051386317518124,4096,0,0,1.0,0.0,0.0,0,0.0,0.35051386317518124,0.0
DNS,c2,964,0.6025,1.144748005865345e-06,0.9997841769843266,0.3504173633318498,4096,0,0,1.0,0.0,0.0,0,0.0,0.3504173633318498,0.0
DNS,c2,965,0.603125,1.148839765334254e-06,0.9997821484510669,0.3503210302306349,4096,0,0,1.0,0.0,0.0,0,0.0,0.3503210302306349,0.0
DNS,c2,966,0.60375,1.153065361060925e-06,0.999780079056325,0.35022486334354763,4096,0,0,1.0,0.0,0.0,0,0.0,0.35022486334354763,0.0
DNS,c2,967,0.604375,1.1574280391334724e-06,0.9997779678814299,0.35012886214321554,4096,0,0,1.0,0.0,0.0,0,0.0,0.35012886214321554,0.0
DNS,c2,968,0.605,1.1619310895209315e-06,0.9997758139922348,0.35003302610288684,4096,0,0,1.0,0.0,0.0,0,0.0,0.35003302610288684,0.0
DNS,c2,969,0.605625,1.1665778464645068e-06,0.9997736164389451,0.34993735469643633,4096,0,0,1.0,0.0,0.0,0,0.0,0.34993735469643633,0.0
DNS,c2,970,0.6062500000000001,1.1713716888692772e-06,0.9997713742559465,0.3498418473983707,4096,0,0,1.0,0.0,0.0,0,0.0,0.3498418473983707,0.0
DNS,c2,971,0.606875,1.17631604069625e-06,0.9997690864616319,0.3497465036838329,4096,0,0,1.0,0.0,0.0,0,0.0,0.3497465036838329,0.0
DNS,c2,972,0.6075,1.181414371354657e-06,0.9997671617612038,0.3496513230286079,4096,0,0,1.0,0.0,0.0,0,0.0,0.3496513230286079,0.0
DNS,c2,973,0.608125,1.186670196094378e-06,0.999765461529311,0.34955630490912726,4096,0,0,1.0,0.0,0.0,0,0.0,0.34955630490912726,0.0
DNS,c2,974,0.60875,1.1920870763983788e-06,0.9997637308462128,0.3494614488024741,4096,0,0,1.0,0.0,0.0,0,0.0,0.3494614488024741,0.0
DNS,c2,975,0.609375,1.197668620375049e-06,0.9997619689732424,0.349366754186388,4096,0,0,1.0,0.0,0.0,0,0.0,0.349366754186388,0.0
DNS,c2,976,0.61,1.2034184831503179e-06,0.9997601751585421,0.3492722205392698,4096,0,0,1.0,0.0,0.0,0,0.0,0.3492722205392698,0.0
DNS,c2,977,0.610625,1.2093403672594286e-06,0.9997583486369069,0.3491778473401861,4096,0,0,1.0,0.0,0.0,0,0.0,0.3491778473401861,0.0
DNS,c2,978,0.61125,1.2154380230382463e-06,0.9997564886296278,0.3490836340688739,4096,0,0,1.0,0.0,0.0,0,0.0,0.3490836340688739,0.0
DNS,c2,979,0.6118750000000001,1.221715249013975e-06,0.9997545943443336,0.3489895802057454,4096,0,0,1.0,0.0,0.0,0,0.0,0.3489895802057454,0.0
DNS,c2,980,0.6125,1.2281758922951535e-06,0.9997526649748322,0.34889568523189224,4096,0,0,1.0,0.0,0.0,0,0.0,0.34889568523189224,0.0
DNS,c2,981,0.613125,1.2348238489607996e-06,0.9997506997009523,0.34880194862909003,4096,0,0,1.0,0.0,0.0,0,0.0,0.34880194862909003,0.0
DNS,c2,982,0.61375,1.2416630644485704e-06,0.9997486976883831,0.3487083698798028,4096,0,0,1.0,0.0,0.0,0,0.0,0.3487083698798028,0.0
DNS,c2,983,0.614375,1.2486975339418016e-06,0.9997466580885143,0.34861494846718716,4096,0,0,1.0,0.0,0.0,0,0.0,0.34861494846718716,0.0
DNS,c2,984,0.615,1.2535523541200287e-06,0.9997445800382749,0.3485216838750965,4096,0,0,1.0,0.0,0.0,0,0.0,0.3485216838750965,0.0
DNS,c2,985,0.615625,1.2569266301290504e-06,0.9997424626599728,0.34842857558808554,4096,0,0,1.0,0.0,0.0,0,0.0,0.34842857558808554,0.0
DNS,c2,986,0.61625,1.260419550424984e-06,0.999740305061132,0.34833562309141397,4096,0,0,1.0,0.0,0.0,0,0.0,0.34833562309141397,0.0
DNS,c2,987,0.6168750000000001,1.2640340913700088e-06,0.999738106334331,0.3482428258710507,4096,0,0,1.0,0.0,0.0,0,0.0,0.3482428258710507,0.0
DNS,c2,988,0.6175,1.267773267916154e-06,0.99973586555704,0.34815018341367826,4096,0,0,1.0,0.0,0.0,0,0.0,0.34815018341367826,0.0
DNS,c2,989,0.618125,1.271640133925719e-06,0.9997335817914574,0.34805769520669605,4096,0,0,1.0,0.0,0.0,0,0.0,0.34805769520669605,0.0
DNS,c2,990,0.61875,1.2756377824919567e-06,0.999731254084347,0.3479653607382248,4096,0,0,1.0,0.0,0.0,0,0.0,0.3479653607382248,0.0
DNS,c2,991,0.619375,1.279769346259935e-06,0.9997288814668738,0.34787317949711016,4096,0,0,1.0,0.0,0.0,0,0.0,0.34787317949711016,0.0
DNS,c2,992,0.62,1.2840379977474771e-06,0.9997264629544395,0.34778115097292667,4096,0,0,1.0,0.0,0.0,0,0.0,0.34778115097292667,0.0
DNS,c2,993,0.620625,1.2884469496660942e-06,0.9997239975465189,0.34768927465598115,4096,0,0,1.0,0.0,0.0,0,0.0,0.34768927465598115,0.0
DNS,c2,994,0.62125,1.2929994552418067e-06,0.9997214842264945,0.3475975500373169,4096,0,0,1.0,0.0,0.0,0,0.0,0.3475975500373169,0.0
DNS,c2,995,0.6218750000000001,1.2976988085357634e-06,0.9997189219614924,0.3475059766087167,4096,0,0,1.0,0.0,0.0,0,0.0,0.3475059766087167,0.0
DNS,c2,996,0.6225,1.3025483447645515e-06,0.9997163097022163,0.3474145538627072,4096,0,0,1.0,0.0,0.0,0,0.0,0.3474145538627072,0.0
DNS,c2,997,0.623125,1.3075514406201001e-06,0.999713646382783,0.34732328129256157,4096,0,0,1.0,0.0,0.0,0,0.0,0.34732328129256157,0.0
DNS,c2,998,0.62375,1.3127115145890714e-06,0.999710930920557,0.3472321583923037,4096,0,0,1.0,0.0,0.0,0,0.0,0.3472321583923037,0.0
DNS,c2,999,0.624375,1.318032027271631e-06,0.9997086177865746,0.34714118465671107,4096,0,0,1.0,0.0,0.0,0,0.0,0.34714118465671107,0.0
DNS,c2,1000,0.625,1.3235164816994943e-06,0.9997065883568785,0.3470503595813188,4096,0,0,1.0,0.0,0.0,0,0.0,0.3470503595813188,0.0
DNS,c2,1001,0.625625,1.3291684236531336e-06,0.9997045239072015,0.3469596826624223,4096,0,0,1.0,0.0,0.0,0,0.0,0.3469596826624223,0.0
DNS,c2,1002,0.62625,1.334991441978036e-06,0.9997024236162877,0.34686915339708085,4096,0,0,1.0,0.0,0.0,0,0.0,0.34686915339708085,0.0
DNS,c2,1003,0.626875,1.340989168899899e-06,0.9997002866489189,0.34677877128312107,4096,0,0,1.0,0.0,0.0,0,0.0,0.34677877128312107,0.0
DNS,c2,1004,0.6275000000000001,1.3471652803386449e-06,0.9996981121557623,0.3466885358191398,4096,0,0,1.0,0.0,0.0,0,0.0,0.3466885358191398,0.0
DNS,c2,1005,0.628125,1.3535234962211378e-06,0.9996958992732176,0.3465984465045072,4096,0,0,1.0,0.0,0.0,0,0.0,0.3465984465045072,0.0
DNS,c2,1006,0.62875,1.3600675807924834e-06,0.9996936471232628,0.3465085028393704,4096,0,0,1.0,0.0,0.0,0,0.0,0.3465085028393704,0.0
DNS,c2,1007,0.629375,1.366801342925788e-06,0.9996913548133008,0.3464187043246559,4096,0,0,1.0,0.0,0.0,0,0.0,0.3464187043246559,0.0
DNS,c2,1008,0.63,1.3737286364302531e-06,0.9996890214360049,0.34632905046207285,4096,0,0,1.0,0.0,0.0,0,0.0,0.34632905046207285,0.0
DNS,c2,1009,0.630625,1.3808533603574824e-06,0.9996866460691637,0.34623954075411645,4096,0,0,1.0,0.0,0.0,0,0.0,0.34623954075411645,0.0
DNS,c2,1010,0.63125,1.3865229637660307e-06,0.9996842277755267,0.34615017470407017,4096,0,0,1.0,0.0,0.0,0,0.0,0.34615017470407017,0.0
DNS,c2,1011,0.631875,1.38985995423887e-06,0.9996817656026485,0.3460609518160092,4096,0,0,1.0,0.0,0.0,0,0.0,0.3460609518160092,0.0
DNS,c2,1012,0.6325000000000001,1.3933175439254774e-06,0.9996792585827338,0.3459718715948029,4096,0,0,1.0,0.0,0.0,0,0.0,0.3459718715948029,0.0
DNS,c2,1013,0.633125,1.396898664853271e-06,0.9996767057324805,0.34588293354611804,4096,0,0,1.0,0.0,0.0,0,0.0,0.34588293354611804,0.0
DNS,c2,1014,0.63375,1.4006062844947328e-06,0.999674106052925,0.34579413717642127,4096,0,0,1.0,0.0,0.0,0,0.0,0.34579413717642127,0.0
DNS,c2,1015,0.634375,1.404443406026613e-06,0.9996714585292849,0.3457054819929822,4096,0,0,1.0,0.0,0.0,0,0.0,0.3457054819929822,0.0
DNS,c2,1016,0.635,1.4084130685887897e-06,0.9996687621308034,0.34561696750387544,4096,0,0,1.0,0.0,0.0,0,0.0,0.34561696750387544,0.0
DNS,c2,1017,0.635625,1.412518347542692e-06,0.9996660158105924,0.3455285932179841,4096,0,0,1.0,0.0,0.0,0,0.0,0.3455285932179841,0.0
DNS,c2,1018,0.63625,1.4167623547292068e-06,0.9996632185054763,0.34544035864500194,4096,0,0,1.0,0.0,0.0,0,0.0,0.34544035864500194,0.0
DNS,c2,1019,0.636875,1.4211482387259715e-06,0.9996603691358351,0.3453522632954359,4096,0,0,1.0,0.0,0.0,0,0.0,0.3453522632954359,0.0
DNS,c2,1020,0.6375000000000001,1.425679185103972e-06,0.9996574666054477,0.34526430668060903,4096,0,0,1.0,0.0,0.0,0,0.0,0.34526430668060903,0.0
DNS,c2,1021,0.638125,1.4303584166833451e-06,0.999654509801336,0.3451764883126627,4096,0,0,1.0,0.0,0.0,0,0.0,0.3451764883126627,0.0
DNS,c2,1022,0.63875,1.4351891937882981e-06,0.9996514975936074,0.3450888077045592,4096,0,0,1.0,0.0,0.0,0,0.0,0.3450888077045592,0.0
DNS,c2,1023,0.639375,1.4401748145010457e-06,0.9996484288352993,0.34500126437008416,4096,0,0,1.0,0.0,0.0,0,0.0,0.34500126437008416,0.0
DNS,c2,1024,0.64,1.4453186149146704e-06,0.999645302362222,0.3449138578238489,4096,0,0,1.0,0.0,0.0,0,0.0,0.3449138578238489,0.0
DNS,c2,1025,0.640625,1.450623969384805e-06,0.9996421169928034,0.3448265875812933,4096,0,0,1.0,0.0,0.0,0,0.0,0.3448265875812933,0.0
DNS,c2,1026,0.64125,1.4560942907800396e-06,0.9996391073112,0.3447394531586874,4096,0,0,1.0,0.0,0.0,0,0.0,0.3447394531586874,0.0
DNS,c2,1027,0.641875,1.4617330307309495e-06,0.9996367112083386,0.34465245407313433,4096,0,0,1.0,0.0,0.0,0,0.0,0.34465245407313433,0.0
DNS,c2,1028,0.6425,1.4675436798776404e-06,0.9996342753209316,0.3445655898425721,4096,0,0,1.0,0.0,0.0,0,0.0,0.3445655898425721,0.0
DNS,c2,1029,0.6431250000000001,1.473529768115707e-06,0.9996317987455346,0.3444788599857764,4096,0,0,1.0,0.0,0.0,0,0.0,0.3444788599857764,0.0
DNS,c2,1030,0.64375,1.479694864840498e-06,0.9996292805640619,0.34439226402236245,4096,0,0,1.0,0.0,0.0,0,0.0,0.34439226402236245,0.0
DNS,c2,1031,0.644375,1.486042579189579e-06,0.9996267198436383,0.3443058014727874,4096,0,0,1.0,0.0,0.0,0,0.0,0.3443058014727874,0.0
DNS,c2,1032,0.645,1.4925765602832821e-06,0.9996241156364527,0.34421947185835233,4096,0,0,1.0,0.0,0.0,0,0.0,0.34421947185835233,0.0
DNS,c2,1033,0.645625,1.4993004974632357e-06,0.9996214669796095,0.3441332747012045,4096,0,0,1.0,0.0,0.0,0,0.0,0.3441332747012045,0.0
DNS,c2,1034,0.64625,1.5062181205287554e-06,0.9996187728949811,0.34404720952433937,4096,0,0,1.0,0.0,0.0,0,0.0,0.34404720952433937,0.0
DNS,c2,1035,0.646875,1.5133331999709865e-06,0.9996160323890598,0.34396127585160297,4096,0,0,1.0,0.0,0.0,0,0.0,0.34396127585160297,0.0
DNS,c2,1036,0.6475,1.5206495472046804e-06,0.9996132444528096,0.3438754732076935,4096,0,0,1.0,0.0,0.0,0,0.0,0.3438754732076935,0.0
DNS,c2,1037,0.6481250000000001,1.5244326942194486e-06,0.9996104080615182,0.34378980111816376,4096,0,0,1.0,0.0,0.0,0,0.0,0.34378980111816376,0.0
DNS,c2,1038,0.64875,1.5277968761842368e-06,0.9996075221746485,0.3437042591094228,4096,0,0,1.0,0.0,0.0,0,0.0,0.3437042591094228,0.0
DNS,c2,1039,0.649375,1.5312851022255626e-06,0.9996045857356903,0.3436188467087383,4096,0,0,1.0,0.0,0.0,0,0.0,0.3436188467087383,0.0
DNS,c2,1040,0.65,1.5349002671902475e-06,0.9996015976720121,0.34353356344423824,4096,0,0,1.0,0.0,0.0,0,0.0,0.34353356344423824,0.0
DNS,c3,0,0.0,0.0,0.0,0.0,0,0,4096,0.0,0.0,1.0,0,0.0,0.0,0.0
DNS,c3,1,0.000625,0.0,0.0013702803185104747,5.905033716616001e-05,3264,0,832,0.796875,0.0,0.203125,0,0.0,5.905033716616001e-05,0.0
DNS,c3,2,0.00125,0.0,0.0028121644126010772,0.00011903158768861985,3776,0,320,0.921875,0.0,0.078125,0,0.0,0.00011903158768861985,0.0
DNS,c3,3,0.001875,1.5391355219590194e-36,0.004283620190570755,0.0001799122010334199,4096,0,0,1.0,0.0,0.0,0,0.0,0.0001799122010334199,0.0
DNS,c3,4,0.0025,9.561679427257566e-35,0.005745897024732129,0.00024166270699351182,4096,0,0,1.0,0.0,0.0,0,0.0,0.00024166270699351182,0.0
DNS,c3,5,0.003125,1.4410638655533632e-33,0.007164119709928696,0.0003042555523732823,4096,0,0,1.0,0.0,0.0,0,0.0,0.0003042555523732823,0.0
DNS,c3,6,0.00375,1.1662475435326066e-32,0.008513804423824519,0.0003676649539195244,4096,0,0,1.0,0.0,0.0,0,0.0,0.0003676649539195244,0.0
DNS,c3,7,0.004375,6.502676026482059e-32,0.009823845950920961,0.0004318667655926786,4096,0,0,1.0,0.0,0.0,0,0.0,0.0004318667655926786,0.0
DNS,c3,8,0.005,2.8123358434912606e-31,0.011113246311660363,0.0004968383585153364,4096,0,0,1.0,0.0,0.0,0,0.0,0.0004968383585153364,0.0
DNS,c3,9,0.005625,1.0094463441278333e-30,0.012376180831702317,0.0005625585121452305,4096,0,0,1.0,0.0,0.0,0,0.0,0.0005625585121452305,0.0
DNS,c3,10,0.00625,3.1388456226693442e-30,0.013614824122269125,0.0006290073154023416,4096,0,0,1.0,0.0,0.0,0,0.0,0.0006290073154023416,0.0
DNS,c3,11,0.006875,8.705789609850361e-30,0.014833486721078135,0.0006961660766384351,4096,0,0,1.0,0.0,0.0,0,0.0,0.0006961660766384351,0.0
DNS,c3,12,0.0075,2.1992551451276793e-29,0.016032851275721773,0.000764017241475572,4096,0,0,1.0,0.0,0.0,0,0.0,0.000764017241475572,0.0
DNS,c3,13,0.008125,5.139512570416755e-29,0.017216269510995655,0.0008325443176606291,4096,0,0,1.0,0.0,0.0,0,0.0,0.0008325443176606291,0.0
DNS,c3,14,0.00875,1.124389272017158e-28,0.018381611979635507,0.0009017318061878663,4096,0,0,1.0,0.0,0.0,0,0.0,0.0009017318061878663,0.0
DNS,c3,15,0.009375,2.324421614205358e-28,0.01950980134099804,0.0009715651380330315,4096,0,0,1.0,0.0,0.0,0,0.0,0.0009715651380330315,0.0
DNS,c3,16,0.01,4.574677272995573e-28,0.02059971884340564,0.0010420306159220835,4096,0,0,1.0,0.0,0.0,0,0.0,0.0010420306159220835,0.0
DNS,c3,17,0.010625,8.623659611602375e-28,0.02174294799974427,0.0011131153606268322,4096,0,0,1.0,0.0,0.0,0,0.0,0.0011131153606268322,0.0
DNS,c3,18,0.01125,1.564892380865169e-27,0.022864183989031468,0.0011848072613399806,4096,0,0,1.0,0.0,0.0,0,0.0,0.0011848072613399806,0.0
DNS,c3,19,0.011875,-3.840252648502968e-05,0.023962029042242986,0.0012570949297343696,4092,4,0,0.9990234375,0.0009765625,0.0,4,0.0009765625,0.001257124891910134,-2.996217576436811e-08
DNS,c3,20,0.0125,-6.575866370545059e-05,0.025048526191561768,0.0013299676573567552,4092,4,0,0.9990234375,0.0009765625,0.0,4,0.0009765625,0.0013300259669585504,-5.8309601795307126e-08
DNS,c3,21,0.013125,-8.12336470574575e-05,0.026114984977442364,0.0014034153760460887,4090,6,0,0.99853515625,0.00146484375,0.0,6,0.00146484375,0.001403497292069322,-8.191602323312735e-08
DNS,c3,22,0.01375,-8.573417975533615e-05,0.027159391271232798,0.0014774286211008559,4090,6,0,0.99853515625,0.00146484375,0.0,6,0.00146484375,0.0014775229619499576,-9.434084910159352e-08
DNS,c3,23,0.014375,-8.034589933268196e-05,0.02818179000366401,0.001551998496950264,4088,8,0,0.998046875,0.001953125,0.0,8,0.001953125,0.0015520951829154513,-9.668596518693807e-08
DNS,c3,24,0.015,-6.714489535910484e-05,0.029182286101536094,0.001627116645110537,4088,8,0,0.998046875,0.001953125,0.0,8,0.001953125,0.0016272010533122543,-8.440820171726613e-08
DNS,c3,25,0.015625,-4.8469010990039356e-05,0.03016103748502405,0.0017027752142308337,4086,10,0,0.99755859375,0.00244140625,0.0,10,0.00244140625,0.0017028338341904762,-5.8619959642493994e-08
DNS,c3,26,0.01625,-0.0002486860635358794,0.031118248745030375,0.0017789668320537535,4086,10,0,0.99755859375,0.00244140625,0.0,10,0.00244140625,0.0017791957859578022,-2.289539040489133e-07
DNS,c3,27,0.016875,-0.00046064969229415,0.032054165448419124,0.0018556845791334264,4092,4,0,0.9990234375,0.0009765625,0.0,4,0.0009765625,0.001856105930692069,-4.2135155864288354e-07
DNS,c3,28,0.0175,-0.0006388042016756059,0.0329690690202381,0.001932921964170118,4090,6,0,0.99853515625,0.00146484375,0.0,6,0.00146484375,0.0019336120994131699,-6.901352430515109e-07
DNS,c3,29,0.018125,-0.0007840517287994178,0.03395048556913939,0.0020106729008343704,4088,8,0,0.998046875,0.001953125,0.0,8,0.001953125,0.0020116790958848033,-1.0061950504324036e-06
DNS,c3,30,0.01875,-0.0008977612905014486,0.03497179640934464,0.0020889316859661836,4084,12,0,0.9970703125,0.0029296875,0.0,12,0.0029296875,0.002090203851199845,-1.2721652336613968e-06
DNS,c3,31,0.019375,-0.0009816806359626358,0.035984016464504456,0.0021676929790458224,4084,12,0,0.9970703125,0.0029296875,0.0,12,0.0029296875,0.002169174645720556,-1.4816666747334553e-06
DNS,c3,32,0.02,-0.0010378534887818633,0.03698722064157096,0.002246951782842667,4084,12,0,0.9970703125,0.0029296875,0.0,12,0.0029296875,0.0022485894185982325,-1.6376357555656406e-06
DNS,c3,33,0.020625,-0.0010769785439423158,0.03798147912411577,0.0023267034251572777,4084,12,0,0.9970703125,0.0029296875,0.0,12,0.0029296875,0.0023284472902999603,-1.7438651426826466e-06
DNS,c3,34,0.02125,-0.001094405519911107,0.03896685738862786,0.0024069435415796214,4084,12,0,0.9970703125,0.0029296875,0.0,12,0.0029296875,0.002408748029106866,-1.8044875272445433e-06
DNS,c3,35,0.021875000000000002,-0.0010905999471442843,0.03994341627799814,0.0024876680591933596,4084,12,0,0.9970703125,0.0029296875,0.0,12,0.0029296875,0.002489491918058191,-1.8238588648313466e-06
DNS,c3,36,0.0225,-0.0010680257977376706,0.04091121212454213,0.0025688731811622893,4082,14,0,0.99658203125,0.00341796875,0.0,14,0.00341796875,0.0025706797010280847,-1.806519865794956e-06
DNS,c3,37,0.023125,-0.0010291474807341626,0.04187029691544199,0.00265055537214057,4082,14,0,0.99658203125,0.00341796875,0.0,14,0.00341796875,0.002652312693584058,-1.7573214434882752e-06
DNS,c3,38,0.02375,-0.0009763882123110921,0.04282071849403428,0.002732711344453323,4082,14,0,0.99658203125,0.00341796875,0.0,14,0.00341796875,0.0027343915548552183,-1.6802104018951478e-06
DNS,c3,39,0.024375,-0.0009120949889995716,0.043762520790916894,0.0028153380449986638,4076,20,0,0.9951171875,0.0048828125,0.0,20,0.0048828125,0.002817176565292882,-1.8385202942182503e-06
DNS,c3,40,0.025,-0.0008385098252088009,0.044695744079387166,0.002898432642826174,4076,20,0,0.9951171875,0.0048828125,0.0,20,0.0048828125,0.002900487991079822,-2.0553482536483792e-06
DNS,c3,41,0.025625000000000002,-0.0009295808995171688,0.0456204252502458,0.0029819925173504903,4076,20,0,0.9951171875,0.0048828125,0.0,20,0.0048828125,0.002984195621015872,-2.203103665381364e-06
DNS,c3,42,0.02625,-0.0011529067896445398,0.04653659810150104,0.003066015247161851,4074,22,0,0.99462890625,0.00537109375,0.0,22,0.00537109375,0.0030683965093802426,-2.381262218391575e-06
DNS,c3,43,0.026875,-0.0013324128039310145,0.04744429363898019,0.0031504985993984153,4072,24,0,0.994140625,0.005859375,0.0,24,0.005859375,0.003153034145944215,-2.535546545799983e-06
DNS,c3,44,0.0275,-0.001470915258069321,0.048343540384298174,0.003235440519647809,4072,24,0,0.994140625,0.005859375,0.0,24,0.005859375,0.0032381630541458485,-2.722534498039103e-06
DNS,c3,45,0.028125,-0.0015714289693232752,0.04923436468704344,0.0033208391223477286,4072,24,0,0.994140625,0.005859375,0.0,24,0.005859375,0.003323668074266124,-2.8289519183953355e-06
DNS,c3,46,0.02875,-0.0016456921854961283,0.05011679103841901,0.0034066926816576125,4074,22,0,0.99462890625,0.00537109375,0.0,22,0.00537109375,0.0034095624173802385,-2.8697357226261297e-06
DNS,c3,47,0.029375000000000002,-0.001701206422705932,0.050990842383922,0.003492999622775381,4074,22,0,0.99462890625,0.00537109375,0.0,22,0.00537109375,0.003495856268441595,-2.8566456662136104e-06
DNS,c3,48,0.03,-0.0017270884998721904,0.0518565404329578,0.003579758513675016,4076,20,0,0.9951171875,0.0048828125,0.0,20,0.0048828125,0.003582548809891669,-2.7902962166531713e-06
DNS,c3,49,0.030625,-0.0017264724674655597,0.05273029914094581,0.0036669680572423984,4076,20,0,0.9951171875,0.0048828125,0.0,20,0.0048828125,0.0036696928941501684,-2.724836907770442e-06
DNS,c3,50,0.03125,-0.0017024490487845365,0.05360159075794335,0.003754627083788333,4078,18,0,0.99560546875,0.00439453125,0.0,18,0.00439453125,0.0037572872664387138,-2.66018265038044e-06
DNS,c3,51,0.031875,-0.00165803030340494,0.054467731879997115,0.0038427345439190196,4080,16,0,0.99609375,0.00390625,0.0,16,0.00390625,0.003845318196630845,-2.583652711825789e-06
DNS,c3,52,0.0325,-0.0015961198768436457,0.05532887796748569,0.003931289501745532,4082,14,0,0.99658203125,0.00341796875,0.0,14,0.00341796875,0.003933781086512557,-2.491584767024471e-06
DNS,c3,53,0.033125,-0.001519488549862624,0.056185179559407994,0.004020291128414986,4080,16,0,0.99609375,0.00390625,0.0,16,0.00390625,0.004022861002882653,-2.5698744676687676e-06
DNS,c3,54,0.03375,-0.0014307547514720298,0.05703678220215561,0.004109738695947128,4080,16,0,0.99609375,0.00390625,0.0,16,0.00390625,0.004112515818820592,-2.777122873462982e-06
DNS,c3,55,0.034375,-0.0013323696642742477,0.0578838263872222,0.004199631571361112,4080,16,0,0.99609375,0.00390625,0.0,16,0.00390625,0.004202568051965335,-2.9364806042225817e-06
DNS,c3,56,0.035,-0.0012956102834436433,0.05872644749750435,0.004289969211078036,4078,18,0,0.99560546875,0.00439453125,0.0,18,0.00439453125,0.004292999725345631,-3.0305142675948884e-06
DNS,c3,57,0.035625000000000004,-0.0015001665027417725,0.05956477576193438,0.004380751155585752,4076,20,0,0.9951171875,0.0048828125,0.0,20,0.0048828125,0.0043839025452506375,-3.151389664884878e-06
DNS,c3,58,0.03625,-0.0016607624230370798,0.06039893621825384,0.004471977024353145,4076,20,0,0.9951171875,0.0048828125,0.0,20,0.0048828125,0.004475209063374561,-3.232039021416605e-06
DNS,c3,59,0.036875,-0.0017806919322708834,0.06122904868379012,0.004563646510981841,4076,20,0,0.9951171875,0.0048828125,0.0,20,0.0048828125,0.004566892630288842,-3.2461193070014882e-06
DNS,c3,60,0.0375,-0.0018633051801170066,0.062055227734138185,0.004655759378583972,4076,20,0,0.9951171875,0.0048828125,0.0,20,0.0048828125,0.004658960606996578,-3.201228412606637e-06
DNS,c3,61,0.038125,-0.0019119648537207832,0.06287758268967827,0.0047483154553752075,4074,22,0,0.99462890625,0.00537109375,0.0,22,0.00537109375,0.0047514442020242555,-3.1287466490482465e-06
DNS,c3,62,0.03875,-0.001930007262633336,0.0636962176098793,0.004841314630472875,4076,20,0,0.9951171875,0.0048828125,0.0,20,0.0048828125,0.004844393985738666,-3.0793552657917195e-06
DNS,c3,63,0.039375,-0.001920708189905915,0.06451123129534823,0.004934756849889527,4076,20,0,0.9951171875,0.0048828125,0.0,20,0.0048828125,0.004937774605504129,-3.0177556146021048e-06
DNS,c3,64,0.04,-0.0018985665823925404,0.0653227172975896,0.0050286421127127955,4076,20,0,0.9951171875,0.0048828125,0.0,20,0.0048828125,0.005031550439917236,-2.9083272044411083e-06
DNS,c3,65,0.040625,-0.001875512202522183,0.06613076393643705,0.005122970467462861,4076,20,0,0.9951171875,0.0048828125,0.0,20,0.0048828125,0.0051257282435555485,-2.7577760926879603e-06
DNS,c3,66,0.04125,-0.0018322340036785126,0.06693545432511248,0.00521774200861932,4078,18,0,0.99560546875,0.00439453125,0.0,18,0.00439453125,0.005220341017503391,-2.5990088840706786e-06
DNS,c3,67,0.041875,-0.0017714832611162076,0.06773686640285712,0.005312956873309613,4078,18,0,0.99560546875,0.00439453125,0.0,18,0.00439453125,0.005315384276478253,-2.427403168639734e-06
DNS,c3,68,0.0425,-0.0016958669514484843,0.06853507297506577,0.005408615238151608,4080,16,0,0.99609375,0.00390625,0.0,16,0.00390625,0.005411008071073364,-2.392832921755859e-06
DNS,c3,69,0.043125000000000004,-0.0016078367466613862,0.06933014176083926,0.005504717316243274,4082,14,0,0.99658203125,0.00341796875,0.0,14,0.00341796875,0.005507136475543549,-2.4191593002747197e-06
DNS,c3,70,0.043750000000000004,-0.0015096811065987569,0.07012213544785253,0.005601263354292725,4080,16,0,0.99609375,0.00390625,0.0,16,0.00390625,0.005603675680163831,-2.412325871106473e-06
DNS,c3,71,0.044375,-0.0014035201825940676,0.07091111175441661,0.005698253629882284,4080,16,0,0.99609375,0.00390625,0.0,16,0.00390625,0.005700761194482002,-2.5075645997178028e-06
DNS,c3,72,0.045,-0.001392593248449759,0.07169712349859368,0.005795688448860447,4080,16,0,0.99609375,0.00390625,0.0,16,0.00390625,0.005798235403481806,-2.546954621359681e-06
DNS,c3,73,0.045625,-0.0015573417245367592,0.07248021867420398,0.005893568142856008,4080,16,0,0.99609375,0.00390625,0.0,16,0.00390625,0.005896196052333894,-2.6279094778854783e-06
DNS,c3,74,0.04625,-0.0016834001093640064,0.07326044053354372,0.0059918930669088065,4080,16,0,0.99609375,0.00390625,0.0,16,0.00390625,0.005994536716567446,-2.643649658639377e-06
DNS,c3,75,0.046875,-0.0017738752632115357,0.07403782767661338,0.006090663597211866,4082,14,0,0.99658203125,0.00341796875,0.0,14,0.00341796875,0.0060933158977244835,-2.652300512616537e-06
DNS,c3,76,0.0475,-0.0018318467636129513,0.0748124141466372,0.006189880128959942,4082,14,0,0.99658203125,0.00341796875,0.0,14,0.00341796875,0.006192498219624768,-2.618090664826194e-06
DNS,c3,77,0.048125,-0.0018603410700815083,0.07558422953163592,0.006289543074299672,4082,14,0,0.99658203125,0.00341796875,0.0,14,0.00341796875,0.006292081999354892,-2.5389250552195826e-06
DNS,c3,78,0.04875,-0.0018623089876354671,0.07635329907179828,0.006389652860376837,4082,14,0,0.99658203125,0.00341796875,0.0,14,0.00341796875,0.0063920733128535485,-2.420452476712148e-06
DNS,c3,79,0.049375,-0.0018406063191869129,0.07711964377238016,0.006490209927476372,4084,12,0,0.9970703125,0.0029296875,0.0,12,0.0029296875,0.00649247913037692,-2.2692029005480864e-06
DNS,c3,80,0.05,-0.0017979775685747843,0.07788328052184591,0.0065912147272510135,4086,10,0,0.99755859375,0.00244140625,0.0,10,0.00244140625,0.00659332672991688,-2.112002665866103e-06
DNS,c3,81,0.050625,-0.00173704253343454,0.07864422221495272,0.006692667721034641,4088,8,0,0.998046875,0.001953125,0.0,8,0.001953125,0.006694635011870186,-1.9672908355465494e-06
DNS,c3,82,0.051250000000000004,-0.0016602856097635717,0.07940247788046684,0.006794569378236548,4088,8,0,0.998046875,0.001953125,0.0,8,0.001953125,0.0067964051235064465,-1.8357452698976883e-06
DNS,c3,83,0.051875000000000004,-0.0015700476174975077,0.08015805281319008,0.0068969201748130884,4088,8,0,0.998046875,0.001953125,0.0,8,0.001953125,0.006898604910401859,-1.6847355887695263e-06
DNS,c3,84,0.0525,-0.00146851994817972,0.08091094870996571,0.006999720591813236,4090,6,0,0.99853515625,0.00146484375,0.0,6,0.00146484375,0.007001257716994902,-1.5371251816658266e-06
DNS,c3,85,0.053125,-0.0013577408314049487,0.08166116380932548,0.007102971113994831,4090,6,0,0.99853515625,0.00146484375,0.0,6,0.00146484375,0.007104369655811881,-1.3985418170498907e-06
DNS,c3,86,0.05375,-0.001239593515675986,0.08240869303443338,0.007206672228508378,4088,8,0,0.998046875,0.001953125,0.0,8,0.001953125,0.007208048510689022,-1.376282180644966e-06
DNS,c3,87,0.054375,-0.001115806161172926,0.08315352813897718,0.007310824423645434,4088,8,0,0.998046875,0.001953125,0.0,8,0.001953125,0.007312163399718236,-1.33897607280129e-06
DNS,c3,88,0.055,-0.001008116518232092,0.0838956578556558,0.0074154281876487455,4090,6,0,0.99853515625,0.00146484375,0.0,6,0.00146484375,0.007416762117795012,-1.3339301462672566e-06
DNS,c3,89,0.055625,-0.0009135806195619727,0.08463506804690864,0.007520484007581414,4090,6,0,0.99853515625,0.00146484375,0.0,6,0.00146484375,0.00752179138374579,-1.3073761643768554e-06
DNS,c3,90,0.05625,-0.0010563823717927297,0.08537174185753328,0.0076259923682525255,4088,8,0,0.998046875,0.001953125,0.0,8,0.001953125,0.007627290816768903,-1.298448516376349e-06
DNS,c3,91,0.056875,-0.0011668286035884587,0.08610565986883831,0.0077319537511967565,4088,8,0,0.998046875,0.001953125,0.0,8,0.001953125,0.007733243355802974,-1.2896046062169297e-06
DNS,c3,92,0.0575,-0.0012474835426822563,0.08683680025398119,0.007838368633705598,4088,8,0,0.998046875,0.001953125,0.0,8,0.001953125,0.007839619282329582,-1.2506486239852715e-06
DNS,c3,93,0.058125,-0.0013008554650739924,0.087565138934144,0.007945237487907956,4088,8,0,0.998046875,0.001953125,0.0,8,0.001953125,0.007946422423411491,-1.1849355035365844e-06
DNS,c3,94,0.058750000000000004,-0.0013293827814267864,0.08829064973520517,0.008052560779897964,4086,10,0,0.99755859375,0.00244140625,0.0,10,0.00244140625,0.008053674854639353,-1.1140747413884622e-06
DNS,c3,95,0.059375000000000004,-0.0013354221325467036,0.08901330454457082,0.008160338968907962,4086,10,0,0.99755859375,0.00244140625,0.0,10,0.00244140625,0.008161383043755166,-1.0440748472033783e-06
DNS,c3,96,0.06,-0.0013212383962506098,0.0897330734678363,0.00826857250652467,4088,8,0,0.998046875,0.001953125,0.0,8,0.001953125,0.008269537195547058,-9.646890223881177e-07
DNS,c3,97,0.060625,-0.0012889964979530119,0.09044992498495642,0.00837726183594668,4088,8,0,0.998046875,0.001953125,0.0,8,0.001953125,0.008378159406378533,-8.975704318519206e-07
DNS,c3,98,0.06125,-0.0012407549098781788,0.09116382610561148,0.008486407391281495,4090,6,0,0.99853515625,0.00146484375,0.0,6,0.00146484375,0.008487240631908288,-8.332406267928743e-07
DNS,c3,99,0.061875,-0.0011784607186952631,0.09187474252346543,0.008596009596880352,4090,6,0,0.99853515625,0.00146484375,0.0,6,0.00146484375,0.008596778510632778,-7.689137524258804e-07
DNS,c3,100,0.0625,-0.0011039461383458525,0.09258263876902321,0.008706068866709271,4090,6,0,0.99853515625,0.00146484375,0.0,6,0.00146484375,0.008706753547263489,-6.846805542162725e-07
DNS,c3,101,0.063125,-0.0010189263436518325,0.09328747836080463,0.008816585603754677,4092,4,0,0.9990234375,0.0009765625,0.0,4,0.0009765625,0.008817181543894666,-5.959401399897238e-07
DNS,c3,102,0.06375,-0.0009249985007287695,0.09398922395456386,0.008927560199462163,4092,4,0,0.9990234375,0.0009765625,0.0,4,0.0009765625,0.008928091999694156,-5.318002319939955e-07
DNS,c3,103,0.064375,-0.0008236418720668972,0.09468783749029537,0.009038993033206951,4092,4,0,0.9990234375,0.0009765625,0.0,4,0.0009765625,0.009039452021236474,-4.5898802952289076e-07
DNS,c3,104,0.065,-0.0007162188771696317,0.09538328033677965,0.009150884471794673,4092,4,0,0.9990234375,0.0009765625,0.0,4,0.0009765625,0.00915126331513701,-3.788433423369388e-07
DNS,c3,105,0.065625,-0.0006039769936622435,0.09607551343343437,0.009263234868991162,4094,2,0,0.99951171875,0.00048828125,0.0,2,0.00048828125,0.009263529779632598,-2.9491064143664134e-07
DNS,c3,106,0.06625,-0.00048805138861842475,0.0967644974292502,0.009376044565080031,4094,2,0,0.99951171875,0.00048828125,0.0,2,0.00048828125,0.00937628287142213,-2.3830634209883923e-07
DNS,c3,107,0.066875,-0.0003694681753320045,0.09745019281860301,0.009489313886446828,4094,2,0,0.99951171875,0.00048828125,0.0,2,0.00048828125,0.009489494290829313,-1.8040438248632935e-07
DNS,c3,108,0.0675,-0.0002491481967317868,0.0981325600737484,0.009603043145188606,4094,2,0,0.99951171875,0.00048828125,0.0,2,0.00048828125,0.00960316479958154,-1.2165439293544183e-07
DNS,c3,109,0.068125,-0.00012791124296117074,0.09881155977381709,0.009717232638747863,4094,2,0,0.99951171875,0.00048828125,0.0,2,0.00048828125,0.009717295095409464,-6.245666160213321e-08
DNS,c3,110,0.06875,-6.480617197340808e-06,0.09948715273014401,0.009831882649569763,4094,2,0,0.99951171875,0.00048828125,0.0,2,0.00048828125,0.00983188581393363,-3.1643638658881597e-09
DNS,c3,111,0.069375,1.2930757454429992e-19,0.10015930010777709,0.00994699344478166,4096,0,0,1.0,0.0,0.0,0,0.0,0.00994699344478166,0.0
DNS,c3,112,0.07,1.4223663952083434e-19,0.10082796354302535,0.01006256527589396,4096,0,0,1.0,0.0,0.0,0,0.0,0.01006256527589396,0.0
DNS,c3,113,0.07062500000000001,1.5633366237097603e-19,0.10149310525691935,0.010178598378521406,4096,0,0,1.0,0.0,0.0,0,0.0,0.010178598378521406,0.0
DNS,c3,114,0.07125000000000001,1.7165717075224737e-19,0.10215468816447024,0.010295092972123927,4096,0,0,1.0,0.0,0.0,0,0.0,0.010295092972123927,0.0
DNS,c3,115,0.07187500000000001,1.8838519297275125e-19,0.10281267597962697,0.010412049259766173,4096,0,0,1.0,0.0,0.0,0,0.0,0.010412049259766173,0.0
DNS,c3,116,0.0725,2.0664040639954912e-19,0.10346703331584388,0.01052946742789498,4096,0,0,1.0,0.0,0.0,0,0.0,0.01052946742789498,0.0
DNS,c3,117,0.073125,2.265561920549881e-19,0.10411772578218366,0.010647347646133965,4096,0,0,1.0,0.0,0.0,0,0.0,0.010647347646133965,0.0
DNS,c3,118,0.07375,2.4827766953255656e-19,0.10476472007489307,0.010765690067094507,4096,0,0,1.0,0.0,0.0,0,0.0,0.010765690067094507,0.0
DNS,c3,119,0.074375,2.7196285955773977e-19,0.10540798406440094,0.010884494826202459,4096,0,0,1.0,0.0,0.0,0,0.0,0.010884494826202459,0.0
DNS,c3,120,0.075,2.9778399491123816e-19,0.1060474868776995,0.011003762041539838,4096,0,0,1.0,0.0,0.0,0,0.0,0.011003762041539838,0.0
DNS,c3,121,0.075625,3.2592900436129213e-19,0.10668319897608182,0.011123491813700932,4096,0,0,1.0,0.0,0.0,0,0.0,0.011123491813700932,0.0
DNS,c3,122,0.07625,3.5660319895605134e-19,0.10731509222821872,0.011243684225662132,4096,0,0,1.0,0.0,0.0,0,0.0,0.011243684225662132,0.0
DNS,c3,123,0.076875,3.900311956557767e-19,0.1079431399785699,0.011364339342664925,4096,0,0,1.0,0.0,0.0,0,0.0,0.011364339342664925,0.0
DNS,c3,124,0.0775,4.2645912001571037e-19,0.10856731711113321,0.011485457212111496,4096,0,0,1.0,0.0,0.0,0,0.0,0.011485457212111496,0.0
DNS,c3,125,0.078125,4.661023798312033e-19,0.10918760010854703,0.011607037863472346,4096,0,0,1.0,0.0,0.0,0,0.0,0.011607037863472346,0.0
DNS,c3,126,0.07875,5.08653427635794e-19,0.10980396710656906,0.011729081308205463,4096,0,0,1.0,0.0,0.0,0,0.0,0.011729081308205463,0.0
DNS,c3,127,0.079375,5.548823261540549e-19,0.11041639794396461,0.011851587539686475,4096,0,0,1.0,0.0,0.0,0,0.0,0.011851587539686475,0.0
DNS,c3,128,0.08,6.050998926139695e-19,0.1110248742078455,0.011974556533149355,4096,0,0,1.0,0.0,0.0,0,0.0,0.011974556533149355,0.0
DNS,c3,129,0.080625,6.596447649141214e-19,0.11162937927450903,0.012097988245637226,4096,0,0,1.0,0.0,0.0,0,0.0,0.012097988245637226,0.0
DNS,c3,130,0.08125,7.18886429615577e-19,0.11222989834583419,0.012221882615962739,4096,0,0,1.0,0.0,0.0,0,0.0,0.012221882615962739,0.0
DNS,c3,131,0.081875,7.832286860809794e-19,0.11282641848129932,0.01234623956467772,4096,0,0,1.0,0.0,0.0,0,0.0,0.01234623956467772,0.0
DNS,c3,132,0.0825,8.5311362325244035e-19,0.11341892862569229,0.012471058994051563,4096,0,0,1.0,0.0,0.0,0,0.0,0.012471058994051563,0.0
DNS,c3,133,0.083125,9.290261998897422e-19,0.1140074196325908,0.012596340788058071,4096,0,0,1.0,0.0,0.0,0,0.0,0.012596340788058071,0.0
DNS,c3,134,0.08375,1.0114995360823299e-18,0.11459188428369586,0.01272208481237028,4096,0,0,1.0,0.0,0.0,0,0.0,0.01272208481237028,0.0
DNS,c3,135,0.084375,1.1011210439777652e-18,0.11517231730410758,0.012848290914363007,4096,0,0,1.0,0.0,0.0,0,0.0,0.012848290914363007,0.0
DNS,c3,136,0.085,1.19853954949117e-18,0.11574871537363696,0.012974958923122667,4096,0,0,1.0,0.0,0.0,0,0.0,0.012974958923122667,0.0
DNS,c3,137,0.085625,1.303594343017383e-18,0.11632107713425223,0.01310208864946412,4096,0,0,1.0,0.0,0.0,0,0.0,0.01310208864946412,0.0
DNS,c3,138,0.08625000000000001,1.415562117634569e-18,0.11688940319376266,0.013229679885954162,4096,0,0,1.0,0.0,0.0,0,0.0,0.013229679885954162,0.0
DNS,c3,139,0.08687500000000001,1.5367732446649774e-18,0.11745369612584615,0.013357732406941386,4096,0,0,1.0,0.0,0.0,0,0.0,0.013357732406941386,0.0
DNS,c3,140,0.08750000000000001,1.6680018976286512e-18,0.11801396046653091,0.013486245968592124,4096,0,0,1.0,0.0,0.0,0,0.0,0.013486245968592124,0.0
DNS,c3,141,0.088125,1.8100961745154284e-18,0.11857020270724423,0.013615220308932138,4096,0,0,1.0,0.0,0.0,0,0.0,0.013615220308932138,0.0
DNS,c3,142,0.08875,1.963987245847606e-18,0.11912243128454408,0.013744655147893855,4096,0,0,1.0,0.0,0.0,0,0.0,0.013744655147893855,0.0
DNS,c3,143,0.089375,2.1306999465812713e-18,0.11967065656665182,0.013874550187368846,4096,0,0,1.0,0.0,0.0,0,0.0,0.013874550187368846,0.0
DNS,c3,144,0.09,2.3113650665598026e-18,0.12021489083690604,0.014004905111265276,4096,0,0,1.0,0.0,0.0,0,0.0,0.014004905111265276,0.0
DNS,c3,145,0.090625,2.5072336397220746e-18,0.12075514827425936,0.014135719585570146,4096,0,0,1.0,0.0,0.0,0,0.0,0.014135719585570146,0.0
DNS,c3,146,0.09125,2.7196935856279454e-18,0.12129144493094134,0.014266993258416039,4096,0,0,1.0,0.0,0.0,0,0.0,0.014266993258416039,0.0
DNS,c3,147,0.091875,2.9502891193899276e-18,0.12182379870741158,0.014398725760152152,4096,0,0,1.0,0.0,0.0,0,0.0,0.014398725760152152,0.0
DNS,c3,148,0.0925,3.2007434192884597e-18,0.12235222932472807,0.014530916703419454,4096,0,0,1.0,0.0,0.0,0,0.0,0.014530916703419454,0.0
DNS,c3,149,0.093125,3.4654869547131382e-18,0.12287675829445573,0.014663565683229664,4096,0,0,1.0,0.0,0.0,0,0.0,0.014663565683229664,0.0
DNS,c3,150,0.09375,3.747852772495863e-18,0.12339740888624105,0.014796672277047958,4096,0,0,1.0,0.0,0.0,0,0.0,0.014796672277047958,0.0
DNS,c3,151,0.094375,4.052775500709043e-18,0.12391420609317802,0.014930236044879142,4096,0,0,1.0,0.0,0.0,0,0.0,0.014930236044879142,0.0
DNS,c3,152,0.095,4.382173296939992e-18,0.1244271765950903,0.015064256529357119,4096,0,0,1.0,0.0,0.0,0,0.0,0.015064256529357119,0.0
DNS,c3,153,0.095625,4.738163617039603e-18,0.12493634871985429,0.01519873325583751,4096,0,0,1.0,0.0,0.0,0,0.0,0.01519873325583751,0.0
DNS,c3,154,0.09625,5.123090361803204e-18,0.1254727430169612,0.015333665732493191,4096,0,0,1.0,0.0,0.0,0,0.0,0.015333665732493191,0.0
DNS,c3,155,0.096875,5.539555433974423e-18,0.12603640105415992,0.01546905345041268,4096,0,0,1.0,0.0,0.0,0,0.0,0.01546905345041268,0.0
DNS,c3,156,0.0975,5.9904554589599705e-18,0.1265969222821004,0.015604895883701082,4096,0,0,1.0,0.0,0.0,0,0.0,0.015604895883701082,0.0
DNS,c3,157,0.098125,6.479024549207595e-18,0.1271543615609522,0.015741192489583604,4096,0,0,1.0,0.0,0.0,0,0.0,0.015741192489583604,0.0
DNS,c3,158,0.09875,7.008884139120848e-18,0.1277087726672332,0.015877942708511335,4096,0,0,1.0,0.0,0.0,0,0.0,0.015877942708511335,0.0
DNS,c3,159,0.099375,7.584101087758644e-18,0.12826771389474453,0.016015145964269263,4096,0,0,1.0,0.0,0.0,0,0.0,0.016015145964269263,0.0
DNS,c3,160,0.1,8.209255443932393e-18,0.1288410819330195,0.016152801664086357,4096,0,0,1.0,0.0,0.0,0,0.0,0.016152801664086357,0.0
DNS,c3,161,0.100625,8.859541113625683e-18,0.12940691304504082,0.016290909198747545,4096,0,0,1.0,0.0,0.0,0,0.0,0.016290909198747545,0.0
DNS,c3,162,0.10125,9.549563529394904e-18,0.12996520850997378,0.016429467942707554,4096,0,0,1.0,0.0,0.0,0,0.0,0.016429467942707554,0.0
DNS,c3,163,0.10187500000000001,1.0293610051168458e-17,0.13051597544945462,0.016568477254206397,4096,0,0,1.0,0.0,0.0,0,0.0,0.016568477254206397,0.0
DNS,c3,164,0.10250000000000001,1.109642309035228e-17,0.13105922672013562,0.016707936475386438,4096,0,0,1.0,0.0,0.0,0,0.0,0.016707936475386438,0.0
DNS,c3,165,0.10312500000000001,1.1963277094852986e-17,0.1315949808011089,0.016847844932410948,4096,0,0,1.0,0.0,0.0,0,0.0,0.016847844932410948,0.0
DNS,c3,166,0.10375000000000001,1.2900054657994322e-17,0.1321232616765102,0.016988201935583983,4096,0,0,1.0,0.0,0.0,0,0.0,0.016988201935583983,0.0
DNS,c3,167,0.104375,1.3913334842462337e-17,0.1326440987136033,0.017129006779471528,4096,0,0,1.0,0.0,0.0,0,0.0,0.017129006779471528,0.0
DNS,c3,168,0.105,1.501049570518033e-17,0.13315752653664506,0.017270258743023792,4096,0,0,1.0,0.0,0.0,0,0.0,0.017270258743023792,0.0
DNS,c3,169,0.105625,1.6199833321647147e-17,0.1336635848968292,0.01741195708969858,4096,0,0,1.0,0.0,0.0,0,0.0,0.01741195708969858,0.0
DNS,c3,170,0.10625,1.7490699967718683e-17,0.13416231853860514,0.017554101067585592,4096,0,0,1.0,0.0,0.0,0,0.0,0.017554101067585592,0.0
DNS,c3,171,0.106875,1.8893664529676232e-17,0.13466303327217763,0.01769668990953164,4096,0,0,1.0,0.0,0.0,0,0.0,0.01769668990953164,0.0
DNS,c3,172,0.1075,2.0420698687180385e-17,0.13518008607153223,0.01783972283326665,4096,0,0,1.0,0.0,0.0,0,0.0,0.01783972283326665,0.0
DNS,c3,173,0.108125,2.2085392956805542e-17,0.135694787353122,0.01798319904153036,4096,0,0,1.0,0.0,0.0,0,0.0,0.01798319904153036,0.0
DNS,c3,174,0.10875,2.3780132493560842e-17,0.136207173893602,0.01812711772219968,4096,0,0,1.0,0.0,0.0,0,0.0,0.01812711772219968,0.0
DNS,c3,175,0.109375,2.5570344554449254e-17,0.13671728150104145,0.018271478048416608,4096,0,0,1.0,0.0,0.0,0,0.0,0.018271478048416608,0.0
DNS,c3,176,0.11,2.750117409522349e-17,0.1372251450318398,0.01841627917871661,4096,0,0,1.0,0.0,0.0,0,0.0,0.01841627917871661,0.0
DNS,c3,177,0.110625,2.95857105911136e-17,0.13773298045260274,0.01856152025715746,4096,0,0,1.0,0.0,0.0,0,0.0,0.01856152025715746,0.0
DNS,c3,178,0.11125,3.1838619765662075e-17,0.1382640605154557,0.018707200413448408,4096,0,0,1.0,0.0,0.0,0,0.0,0.018707200413448408,0.0
DNS,c3,179,0.111875,3.42763725785019e-17,0.13879285240334266,0.018853318763079628,4096,0,0,1.0,0.0,0.0,0,0.0,0.018853318763079628,0.0
DNS,c3,180,0.1125,3.69175096045699e-17,0.139319336133113,0.018999874407451954,4096,0,0,1.0,0.0,0.0,0,0.0,0.018999874407451954,0.0
DNS,c3,181,0.113125,3.9782946210542024e-17,0.13984349282721792,0.01914686643400669,4096,0,0,1.0,0.0,0.0,0,0.0,0.01914686643400669,0.0
DNS,c3,182,0.11375,4.289632472628772e-17,0.1403653047282945,0.01929429391635564,4096,0,0,1.0,0.0,0.0,0,0.0,0.01929429391635564,0.0
DNS,c3,183,0.114375,4.628442071104394e-17,0.14088475521140384,0.01944215591441112,4096,0,0,1.0,0.0,0.0,0,0.0,0.01944215591441112,0.0
DNS,c3,184,0.115,4.997761144012434e-17,0.14140182879399701,0.019590451474515994,4096,0,0,1.0,0.0,0.0,0,0.0,0.019590451474515994,0.0
DNS,c3,185,0.115625,5.401041590436236e-17,0.14191651114368453,0.019739179629573722,4096,0,0,1.0,0.0,0.0,0,0.0,0.019739179629573722,0.0
DNS,c3,186,0.11625,5.842211693912551e-17,0.14242878908388334,0.019888339399178223,4096,0,0,1.0,0.0,0.0,0,0.0,0.019888339399178223,0.0
DNS,c3,187,0.116875,6.325747760276471e-17,0.14293865059741692,0.02003792978974371,4096,0,0,1.0,0.0,0.0,0,0.0,0.02003792978974371,0.0
DNS,c3,188,0.11750000000000001,6.856756562829031e-17,0.14344608482814283,0.02018794979463428,4096,0,0,1.0,0.0,0.0,0,0.0,0.02018794979463428,0.0
DNS,c3,189,0.11812500000000001,7.430895663897216e-17,0.14395108208068264,0.020338398394293265,4096,0,0,1.0,0.0,0.0,0,0.0,0.020338398394293265,0.0
DNS,c3,190,0.11875000000000001,7.98880610424936e-17,0.14445363381832815,0.020489274556372405,4096,0,0,1.0,0.0,0.0,0,0.0,0.020489274556372405,0.0
DNS,c3,191,0.11937500000000001,8.592755431589224e-17,0.14495373265919825,0.020640577235860654,4096,0,0,1.0,0.0,0.0,0,0.0,0.020640577235860654,0.0
DNS,c3,192,0.12,9.24740531680101e-17,0.14545137237071937,0.02079230537521268,4096,0,0,1.0,0.0,0.0,0,0.0,0.02079230537521268,0.0
DNS,c3,193,0.120625,9.958004131882925e-17,0.14594654786250244,0.020944457904476972,4096,0,0,1.0,0.0,0.0,0,0.0,0.020944457904476972,0.0
DNS,c3,194,0.12125,1.0730470049342456e-16,0.1464392551776886,0.021097033741423583,4096,0,0,1.0,0.0,0.0,0,0.0,0.021097033741423583,0.0
DNS,c3,195,0.121875,1.1571486181355858e-16,0.146929491482835,0.021250031791671405,4096,0,0,1.0,0.0,0.0,0,0.0,0.021250031791671405,0.0
DNS,c3,196,0.1225,1.2488609458337446e-16,0.147417255056411,0.021403450948814982,4096,0,0,1.0,0.0,0.0,0,0.0,0.021403450948814982,0.0
DNS,c3,197,0.123125,1.3490395175527802e-16,0.14790254527597507,0.02155729009455086,4096,0,0,1.0,0.0,0.0,0,0.0,0.02155729009455086,0.0
DNS,c3,198,0.12375,1.4586539394289738e-16,0.1483853626041003,0.021711548098803362,4096,0,0,1.0,0.0,0.0,0,0.0,0.021711548098803362,0.0
DNS,c3,199,0.124375,1.5788041675462233e-16,0.14886570857311704,0.02186622381984986,4096,0,0,1.0,0.0,0.0,0,0.0,0.02186622381984986,0.0
DNS,c3,200,0.125,1.7107390949213076e-16,0.14934358576873916,0.022021316104445472,4096,0,0,1.0,0.0,0.0,0,0.0,0.022021316104445472,0.0
DNS,c3,201,0.12562500000000001,1.8558777693619488e-16,0.14981899781263905,0.022176823787947112,4096,0,0,1.0,0.0,0.0,0,0.0,0.022176823787947112,0.0
DNS,c3,202,0.12625,2.015833600742409e-16,0.1502919493440366,0.022332745694436988,4096,0,0,1.0,0.0,0.0,0,0.0,0.022332745694436988,0.0
DNS,c3,203,0.12687500000000002,2.192441962630258e-16,0.15076244600036492,0.022489080636845418,4096,0,0,1.0,0.0,0.0,0,0.0,0.022489080636845418,0.0
DNS,c3,204,0.1275,2.387791645233924e-16,0.15123049439707484,0.022645827417072988,4096,0,0,1.0,0.0,0.0,0,0.0,0.022645827417072988,0.0
DNS,c3,205,0.128125,2.6042606749650973e-16,0.15169610210663914,0.02280298482611203,4096,0,0,1.0,0.0,0.0,0,0.0,0.02280298482611203,0.0
DNS,c3,206,0.12875,2.844557081231642e-16,0.15215927763681608,0.022960551644167437,4096,0,0,1.0,0.0,0.0,0,0.0,0.022960551644167437,0.0
DNS,c3,207,0.129375,3.1117652641778085e-16,0.1526200304082299,0.023118526640776696,4096,0,0,1.0,0.0,0.0,0,0.0,0.023118526640776696,0.0
DNS,c3,208,0.13,3.409398698832265e-16,0.15307837073132569,0.023276908574929228,4096,0,0,1.0,0.0,0.0,0,0.0,0.023276908574929228,0.0
DNS,c3,209,0.130625,3.741459802462197e-16,0.15353430978275348,0.023435696195184992,4096,0,0,1.0,0.0,0.0,0,0.0,0.023435696195184992,0.0
DNS,c3,210,0.13125,4.1024529273889974e-16,0.15398785958123606,0.023594888239792302,4096,0,0,1.0,0.0,0.0,0,0.0,0.023594888239792302,0.0
DNS,c3,211,0.131875,4.4373022427213764e-16,0.15443903296297282,0.02375448343680487,4096,0,0,1.0,0.0,0.0,0,0.0,0.02375448343680487,0.0
DNS,c3,212,0.1325,4.803466382855722e-16,0.1548878435566308,0.023914480504198067,4096,0,0,1.0,0.0,0.0,0,0.0,0.023914480504198067,0.0
DNS,c3,213,0.133125,5.204409263170456e-16,0.15533430575797288,0.0240748781499844,4096,0,0,1.0,0.0,0.0,0,0.0,0.0240748781499844,0.0
DNS,c3,214,0.13375,5.644027981722786e-16,0.15577843470417124,0.024235675072328138,4096,0,0,1.0,0.0,0.0,0,0.0,0.024235675072328138,0.0
DNS,c3,215,0.134375,6.126709681912096e-16,0.15622024624785283,0.024396869959659135,4096,0,0,1.0,0.0,0.0,0,0.0,0.024396869959659135,0.0
DNS,c3,216,0.135,6.657395835699711e-16,0.15665975693092252,0.024558461490785846,4096,0,0,1.0,0.0,0.0,0,0.0,0.024558461490785846,0.0
DNS,c3,217,0.135625,7.24165488174701e-16,0.15709698395820745,0.024720448335007472,4096,0,0,1.0,0.0,0.0,0,0.0,0.024720448335007472,0.0
DNS,c3,218,0.13625,7.885764264518289e-16,0.15753194517096522,0.02488282915222525,4096,0,0,1.0,0.0,0.0,0,0.0,0.02488282915222525,0.0
DNS,c3,219,0.136875,8.596803044614898e-16,0.15796465902029683,0.02504560259305292,4096,0,0,1.0,0.0,0.0,0,0.0,0.02504560259305292,0.0
DNS,c3,220,0.1375,9.382756388671507e-16,0.15839514454050393,0.025208767298926293,4096,0,0,1.0,0.0,0.0,0,0.0,0.025208767298926293,0.0
DNS,c3,221,0.138125,1.0252633400487786e-15,0.15882342132242822,0.025372321902211982,4096,0,0,1.0,0.0,0.0,0,0.0,0.025372321902211982,0.0
DNS,c3,222,0.13875,1.1216599925259651e-15,0.15924950948680974,0.025536265026315216,4096,0,0,1.0,0.0,0.0,0,0.0,0.025536265026315216,0.0
DNS,c3,223,0.139375,1.2286128147532066e-15,0.15967342965769918,0.02570059528578684,4096,0,0,1.0,0.0,0.0,0,0.0,0.02570059528578684,0.0
DNS,c3,224,0.14,1.3474165012699485e-15,0.1600952029359578,0.025865311286429327,4096,0,0,1.0,0.0,0.0,0,0.0,0.025865311286429327,0.0
DNS,c3,225,0.140625,1.4795321733584126e-15,0.16051485087287734,0.02603041162540201,4096,0,0,1.0,0.0,0.0,0,0.0,0.02603041162540201,0.0
DNS,c3,226,0.14125000000000001,1.6266086900068915e-15,0.16093239544395077,0.02619589489132536,4096,0,0,1.0,0.0,0.0,0,0.0,0.02619589489132536,0.0
DNS,c3,227,0.141875,1.7905065993398388e-15,0.16134785902282334,0.026361759664384372,4096,0,0,1.0,0.0,0.0,0,0.0,0.026361759664384372,0.0
DNS,c3,228,0.14250000000000002,1.9733250420255705e-15,0.1617612643554519,0.02652800451643106,4096,0,0,1.0,0.0,0.0,0,0.0,0.02652800451643106,0.0
DNS,c3,229,0.143125,2.1774319527985034e-15,0.16217263453449954,0.02669462801108605,4096,0,0,1.0,0.0,0.0,0,0.0,0.02669462801108605,0.0
DNS,c3,230,0.14375000000000002,2.405497944452246e-15,0.16258199297399054,0.02686162870383929,4096,0,0,1.0,0.0,0.0,0,0.0,0.02686162870383929,0.0
DNS,c3,231,0.144375,2.660534300817101e-15,0.16298936338425005,0.027029005142149797,4096,0,0,1.0,0.0,0.0,0,0.0,0.027029005142149797,0.0
DNS,c3,232,0.145,2.945935551705311e-15,0.16339476974715095,0.027196755865544583,4096,0,0,1.0,0.0,0.0,0,0.0,0.027196755865544583,0.0
DNS,c3,233,0.145625,3.2655271539968515e-15,0.1637982362916896,0.027364879405716615,4096,0,0,1.0,0.0,0.0,0,0.0,0.027364879405716615,0.0
DNS,c3,234,0.14625,3.6236188593898915e-15,0.1641997874699106,0.02753337428662187,4096,0,0,1.0,0.0,0.0,0,0.0,0.02753337428662187,0.0
DNS,c3,235,0.146875,4.0250644113330006e-15,0.1645994479331995,0.027702239024575543,4096,0,0,1.0,0.0,0.0,0,0.0,0.027702239024575543,0.0
DNS,c3,236,0.1475,4.475328281811085e-15,0.16499724250896133,0.02787147212834725,4096,0,0,1.0,0.0,0.0,0,0.0,0.02787147212834725,0.0
DNS,c3,237,0.148125,4.9092653609946876e-15,0.1653931961777014,0.028041072099255458,4096,0,0,1.0,0.0,0.0,0,0.0,0.028041072099255458,0.0
DNS,c3,238,0.14875,5.3380384322255736e-15,0.1657873340505239,0.02821103743126087,4096,0,0,1.0,0.0,0.0,0,0.0,0.02821103743126087,0.0
DNS,c3,239,0.149375,5.8082482227632314e-15,0.16617968134706249,0.028381366611059052,4096,0,0,1.0,0.0,0.0,0,0.0,0.028381366611059052,0.0
DNS,c3,240,0.15,6.324334538976923e-15,0.16657026337385605,0.02855205811817204,4096,0,0,1.0,0.0,0.0,0,0.0,0.02855205811817204,0.0
DNS,c3,241,0.150625,6.8912456435839695e-15,0.16695910550318183,0.028723110425039125,4096,0,0,1.0,0.0,0.0,0,0.0,0.028723110425039125,0.0
DNS,c3,242,0.15125,7.514497527144624e-15,0.16734623315235672,0.028894521997106723,4096,0,0,1.0,0.0,0.0,0,0.0,0.028894521997106723,0.0
DNS,c3,243,0.151875,8.20023994742231e-15,0.16773167176351694,0.029066291292917337,4096,0,0,1.0,0.0,0.0,0,0.0,0.029066291292917337,0.0
DNS,c3,244,0.1525,8.955329975348562e-15,0.16811544678388493,0.02923841676419768,4096,0,0,1.0,0.0,0.0,0,0.0,0.02923841676419768,0.0
DNS,c3,245,0.153125,9.787413862245876e-15,0.16849758364653158,0.02941089685594584,4096,0,0,1.0,0.0,0.0,0,0.0,0.02941089685594584,0.0
DNS,c3,246,0.15375,1.070501812613505e-14,0.16887810775164094,0.029583730006517647,4096,0,0,1.0,0.0,0.0,0,0.0,0.029583730006517647,0.0
DNS,c3,247,0.154375,1.1717650846024978e-14,0.1692570444482832,0.029756914647712095,4096,0,0,1.0,0.0,0.0,0,0.0,0.029756914647712095,0.0
DNS,c3,248,0.155,1.2835914252741363e-14,0.1696344190167019,0.02993044920485593,4096,0,0,1.0,0.0,0.0,0,0.0,0.02993044920485593,0.0
DNS,c3,249,0.155625,1.4071629813840166e-14,0.17001025665111896,0.030104332096887357,4096,0,0,1.0,0.0,0.0,0,0.0,0.030104332096887357,0.0
DNS,c3,250,0.15625,1.5437977129273593e-14,0.17038458244306187,0.030278561736438864,4096,0,0,1.0,0.0,0.0,0,0.0,0.030278561736438864,0.0
DNS,c3,251,0.15687500000000001,1.6949648084594995e-14,0.17075742136521527,0.030453136529919267,4096,0,0,1.0,0.0,0.0,0,0.0,0.030453136529919267,0.0
DNS,c3,252,0.1575,1.862301785053472e-14,0.17112879825579932,0.03062805487759474,4096,0,0,1.0,0.0,0.0,0,0.0,0.03062805487759474,0.0
DNS,c3,253,0.15812500000000002,2.047633447275304e-14,0.17149873780347594,0.0308033151736692,4096,0,0,1.0,0.0,0.0,0,0.0,0.0308033151736692,0.0
DNS,c3,254,0.15875,2.2529928964555713e-14,0.17186726453278342,0.030978915806363676,4096,0,0,1.0,0.0,0.0,0,0.0,0.030978915806363676,0.0
DNS,c3,255,0.15937500000000002,2.4806447999500294e-14,0.17223440279009952,0.031154855157994925,4096,0,0,1.0,0.0,0.0,0,0.0,0.031154855157994925,0.0
DNS,c3,256,0.16,2.7331111501370378e-14,0.17260017673013206,0.031331131605053214,4096,0,0,1.0,0.0,0.0,0,0.0,0.031331131605053214,0.0
DNS,c3,257,0.160625,3.013199764728567e-14,0.17296461030293558,0.031507743518279216,4096,0,0,1.0,0.0,0.0,0,0.0,0.031507743518279216,0.0
DNS,c3,258,0.16125,3.324035803718031e-14,0.17332772724145226,0.031684689262740165,4096,0,0,1.0,0.0,0.0,0,0.0,0.031684689262740165,0.0
DNS,c3,259,0.161875,3.6690966041056306e-14,0.1736895510495743,0.03186196719790514,4096,0,0,1.0,0.0,0.0,0,0.0,0.03186196719790514,0.0
DNS,c3,260,0.1625,4.052250161594823e-14,0.17405010499072457,0.03203957567771954,4096,0,0,1.0,0.0,0.0,0,0.0,0.03203957567771954,0.0
DNS,c3,261,0.163125,4.4777976189183156e-14,0.17440941207695232,0.032217513050678805,4096,0,0,1.0,0.0,0.0,0,0.0,0.032217513050678805,0.0
DNS,c3,262,0.16375,4.9505201535170857e-14,0.17478577104140433,0.032395777659901266,4096,0,0,1.0,0.0,0.0,0,0.0,0.032395777659901266,0.0
DNS,c3,263,0.164375,5.475730693163245e-14,0.17516716941868674,0.03257436784320025,4096,0,0,1.0,0.0,0.0,0,0.0,0.03257436784320025,0.0
DNS,c3,264,0.165,6.059330927002709e-14,0.17554752090493045,0.03275328193315545,4096,0,0,1.0,0.0,0.0,0,0.0,0.03275328193315545,0.0
DNS,c3,265,0.165625,6.707874121626992e-14,0.1759268306260738,0.03293251825718338,4096,0,0,1.0,0.0,0.0,0,0.0,0.03293251825718338,0.0
DNS,c3,266,0.16625,7.299241321894518e-14,0.17630510363531196,0.033112075137607194,4096,0,0,1.0,0.0,0.0,0,0.0,0.033112075137607194,0.0
DNS,c3,267,0.166875,7.889886964202128e-14,0.1766823449139356,0.03329195089172568,4096,0,0,1.0,0.0,0.0,0,0.0,0.03329195089172568,0.0
DNS,c3,268,0.1675,8.532603886286772e-14,0.1770842662186714,0.03347214383188152,4096,0,0,1.0,0.0,0.0,0,0.0,0.03347214383188152,0.0
DNS,c3,269,0.168125,9.232423164320345e-14,0.17750845385384298,0.03365265226552874,4096,0,0,1.0,0.0,0.0,0,0.0,0.03365265226552874,0.0
DNS,c3,270,0.16875,9.994889888115093e-14,0.17793019492828893,0.033833474495299554,4096,0,0,1.0,0.0,0.0,0,0.0,0.033833474495299554,0.0
DNS,c3,271,0.169375,1.0826116018941356e-13,0.1783495068922687,0.0340146088190703,4096,0,0,1.0,0.0,0.0,0,0.0,0.0340146088190703,0.0
DNS,c3,272,0.17,1.173283851300667e-13,0.17876640779131392,0.03419605353002679,4096,0,0,1.0,0.0,0.0,0,0.0,0.03419605353002679,0.0
DNS,c3,273,0.170625,1.2722483206864706e-13,0.1791809162386683,0.034377806916728856,4096,0,0,1.0,0.0,0.0,0,0.0,0.034377806916728856,0.0
DNS,c3,274,0.17125,1.380323500460616e-13,0.17959305138806067,0.034559867263174254,4096,0,0,1.0,0.0,0.0,0,0.0,0.034559867263174254,0.0
DNS,c3,275,0.171875,1.4984114953788508e-13,0.18000283290682553,0.03474223284886177,4096,0,0,1.0,0.0,0.0,0,0.0,0.03474223284886177,0.0
DNS,c3,276,0.17250000000000001,1.6275064847945034e-13,0.18041028094938438,0.0349249019488537,4096,0,0,1.0,0.0,0.0,0,0.0,0.0349249019488537,0.0
DNS,c3,277,0.173125,1.7687040048450094e-13,0.18081541613110058,0.03510787283383766,4096,0,0,1.0,0.0,0.0,0,0.0,0.03510787283383766,0.0
DNS,c3,278,0.17375000000000002,1.9232111277799092e-13,0.18121825950251946,0.035291143770187626,4096,0,0,1.0,0.0,0.0,0,0.0,0.035291143770187626,0.0
DNS,c3,279,0.174375,2.0923576200298345e-13,0.18161883252400465,0.03547471302002438,4096,0,0,1.0,0.0,0.0,0,0.0,0.03547471302002438,0.0
DNS,c3,280,0.17500000000000002,2.277608167508202e-13,0.18201715704078084,0.03565857884127527,4096,0,0,1.0,0.0,0.0,0,0.0,0.03565857884127527,0.0
DNS,c3,281,0.175625,2.480575764063085e-13,0.1824132552583925,0.03584273948773324,4096,0,0,1.0,0.0,0.0,0,0.0,0.03584273948773324,0.0
DNS,c3,282,0.17625,2.703036366993269e-13,0.18280714971858714,0.03602719320911538,4096,0,0,1.0,0.0,0.0,0,0.0,0.03602719320911538,0.0
DNS,c3,283,0.176875,2.946944932149262e-13,0.18319886327563117,0.03621193825112063,4096,0,0,1.0,0.0,0.0,0,0.0,0.03621193825112063,0.0
DNS,c3,284,0.1775,3.214452950398924e-13,0.18358841907306572,0.03639697285548699,4096,0,0,1.0,0.0,0.0,0,0.0,0.03639697285548699,0.0
DNS,c3,285,0.178125,3.5079276171927337e-13,0.18397584052090882,0.03658229526004808,4096,0,0,1.0,0.0,0.0,0,0.0,0.03658229526004808,0.0
DNS,c3,286,0.17875,3.829972777662575e-13,0.18436115127331,0.03676790369878901,4096,0,0,1.0,0.0,0.0,0,0.0,0.03676790369878901,0.0
DNS,c3,287,0.179375,4.183451801180003e-13,0.18474437520666262,0.036953796401901745,4096,0,0,1.0,0.0,0.0,0,0.0,0.036953796401901745,0.0
DNS,c3,288,0.18,4.571512551637938e-13,0.18512553639817858,0.037139971595839774,4096,0,0,1.0,0.0,0.0,0,0.0,0.037139971595839774,0.0
DNS,c3,289,0.180625,4.997614632959289e-13,0.18550465910492928,0.037326427503372284,4096,0,0,1.0,0.0,0.0,0,0.0,0.037326427503372284,0.0
DNS,c3,290,0.18125,5.465559103535984e-13,0.1858817677433564,0.03751316234363762,4096,0,0,1.0,0.0,0.0,0,0.0,0.03751316234363762,0.0
DNS,c3,291,0.181875,5.979520868524391e-13,0.1862568868692556,0.037700174332196315,4096,0,0,1.0,0.0,0.0,0,0.0,0.037700174332196315,0.0
DNS,c3,292,0.1825,6.544083975233908e-13,0.1866300411582349,0.03788746168108343,4096,0,0,1.0,0.0,0.0,0,0.0,0.03788746168108343,0.0
DNS,c3,293,0.183125,7.164280054313601e-13,0.1870012553866502,0.038075022598860385,4096,0,0,1.0,0.0,0.0,0,0.0,0.038075022598860385,0.0
DNS,c3,294,0.18375,7.845630168140455e-13,0.1873705544130186,0.03826285529066625,4096,0,0,1.0,0.0,0.0,0,0.0,0.03826285529066625,0.0
DNS,c3,295,0.184375,8.485830696797554e-13,0.18773796315991062,0.038450957958268486,4096,0,0,1.0,0.0,0.0,0,0.0,0.038450957958268486,0.0
DNS,c3,296,0.185,9.086441765129558e-13,0.18810350659632158,0.0386393288001131,4096,0,0,1.0,0.0,0.0,0,0.0,0.0386393288001131,0.0
DNS,c3,297,0.185625,9.733928203959939e-13,0.1884672097205218,0.038827966011374344,4096,0,0,1.0,0.0,0.0,0,0.0,0.038827966011374344,0.0
DNS,c3,298,0.18625,1.0432347658854345e-12,0.18882909754338514,0.03901686778400386,4096,0,0,1.0,0.0,0.0,0,0.0,0.03901686778400386,0.0
DNS,c3,299,0.186875,1.118612927360558e-12,0.18918919507219473,0.039206032306779326,4096,0,0,1.0,0.0,0.0,0,0.0,0.039206032306779326,0.0
DNS,c3,300,0.1875,1.2000107617498791e-12,0.18954752729492436,0.03939545776535257,4096,0,0,1.0,0.0,0.0,0,0.0,0.03939545776535257,0.0
DNS,c3,301,0.18812500000000001,1.2879559580094475e-12,0.18990411916499386,0.03958514234229721,4096,0,0,1.0,0.0,0.0,0,0.0,0.03958514234229721,0.0
DNS,c3,302,0.18875,1.3830244476410399e-12,0.19025899558649598,0.03977508421715585,4096,0,0,1.0,0.0,0.0,0,0.0,0.03977508421715585,0.0
DNS,c3,303,0.18937500000000002,1.4858447623702714e-12,0.19061218139989228,0.03996528156648674,4096,0,0,1.0,0.0,0.0,0,0.0,0.03996528156648674,0.0
DNS,c3,304,0.19,1.5971027670619733e-12,0.19096370136817506,0.04015573256390996,4096,0,0,1.0,0.0,0.0,0,0.0,0.04015573256390996,0.0
DNS,c3,305,0.19062500000000002,1.7175467980404966e-12,0.19131358016349204,0.0403464353801532,4096,0,0,1.0,0.0,0.0,0,0.0,0.0403464353801532,0.0
DNS,c3,306,0.19125,1.8479932392139275e-12,0.1916618423542301,0.04053738818309707,4096,0,0,1.0,0.0,0.0,0,0.0,0.04053738818309707,0.0
DNS,c3,307,0.19187500000000002,1.9893325707819543e-12,0.1920085123925543,0.040728589137819904,4096,0,0,1.0,0.0,0.0,0,0.0,0.040728589137819904,0.0
DNS,c3,308,0.1925,2.1425359278461632e-12,0.19235361460239783,0.04092003640664225,4096,0,0,1.0,0.0,0.0,0,0.0,0.04092003640664225,0.0
DNS,c3,309,0.193125,2.3086622089481333e-12,0.1926971731678988,0.04111172814917079,4096,0,0,1.0,0.0,0.0,0,0.0,0.04111172814917079,0.0
DNS,c3,310,0.19375,2.488865777444619e-12,0.19303921212227848,0.04130366252234198,4096,0,0,1.0,0.0,0.0,0,0.0,0.04130366252234198,0.0
DNS,c3,311,0.194375,2.684404801700561e-12,0.19337975533715676,0.04149583768046518,4096,0,0,1.0,0.0,0.0,0,0.0,0.04149583768046518,0.0
DNS,c3,312,0.195,2.8966502833503902e-12,0.19371882651229927,0.04168825177526538,4096,0,0,1.0,0.0,0.0,0,0.0,0.04168825177526538,0.0
DNS,c3,313,0.195625,3.1270958263572946e-12,0.19405644916579076,0.04188090295592567,4096,0,0,1.0,0.0,0.0,0,0.0,0.04188090295592567,0.0
DNS,c3,314,0.19625,3.3773682033006134e-12,0.1943926466246294,0.04207378936912912,4096,0,0,1.0,0.0,0.0,0,0.0,0.04207378936912912,0.0
DNS,c3,315,0.196875,3.649238779255565e-12,0.19472744201573583,0.04226690915910046,4096,0,0,1.0,0.0,0.0,0,0.0,0.04226690915910046,0.0
DNS,c3,316,0.1975,3.944635857810047e-12,0.1950608582573714,0.04246026046764724,4096,0,0,1.0,0.0,0.0,0,0.0,0.04246026046764724,0.0
DNS,c3,317,0.198125,4.265658018203688e-12,0.19539291805095946,0.04265384143420081,4096,0,0,1.0,0.0,0.0,0,0.0,0.04265384143420081,0.0
DNS,c3,318,0.19875,4.614588517288797e-12,0.19572364387330302,0.042847650195856755,4096,0,0,1.0,0.0,0.0,0,0.0,0.042847650195856755,0.0
DNS,c3,319,0.199375,4.99391083501602e-12,0.19605305796919298,0.04304168488741515,4096,0,0,1.0,0.0,0.0,0,0.0,0.04304168488741515,0.0
DNS,c3,320,0.2,5.406325447454756e-12,0.19638118234440002,0.04323594364142032,4096,0,0,1.0,0.0,0.0,0,0.0,0.04323594364142032,0.0
DNS,c3,321,0.200625,5.854767916985664e-12,0.19670803875904372,0.04343042458820047,4096,0,0,1.0,0.0,0.0,0,0.0,0.04343042458820047,0.0
DNS,c3,322,0.20125,6.342428395266674e-12,0.19703364872133197,0.04362512585590679,4096,0,0,1.0,0.0,0.0,0,0.0,0.04362512585590679,0.0
DNS,c3,323,0.201875,6.872772640892145e-12,0.1973580334816642,0.0438200455705524,4096,0,0,1.0,0.0,0.0,0,0.0,0.0438200455705524,0.0
DNS,c3,324,0.2025,7.331157238756875e-12,0.19768121402709116,0.04401518185605092,4096,0,0,1.0,0.0,0.0,0,0.0,0.04401518185605092,0.0
DNS,c3,325,0.203125,7.782979347436287e-12,0.1980032110761245,0.04421053283425477,4096,0,0,1.0,0.0,0.0,0,0.0,0.04421053283425477,0.0
DNS,c3,326,0.20375000000000001,8.266217420473856e-12,0.19832404507388912,0.04440609662499319,4096,0,0,1.0,0.0,0.0,0,0.0,0.04440609662499319,0.0
DNS,c3,327,0.204375,8.783334451479724e-12,0.19864373618761094,0.044601871346109934,4096,0,0,1.0,0.0,0.0,0,0.0,0.044601871346109934,0.0
DNS,c3,328,0.20500000000000002,9.336997268223822e-12,0.19896230430243345,0.04479785511350077,4096,0,0,1.0,0.0,0.0,0,0.0,0.04479785511350077,0.0
DNS,c3,329,0.205625,9.930093161033044e-12,0.1992797690175553,0.044994046041150676,4096,0,0,1.0,0.0,0.0,0,0.0,0.044994046041150676,0.0
DNS,c3,330,0.20625000000000002,1.0565747794109451e-11,0.1995961496426823,0.04519044224117076,4096,0,0,1.0,0.0,0.0,0,0.0,0.04519044224117076,0.0
DNS,c3,331,0.206875,1.1247344491336257e-11,0.19991146519478606,0.045387041823835,4096,0,0,1.0,0.0,0.0,0,0.0,0.045387041823835,0.0
DNS,c3,332,0.20750000000000002,1.1978544994087885e-11,0.20022573439516253,0.04558384289761667,4096,0,0,1.0,0.0,0.0,0,0.0,0.04558384289761667,0.0
DNS,c3,333,0.208125,1.2763311794854854e-11,0.20053897566678294,0.045780843569224586,4096,0,0,1.0,0.0,0.0,0,0.0,0.045780843569224586,0.0
DNS,c3,334,0.20875,1.3605932157150871e-11,0.20085120713193005,0.04597804194363918,4096,0,0,1.0,0.0,0.0,0,0.0,0.04597804194363918,0.0
DNS,c3,335,0.209375,1.4511043939206214e-11,0.20116244661011226,0.04617543612414818,4096,0,0,1.0,0.0,0.0,0,0.0,0.04617543612414818,0.0
DNS,c3,336,0.21,1.5483663346386983e-11,0.20147271161624877,0.04637302421238232,4096,0,0,1.0,0.0,0.0,0,0.0,0.04637302421238232,0.0
DNS,c3,337,0.210625,1.6529214745133355e-11,0.20178201935911833,0.04657080430835071,4096,0,0,1.0,0.0,0.0,0,0.0,0.04657080430835071,0.0
DNS,c3,338,0.21125,1.7653562679501783e-11,0.20209038674006438,0.046768774510475994,4096,0,0,1.0,0.0,0.0,0,0.0,0.046768774510475994,0.0
DNS,c3,339,0.211875,1.8863046240146924e-11,0.2023978303519499,0.046966932915629464,4096,0,0,1.0,0.0,0.0,0,0.0,0.046966932915629464,0.0
DNS,c3,340,0.2125,2.0164515944810762e-11,0.20270436647835416,0.047165277619165856,4096,0,0,1.0,0.0,0.0,0,0.0,0.047165277619165856,0.0
DNS,c3,341,0.213125,2.1565373299121118e-11,0.20301001109300526,0.047363806714958046,4096,0,0,1.0,0.0,0.0,0,0.0,0.047363806714958046,0.0
DNS,c3,342,0.21375,2.3073613216763037e-11,0.2033147798594407,0.04756251829543162,4096,0,0,1.0,0.0,0.0,0,0.0,0.04756251829543162,0.0
DNS,c3,343,0.214375,2.4697869488898296e-11,0.20361868813088926,0.04776141045159924,4096,0,0,1.0,0.0,0.0,0,0.0,0.04776141045159924,0.0
DNS,c3,344,0.215,2.6447463504095448e-11,0.20392175095036788,0.04796048127309488,4096,0,0,1.0,0.0,0.0,0,0.0,0.04796048127309488,0.0
DNS,c3,345,0.215625,2.833245643202133e-11,0.20422398305098577,0.04815972884820793,4096,0,0,1.0,0.0,0.0,0,0.0,0.04815972884820793,0.0
DNS,c3,346,0.21625,3.0363705096761235e-11,0.20452539885644988,0.048359151263917204,4096,0,0,1.0,0.0,0.0,0,0.0,0.048359151263917204,0.0
DNS,c3,347,0.216875,3.255292177890673e-11,0.20483731622487178,0.04855874660592479,4096,0,0,1.0,0.0,0.0,0,0.0,0.04855874660592479,0.0
DNS,c3,348,0.2175,3.491273819950585e-11,0.20516877382235243,0.0487585129586898,4096,0,0,1.0,0.0,0.0,0,0.0,0.0487585129586898,0.0
DNS,c3,349,0.218125,3.745677395363901e-11,0.20549833611870477,0.04895844840546203,4096,0,0,1.0,0.0,0.0,0,0.0,0.04895844840546203,0.0
DNS,c3,350,0.21875,4.019970967679672e-11,0.20582603573644254,0.049158551028315484,4096,0,0,1.0,0.0,0.0,0,0.0,0.049158551028315484,0.0
DNS,c3,351,0.21937500000000001,4.3157365243421955e-11,0.20615190506589615,0.04935881890818192,4096,0,0,1.0,0.0,0.0,0,0.0,0.04935881890818192,0.0
DNS,c3,352,0.22,4.59159967413577e-11,0.20647597625469583,0.04955925012488413,4096,0,0,1.0,0.0,0.0,0,0.0,0.04955925012488413,0.0
DNS,c3,353,0.22062500000000002,4.838240232955799e-11,0.2067982811976892,0.04975984275716934,4096,0,0,1.0,0.0,0.0,0,0.0,0.04975984275716934,0.0
DNS,c3,354,0.22125,5.1002381056760335e-11,0.2071188515272871,0.04996059488274242,4096,0,0,1.0,0.0,0.0,0,0.0,0.04996059488274242,0.0
DNS,c3,355,0.22187500000000002,5.378692799198593e-11,0.20743771860423132,0.05016150457829906,4096,0,0,1.0,0.0,0.0,0,0.0,0.05016150457829906,0.0
DNS,c3,356,0.2225,5.674786754829988e-11,0.2077549135087782,0.05036256991955894,4096,0,0,1.0,0.0,0.0,0,0.0,0.05036256991955894,0.0
DNS,c3,357,0.22312500000000002,5.98979144181911e-11,0.20807046703229107,0.05056378898129883,4096,0,0,1.0,0.0,0.0,0,0.0,0.05056378898129883,0.0
DNS,c3,358,0.22375,6.325073869247778e-11,0.2083844096692356,0.05076515983738562,4096,0,0,1.0,0.0,0.0,0,0.0,0.05076515983738562,0.0
DNS,c3,359,0.224375,6.682103542549591e-11,0.208696771609571,0.05096668056080937,4096,0,0,1.0,0.0,0.0,0,0.0,0.05096668056080937,0.0
DNS,c3,360,0.225,7.06245989241563e-11,0.2090075827315305,0.051168349223716325,4096,0,0,1.0,0.0,0.0,0,0.0,0.051168349223716325,0.0
DNS,c3,361,0.225625,7.467840205401377e-11,0.20931687259478426,0.05137016389744187,4096,0,0,1.0,0.0,0.0,0,0.0,0.05137016389744187,0.0
DNS,c3,362,0.22625,7.900068087181253e-11,0.2096246704339782,0.0515721226525436,4096,0,0,1.0,0.0,0.0,0,0.0,0.0515721226525436,0.0
DNS,c3,363,0.226875,8.361102491108359e-11,0.20993100515264124,0.05177422355883422,4096,0,0,1.0,0.0,0.0,0,0.0,0.05177422355883422,0.0
DNS,c3,364,0.2275,8.853047346530574e-11,0.2102359053174547,0.05197646468541461,4096,0,0,1.0,0.0,0.0,0,0.0,0.05197646468541461,0.0
DNS,c3,365,0.228125,9.378161823193304e-11,0.2105393991528764,0.052178844100706764,4096,0,0,1.0,0.0,0.0,0,0.0,0.052178844100706764,0.0
DNS,c3,366,0.22875,9.938871270027323e-11,0.21084151453611263,0.05238135987248691,4096,0,0,1.0,0.0,0.0,0,0.0,0.05238135987248691,0.0
DNS,c3,367,0.229375,1.0537778868680628e-10,0.2111422789924311,0.05258401006791849,4096,0,0,1.0,0.0,0.0,0,0.0,0.05258401006791849,0.0
DNS,c3,368,0.23,1.1177678044309649e-10,0.21144171969080758,0.05278679275358526,4096,0,0,1.0,0.0,0.0,0,0.0,0.05278679275358526,0.0
DNS,c3,369,0.230625,1.186156567840104e-10,0.21173986343989934,0.05298970599552451,4096,0,0,1.0,0.0,0.0,0,0.0,0.05298970599552451,0.0
DNS,c3,370,0.23125,1.2592656170754447e-10,0.21203673668433828,0.05319274785926011,4096,0,0,1.0,0.0,0.0,0,0.0,0.05319274785926011,0.0
DNS,c3,371,0.231875,1.3374396400222763e-10,0.21233236550133672,0.05339591640983586,4096,0,0,1.0,0.0,0.0,0,0.0,0.05339591640983586,0.0
DNS,c3,372,0.2325,1.421048163638341e-10,0.21262677559759874,0.05359920971184874,4096,0,0,1.0,0.0,0.0,0,0.0,0.05359920971184874,0.0
DNS,c3,373,0.233125,1.5104872457006085e-10,0.21291999230653014,0.05380262582948227,4096,0,0,1.0,0.0,0.0,0,0.0,0.05380262582948227,0.0
DNS,c3,374,0.23375,1.606181272899322e-10,0.2132120405857398,0.054006162826539986,4096,0,0,1.0,0.0,0.0,0,0.0,0.054006162826539986,0.0
DNS,c3,375,0.234375,1.7085848713403273e-10,0.21350294501482567,0.05420981876647889,4096,0,0,1.0,0.0,0.0,0,0.0,0.05420981876647889,0.0
DNS,c3,376,0.23500000000000001,1.8181849358228162e-10,0.21379272979343816,0.05441359171244316,4096,0,0,1.0,0.0,0.0,0,0.0,0.05441359171244316,0.0
DNS,c3,377,0.235625,1.9355027845788964e-10,0.2140814187396143,0.05461747972729779,4096,0,0,1.0,0.0,0.0,0,0.0,0.05461747972729779,0.0
DNS,c3,378,0.23625000000000002,2.0610964464942893e-10,0.21436903528837542,0.05482148087366233,4096,0,0,1.0,0.0,0.0,0,0.0,0.05482148087366233,0.0
DNS,c3,379,0.236875,2.1955630881763854e-10,0.21465560249058163,0.05502559321394497,4096,0,0,1.0,0.0,0.0,0,0.0,0.05502559321394497,0.0
DNS,c3,380,0.23750000000000002,2.30946597407989e-10,0.21494114301203635,0.055229814810376365,4096,0,0,1.0,0.0,0.0,0,0.0,0.055229814810376365,0.0
DNS,c3,381,0.238125,2.418758883646432e-10,0.2152256791328339,0.05543414372504389,4096,0,0,1.0,0.0,0.0,0,0.0,0.05543414372504389,0.0
DNS,c3,382,0.23875000000000002,2.5342328281679573e-10,0.21550923274694367,0.05563857801992588,4096,0,0,1.0,0.0,0.0,0,0.0,0.05563857801992588,0.0
DNS,c3,383,0.239375,2.6562964118313844e-10,0.21579182536202376,0.05584311575692599,4096,0,0,1.0,0.0,0.0,0,0.0,0.05584311575692599,0.0
DNS,c3,384,0.24,2.7853864824845253e-10,0.21607347809945818,0.056047754997907734,4096,0,0,1.0,0.0,0.0,0,0.0,0.056047754997907734,0.0
DNS,c3,385,0.240625,2.9219700063650696e-10,0.21636648671961559,0.05625249380472919,4096,0,0,1.0,0.0,0.0,0,0.0,0.05625249380472919,0.0
DNS,c3,386,0.24125,3.066546057677806e-10,0.21666746309976562,0.05645733023927771,4096,0,0,1.0,0.0,0.0,0,0.0,0.05645733023927771,0.0
DNS,c3,387,0.241875,3.2196479293825243e-10,0.21696755395491965,0.05666226236350504,4096,0,0,1.0,0.0,0.0,0,0.0,0.05666226236350504,0.0
DNS,c3,388,0.2425,3.3818453718669036e-10,0.217266764355823,0.0568672882394623,4096,0,0,1.0,0.0,0.0,0,0.0,0.0568672882394623,0.0
DNS,c3,389,0.243125,3.5537469665035334e-10,0.21756509933126592,0.057072405929335324,4096,0,0,1.0,0.0,0.0,0,0.0,0.057072405929335324,0.0
DNS,c3,390,0.24375,3.736002641428504e-10,0.21786256386771305,0.057277613495480176,4096,0,0,1.0,0.0,0.0,0,0.0,0.057277613495480176,0.0
DNS,c3,391,0.244375,3.929306337231115e-10,0.21815916290898196,0.05748290900045867,4096,0,0,1.0,0.0,0.0,0,0.0,0.05748290900045867,0.0
DNS,c3,392,0.245,4.134398830610647e-10,0.21845490135596868,0.05768829050707424,4096,0,0,1.0,0.0,0.0,0,0.0,0.05768829050707424,0.0
DNS,c3,393,0.245625,4.3520707244372786e-10,0.21874978406641932,0.05789375607840791,4096,0,0,1.0,0.0,0.0,0,0.0,0.05789375607840791,0.0
DNS,c3,394,0.24625,4.583165613050525e-10,0.21906976570151615,0.05809930377785448,4096,0,0,1.0,0.0,0.0,0,0.0,0.05809930377785448,0.0
DNS,c3,395,0.246875,4.828583432040501e-10,0.21939224385841216,0.05830493166915893,4096,0,0,1.0,0.0,0.0,0,0.0,0.05830493166915893,0.0
DNS,c3,396,0.2475,5.089284002185325e-10,0.21971337263722734,0.05851063781645288,4096,0,0,1.0,0.0,0.0,0,0.0,0.05851063781645288,0.0
DNS,c3,397,0.248125,5.366290777662586e-10,0.2200331668903712,0.05871642028429152,4096,0,0,1.0,0.0,0.0,0,0.0,0.05871642028429152,0.0
DNS,c3,398,0.24875,5.660694809114368e-10,0.22035164135973181,0.05892227713769045,4096,0,0,1.0,0.0,0.0,0,0.0,0.05892227713769045,0.0
DNS,c3,399,0.249375,5.973658932624489e-10,0.22066881067334201,0.05912820644216296,4096,0,0,1.0,0.0,0.0,0,0.0,0.05912820644216296,0.0
DNS,c3,400,0.25,6.306422196163726e-10,0.22098468934220825,0.05933420626375738,4096,0,0,1.0,0.0,0.0,0,0.0,0.05933420626375738,0.0
DNS,c3,401,0.250625,6.660304535574403e-10,0.22129929175729984,0.05954027466909473,4096,0,0,1.0,0.0,0.0,0,0.0,0.05954027466909473,0.0
DNS,c3,402,0.25125000000000003,7.036711712700325e-10,0.22161263218669494,0.05974640972540658,4096,0,0,1.0,0.0,0.0,0,0.0,0.05974640972540658,0.0
DNS,c3,403,0.251875,7.437140528822115e-10,0.22192472477288047,0.059952609500573115,4096,0,0,1.0,0.0,0.0,0,0.0,0.059952609500573115,0.0
DNS,c3,404,0.2525,7.863184327132078e-10,0.22223558353020284,0.06015887206316144,4096,0,0,1.0,0.0,0.0,0,0.0,0.06015887206316144,0.0
DNS,c3,405,0.253125,8.316538798577222e-10,0.2225452223424665,0.06036519548246412,4096,0,0,1.0,0.0,0.0,0,0.0,0.06036519548246412,0.0
DNS,c3,406,0.25375000000000003,8.799008106014662e-10,0.2228536549606772,0.06057157782853802,4096,0,0,1.0,0.0,0.0,0,0.0,0.06057157782853802,0.0
DNS,c3,407,0.254375,9.24209889894456e-10,0.22316089500092698,0.06077801717224321,4096,0,0,1.0,0.0,0.0,0,0.0,0.06077801717224321,0.0
DNS,c3,408,0.255,9.628193684171112e-10,0.22346695594241778,0.06098451158528238,4096,0,0,1.0,0.0,0.0,0,0.0,0.06098451158528238,0.0
DNS,c3,409,0.255625,1.003420164455799e-09,0.22377185112562076,0.061191059140240284,4096,0,0,1.0,0.0,0.0,0,0.0,0.061191059140240284,0.0
DNS,c3,410,0.25625,1.0461345694912571e-09,0.2240755937505682,0.0613976579106235,4096,0,0,1.0,0.0,0.0,0,0.0,0.0613976579106235,0.0
DNS,c3,411,0.256875,1.0910926710447995e-09,0.2243781968752753,0.061604305970900504,4096,0,0,1.0,0.0,0.0,0,0.0,0.061604305970900504,0.0
DNS,c3,412,0.2575,1.1384328235070211e-09,0.22467967341428824,0.061811001396541956,4096,0,0,1.0,0.0,0.0,0,0.0,0.061811001396541956,0.0
DNS,c3,413,0.258125,1.1883021449067652e-09,0.22498003613735645,0.062017742264061204,4096,0,0,1.0,0.0,0.0,0,0.0,0.062017742264061204,0.0
DNS,c3,414,0.25875,1.2408570408977964e-09,0.22527929766822544,0.06222452665105514,4096,0,0,1.0,0.0,0.0,0,0.0,0.06222452665105514,0.0
DNS,c3,415,0.259375,1.296263757295322e-09,0.2255774704835474,0.06243135263624529,4096,0,0,1.0,0.0,0.0,0,0.0,0.06243135263624529,0.0
DNS,c3,416,0.26,1.354698962551122e-09,0.22587456691190716,0.0626382182995191,4096,0,0,1.0,0.0,0.0,0,0.0,0.0626382182995191,0.0
DNS,c3,417,0.260625,1.4163503616146319e-09,0.22617059913295987,0.0628451217219716,4096,0,0,1.0,0.0,0.0,0,0.0,0.0628451217219716,0.0
DNS,c3,418,0.26125,1.4814173426879304e-09,0.22646557917667812,0.06305206098594732,4096,0,0,1.0,0.0,0.0,0,0.0,0.06305206098594732,0.0
DNS,c3,419,0.261875,1.5501116584452428e-09,0.22675951892270554,0.06325903417508237,4096,0,0,1.0,0.0,0.0,0,0.0,0.06325903417508237,0.0
DNS,c3,420,0.2625,1.6226581433523499e-09,0.22705243009981393,0.063466039374347,4096,0,0,1.0,0.0,0.0,0,0.0,0.063466039374347,0.0
DNS,c3,421,0.263125,1.6992954687882273e-09,0.22734432428546122,0.0636730746700882,4096,0,0,1.0,0.0,0.0,0,0.0,0.0636730746700882,0.0
DNS,c3,422,0.26375,1.7802769377403783e-09,0.2276352129054476,0.06388013815007282,4096,0,0,1.0,0.0,0.0,0,0.0,0.06388013815007282,0.0
DNS,c3,423,0.264375,1.865871320916713e-09,0.22792510723366693,0.06408722790353073,4096,0,0,1.0,0.0,0.0,0,0.0,0.06408722790353073,0.0
DNS,c3,424,0.265,1.9563637361905274e-09,0.22821401839195088,0.06429434202119849,4096,0,0,1.0,0.0,0.0,0,0.0,0.06429434202119849,0.0
DNS,c3,425,0.265625,2.052056573371169e-09,0.2285019573500031,0.06450147859536315,4096,0,0,1.0,0.0,0.0,0,0.0,0.06450147859536315,0.0
DNS,c3,426,0.26625,2.1532704663714186e-09,0.22878893492542063,0.06470863571990637,4096,0,0,1.0,0.0,0.0,0,0.0,0.06470863571990637,0.0
DNS,c3,427,0.26687500000000003,2.260345314923484e-09,0.22907496178380019,0.06491581149034886,4096,0,0,1.0,0.0,0.0,0,0.0,0.06491581149034886,0.0
DNS,c3,428,0.2675,2.3736413580788767e-09,0.22936004843892657,0.06512300400389515,4096,0,0,1.0,0.0,0.0,0,0.0,0.06512300400389515,0.0
DNS,c3,429,0.268125,2.4935403018133306e-09,0.22964420525304063,0.06533021135947843,4096,0,0,1.0,0.0,0.0,0,0.0,0.06533021135947843,0.0
DNS,c3,430,0.26875,2.6204465031463962e-09,0.22992744243718446,0.06553743165780596,4096,0,0,1.0,0.0,0.0,0,0.0,0.06553743165780596,0.0
DNS,c3,431,0.26937500000000003,2.7547882132764387e-09,0.23020977005162113,0.06574466300140458,4096,0,0,1.0,0.0,0.0,0,0.0,0.06574466300140458,0.0
DNS,c3,432,0.27,2.8970188823255355e-09,0.23049119800632661,0.0659519034946666,4096,0,0,1.0,0.0,0.0,0,0.0,0.0659519034946666,0.0
DNS,c3,433,0.270625,3.047618528385224e-09,0.2307717360615515,0.06615915124389588,4096,0,0,1.0,0.0,0.0,0,0.0,0.06615915124389588,0.0
DNS,c3,434,0.27125,3.1766894516541606e-09,0.23105139382844994,0.06636640435735433,4096,0,0,1.0,0.0,0.0,0,0.0,0.06636640435735433,0.0
DNS,c3,435,0.27187500000000003,3.295006199724154e-09,0.23133018076977388,0.06657366094530856,4096,0,0,1.0,0.0,0.0,0,0.0,0.06657366094530856,0.0
DNS,c3,436,0.2725,3.4189546147905393e-09,0.23160810620062963,0.06678091912007696,4096,0,0,1.0,0.0,0.0,0,0.0,0.06678091912007696,0.0
DNS,c3,437,0.273125,3.548858404499447e-09,0.23188517928929514,0.06698817699607687,4096,0,0,1.0,0.0,0.0,0,0.0,0.06698817699607687,0.0
DNS,c3,438,0.27375,3.68506036451983e-09,0.23216140905809526,0.0671954326898723,4096,0,0,1.0,0.0,0.0,0,0.0,0.0671954326898723,0.0
DNS,c3,439,0.274375,3.827923429467487e-09,0.2324368043843331,0.06740268432022162,4096,0,0,1.0,0.0,0.0,0,0.0,0.06740268432022162,0.0
DNS,c3,440,0.275,3.977831776008533e-09,0.2327113740012749,0.06760993000812585,4096,0,0,1.0,0.0,0.0,0,0.0,0.06760993000812585,0.0
DNS,c3,441,0.275625,4.135191980429128e-09,0.23298512649918682,0.06781716787687696,4096,0,0,1.0,0.0,0.0,0,0.0,0.06781716787687696,0.0
DNS,c3,442,0.27625,4.300434233043571e-09,0.233258070326421,0.06802439605210668,4096,0,0,1.0,0.0,0.0,0,0.0,0.06802439605210668,0.0
DNS,c3,443,0.276875,4.4740136119006006e-09,0.2335302137905492,0.06823161266183533,4096,0,0,1.0,0.0,0.0,0,0.0,0.06823161266183533,0.0
DNS,c3,444,0.2775,4.656411418338019e-09,0.2338015650595416,0.06843881583652126,4096,0,0,1.0,0.0,0.0,0,0.0,0.06843881583652126,0.0
DNS,c3,445,0.278125,4.848136577028583e-09,0.23407213216298936,0.06864600370911014,4096,0,0,1.0,0.0,0.0,0,0.0,0.06864600370911014,0.0
DNS,c3,446,0.27875,5.049727103255514e-09,0.2343419229933682,0.06885317441508501,4096,0,0,1.0,0.0,0.0,0,0.0,0.06885317441508501,0.0
DNS,c3,447,0.279375,5.261751640254058e-09,0.23461094530734158,0.06906032609251617,4096,0,0,1.0,0.0,0.0,0,0.0,0.06906032609251617,0.0
DNS,c3,448,0.28,5.484811069556217e-09,0.2348792067271016,0.06926745688211158,4096,0,0,1.0,0.0,0.0,0,0.0,0.06926745688211158,0.0
DNS,c3,449,0.280625,5.71954019737922e-09,0.23514671474174537,0.06947456492726747,4096,0,0,1.0,0.0,0.0,0,0.0,0.06947456492726747,0.0
DNS,c3,450,0.28125,5.9666095202044764e-09,0.2354134767086853,0.06968164837411917,4096,0,0,1.0,0.0,0.0,0,0.0,0.06968164837411917,0.0
DNS,c3,451,0.281875,6.226727072802687e-09,0.23567949985509154,0.06988870537159224,4096,0,0,1.0,0.0,0.0,0,0.0,0.06988870537159224,0.0
DNS,c3,452,0.28250000000000003,6.500640362072523e-09,0.2359447912793647,0.07009573407145386,4096,0,0,1.0,0.0,0.0,0,0.0,0.07009573407145386,0.0
DNS,c3,453,0.283125,6.789138390174906e-09,0.23620935795263712,0.07030273262836445,4096,0,0,1.0,0.0,0.0,0,0.0,0.07030273262836445,0.0
DNS,c3,454,0.28375,7.093053770562313e-09,0.23647320672030087,0.0705096991999296,4096,0,0,1.0,0.0,0.0,0,0.0,0.0705096991999296,0.0
DNS,c3,455,0.284375,7.413264940622928e-09,0.23673634430356127,0.07071663194675205,4096,0,0,1.0,0.0,0.0,0,0.0,0.07071663194675205,0.0
DNS,c3,456,0.28500000000000003,7.750698474782664e-09,0.23699877730101374,0.07092352903248425,4096,0,0,1.0,0.0,0.0,0,0.0,0.07092352903248425,0.0
DNS,c3,457,0.285625,8.106331502034305e-09,0.23726051219024274,0.0711303886238808,4096,0,0,1.0,0.0,0.0,0,0.0,0.0711303886238808,0.0
DNS,c3,458,0.28625,8.48119423199217e-09,0.2375215553294412,0.07133720889085142,4096,0,0,1.0,0.0,0.0,0,0.0,0.07133720889085142,0.0
DNS,c3,459,0.286875,8.876372593702824e-09,0.23778191295904866,0.07154398800651388,4096,0,0,1.0,0.0,0.0,0,0.0,0.07154398800651388,0.0
DNS,c3,460,0.28750000000000003,9.267407441418988e-09,0.23804159120340707,0.07175072414724745,4096,0,0,1.0,0.0,0.0,0,0.0,0.07175072414724745,0.0
DNS,c3,461,0.288125,9.574863184632744e-09,0.2383005960724324,0.07195741549274631,4096,0,0,1.0,0.0,0.0,0,0.0,0.07195741549274631,0.0
DNS,c3,462,0.28875,9.895837540627417e-09,0.23855893346330073,0.0721640602260733,4096,0,0,1.0,0.0,0.0,0,0.0,0.0721640602260733,0.0
DNS,c3,463,0.289375,1.0231061120018527e-08,0.2388166091621476,0.07237065653371388,4096,0,0,1.0,0.0,0.0,0,0.0,0.07237065653371388,0.0
DNS,c3,464,0.29,1.0581304619624675e-08,0.2390736288457789,0.07257720260563025,4096,0,0,1.0,0.0,0.0,0,0.0,0.07257720260563025,0.0
DNS,c3,465,0.290625,1.0947380848336805e-08,0.23932999808339253,0.07278369663531581,4096,0,0,1.0,0.0,0.0,0,0.0,0.07278369663531581,0.0
DNS,c3,466,0.29125,1.1330146844308062e-08,0.23958572233830877,0.07299013681984953,4096,0,0,1.0,0.0,0.0,0,0.0,0.07299013681984953,0.0
DNS,c3,467,0.291875,1.1730506087050508e-08,0.23984080696970878,0.07319652135995083,4096,0,0,1.0,0.0,0.0,0,0.0,0.07319652135995083,0.0
DNS,c3,468,0.2925,1.2149410808141756e-08,0.24009525723437958,0.07340284846003445,4096,0,0,1.0,0.0,0.0,0,0.0,0.07340284846003445,0.0
DNS,c3,469,0.293125,1.258786440436415e-08,0.24034907828846455,0.07360911632826561,4096,0,0,1.0,0.0,0.0,0,0.0,0.07360911632826561,0.0
DNS,c3,470,0.29375,1.3046923957221483e-08,0.24060227518921795,0.07381532317661518,4096,0,0,1.0,0.0,0.0,0,0.0,0.07381532317661518,0.0
DNS,c3,471,0.294375,1.35277028629033e-08,0.24085485289676262,0.07402146722091524,4096,0,0,1.0,0.0,0.0,0,0.0,0.07402146722091524,0.0
DNS,c3,472,0.295,1.4031373576894854e-08,0.24110681627584968,0.07422754668091458,4096,0,0,1.0,0.0,0.0,0,0.0,0.07422754668091458,0.0
DNS,c3,473,0.295625,1.4559170477561472e-08,0.24135817009761887,0.07443355978033461,4096,0,0,1.0,0.0,0.0,0,0.0,0.07443355978033461,0.0
DNS,c3,474,0.29625,1.5112392853169727e-08,0.24160891904135892,0.0746395047469251,4096,0,0,1.0,0.0,0.0,0,0.0,0.0746395047469251,0.0
DNS,c3,475,0.296875,1.569240801694423e-08,0.24185906769626642,0.07484537981252037,4096,0,0,1.0,0.0,0.0,0,0.0,0.07484537981252037,0.0
DNS,c3,476,0.2975,1.6300654554898153e-08,0.24210862056320256,0.07505118321309542,4096,0,0,1.0,0.0,0.0,0,0.0,0.07505118321309542,0.0
DNS,c3,477,0.29812500000000003,1.6938645711317758e-08,0.24235758205644664,0.07525691318882227,4096,0,0,1.0,0.0,0.0,0,0.0,0.07525691318882227,0.0
DNS,c3,478,0.29875,1.760797291692619e-08,0.24260595650544522,0.07546256798412637,4096,0,0,1.0,0.0,0.0,0,0.0,0.07546256798412637,0.0
DNS,c3,479,0.299375,1.8310309464899697e-08,0.2428537481565563,0.07566814584774322,4096,0,0,1.0,0.0,0.0,0,0.0,0.07566814584774322,0.0
DNS,c3,480,0.3,1.9047414340060165e-08,0.24310096117478736,0.07587364503277494,4096,0,0,1.0,0.0,0.0,0,0.0,0.07587364503277494,0.0
DNS,c3,481,0.30062500000000003,1.98211362067214e-08,0.24334759964552644,0.07607906379674717,4096,0,0,1.0,0.0,0.0,0,0.0,0.07607906379674717,0.0
DNS,c3,482,0.30125,2.0633417560823093e-08,0.2435936675762656,0.07628440040166579,4096,0,0,1.0,0.0,0.0,0,0.0,0.07628440040166579,0.0
DNS,c3,483,0.301875,2.1486299052145526e-08,0.2438391688983157,0.07648965311407396,4096,0,0,1.0,0.0,0.0,0,0.0,0.07648965311407396,0.0
DNS,c3,484,0.3025,2.238192398256032e-08,0.2440841074685116,0.0766948202051091,4096,0,0,1.0,0.0,0.0,0,0.0,0.0766948202051091,0.0
DNS,c3,485,0.30312500000000003,2.3322542986437206e-08,0.2443284870709076,0.07689989995056001,4096,0,0,1.0,0.0,0.0,0,0.0,0.07689989995056001,0.0
DNS,c3,486,0.30375,2.4281641405986783e-08,0.24457231141846145,0.07710489063092396,4096,0,0,1.0,0.0,0.0,0,0.0,0.07710489063092396,0.0
DNS,c3,487,0.304375,2.5004935387512525e-08,0.24481558415470706,0.07730979053146401,4096,0,0,1.0,0.0,0.0,0,0.0,0.07730979053146401,0.0
DNS,c3,488,0.305,2.5757881306778115e-08,0.24505830885541469,0.07751459794226619,4096,0,0,1.0,0.0,0.0,0,0.0,0.07751459794226619,0.0
DNS,c3,489,0.305625,2.6541993702326412e-08,0.24530048903023804,0.07771931115829675,4096,0,0,1.0,0.0,0.0,0,0.0,0.07771931115829675,0.0
DNS,c3,490,0.30625,2.7358864579313374e-08,0.24554212812434775,0.07792392847945963,4096,0,0,1.0,0.0,0.0,0,0.0,0.07792392847945963,0.0
DNS,c3,491,0.306875,2.8210167008993395e-08,0.24578322952005036,0.07812844821065364,4096,0,0,1.0,0.0,0.0,0,0.0,0.07812844821065364,0.0
DNS,c3,492,0.3075,2.9097658875753214e-08,0.2460237965383924,0.07833286866182992,4096,0,0,1.0,0.0,0.0,0,0.0,0.07833286866182992,0.0
DNS,c3,493,0.308125,3.002318677688653e-08,0.24626383244074887,0.07853718814804932,4096,0,0,1.0,0.0,0.0,0,0.0,0.07853718814804932,0.0
DNS,c3,494,0.30875,3.0988690080447934e-08,0.2465033404303955,0.07874140498953963,4096,0,0,1.0,0.0,0.0,0,0.0,0.07874140498953963,0.0
DNS,c3,495,0.309375,3.1996205146674104e-08,0.2467423236540644,0.07894551751175302,4096,0,0,1.0,0.0,0.0,0,0.0,0.07894551751175302,0.0
DNS,c3,496,0.31,3.304786971861206e-08,0.2469807852034822,0.07914952404542344,4096,0,0,1.0,0.0,0.0,0,0.0,0.07914952404542344,0.0
DNS,c3,497,0.310625,3.4145927487748835e-08,0.24721872811689077,0.07935342292662369,4096,0,0,1.0,0.0,0.0,0,0.0,0.07935342292662369,0.0
DNS,c3,498,0.31125,3.529273284059404e-08,0.24745615538054924,0.07955721249682286,4096,0,0,1.0,0.0,0.0,0,0.0,0.07955721249682286,0.0
DNS,c3,499,0.311875,3.6490755792326514e-08,0.2476930699302176,0.07976089110294346,4096,0,0,1.0,0.0,0.0,0,0.0,0.07976089110294346,0.0
DNS,c3,500,0.3125,3.774258711377863e-08,0.24792947465262094,0.07996445709741856,4096,0,0,1.0,0.0,0.0,0,0.0,0.07996445709741856,0.0
DNS,c3,501,0.313125,3.9050943658196555e-08,0.24816537238689382,0.0801679088382489,4096,0,0,1.0,0.0,0.0,0,0.0,0.0801679088382489,0.0
DNS,c3,502,0.31375000000000003,4.041867389438226e-08,0.24840076592600485,0.08037124468905979,4096,0,0,1.0,0.0,0.0,0,0.0,0.08037124468905979,0.0
DNS,c3,503,0.314375,4.184876365299267e-08,0.24863565801816057,0.08057446301915819,4096,0,0,1.0,0.0,0.0,0,0.0,0.08057446301915819,0.0
DNS,c3,504,0.315,4.3344342092943884e-08,0.24887005136818843,0.08077756220358936,4096,0,0,1.0,0.0,0.0,0,0.0,0.08077756220358936,0.0
DNS,c3,505,0.315625,4.490868789504283e-08,0.2491039486388985,0.08098054062319365,4096,0,0,1.0,0.0,0.0,0,0.0,0.08098054062319365,0.0
DNS,c3,506,0.31625000000000003,4.654523569014577e-08,0.24933735245242353,0.0811833966646631,4096,0,0,1.0,0.0,0.0,0,0.0,0.0811833966646631,0.0
DNS,c3,507,0.316875,4.825758272932239e-08,0.24957026539153696,0.08138612872059792,4096,0,0,1.0,0.0,0.0,0,0.0,0.08138612872059792,0.0
DNS,c3,508,0.3175,5.004949580368575e-08,0.2498026900009487,0.08158873518956272,4096,0,0,1.0,0.0,0.0,0,0.0,0.08158873518956272,0.0
DNS,c3,509,0.318125,5.192491842173201e-08,0.2500411628973279,0.08179121447614288,4096,0,0,1.0,0.0,0.0,0,0.0,0.08179121447614288,0.0
DNS,c3,510,0.31875000000000003,5.388797825221971e-08,0.2503035703180796,0.08199356499100044,4096,0,0,1.0,0.0,0.0,0,0.0,0.08199356499100044,0.0
DNS,c3,511,0.319375,5.5942994840806274e-08,0.25056511537164045,0.08219578515093007,4096,0,0,1.0,0.0,0.0,0,0.0,0.08219578515093007,0.0
DNS,c3,512,0.32,5.791486742958521e-08,0.2508258071953118,0.08239787337891473,4096,0,0,1.0,0.0,0.0,0,0.0,0.08239787337891473,0.0
DNS,c3,513,0.320625,5.9475346143881396e-08,0.25108565478920064,0.08259982810418122,4096,0,0,1.0,0.0,0.0,0,0.0,0.08259982810418122,0.0
DNS,c3,514,0.32125,6.109595689839419e-08,0.2513446670174194,0.08280164776225546,4096,0,0,1.0,0.0,0.0,0,0.0,0.08280164776225546,0.0
DNS,c3,515,0.321875,6.27796132494477e-08,0.2516028526093129,0.0830033307950177,4096,0,0,1.0,0.0,0.0,0,0.0,0.0830033307950177,0.0
DNS,c3,516,0.3225,6.452936786889172e-08,0.2518602201607118,0.08320487565075738,4096,0,0,1.0,0.0,0.0,0,0.0,0.08320487565075738,0.0
DNS,c3,517,0.323125,6.634841849617683e-08,0.2521167781352109,0.08340628078422777,4096,0,0,1.0,0.0,0.0,0,0.0,0.08340628078422777,0.0
DNS,c3,518,0.32375,6.824011411261307e-08,0.25237253486547045,0.08360754465670059,4096,0,0,1.0,0.0,0.0,0,0.0,0.08360754465670059,0.0
DNS,c3,519,0.324375,7.020796134481089e-08,0.25262749855453986,0.08380866573602011,4096,0,0,1.0,0.0,0.0,0,0.0,0.08380866573602011,0.0
DNS,c3,520,0.325,7.225563110447285e-08,0.2528816772772009,0.08400964249665716,4096,0,0,1.0,0.0,0.0,0,0.0,0.08400964249665716,0.0
DNS,c3,521,0.325625,7.43869654718754e-08,0.2531350789813305,0.0842104734197628,4096,0,0,1.0,0.0,0.0,0,0.0,0.0842104734197628,0.0
DNS,c3,522,0.32625,7.660598483055395e-08,0.2533877114892808,0.0844111569932218,4096,0,0,1.0,0.0,0.0,0,0.0,0.0844111569932218,0.0
DNS,c3,523,0.326875,7.891689526087917e-08,0.2536395824992756,0.0846116917117058,4096,0,0,1.0,0.0,0.0,0,0.0,0.0846116917117058,0.0
DNS,c3,524,0.3275,8.132409620039046e-08,0.25389069958682137,0.08481207607672617,4096,0,0,1.0,0.0,0.0,0,0.0,0.08481207607672617,0.0
DNS,c3,525,0.328125,8.383218837893101e-08,0.2541410702061319,0.08501230859668654,4096,0,0,1.0,0.0,0.0,0,0.0,0.08501230859668654,0.0
DNS,c3,526,0.32875,8.644598203681034e-08,0.25439070169156547,0.0852123877869351,4096,0,0,1.0,0.0,0.0,0,0.0,0.0852123877869351,0.0
DNS,c3,527,0.32937500000000003,8.917050543440254e-08,0.2546396012590725,0.08541231216981654,4096,0,0,1.0,0.0,0.0,0,0.0,0.08541231216981654,0.0
DNS,c3,528,0.33,9.201101366177323e-08,0.25488777600765333,0.08561208027472357,4096,0,0,1.0,0.0,0.0,0,0.0,0.08561208027472357,0.0
DNS,c3,529,0.330625,9.497299775711332e-08,0.25513523292082474,0.08581169063814834,4096,0,0,1.0,0.0,0.0,0,0.0,0.08581169063814834,0.0
DNS,c3,530,0.33125,9.80621941429461e-08,0.2553819788680933,0.08601114180373323,4096,0,0,1.0,0.0,0.0,0,0.0,0.08601114180373323,0.0
DNS,c3,531,0.33187500000000003,1.0128459438926199e-07,0.25562802060643514,0.08621043232232142,4096,0,0,1.0,0.0,0.0,0,0.0,0.08621043232232142,0.0
DNS,c3,532,0.3325,1.0464645531292595e-07,0.2558733647817814,0.08640956075200715,4096,0,0,1.0,0.0,0.0,0,0.0,0.08640956075200715,0.0
DNS,c3,533,0.333125,1.0815430942289352e-07,0.2561180179305067,0.08660852565818547,4096,0,0,1.0,0.0,0.0,0,0.0,0.08660852565818547,0.0
DNS,c3,534,0.33375,1.1181497572096381e-07,0.2563619864809213,0.08680732561360172,4096,0,0,1.0,0.0,0.0,0,0.0,0.08680732561360172,0.0
DNS,c3,535,0.33437500000000003,1.1563557086799118e-07,0.2566052767547647,0.08700595919840046,4096,0,0,1.0,0.0,0.0,0,0.0,0.08700595919840046,0.0
DNS,c3,536,0.335,1.196235207256714e-07,0.25684789496870053,0.0872044250001742,4096,0,0,1.0,0.0,0.0,0,0.0,0.0872044250001742,0.0
DNS,c3,537,0.335625,1.2378657228421302e-07,0.2570898472358107,0.08740272161401158,4096,0,0,1.0,0.0,0.0,0,0.0,0.08740272161401158,0.0
DNS,c3,538,0.33625,1.2721600365143107e-07,0.25733113956708886,0.0876008476425451,4096,0,0,1.0,0.0,0.0,0,0.0,0.0876008476425451,0.0
DNS,c3,539,0.336875,1.3033773825885244e-07,0.2575717778729317,0.0877988016959985,4096,0,0,1.0,0.0,0.0,0,0.0,0.0877988016959985,0.0
DNS,c3,540,0.3375,1.3357332103597725e-07,0.25781176796462696,0.08799658239223374,4096,0,0,1.0,0.0,0.0,0,0.0,0.08799658239223374,0.0
DNS,c3,541,0.338125,1.3692799824225273e-07,0.258051115555838,0.08819418835679725,4096,0,0,1.0,0.0,0.0,0,0.0,0.08819418835679725,0.0
DNS,c3,542,0.33875,1.404072502331662e-07,0.2582898262640831,0.08839161822296619,4096,0,0,1.0,0.0,0.0,0,0.0,0.08839161822296619,0.0
DNS,c3,543,0.339375,1.4401680069643893e-07,0.2585279056122094,0.08858887063179378,4096,0,0,1.0,0.0,0.0,0,0.0,0.08858887063179378,0.0
DNS,c3,544,0.34,1.4776262620254246e-07,0.2587653590298602,0.08878594423215438,4096,0,0,1.0,0.0,0.0,0,0.0,0.08878594423215438,0.0
DNS,c3,545,0.340625,1.5165096607838164e-07,0.25900219185493506,0.08898283768078813,4096,0,0,1.0,0.0,0.0,0,0.0,0.08898283768078813,0.0
DNS,c3,546,0.34125,1.556883326131694e-07,0.2592384093350416,0.08917954964234487,4096,0,0,1.0,0.0,0.0,0,0.0,0.08917954964234487,0.0
DNS,c3,547,0.341875,1.5988152160569758e-07,0.2594740166289388,0.08937607878942784,4096,0,0,1.0,0.0,0.0,0,0.0,0.08937607878942784,0.0
DNS,c3,548,0.3425,1.642376232623909e-07,0.25970901880797026,0.08957242380263666,4096,0,0,1.0,0.0,0.0,0,0.0,0.08957242380263666,0.0
DNS,c3,549,0.343125,1.6876403345571286e-07,0.25994342085748756,0.08976858337060983,4096,0,0,1.0,0.0,0.0,0,0.0,0.08976858337060983,0.0
DNS,c3,550,0.34375,1.7346846535267582e-07,0.2601772276782621,0.08996455619006677,4096,0,0,1.0,0.0,0.0,0,0.0,0.08996455619006677,0.0
DNS,c3,551,0.344375,1.7835896142339173e-07,0.2604104440878859,0.09016034096584924,4096,0,0,1.0,0.0,0.0,0,0.0,0.09016034096584924,0.0
DNS,c3,552,0.34500000000000003,1.8344390583978384e-07,0.2606430748221591,0.09035593641096225,4096,0,0,1.0,0.0,0.0,0,0.0,0.09035593641096225,0.0
DNS,c3,553,0.345625,1.8873203727476515e-07,0.2608751245364655,0.0905513412466145,4096,0,0,1.0,0.0,0.0,0,0.0,0.0905513412466145,0.0
DNS,c3,554,0.34625,1.9423246211237435e-07,0.26110659780713363,0.09074655420225806,4096,0,0,1.0,0.0,0.0,0,0.0,0.09074655420225806,0.0
DNS,c3,555,0.346875,1.9995466807954508e-07,0.26133749913278415,0.0909415740156277,4096,0,0,1.0,0.0,0.0,0,0.0,0.0909415740156277,0.0
DNS,c3,556,0.34750000000000003,2.0590853831037025e-07,0.26156783293566194,0.09113639943277946,4096,0,0,1.0,0.0,0.0,0,0.0,0.09113639943277946,0.0
DNS,c3,557,0.348125,2.121043658539081e-07,0.26179760356295334,0.09133102920812873,4096,0,0,1.0,0.0,0.0,0,0.0,0.09133102920812873,0.0
DNS,c3,558,0.34875,2.1855286863676174e-07,0.2620268152880873,0.09152546210448785,4096,0,0,1.0,0.0,0.0,0,0.0,0.09152546210448785,0.0
DNS,c3,559,0.349375,2.252652048918486e-07,0.26225547231202,0.09171969689310283,4096,0,0,1.0,0.0,0.0,0,0.0,0.09171969689310283,0.0
DNS,c3,560,0.35000000000000003,2.322529890649607e-07,0.2624835787645027,0.0919137323536897,4096,0,0,1.0,0.0,0.0,0,0.0,0.0919137323536897,0.0
DNS,c3,561,0.350625,2.395283082108991e-07,0.262711138705332,0.0921075672744702,4096,0,0,1.0,0.0,0.0,0,0.0,0.0921075672744702,0.0
DNS,c3,562,0.35125,2.4710373889114975e-07,0.2629381561255828,0.09230120045220677,4096,0,0,1.0,0.0,0.0,0,0.0,0.09230120045220677,0.0
DNS,c3,563,0.351875,2.5429496635536584e-07,0.2631646349488221,0.09249463069223704,4096,0,0,1.0,0.0,0.0,0,0.0,0.09249463069223704,0.0
DNS,c3,564,0.3525,2.599458193953254e-07,0.2633905790323049,0.09268785680850752,4096,0,0,1.0,0.0,0.0,0,0.0,0.09268785680850752,0.0
DNS,c3,565,0.353125,2.6579100050277443e-07,0.2636159921681504,0.09288087762360689,4096,0,0,1.0,0.0,0.0,0,0.0,0.09288087762360689,0.0
DNS,c3,566,0.35375,2.7183905752313337e-07,0.2638408780844992,0.09307369196879839,4096,0,0,1.0,0.0,0.0,0,0.0,0.09307369196879839,0.0
DNS,c3,567,0.354375,2.780988969381255e-07,0.26406524044664986,0.09326629868405173,4096,0,0,1.0,0.0,0.0,0,0.0,0.09326629868405173,0.0
DNS,c3,568,0.355,2.8457979700141325e-07,0.26428908285817615,0.09345869661807428,4096,0,0,1.0,0.0,0.0,0,0.0,0.09345869661807428,0.0
DNS,c3,569,0.355625,2.912914212844723e-07,0.264512408862023,0.09365088462834165,4096,0,0,1.0,0.0,0.0,0,0.0,0.09365088462834165,0.0
DNS,c3,570,0.35625,2.9824383264306284e-07,0.2647352219415817,0.09384286158112752,4096,0,0,1.0,0.0,0.0,0,0.0,0.09384286158112752,0.0
DNS,c3,571,0.356875,3.0544750761483155e-07,0.2649575255217443,0.09403462635153287,4096,0,0,1.0,0.0,0.0,0,0.0,0.09403462635153287,0.0
DNS,c3,572,0.3575,3.129133512587505e-07,0.2651793229699357,0.0942261778235145,4096,0,0,1.0,0.0,0.0,0,0.0,0.0942261778235145,0.0
DNS,c3,573,0.358125,3.2065271244727394e-07,0.2654006175971249,0.09441751488991287,4096,0,0,1.0,0.0,0.0,0,0.0,0.09441751488991287,0.0
DNS,c3,574,0.35875,3.286773996222657e-07,0.26562141265881356,0.09460863645247923,4096,0,0,1.0,0.0,0.0,0,0.0,0.09460863645247923,0.0
DNS,c3,575,0.359375,3.3699969702592326e-07,0.26584171135600243,0.0947995414219022,4096,0,0,1.0,0.0,0.0,0,0.0,0.0947995414219022,0.0
DNS,c3,576,0.36,3.456323814180949e-07,0.2660615168361354,0.09499022871783332,4096,0,0,1.0,0.0,0.0,0,0.0,0.09499022871783332,0.0
DNS,c3,577,0.36062500000000003,3.5458873929155793e-07,0.26628083219402077,0.09518069726891236,4096,0,0,1.0,0.0,0.0,0,0.0,0.09518069726891236,0.0
DNS,c3,578,0.36125,3.638825845969949e-07,0.26649966047272955,0.09537094601279149,4096,0,0,1.0,0.0,0.0,0,0.0,0.09537094601279149,0.0
DNS,c3,579,0.361875,3.7352827698957316e-07,0.2667180046644707,0.09556097389615908,4096,0,0,1.0,0.0,0.0,0,0.0,0.09556097389615908,0.0
DNS,c3,580,0.3625,3.8354074060919974e-07,0.2669358677114431,0.09575077987476249,4096,0,0,1.0,0.0,0.0,0,0.0,0.09575077987476249,0.0
DNS,c3,581,0.36312500000000003,3.9393548340668907e-07,0.26715325250666416,0.09594036291343043,4096,0,0,1.0,0.0,0.0,0,0.0,0.09594036291343043,0.0
DNS,c3,582,0.36375,4.0472861702824427e-07,0.26737016189477464,0.09612972198609432,4096,0,0,1.0,0.0,0.0,0,0.0,0.09612972198609432,0.0
DNS,c3,583,0.364375,4.159368772708145e-07,0.26758659867282,0.0963188560758092,4096,0,0,1.0,0.0,0.0,0,0.0,0.0963188560758092,0.0
DNS,c3,584,0.365,4.275776451210497e-07,0.26780256559100785,0.09650776417477369,4096,0,0,1.0,0.0,0.0,0,0.0,0.09650776417477369,0.0
DNS,c3,585,0.36562500000000003,4.3966896839073215e-07,0.2680180653534415,0.09669644528434933,4096,0,0,1.0,0.0,0.0,0,0.0,0.09669644528434933,0.0
DNS,c3,586,0.36625,4.522295839617182e-07,0.2682331006188295,0.09688489841507916,4096,0,0,1.0,0.0,0.0,0,0.0,0.09688489841507916,0.0
DNS,c3,587,0.366875,4.6527894065357487e-07,0.26844767400117087,0.09707312258670557,4096,0,0,1.0,0.0,0.0,0,0.0,0.09707312258670557,0.0
DNS,c3,588,0.3675,4.787062650261321e-07,0.2686617880704168,0.09726111682818743,4096,0,0,1.0,0.0,0.0,0,0.0,0.09726111682818743,0.0
DNS,c3,589,0.368125,4.883877304120129e-07,0.2688754453531074,0.09744888017771641,4096,0,0,1.0,0.0,0.0,0,0.0,0.09744888017771641,0.0
DNS,c3,590,0.36875,4.983846897807313e-07,0.26908864833298474,0.09763641168273263,4096,0,0,1.0,0.0,0.0,0,0.0,0.09763641168273263,0.0
DNS,c3,591,0.369375,5.087104206778241e-07,0.2693013994515813,0.09782371039993953,4096,0,0,1.0,0.0,0.0,0,0.0,0.09782371039993953,0.0
DNS,c3,592,0.37,5.193787251064113e-07,0.2695137011087845,0.09801077539531801,4096,0,0,1.0,0.0,0.0,0,0.0,0.09801077539531801,0.0
DNS,c3,593,0.370625,5.30403947383571e-07,0.26972555566337636,0.09819760574413983,4096,0,0,1.0,0.0,0.0,0,0.0,0.09819760574413983,0.0
DNS,c3,594,0.37125,5.418009925088347e-07,0.26993696543354967,0.09838420053098013,4096,0,0,1.0,0.0,0.0,0,0.0,0.09838420053098013,0.0
DNS,c3,595,0.371875,5.535853450563621e-07,0.2701479326973991,0.09857055884972953,4096,0,0,1.0,0.0,0.0,0,0.0,0.09857055884972953,0.0
DNS,c3,596,0.3725,5.657730886025075e-07,0.2703792448750678,0.098756679803605,4096,0,0,1.0,0.0,0.0,0,0.0,0.098756679803605,0.0
DNS,c3,597,0.373125,5.783809257006411e-07,0.27061263486992054,0.0989425625051604,4096,0,0,1.0,0.0,0.0,0,0.0,0.0989425625051604,0.0
DNS,c3,598,0.37375,5.91426198415241e-07,0.2708453560336019,0.09912820607629602,4096,0,0,1.0,0.0,0.0,0,0.0,0.09912820607629602,0.0
DNS,c3,599,0.374375,6.049269094274175e-07,0.2710774142459219,0.09931360964826752,4096,0,0,1.0,0.0,0.0,0,0.0,0.09931360964826752,0.0
DNS,c3,600,0.375,6.189017437241778e-07,0.27130881528309614,0.09949877236169397,4096,0,0,1.0,0.0,0.0,0,0.0,0.09949877236169397,0.0
DNS,c3,601,0.375625,6.333700908838819e-07,0.2715395648191202,0.09968369336656513,4096,0,0,1.0,0.0,0.0,0,0.0,0.09968369336656513,0.0
DNS,c3,602,0.37625000000000003,6.483520679704841e-07,0.271769668427134,0.09986837182224825,4096,0,0,1.0,0.0,0.0,0,0.0,0.09986837182224825,0.0
DNS,c3,603,0.376875,6.638685430492875e-07,0.27199913158077355,0.10005280689749371,4096,0,0,1.0,0.0,0.0,0,0.0,0.10005280689749371,0.0
DNS,c3,604,0.3775,6.799411593370801e-07,0.272227959655511,0.1002369977704402,4096,0,0,1.0,0.0,0.0,0,0.0,0.1002369977704402,0.0
DNS,c3,605,0.378125,6.965923599996474e-07,0.2724561579299816,0.100420943628619,4096,0,0,1.0,0.0,0.0,0,0.0,0.100420943628619,0.0
DNS,c3,606,0.37875000000000003,7.13845413609789e-07,0.2726837315872974,0.10060464366895756,4096,0,0,1.0,0.0,0.0,0,0.0,0.10060464366895756,0.0
DNS,c3,607,0.379375,7.317244402790911e-07,0.27291068571634675,0.10078809709778236,4096,0,0,1.0,0.0,0.0,0,0.0,0.10078809709778236,0.0
DNS,c3,608,0.38,7.502544384768254e-07,0.2731370253130793,0.10097130313082094,4096,0,0,1.0,0.0,0.0,0,0.0,0.10097130313082094,0.0
DNS,c3,609,0.380625,7.694613125494674e-07,0.27336275528177667,0.10115426099320313,4096,0,0,1.0,0.0,0.0,0,0.0,0.10115426099320313,0.0
DNS,c3,610,0.38125000000000003,7.89371900954435e-07,0.2735878804363067,0.10133696991946178,4096,0,0,1.0,0.0,0.0,0,0.0,0.10133696991946178,0.0
DNS,c3,611,0.381875,8.100140052217618e-07,0.27381240550136254,0.10151942915353246,4096,0,0,1.0,0.0,0.0,0,0.0,0.10151942915353246,0.0
DNS,c3,612,0.3825,8.314164196575208e-07,0.2740363351136851,0.10170163794875246,4096,0,0,1.0,0.0,0.0,0,0.0,0.10170163794875246,0.0
DNS,c3,613,0.383125,8.536089618029155e-07,0.2742596738232688,0.10188359556785925,4096,0,0,1.0,0.0,0.0,0,0.0,0.10188359556785925,0.0
DNS,c3,614,0.38375000000000004,8.702073452689552e-07,0.2744824260945505,0.10206530128298799,4096,0,0,1.0,0.0,0.0,0,0.0,0.10206530128298799,0.0
DNS,c3,615,0.384375,8.864939852008265e-07,0.2747045963075801,0.10224675437566834,4096,0,0,1.0,0.0,0.0,0,0.0,0.10224675437566834,0.0
DNS,c3,616,0.385,9.032901518546832e-07,0.2749261887591743,0.10242795413682051,4096,0,0,1.0,0.0,0.0,0,0.0,0.10242795413682051,0.0
DNS,c3,617,0.385625,9.206163376299729e-07,0.2751472076640516,0.10260889986675076,4096,0,0,1.0,0.0,0.0,0,0.0,0.10260889986675076,0.0
DNS,c3,618,0.38625,9.384937938123119e-07,0.27536765715594874,0.1027895908751458,4096,0,0,1.0,0.0,0.0,0,0.0,0.1027895908751458,0.0
DNS,c3,619,0.386875,9.569445544985381e-07,0.2755875412887186,0.10297002648106689,4096,0,0,1.0,0.0,0.0,0,0.0,0.10297002648106689,0.0
DNS,c3,620,0.3875,9.759914611482343e-07,0.2758068640374089,0.10315020601294285,4096,0,0,1.0,0.0,0.0,0,0.0,0.10315020601294285,0.0
DNS,c3,621,0.388125,9.956581877741603e-07,0.2760256292993215,0.10333012880856254,4096,0,0,1.0,0.0,0.0,0,0.0,0.10333012880856254,0.0
DNS,c3,622,0.38875,1.015969266784145e-06,0.2762438408950522,0.10350979421506656,4096,0,0,1.0,0.0,0.0,0,0.0,0.10350979421506656,0.0
DNS,c3,623,0.389375,1.0369501154871055e-06,0.27646150256951074,0.10368920158893821,4096,0,0,1.0,0.0,0.0,0,0.0,0.10368920158893821,0.0
DNS,c3,624,0.39,1.0586270632759658e-06,0.27667861799292054,0.10386835029599381,4096,0,0,1.0,0.0,0.0,0,0.0,0.10386835029599381,0.0
DNS,c3,625,0.390625,1.0810273795003549e-06,0.27689519076179864,0.10404723971137217,4096,0,0,1.0,0.0,0.0,0,0.0,0.10404723971137217,0.0
DNS,c3,626,0.39125,1.1041793020420662e-06,0.2771112243999148,0.10422586921952354,4096,0,0,1.0,0.0,0.0,0,0.0,0.10422586921952354,0.0
DNS,c3,627,0.39187500000000003,1.1281120666063534e-06,0.2773267223592305,0.10440423821419767,4096,0,0,1.0,0.0,0.0,0,0.0,0.10440423821419767,0.0
DNS,c3,628,0.3925,1.152855936742233e-06,0.27754168802081675,0.10458234609843127,4096,0,0,1.0,0.0,0.0,0,0.0,0.10458234609843127,0.0
DNS,c3,629,0.393125,1.1784422346050527e-06,0.2777561246957515,0.10476019228453473,4096,0,0,1.0,0.0,0.0,0,0.0,0.10476019228453473,0.0
DNS,c3,630,0.39375,1.2049033724746642e-06,0.277970035625996,0.10493777619407829,4096,0,0,1.0,0.0,0.0,0,0.0,0.10493777619407829,0.0
DNS,c3,631,0.39437500000000003,1.232272885042619e-06,0.27818342398524987,0.10511509725787717,4096,0,0,1.0,0.0,0.0,0,0.0,0.10511509725787717,0.0
DNS,c3,632,0.395,1.2605854624818803e-06,0.27839629287978546,0.10529215491597646,4096,0,0,1.0,0.0,0.0,0,0.0,0.10529215491597646,0.0
DNS,c3,633,0.395625,1.289876984312607e-06,0.2786086453492608,0.105468948617635,4096,0,0,1.0,0.0,0.0,0,0.0,0.105468948617635,0.0
DNS,c3,634,0.39625,1.320184554077631e-06,0.2788204843675113,0.10564547782130873,4096,0,0,1.0,0.0,0.0,0,0.0,0.10564547782130873,0.0
DNS,c3,635,0.39687500000000003,1.351546534841304e-06,0.2790318128433204,0.1058217419946334,4096,0,0,1.0,0.0,0.0,0,0.0,0.1058217419946334,0.0
DNS,c3,636,0.3975,1.384002585525437e-06,0.27924263362116863,0.10599774061440645,4096,0,0,1.0,0.0,0.0,0,0.0,0.10599774061440645,0.0
DNS,c3,637,0.398125,1.4175936980961041e-06,0.2794529494819616,0.10617347316656839,4096,0,0,1.0,0.0,0.0,0,0.0,0.10617347316656839,0.0
DNS,c3,638,0.39875,1.4523622356151138e-06,0.2796627631437366,0.10634893914618351,4096,0,0,1.0,0.0,0.0,0,0.0,0.10634893914618351,0.0
DNS,c3,639,0.39937500000000004,1.4791317072473595e-06,0.279872077262348,0.10652413805741984,4096,0,0,1.0,0.0,0.0,0,0.0,0.10652413805741984,0.0
DNS,c3,640,0.4,1.5045417039011678e-06,0.2800808944321311,0.10669906941352861,4096,0,0,1.0,0.0,0.0,0,0.0,0.10669906941352861,0.0
DNS,c3,641,0.400625,1.530710280548472e-06,0.2802892171865454,0.10687373273682291,4096,0,0,1.0,0.0,0.0,0,0.0,0.10687373273682291,0.0
DNS,c3,642,0.40125,1.557666710289883e-06,0.28049704799879616,0.10704812755865588,4096,0,0,1.0,0.0,0.0,0,0.0,0.10704812755865588,0.0
DNS,c3,643,0.401875,1.585441289203404e-06,0.2807043892824349,0.10722225341939812,4096,0,0,1.0,0.0,0.0,0,0.0,0.10722225341939812,0.0
DNS,c3,644,0.4025,1.6140653663999993e-06,0.28091124339193935,0.10739610986841469,4096,0,0,1.0,0.0,0.0,0,0.0,0.10739610986841469,0.0
DNS,c3,645,0.403125,1.643571374801905e-06,0.281117612623272,0.10756969646404119,4096,0,0,1.0,0.0,0.0,0,0.0,0.10756969646404119,0.0
DNS,c3,646,0.40375,1.673992862656313e-06,0.2813234992144182,0.1077430127735595,4096,0,0,1.0,0.0,0.0,0,0.0,0.1077430127735595,0.0
DNS,c3,647,0.404375,1.7053645257971154e-06,0.28152890534590325,0.10791605837317289,4096,0,0,1.0,0.0,0.0,0,0.0,0.10791605837317289,0.0
DNS,c3,648,0.405,1.737722240667471e-06,0.2817338331412893,0.1080888328479804,4096,0,0,1.0,0.0,0.0,0,0.0,0.1080888328479804,0.0
DNS,c3,649,0.405625,1.771103098116007e-06,0.28193828466765164,0.1082613357919506,4096,0,0,1.0,0.0,0.0,0,0.0,0.1082613357919506,0.0
DNS,c3,650,0.40625,1.8055454379795234e-06,0.28214226193603453,0.1084335668078951,4096,0,0,1.0,0.0,0.0,0,0.0,0.1084335668078951,0.0
DNS,c3,651,0.406875,1.8410888844651187e-06,0.2823457669018873,0.1086055255074411,4096,0,0,1.0,0.0,0.0,0,0.0,0.1086055255074411,0.0
DNS,c3,652,0.40750000000000003,1.877774382344691e-06,0.28254880146548017,0.1087772115110035,4096,0,0,1.0,0.0,0.0,0,0.0,0.1087772115110035,0.0
DNS,c3,653,0.408125,1.9156442339748106e-06,0.28275136747230056,0.1089486244477566,4096,0,0,1.0,0.0,0.0,0,0.0,0.1089486244477566,0.0
DNS,c3,654,0.40875,1.9547421371549854e-06,0.2829534667134297,0.1091197639556051,4096,0,0,1.0,0.0,0.0,0,0.0,0.1091197639556051,0.0
DNS,c3,655,0.409375,1.995113223837368e-06,0.2831551009258998,0.10929062968115438,4096,0,0,1.0,0.0,0.0,0,0.0,0.10929062968115438,0.0
DNS,c3,656,0.41000000000000003,2.036804099700963e-06,0.2833562717930322,0.10946122127968069,4096,0,0,1.0,0.0,0.0,0,0.0,0.10946122127968069,0.0
DNS,c3,657,0.410625,2.0798628846034146e-06,0.28355698094475645,0.10963153841510044,4096,0,0,1.0,0.0,0.0,0,0.0,0.10963153841510044,0.0
DNS,c3,658,0.41125,2.1243392539234448e-06,0.283757229957911,0.109801580759939,4096,0,0,1.0,0.0,0.0,0,0.0,0.109801580759939,0.0
DNS,c3,659,0.411875,2.170284480807015e-06,0.28395702035652465,0.10997134799529917,4096,0,0,1.0,0.0,0.0,0,0.0,0.10997134799529917,0.0
DNS,c3,660,0.41250000000000003,2.2177514793302777e-06,0.28415635361208075,0.11014083981082895,4096,0,0,1.0,0.0,0.0,0,0.0,0.11014083981082895,0.0
DNS,c3,661,0.413125,2.2667948485923505e-06,0.2843552311437626,0.11031005590468891,4096,0,0,1.0,0.0,0.0,0,0.0,0.11031005590468891,0.0
DNS,c3,662,0.41375,2.3174709177509367e-06,0.2845536543186816,0.11047899598351896,4096,0,0,1.0,0.0,0.0,0,0.0,0.11047899598351896,0.0
DNS,c3,663,0.414375,2.3698377920137656e-06,0.2847516244520878,0.11064765976240476,4096,0,0,1.0,0.0,0.0,0,0.0,0.11064765976240476,0.0
DNS,c3,664,0.41500000000000004,2.41077207650297e-06,0.28494914280756306,0.11081604696484358,4096,0,0,1.0,0.0,0.0,0,0.0,0.11081604696484358,0.0
DNS,c3,665,0.415625,2.448913852561199e-06,0.2851462105971979,0.11098415732270966,4096,0,0,1.0,0.0,0.0,0,0.0,0.11098415732270966,0.0
DNS,c3,666,0.41625,2.4881447569916203e-06,0.2853428289817512,0.11115199057621913,4096,0,0,1.0,0.0,0.0,0,0.0,0.11115199057621913,0.0
DNS,c3,667,0.416875,2.5285051696527935e-06,0.2855389990707936,0.11131954647389454,4096,0,0,1.0,0.0,0.0,0,0.0,0.11131954647389454,0.0
DNS,c3,668,0.4175,2.570036803703957e-06,0.28573472192283556,0.11148682477252872,4096,0,0,1.0,0.0,0.0,0,0.0,0.11148682477252872,0.0
DNS,c3,669,0.418125,2.6127827421528764e-06,0.28593386644619145,0.11165382523714854,4096,0,0,1.0,0.0,0.0,0,0.0,0.11165382523714854,0.0
DNS,c3,670,0.41875,2.656787475210371e-06,0.28614811458155476,0.11182054764097782,4096,0,0,1.0,0.0,0.0,0,0.0,0.11182054764097782,0.0
DNS,c3,671,0.419375,2.7020969384637675e-06,0.28636176193997787,0.11198699176540028,4096,0,0,1.0,0.0,0.0,0,0.0,0.11198699176540028,0.0
DNS,c3,672,0.42,2.7487585518815355e-06,0.28657481233146176,0.11215315739992159,4096,0,0,1.0,0.0,0.0,0,0.0,0.11215315739992159,0.0
DNS,c3,673,0.420625,2.7968212596613754e-06,0.2867872694849378,0.11231904434213133,4096,0,0,1.0,0.0,0.0,0,0.0,0.11231904434213133,0.0
DNS,c3,674,0.42125,2.8463355709340197e-06,0.28699913704918745,0.11248465239766449,4096,0,0,1.0,0.0,0.0,0,0.0,0.11248465239766449,0.0
DNS,c3,675,0.421875,2.8973536013350097e-06,0.2872104185937446,0.11264998138016248,4096,0,0,1.0,0.0,0.0,0,0.0,0.11264998138016248,0.0
DNS,c3,676,0.4225,2.9499291154566924e-06,0.2874211176097812,0.11281503111123378,4096,0,0,1.0,0.0,0.0,0,0.0,0.11281503111123378,0.0
DNS,c3,677,0.42312500000000003,3.004117570192663e-06,0.287631237510975,0.11297980142041435,4096,0,0,1.0,0.0,0.0,0,0.0,0.11297980142041435,0.0
DNS,c3,678,0.42375,3.0599761589868506e-06,0.2878407816343605,0.11314429214512736,4096,0,0,1.0,0.0,0.0,0,0.0,0.11314429214512736,0.0
DNS,c3,679,0.424375,3.1175638569994127e-06,0.2880497532411619,0.11330850313064292,4096,0,0,1.0,0.0,0.0,0,0.0,0.11330850313064292,0.0
DNS,c3,680,0.425,3.1769414672015525e-06,0.28825815551760936,0.1134724342300372,4096,0,0,1.0,0.0,0.0,0,0.0,0.1134724342300372,0.0
DNS,c3,681,0.42562500000000003,3.238171667411337e-06,0.28846599157573766,0.11363608530415123,4096,0,0,1.0,0.0,0.0,0,0.0,0.11363608530415123,0.0
DNS,c3,682,0.42625,3.3013190582825214e-06,0.2886732644541672,0.11379945622154955,4096,0,0,1.0,0.0,0.0,0,0.0,0.11379945622154955,0.0
DNS,c3,683,0.426875,3.3664502122583303e-06,0.28887997711886815,0.11396254685847818,4096,0,0,1.0,0.0,0.0,0,0.0,0.11396254685847818,0.0
DNS,c3,684,0.4275,3.433633723502063e-06,0.289086132463907,0.11412535709882268,4096,0,0,1.0,0.0,0.0,0,0.0,0.11412535709882268,0.0
DNS,c3,685,0.42812500000000003,3.5029402588163116e-06,0.2892917333121763,0.1142878868340655,4096,0,0,1.0,0.0,0.0,0,0.0,0.1142878868340655,0.0
DNS,c3,686,0.42875,3.574442609562486e-06,0.28949678241610655,0.1144501359632433,4096,0,0,1.0,0.0,0.0,0,0.0,0.1144501359632433,0.0
DNS,c3,687,0.429375,3.6482157445922463e-06,0.2897012824583619,0.1146121043929039,4096,0,0,1.0,0.0,0.0,0,0.0,0.1146121043929039,0.0
DNS,c3,688,0.43,3.7243368642023163e-06,0.28990523605251806,0.1147737920370627,4096,0,0,1.0,0.0,0.0,0,0.0,0.1147737920370627,0.0
DNS,c3,689,0.43062500000000004,3.784772566741779e-06,0.29010864574372386,0.11493519881715938,4096,0,0,1.0,0.0,0.0,0,0.0,0.11493519881715938,0.0
DNS,c3,690,0.43125,3.840079230164503e-06,0.29031151400934585,0.11509632466201361,4096,0,0,1.0,0.0,0.0,0,0.0,0.11509632466201361,0.0
DNS,c3,691,0.431875,3.896898971788694e-06,0.2905138432595962,0.11525716950778103,4096,0,0,1.0,0.0,0.0,0,0.0,0.11525716950778103,0.0
DNS,c3,692,0.4325,3.955285754996491e-06,0.2907156358381443,0.11541773329790875,4096,0,0,1.0,0.0,0.0,0,0.0,0.11541773329790875,0.0
DNS,c3,693,0.433125,4.015295228950271e-06,0.29091689402271154,0.11557801598309062,4096,0,0,1.0,0.0,0.0,0,0.0,0.11557801598309062,0.0
DNS,c3,694,0.43375,4.076984771750539e-06,0.2911176200256505,0.11573801752122227,4096,0,0,1.0,0.0,0.0,0,0.0,0.11573801752122227,0.0
DNS,c3,695,0.434375,4.140413534467256e-06,0.2913178159945075,0.11589773787735592,4096,0,0,1.0,0.0,0.0,0,0.0,0.11589773787735592,0.0
DNS,c3,696,0.435,4.205642486055939e-06,0.29151748401256966,0.11605717702365498,4096,0,0,1.0,0.0,0.0,0,0.0,0.11605717702365498,0.0
DNS,c3,697,0.435625,4.272734459169797e-06,0.291716626099396,0.11621633493934823,4096,0,0,1.0,0.0,0.0,0,0.0,0.11621633493934823,0.0
DNS,c3,698,0.43625,4.34175419687912e-06,0.29191524421133314,0.1163752116106842,4096,0,0,1.0,0.0,0.0,0,0.0,0.1163752116106842,0.0
DNS,c3,699,0.436875,4.412768400309093e-06,0.2921133402420156,0.11653380703088494,4096,0,0,1.0,0.0,0.0,0,0.0,0.11653380703088494,0.0
DNS,c3,700,0.4375,4.485845777207107e-06,0.2923109160228511,0.11669212120009974,4096,0,0,1.0,0.0,0.0,0,0.0,0.11669212120009974,0.0
DNS,c3,701,0.438125,4.561057091450584e-06,0.2925079733234909,0.1168501541253588,4096,0,0,1.0,0.0,0.0,0,0.0,0.1168501541253588,0.0
DNS,c3,702,0.43875000000000003,4.638475213506255e-06,0.2927045138522853,0.11700790582052645,4096,0,0,1.0,0.0,0.0,0,0.0,0.11700790582052645,0.0
DNS,c3,703,0.439375,4.7181751718517e-06,0.29290053925672516,0.11716537630625443,4096,0,0,1.0,0.0,0.0,0,0.0,0.11716537630625443,0.0
DNS,c3,704,0.44,4.800234205369906e-06,0.29309605112386844,0.11732256560993479,4096,0,0,1.0,0.0,0.0,0,0.0,0.11732256560993479,0.0
DNS,c3,705,0.440625,4.8847318167274465e-06,0.2932910509807536,0.11747947376565285,4096,0,0,1.0,0.0,0.0,0,0.0,0.11747947376565285,0.0
DNS,c3,706,0.44125000000000003,4.971749826746799e-06,0.2934855402947985,0.11763610081413994,4096,0,0,1.0,0.0,0.0,0,0.0,0.11763610081413994,0.0
DNS,c3,707,0.441875,5.0613724297831635e-06,0.29367952047418655,0.11779244680272577,4096,0,0,1.0,0.0,0.0,0,0.0,0.11779244680272577,0.0
DNS,c3,708,0.4425,5.153686250116038e-06,0.2938729928682391,0.1179485117852911,4096,0,0,1.0,0.0,0.0,0,0.0,0.1179485117852911,0.0
DNS,c3,709,0.443125,5.2487803993656304e-06,0.2940659587677752,0.11810429582221982,4096,0,0,1.0,0.0,0.0,0,0.0,0.11810429582221982,0.0
DNS,c3,710,0.44375000000000003,5.346746534944054e-06,0.2942584194054585,0.11825979898035122,4096,0,0,1.0,0.0,0.0,0,0.0,0.11825979898035122,0.0
DNS,c3,711,0.444375,5.447678919551083e-06,0.29445037595613205,0.11841502133293208,4096,0,0,1.0,0.0,0.0,0,0.0,0.11841502133293208,0.0
DNS,c3,712,0.445,5.551674481724064e-06,0.2946418295371407,0.11856996295956856,4096,0,0,1.0,0.0,0.0,0,0.0,0.11856996295956856,0.0
DNS,c3,713,0.445625,5.6588328774514115e-06,0.29483278120864176,0.11872462394617803,4096,0,0,1.0,0.0,0.0,0,0.0,0.11872462394617803,0.0
DNS,c3,714,0.44625000000000004,5.746361158522595e-06,0.29502323197390445,0.11887900438494092,4096,0,0,1.0,0.0,0.0,0,0.0,0.11887900438494092,0.0
DNS,c3,715,0.446875,5.824106619823386e-06,0.2952131827795977,0.1190331043742523,4096,0,0,1.0,0.0,0.0,0,0.0,0.1190331043742523,0.0
DNS,c3,716,0.4475,5.903892083544753e-06,0.29540263451606735,0.11918692401867348,4096,0,0,1.0,0.0,0.0,0,0.0,0.11918692401867348,0.0
DNS,c3,717,0.448125,5.985787621446213e-06,0.29559158801760266,0.11934046342888363,4096,0,0,1.0,0.0,0.0,0,0.0,0.11934046342888363,0.0
DNS,c3,718,0.44875,6.069865379137571e-06,0.29578004406269254,0.11949372272163111,4096,0,0,1.0,0.0,0.0,0,0.0,0.11949372272163111,0.0
DNS,c3,719,0.449375,6.156199625711664e-06,0.29596800337427187,0.11964670201968494,4096,0,0,1.0,0.0,0.0,0,0.0,0.11964670201968494,0.0
DNS,c3,720,0.45,6.244866804296718e-06,0.29615546661995806,0.11979940145178616,4096,0,0,1.0,0.0,0.0,0,0.0,0.11979940145178616,0.0
DNS,c3,721,0.450625,6.335945583538219e-06,0.2963424344122785,0.119951821152599,4096,0,0,1.0,0.0,0.0,0,0.0,0.119951821152599,0.0
DNS,c3,722,0.45125,6.429516910020113e-06,0.29652890730888876,0.12010396126266243,4096,0,0,1.0,0.0,0.0,0,0.0,0.12010396126266243,0.0
DNS,c3,723,0.451875,6.5256640616350215e-06,0.29671488581278244,0.12025582192834106,4096,0,0,1.0,0.0,0.0,0,0.0,0.12025582192834106,0.0
DNS,c3,724,0.4525,6.624472701913037e-06,0.29690037037249245,0.12040740330177659,4096,0,0,1.0,0.0,0.0,0,0.0,0.12040740330177659,0.0
DNS,c3,725,0.453125,6.726030935318544e-06,0.2970853613822845,0.1205587055408389,4096,0,0,1.0,0.0,0.0,0,0.0,0.1205587055408389,0.0
DNS,c3,726,0.45375,6.830429363524359e-06,0.2972698591823425,0.1207097288090773,4096,0,0,1.0,0.0,0.0,0,0.0,0.1207097288090773,0.0
DNS,c3,727,0.45437500000000003,6.937761142672333e-06,0.2974538640589476,0.12086047327567163,4096,0,0,1.0,0.0,0.0,0,0.0,0.12086047327567163,0.0
DNS,c3,728,0.455,7.048122041629418e-06,0.2976373762446491,0.12101093911538352,4096,0,0,1.0,0.0,0.0,0,0.0,0.12101093911538352,0.0
DNS,c3,729,0.455625,7.161610501248016e-06,0.2978203959184297,0.12116112650850754,4096,0,0,1.0,0.0,0.0,0,0.0,0.12116112650850754,0.0
DNS,c3,730,0.45625,7.278327694639275e-06,0.2980029232058639,0.12131103564082238,4096,0,0,1.0,0.0,0.0,0,0.0,0.12131103564082238,0.0
DNS,c3,731,0.45687500000000003,7.3983775884677805e-06,0.29818495817927093,0.12146066670354216,4096,0,0,1.0,0.0,0.0,0,0.0,0.12146066670354216,0.0
DNS,c3,732,0.4575,7.521867005275942e-06,0.29836650085786165,0.12161001989326758,4096,0,0,1.0,0.0,0.0,0,0.0,0.12161001989326758,0.0
DNS,c3,733,0.458125,7.648905686846131e-06,0.2985475512078805,0.12175909541193733,4096,0,0,1.0,0.0,0.0,0,0.0,0.12175909541193733,0.0
DNS,c3,734,0.45875,7.779606358608443e-06,0.2987281091427428,0.12190789346677922,4096,0,0,1.0,0.0,0.0,0,0.0,0.12190789346677922,0.0
DNS,c3,735,0.45937500000000003,7.914084795101719e-06,0.2989081745231669,0.12205641427026176,4096,0,0,1.0,0.0,0.0,0,0.0,0.12205641427026176,0.0
DNS,c3,736,0.46,8.052459886495239e-06,0.2990877471573031,0.1222046580400455,4096,0,0,1.0,0.0,0.0,0,0.0,0.1222046580400455,0.0
DNS,c3,737,0.460625,8.194853706178266e-06,0.2992669065573358,0.12235262499893443,4096,0,0,1.0,0.0,0.0,0,0.0,0.12235262499893443,0.0
DNS,c3,738,0.46125,8.341391579424338e-06,0.29946244371916425,0.12250031537482758,4096,0,0,1.0,0.0,0.0,0,0.0,0.12250031537482758,0.0
DNS,c3,739,0.46187500000000004,8.467361971741728e-06,0.299657395354069,0.12264772940067066,4096,0,0,1.0,0.0,0.0,0,0.0,0.12264772940067066,0.0
DNS,c3,740,0.4625,8.573642381195216e-06,0.2998517639463536,0.12279486731440767,4096,0,0,1.0,0.0,0.0,0,0.0,0.12279486731440767,0.0
DNS,c3,741,0.463125,8.682599020402e-06,0.3000455519144241,0.12294172935893272,4096,0,0,1.0,0.0,0.0,0,0.0,0.12294172935893272,0.0
DNS,c3,742,0.46375,8.794320532212257e-06,0.3002387616113123,0.12308831578204174,4096,0,0,1.0,0.0,0.0,0,0.0,0.12308831578204174,0.0
DNS,c3,743,0.464375,8.908898048481526e-06,0.3004313953251883,0.12323462683638459,4096,0,0,1.0,0.0,0.0,0,0.0,0.12323462683638459,0.0
DNS,c3,744,0.465,9.02642524580322e-06,0.30062345527986234,0.12338066277941695,4096,0,0,1.0,0.0,0.0,0,0.0,0.12338066277941695,0.0
DNS,c3,745,0.465625,9.146998402184484e-06,0.3008149436352762,0.12352642387335244,4096,0,0,1.0,0.0,0.0,0,0.0,0.12352642387335244,0.0
DNS,c3,746,0.46625,9.270716454673482e-06,0.3010058624879842,0.12367191038511494,4096,0,0,1.0,0.0,0.0,0,0.0,0.12367191038511494,0.0
DNS,c3,747,0.466875,9.397681057946101e-06,0.301196213871624,0.12381712258629077,4096,0,0,1.0,0.0,0.0,0,0.0,0.12381712258629077,0.0
DNS,c3,748,0.4675,9.527996643859821e-06,0.30138599975737745,0.12396206075308133,4096,0,0,1.0,0.0,0.0,0,0.0,0.12396206075308133,0.0
DNS,c3,749,0.468125,9.661770481982392e-06,0.30157522205442217,0.12410672516625548,4096,0,0,1.0,0.0,0.0,0,0.0,0.12410672516625548,0.0
DNS,c3,750,0.46875,9.799112741102689e-06,0.3017638826103729,0.12425111611110232,4096,0,0,1.0,0.0,0.0,0,0.0,0.12425111611110232,0.0
DNS,c3,751,0.469375,9.940136551731004e-06,0.3019519832117141,0.12439523387738402,4096,0,0,1.0,0.0,0.0,0,0.0,0.12439523387738402,0.0
DNS,c3,752,0.47000000000000003,1.0084958069595757e-05,0.3021395255842233,0.12453907875928871,4096,0,0,1.0,0.0,0.0,0,0.0,0.12453907875928871,0.0
DNS,c3,753,0.470625,1.023369654014343e-05,0.30232651139338534,0.12468265105538356,4096,0,0,1.0,0.0,0.0,0,0.0,0.12468265105538356,0.0
DNS,c3,754,0.47125,1.038647436404831e-05,0.30251294224479847,0.12482595106856814,4096,0,0,1.0,0.0,0.0,0,0.0,0.12482595106856814,0.0
DNS,c3,755,0.471875,1.0543417163738368e-05,0.30269881968457163,0.12496897910602758,4096,0,0,1.0,0.0,0.0,0,0.0,0.12496897910602758,0.0
DNS,c3,756,0.47250000000000003,1.0704653850943374e-05,0.3028841451997138,0.12511173547918625,4096,0,0,1.0,0.0,0.0,0,0.0,0.12511173547918625,0.0
DNS,c3,757,0.473125,1.0870316695271096e-05,0.3030689202185153,0.12525422050366136,4096,0,0,1.0,0.0,0.0,0,0.0,0.12525422050366136,0.0
DNS,c3,758,0.47375,1.1040541393817189e-05,0.3032531461109214,0.12539643449921686,4096,0,0,1.0,0.0,0.0,0,0.0,0.12539643449921686,0.0
DNS,c3,759,0.474375,1.1215467141814059e-05,0.30343682418889856,0.12553837778971738,4096,0,0,1.0,0.0,0.0,0,0.0,0.12553837778971738,0.0
DNS,c3,760,0.47500000000000003,1.1395236704323766e-05,0.3036199557067933,0.12568005070308233,4096,0,0,1.0,0.0,0.0,0,0.0,0.12568005070308233,0.0
DNS,c3,761,0.475625,1.157999648897972e-05,0.3038025418616843,0.12582145357124042,4096,0,0,1.0,0.0,0.0,0,0.0,0.12582145357124042,0.0
DNS,c3,762,0.47625,1.1769896619781586e-05,0.30398458379372784,0.1259625867300839,4096,0,0,1.0,0.0,0.0,0,0.0,0.1259625867300839,0.0
DNS,c3,763,0.476875,1.1965091011947597e-05,0.30416608258649636,0.12610345051942354,4096,0,0,1.0,0.0,0.0,0,0.0,0.12610345051942354,0.0
DNS,c3,764,0.47750000000000004,1.2146817415033635e-05,0.3043470392673113,0.12624404528294325,4096,0,0,1.0,0.0,0.0,0,0.0,0.12624404528294325,0.0
DNS,c3,765,0.478125,1.2288501195400469e-05,0.30452745480756993,0.12638437136815522,4096,0,0,1.0,0.0,0.0,0,0.0,0.12638437136815522,0.0
DNS,c3,766,0.47875,1.2433609149698988e-05,0.304707330123066,0.12652442912635517,4096,0,0,1.0,0.0,0.0,0,0.0,0.12652442912635517,0.0
DNS,c3,767,0.479375,1.2582250785139496e-05,0.3048866660743057,0.12666421891257773,4096,0,0,1.0,0.0,0.0,0,0.0,0.12666421891257773,0.0
DNS,c3,768,0.48,1.2734538530442891e-05,0.3050654634668179,0.12680374108555204,4096,0,0,1.0,0.0,0.0,0,0.0,0.12680374108555204,0.0
DNS,c3,769,0.480625,1.2890587797089362e-05,0.30524372305145975,0.12694299600765768,4096,0,0,1.0,0.0,0.0,0,0.0,0.12694299600765768,0.0
DNS,c3,770,0.48125,1.3050517041511433e-05,0.3054214455247174,0.12708198404488058,4096,0,0,1.0,0.0,0.0,0,0.0,0.12708198404488058,0.0
DNS,c3,771,0.481875,1.3214447828237422e-05,0.30559863152900263,0.12722070556676923,4096,0,0,1.0,0.0,0.0,0,0.0,0.12722070556676923,0.0
DNS,c3,772,0.4825,1.3382504893991131e-05,0.3057752816529451,0.1273591609463912,4096,0,0,1.0,0.0,0.0,0,0.0,0.1273591609463912,0.0
DNS,c3,773,0.483125,1.3554816212753389e-05,0.305951396431681,0.12749735056028963,4096,0,0,1.0,0.0,0.0,0,0.0,0.12749735056028963,0.0
DNS,c3,774,0.48375,1.3731513061790836e-05,0.30612697634713787,0.12763527478844028,4096,0,0,1.0,0.0,0.0,0,0.0,0.12763527478844028,0.0
DNS,c3,775,0.484375,1.39127300886571e-05,0.3063020218283161,0.12777293401420842,4096,0,0,1.0,0.0,0.0,0,0.0,0.12777293401420842,0.0
DNS,c3,776,0.485,1.4098605379171257e-05,0.30648013962033616,0.12791032862430612,4096,0,0,1.0,0.0,0.0,0,0.0,0.12791032862430612,0.0
DNS,c3,777,0.48562500000000003,1.4289280526378223e-05,0.3066618489105787,0.12804745900874986,4096,0,0,1.0,0.0,0.0,0,0.0,0.12804745900874986,0.0
DNS,c3,778,0.48625,1.4484900700495454e-05,0.3068429262275366,0.12818432556081824,4096,0,0,1.0,0.0,0.0,0,0.0,0.12818432556081824,0.0
DNS,c3,779,0.486875,1.4685614719850082e-05,0.307023373577076,0.12832092867700973,4096,0,0,1.0,0.0,0.0,0,0.0,0.12832092867700973,0.0
DNS,c3,780,0.4875,1.4891575122810285e-05,0.30720319289991205,0.1284572687570011,4096,0,0,1.0,0.0,0.0,0,0.0,0.1284572687570011,0.0
DNS,c3,781,0.48812500000000003,1.5102938240714447e-05,0.3073823860720964,0.12859334620360566,4096,0,0,1.0,0.0,0.0,0,0.0,0.12859334620360566,0.0
DNS,c3,782,0.48875,1.5319864271801333e-05,0.30756095490550134,0.128729161422732,4096,0,0,1.0,0.0,0.0,0,0.0,0.128729161422732,0.0
DNS,c3,783,0.489375,1.554251735614422e-05,0.3077389011483024,0.12886471482334277,4096,0,0,1.0,0.0,0.0,0,0.0,0.12886471482334277,0.0
DNS,c3,784,0.49,1.5771065651591587e-05,0.3079162264854583,0.1290000068174138,4096,0,0,1.0,0.0,0.0,0,0.0,0.1290000068174138,0.0
DNS,c3,785,0.49062500000000003,1.6005681410716643e-05,0.30809293253918935,0.12913503781989355,4096,0,0,1.0,0.0,0.0,0,0.0,0.12913503781989355,0.0
DNS,c3,786,0.49125,1.624654105877766e-05,0.30826902086945357,0.12926980824866255,4096,0,0,1.0,0.0,0.0,0,0.0,0.12926980824866255,0.0
DNS,c3,787,0.491875,1.6493825272690686e-05,0.3084444929744215,0.1294043185244933,4096,0,0,1.0,0.0,0.0,0,0.0,0.1294043185244933,0.0
DNS,c3,788,0.4925,1.6747719061015945e-05,0.3086193502909492,0.12953856907101036,4096,0,0,1.0,0.0,0.0,0,0.0,0.12953856907101036,0.0
DNS,c3,789,0.49312500000000004,1.7008411844958728e-05,0.3087935941950499,0.12967256031465052,4096,0,0,1.0,0.0,0.0,0,0.0,0.12967256031465052,0.0
DNS,c3,790,0.49375,1.7196086229698633e-05,0.3089672260023645,0.1298062926846236,4096,0,0,1.0,0.0,0.0,0,0.0,0.1298062926846236,0.0
DNS,c3,791,0.494375,1.738502171330869e-05,0.3091402469686306,0.1299397666128731,4096,0,0,1.0,0.0,0.0,0,0.0,0.1299397666128731,0.0
DNS,c3,792,0.495,1.757837157396887e-05,0.3093126582901514,0.1300729825340372,4096,0,0,1.0,0.0,0.0,0,0.0,0.1300729825340372,0.0
DNS,c3,793,0.49562500000000004,1.7776271573424563e-05,0.30948446110426264,0.13020594088541027,4096,0,0,1.0,0.0,0.0,0,0.0,0.13020594088541027,0.0
DNS,c3,794,0.49625,1.797886090060814e-05,0.30965565648979976,0.13033864210690427,4096,0,0,1.0,0.0,0.0,0,0.0,0.13033864210690427,0.0
DNS,c3,795,0.496875,1.8186282238579948e-05,0.3098262454675642,0.1304710866410106,4096,0,0,1.0,0.0,0.0,0,0.0,0.1304710866410106,0.0
DNS,c3,796,0.4975,1.839868183239694e-05,0.30999622900078944,0.13060327493276225,4096,0,0,1.0,0.0,0.0,0,0.0,0.13060327493276225,0.0
DNS,c3,797,0.498125,1.861620955791254e-05,0.31016560799560655,0.13073520742969597,4096,0,0,1.0,0.0,0.0,0,0.0,0.13073520742969597,0.0
DNS,c3,798,0.49875,1.883901899151105e-05,0.31033438330151025,0.13086688458181506,4096,0,0,1.0,0.0,0.0,0,0.0,0.13086688458181506,0.0
DNS,c3,799,0.499375,1.9067267480779637e-05,0.3105025557118244,0.13099830684155198,4096,0,0,1.0,0.0,0.0,0,0.0,0.13099830684155198,0.0
DNS,c3,800,0.5,1.93011162161207e-05,0.31067012596416826,0.13112947466373176,4096,0,0,1.0,0.0,0.0,0,0.0,0.13112947466373176,0.0
DNS,c3,801,0.500625,1.954073030330701e-05,0.3108370947409228,0.13126038850553506,4096,0,0,1.0,0.0,0.0,0,0.0,0.13126038850553506,0.0
DNS,c3,802,0.50125,1.9786278836981895e-05,0.31100346266969764,0.13139104882646188,4096,0,0,1.0,0.0,0.0,0,0.0,0.13139104882646188,0.0
DNS,c3,803,0.501875,2.003793497510629e-05,0.31116923032379884,0.13152145608829563,4096,0,0,1.0,0.0,0.0,0,0.0,0.13152145608829563,0.0
DNS,c3,804,0.5025000000000001,2.029587601435424e-05,0.3113343982226972,0.13165161075506698,4096,0,0,1.0,0.0,0.0,0,0.0,0.13165161075506698,0.0
DNS,c3,805,0.503125,2.05602834664581e-05,0.31149896683249784,0.13178151329301857,4096,0,0,1.0,0.0,0.0,0,0.0,0.13178151329301857,0.0
DNS,c3,806,0.50375,2.0831343135504342e-05,0.3116629365664106,0.13191116417056953,4096,0,0,1.0,0.0,0.0,0,0.0,0.13191116417056953,0.0
DNS,c3,807,0.504375,2.1109245196180563e-05,0.31182630778522197,0.13204056385828028,4096,0,0,1.0,0.0,0.0,0,0.0,0.13204056385828028,0.0
DNS,c3,808,0.505,2.1394184272973913e-05,0.31198908079776844,0.13216971282881806,4096,0,0,1.0,0.0,0.0,0,0.0,0.13216971282881806,0.0
DNS,c3,809,0.505625,2.168635952032085e-05,0.3121512558614109,0.1322986115569223,4096,0,0,1.0,0.0,0.0,0,0.0,0.1322986115569223,0.0
DNS,c3,810,0.50625,2.198597470370772e-05,0.3123205383610714,0.13242726051937004,4096,0,0,1.0,0.0,0.0,0,0.0,0.13242726051937004,0.0
DNS,c3,811,0.506875,2.229323828172133e-05,0.3124976267846241,0.13255566019494247,4096,0,0,1.0,0.0,0.0,0,0.0,0.13255566019494247,0.0
DNS,c3,812,0.5075000000000001,2.2608363489048293e-05,0.31267405787343416,0.13268381106439076,4096,0,0,1.0,0.0,0.0,0,0.0,0.13268381106439076,0.0
DNS,c3,813,0.508125,2.2931568420421495e-05,0.3128498348471976,0.1328117136104028,4096,0,0,1.0,0.0,0.0,0,0.0,0.1328117136104028,0.0
DNS,c3,814,0.50875,2.3263076115511738e-05,0.31302496085670645,0.13293936831757006,4096,0,0,1.0,0.0,0.0,0,0.0,0.13293936831757006,0.0
DNS,c3,815,0.509375,2.3551887004783248e-05,0.31319943898428926,0.13306677567235442,4096,0,0,1.0,0.0,0.0,0,0.0,0.13306677567235442,0.0
DNS,c3,816,0.51,2.3792929205854444e-05,0.31337327224425043,0.13319393616305578,4096,0,0,1.0,0.0,0.0,0,0.0,0.13319393616305578,0.0
DNS,c3,817,0.510625,2.4039371882889542e-05,0.313546463583309,0.13332085027977952,4096,0,0,1.0,0.0,0.0,0,0.0,0.13332085027977952,0.0
DNS,c3,818,0.51125,2.4291375817684927e-05,0.31371901588103646,0.1334475185144044,4096,0,0,1.0,0.0,0.0,0,0.0,0.1334475185144044,0.0
DNS,c3,819,0.511875,2.4549105660018937e-05,0.31389093195029383,0.13357394136055067,4096,0,0,1.0,0.0,0.0,0,0.0,0.13357394136055067,0.0
DNS,c3,820,0.5125,2.4812729998460998e-05,0.31406221453766814,0.13370011931354864,4096,0,0,1.0,0.0,0.0,0,0.0,0.13370011931354864,0.0
DNS,c3,821,0.513125,2.5082421432066346e-05,0.31423286632390834,0.13382605287040705,4096,0,0,1.0,0.0,0.0,0,0.0,0.13382605287040705,0.0
DNS,c3,822,0.51375,2.53583566429576e-05,0.3144028899243608,0.13395174252978242,4096,0,0,1.0,0.0,0.0,0,0.0,0.13395174252978242,0.0
DNS,c3,823,0.514375,2.5640716469794204e-05,0.31457228788940406,0.13407718879194777,4096,0,0,1.0,0.0,0.0,0,0.0,0.13407718879194777,0.0
DNS,c3,824,0.515,2.59296859821304e-05,0.3147410627048839,0.13420239215876256,4096,0,0,1.0,0.0,0.0,0,0.0,0.13420239215876256,0.0
DNS,c3,825,0.515625,2.622545455566214e-05,0.31490921679254735,0.1343273531336422,4096,0,0,1.0,0.0,0.0,0,0.0,0.1343273531336422,0.0
DNS,c3,826,0.51625,2.6528215948362986e-05,0.31507675251047723,0.134452072221528,4096,0,0,1.0,0.0,0.0,0,0.0,0.134452072221528,0.0
DNS,c3,827,0.516875,2.6838168377508723e-05,0.3152436721535261,0.13457654992885754,4096,0,0,1.0,0.0,0.0,0,0.0,0.13457654992885754,0.0
DNS,c3,828,0.5175,2.7155514597590126e-05,0.31540997795375064,0.13470078676353536,4096,0,0,1.0,0.0,0.0,0,0.0,0.13470078676353536,0.0
DNS,c3,829,0.5181250000000001,2.748046197911291e-05,0.3155756720808458,0.13482478323490338,4096,0,0,1.0,0.0,0.0,0,0.0,0.13482478323490338,0.0
DNS,c3,830,0.51875,2.781322258828362e-05,0.3157407566425795,0.1349485398537123,4096,0,0,1.0,0.0,0.0,0,0.0,0.1349485398537123,0.0
DNS,c3,831,0.519375,2.8154013267579803e-05,0.31590523368522705,0.13507205713209272,4096,0,0,1.0,0.0,0.0,0,0.0,0.13507205713209272,0.0
DNS,c3,832,0.52,2.8503055717202477e-05,0.3160691051940065,0.13519533558352692,4096,0,0,1.0,0.0,0.0,0,0.0,0.13519533558352692,0.0
DNS,c3,833,0.520625,2.8860576577408527e-05,0.3162323730935142,0.13531837572282052,4096,0,0,1.0,0.0,0.0,0,0.0,0.13531837572282052,0.0
DNS,c3,834,0.52125,2.9226807511720293e-05,0.3163950392481609,0.1354411780660747,4096,0,0,1.0,0.0,0.0,0,0.0,0.1354411780660747,0.0
DNS,c3,835,0.521875,2.960198529100922e-05,0.31655710546260857,0.13556374313065855,4096,0,0,1.0,0.0,0.0,0,0.0,0.13556374313065855,0.0
DNS,c3,836,0.5225,2.998635187845005e-05,0.3167185734822077,0.13568607143518174,4096,0,0,1.0,0.0,0.0,0,0.0,0.13568607143518174,0.0
DNS,c3,837,0.5231250000000001,3.0380154515341643e-05,0.316879444993436,0.1358081634994673,4096,0,0,1.0,0.0,0.0,0,0.0,0.1358081634994673,0.0
DNS,c3,838,0.52375,3.07836458077901e-05,0.31703972162433725,0.13593001984452485,4096,0,0,1.0,0.0,0.0,0,0.0,0.13593001984452485,0.0
DNS,c3,839,0.524375,3.119708381424945e-05,0.31719940494496185,0.13605164099252404,4096,0,0,1.0,0.0,0.0,0,0.0,0.13605164099252404,0.0
DNS,c3,840,0.525,3.1620732133914765e-05,0.3173584964678081,0.1361730274667681,4096,0,0,1.0,0.0,0.0,0,0.0,0.1361730274667681,0.0
DNS,c3,841,0.525625,3.1942240044974695e-05,0.3175169976482647,0.13629417979166786,4096,0,0,1.0,0.0,0.0,0,0.0,0.13629417979166786,0.0
DNS,c3,842,0.52625,3.2250656839575594e-05,0.3176749098850546,0.13641509849271588,4096,0,0,1.0,0.0,0.0,0,0.0,0.13641509849271588,0.0
DNS,c3,843,0.526875,3.256574219291079e-05,0.31783223452068027,0.1365357840964609,4096,0,0,1.0,0.0,0.0,0,0.0,0.1365357840964609,0.0
DNS,c3,844,0.5275,3.2887687491149776e-05,0.3179889728418703,0.1366562371304824,4096,0,0,1.0,0.0,0.0,0,0.0,0.1366562371304824,0.0
DNS,c3,845,0.528125,3.321668849025012e-05,0.31814512608002765,0.13677645812336572,4096,0,0,1.0,0.0,0.0,0,0.0,0.13677645812336572,0.0
DNS,c3,846,0.52875,3.355294539052513e-05,0.3183042494082099,0.13689644760467706,4096,0,0,1.0,0.0,0.0,0,0.0,0.13689644760467706,0.0
DNS,c3,847,0.529375,3.389666291203787e-05,0.31846757590958086,0.13701620610493906,4096,0,0,1.0,0.0,0.0,0,0.0,0.13701620610493906,0.0
DNS,c3,848,0.53,3.4248050370820275e-05,0.31863024099969056,0.13713573415560631,4096,0,0,1.0,0.0,0.0,0,0.0,0.13713573415560631,0.0
DNS,c3,849,0.530625,3.460732175591586e-05,0.3187922475165477,0.1372550322890415,4096,0,0,1.0,0.0,0.0,0,0.0,0.1372550322890415,0.0
DNS,c3,850,0.53125,3.497469580724399e-05,0.3189535982341138,0.1373741010384913,4096,0,0,1.0,0.0,0.0,0,0.0,0.1373741010384913,0.0
DNS,c3,851,0.531875,3.5350396094283646e-05,0.3191142958628028,0.1374929409380629,4096,0,0,1.0,0.0,0.0,0,0.0,0.1374929409380629,0.0
DNS,c3,852,0.5325,3.573465109557397e-05,0.3192743430499833,0.13761155252270085,4096,0,0,1.0,0.0,0.0,0,0.0,0.13761155252270085,0.0
DNS,c3,853,0.533125,3.612769427902868e-05,0.31943374238048244,0.13772993632816372,4096,0,0,1.0,0.0,0.0,0,0.0,0.13772993632816372,0.0
DNS,c3,854,0.5337500000000001,3.6529764183061145e-05,0.31959249637709186,0.1378480928910012,4096,0,0,1.0,0.0,0.0,0,0.0,0.1378480928910012,0.0
DNS,c3,855,0.534375,3.6941104498516385e-05,0.31975060750107603,0.1379660227485317,4096,0,0,1.0,0.0,0.0,0,0.0,0.1379660227485317,0.0
DNS,c3,856,0.535,3.7361964151406015e-05,0.3199080781526824,0.1380837264388199,4096,0,0,1.0,0.0,0.0,0,0.0,0.1380837264388199,0.0
DNS,c3,857,0.535625,3.7792597386441746e-05,0.3200649106716538,0.13820120450065435,4096,0,0,1.0,0.0,0.0,0,0.0,0.13820120450065435,0.0
DNS,c3,858,0.53625,3.823326385136263e-05,0.3202211073377428,0.138318457473526,4096,0,0,1.0,0.0,0.0,0,0.0,0.138318457473526,0.0
DNS,c3,859,0.536875,3.868422868205094e-05,0.320376670371228,0.13843548589760613,4096,0,0,1.0,0.0,0.0,0,0.0,0.13843548589760613,0.0
DNS,c3,860,0.5375,3.9145762588431034e-05,0.32053160193343305,0.13855229031372512,4096,0,0,1.0,0.0,0.0,0,0.0,0.13855229031372512,0.0
DNS,c3,861,0.538125,3.961814194114536e-05,0.32068590412724685,0.1386688712633511,4096,0,0,1.0,0.0,0.0,0,0.0,0.1386688712633511,0.0
DNS,c3,862,0.5387500000000001,4.010164885900109e-05,0.3208395789976465,0.13878522928856918,4096,0,0,1.0,0.0,0.0,0,0.0,0.13878522928856918,0.0
DNS,c3,863,0.539375,4.059657129718073e-05,0.3209926285322221,0.13890136493206046,4096,0,0,1.0,0.0,0.0,0,0.0,0.13890136493206046,0.0
DNS,c3,864,0.54,4.110320313620938e-05,0.3211450546617039,0.13901727873708156,4096,0,0,1.0,0.0,0.0,0,0.0,0.13901727873708156,0.0
DNS,c3,865,0.540625,4.162184427167109e-05,0.3212968592604911,0.13913297124744445,4096,0,0,1.0,0.0,0.0,0,0.0,0.13913297124744445,0.0
DNS,c3,866,0.54125,4.2148067225243733e-05,0.32144804414718314,0.1392484430074962,4096,0,0,1.0,0.0,0.0,0,0.0,0.1392484430074962,0.0
DNS,c3,867,0.541875,4.252774630223747e-05,0.321598611085113,0.1393636945620993,4096,0,0,1.0,0.0,0.0,0,0.0,0.1393636945620993,0.0
DNS,c3,868,0.5425,4.291528307554252e-05,0.32174856178288275,0.13947872645661175,4096,0,0,1.0,0.0,0.0,0,0.0,0.13947872645661175,0.0
DNS,c3,869,0.543125,4.3310896513652334e-05,0.32189789789490103,0.13959353923686807,4096,0,0,1.0,0.0,0.0,0,0.0,0.13959353923686807,0.0
DNS,c3,870,0.5437500000000001,4.371481036447634e-05,0.32204662102192283,0.13970813344915958,4096,0,0,1.0,0.0,0.0,0,0.0,0.13970813344915958,0.0
DNS,c3,871,0.544375,4.4127253231823036e-05,0.32219473271159144,0.13982250964021598,4096,0,0,1.0,0.0,0.0,0,0.0,0.13982250964021598,0.0
DNS,c3,872,0.545,4.454845865263654e-05,0.3223422344589824,0.13993666835718604,4096,0,0,1.0,0.0,0.0,0,0.0,0.13993666835718604,0.0
DNS,c3,873,0.545625,4.497866517498306e-05,0.3224891277071499,0.14005061014761952,4096,0,0,1.0,0.0,0.0,0,0.0,0.14005061014761952,0.0
DNS,c3,874,0.54625,4.541811643678372e-05,0.3226354138476749,0.1401643355594485,4096,0,0,1.0,0.0,0.0,0,0.0,0.1401643355594485,0.0
DNS,c3,875,0.546875,4.586706124528972e-05,0.3227810942212162,0.1402778451409694,4096,0,0,1.0,0.0,0.0,0,0.0,0.1402778451409694,0.0
DNS,c3,876,0.5475,4.632575365729549e-05,0.32292617011806285,0.14039113944082504,4096,0,0,1.0,0.0,0.0,0,0.0,0.14039113944082504,0.0
DNS,c3,877,0.548125,4.6794453060085047e-05,0.32307064277868924,0.14050421900798696,4096,0,0,1.0,0.0,0.0,0,0.0,0.14050421900798696,0.0
DNS,c3,878,0.54875,4.72734242531067e-05,0.32321451339431245,0.14061708439173784,4096,0,0,1.0,0.0,0.0,0,0.0,0.14061708439173784,0.0
DNS,c3,879,0.5493750000000001,4.7762937530370416e-05,0.3233577831074515,0.1407297361416542,4096,0,0,1.0,0.0,0.0,0,0.0,0.1407297361416542,0.0
DNS,c3,880,0.55,4.8263268763562284e-05,0.32350045301248914,0.14084217480758945,4096,0,0,1.0,0.0,0.0,0,0.0,0.14084217480758945,0.0
DNS,c3,881,0.550625,4.877469948586978e-05,0.3236425241562355,0.14095440093965675,4096,0,0,1.0,0.0,0.0,0,0.0,0.14095440093965675,0.0
DNS,c3,882,0.55125,4.929751697651131e-05,0.3237839975384944,0.1410664150882125,4096,0,0,1.0,0.0,0.0,0,0.0,0.1410664150882125,0.0
DNS,c3,883,0.551875,4.983201434596315e-05,0.32392487411263154,0.14117821780383977,4096,0,0,1.0,0.0,0.0,0,0.0,0.14117821780383977,0.0
DNS,c3,884,0.5525,5.0378490621876416e-05,0.32406515478614506,0.14128980963733198,4096,0,0,1.0,0.0,0.0,0,0.0,0.14128980963733198,0.0
DNS,c3,885,0.553125,5.093725083567632e-05,0.3242048404212384,0.14140119113967686,4096,0,0,1.0,0.0,0.0,0,0.0,0.14140119113967686,0.0
DNS,c3,886,0.55375,5.150860610983564e-05,0.32434425352382595,0.1415123628620404,4096,0,0,1.0,0.0,0.0,0,0.0,0.1415123628620404,0.0
DNS,c3,887,0.5543750000000001,5.209287374581391e-05,0.3244918041813623,0.14162332535575128,4096,0,0,1.0,0.0,0.0,0,0.0,0.14162332535575128,0.0
DNS,c3,888,0.555,5.2690377312653234e-05,0.3246387113893131,0.14173407917228525,4096,0,0,1.0,0.0,0.0,0,0.0,0.14173407917228525,0.0
DNS,c3,889,0.555625,5.330144673622155e-05,0.3247849775306761,0.14184462486324975,4096,0,0,1.0,0.0,0.0,0,0.0,0.14184462486324975,0.0
DNS,c3,890,0.55625,5.392641838909344e-05,0.3249306049344317,0.14195496298036875,4096,0,0,1.0,0.0,0.0,0,0.0,0.14195496298036875,0.0
DNS,c3,891,0.556875,5.456563518105832e-05,0.3250755958760972,0.14206509407546788,4096,0,0,1.0,0.0,0.0,0,0.0,0.14206509407546788,0.0
DNS,c3,892,0.5575,5.521843703718451e-05,0.32521995257828334,0.14217501870045957,4096,0,0,1.0,0.0,0.0,0,0.0,0.14217501870045957,0.0
DNS,c3,893,0.558125,5.5688116137788906e-05,0.3253636772112539,0.14228473740732833,4096,0,0,1.0,0.0,0.0,0,0.0,0.14228473740732833,0.0
DNS,c3,894,0.55875,5.616715392359263e-05,0.3255067718934875,0.14239425074811649,4096,0,0,1.0,0.0,0.0,0,0.0,0.14239425074811649,0.0
DNS,c3,895,0.5593750000000001,5.665580252708061e-05,0.3256492386922414,0.1425035592749098,4096,0,0,1.0,0.0,0.0,0,0.0,0.1425035592749098,0.0
DNS,c3,896,0.56,5.715431931991017e-05,0.32579107962411846,0.1426126635398235,4096,0,0,1.0,0.0,0.0,0,0.0,0.1426126635398235,0.0
DNS,c3,897,0.560625,5.766296699106146e-05,0.3259322966556359,0.14272156409498823,4096,0,0,1.0,0.0,0.0,0,0.0,0.14272156409498823,0.0
DNS,c3,898,0.56125,5.818201362565412e-05,0.3260728917037962,0.1428302614925365,4096,0,0,1.0,0.0,0.0,0,0.0,0.1428302614925365,0.0
DNS,c3,899,0.561875,5.8711732784424585e-05,0.3262128666366607,0.1429387562845889,4096,0,0,1.0,0.0,0.0,0,0.0,0.1429387562845889,0.0
DNS,c3,900,0.5625,5.925240358385821e-05,0.32635222327392477,0.14304704902324095,4096,0,0,1.0,0.0,0.0,0,0.0,0.14304704902324095,0.0
DNS,c3,901,0.563125,5.9804310776969926e-05,0.32649096338749545,0.1431551402605497,4096,0,0,1.0,0.0,0.0,0,0.0,0.1431551402605497,0.0
DNS,c3,902,0.56375,6.0367744834726936e-05,0.32662908870207114,0.14326303054852071,4096,0,0,1.0,0.0,0.0,0,0.0,0.14326303054852071,0.0
DNS,c3,903,0.564375,6.094300202810643e-05,0.3267666008957232,0.14337072043909527,4096,0,0,1.0,0.0,0.0,0,0.0,0.14337072043909527,0.0
DNS,c3,904,0.5650000000000001,6.153038451078113e-05,0.32690350160047926,0.1434782104841375,4096,0,0,1.0,0.0,0.0,0,0.0,0.1434782104841375,0.0
DNS,c3,905,0.565625,6.213020040242488e-05,0.327039792402909,0.1435855012354219,4096,0,0,1.0,0.0,0.0,0,0.0,0.1435855012354219,0.0
DNS,c3,906,0.56625,6.274276387263041e-05,0.3271754748447112,0.14369259324462097,4096,0,0,1.0,0.0,0.0,0,0.0,0.14369259324462097,0.0
DNS,c3,907,0.566875,6.336839522543072e-05,0.3273105504233031,0.14379948706329276,4096,0,0,1.0,0.0,0.0,0,0.0,0.14379948706329276,0.0
DNS,c3,908,0.5675,6.400742098441538e-05,0.32744502059241104,0.1439061832428691,4096,0,0,1.0,0.0,0.0,0,0.0,0.1439061832428691,0.0
DNS,c3,909,0.568125,6.46601739784326e-05,0.3275788867626632,0.14401268233464337,4096,0,0,1.0,0.0,0.0,0,0.0,0.14401268233464337,0.0
DNS,c3,910,0.56875,6.532699342786741e-05,0.32771215030218404,0.14411898488975894,4096,0,0,1.0,0.0,0.0,0,0.0,0.14411898488975894,0.0
DNS,c3,911,0.569375,6.600822503148618e-05,0.32784481253718983,0.1442250914591973,4096,0,0,1.0,0.0,0.0,0,0.0,0.1442250914591973,0.0
DNS,c3,912,0.5700000000000001,6.670422105383683e-05,0.3279768747525864,0.14433100259376683,4096,0,0,1.0,0.0,0.0,0,0.0,0.14433100259376683,0.0
DNS,c3,913,0.570625,6.741534041319434e-05,0.3281149666149936,0.14443671884409134,4096,0,0,1.0,0.0,0.0,0,0.0,0.14443671884409134,0.0
DNS,c3,914,0.57125,6.814194877004014e-05,0.32825641582653636,0.1445422407605989,4096,0,0,1.0,0.0,0.0,0,0.0,0.1445422407605989,0.0
DNS,c3,915,0.571875,6.888441861606392e-05,0.3283972853668245,0.14464756889351083,4096,0,0,1.0,0.0,0.0,0,0.0,0.14464756889351083,0.0
DNS,c3,916,0.5725,6.964312936367588e-05,0.3285375787290816,0.1447527037928307,4096,0,0,1.0,0.0,0.0,0,0.0,0.1447527037928307,0.0
DNS,c3,917,0.573125,7.041846743601699e-05,0.3286772993366165,0.14485764600833378,4096,0,0,1.0,0.0,0.0,0,0.0,0.14485764600833378,0.0
DNS,c3,918,0.57375,7.121082635745442e-05,0.32881645054327774,0.1449623960895563,4096,0,0,1.0,0.0,0.0,0,0.0,0.1449623960895563,0.0
DNS,c3,919,0.574375,7.184013899689322e-05,0.32895503563391476,0.14506695458578495,4096,0,0,1.0,0.0,0.0,0,0.0,0.14506695458578495,0.0
DNS,c3,920,0.5750000000000001,7.242358520459513e-05,0.329093057824844,0.1451713220460466,4096,0,0,1.0,0.0,0.0,0,0.0,0.1451713220460466,0.0
DNS,c3,921,0.575625,7.301828497143715e-05,0.3292305202643209,0.1452754990190982,4096,0,0,1.0,0.0,0.0,0,0.0,0.1452754990190982,0.0
DNS,c3,922,0.57625,7.36245300608445e-05,0.3293674260330176,0.1453794860534165,4096,0,0,1.0,0.0,0.0,0,0.0,0.1453794860534165,0.0
DNS,c3,923,0.576875,7.424261798332076e-05,0.3295037781445058,0.14548328369718833,4096,0,0,1.0,0.0,0.0,0,0.0,0.14548328369718833,0.0
DNS,c3,924,0.5775,7.487285207580474e-05,0.3296395795457451,0.1455868924983007,4096,0,0,1.0,0.0,0.0,0,0.0,0.1455868924983007,0.0
DNS,c3,925,0.578125,7.551554158158974e-05,0.3297748331175765,0.14569031300433116,4096,0,0,1.0,0.0,0.0,0,0.0,0.14569031300433116,0.0
DNS,c3,926,0.57875,7.617100173079766e-05,0.32990954167522135,0.14579354576253822,4096,0,0,1.0,0.0,0.0,0,0.0,0.14579354576253822,0.0
DNS,c3,927,0.579375,7.683955382139968e-05,0.33004370796878524,0.14589659131985214,4096,0,0,1.0,0.0,0.0,0,0.0,0.14589659131985214,0.0
DNS,c3,928,0.58,7.752152530077492e-05,0.3301773346837667,0.1459994502228653,4096,0,0,1.0,0.0,0.0,0,0.0,0.1459994502228653,0.0
DNS,c3,929,0.5806250000000001,7.82172498477983e-05,0.3303104244415712,0.14610212301782338,4096,0,0,1.0,0.0,0.0,0,0.0,0.14610212301782338,0.0
DNS,c3,930,0.58125,7.89270674554484e-05,0.33044297980002985,0.14620461025061615,4096,0,0,1.0,0.0,0.0,0,0.0,0.14620461025061615,0.0
DNS,c3,931,0.581875,7.965132451392571e-05,0.3305784893946961,0.14630691246676852,4096,0,0,1.0,0.0,0.0,0,0.0,0.14630691246676852,0.0
DNS,c3,932,0.5825,8.039037389427121e-05,0.330717602315625,0.14640903021143198,4096,0,0,1.0,0.0,0.0,0,0.0,0.14640903021143198,0.0
DNS,c3,933,0.583125,8.114457503247515e-05,0.33085612197730907,0.1465109640293757,4096,0,0,1.0,0.0,0.0,0,0.0,0.1465109640293757,0.0
DNS,c3,934,0.58375,8.191429401406521e-05,0.3309940525628664,0.14661271446497798,4096,0,0,1.0,0.0,0.0,0,0.0,0.14661271446497798,0.0
DNS,c3,935,0.584375,8.269990365916307e-05,0.331131398183169,0.14671428206221793,4096,0,0,1.0,0.0,0.0,0,0.0,0.14671428206221793,0.0
DNS,c3,936,0.585,8.35017836079978e-05,0.33126816287724575,0.14681566736466717,4096,0,0,1.0,0.0,0.0,0,0.0,0.14681566736466717,0.0
DNS,c3,937,0.5856250000000001,8.432032040686448e-05,0.3314043506126936,0.1469168709154814,4096,0,0,1.0,0.0,0.0,0,0.0,0.1469168709154814,0.0
DNS,c3,938,0.58625,8.515590759451564e-05,0.33153996528609625,0.1470178932573926,4096,0,0,1.0,0.0,0.0,0,0.0,0.1470178932573926,0.0
DNS,c3,939,0.586875,8.600894578897297e-05,0.33167501072345046,0.14711873493270072,4096,0,0,1.0,0.0,0.0,0,0.0,0.14711873493270072,0.0
DNS,c3,940,0.5875,8.68798427747465e-05,0.3318094906805996,0.14721939648326615,4096,0,0,1.0,0.0,0.0,0,0.0,0.14721939648326615,0.0
DNS,c3,941,0.588125,8.77690135904475e-05,0.3319434088436746,0.14731987845050162,4096,0,0,1.0,0.0,0.0,0,0.0,0.14731987845050162,0.0
DNS,c3,942,0.58875,8.867688061678176e-05,0.33207676882954196,0.14742018137536478,4096,0,0,1.0,0.0,0.0,0,0.0,0.14742018137536478,0.0
DNS,c3,943,0.589375,8.960387366490873e-05,0.33220957418625835,0.1475203057983504,4096,0,0,1.0,0.0,0.0,0,0.0,0.1475203057983504,0.0
DNS,c3,944,0.59,9.055043006515218e-05,0.3323418283935326,0.14762025225948325,4096,0,0,1.0,0.0,0.0,0,0.0,0.14762025225948325,0.0
DNS,c3,945,0.5906250000000001,9.144147133428906e-05,0.33247353486319403,0.1477200212983104,4096,0,0,1.0,0.0,0.0,0,0.0,0.1477200212983104,0.0
DNS,c3,946,0.59125,9.214267589941135e-05,0.33260469693966727,0.14781961345389422,4096,0,0,1.0,0.0,0.0,0,0.0,0.14781961345389422,0.0
DNS,c3,947,0.591875,9.285686548848893e-05,0.3327353179004535,0.14791902926480507,4096,0,0,1.0,0.0,0.0,0,0.0,0.14791902926480507,0.0
DNS,c3,948,0.5925,9.358436655867926e-05,0.33286540095661826,0.14801826926911432,4096,0,0,1.0,0.0,0.0,0,0.0,0.14801826926911432,0.0
DNS,c3,949,0.593125,9.432551170743878e-05,0.3329949492532847,0.14811733400438737,4096,0,0,1.0,0.0,0.0,0,0.0,0.14811733400438737,0.0
DNS,c3,950,0.59375,9.508063975146459e-05,0.33312396587013376,0.14821622400767684,4096,0,0,1.0,0.0,0.0,0,0.0,0.14821622400767684,0.0
DNS,c3,951,0.594375,9.585009580609567e-05,0.33325245382190943,0.14831493981551575,4096,0,0,1.0,0.0,0.0,0,0.0,0.14831493981551575,0.0
DNS,c3,952,0.595,9.663423136516417e-05,0.3333804160589302,0.14841348196391085,4096,0,0,1.0,0.0,0.0,0,0.0,0.14841348196391085,0.0
DNS,c3,953,0.595625,9.743340438128696e-05,0.3335078554676061,0.14851185098833602,4096,0,0,1.0,0.0,0.0,0,0.0,0.14851185098833602,0.0
DNS,c3,954,0.5962500000000001,9.82479793465874e-05,0.333634774870961,0.14861004742372602,4096,0,0,1.0,0.0,0.0,0,0.0,0.14861004742372602,0.0
DNS,c3,955,0.596875,9.907832737383659e-05,0.3337611770291606,0.1487080718044696,4096,0,0,1.0,0.0,0.0,0,0.0,0.1487080718044696,0.0
DNS,c3,956,0.5975,9.992482627800359e-05,0.33388706464004553,0.14880592466440376,4096,0,0,1.0,0.0,0.0,0,0.0,0.14880592466440376,0.0
DNS,c3,957,0.598125,0.00010078786065820318,0.3340124403396697,0.14890360653680706,4096,0,0,1.0,0.0,0.0,0,0.0,0.14890360653680706,0.0
DNS,c3,958,0.59875,0.0001016678219800297,0.33413730670284364,0.14900111795439386,4096,0,0,1.0,0.0,0.0,0,0.0,0.14900111795439386,0.0
DNS,c3,959,0.599375,0.0001025651086582652,0.3342616662436826,0.149098459449308,4096,0,0,1.0,0.0,0.0,0,0.0,0.149098459449308,0.0
DNS,c3,960,0.6,0.00010348012613994946,0.33438552141615974,0.14919563155311694,4096,0,0,1.0,0.0,0.0,0,0.0,0.14919563155311694,0.0
DNS,c3,961,0.600625,0.00010441328698779944,0.334508874614664,0.14929263479680588,4096,0,0,1.0,0.0,0.0,0,0.0,0.14929263479680588,0.0
DNS,c3,962,0.6012500000000001,0.00010536501096396523,0.3346317281745622,0.14938946971077205,4096,0,0,1.0,0.0,0.0,0,0.0,0.14938946971077205,0.0
DNS,c3,963,0.601875,0.00010633572511410895,0.3347576821826173,0.1494861368248188,4096,0,0,1.0,0.0,0.0,0,0.0,0.1494861368248188,0.0
DNS,c3,964,0.6025,0.00010732586385179327,0.33488682323761904,0.14958263666815017,4096,0,0,1.0,0.0,0.0,0,0.0,0.14958263666815017,0.0
DNS,c3,965,0.603125,0.00010833586904316517,0.33501542261089173,0.14967896976936518,4096,0,0,1.0,0.0,0.0,0,0.0,0.14967896976936518,0.0
DNS,c3,966,0.60375,0.00010936619009192077,0.33514348416314377,0.14977513665645237,4096,0,0,1.0,0.0,0.0,0,0.0,0.14977513665645237,0.0
DNS,c3,967,0.604375,0.00011041728402453624,0.33527101168620266,0.14987113785678452,4096,0,0,1.0,0.0,0.0,0,0.0,0.14987113785678452,0.0
DNS,c3,968,0.605,0.00011148961557574987,0.33539800890344723,0.14996697389711322,4096,0,0,1.0,0.0,0.0,0,0.0,0.14996697389711322,0.0
DNS,c3,969,0.605625,0.00011258365727427952,0.33552447947024755,0.1500626453035636,4096,0,0,1.0,0.0,0.0,0,0.0,0.1500626453035636,0.0
DNS,c3,970,0.6062500000000001,0.0001136998895287597,0.33565042697441294,0.1501581526016293,4096,0,0,1.0,0.0,0.0,0,0.0,0.1501581526016293,0.0
DNS,c3,971,0.606875,0.000114838800713882,0.3357758549366473,0.15025349631616705,4096,0,0,1.0,0.0,0.0,0,0.0,0.15025349631616705,0.0
DNS,c3,972,0.6075,0.00011582841221155207,0.335900766811012,0.1503486769713921,4096,0,0,1.0,0.0,0.0,0,0.0,0.1503486769713921,0.0
DNS,c3,973,0.608125,0.00011667590024559945,0.33602516598539606,0.15044369509087274,4096,0,0,1.0,0.0,0.0,0,0.0,0.15044369509087274,0.0
DNS,c3,974,0.60875,0.00011753853335450752,0.33614905578199317,0.1505385511975259,4096,0,0,1.0,0.0,0.0,0,0.0,0.1505385511975259,0.0
DNS,c3,975,0.609375,0.00011841667906771941,0.33627243945778607,0.15063324581361198,4096,0,0,1.0,0.0,0.0,0,0.0,0.15063324581361198,0.0
DNS,c3,976,0.61,0.00011931071148651481,0.3363953202050373,0.15072777946073018,4096,0,0,1.0,0.0,0.0,0,0.0,0.15072777946073018,0.0
DNS,c3,977,0.610625,0.00012022101136204493,0.3365177011517868,0.15082215265981394,4096,0,0,1.0,0.0,0.0,0,0.0,0.15082215265981394,0.0
DNS,c3,978,0.61125,0.00012114796617371185,0.33663958536235566,0.15091636593112612,4096,0,0,1.0,0.0,0.0,0,0.0,0.15091636593112612,0.0
DNS,c3,979,0.6118750000000001,0.00012209197020788087,0.3367609758378566,0.15101041979425467,4096,0,0,1.0,0.0,0.0,0,0.0,0.15101041979425467,0.0
DNS,c3,980,0.6125,0.0001230534246369146,0.3368818755167101,0.15110431476810782,4096,0,0,1.0,0.0,0.0,0,0.0,0.15110431476810782,0.0
DNS,c3,981,0.613125,0.00012403273759851693,0.337002287275167,0.15119805137090997,4096,0,0,1.0,0.0,0.0,0,0.0,0.15119805137090997,0.0
DNS,c3,982,0.61375,0.0001250303242753745,0.33712221392783637,0.1512916301201972,4096,0,0,1.0,0.0,0.0,0,0.0,0.1512916301201972,0.0
DNS,c3,983,0.614375,0.00012604660697508385,0.33724165822821944,0.15138505153281284,4096,0,0,1.0,0.0,0.0,0,0.0,0.15138505153281284,0.0
DNS,c3,984,0.615,0.0001270820152103508,0.33736062286924906,0.15147831612490345,4096,0,0,1.0,0.0,0.0,0,0.0,0.15147831612490345,0.0
DNS,c3,985,0.615625,0.0001281369857794494,0.3374791104838343,0.15157142441191446,4096,0,0,1.0,0.0,0.0,0,0.0,0.15157142441191446,0.0
DNS,c3,986,0.61625,0.00012921196284692695,0.3375971236454104,0.15166437690858606,4096,0,0,1.0,0.0,0.0,0,0.0,0.15166437690858606,0.0
DNS,c3,987,0.6168750000000001,0.00013030739802454092,0.337714664868494,0.15175717412894923,4096,0,0,1.0,0.0,0.0,0,0.0,0.15175717412894923,0.0
DNS,c3,988,0.6175,0.0001314237504524144,0.3378317366092431,0.15184981658632174,4096,0,0,1.0,0.0,0.0,0,0.0,0.15184981658632174,0.0
DNS,c3,989,0.618125,0.00013256148688039495,0.33794834126602175,0.15194230479330395,4096,0,0,1.0,0.0,0.0,0,0.0,0.15194230479330395,0.0
DNS,c3,990,0.61875,0.00013372108174960232,0.3380644811799696,0.1520346392617752,4096,0,0,1.0,0.0,0.0,0,0.0,0.1520346392617752,0.0
DNS,c3,991,0.619375,0.00013490301727415004,0.3381801586355761,0.15212682050288984,4096,0,0,1.0,0.0,0.0,0,0.0,0.15212682050288984,0.0
DNS,c3,992,0.62,0.00013610778352302525,0.3382953758612586,0.15221884902707333,4096,0,0,1.0,0.0,0.0,0,0.0,0.15221884902707333,0.0
DNS,c3,993,0.620625,0.00013733587850211094,0.33841013502994527,0.15231072534401885,4096,0,0,1.0,0.0,0.0,0,0.0,0.15231072534401885,0.0
DNS,c3,994,0.62125,0.00013858780823633451,0.33852553779454186,0.15240244996268315,4096,0,0,1.0,0.0,0.0,0,0.0,0.15240244996268315,0.0
DNS,c3,995,0.6218750000000001,0.00013986408685192625,0.3386460953071238,0.15249402339128326,4096,0,0,1.0,0.0,0.0,0,0.0,0.15249402339128326,0.0
DNS,c3,996,0.6225,0.0001411652366587706,0.3387661667919695,0.15258544613729286,4096,0,0,1.0,0.0,0.0,0,0.0,0.15258544613729286,0.0
DNS,c3,997,0.623125,0.00014249178823283335,0.3388857558342318,0.15267671870743849,4096,0,0,1.0,0.0,0.0,0,0.0,0.15267671870743849,0.0
DNS,c3,998,0.62375,0.000143844280498647,0.3390048659526322,0.15276784160769635,4096,0,0,1.0,0.0,0.0,0,0.0,0.15276784160769635,0.0
DNS,c3,999,0.624375,0.00014503209069844936,0.33912350059991075,0.1528588153432889,4096,0,0,1.0,0.0,0.0,0,0.0,0.1528588153432889,0.0
DNS,c3,1000,0.625,0.00014604406331926724,0.339241663163284,0.1529496404186812,4096,0,0,1.0,0.0,0.0,0,0.0,0.1529496404186812,0.0
DNS,c3,1001,0.625625,0.00014707346218675085,0.3393593569649106,0.15304031733757775,4096,0,0,1.0,0.0,0.0,0,0.0,0.15304031733757775,0.0
DNS,c3,1002,0.62625,0.00014812069613452235,0.3394765852623645,0.15313084660291915,4096,0,0,1.0,0.0,0.0,0,0.0,0.15313084660291915,0.0
DNS,c3,1003,0.626875,0.00014918618095549494,0.33959335124911594,0.15322122871687893,4096,0,0,1.0,0.0,0.0,0,0.0,0.15322122871687893,0.0
DNS,c3,1004,0.6275000000000001,0.00015027033947805784,0.3397096580550191,0.15331146418086025,4096,0,0,1.0,0.0,0.0,0,0.0,0.15331146418086025,0.0
DNS,c3,1005,0.628125,0.00015137360164248925,0.3398255087468074,0.1534015534954928,4096,0,0,1.0,0.0,0.0,0,0.0,0.1534015534954928,0.0
DNS,c3,1006,0.62875,0.00015249640457758442,0.3399414690243969,0.15349149716062963,4096,0,0,1.0,0.0,0.0,0,0.0,0.15349149716062963,0.0
DNS,c3,1007,0.629375,0.00015363919267748663,0.34006012420745996,0.15358129567534418,4096,0,0,1.0,0.0,0.0,0,0.0,0.15358129567534418,0.0
DNS,c3,1008,0.63,0.00015480241767870743,0.3401782558130955,0.15367094953792715,4096,0,0,1.0,0.0,0.0,0,0.0,0.15367094953792715,0.0
DNS,c3,1009,0.630625,0.00015598653873732317,0.34029586675569035,0.15376045924588355,4096,0,0,1.0,0.0,0.0,0,0.0,0.15376045924588355,0.0
DNS,c3,1010,0.63125,0.00015719202250633386,0.34041295990690157,0.1538498252959298,4096,0,0,1.0,0.0,0.0,0,0.0,0.1538498252959298,0.0
DNS,c3,1011,0.631875,0.0001584193432131705,0.34052953809606684,0.15393904818399085,4096,0,0,1.0,0.0,0.0,0,0.0,0.15393904818399085,0.0
DNS,c3,1012,0.6325000000000001,0.00015966898273733662,0.34064560411061845,0.15402812840519714,4096,0,0,1.0,0.0,0.0,0,0.0,0.15402812840519714,0.0
DNS,c3,1013,0.633125,0.00016094143068816913,0.3407611606965009,0.15411706645388198,4096,0,0,1.0,0.0,0.0,0,0.0,0.15411706645388198,0.0
DNS,c3,1014,0.63375,0.000162237184482704,0.3408764175887164,0.1542058628235787,4096,0,0,1.0,0.0,0.0,0,0.0,0.1542058628235787,0.0
DNS,c3,1015,0.634375,0.00016355674942363099,0.3410005202101183,0.15429451800701785,4096,0,0,1.0,0.0,0.0,0,0.0,0.15429451800701785,0.0
DNS,c3,1016,0.635,0.00016490063877732248,0.34112407762464414,0.15438303249612456,4096,0,0,1.0,0.0,0.0,0,0.0,0.15438303249612456,0.0
DNS,c3,1017,0.635625,0.00016626937385192002,0.3412470936735169,0.15447140678201587,4096,0,0,1.0,0.0,0.0,0,0.0,0.15447140678201587,0.0
DNS,c3,1018,0.63625,0.00016766348407546257,0.34136957214843205,0.15455964135499806,4096,0,0,1.0,0.0,0.0,0,0.0,0.15455964135499806,0.0
DNS,c3,1019,0.636875,0.00016908350707404022,0.3414915167918075,0.15464773670456405,4096,0,0,1.0,0.0,0.0,0,0.0,0.15464773670456405,0.0
DNS,c3,1020,0.6375000000000001,0.0001705299887499562,0.3416129312970422,0.15473569331939094,4096,0,0,1.0,0.0,0.0,0,0.0,0.15473569331939094,0.0
DNS,c3,1021,0.638125,0.00017200348335988017,0.34173381930878227,0.15482351168733727,4096,0,0,1.0,0.0,0.0,0,0.0,0.15482351168733727,0.0
DNS,c3,1022,0.63875,0.00017350455359297568,0.3418541844231959,0.15491119229544087,4096,0,0,1.0,0.0,0.0,0,0.0,0.15491119229544087,0.0
DNS,c3,1023,0.639375,0.00017503377064898354,0.34197403018825495,0.1549987356299159,4096,0,0,1.0,0.0,0.0,0,0.0,0.1549987356299159,0.0
DNS,c3,1024,0.64,0.0001765917143162434,0.34209336010402513,0.15508614217615108,4096,0,0,1.0,0.0,0.0,0,0.0,0.15508614217615108,0.0
DNS,c3,1025,0.640625,0.00017817897304963514,0.34221217762296263,0.1551734124187067,4096,0,0,1.0,0.0,0.0,0,0.0,0.1551734124187067,0.0
DNS,c3,1026,0.64125,0.0001797182972543714,0.3423304861502183,0.15526054684131257,4096,0,0,1.0,0.0,0.0,0,0.0,0.15526054684131257,0.0
DNS,c3,1027,0.641875,0.00018091352931504532,0.34244828904394875,0.15534754592686573,4096,0,0,1.0,0.0,0.0,0,0.0,0.15534754592686573,0.0
DNS,c3,1028,0.6425,0.00018212856769398082,0.342565589615634,0.15543441015742795,4096,0,0,1.0,0.0,0.0,0,0.0,0.15543441015742795,0.0
DNS,c3,1029,0.6431250000000001,0.00018336386234834554,0.34268239113040194,0.15552114001422365,4096,0,0,1.0,0.0,0.0,0,0.0,0.15552114001422365,0.0
DNS,c3,1030,0.64375,0.00018461987053639353,0.3427986968073588,0.15560773597763755,4096,0,0,1.0,0.0,0.0,0,0.0,0.15560773597763755,0.0
DNS,c3,1031,0.644375,0.00018589705689098888,0.3429145098199261,0.1556941985272126,4096,0,0,1.0,0.0,0.0,0,0.0,0.1556941985272126,0.0
DNS,c3,1032,0.645,0.00018719589349324293,0.3430298332961834,0.15578052814164772,4096,0,0,1.0,0.0,0.0,0,0.0,0.15578052814164772,0.0
DNS,c3,1033,0.645625,0.0001885168599462512,0.343144670319217,0.15586672529879553,4096,0,0,1.0,0.0,0.0,0,0.0,0.15586672529879553,0.0
DNS,c3,1034,0.64625,0.0001898604434489167,0.3432590239274742,0.15595279047566063,4096,0,0,1.0,0.0,0.0,0,0.0,0.15595279047566063,0.0
DNS,c3,1035,0.646875,0.000191227138869845,0.3433728971151228,0.15603872414839703,4096,0,0,1.0,0.0,0.0,0,0.0,0.15603872414839703,0.0
DNS,c3,1036,0.6475,0.00019261744882129742,0.34348629283241633,0.15612452679230648,4096,0,0,1.0,0.0,0.0,0,0.0,0.15612452679230648,0.0
DNS,c3,1037,0.6481250000000001,0.00019403188373318727,0.3435992139860639,0.15621019888183624,4096,0,0,1.0,0.0,0.0,0,0.0,0.15621019888183624,0.0
DNS,c3,1038,0.64875,0.00019547096192710427,0.34371166343960546,0.15629574089057716,4096,0,0,1.0,0.0,0.0,0,0.0,0.15629574089057716,0.0
DNS,c3,1039,0.649375,0.0001969352096903522,0.34382364401379123,0.15638115329126165,4096,0,0,1.0,0.0,0.0,0,0.0,0.15638115329126165,0.0
DNS,c3,1040,0.65,0.0001984251613499844,0.3439351584869663,0.1564664365557618,4096,0,0,1.0,0.0,0.0,0,0.0,0.1564664365557618,0.0
