damkohler,pressure_iterations,pressure_residual,pressure_pseudo_time,elapsed_seconds
1.0,0,1.0,0.0,3.9084882950410247
1.0,20,0.847649231977547,0.000152587890625,4.322688166983426
1.0,40,0.7555510166562057,0.00030517578125,4.720751159824431
1.0,60,0.6856020328338706,0.000457763671875,5.125536519102752
1.0,80,0.6285312587463381,0.0006103515625,5.528034003917128
1.0,100,0.580345465466052,0.000762939453125,5.933006188832223
1.0,120,0.5388301856817241,0.00091552734375,6.336814024019986
1.0,140,0.5025694140995319,0.001068115234375,6.742561033926904
1.0,160,0.4705746608184893,0.001220703125,7.14514520810917
1.0,180,0.44211521851286395,0.001373291015625,7.550949385855347
1.0,200,0.4166293971432975,0.00152587890625,7.952784892171621
1.0,220,0.3936732659528003,0.001678466796875,8.356699264142662
1.0,240,0.3728887223100878,0.0018310546875,8.756393457762897
1.0,260,0.3539823862560829,0.001983642578125,9.159626313950866
1.0,280,0.33671097947475526,0.00213623046875,9.56068833777681
1.0,300,0.3208708073710404,0.002288818359375,9.962076388765126
1.0,320,0.30628995843006296,0.00244140625,10.370441053994
1.0,340,0.2928223732538603,0.002593994140625,10.788183060940355
1.0,360,0.28034324241223996,0.00274658203125,11.20504471892491
1.0,380,0.2687453751069083,0.002899169921875,11.623866769950837
1.0,400,0.2579362939863459,0.0030517578125,12.040530525147915
1.0,420,0.24783588413103524,0.003204345703125,12.463668063748628
1.0,440,0.23837447226891695,0.00335693359375,12.88420551083982
1.0,460,0.22949124490725747,0.003509521484375,13.302744423039258
1.0,480,0.22113293677658125,0.003662109375,13.719485835172236
1.0,500,0.2132527371476537,0.003814697265625,14.14429765380919
1.0,520,0.20580937332776192,0.00396728515625,14.54868142073974
1.0,540,0.19876633933762405,0.004119873046875,14.954684311989695
1.0,560,0.19209124431769015,0.0042724609375,15.3618541858159
1.0,580,0.18575526021919378,0.004425048828125,15.777882758993655
1.0,600,0.17973265221687826,0.00457763671875,16.202050873078406
1.0,620,0.17400037832666007,0.004730224609375,16.61811351403594
1.0,640,0.16853774712824654,0.0048828125,17.026337505783886
1.0,660,0.1633261244283125,0.005035400390625,17.443731924984604
1.0,680,0.1583486812627347,0.00518798828125,17.869630796834826
1.0,700,0.15359017690747206,0.005340576171875,18.29461522307247
1.0,720,0.1490367716077424,0.0054931640625,18.71077208314091
1.0,740,0.14467586459077053,0.005645751953125,19.131089107133448
1.0,760,0.14049595363446193,0.00579833984375,19.56268228078261
1.0,780,0.1364865130510911,0.005950927734375,19.98668680107221
1.0,800,0.13263788743348595,0.006103515625,20.400184988975525
1.0,820,0.12894119891924433,0.006256103515625,20.813743208069354
1.0,840,0.12538826606997933,0.00640869140625,21.220610096119344
1.0,860,0.1219715327493972,0.006561279296875,21.630496290978044
1.0,880,0.1186840056251428,0.0067138671875,22.036647935863584
1.0,900,0.11551919912255944,0.006866455078125,22.460534223821014
1.0,920,0.11247108683016625,0.00701904296875,22.878738435916603
1.0,940,0.10953405850173177,0.007171630859375,23.288553684018552
1.0,960,0.10670288192271098,0.00732421875,23.702785287983716
1.0,980,0.10397266901311018,0.007476806640625,24.127932307776064
1.0,1000,0.10133884562736366,0.00762939453125,24.548011695966125
1.0,1020,0.0987971245871294,0.007781982421875,24.96837734710425
1.0,1040,0.09634348154709599,0.0079345703125,25.373213714919984
1.0,1060,0.0939741333485602,0.008087158203125,25.79832603689283
1.0,1080,0.0916855185623202,0.00823974609375,26.21213214704767
1.0,1100,0.08947427996233343,0.008392333984375,26.61738515784964
1.0,1120,0.08733724870583053,0.008544921875,27.02375826705247
1.0,1140,0.0852714300249216,0.008697509765625,27.42747827200219
1.0,1160,0.0832739902598976,0.00885009765625,27.82863852987066
1.0,1180,0.08134224508610549,0.009002685546875,28.23288894398138
1.0,1200,0.07947364880492143,0.0091552734375,28.63364195311442
1.0,1220,0.0776657845854262,0.009307861328125,29.05173219786957
1.0,1240,0.0759163555572746,0.00946044921875,29.467755153775215
1.0,1260,0.0742231766672749,0.009613037109375,29.893854501191527
1.0,1280,0.0725841672225915,0.009765625,30.31347572989762
1.0,1300,0.07099734405251529,0.009918212890625,30.738637318834662
1.0,1320,0.06946081522859465,0.01007080078125,31.15066237282008
1.0,1340,0.06797277428976875,0.010223388671875,31.561260655988008
1.0,1360,0.06653149492507444,0.0103759765625,31.965906964149326
1.0,1380,0.06513532607173586,0.010528564453125,32.370641281828284
1.0,1400,0.06378268739096501,0.01068115234375,32.780764321796596
1.0,1420,0.062472065087847625,0.010833740234375,33.20187419606373
1.0,1440,0.06120200804512077,0.010986328125,33.617233969736844
1.0,1460,0.05997112424382597,0.011138916015625,34.05822714790702
1.0,1480,0.058778077446438204,0.01129150390625,34.50094923004508
1.0,1500,0.05762158412057393,0.011444091796875,34.9493171479553
1.0,1520,0.056500410583421035,0.0115966796875,35.40435919491574
1.0,1540,0.055413370348975914,0.011749267578125,35.858582365792245
1.0,1560,0.05435932166180071,0.01190185546875,36.296232521068305
1.0,1580,0.05333716520252654,0.012054443359375,36.71827881084755
1.0,1600,0.05234584195164727,0.01220703125,37.12079742597416
1.0,1620,0.051384331199328045,0.012359619140625,37.53159342100844
1.0,1640,0.05045164869000237,0.01251220703125,37.93413164187223
1.0,1660,0.049546844891503516,0.012664794921875,38.34185882192105
1.0,1680,0.04866900337930499,0.0128173828125,38.74507879978046
1.0,1700,0.04781723932720716,0.012969970703125,39.15134896803647
1.0,1720,0.046990698096551084,0.01312255859375,39.55453294608742
1.0,1740,0.04618855391657174,0.013275146484375,39.960603289771825
1.0,1760,0.04541000864917031,0.013427734375,40.361003504134715
1.0,1780,0.044654290631828804,0.013580322265625,40.766027689911425
1.0,1800,0.043920653592892066,0.01373291015625,41.16901758220047
1.0,1820,0.04320837563385403,0.013885498046875,41.57618496287614
1.0,1840,0.04251675827369164,0.0140380859375,41.9789116429165
1.0,1860,0.04184512555064154,0.014190673828125,42.38463508989662
1.0,1880,0.04119282317714273,0.01434326171875,42.78577071474865
1.0,1900,0.040559217743962324,0.014495849609375,43.19339278014377
1.0,1920,0.039943695969853844,0.0146484375,43.59566290304065
1.0,1940,0.03934566399327231,0.014801025390625,44.000022476073354
1.0,1960,0.0387645467030019,0.01495361328125,44.40218307916075
1.0,1980,0.03819978710472662,0.015106201171875,44.807798456866294
1.0,2000,0.037650845720793406,0.0152587890625,45.20956255495548
1.0,2020,0.03711720002062315,0.015411376953125,45.615908447187394
1.0,2040,0.03659834387941066,0.01556396484375,46.01865639677271
1.0,2060,0.036093787062914835,0.015716552734375,46.42490126006305
1.0,2080,0.03560305473634076,0.015869140625,46.826743464916945
1.0,2100,0.03512568699538494,0.016021728515625,47.23170584719628
1.0,2120,0.03466123841778094,0.01617431640625,47.63281601574272
1.0,2140,0.034209277633709435,0.016326904296875,48.04034391185269
1.0,2160,0.03376938691361921,0.0164794921875,48.44323190394789
1.0,2180,0.03334116177211381,0.016632080078125,48.849974169861525
1.0,2200,0.03292421058667837,0.01678466796875,49.253452964127064
1.0,2220,0.032518154230108044,0.016937255859375,49.65879604779184
1.0,2240,0.03212262571561533,0.01708984375,50.06162199517712
1.0,2260,0.03173726985368555,0.017242431640625,50.46611538203433
1.0,2280,0.03136174291982929,0.01739501953125,50.869313340168446
1.0,2300,0.030995712332458042,0.017547607421875,51.27603945415467
1.0,2320,0.03063885634021037,0.0177001953125,51.680636242963374
1.0,2340,0.030290863718077828,0.017852783203125,52.08653568197042
1.0,2360,0.029951433471803426,0.01800537109375,52.4904598579742
1.0,2380,0.029620274550036522,0.018157958984375,52.8981877877377
1.0,2400,0.029297105563802158,0.018310546875,53.301325533073395
1.0,2420,0.028981654512897036,0.018463134765625,53.70803266111761
1.0,2440,0.028673658518866017,0.01861572265625,54.11134537681937
1.0,2460,0.02837286356424492,0.018768310546875,54.51655962411314
1.0,2480,0.028079024237811986,0.0189208984375,54.92106607882306
1.0,2500,0.027791903485602818,0.019073486328125,55.329385581891984
1.0,2520,0.02751127236750013,0.01922607421875,55.73465057881549
1.0,2540,0.027236909819195926,0.019378662109375,56.142511152196676
1.0,2560,0.02696860241940518,0.01953125,56.54560231277719
1.0,2580,0.02670614416216921,0.019683837890625,56.95101728616282
1.0,2600,0.02644933623415296,0.01983642578125,57.35561277484521
1.0,2620,0.026197986796823673,0.019989013671875,57.76310185994953
1.0,2640,0.02595191077344477,0.0201416015625,58.16547230212018
1.0,2660,0.025710929640784103,0.020294189453125,58.57089484715834
1.0,2680,0.025474871225502536,0.02044677734375,58.9764816169627
1.0,2700,0.025243569505137346,0.020599365234375,59.38270660303533
1.0,2720,0.02501686441364599,0.020751953125,59.78606810607016
1.0,2740,0.02479460165146102,0.020904541015625,60.192022029776126
1.0,2760,0.024576632500015787,0.02105712890625,60.59540035575628
1.0,2780,0.024362813640690466,0.021209716796875,61.001881734933704
1.0,2800,0.024153006978147942,0.0213623046875,61.404073741752654
1.0,2820,0.02394707946802744,0.021514892578125,61.81184952799231
1.0,2840,0.02374490294893428,0.02166748046875,62.21717097284272
1.0,2860,0.023546353978719146,0.021820068359375,62.62417588988319
1.0,2880,0.0233513136749758,0.02197265625,63.028326145838946
1.0,2900,0.023159667559742015,0.022125244140625,63.43866280093789
1.0,2920,0.022971305408335984,0.02227783203125,63.8438840568997
1.0,2940,0.022786121102307398,0.022430419921875,64.25101263495162
1.0,2960,0.022604012486431815,0.0225830078125,64.65570900077
1.0,2980,0.02242488122972133,0.022735595703125,65.06496531004086
1.0,3000,0.02224863269037721,0.02288818359375,65.46804405376315
1.0,3020,0.022075175784648952,0.023040771484375,65.87388985883445
1.0,3040,0.02190442285953166,0.023193359375,66.2788661797531
1.0,3060,0.02173628956924808,0.023345947265625,66.6873485269025
1.0,3080,0.02157069475544818,0.02349853515625,67.09211737290025
1.0,3100,0.02140756033107336,0.023651123046875,67.4972958508879
1.0,3120,0.021246811167803862,0.0238037109375,67.90002534491941
1.0,3140,0.02108837498704619,0.023956298828125,68.3046986288391
1.0,3160,0.020932182254367014,0.02410888671875,68.706630196888
1.0,3180,0.02077816607732276,0.024261474609375,69.11368361115456
1.0,3200,0.0206262621066014,0.0244140625,69.51512212213129
1.0,3220,0.020476408440416278,0.024566650390625,69.9204792957753
1.0,3240,0.020328545532067126,0.02471923828125,70.32252822490409
1.0,3260,0.020182616100600816,0.024871826171875,70.73012763913721
1.0,3280,0.02003856504450547,0.0250244140625,71.12921311706305
1.0,3300,0.019896339358338965,0.025177001953125,71.53092815820128
1.0,3320,0.019755888052257,0.02532958984375,71.93399534607306
1.0,3340,0.019617162074323593,0.025482177734375,72.34133580420166
1.0,3360,0.019480114235557046,0.025634765625,72.74696175707504
1.0,3380,0.0193446991376305,0.025787353515625,73.15660627093166
1.0,3400,0.019210873103156757,0.02593994140625,73.5614735619165
1.0,3420,0.019078594108466754,0.026092529296875,73.97088404279202
1.0,3440,0.018947821718837864,0.0262451171875,74.3757652840577
1.0,3460,0.018818517026076287,0.026397705078125,74.7852331539616
1.0,3480,0.018690642588394334,0.02655029296875,75.19147091777995
1.0,3500,0.018564162372512356,0.026702880859375,75.60037927981466
1.0,3520,0.018439041697907967,0.02685546875,76.0041165589355
1.0,3540,0.018315247183159737,0.027008056640625,76.41596439899877
1.0,3560,0.018192746694303315,0.02716064453125,76.82371854502708
1.0,3580,0.0180715092951455,0.027313232421875,77.23361758794636
1.0,3600,0.017951505199468254,0.0274658203125,77.63875069376081
1.0,3620,0.017832705725056498,0.027618408203125,78.04737799987197
1.0,3640,0.017715083249497686,0.02777099609375,78.45409755595028
1.0,3660,0.01759861116768236,0.027923583984375,78.86234926618636
1.0,3680,0.01748326385095604,0.028076171875,79.26820480404422
1.0,3700,0.017369016607859868,0.028228759765625,79.6755643277429
1.0,3720,0.017255845646405105,0.02838134765625,80.0832931199111
1.0,3740,0.017143728037828574,0.028533935546875,80.49147420283407
1.0,3760,0.01703264168177848,0.0286865234375,80.89806824596599
1.0,3780,0.016922565272873866,0.028839111328125,81.30714943585917
1.0,3800,0.01681347826858726,0.02899169921875,81.714447024744
1.0,3820,0.016705360858414238,0.029144287109375,82.12367950193584
1.0,3840,0.016598193934268146,0.029296875,82.52839082898572
1.0,3860,0.016491959062054463,0.029449462890625,82.93812994193286
1.0,3880,0.01638663845440113,0.02960205078125,83.3471433990635
1.0,3900,0.0162822149444692,0.029754638671875,83.75868202419952
1.0,3920,0.016178671960838033,0.0299072265625,84.16411217814311
1.0,3940,0.016075993503388234,0.030059814453125,84.57414429401979
1.0,3960,0.01597416412018051,0.03021240234375,84.98147153388709
1.0,3980,0.015873168885263682,0.030364990234375,85.39179126499221
1.0,4000,0.015772993377384158,0.030517578125,85.79836739273742
1.0,4020,0.015673623659573806,0.030670166015625,86.20792043115944
1.0,4040,0.015575046259565899,0.03082275390625,86.6171031598933
1.0,4060,0.015477248151012524,0.030975341796875,87.02742740698159
1.0,4080,0.015380216735477127,0.0311279296875,87.4340333561413
1.0,4100,0.01528393982516465,0.031280517578125,87.84348119888455
1.0,4120,0.015188405626356496,0.03143310546875,88.2507071509026
1.0,4140,0.015093602723540668,0.031585693359375,88.66188217699528
1.0,4160,0.014999520064186625,0.03173828125,89.07044654618949
1.0,4180,0.014906146944152873,0.031890869140625,89.47997380793095
1.0,4200,0.0148134729936963,0.03204345703125,89.88584922393784
1.0,4220,0.014721488164061948,0.032196044921875,90.29760988382623
1.0,4240,0.01463018271463411,0.0323486328125,90.7036541220732
1.0,4260,0.014539547200605695,0.032501220703125,91.10924849193543
1.0,4280,0.01444957246117949,0.03265380859375,91.51393390307203
1.0,4300,0.014360249608239775,0.032806396484375,91.92272780789062
1.0,4320,0.014271570015510836,0.032958984375,92.32686579693109
1.0,4340,0.014183525308160538,0.033111572265625,92.73505119606853
1.0,4360,0.014096107352830522,0.03326416015625,93.14185150200501
1.0,4380,0.014009308248095672,0.033416748046875,93.54767123097554
1.0,4400,0.013923120315309552,0.0335693359375,93.95260538393632
1.0,4420,0.01383753608983202,0.033721923828125,94.36144392983988
1.0,4440,0.013752548312633235,0.03387451171875,94.76298617292196
1.0,4460,0.013668149922236911,0.034027099609375,95.16976675204933
1.0,4480,0.013584334047004506,0.0341796875,95.57617567107081
1.0,4500,0.013501093997738314,0.034332275390625,95.98574326885864
1.0,4520,0.013418423260601529,0.03448486328125,96.39059292478487
1.0,4540,0.013336315490320902,0.034637451171875,96.80053109209985
1.0,4560,0.013254764503687436,0.0347900390625,97.20486262720078
1.0,4580,0.013173764273316893,0.034942626953125,97.61961506679654
1.0,4600,0.013093308921675519,0.03509521484375,98.06592181278393
1.0,4620,0.013013392715357487,0.035247802734375,98.51980044180527
1.0,4640,0.012934010059595994,0.035400390625,98.96174343395978
1.0,4660,0.01285515549300819,0.035552978515625,99.41788256680593
1.0,4680,0.012776823682555906,0.03570556640625,99.87508296919987
1.0,4700,0.012699009418714744,0.035858154296875,100.3296946939081
1.0,4720,0.012621707610852939,0.0360107421875,100.7729354891926
1.0,4740,0.012544913282794732,0.036163330078125,101.21181497303769
1.0,4760,0.012468621568569012,0.03631591796875,101.62248888984323
1.0,4780,0.012392827708338789,0.036468505859375,102.02985320100561
1.0,4800,0.012317527044499052,0.03662109375,102.43476304085925
1.0,4820,0.012242715017934723,0.036773681640625,102.84206267306581
1.0,4840,0.01216838716443366,0.03692626953125,103.2407458787784
1.0,4860,0.012094539111252812,0.037078857421875,103.64805272081867
1.0,4880,0.01202116657382111,0.0372314453125,104.05575895076618
1.0,4900,0.011948265352586963,0.037384033203125,104.46721093775705
1.0,4920,0.01187583132998432,0.03753662109375,104.87034024111927
1.0,4940,0.011803860467538447,0.037689208984375,105.27845325088128
1.0,4960,0.011732348803076541,0.037841796875,105.68177306605503
1.0,4980,0.011661292448068421,0.037994384765625,106.08834684081376
1.0,5000,0.011590687585065623,0.03814697265625,106.48876205598935
1.0,5020,0.01152053046524996,0.038299560546875,106.90657682297751
1.0,5040,0.01145081740608453,0.0384521484375,107.3094906010665
1.0,5060,0.011381544789056045,0.038604736328125,107.71722857514396
1.0,5080,0.01131270905752036,0.03875732421875,108.11689850594848
1.0,5100,0.011244306714621613,0.038909912109375,108.51674244599417
1.0,5120,0.011176334321307334,0.0390625,108.92665070202202
1.0,5140,0.011108788494426267,0.039215087890625,109.37539339391515
1.0,5160,0.011041665904889326,0.03936767578125,109.82398314680904
1.0,5180,0.010974963275923788,0.039520263671875,110.27479902794585
1.0,5200,0.010908677381387486,0.0396728515625,110.72430931497365
1.0,5220,0.01084280504415209,0.039825439453125,111.18449686979875
1.0,5240,0.010777343134556352,0.03997802734375,111.63930614711717
1.0,5260,0.010712288568917044,0.040130615234375,112.09198991395533
1.0,5280,0.01064763830810455,0.040283203125,112.54622926888987
1.0,5300,0.010583389356171464,0.040435791015625,113.00399697991088
1.0,5320,0.01051953875904131,0.04058837890625,113.42429417697713
1.0,5340,0.010456083603243467,0.040740966796875,113.83241753000766
1.0,5360,0.010393021014704785,0.0408935546875,114.23853505915031
1.0,5380,0.010330348157588314,0.041046142578125,114.64725129678845
1.0,5400,0.010268062233171355,0.04119873046875,115.05473809596151
1.0,5420,0.01020616047878038,0.041351318359375,115.4621890061535
1.0,5440,0.010144640166759344,0.04150390625,115.867166148033
1.0,5460,0.010083498603477344,0.041656494140625,116.27624402288347
1.0,5480,0.010022733128384134,0.04180908203125,116.68988548684865
1.0,5500,0.009962341113095845,0.041961669921875,117.10590740107
1.0,5520,0.009902319960516772,0.0421142578125,117.51417908910662
1.0,5540,0.009842667104000623,0.042266845703125,117.92154708504677
1.0,5560,0.009783380006537614,0.04241943359375,118.3294019298628
1.0,5580,0.009724456159977054,0.042572021484375,118.73691578675061
1.0,5600,0.009665893084283105,0.042724609375,119.14443785510957
1.0,5620,0.009607688326809596,0.042877197265625,119.55117136985064
1.0,5640,0.009549839461613512,0.04302978515625,119.9590127770789
1.0,5660,0.009492344088788872,0.043182373046875,120.36963608395308
1.0,5680,0.009435199833826041,0.0433349609375,120.77517973491922
1.0,5700,0.009378404346997047,0.043487548828125,121.19190793903545
1.0,5720,0.009321955302764105,0.04364013671875,121.60998502606526
1.0,5740,0.009265850399209258,0.043792724609375,122.0282248170115
1.0,5760,0.009210087357489521,0.0439453125,122.44216547207907
1.0,5780,0.00915466392130165,0.044097900390625,122.85556393209845
1.0,5800,0.0090995778563819,0.04425048828125,123.25508964480832
1.0,5820,0.009044826950012155,0.044403076171875,123.65757022704929
1.0,5840,0.008990409010551205,0.0445556640625,124.05523072788492
1.0,5860,0.008936321866978254,0.044708251953125,124.45703036477789
1.0,5880,0.008882563368459386,0.04486083984375,124.85816797195002
1.0,5900,0.008829131383921206,0.045013427734375,125.26179396780208
1.0,5920,0.008776023801647733,0.045166015625,125.66209235182032
1.0,5940,0.008723238528888413,0.045318603515625,126.06992759974673
1.0,5960,0.008670773491479817,0.04547119140625,126.48661313578486
1.0,5980,0.008618626633482585,0.045623779296875,126.9061274281703
1.0,6000,0.008566795916827769,0.0457763671875,127.3223081799224
1.0,6020,0.008515279320979717,0.045928955078125,127.73559934319928
1.0,6040,0.008464074842607996,0.04608154296875,128.15519020985812
1.0,6060,0.008413180495270695,0.046234130859375,128.58149697212502
1.0,6080,0.008362594309111807,0.04638671875,128.9969889181666
1.0,6100,0.008312314330564207,0.046539306640625,129.40213711513206
1.0,6120,0.008262338622064847,0.04669189453125,129.80574545590207
1.0,6140,0.008212665261782067,0.046844482421875,130.222944538109
1.0,6160,0.008163292343347821,0.0469970703125,130.64341959916055
1.0,6180,0.008114217975601542,0.047149658203125,131.06699340697378
1.0,6200,0.008065440282339065,0.04730224609375,131.4819148001261
1.0,6220,0.00801695740207624,0.047454833984375,131.9047691291198
1.0,6240,0.007968767487812563,0.047607421875,132.32110701687634
1.0,6260,0.00792086870681028,0.047760009765625,132.73031473113224
1.0,6280,0.007873259240369405,0.04791259765625,133.13770510815084
1.0,6300,0.007825937283624412,0.048065185546875,133.5425423271954
1.0,6320,0.007778901045334332,0.0482177734375,133.95104633411393
1.0,6340,0.007732148747685384,0.048370361328125,134.3641557567753
1.0,6360,0.0076856786261013275,0.04852294921875,134.7767091859132
1.0,6380,0.007639488929055439,0.048675537109375,135.19194141589105
1.0,6400,0.007593577917886873,0.048828125,135.60633787699044
1.0,6420,0.007547943866631762,0.048980712890625,136.01722075091675
1.0,6440,0.007502585061848996,0.04913330078125,136.42656974913552
1.0,6460,0.007457499802454134,0.049285888671875,136.8452060339041
1.0,6480,0.007412686399561005,0.0494384765625,137.26630321983248
1.0,6500,0.007368143176326207,0.049591064453125,137.68755616014823
1.0,6520,0.007323868467796263,0.04974365234375,138.0971405110322
1.0,6540,0.0072798606207606685,0.049896240234375,138.50946282316
1.0,6560,0.007236117993609569,0.050048828125,138.920238699764
1.0,6580,0.007192638956194532,0.050201416015625,139.33307239506394
1.0,6600,0.007149421889692012,0.05035400390625,139.7456163810566
1.0,6620,0.007106465186471648,0.050506591796875,140.1558199529536
1.0,6640,0.007063767249968576,0.0506591796875,140.56219410290942
1.0,6660,0.0070213264945582325,0.050811767578125,140.96503350883722
1.0,6680,0.006979141345434819,0.05096435546875,141.36811480578035
1.0,6700,0.006937210238490381,0.051116943359375,141.77184613607824
1.0,6720,0.006895531620202679,0.05126953125,142.17716983379796
1.0,6740,0.006854103947518714,0.051422119140625,142.5836125188507
1.0,6760,0.006812925687745492,0.05157470703125,142.98975305911154
1.0,6780,0.006771995318445015,0.051727294921875,143.3972727637738
1.0,6800,0.006731311327324436,0.0518798828125,143.79810135578737
1.0,6820,0.006690872212138825,0.052032470703125,144.20045594498515
1.0,6840,0.006650676480586421,0.05218505859375,144.6039253459312
1.0,6860,0.006610722650213463,0.052337646484375,145.00561802601442
1.0,6880,0.00657100924831629,0.052490234375,145.40462076105177
1.0,6900,0.00653153481184999,0.052642822265625,145.8056179448031
1.0,6920,0.00649229788733554,0.05279541015625,146.20552403992042
1.0,6940,0.006453297030769749,0.052947998046875,146.60562233999372
1.0,6960,0.0064145308075366095,0.0531005859375,147.0073914551176
1.0,6980,0.006375997792327312,0.053253173828125,147.4117822209373
1.0,7000,0.006337696569043986,0.05340576171875,147.8119066967629
1.0,7020,0.006299625730731327,0.053558349609375,148.21275483584031
1.0,7040,0.006261783879485182,0.0537109375,148.6122445599176
1.0,7060,0.00622416962637619,0.053863525390625,149.01507283980027
1.0,7080,0.0061867815913761335,0.05401611328125,149.4170016841963
1.0,7100,0.006149618403274713,0.054168701171875,149.8188771349378
1.0,7120,0.006112678699607843,0.0543212890625,150.2173200608231
1.0,7140,0.006075961126586886,0.054473876953125,150.61858368106186
1.0,7160,0.006039464339021178,0.05462646484375,151.0202522277832
1.0,7180,0.006003187000249874,0.054779052734375,151.42352931387722
1.0,7200,0.005967127782072166,0.054931640625,151.82373608276248
1.0,7220,0.005931285364679729,0.055084228515625,152.2269983990118
1.0,7240,0.005895658436583943,0.05523681640625,152.62680231407285
1.0,7260,0.005860245694556154,0.055389404296875,153.03207105584443
1.0,7280,0.005825045843561908,0.0555419921875,153.4387577958405
1.0,7300,0.005790057596689312,0.055694580078125,153.85101076308638
1.0,7320,0.005755279675095752,0.05584716796875,154.26625936478376
1.0,7340,0.005720710807938395,0.055999755859375,154.6832827948965
1.0,7360,0.005686349732316571,0.05615234375,155.0984092191793
1.0,7380,0.0056521951932113155,0.056304931640625,155.5156181929633
1.0,7400,0.0056182459434236075,0.05645751953125,155.9378120158799
1.0,7420,0.005584500743517934,0.056610107421875,156.36168207088485
1.0,7440,0.005550958361763313,0.0567626953125,156.77687934180722
1.0,7460,0.005517617574077378,0.056915283203125,157.19710204703733
1.0,7480,0.00548447716396975,0.05706787109375,157.61873176507652
1.0,7500,0.005451535922485674,0.057220458984375,158.02851525880396
1.0,7520,0.005418792648152686,0.057373046875,158.43398873275146
1.0,7540,0.005386246146926666,0.057525634765625,158.85148047609255
1.0,7560,0.00535389523213618,0.05767822265625,159.2677069711499
1.0,7580,0.005321738724434562,0.057830810546875,159.68610953679308
1.0,7600,0.005289775451743008,0.0579833984375,160.10370877804235
1.0,7620,0.005258004249202621,0.058135986328125,160.51564848516136
1.0,7640,0.005226423959121358,0.05828857421875,160.93320205295458
1.0,7660,0.005195033430927196,0.058441162109375,161.36376500176266
1.0,7680,0.00516383152111478,0.05859375,161.78630793374032
1.0,7700,0.00513281709319961,0.058746337890625,162.19697298901156
1.0,7720,0.005101989017666706,0.05889892578125,162.61215480882674
1.0,7740,0.005071346171928495,0.059051513671875,163.0254828929901
1.0,7760,0.005040887440269881,0.0592041015625,163.43585562705994
1.0,7780,0.005010611713807259,0.059356689453125,163.84547109995037
1.0,7800,0.004980517890439268,0.05950927734375,164.249898546841
1.0,7820,0.0049506048748045334,0.059661865234375,164.6526469970122
1.0,7840,0.004920871578229892,0.059814453125,165.0575461210683
1.0,7860,0.004891316918693739,0.059967041015625,165.46427384810522
1.0,7880,0.004861939820775476,0.06011962890625,165.86699184589088
1.0,7900,0.004832739215614516,0.060272216796875,166.27200110210106
1.0,7920,0.004803714040865382,0.0604248046875,166.67608826095238
1.0,7940,0.004774863240657051,0.060577392578125,167.0796704571694
1.0,7960,0.0047461857655474275,0.06072998046875,167.48080292716622
1.0,7980,0.00471768057248257,0.060882568359375,167.88453499879688
1.0,8000,0.004689346624754921,0.06103515625,168.28656905703247
1.0,8020,0.004661182891963649,0.061187744140625,168.68875325191766
1.0,8040,0.004633188349967097,0.06134033203125,169.09353575715795
1.0,8060,0.0046053619808518196,0.061492919921875,169.49879168206826
1.0,8080,0.004577702772884509,0.0616455078125,169.89913058187813
1.0,8100,0.004550209720475834,0.061798095703125,170.30313837202266
1.0,8120,0.004522881824138564,0.06195068359375,170.70330455480143
1.0,8140,0.004495718090451515,0.062103271484375,171.10827276390046
1.0,8160,0.00446871753201788,0.062255859375,171.50947922607884
1.0,8180,0.004441879167428406,0.062408447265625,171.9124741149135
1.0,8200,0.004415202021221092,0.06256103515625,172.31163283390924
1.0,8220,0.004388685123845868,0.062713623046875,172.71174573292956
1.0,8240,0.004362327511624191,0.0628662109375,173.11144943116233
1.0,8260,0.004336128226716331,0.063018798828125,173.51204771688208
1.0,8280,0.004310086317077617,0.06317138671875,173.91420726897195
1.0,8300,0.004284200836429016,0.063323974609375,174.31533983908594
1.0,8320,0.004258470844214426,0.0634765625,174.71398734580725
1.0,8340,0.004232895405570511,0.063629150390625,175.11648079613224
1.0,8360,0.00420747359128559,0.06378173828125,175.51776969106868
1.0,8380,0.004182204477767154,0.063934326171875,175.92265114095062
1.0,8400,0.004157087147006599,0.0640869140625,176.33441038895398
1.0,8420,0.004132120686542465,0.064239501953125,176.7502292948775
1.0,8440,0.004107304189427387,0.06439208984375,177.16463786177337
1.0,8460,0.004082636754194528,0.064544677734375,177.58103321911767
1.0,8480,0.004058117484819191,0.064697265625,177.99871327076107
1.0,8500,0.004033745490689861,0.064849853515625,178.42004152480513
1.0,8520,0.004009519886571692,0.06500244140625,178.8370492728427
1.0,8540,0.003985439792574536,0.065155029296875,179.2546049337834
1.0,8560,0.003961504334117819,0.0653076171875,179.66768008982763
1.0,8580,0.0039377126419007785,0.065460205078125,180.08729617204517
1.0,8600,0.003914063851864543,0.06561279296875,180.48976772092283
1.0,8620,0.003890557105167588,0.065765380859375,180.89511265791953
1.0,8640,0.0038671915481454876,0.06591796875,181.29526209784672
1.0,8660,0.0038439663322825195,0.066070556640625,181.701782269869
1.0,8680,0.003820880614181389,0.06622314453125,182.1081462567672
1.0,8700,0.0037979335555299253,0.066375732421875,182.51745946519077
1.0,8720,0.003775124323068782,0.0665283203125,182.92288109706715
1.0,8740,0.0037524520885618678,0.066680908203125,183.3355141459033
1.0,8760,0.0037299160287652838,0.06683349609375,183.74112218385562
1.0,8780,0.0037075153253971664,0.066986083984375,184.14787628687918
1.0,8800,0.00368524916510407,0.067138671875,184.5512482537888
1.0,8820,0.0036631167394368504,0.067291259765625,184.96198367606848
1.0,8840,0.0036411172448139665,0.06744384765625,185.36566553777084
1.0,8860,0.00361924988249526,0.067596435546875,185.7768656378612
1.0,8880,0.003597513858553093,0.0677490234375,186.18216607393697
1.0,8900,0.0035759083838405167,0.067901611328125,186.59188220603392
1.0,8920,0.003554432673961687,0.06805419921875,186.9964019288309
1.0,8940,0.003533085949246524,0.068206787109375,187.42107524815947
1.0,8960,0.0035118674347183083,0.068359375,187.86071693897247
1.0,8980,0.0034907763600678745,0.068511962890625,188.27071806183085
1.0,9000,0.003469811959620365,0.06866455078125,188.71202010381967
1.0,9020,0.0034489734723129354,0.068817138671875,189.16908868402243
1.0,9040,0.0034282601416625864,0.0689697265625,189.6145054991357
1.0,9060,0.0034076712157402453,0.069122314453125,190.07288045389578
1.0,9080,0.003387205947141791,0.06927490234375,190.51321657793596
1.0,9100,0.0033668635929607832,0.069427490234375,190.96533786179498
1.0,9120,0.0033466434147625063,0.069580078125,191.41505296109244
1.0,9140,0.0033265446785548823,0.069732666015625,191.85460218507797
1.0,9160,0.0033065666547624703,0.06988525390625,192.27540616784245
1.0,9180,0.0032867086181988876,0.070037841796875,192.6862290399149
1.0,9200,0.0032669698480415005,0.0701904296875,193.09168071392924
1.0,9220,0.0032473496278034057,0.070343017578125,193.50215366575867
1.0,9240,0.0032278472453097984,0.07049560546875,193.9058738811873
1.0,9260,0.003208461992666054,0.070648193359375,194.3205237397924
1.0,9280,0.0031891931662397788,0.07080078125,194.73054864583537
1.0,9300,0.003170040066627541,0.070953369140625,195.14396184589714
1.0,9320,0.0031510019986344525,0.07110595703125,195.54840430384502
1.0,9340,0.0031320782712459553,0.071258544921875,195.95512803504243
1.0,9360,0.0031132681976020087,0.0714111328125,196.35640801675618
1.0,9380,0.003094571094976726,0.071563720703125,196.76087681110948
1.0,9400,0.003075986284746198,0.07171630859375,197.16119315009564
1.0,9420,0.003057513092368748,0.071868896484375,197.56764885317534
1.0,9440,0.003039150847358462,0.072021484375,197.97045577317476
1.0,9460,0.0030208988832617504,0.072174072265625,198.37533459998667
1.0,9480,0.0030027565376303357,0.07232666015625,198.77577350800857
1.0,9500,0.002984723152001048,0.072479248046875,199.18221762496978
1.0,9520,0.00296679807186821,0.0726318359375,199.6095297881402
1.0,9540,0.002948980646660967,0.072784423828125,200.06785739818588
1.0,9560,0.002931270229719864,0.07293701171875,200.52162959985435
1.0,9580,0.002913666178272923,0.073089599609375,200.97994495276362
1.0,9600,0.002896167853413132,0.0732421875,201.43629374494776
1.0,9620,0.002878774620072688,0.073394775390625,201.894313482102
1.0,9640,0.0028614858470014876,0.07354736328125,202.3504948229529
1.0,9660,0.0028443009067442705,0.073699951171875,202.80799145204946
1.0,9680,0.0028272191756177757,0.0738525390625,203.2659216960892
1.0,9700,0.002810240033686959,0.074005126953125,203.71422409405932
1.0,9720,0.002793362864742784,0.07415771484375,204.11593650095165
1.0,9740,0.0027765870562801134,0.074310302734375,204.5317365899682
1.0,9760,0.0027599119994745937,0.074462890625,204.94192861579359
1.0,9780,0.0027433370891624814,0.074615478515625,205.35122837498784
1.0,9800,0.0027268617238153446,0.07476806640625,205.75394918816164
1.0,9820,0.0027104853055215567,0.074920654296875,206.16779151791707
1.0,9840,0.00269420723996075,0.0750732421875,206.57940974179655
1.0,9860,0.002678026936387086,0.075225830078125,206.99027454201132
1.0,9880,0.002661943807600976,0.07537841796875,207.41329741291702
1.0,9900,0.002645957269935616,0.075531005859375,207.83356377808377
1.0,9920,0.002630066743229111,0.07568359375,208.24232588894665
1.0,9940,0.002614271650806928,0.075836181640625,208.64894468616694
1.0,9960,0.0025985714194592564,0.07598876953125,209.0521424538456
1.0,9980,0.0025829654794213563,0.076141357421875,209.45816905703396
1.0,10000,0.0025674532643515826,0.0762939453125,209.85599834984168
1.0,10020,0.002552034211312774,0.076446533203125,210.26772934896871
1.0,10040,0.00253670776074841,0.07659912109375,210.66757195815444
1.0,10060,0.0025214733564649277,0.076751708984375,211.06860701413825
1.0,10080,0.002506330445611224,0.076904296875,211.48071014508605
1.0,10100,0.0024912784786574947,0.077056884765625,211.90287424717098
1.0,10120,0.0024763169093774185,0.07720947265625,212.3251574221067
1.0,10140,0.0024614451948227266,0.077362060546875,212.73624335508794
1.0,10160,0.0024466627953126014,0.0775146484375,213.14968483475968
1.0,10180,0.0024319691744034417,0.077667236328125,213.57572279777378
1.0,10200,0.002417363798879231,0.07781982421875,213.99136353796348
1.0,10220,0.002402846138724592,0.077972412109375,214.41410718578845
1.0,10240,0.0023884156671105244,0.078125,214.8160089328885
1.0,10260,0.0023740718603720732,0.078277587890625,215.2199896457605
1.0,10280,0.002359814197989821,0.07843017578125,215.64047673391178
1.0,10300,0.0023456421625741453,0.078582763671875,216.0631983219646
1.0,10320,0.00233155523984085,0.0787353515625,216.4849578877911
1.0,10340,0.002317552918597141,0.078887939453125,216.9067597319372
1.0,10360,0.002303634690720788,0.07904052734375,217.32808313891292
1.0,10380,0.0022898000511436104,0.079193115234375,217.74011972779408
1.0,10400,0.0022760484978283538,0.079345703125,218.16022611316293
1.0,10420,0.0022623795317579603,0.079498291015625,218.56157887587324
1.0,10440,0.002248792656909458,0.07965087890625,218.96741611883044
1.0,10460,0.0022352873802430674,0.079803466796875,219.3753464478068
1.0,10480,0.0022218632116783993,0.0799560546875,219.7758590360172
1.0,10500,0.002208519664080678,0.080108642578125,220.18250874616206
1.0,10520,0.002195256253240976,0.08026123046875,220.5897780060768
1.0,10540,0.0021820724978591556,0.080413818359375,220.9984640129842
1.0,10560,0.0021689679195258283,0.08056640625,221.40795026905835
1.0,10580,0.002155942042707614,0.080718994140625,221.8167030471377
1.0,10600,0.0021429943947247226,0.08087158203125,222.2204233421944
1.0,10620,0.002130124505739246,0.081024169921875,222.62706509092823
1.0,10640,0.0021173319087344567,0.0811767578125,223.02956192474812
1.0,10660,0.0021046161395002075,0.081329345703125,223.4391619679518
1.0,10680,0.0020919767366143344,0.08148193359375,223.8441736069508
1.0,10700,0.0020794132414250566,0.081634521484375,224.2522493149154
1.0,10720,0.002066925198037168,0.081787109375,224.65783417178318
1.0,10740,0.002054512153295525,0.081939697265625,225.06380985490978
1.0,10760,0.002042173656763504,0.08209228515625,225.46948156086728
1.0,10780,0.002029909260712451,0.082244873046875,225.87697702180594
1.0,10800,0.0020177185201038068,0.0823974609375,226.28139698784798
1.0,10820,0.002005600992569831,0.082550048828125,226.68604228412732
1.0,10840,0.001993556238403159,0.08270263671875,227.08665279811248
1.0,10860,0.001981583820534529,0.082855224609375,227.49107794091105
1.0,10880,0.001969683304522088,0.0830078125,227.89474899880588
1.0,10900,0.0019578542585336023,0.083160400390625,228.30154572008178
1.0,10920,0.0019460962533297747,0.08331298828125,228.70747009292245
1.0,10940,0.0019344088622492816,0.083465576171875,229.1160404807888
1.0,10960,0.001922791661195167,0.0836181640625,229.51842963695526
1.0,10980,0.0019112442286184743,0.083770751953125,229.92540699709207
1.0,11000,0.0018997661454983532,0.08392333984375,230.32975538494065
1.0,11020,0.0018883569953360825,0.084075927734375,230.73637611418962
1.0,11040,0.0018770163641298452,0.084228515625,231.14229283714667
1.0,11060,0.0018657438403683962,0.084381103515625,231.55088046891615
1.0,11080,0.0018545390150096507,0.08453369140625,231.95755429100245
1.0,11100,0.0018434014814712723,0.084686279296875,232.36607670318335
1.0,11120,0.0018323308356100155,0.0848388671875,232.77026279782876
1.0,11140,0.0018213266757105542,0.084991455078125,233.17781814094633
1.0,11160,0.0018103886024728737,0.08514404296875,233.58246335713193
1.0,11180,0.00179951621899358,0.085296630859375,233.99087842181325
1.0,11200,0.00178870913075344,0.08544921875,234.3973774141632
1.0,11220,0.0017779669456025509,0.085601806640625,234.80497331311926
1.0,11240,0.0017672892737477216,0.08575439453125,235.20697855204344
1.0,11260,0.0017566757277355345,0.085906982421875,235.61202121386304
1.0,11280,0.0017461259224407263,0.0860595703125,236.01420342596248
1.0,11300,0.001735639475051266,0.086212158203125,236.42248542793095
1.0,11320,0.0017252160050525637,0.08636474609375,236.82824702793732
1.0,11340,0.0017148551342189196,0.086517333984375,237.23562341509387
1.0,11360,0.0017045564865935997,0.086669921875,237.63893411681056
1.0,11380,0.00169431968847863,0.086822509765625,238.04547780100256
1.0,11400,0.0016841443684220475,0.08697509765625,238.44794976199046
1.0,11420,0.0016740301572004913,0.087127685546875,238.85355632798746
1.0,11440,0.0016639766878110704,0.0872802734375,239.2604671260342
1.0,11460,0.001653983595453365,0.087432861328125,239.66860366798937
1.0,11480,0.0016440505175163032,0.08758544921875,240.0724231689237
1.0,11500,0.001634177093571648,0.087738037109375,240.4797216099687
1.0,11520,0.0016243629653515806,0.087890625,240.88416696107015
1.0,11540,0.0016146077767427822,0.088043212890625,241.29059953195974
1.0,11560,0.0016049111737684778,0.08819580078125,241.69924987014383
1.0,11580,0.0015952728045792784,0.088348388671875,242.10782525502145
1.0,11600,0.0015856923194410761,0.0885009765625,242.51171868806705
1.0,11620,0.0015761693707162794,0.088653564453125,242.91918987594545
1.0,11640,0.0015667036128585513,0.08880615234375,243.31990141794086
1.0,11660,0.0015572947023938107,0.088958740234375,243.7235500239767
1.0,11680,0.0015479422979147793,0.089111328125,244.12625113874674
1.0,11700,0.0015386460600624139,0.089263916015625,244.53450335003436
1.0,11720,0.0015294056515161804,0.08941650390625,244.93987152911723
1.0,11740,0.0015202207369807595,0.089569091796875,245.347691826988
1.0,11760,0.0015110909831763048,0.0897216796875,245.7507726228796
1.0,11780,0.00150201605882413,0.089874267578125,246.15819044783711
1.0,11800,0.0014929956346345333,0.09002685546875,246.56110217189416
1.0,11820,0.0014840293832960175,0.090179443359375,246.9680589940399
1.0,11840,0.0014751169794638285,0.09033203125,247.37165299477056
1.0,11860,0.0014662580997448554,0.090484619140625,247.77767920820042
1.0,11880,0.0014574524226913614,0.09063720703125,248.18143094703555
1.0,11900,0.0014486996287842136,0.090789794921875,248.58993268013
1.0,11920,0.0014399994004235066,0.0909423828125,248.99236942175776
1.0,11940,0.0014313514219173825,0.091094970703125,249.40270441398025
1.0,11960,0.0014227553794702692,0.09124755859375,249.8070973730646
1.0,11980,0.00141421096117031,0.091400146484375,250.21478371601552
1.0,12000,0.0014057178569792045,0.091552734375,250.6168282800354
1.0,12020,0.0013972757587227996,0.091705322265625,251.02465610718355
1.0,12040,0.0013888843600746276,0.09185791015625,251.42830016789958
1.0,12060,0.0013805433565498943,0.092010498046875,251.83766864193603
1.0,12080,0.0013722524454922553,0.0921630859375,252.236455950886
1.0,12100,0.0013640113260624356,0.092315673828125,252.6407084967941
1.0,12120,0.0013558196992300535,0.09246826171875,253.04004073515534
1.0,12140,0.0013476772677571604,0.092620849609375,253.4487545788288
1.0,12160,0.0013395837361945538,0.0927734375,253.84964352520183
1.0,12180,0.0013315388108663486,0.092926025390625,254.25571070378646
1.0,12200,0.0013235421998582968,0.09307861328125,254.65963023295626
1.0,12220,0.001315593613012896,0.093231201171875,255.06758700776845
1.0,12240,0.001307692761913474,0.0933837890625,255.46905168518424
1.0,12260,0.001299839359874424,0.093536376953125,255.8771664169617
1.0,12280,0.0012920331219351724,0.09368896484375,256.2806370090693
1.0,12300,0.001284273764843394,0.093841552734375,256.6869071768597
1.0,12320,0.0012765610070486215,0.093994140625,257.08856054302305
1.0,12340,0.0012688945686929437,0.094146728515625,257.4966313941404
1.0,12360,0.0012612741715982965,0.09429931640625,257.89995031803846
1.0,12380,0.0012536995392581317,0.094451904296875,258.3056184188463
1.0,12400,0.0012461703968243136,0.0946044921875,258.70998193789274
1.0,12420,0.0012386864711006248,0.094757080078125,259.1165353851393
1.0,12440,0.001231247490532443,0.09490966796875,259.5184656009078
1.0,12460,0.0012238531851971194,0.095062255859375,259.9288794011809
1.0,12480,0.0012165032867885136,0.09521484375,260.33603609679267
1.0,12500,0.0012091975286172077,0.095367431640625,260.7462764191441
1.0,12520,0.001201935645592579,0.09552001953125,261.1510991891846
1.0,12540,0.0011947173742153454,0.095672607421875,261.55887678684667
1.0,12560,0.001187542452571816,0.0958251953125,261.9596780631691
1.0,12580,0.0011804106203189798,0.095977783203125,262.3686407590285
1.0,12600,0.001173321618677532,0.09613037109375,262.774916484952
1.0,12620,0.001166275190423772,0.096282958984375,263.1853396780789
1.0,12640,0.0011592710798775082,0.096435546875,263.58876339579
1.0,12660,0.0011523090328945742,0.096588134765625,263.99567184085026
1.0,12680,0.0011453887968573635,0.09674072265625,264.40058618597686
1.0,12700,0.0011385101206641715,0.096893310546875,264.808064754121
1.0,12720,0.0011316727547235725,0.0970458984375,265.21369885792956
1.0,12740,0.001124876450941827,0.097198486328125,265.6214258079417
1.0,12760,0.0011181209627146949,0.09735107421875,266.02466684393585
1.0,12780,0.0011114060449198822,0.097503662109375,266.43251856509596
1.0,12800,0.0011047314539075633,0.09765625,266.83812803495675
1.0,12820,0.0010980969474894912,0.097808837890625,267.24687079992145
1.0,12840,0.0010915022849353982,0.09796142578125,267.6499982010573
1.0,12860,0.0010849472269560563,0.098114013671875,268.0605417890474
1.0,12880,0.0010784315357029767,0.0982666015625,268.46519092004746
1.0,12900,0.0010719549747552843,0.098419189453125,268.87188992695883
1.0,12920,0.0010655173091114658,0.09857177734375,269.2805646089837
1.0,12940,0.0010591183051806786,0.098724365234375,269.68629986187443
1.0,12960,0.0010527577307777472,0.098876953125,270.0901071559638
1.0,12980,0.0010464353551085481,0.099029541015625,270.4985037758015
1.0,13000,0.0010401509487673417,0.09918212890625,270.9014452509582
1.0,13020,0.001033904283725354,0.099334716796875,271.30849700281397
1.0,13040,0.0010276951333231211,0.0994873046875,271.7128819511272
1.0,13060,0.0010215232722636078,0.099639892578125,272.12069096276537
1.0,13080,0.001015388476600491,0.09979248046875,272.5232780808583
1.0,13100,0.0010092905237353636,0.099945068359375,272.9312185640447
1.0,13120,0.0010032291924041534,0.10009765625,273.33420530101284
1.0,13140,0.0009972042626735958,0.100250244140625,273.7399152601138
1.0,13160,0.0009912155159288122,0.10040283203125,274.14510753704235
1.0,13180,0.0009852627348714996,0.100555419921875,274.55543940514326
1.0,13200,0.000979345703505791,0.1007080078125,274.9594529629685
1.0,13220,0.0009734642071325316,0.100860595703125,275.3679574597627
1.0,13240,0.0009676180323441554,0.10101318359375,275.7742924168706
1.0,13260,0.0009618069670133729,0.101165771484375,276.1829977100715
1.0,13280,0.0009560308002866837,0.101318359375,276.5877363937907
1.0,13300,0.00095028932257836,0.101470947265625,276.996852691751
1.0,13320,0.0009445823255595328,0.10162353515625,277.40342283202335
1.0,13340,0.0009389096021538191,0.101776123046875,277.8140144869685
1.0,13360,0.0009332709465275815,0.1019287109375,278.2189223128371
1.0,13380,0.000927666154085383,0.102081298828125,278.6286640400067
1.0,13400,0.0009220950214571509,0.10223388671875,279.035443988163
1.0,13420,0.0009165573464960387,0.102386474609375,279.4442132487893
1.0,13440,0.0009110529282703871,0.1025390625,279.8478547860868
1.0,13460,0.000905581567054259,0.102691650390625,280.25741249974817
1.0,13480,0.0009001430643196466,0.10284423828125,280.66385977203026
1.0,13500,0.0008947372227336152,0.102996826171875,281.0724571570754
1.0,13520,0.0008893638461456848,0.1031494140625,281.47800133703277
1.0,13540,0.0008840227395870377,0.103302001953125,281.88722139783204
1.0,13560,0.0008787137092550688,0.10345458984375,282.2927237111144
1.0,13580,0.0008734365625139699,0.103607177734375,282.7003791318275
1.0,13600,0.0008681911078848132,0.103759765625,283.10644573997706
1.0,13620,0.0008629771550383159,0.103912353515625,283.5140502010472
1.0,13640,0.0008577945147882207,0.10406494140625,283.9181612129323
1.0,13660,0.0008526429990835088,0.104217529296875,284.32488719699904
1.0,13680,0.0008475224210037755,0.1043701171875,284.7320415498689
1.0,13700,0.0008424325947513332,0.104522705078125,285.1395167829469
1.0,13720,0.000837373335643854,0.10467529296875,285.5448668668978
1.0,13740,0.0008323444601067891,0.104827880859375,285.95181000977755
1.0,13760,0.0008273457856709167,0.10498046875,286.35776763781905
1.0,13780,0.0008223771309604586,0.105133056640625,286.76582094607875
1.0,13800,0.0008174383156910816,0.10528564453125,287.1709302691743
1.0,13820,0.0008125291606571876,0.105438232421875,287.57605782710016
1.0,13840,0.0008076494877351421,0.1055908203125,287.98042588308454
1.0,13860,0.0008027991198672297,0.105743408203125,288.3889389219694
1.0,13880,0.0007979778810583016,0.10589599609375,288.79436956578866
1.0,13900,0.0007931855963740273,0.106048583984375,289.2019031201489
1.0,13920,0.0007884220919271034,0.106201171875,289.60945791285485
1.0,13940,0.0007836871948775052,0.106353759765625,290.0165785988793
1.0,13960,0.0007789807334189533,0.10650634765625,290.419727539178
1.0,13980,0.0007743025367813139,0.106658935546875,290.83187071513385
1.0,14000,0.0007696524352187383,0.1068115234375,291.2370930039324
1.0,14020,0.000765030260003041,0.106964111328125,291.6437402898446
1.0,14040,0.0007604358434218716,0.10711669921875,292.0491168801673
1.0,14060,0.0007558690187688779,0.107269287109375,292.45817644009367
1.0,14080,0.0007513296203384713,0.107421875,292.8644113591872
1.0,14100,0.0007468174834210063,0.107574462890625,293.2744976198301
1.0,14120,0.0007423324442960983,0.10772705078125,293.68516814289615
1.0,14140,0.000737874340225664,0.107879638671875,294.10959813697264
1.0,14160,0.0007334430094501546,0.1080322265625,294.51954034902155
1.0,14180,0.000729038291180966,0.108184814453125,294.92955890577286
1.0,14200,0.0007246600255945624,0.10833740234375,295.33980053989217
1.0,14220,0.0007203080538275335,0.108489990234375,295.762729041744
1.0,14240,0.000715982217972569,0.108642578125,296.1720874318853
1.0,14260,0.0007116823610666294,0.108795166015625,296.58437780989334
1.0,14280,0.0007074083270929103,0.10894775390625,296.9821925428696
1.0,14300,0.0007031599609699307,0.109100341796875,297.3877563797869
1.0,14320,0.0006989371085474211,0.1092529296875,297.78811252396554
1.0,14340,0.0006947396166033182,0.109405517578125,298.1937900981866
1.0,14360,0.0006905673328317263,0.10955810546875,298.5966815450229
1.0,14380,0.0006864201058448513,0.109710693359375,299.0005131531507
1.0,14400,0.000682297785161768,0.10986328125,299.40187123278156
1.0,14420,0.0006782002212066304,0.110015869140625,299.8029915271327
1.0,14440,0.0006741272653026283,0.11016845703125,300.2038831957616
1.0,14460,0.0006700787696634681,0.110321044921875,300.604511233978
1.0,14480,0.0006660545873919617,0.1104736328125,301.0019990769215
1.0,14500,0.0006620545724728142,0.110626220703125,301.4012899468653
1.0,14520,0.0006580785797689722,0.11077880859375,301.8020826410502
1.0,14540,0.0006541264650113694,0.110931396484375,302.2051131390035
1.0,14560,0.0006501980848019006,0.111083984375,302.6043765707873
1.0,14580,0.0006462932966006817,0.111236572265625,303.00513368612155
1.0,14600,0.0006424119587243658,0.11138916015625,303.40415436495095
1.0,14620,0.0006385539303417098,0.111541748046875,303.8031913568266
1.0,14640,0.0006347190714652955,0.1116943359375,304.20073572779074
1.0,14660,0.0006309072429500961,0.111846923828125,304.6039447109215
1.0,14680,0.00062711830648673,0.11199951171875,305.0013799229637
1.0,14700,0.0006233521245940762,0.112152099609375,305.40477429982275
1.0,14720,0.0006196085606201288,0.1123046875,305.8030385300517
1.0,14740,0.0006158874787319232,0.112457275390625,306.20360160805285
1.0,14760,0.0006121887439108429,0.11260986328125,306.6025926670991
1.0,14780,0.0006085122219506376,0.112762451171875,307.0040864739567
1.0,14800,0.0006048577794526838,0.1129150390625,307.4055645777844
1.0,14820,0.0006012252838154218,0.113067626953125,307.8058623117395
1.0,14840,0.0005976146032368198,0.11322021484375,308.20700162183493
1.0,14860,0.0005940256067065319,0.113372802734375,308.62575997505337
1.0,14880,0.0005904581639986517,0.113525390625,309.03526145219803
1.0,14900,0.0005869121456720739,0.113677978515625,309.4530768590048
1.0,14920,0.0005833874230599887,0.11383056640625,309.8702478618361
1.0,14940,0.0005798838682710664,0.113983154296875,310.2900352589786
1.0,14960,0.0005764013541812532,0.1141357421875,310.7120488039218
1.0,14980,0.0005729397544283928,0.114288330078125,311.13480136403814
1.0,15000,0.0005694989434112098,0.11444091796875,311.5527145359665
1.0,15020,0.0005660787962831394,0.114593505859375,311.98969224700704
1.0,15040,0.0005626791889444686,0.11474609375,312.3983426350169
1.0,15060,0.000559299998043243,0.114898681640625,312.8015274051577
1.0,15080,0.000555941100967721,0.11505126953125,313.20595393981785
1.0,15100,0.0005526023758427762,0.115203857421875,313.6114314990118
1.0,15120,0.0005492837015243293,0.1153564453125,314.0135120321065
1.0,15140,0.0005459849575973627,0.115509033203125,314.4179758578539
1.0,15160,0.0005427060243682384,0.11566162109375,314.825969313737
1.0,15180,0.0005394467828630058,0.115814208984375,315.2334003960714
1.0,15200,0.0005362071148225731,0.115966796875,315.6387108359486
1.0,15220,0.0005329869026969383,0.116119384765625,316.04458764381707
1.0,15240,0.0005297860296433496,0.11627197265625,316.45119755808264
1.0,15260,0.000526604379520273,0.116424560546875,316.86101282574236
1.0,15280,0.0005234418368834226,0.1165771484375,317.26685111084953
1.0,15300,0.0005202982869827579,0.116729736328125,317.6731400950812
1.0,15320,0.000517173615754215,0.11688232421875,318.0777406399138
1.0,15340,0.0005140677098243197,0.117034912109375,318.4817638210952
1.0,15360,0.0005109804564957664,0.1171875,318.89619738282636
1.0,15380,0.00050791174374957,0.117340087890625,319.30601020809263
1.0,15400,0.0005048614602391714,0.11749267578125,319.7167832008563
1.0,15420,0.0005018294952885509,0.117645263671875,320.1458604899235
1.0,15440,0.0004988157388829434,0.1177978515625,320.5625727819279
1.0,15460,0.0004958200816713753,0.117950439453125,320.96852630516514
1.0,15480,0.0004928424149584534,0.11810302734375,321.387033612933
1.0,15500,0.0004898826307010366,0.118255615234375,321.8041168949567
1.0,15520,0.00048694062150637127,0.118408203125,322.22265293309465
1.0,15540,0.0004840162806244275,0.118560791015625,322.6356694190763
1.0,15560,0.0004811095019484034,0.11871337890625,323.0427029551938
1.0,15580,0.0004782201800065508,0.118865966796875,323.45863111084327
1.0,15600,0.0004753482099634031,0.1190185546875,323.88425298174843
1.0,15620,0.0004724934876107894,0.119171142578125,324.3014078428969
1.0,15640,0.00046965590936706985,0.11932373046875,324.71045240201056
1.0,15660,0.000466835372272853,0.119476318359375,325.11357059003785
1.0,15680,0.00046403177398540615,0.11962890625,325.5155802848749
1.0,15700,0.00046124501278053704,0.119781494140625,325.92091480782256
1.0,15720,0.0004584749875411933,0.11993408203125,326.3230033721775
1.0,15740,0.00045572159775866046,0.120086669921875,326.7283930401318
1.0,15760,0.000452984743528723,0.1202392578125,327.1312461839989
1.0,15780,0.0004502643255470086,0.120391845703125,327.53712872974575
1.0,15800,0.00044756024510313885,0.12054443359375,327.93838293710724
1.0,15820,0.0004448724040837662,0.120697021484375,328.3528273338452
1.0,15840,0.0004422007049611936,0.120849609375,328.7541242800653
1.0,15860,0.0004395450507944891,0.121002197265625,329.1599966417998
1.0,15880,0.0004369053452259685,0.12115478515625,329.5700191138312
1.0,15900,0.00043428149247508427,0.121307373046875,329.9965313291177
1.0,15920,0.0004316733973374849,0.1214599609375,330.4167962120846
1.0,15940,0.0004290809651799905,0.121612548828125,330.83951318310574
1.0,15960,0.0004265041019389393,0.12176513671875,331.26117968093604
1.0,15980,0.00042394271411314764,0.121917724609375,331.6801140657626
1.0,16000,0.00042139670876652555,0.1220703125,332.0901839840226
1.0,16020,0.00041886599351626387,0.122222900390625,332.4953030808829
1.0,16040,0.00041635047654027416,0.12237548828125,332.89565629977733
1.0,16060,0.00041385006656247667,0.122528076171875,333.29906191304326
1.0,16080,0.0004113646728588439,0.1226806640625,333.6978175989352
1.0,16100,0.0004088942052476415,0.122833251953125,334.09750675596297
1.0,16120,0.0004064385740901418,0.12298583984375,334.49432000285015
1.0,16140,0.0004039976902852557,0.123138427734375,334.8917746208608
1.0,16160,0.0004015714652679641,0.123291015625,335.29221531096846
1.0,16180,0.0003991598110041214,0.123443603515625,335.69347969209775
1.0,16200,0.00039676263998769955,0.12359619140625,336.09792748698965
1.0,16220,0.00039437986524009386,0.123748779296875,336.5148394140415
1.0,16240,0.00039201140030448324,0.1239013671875,336.9516272540204
1.0,16260,0.0003896571592413075,0.124053955078125,337.39285283116624
1.0,16280,0.0003873170566299919,0.12420654296875,337.8347237841226
1.0,16300,0.00038499100756046603,0.124359130859375,338.27900742180645
1.0,16320,0.0003826789276351375,0.12451171875,338.69713900377974
1.0,16340,0.000380380732960385,0.124664306640625,339.1131982090883
1.0,16360,0.0003780963401491108,0.12481689453125,339.53088424913585
1.0,16380,0.0003758256663137651,0.124969482421875,339.95090113114566
1.0,16400,0.0003735686290637814,0.1251220703125,340.3777614138089
1.0,16420,0.00037132514650494797,0.125274658203125,340.8010527440347
1.0,16440,0.00036909513723337804,0.12542724609375,341.2055666698143
1.0,16460,0.0003668785203357431,0.125579833984375,341.6193661908619
1.0,16480,0.000364675215382665,0.125732421875,342.0229680528864
1.0,16500,0.0003624851424303129,0.125885009765625,342.4421524121426
1.0,16520,0.0003603082220116093,0.12603759765625,342.85008853813633
1.0,16540,0.0003581443751409119,0.126190185546875,343.2589525990188
1.0,16560,0.00035599352330254234,0.1263427734375,343.6656685001217
1.0,16580,0.00035385558845606126,0.126495361328125,344.08153605181724
1.0,16600,0.00035173049302667653,0.12664794921875,344.4969278899953
1.0,16620,0.0003496181599079507,0.126800537109375,344.9137132829055
1.0,16640,0.0003475185124549963,0.126953125,345.3226227769628
1.0,16660,0.0003454314744831152,0.127105712890625,345.7353590670973
1.0,16680,0.0003433569702667974,0.12725830078125,346.1436726320535
1.0,16700,0.0003412949245338961,0.127410888671875,346.5568169141188
1.0,16720,0.00033924526246397217,0.1275634765625,346.9661407060921
1.0,16740,0.0003372079096880937,0.127716064453125,347.38581772102043
1.0,16760,0.00033518279228098946,0.12786865234375,347.8117218310945
1.0,16780,0.0003331698367625188,0.128021240234375,348.2676587868482
1.0,16800,0.00033116897009558525,0.128173828125,348.7396941171028
1.0,16820,0.0003291801196792988,0.128326416015625,349.2201390201226
1.0,16840,0.0003272032133492815,0.12847900390625,349.671100160107
1.0,16860,0.0003252381793764415,0.128631591796875,350.1285638930276
1.0,16880,0.00032328494646023843,0.1287841796875,350.5841176030226
1.0,16900,0.00032134344372835335,0.128936767578125,351.0310295810923
1.0,16920,0.00031941360073611786,0.12908935546875,351.4911566628143
1.0,16940,0.00031749534745966667,0.129241943359375,351.9675836758688
1.0,16960,0.00031558861429741426,0.12939453125,352.4158675088547
1.0,16980,0.00031369333206414374,0.129547119140625,352.8245825348422
1.0,17000,0.0003118094319918568,0.12969970703125,353.2489039399661
1.0,17020,0.00030993684572359356,0.129852294921875,353.67236424284056
1.0,17040,0.00030807550531497345,0.1300048828125,354.08938186382875
1.0,17060,0.00030622534322848776,0.130157470703125,354.50720015587285
1.0,17080,0.0003043862923320579,0.13031005859375,354.93367916485295
1.0,17100,0.0003025582858978841,0.130462646484375,355.3446471868083
1.0,17120,0.00030074125759695347,0.130615234375,355.7560814488679
1.0,17140,0.00029893514150139254,0.130767822265625,356.1575361220166
1.0,17160,0.0002971398720759889,0.13092041015625,356.5684848567471
1.0,17180,0.000295355384181117,0.131072998046875,356.98950098082423
1.0,17200,0.000293581613069143,0.1312255859375,357.4100198931992
1.0,17220,0.0002918184943793807,0.131378173828125,357.83227429911494
1.0,17240,0.0002900659641379291,0.13153076171875,358.2518555521965
1.0,17260,0.0002883239587560694,0.131683349609375,358.6743012308143
1.0,17280,0.0002865924150273178,0.1318359375,359.0895828078501
1.0,17300,0.0002848712701224215,0.131988525390625,359.49551264801994
1.0,17320,0.00028316046159176575,0.13214111328125,359.89806290576234
1.0,17340,0.00028145992736042095,0.132293701171875,360.3064481499605
1.0,17360,0.0002797696057248505,0.1324462890625,360.75036602513865
1.0,17380,0.0002780894353528699,0.132598876953125,361.2095783101395
1.0,17400,0.00027641935528229726,0.13275146484375,361.69789700908586
1.0,17420,0.0002747593049144992,0.132904052734375,362.1894143121317
1.0,17440,0.00027310922401623357,0.133056640625,362.68074107309803
1.0,17460,0.0002714690527150959,0.133209228515625,363.1766585907899
1.0,17480,0.00026983873149959565,0.13336181640625,363.66740072891116
1.0,17500,0.00026821820121271416,0.133514404296875,364.1287562879734
1.0,17520,0.00026660740305744623,0.1336669921875,364.5938684279099
1.0,17540,0.0002650062785856589,0.133819580078125,365.0855457307771
1.0,17560,0.00026341476970195995,0.13397216796875,365.52465491974726
1.0,17580,0.0002618328186604346,0.134124755859375,365.9555808380246
1.0,17600,0.00026026036806065254,0.13427734375,366.3818592419848
1.0,17620,0.0002586973608475376,0.134429931640625,366.8169467258267
1.0,17640,0.00025714374030872284,0.13458251953125,367.2438527918421
1.0,17660,0.0002555994500707075,0.134735107421875,367.6595564689487
1.0,17680,0.00025406443410341296,0.1348876953125,368.0709685208276
1.0,17700,0.00025253863670752466,0.135040283203125,368.48088024090976
1.0,17720,0.00025102200252107303,0.13519287109375,368.8873255797662
1.0,17740,0.00024951447651527,0.135345458984375,369.30516482004896
1.0,17760,0.00024801600398801634,0.135498046875,369.73467560391873
1.0,17780,0.00024652653057160944,0.135650634765625,370.1689767288044
1.0,17800,0.0002450460022203957,0.13580322265625,370.59940786706284
1.0,17820,0.00024357436521386963,0.135955810546875,371.03358350880444
1.0,17840,0.0002421115661556266,0.1361083984375,371.4628592100926
1.0,17860,0.00024065755196943248,0.136260986328125,371.8661448280327
1.0,17880,0.00023921226989647985,0.13641357421875,372.26589436782524
1.0,17900,0.00023777566749634882,0.136566162109375,372.66515930276364
1.0,17920,0.00023634769264390028,0.13671875,373.0634054080583
1.0,17940,0.00023492829352487812,0.136871337890625,373.46768304891884
1.0,17960,0.00023351741863765802,0.13702392578125,373.87736362218857
1.0,17980,0.00023211501679097448,0.137176513671875,374.28628242900595
1.0,18000,0.00023072103709806169,0.1373291015625,374.69447779096663
1.0,18020,0.00022933542898108592,0.137481689453125,375.1076641199179
1.0,18040,0.00022795814216304414,0.13763427734375,375.51614445401356
1.0,18060,0.00022658912667149433,0.137786865234375,375.9226697529666
1.0,18080,0.0002252283328314607,0.137939453125,376.3354013268836
1.0,18100,0.00022387571126832037,0.138092041015625,376.75015149405226
1.0,18120,0.00022253121290296258,0.13824462890625,377.1593232480809
1.0,18140,0.00022119478895106555,0.138397216796875,377.5686205038801
1.0,18160,0.0002198663909230279,0.1385498046875,377.977644585073
1.0,18180,0.00021854597061713864,0.138702392578125,378.3903068942018
1.0,18200,0.00021723348012403227,0.13885498046875,378.801697766874
1.0,18220,0.00021592887182107296,0.139007568359375,379.2167390328832
1.0,18240,0.00021463209837069763,0.13916015625,379.6324196890928
1.0,18260,0.00021334311272168182,0.139312744140625,380.04878430394456
1.0,18280,0.00021206186810314255,0.13946533203125,380.4598131789826
1.0,18300,0.00021078831802752624,0.139617919921875,380.87376786302775
1.0,18320,0.00020952241628287576,0.1397705078125,381.28401046805084
1.0,18340,0.0002082641169390266,0.139923095703125,381.68953377986327
1.0,18360,0.00020701337433871262,0.14007568359375,382.10145789477974
1.0,18380,0.00020577014309923375,0.140228271484375,382.507049550768
1.0,18400,0.00020453437811240486,0.140380859375,382.91274166479707
1.0,18420,0.00020330603453843593,0.140533447265625,383.3262078478001
1.0,18440,0.00020208506780711527,0.14068603515625,383.73295952705666
1.0,18460,0.0002008714336183482,0.140838623046875,384.1432167319581
1.0,18480,0.00019966508793583396,0.1409912109375,384.5490112071857
1.0,18500,0.00019846598698672655,0.141143798828125,384.9508893918246
1.0,18520,0.00019727408726486905,0.14129638671875,385.3610427440144
1.0,18540,0.00019608934552211568,0.141448974609375,385.7908203341067
1.0,18560,0.00019491171877123915,0.1416015625,386.205122185871
1.0,18580,0.00019374116428301288,0.141754150390625,386.62377202976495
1.0,18600,0.00019257763958418066,0.14190673828125,387.05008084513247
1.0,18620,0.00019142110245768477,0.142059326171875,387.4820218468085
1.0,18640,0.00019027151093943916,0.1422119140625,387.9030941389501
1.0,18660,0.00018912882331740462,0.142364501953125,388.31927629280835
1.0,18680,0.00018799299812968432,0.14251708984375,388.73728954279795
1.0,18700,0.0001868639941655461,0.142669677734375,389.14839810784906
1.0,18720,0.0001857417704574977,0.142822265625,389.5482265157625
1.0,18740,0.00018462628628738813,0.142974853515625,389.9572651581839
1.0,18760,0.00018351750118207624,0.14312744140625,390.3775551249273
1.0,18780,0.00018241537490844463,0.143280029296875,390.803142669145
1.0,18800,0.00018131986747759902,0.1434326171875,391.23103887494653
1.0,18820,0.00018023093914011992,0.143585205078125,391.6598639767617
1.0,18840,0.00017914855038489504,0.14373779296875,392.08904335601255
1.0,18860,0.0001780726619382704,0.143890380859375,392.5144468671642
1.0,18880,0.0001770032347609979,0.14404296875,392.9224957190454
1.0,18900,0.00017594023005273343,0.144195556640625,393.3338440330699
1.0,18920,0.0001748836092409938,0.14434814453125,393.7439730819315
1.0,18940,0.00017383333398787352,0.144500732421875,394.1577101070434
1.0,18960,0.00017278936618491062,0.1446533203125,394.57061771303415
1.0,18980,0.0001717516679533009,0.144805908203125,395.0031878990121
1.0,19000,0.00017072020163906752,0.14495849609375,395.4327327301726
1.0,19020,0.00016969492981835064,0.145111083984375,395.86708762776107
1.0,19040,0.0001686758152885967,0.145263671875,396.2949016308412
1.0,19060,0.00016766282107299492,0.145416259765625,396.70580281084403
1.0,19080,0.00016665591041483001,0.14556884765625,397.1318403738551
1.0,19100,0.0001656550467808137,0.145721435546875,397.5644594579935
1.0,19120,0.000164660193853781,0.1458740234375,397.99297468410805
1.0,19140,0.00016367131553597438,0.146026611328125,398.4273816039786
1.0,19160,0.00016268837594857855,0.14617919921875,398.85530890198424
1.0,19180,0.00016171133942592607,0.146331787109375,399.28417601203546
1.0,19200,0.00016074017051602882,0.146484375,399.69464868307114
1.0,19220,0.0001597748339807646,0.146636962890625,400.1069549531676
1.0,19240,0.00015881529479465196,0.14678955078125,400.51738992193714
1.0,19260,0.00015786151814206522,0.146942138671875,400.93398825777695
1.0,19280,0.0001569134694148805,0.1470947265625,401.3484342568554
1.0,19300,0.0001559711142131892,0.147247314453125,401.77716393815354
1.0,19320,0.0001550344183467154,0.14739990234375,402.2041653348133
1.0,19340,0.0001541033478258367,0.147552490234375,402.63539086375386
1.0,19360,0.00015317786886902095,0.147705078125,403.0626587867737
1.0,19380,0.00015225794789581456,0.147857666015625,403.46525757201016
1.0,19400,0.0001513435515263699,0.14801025390625,403.8663130761124
1.0,19420,0.00015043464658305396,0.148162841796875,404.2660008817911
1.0,19440,0.00014953120008812145,0.1483154296875,404.66251439694315
1.0,19460,0.00014863317925973256,0.148468017578125,405.06096482276917
1.0,19480,0.00014774055151428153,0.14862060546875,405.4579851939343
1.0,19500,0.0001468532844631325,0.148773193359375,405.85754035785794
1.0,19520,0.00014597134591334796,0.14892578125,406.2586182630621
1.0,19540,0.00014509470386335507,0.149078369140625,406.6609580218792
1.0,19560,0.00014422332650516998,0.14923095703125,407.0625023180619
1.0,19580,0.00014335718222243068,0.149383544921875,407.4638994918205
1.0,19600,0.0001424962395869849,0.1495361328125,407.8656674949452
1.0,19620,0.00014164046736127919,0.149688720703125,408.26771227875724
1.0,19640,0.00014078983449278374,0.14984130859375,408.66680243378505
1.0,19660,0.000139944310116771,0.149993896484375,409.0683738971129
1.0,19680,0.00013910386355685158,0.150146484375,409.4684206559323
1.0,19700,0.00013826846431494095,0.150299072265625,409.87022131402045
1.0,19720,0.0001374380820812031,0.15045166015625,410.270602021832
1.0,19740,0.00013661268672478038,0.150604248046875,410.6725558899343
1.0,19760,0.00013579224829763728,0.1507568359375,411.07046072697267
1.0,19780,0.00013497673703031116,0.150909423828125,411.4726635669358
1.0,19800,0.00013416612333317604,0.15106201171875,411.87118652276695
1.0,19820,0.0001333603777928729,0.151214599609375,412.2709884350188
1.0,19840,0.00013255947117441107,0.1513671875,412.6690345359966
1.0,19860,0.00013176337441740644,0.151519775390625,413.0683702179231
1.0,19880,0.00013097205863604134,0.15167236328125,413.4654991780408
1.0,19900,0.00013018549511740197,0.151824951171875,413.8664686148986
1.0,19920,0.0001294036553230585,0.1519775390625,414.2637578449212
1.0,19940,0.0001286265108827425,0.152130126953125,414.66410850174725
1.0,19960,0.0001278540336011043,0.15228271484375,415.06218039803207
1.0,19980,0.000127086195446386,0.152435302734375,415.460926129017
1.0,20000,0.00012632296856085712,0.152587890625,415.8584815459326
1.0,20020,0.00012556432524880756,0.152740478515625,416.2747256550938
1.0,20040,0.0001248102379858908,0.15289306640625,416.67711611278355
1.0,20060,0.00012406067940943494,0.153045654296875,417.081990043167
1.0,20080,0.00012331562232243006,0.1531982421875,417.48428921587765
1.0,20100,0.00012257503969150988,0.153350830078125,417.88793442817405
1.0,20120,0.00012183890464441692,0.15350341796875,418.2914077239111
1.0,20140,0.00012110719047124021,0.153656005859375,418.6997667821124
1.0,20160,0.00012037987062358278,0.15380859375,419.1003761738539
1.0,20180,0.00011965691871015458,0.153961181640625,419.5025037508458
1.0,20200,0.00011893830849940887,0.15411376953125,419.90231233276427
1.0,20220,0.0001182240139164083,0.154266357421875,420.3033527857624
1.0,20240,0.00011751400904458789,0.1544189453125,420.700548469089
1.0,20260,0.00011680826812262993,0.154571533203125,421.1056089149788
1.0,20280,0.00011610676554118114,0.15472412109375,421.50625945301726
1.0,20300,0.00011540947584802344,0.154876708984375,421.907938033808
1.0,20320,0.00011471637374298947,0.155029296875,422.30701563088223
1.0,20340,0.00011402743407761735,0.155181884765625,422.7095346157439
1.0,20360,0.00011334263185259863,0.15533447265625,423.1128340731375
1.0,20380,0.00011266194222182824,0.155487060546875,423.51381965214387
1.0,20400,0.00011198534048664869,0.1556396484375,423.91186360875145
1.0,20420,0.00011131280209732729,0.155792236328125,424.31701853498816
1.0,20440,0.00011064430265022318,0.15594482421875,424.7190196090378
1.0,20460,0.00010997981789160527,0.156097412109375,425.1228384687565
1.0,20480,0.00010931932370896453,0.15625,425.52461200999096
1.0,20500,0.0001086627961387598,0.156402587890625,425.93081635795534
1.0,20520,0.00010801021135796104,0.15655517578125,426.33535137213767
1.0,20540,0.00010736154568796296,0.156707763671875,426.7431087330915
1.0,20560,0.00010671677559308508,0.1568603515625,427.1444285409525
1.0,20580,0.00010607587767914395,0.157012939453125,427.5463065649383
1.0,20600,0.00010543882869025223,0.15716552734375,427.9483257839456
1.0,20620,0.00010480560551258514,0.157318115234375,428.3531169798225
1.0,20640,0.00010417618516939325,0.157470703125,428.7556999428198
1.0,20660,0.00010355054482333714,0.157623291015625,429.16266490519047
1.0,20680,0.00010292866177229769,0.15777587890625,429.5648566810414
1.0,20700,0.00010231051345372446,0.157928466796875,429.9703166061081
1.0,20720,0.00010169607743745832,0.1580810546875,430.3724916279316
1.0,20740,0.00010108533142950537,0.158233642578125,430.77851840201765
1.0,20760,0.00010047825326852781,0.15838623046875,431.18346741516143
1.0,20780,9.987482092788626e-05,0.158538818359375,431.5889385850169
1.0,20800,9.927501251331876e-05,0.15869140625,431.99051806982607
1.0,20820,9.867880626042116e-05,0.158843994140625,432.3956937440671
1.0,20840,9.808618053604883e-05,0.15899658203125,432.8000786821358
1.0,20860,9.749711383798078e-05,0.159149169921875,433.2056592130102
1.0,20880,9.691158479173536e-05,0.1593017578125,433.6117780129425
1.0,20900,9.632957215277129e-05,0.159454345703125,434.0178256048821
1.0,20920,9.575105480242308e-05,0.15960693359375,434.4232045891695
1.0,20940,9.517601174983672e-05,0.159759521484375,434.8305851421319
1.0,20960,9.460442213037691e-05,0.159912109375,435.23201779508963
1.0,20980,9.403626520358153e-05,0.160064697265625,435.6356537537649
1.0,21000,9.347152035559298e-05,0.16021728515625,436.0362115451135
1.0,21020,9.291016709368668e-05,0.160369873046875,436.43978009186685
1.0,21040,9.235218505042263e-05,0.1605224609375,436.84150431491435
1.0,21060,9.17975539800536e-05,0.160675048828125,437.2451423271559
1.0,21080,9.124625375842583e-05,0.16082763671875,437.6467055887915
1.0,21100,9.069826438100666e-05,0.160980224609375,438.07399697508663
1.0,21120,9.015356596568068e-05,0.1611328125,438.50131912203506
1.0,21140,8.961213874660283e-05,0.161285400390625,438.9304921720177
1.0,21160,8.907396308079969e-05,0.16143798828125,439.357777768746
1.0,21180,8.853901943980339e-05,0.161590576171875,439.7801356171258
1.0,21200,8.800728841383287e-05,0.1617431640625,440.1890779961832
1.0,21220,8.747875070892798e-05,0.161895751953125,440.6068516061641
1.0,21240,8.695338714898871e-05,0.16204833984375,441.013807346113
1.0,21260,8.643117866927856e-05,0.162200927734375,441.42470199614763
1.0,21280,8.591210632467178e-05,0.162353515625,441.8315341761336
1.0,21300,8.539615127951523e-05,0.162506103515625,442.26435666996986
1.0,21320,8.488329481233337e-05,0.16265869140625,442.6967598670162
1.0,21340,8.437351831580193e-05,0.162811279296875,443.1335426601581
1.0,21360,8.386680329225819e-05,0.1629638671875,443.56567308306694
1.0,21380,8.336313135606813e-05,0.163116455078125,443.99174422211945
1.0,21400,8.286248423249249e-05,0.16326904296875,444.41606786008924
1.0,21420,8.236484375416913e-05,0.163421630859375,444.8358555370942
1.0,21440,8.18701918671074e-05,0.16357421875,445.2415061639622
1.0,21460,8.137851062182854e-05,0.163726806640625,445.64376659411937
1.0,21480,8.088978217821082e-05,0.16387939453125,446.04234205186367
1.0,21500,8.040398880410219e-05,0.164031982421875,446.44376451987773
1.0,21520,7.992111287135248e-05,0.1641845703125,446.8413336360827
1.0,21540,7.944113686004375e-05,0.164337158203125,447.24110759980977
1.0,21560,7.896404335414535e-05,0.16448974609375,447.63858354697004
1.0,21580,7.848981504330073e-05,0.164642333984375,448.03908240702003
1.0,21600,7.801843472060183e-05,0.164794921875,448.4530735211447
1.0,21620,7.754988528147378e-05,0.164947509765625,448.87611282477155
1.0,21640,7.708414972629492e-05,0.16510009765625,449.2970640808344
1.0,21660,7.662121115476006e-05,0.165252685546875,449.7154856608249
1.0,21680,7.616105277114578e-05,0.1654052734375,450.12945892103016
1.0,21700,7.5703657877409e-05,0.165557861328125,450.5484216250479
1.0,21720,7.524900987840759e-05,0.16571044921875,450.96453378302976
1.0,21740,7.479709227767995e-05,0.165863037109375,451.3771808608435
1.0,21760,7.43478886772093e-05,0.166015625,451.77705406118184
1.0,21780,7.390138277712449e-05,0.166168212890625,452.1818366558291
1.0,21800,7.34575583783019e-05,0.16632080078125,452.6017092401162
1.0,21820,7.301639937603435e-05,0.166473388671875,453.0244819270447
1.0,21840,7.257788976281301e-05,0.1666259765625,453.44203753815964
1.0,21860,7.214201362839717e-05,0.166778564453125,453.8628140739165
1.0,21880,7.170875515698317e-05,0.16693115234375,454.27962531195953
1.0,21900,7.127809862729393e-05,0.167083740234375,454.70489774411544
1.0,21920,7.08500284154547e-05,0.167236328125,455.1061032740399
1.0,21940,7.042452898752361e-05,0.167388916015625,455.5161973508075
1.0,21960,7.000158490461424e-05,0.16754150390625,455.91732894582674
1.0,21980,6.95811808216506e-05,0.167694091796875,456.3194802510552
1.0,22000,6.916330148413852e-05,0.1678466796875,456.71837859787047
1.0,22020,6.874793173020717e-05,0.167999267578125,457.11904452275485
1.0,22040,6.833505648652512e-05,0.16815185546875,457.5174603369087
1.0,22060,6.792466077388996e-05,0.168304443359375,457.92733537219465
1.0,22080,6.751672970134504e-05,0.16845703125,458.34061144990847
1.0,22100,6.711124846703724e-05,0.168609619140625,458.75533572677523
1.0,22120,6.670820235924592e-05,0.16876220703125,459.16626429976895
1.0,22140,6.630757675248091e-05,0.168914794921875,459.5746016637422
1.0,22160,6.590935711070126e-05,0.1690673828125,459.98340842174366
1.0,22180,6.55135289853016e-05,0.169219970703125,460.38855725480244
1.0,22200,6.512007801470858e-05,0.16937255859375,460.7904031807557
1.0,22220,6.472898992076146e-05,0.169525146484375,461.19710476789623
1.0,22240,6.434025051524009e-05,0.169677734375,461.61202629609033
1.0,22260,6.395384569135488e-05,0.169830322265625,462.0225179078989
1.0,22280,6.356976143023e-05,0.16998291015625,462.4346103197895
1.0,22300,6.318798379447066e-05,0.170135498046875,462.85057683382183
1.0,22320,6.280849893241902e-05,0.1702880859375,463.2549393870868
1.0,22340,6.243129307473942e-05,0.170440673828125,463.65630052704364
1.0,22360,6.205635253394705e-05,0.17059326171875,464.0568521148525
1.0,22380,6.168366370662769e-05,0.170745849609375,464.46035492699593
1.0,22400,6.131321306952406e-05,0.1708984375,464.85965634696186
1.0,22420,6.0944987181230456e-05,0.171051025390625,465.26172965578735
1.0,22440,6.057897268109358e-05,0.17120361328125,465.6638455428183
1.0,22460,6.021515628922293e-05,0.171356201171875,466.06511020986363
1.0,22480,5.985352480364254e-05,0.1715087890625,466.4644719529897
1.0,22500,5.949406510311156e-05,0.171661376953125,466.8684175941162
1.0,22520,5.913676414506094e-05,0.17181396484375,467.2690057619475
1.0,22540,5.878160896557046e-05,0.171966552734375,467.67214162973687
1.0,22560,5.8428586677113354e-05,0.172119140625,468.0685436669737
1.0,22580,5.8077684471709786e-05,0.172271728515625,468.4678700021468
1.0,22600,5.772888961655032e-05,0.17242431640625,468.8653045077808
1.0,22620,5.7382189456780844e-05,0.172576904296875,469.2655230080709
1.0,22640,5.703757141160881e-05,0.1727294921875,469.66140520200133
1.0,22660,5.6695022976571016e-05,0.172882080078125,470.0614433041774
1.0,22680,5.635453172333477e-05,0.17303466796875,470.4589838758111
1.0,22700,5.601608529747053e-05,0.173187255859375,470.8573322771117
1.0,22720,5.5679671419080124e-05,0.17333984375,471.2545992927626
1.0,22740,5.5345277879977024e-05,0.173492431640625,471.6527078351937
1.0,22760,5.501289254817537e-05,0.17364501953125,472.04876800300553
1.0,22780,5.468250336384015e-05,0.173797607421875,472.4611718119122
1.0,22800,5.435409833871969e-05,0.1739501953125,472.86256326409057
1.0,22820,5.402766555631915e-05,0.174102783203125,473.263809164986
1.0,22840,5.37031931721852e-05,0.17425537109375,473.6607390078716
1.0,22860,5.338066941432643e-05,0.174407958984375,474.0613674609922
1.0,22880,5.306008257969991e-05,0.174560546875,474.4623920391314
1.0,22900,5.274142103524192e-05,0.174713134765625,474.8712228797376
1.0,22920,5.242467321975174e-05,0.17486572265625,475.2830879399553
1.0,22940,5.2109827639379745e-05,0.175018310546875,475.6937544629909
1.0,22960,5.1796872870360305e-05,0.1751708984375,476.10436874395236
1.0,22980,5.148579755862464e-05,0.175323486328125,476.51953965518624
1.0,23000,5.1176590414777946e-05,0.17547607421875,476.9433320690878
1.0,23020,5.0869240221076074e-05,0.175628662109375,477.36025155195966
1.0,23040,5.0563735826030915e-05,0.17578125,477.77171821380034
1.0,23060,5.026006614296611e-05,0.175933837890625,478.1895241448656
1.0,23080,4.995822015464959e-05,0.17608642578125,478.60199399478734
1.0,23100,4.965818690818165e-05,0.176239013671875,479.0042206440121
1.0,23120,4.935995551898104e-05,0.1763916015625,479.40671183681116
1.0,23140,4.906351516266096e-05,0.176544189453125,479.8099577361718
1.0,23160,4.8768855086460065e-05,0.17669677734375,480.2111700209789
1.0,23180,4.84759645967338e-05,0.176849365234375,480.614070055075
1.0,23200,4.8184833066921224e-05,0.177001953125,481.02044618409127
1.0,23220,4.789544993244972e-05,0.177154541015625,481.42753372108564
1.0,23240,4.760780469493886e-05,0.17730712890625,481.82844130788
1.0,23260,4.732188691744741e-05,0.177459716796875,482.23405174491927
1.0,23280,4.703768622470141e-05,0.1776123046875,482.63258556090295
1.0,23300,4.675519230511767e-05,0.177764892578125,483.0344203617424
1.0,23320,4.647439490795253e-05,0.17791748046875,483.4344488908537
1.0,23340,4.619528384609258e-05,0.178070068359375,483.83700310019776
1.0,23360,4.591784899104391e-05,0.17822265625,484.2423550421372
1.0,23380,4.5642080276710105e-05,0.178375244140625,484.64705514907837
1.0,23400,4.536796769683539e-05,0.17852783203125,485.0519591057673
1.0,23420,4.509550130550801e-05,0.178680419921875,485.45701648294926
1.0,23440,4.482467121773837e-05,0.1788330078125,485.86179370619357
1.0,23460,4.4555467603910294e-05,0.178985595703125,486.2669285098091
1.0,23480,4.428788069827436e-05,0.17913818359375,486.67343877395615
1.0,23500,4.402190079265734e-05,0.179290771484375,487.0838664090261
1.0,23520,4.375751823389154e-05,0.179443359375,487.4917454221286
1.0,23540,4.349472342970976e-05,0.179595947265625,487.90838774386793
1.0,23560,4.3233506846002517e-05,0.17974853515625,488.32056093681604
1.0,23580,4.2973859003659006e-05,0.179901123046875,488.7314481730573
1.0,23600,4.271577048096114e-05,0.1800537109375,489.142330983188
1.0,23620,4.2459231915070096e-05,0.180206298828125,489.5567887048237
1.0,23640,4.220423399579975e-05,0.18035888671875,489.9775602389127
1.0,23660,4.195076747304288e-05,0.180511474609375,490.39505384117365
1.0,23680,4.1698823147296865e-05,0.1806640625,490.80724116275087
1.0,23700,4.1448391878914024e-05,0.180816650390625,491.22186425095424
1.0,23720,4.119946458067352e-05,0.18096923828125,491.6276634079404
1.0,23740,4.095203222052614e-05,0.181121826171875,492.02879561297596
1.0,23760,4.070608581984524e-05,0.1812744140625,492.4436760051176
1.0,23780,4.046161645642502e-05,0.181427001953125,492.85334541788325
1.0,23800,4.021861525808669e-05,0.18157958984375,493.25689717708156
1.0,23820,3.997707340780356e-05,0.181732177734375,493.66179438494146
1.0,23840,3.973698214390071e-05,0.181884765625,494.0628927038051
1.0,23860,3.9498332751623985e-05,0.182037353515625,494.467304544989
1.0,23880,3.926111657281842e-05,0.18218994140625,494.8728946140036
1.0,23900,3.9025325001762244e-05,0.182342529296875,495.288486123085
1.0,23920,3.879094948130612e-05,0.1824951171875,495.69075720291585
1.0,23940,3.855798150742417e-05,0.182647705078125,496.0943192560226
1.0,23960,3.832641262808337e-05,0.18280029296875,496.4935979950242
1.0,23980,3.809623443923282e-05,0.182952880859375,496.897837609984
1.0,24000,3.786743859130159e-05,0.18310546875,497.2983864839189
1.0,24020,3.764001678182847e-05,0.183258056640625,497.7027775258757
1.0,24040,3.741396075752764e-05,0.18341064453125,498.110568348784
1.0,24060,3.7189262318257576e-05,0.183563232421875,498.5109531870112
1.0,24080,3.696591330954697e-05,0.1837158203125,498.9074634741992
1.0,24100,3.6743905628487604e-05,0.183868408203125,499.305030582007
1.0,24120,3.6523231218893427e-05,0.18402099609375,499.70024927379563
1.0,24140,3.6303882073919624e-05,0.184173583984375,500.0974185951054
1.0,24160,3.60858502343329e-05,0.184326171875,500.49206493096426
1.0,24180,3.586912778997004e-05,0.184478759765625,500.88634647475556
1.0,24200,3.5653706876089034e-05,0.18463134765625,501.27731859404594
1.0,24220,3.543957967731712e-05,0.184783935546875,501.6668547890149
1.0,24240,3.522673842454515e-05,0.1849365234375,502.0547761670314
1.0,24260,3.501517539306426e-05,0.185089111328125,502.44468848919496
1.0,24280,3.4804882908586574e-05,0.18524169921875,502.8346846369095
1.0,24300,3.4595853339499286e-05,0.185394287109375,503.2324143978767
1.0,24320,3.4388079101498894e-05,0.185546875,503.6322399787605
1.0,24340,3.418155265618405e-05,0.185699462890625,504.0291907498613
1.0,24360,3.397626650976341e-05,0.18585205078125,504.4262453140691
1.0,24380,3.3772213213653304e-05,0.186004638671875,504.84002240002155
1.0,24400,3.356938536353416e-05,0.1861572265625,505.25455209985375
1.0,24420,3.336777560025491e-05,0.186309814453125,505.6729025291279
1.0,24440,3.316737660877818e-05,0.18646240234375,506.08761361800134
1.0,24460,3.296818111751647e-05,0.186614990234375,506.5057733748108
1.0,24480,3.277018189901727e-05,0.186767578125,506.92995333112776
1.0,24500,3.257337176815038e-05,0.186920166015625,507.33480314398184
1.0,24520,3.2377743584794214e-05,0.18707275390625,507.7364448187873
1.0,24540,3.2183290251328255e-05,0.187225341796875,508.14022675482556
1.0,24560,3.199000471037256e-05,0.1873779296875,508.5414679599926
1.0,24580,3.179787994978433e-05,0.187530517578125,508.9443232831545
1.0,24600,3.1606908999111464e-05,0.18768310546875,509.34854244813323
1.0,24620,3.141708492755837e-05,0.187835693359375,509.75610531819984
1.0,24640,3.122840084877057e-05,0.18798828125,510.1579747358337
1.0,24660,3.104084991640687e-05,0.188140869140625,510.5612094500102
1.0,24680,3.08544253253581e-05,0.18829345703125,510.9632838801481
1.0,24700,3.0669120309463056e-05,0.188446044921875,511.3662610100582
1.0,24720,3.048492814770761e-05,0.1885986328125,511.7705607460812
1.0,24740,3.030184215530766e-05,0.188751220703125,512.1791213559918
1.0,24760,3.0119855690594306e-05,0.18890380859375,512.5798932970501
1.0,24780,2.9938962148539576e-05,0.189056396484375,512.984068011865
1.0,24800,2.9759154965888155e-05,0.189208984375,513.3851799000986
1.0,24820,2.958042761992614e-05,0.189361572265625,513.7907127607614
1.0,24840,2.9402773624649487e-05,0.18951416015625,514.197272492107
1.0,24860,2.9226186533311937e-05,0.189666748046875,514.6048677060753
1.0,24880,2.9050659939897666e-05,0.1898193359375,515.0057197059505
1.0,24900,2.8876187474677312e-05,0.189971923828125,515.4120446150191
1.0,24920,2.8702762808120164e-05,0.19012451171875,515.8127290457487
1.0,24940,2.8530379646384177e-05,0.190277099609375,516.21514286194
1.0,24960,2.8359031735496308e-05,0.1904296875,516.6148377628997
1.0,24980,2.818871285794608e-05,0.190582275390625,517.0209042057395
1.0,25000,2.8019416834548226e-05,0.19073486328125,517.4279293669388
1.0,25020,2.7851137521092744e-05,0.190887451171875,517.8538408228196
1.0,25040,2.7683868812580557e-05,0.1910400390625,518.258827813901
1.0,25060,2.75176046404986e-05,0.191192626953125,518.673391180113
1.0,25080,2.735233897025292e-05,0.19134521484375,519.0839735469781
1.0,25100,2.7188065806270312e-05,0.191497802734375,519.4960517687723
1.0,25120,2.7024779189239468e-05,0.191650390625,519.9074975429103
1.0,25140,2.686247319332325e-05,0.191802978515625,520.3435634179041
1.0,25160,2.670114192857255e-05,0.19195556640625,520.7880619368516
1.0,25180,2.6540779542751127e-05,0.192108154296875,521.1995649891905
1.0,25200,2.638138021619635e-05,0.1922607421875,521.6155583788641
1.0,25220,2.6222938164976895e-05,0.192413330078125,522.0296242218465
1.0,25240,2.606544764126201e-05,0.19256591796875,522.4437581780367
1.0,25260,2.5908902931007164e-05,0.192718505859375,522.8602589261718
1.0,25280,2.5753298351933266e-05,0.19287109375,523.2703349278308
1.0,25300,2.559862826040417e-05,0.193023681640625,523.6849063248374
1.0,25320,2.544488704253732e-05,0.19317626953125,524.0997275551781
1.0,25340,2.529206912067433e-05,0.193328857421875,524.5146322911605
1.0,25360,2.514016895084204e-05,0.1934814453125,524.9274684041739
1.0,25380,2.4989181019683344e-05,0.193634033203125,525.343154782895
1.0,25400,2.483909985026822e-05,0.19378662109375,525.7560866279528
1.0,25420,2.4689919995340675e-05,0.193939208984375,526.1701984941028
1.0,25440,2.4541636044535967e-05,0.194091796875,526.5868408461101
1.0,25460,2.4394242615295062e-05,0.194244384765625,526.9990417771041
1.0,25480,2.4247734360742795e-05,0.19439697265625,527.4098354550079
1.0,25500,2.4102105964220275e-05,0.194549560546875,527.8251861520112
1.0,25520,2.395735214218754e-05,0.1947021484375,528.2391334720887
1.0,25540,2.381346764239537e-05,0.194854736328125,528.6564874718897
1.0,25560,2.367044724358148e-05,0.19500732421875,529.0622482257895
1.0,25580,2.352828575663404e-05,0.195159912109375,529.4748865580186
1.0,25600,2.3386978023610286e-05,0.1953125,529.8849777597934
1.0,25620,2.3246518917491534e-05,0.195465087890625,530.2956869821064
1.0,25640,2.3106903340509903e-05,0.19561767578125,530.703113805037
1.0,25660,2.2968126228561296e-05,0.195770263671875,531.1150908879936
1.0,25680,2.2830182544998218e-05,0.1959228515625,531.5241857217625
1.0,25700,2.2693067285672613e-05,0.196075439453125,531.9367623189464
1.0,25720,2.2556775473975994e-05,0.19622802734375,532.3473038300872
1.0,25740,2.2421302166161004e-05,0.196380615234375,532.7601107941009
1.0,25760,2.2286642445702333e-05,0.196533203125,533.170523067005
1.0,25780,2.21527914279025e-05,0.196685791015625,533.5817167549394
1.0,25800,2.201974425455232e-05,0.19683837890625,533.9922837708145
1.0,25820,2.188749609854816e-05,0.196990966796875,534.4012372111902
1.0,25840,2.1756042161860296e-05,0.1971435546875,534.8145235017873
1.0,25860,2.1625377674829636e-05,0.197296142578125,535.2224400178529
1.0,25880,2.149549789545401e-05,0.19744873046875,535.631082369946
1.0,25900,2.1366398112306845e-05,0.197601318359375,536.0442334660329
1.0,25920,2.123807364025037e-05,0.19775390625,536.4545044861734
1.0,25940,2.1110519823320923e-05,0.197906494140625,536.8646909687668
1.0,25960,2.098373203402451e-05,0.19805908203125,537.275865110103
1.0,25980,2.0857705670608113e-05,0.198211669921875,537.6889899801463
1.0,26000,2.0732436162081276e-05,0.1983642578125,538.0991400429048
1.0,26020,2.0607918961072295e-05,0.198516845703125,538.5092853507958
1.0,26040,2.0484149551391967e-05,0.19866943359375,538.9206912987866
1.0,26060,2.0361123441795723e-05,0.198822021484375,539.3341183247976
1.0,26080,2.0238836167526534e-05,0.198974609375,539.7447157017887
1.0,26100,2.0117283292270783e-05,0.199127197265625,540.1551951491274
1.0,26120,1.999646040570426e-05,0.19927978515625,540.5636371658184
1.0,26140,1.987636312285043e-05,0.199432373046875,540.976514945738
1.0,26160,1.9756987086326557e-05,0.1995849609375,541.3877707789652
1.0,26180,1.9638327966311776e-05,0.199737548828125,541.7993825301528
1.0,26200,1.9520381454958924e-05,0.19989013671875,542.2082232250832
1.0,26220,1.9403143274619464e-05,0.200042724609375,542.6215359829366
1.0,26240,1.9286609170264902e-05,0.2001953125,543.0322379851714
1.0,26260,1.917077491406938e-05,0.200347900390625,543.4428463880904
1.0,26280,1.9055636303387977e-05,0.20050048828125,543.8529731598683
1.0,26300,1.8941189159246745e-05,0.200653076171875,544.2629272839986
1.0,26320,1.8827429329545342e-05,0.2008056640625,544.6714098970406
1.0,26340,1.8714352687368284e-05,0.200958251953125,545.109577849973
1.0,26360,1.8601955129850414e-05,0.20111083984375,545.5499553470872
1.0,26380,1.8490232577577322e-05,0.201263427734375,545.9961087498814
1.0,26400,1.8379180977624513e-05,0.201416015625,546.4476162968203
1.0,26420,1.826879629991838e-05,0.201568603515625,546.8934675138444
1.0,26440,1.815907454039043e-05,0.20172119140625,547.3393225558102
1.0,26460,1.8050011716945124e-05,0.201873779296875,547.7742350469343
1.0,26480,1.794160387215357e-05,0.2020263671875,548.2064963551238
1.0,26500,1.783384707292417e-05,0.202178955078125,548.6198812928051
1.0,26520,1.772673741050251e-05,0.20233154296875,549.0278010522015
1.0,26540,1.7620270996166843e-05,0.202484130859375,549.4402437051758
1.0,26560,1.751444396881553e-05,0.20263671875,549.8498093159869
1.0,26580,1.740925248764318e-05,0.202789306640625,550.2686430378817
1.0,26600,1.730469273613808e-05,0.20294189453125,550.6794707528315
1.0,26620,1.720076092045432e-05,0.203094482421875,551.0933834351599
1.0,26640,1.7097453269717843e-05,0.2032470703125,551.5022359760478
1.0,26660,1.6994766034575227e-05,0.203399658203125,551.9103301758878
1.0,26680,1.68926954901711e-05,0.20355224609375,552.3150316542014
1.0,26700,1.6791237932410776e-05,0.203704833984375,552.7202343321405
1.0,26720,1.669038968049366e-05,0.203857421875,553.1261920058168
1.0,26740,1.659014707466364e-05,0.204010009765625,553.5341419470496
1.0,26760,1.6490506477971873e-05,0.20416259765625,553.9386861301027
1.0,26780,1.639146427512199e-05,0.204315185546875,554.3449214850552
1.0,26800,1.6293016871787856e-05,0.2044677734375,554.7490490661003
1.0,26820,1.6195160696644522e-05,0.204620361328125,555.1568191400729
1.0,26840,1.609789219935818e-05,0.20477294921875,555.5773224658333
1.0,26860,1.600120784960198e-05,0.204925537109375,556.0200016051531
1.0,26880,1.5905104139508924e-05,0.205078125,556.4631771571003
1.0,26900,1.580957758234766e-05,0.205230712890625,556.9061824339442
1.0,26920,1.57146247125897e-05,0.20538330078125,557.3506426010281
1.0,26940,1.5620242083025642e-05,0.205535888671875,557.801731722895
1.0,26960,1.5526426271742178e-05,0.2056884765625,558.2490431861952
1.0,26980,1.54331738722715e-05,0.205841064453125,558.6942489170469
1.0,27000,1.5340481502589833e-05,0.20599365234375,559.1401767991483
1.0,27020,1.5248345797945827e-05,0.206146240234375,559.5890701049939
1.0,27040,1.5156763417754531e-05,0.206298828125,560.0115771037526
1.0,27060,1.5065731036838934e-05,0.206451416015625,560.415464675054
1.0,27080,1.4975245352765326e-05,0.20660400390625,560.8174779601395
1.0,27100,1.4885303081878702e-05,0.206756591796875,561.2228362108581
1.0,27120,1.4795900962101067e-05,0.2069091796875,561.627458490897
1.0,27140,1.4707035747768947e-05,0.207061767578125,562.0339869498275
1.0,27160,1.4618704215793414e-05,0.20721435546875,562.4366474351846
1.0,27180,1.4530903161151196e-05,0.207366943359375,562.8420798070729
1.0,27200,1.4443629396871554e-05,0.20751953125,563.2469383021817
1.0,27220,1.4356879757623189e-05,0.207672119140625,563.6521509829909
1.0,27240,1.4270651094369894e-05,0.20782470703125,564.0567140909843
1.0,27260,1.4184940280155888e-05,0.207977294921875,564.4618246820755
1.0,27280,1.4099744203860483e-05,0.2081298828125,564.8639990291558
1.0,27300,1.4015059774206235e-05,0.208282470703125,565.2684436351992
1.0,27320,1.3930883918961483e-05,0.20843505859375,565.6725939358585
1.0,27340,1.3847213582905456e-05,0.208587646484375,566.0791292442009
1.0,27360,1.3764045731257125e-05,0.208740234375,566.4830462248065
1.0,27380,1.3681377345122805e-05,0.208892822265625,566.8891766769812
1.0,27400,1.3599205426754988e-05,0.20904541015625,567.2936560101807
1.0,27420,1.3517526993749515e-05,0.209197998046875,567.6971974261105
1.0,27440,1.3436339081898512e-05,0.2093505859375,568.0984338638373
1.0,27460,1.3355638745620283e-05,0.209503173828125,568.5029410962015
1.0,27480,1.3275423057092553e-05,0.20965576171875,568.906077994965
1.0,27500,1.3195689105377952e-05,0.209808349609375,569.3148729670793
1.0,27520,1.311643399815841e-05,0.2099609375,569.7163092610426
1.0,27540,1.3037654858853995e-05,0.210113525390625,570.1196720600128
1.0,27560,1.2959348829225846e-05,0.21026611328125,570.5252198521048
1.0,27580,1.288151306800851e-05,0.210418701171875,570.9303507101722
1.0,27600,1.2804144752080488e-05,0.2105712890625,571.3339565740898
1.0,27620,1.2727241072583268e-05,0.210723876953125,571.7397290938534
1.0,27640,1.2650799239589266e-05,0.21087646484375,572.1422528610565
1.0,27660,1.25748164802594e-05,0.211029052734375,572.5488209240139
1.0,27680,1.249929003660691e-05,0.211181640625,572.9532661898993
1.0,27700,1.242421716808457e-05,0.211334228515625,573.3576554199681
1.0,27720,1.2349595152090257e-05,0.21148681640625,573.7620017710142
1.0,27740,1.227542127965237e-05,0.211639404296875,574.1705953958444
1.0,27760,1.2201692860388756e-05,0.2117919921875,574.5796677400358
1.0,27780,1.212840721824633e-05,0.211944580078125,574.9873858918436
1.0,27800,1.2055561695912351e-05,0.21209716796875,575.3906498360448
1.0,27820,1.1983153648191692e-05,0.212249755859375,575.7961975471117
1.0,27840,1.1911180448223506e-05,0.21240234375,576.1991751678288
1.0,27860,1.183963948493317e-05,0.212554931640625,576.6067258408293
1.0,27880,1.1768528162594816e-05,0.21270751953125,577.0115474937484
1.0,27900,1.1697843900839854e-05,0.212860107421875,577.416686183773
1.0,27920,1.1627584134888204e-05,0.2130126953125,577.8204985507764
1.0,27940,1.1557746315205002e-05,0.213165283203125,578.2265160679817
1.0,27960,1.1488327908599957e-05,0.21331787109375,578.6310727670789
1.0,27980,1.1419326395884215e-05,0.213470458984375,579.036423468031
1.0,28000,1.1350739272492183e-05,0.213623046875,579.4385952209122
1.0,28020,1.1282564050949895e-05,0.213775634765625,579.8456648131832
1.0,28040,1.1214798257315053e-05,0.21392822265625,580.2515191761777
1.0,28060,1.11474394324792e-05,0.214080810546875,580.6572548849508
1.0,28080,1.1080485132964209e-05,0.2142333984375,581.0597102981992
1.0,28100,1.1013932928064922e-05,0.214385986328125,581.4653941970319
1.0,28120,1.0947780405103833e-05,0.21453857421875,581.8695291369222
1.0,28140,1.0882025161465088e-05,0.214691162109375,582.2759046349674
1.0,28160,1.0816664812833983e-05,0.21484375,582.677811475005
1.0,28180,1.0751696986687142e-05,0.214996337890625,583.084264560137
1.0,28200,1.0687119327451787e-05,0.21514892578125,583.4895227430388
1.0,28220,1.0622929489445727e-05,0.215301513671875,583.8954975907691
1.0,28240,1.0559125146045875e-05,0.2154541015625,584.2971275611781
1.0,28260,1.0495703980151878e-05,0.215606689453125,584.7030225591734
1.0,28280,1.0432663691418497e-05,0.21575927734375,585.1049019210041
1.0,28300,1.0370001993129256e-05,0.215911865234375,585.5101195778698
1.0,28320,1.0307716611067004e-05,0.216064453125,585.9162409477867
1.0,28340,1.0245805284914292e-05,0.216217041015625,586.3226076839492
1.0,28360,1.0184265769094372e-05,0.21636962890625,586.7243270659819
1.0,28380,1.012309582975931e-05,0.216522216796875,587.1312144277617
1.0,28400,1.0062293247338265e-05,0.2166748046875,587.535499534104
1.0,28420,1.0001855817346248e-05,0.216827392578125,587.939449199941
1.0,28440,9.941781344617103e-06,0.21697998046875,588.3398660928942
1.0,28460,9.882067651556457e-06,0.217132568359375,588.74477375485
1.0,28480,9.822712569755605e-06,0.21728515625,589.146828637924
1.0,28500,9.763713945624452e-06,0.217437744140625,589.5538665759377
1.0,28520,9.70506963959436e-06,0.21759033203125,589.9578183148988
1.0,28540,9.646777523881956e-06,0.217742919921875,590.365551918745
1.0,28560,9.588835481647326e-06,0.2178955078125,590.7714471779764
1.0,28580,9.531241412605329e-06,0.218048095703125,591.1766923931427
1.0,28600,9.473993225898617e-06,0.21820068359375,591.578821587842
1.0,28620,9.417088843601865e-06,0.218353271484375,591.9848324558698
1.0,28640,9.36052620240104e-06,0.218505859375,592.3917111349292
1.0,28660,9.304303249987717e-06,0.218658447265625,592.7971459110267
1.0,28680,9.24841794466234e-06,0.21881103515625,593.2029956169426
1.0,28700,9.192868261084196e-06,0.218963623046875,593.6090756799094
1.0,28720,9.137652181107438e-06,0.2191162109375,594.0155164380558
1.0,28740,9.08276770321017e-06,0.219268798828125,594.4220620901324
1.0,28760,9.028212835057911e-06,0.21942138671875,594.8251421609893
1.0,28780,8.973985597841583e-06,0.219573974609375,595.2328255157918
1.0,28800,8.92008402279425e-06,0.2197265625,595.6401396538131
1.0,28820,8.866506155931685e-06,0.219879150390625,596.0474540321156
1.0,28840,8.813250051753773e-06,0.22003173828125,596.4497955590487
1.0,28860,8.760313777496249e-06,0.220184326171875,596.8576474948786
1.0,28880,8.707695413638329e-06,0.2203369140625,597.2618251838721
1.0,28900,8.655393051046376e-06,0.220489501953125,597.6679028137587
1.0,28920,8.603404791455877e-06,0.22064208984375,598.0707199038006
1.0,28940,8.551728748141974e-06,0.220794677734375,598.476387990173
1.0,28960,8.50036304683874e-06,0.220947265625,598.8812306728214
1.0,28980,8.449305823191037e-06,0.221099853515625,599.286407655105
1.0,29000,8.398555224555432e-06,0.22125244140625,599.6875162180513
1.0,29020,8.348109410354453e-06,0.221405029296875,600.0893480838276
1.0,29040,8.29796654996476e-06,0.2215576171875,600.4879850419238
1.0,29060,8.248124822145717e-06,0.221710205078125,600.8915366008878
1.0,29080,8.198582421427264e-06,0.22186279296875,601.2933135819621
1.0,29100,8.149337548494214e-06,0.222015380859375,601.6951790847816
1.0,29120,8.100388416849086e-06,0.22216796875,602.0957768969238
1.0,29140,8.051733249780382e-06,0.222320556640625,602.5019133468159
1.0,29160,8.003370282751441e-06,0.22247314453125,602.9047110499814
1.0,29180,7.955297760563477e-06,0.222625732421875,603.3092166599818
1.0,29200,7.907513939307679e-06,0.2227783203125,603.7122810389847
1.0,29220,7.860017084979376e-06,0.222930908203125,604.1175016611814
1.0,29240,7.812805473578951e-06,0.22308349609375,604.5210319110192
1.0,29260,7.765877393535832e-06,0.223236083984375,604.9222425539047
1.0,29280,7.719231139960243e-06,0.223388671875,605.323272169102
1.0,29300,7.67286502213732e-06,0.223541259765625,605.7315999791026
1.0,29320,7.62677735687836e-06,0.22369384765625,606.1357735018246
1.0,29340,7.5809664728820055e-06,0.223846435546875,606.5432945638895
1.0,29360,7.535430706410111e-06,0.2239990234375,606.9487926168367
1.0,29380,7.490168406229012e-06,0.224151611328125,607.3537247828208
1.0,29400,7.4451779305344774e-06,0.22430419921875,607.7573854518123
1.0,29420,7.4004576459395155e-06,0.224456787109375,608.1600348721258
1.0,29440,7.356005928944749e-06,0.224609375,608.561707298737
1.0,29460,7.311821169415522e-06,0.224761962890625,608.963995792903
1.0,29480,7.26790176127046e-06,0.22491455078125,609.3667134968564
1.0,29500,7.224246113421432e-06,0.225067138671875,609.7716629458591
1.0,29520,7.180852639495975e-06,0.2252197265625,610.1771876760758
1.0,29540,7.137719766836794e-06,0.225372314453125,610.5815527420491
1.0,29560,7.0948459294366034e-06,0.22552490234375,610.9859597259201
1.0,29580,7.052229571644655e-06,0.225677490234375,611.390243451111
1.0,29600,7.009869147853935e-06,0.225830078125,611.7952897939831
1.0,29620,6.967763119997868e-06,0.225982666015625,612.2027153540403
1.0,29640,6.925909961534433e-06,0.22613525390625,612.605844383128
1.0,29660,6.884308152373696e-06,0.226287841796875,613.0103419721127
1.0,29680,6.842956185633049e-06,0.2264404296875,613.4137907889672
1.0,29700,6.801852557142595e-06,0.226593017578125,613.8176914979704
1.0,29720,6.760995778906086e-06,0.22674560546875,614.2218860099092
1.0,29740,6.7203843662937835e-06,0.226898193359375,614.6264270287938
1.0,29760,6.680016846443864e-06,0.22705078125,615.0304293469526
1.0,29780,6.639891755008158e-06,0.227203369140625,615.4369526179507
1.0,29800,6.600007635900539e-06,0.22735595703125,615.8402954498306
1.0,29820,6.560363041138379e-06,0.227508544921875,616.2467964710668
1.0,29840,6.520956534010381e-06,0.2276611328125,616.6512250751257
1.0,29860,6.4817866833454755e-06,0.227813720703125,617.0563279450871
1.0,29880,6.442852068170037e-06,0.22796630859375,617.4608826320618
1.0,29900,6.404151275592491e-06,0.228118896484375,617.8679421599954
1.0,29920,6.365682901114254e-06,0.228271484375,618.2704074569046
1.0,29940,6.327445550204749e-06,0.228424072265625,618.6746699521318
1.0,29960,6.2894378345950196e-06,0.22857666015625,619.0784252709709
1.0,29980,6.251658374963846e-06,0.228729248046875,619.4848536620848
1.0,30000,6.214105800961297e-06,0.2288818359375,619.8885270291939
1.0,30020,6.176778749675647e-06,0.229034423828125,620.3105229050852
1.0,30040,6.139675866894217e-06,0.22918701171875,620.7120826779865
1.0,30060,6.102795806763206e-06,0.229339599609375,621.1183036537841
1.0,30080,6.066137230483977e-06,0.2294921875,621.519952648785
1.0,30100,6.029698808320033e-06,0.229644775390625,621.9245557431132
1.0,30120,5.993479218833011e-06,0.22979736328125,622.3241860447451
1.0,30140,5.9574771457179076e-06,0.229949951171875,622.7288919100538
1.0,30160,5.921691284720635e-06,0.2301025390625,623.12902212888
1.0,30180,5.88612033642402e-06,0.230255126953125,623.5323509820737
1.0,30200,5.8507630106516345e-06,0.23040771484375,623.9331186567433
1.0,30220,5.8156180236332974e-06,0.230560302734375,624.3370352871716
1.0,30240,5.780684101114024e-06,0.230712890625,624.7362490668893
1.0,30260,5.74595997520269e-06,0.230865478515625,625.1401041531935
1.0,30280,5.711444385164357e-06,0.23101806640625,625.5402946849354
1.0,30300,5.677136080242924e-06,0.231170654296875,625.9468567701988
1.0,30320,5.643033815014054e-06,0.2313232421875,626.3516170391813
1.0,30340,5.609136351401242e-06,0.231475830078125,626.7558875759132
1.0,30360,5.575442459872614e-06,0.23162841796875,627.1585069741122
1.0,30380,5.54195091779267e-06,0.231781005859375,627.5641698138788
1.0,30400,5.508660509636227e-06,0.23193359375,627.9655321547762
1.0,30420,5.475570028543125e-06,0.232086181640625,628.3700731941499
1.0,30440,5.442678273183227e-06,0.23223876953125,628.7719078841619
1.0,30460,5.409984050385076e-06,0.232391357421875,629.1759006590582
1.0,30480,5.377486173209972e-06,0.2325439453125,629.5782992448658
1.0,30500,5.345183463095744e-06,0.232696533203125,629.9837518651038
1.0,30520,5.313074748024212e-06,0.23284912109375,630.385563313961
1.0,30540,5.281158861703674e-06,0.233001708984375,630.7914534350857
1.0,30560,5.249434647971242e-06,0.233154296875,631.1943334620446
1.0,30580,5.217900955083499e-06,0.233306884765625,631.6005449648947
1.0,30600,5.186556638292131e-06,0.23345947265625,632.0027624010108
1.0,30620,5.155400560148453e-06,0.233612060546875,632.4101110859774
1.0,30640,5.124431591320152e-06,0.2337646484375,632.8146446840838
1.0,30660,5.093648606970092e-06,0.233917236328125,633.2202102397569
1.0,30680,5.063050491104134e-06,0.23406982421875,633.6228306898847
1.0,30700,5.032636132740412e-06,0.234222412109375,634.0287497309037
1.0,30720,5.00240442884806e-06,0.234375,634.4328981898725
1.0,30740,4.972354282492212e-06,0.234527587890625,634.8394905971363
1.0,30760,4.94248460219084e-06,0.23468017578125,635.2462318670005
1.0,30780,4.912794305607846e-06,0.234832763671875,635.6504743550904
1.0,30800,4.8832823157074045e-06,0.2349853515625,636.0520433411002
1.0,30820,4.853947560420308e-06,0.235137939453125,636.4568533189595
1.0,30840,4.824788975277984e-06,0.23529052734375,636.8614469687454
1.0,30860,4.79580550379392e-06,0.235443115234375,637.2652574139647
1.0,30880,4.766996092547435e-06,0.235595703125,637.6679649329744
1.0,30900,4.738359698175327e-06,0.235748291015625,638.0729853902012
1.0,30920,4.709895279321094e-06,0.23590087890625,638.4775926601142
1.0,30940,4.681601805266934e-06,0.236053466796875,638.8811398427933
1.0,30960,4.653478247928457e-06,0.2362060546875,639.2844796408899
1.0,30980,4.625523587328036e-06,0.236358642578125,639.6912375539541
1.0,31000,4.597736809267769e-06,0.23651123046875,640.0967447301373
1.0,31020,4.570116905446388e-06,0.236663818359375,640.5011041187681
1.0,31040,4.542662873370068e-06,0.23681640625,640.905285011977
1.0,31060,4.5153737185779456e-06,0.236968994140625,641.3110731537454
1.0,31080,4.4882484489124595e-06,0.23712158203125,641.7157161119394
1.0,31100,4.461286080624298e-06,0.237274169921875,642.118354476057
1.0,31120,4.434485635452716e-06,0.2374267578125,642.5208418131806
1.0,31140,4.407846142139653e-06,0.237579345703125,642.9242181419395
1.0,31160,4.381366632640935e-06,0.23773193359375,643.3282967349514
1.0,31180,4.355046145775475e-06,0.237884521484375,643.7325753029436
1.0,31200,4.328883728432119e-06,0.238037109375,644.1373248067684
1.0,31220,4.302878430355126e-06,0.238189697265625,644.541715818923
1.0,31240,4.277029307659433e-06,0.23834228515625,644.9436481739394
1.0,31260,4.251335422359627e-06,0.238494873046875,645.3455062569119
1.0,31280,4.225795842743505e-06,0.2386474609375,645.7509669577703
1.0,31300,4.2004096416167876e-06,0.238800048828125,646.1566127841361
1.0,31320,4.175175898093212e-06,0.23895263671875,646.5608243499883
1.0,31340,4.150093696580652e-06,0.239105224609375,646.9667846481316
1.0,31360,4.125162127749218e-06,0.2392578125,647.3687050859444
1.0,31380,4.10038028509623e-06,0.239410400390625,647.771541622933
1.0,31400,4.07574727142034e-06,0.23956298828125,648.1732524828985
1.0,31420,4.05126219183426e-06,0.239715576171875,648.5731316669844
1.0,31440,4.026924157731904e-06,0.2398681640625,648.9748478648253
1.0,31460,4.002732287065065e-06,0.240020751953125,649.3776729460806
1.0,31480,3.978685701223798e-06,0.24017333984375,649.7800631001592
1.0,31500,3.954783528473286e-06,0.240325927734375,650.1798775750212
1.0,31520,3.931024900094928e-06,0.240478515625,650.5793942711316
1.0,31540,3.9074089555496825e-06,0.240631103515625,650.9797212709673
1.0,31560,3.8839348366023174e-06,0.24078369140625,651.3797957831994
1.0,31580,3.860601693380304e-06,0.240936279296875,651.7836154410616
1.0,31600,3.837408677161472e-06,0.2410888671875,652.1851293598302
1.0,31620,3.814354947574055e-06,0.241241455078125,652.5884506427683
1.0,31640,3.7914396682603387e-06,0.24139404296875,652.9880543388426
1.0,31660,3.7686620069912675e-06,0.241546630859375,653.3907430828549
1.0,31680,3.746021137959464e-06,0.24169921875,653.7922528870404
1.0,31700,3.723516239655754e-06,0.241851806640625,654.194724873174
1.0,31720,3.7011464957805546e-06,0.24200439453125,654.595666395966
1.0,31740,3.6789110923681862e-06,0.242156982421875,655.0007796711288
1.0,31760,3.6568092256760333e-06,0.2423095703125,655.4034001808614
1.0,31780,3.634840091774897e-06,0.242462158203125,655.806431714911
1.0,31800,3.6130028951654463e-06,0.24261474609375,656.2052590451203
1.0,31820,3.591296842224505e-06,0.242767333984375,656.6066219671629
1.0,31840,3.569721145996623e-06,0.242919921875,657.008052481804
1.0,31860,3.5482750226672263e-06,0.243072509765625,657.4121048487723
1.0,31880,3.5269576953178917e-06,0.24322509765625,657.8148050587624
1.0,31900,3.5057683899787715e-06,0.243377685546875,658.2182381050661
1.0,31920,3.4847063379013674e-06,0.2435302734375,658.6199894109741
1.0,31940,3.4637707745043986e-06,0.243682861328125,659.0258729229681
1.0,31960,3.4429609396758092e-06,0.24383544921875,659.4279182828031
1.0,31980,3.4222760800844753e-06,0.243988037109375,659.8287092898972
1.0,32000,3.4017154440728254e-06,0.244140625,660.2299235682003
1.0,32020,3.3812782851037154e-06,0.244293212890625,660.6300790319219
1.0,32040,3.3609638625402208e-06,0.24444580078125,661.0292071742006
1.0,32060,3.3407714390043674e-06,0.244598388671875,661.4314961391501
1.0,32080,3.320700282267771e-06,0.2447509765625,661.8296407298185
1.0,32100,3.300749662902961e-06,0.244903564453125,662.2331518041901
1.0,32120,3.2809188581194785e-06,0.24505615234375,662.6344551239163
1.0,32140,3.2612071476809565e-06,0.245208740234375,663.0375651968643
1.0,32160,3.2416138166809033e-06,0.245361328125,663.4401180441491
1.0,32180,3.222138155160313e-06,0.245513916015625,663.8449276308529
1.0,32200,3.2027794546633427e-06,0.24566650390625,664.2477704160847
1.0,32220,3.183537013159789e-06,0.245819091796875,664.650896940846
1.0,32240,3.1644101330912957e-06,0.2459716796875,665.0534582100809
1.0,32260,3.1453981210018557e-06,0.246124267578125,665.4567505130544
1.0,32280,3.126500285656206e-06,0.24627685546875,665.8593282741494
1.0,32300,3.107715942068127e-06,0.246429443359375,666.2611782359891
1.0,32320,3.0890444093785907e-06,0.24658203125,666.6631405809894
1.0,32340,3.070485007721531e-06,0.246734619140625,667.0658095679246
1.0,32360,3.0520370666200672e-06,0.24688720703125,667.4679634170607
1.0,32380,3.033699914400297e-06,0.247039794921875,667.8709754250012
1.0,32400,3.015472887534069e-06,0.2471923828125,668.274648020044
1.0,32420,2.997355323778496e-06,0.247344970703125,668.6775386207737
1.0,32440,2.979346565740269e-06,0.24749755859375,669.0817019911483
1.0,32460,2.961445959620231e-06,0.247650146484375,669.4823815338314
1.0,32480,2.943652856447503e-06,0.247802734375,669.883385032881
1.0,32500,2.9259666107454286e-06,0.247955322265625,670.2831644900143
1.0,32520,2.908386580906026e-06,0.24810791015625,670.6844043741003
1.0,32540,2.8909121277265537e-06,0.248260498046875,671.0869317958131
1.0,32560,2.873542618447616e-06,0.2484130859375,671.4894457291812
1.0,32580,2.856277422723849e-06,0.248565673828125,671.8932942058891
1.0,32600,2.8391159130480984e-06,0.24871826171875,672.2975540179759
1.0,32620,2.8220574688561702e-06,0.248870849609375,672.7064014519565
1.0,32640,2.8051014697055367e-06,0.2490234375,673.1100699519739
1.0,32660,2.7882473003047386e-06,0.249176025390625,673.5200565308332
1.0,32680,2.771494349281154e-06,0.24932861328125,673.925574881956
1.0,32700,2.754842008782911e-06,0.249481201171875,674.3297909637913
1.0,32720,2.7382896745106606e-06,0.2496337890625,674.7343218480237
1.0,32740,2.721836746158926e-06,0.249786376953125,675.1382706030272
1.0,32760,2.7054826274921015e-06,0.24993896484375,675.5425235549919
1.0,32780,2.6892267227018098e-06,0.250091552734375,675.948029729072
1.0,32800,2.6730684444921894e-06,0.250244140625,676.3525961320847
1.0,32820,2.6570072050270414e-06,0.250396728515625,676.7565489220433
1.0,32840,2.641042422732454e-06,0.25054931640625,677.1616540257819
1.0,32860,2.6251735172749455e-06,0.250701904296875,677.5685963430442
1.0,32880,2.609399913293228e-06,0.2508544921875,677.973366655875
1.0,32900,2.59372103824015e-06,0.251007080078125,678.3827462410554
1.0,32920,2.5781363240584203e-06,0.25115966796875,678.7881779428571
1.0,32940,2.562645203934889e-06,0.251312255859375,679.1947561297566
1.0,32960,2.5472471171157734e-06,0.25146484375,679.5987190240994
1.0,32980,2.531941504000572e-06,0.251617431640625,680.0082878191024
1.0,33000,2.5167278093601063e-06,0.25177001953125,680.4078524108045
1.0,33020,2.5016054814117992e-06,0.251922607421875,680.8107730727643
1.0,33040,2.4865739715140187e-06,0.2520751953125,681.2125097890384
1.0,33060,2.47163273394793e-06,0.252227783203125,681.6138171651401
1.0,33080,2.456781226927322e-06,0.25238037109375,682.0210959338583
1.0,33100,2.4420189114186437e-06,0.252532958984375,682.424813631922
1.0,33120,2.4273452514702096e-06,0.252685546875,682.829304701183
1.0,33140,2.412759715060629e-06,0.252838134765625,683.2307475730777
1.0,33160,2.3982617731028325e-06,0.25299072265625,683.6362346010283
1.0,33180,2.383850898131039e-06,0.253143310546875,684.0392745370045
1.0,33200,2.369526569406812e-06,0.2532958984375,684.442667117808
1.0,33220,2.355288266780894e-06,0.253448486328125,684.8491316190921
1.0,33240,2.3411354725986933e-06,0.25360107421875,685.2513463110663
1.0,33260,2.3270676732799716e-06,0.253753662109375,685.6579918400384
1.0,33280,2.3130843590163224e-06,0.25390625,686.0613291151822
1.0,33300,2.299185022793305e-06,0.254058837890625,686.4636684888974
1.0,33320,2.285369159918598e-06,0.25421142578125,686.8672882718965
1.0,33340,2.2716362684257537e-06,0.254364013671875,687.2739859619178
1.0,33360,2.257985850705254e-06,0.2545166015625,687.6803529388271
1.0,33380,2.2444174116053133e-06,0.254669189453125,688.0909438780509
1.0,33400,2.230930458764322e-06,0.25482177734375,688.4970210269094
1.0,33420,2.217524501815478e-06,0.254974365234375,688.9023201661184
1.0,33440,2.20419905552445e-06,0.255126953125,689.3105957549997
1.0,33460,2.1909536362943658e-06,0.255279541015625,689.7148184161633
1.0,33480,2.1777877625776324e-06,0.25543212890625,690.117583904881
1.0,33500,2.164700957806155e-06,0.255584716796875,690.521326135844
1.0,33520,2.1516927468085974e-06,0.2557373046875,690.923991156742
1.0,33540,2.138762656647384e-06,0.255889892578125,691.328012492042
1.0,33560,2.1259102199886524e-06,0.25604248046875,691.7299247090705
1.0,33580,2.113134968766904e-06,0.256195068359375,692.1340461201034
1.0,33600,2.1004364403800005e-06,0.25634765625,692.5372405289672
1.0,33620,2.087814173171733e-06,0.256500244140625,692.9463372551836
1.0,33640,2.0752677101902028e-06,0.25665283203125,693.3521213009953
1.0,33660,2.062796595468415e-06,0.256805419921875,693.759547743015
1.0,33680,2.0504003778258477e-06,0.2569580078125,694.1657745069824
1.0,33700,2.038078605534543e-06,0.257110595703125,694.5739230010659
1.0,33720,2.025830832436285e-06,0.25726318359375,694.9807096039876
1.0,33740,2.013656614676554e-06,0.257415771484375,695.3882875540294
1.0,33760,2.0015555089138333e-06,0.257568359375,695.7929095840082
1.0,33780,1.989527078815006e-06,0.257720947265625,696.1982733919285
1.0,33800,1.9775708849688737e-06,0.25787353515625,696.6052084090188
1.0,33820,1.965686495311918e-06,0.258026123046875,697.0112636978738
1.0,33840,1.953873478163808e-06,0.2581787109375,697.4182833610103
1.0,33860,1.9421314055188033e-06,0.258331298828125,697.8270375067368
1.0,33880,1.930459850330877e-06,0.25848388671875,698.2325450628996
1.0,33900,1.918858388705257e-06,0.258636474609375,698.6397355711088
1.0,33920,1.9073266013638229e-06,0.2587890625,699.0457778321579
1.0,33940,1.8958640683094728e-06,0.258941650390625,699.4539938378148
1.0,33960,1.8844703749401812e-06,0.25909423828125,699.8598352731206
1.0,33980,1.8731451068957863e-06,0.259246826171875,700.2670961879194
1.0,34000,1.8618878541820652e-06,0.2593994140625,700.6729419077747
1.0,34020,1.8506982073169014e-06,0.259552001953125,701.0817002598196
1.0,34040,1.8395757596597772e-06,0.25970458984375,701.4868410718627
1.0,34060,1.8285201100769756e-06,0.259857177734375,701.8931389441714
1.0,34080,1.8175308559982889e-06,0.260009765625,702.2973336060531
1.0,34100,1.8066075983882446e-06,0.260162353515625,702.7051652548835
1.0,34120,1.7957499414708296e-06,0.26031494140625,703.1100778328255
1.0,34140,1.7849574905883783e-06,0.260467529296875,703.5176813788712
1.0,34160,1.774229854778754e-06,0.2606201171875,703.9236508389004
1.0,34180,1.7635666447962716e-06,0.260772705078125,704.3314660051838
1.0,34200,1.7529674733208055e-06,0.26092529296875,704.7366868881509
1.0,34220,1.7424319565862469e-06,0.261077880859375,705.1454429761507
1.0,34240,1.731959710750407e-06,0.26123046875,705.5562500120141
1.0,34260,1.7215503577216572e-06,0.261383056640625,705.9726855899207
1.0,34280,1.7112035185407036e-06,0.26153564453125,706.3764170059003
1.0,34300,1.700918818762464e-06,0.261688232421875,706.7861155499704
1.0,34320,1.6906958847929491e-06,0.2618408203125,707.2000938421115
1.0,34340,1.6805343444798316e-06,0.261993408203125,707.616400022991
1.0,34360,1.6704338304718743e-06,0.26214599609375,708.0189279248007
1.0,34380,1.6603939760906414e-06,0.262298583984375,708.4219344658777
1.0,34400,1.6504144173902927e-06,0.262451171875,708.8251092871651
1.0,34420,1.640494790882035e-06,0.262603759765625,709.2419524751604
1.0,34440,1.6306347384620784e-06,0.26275634765625,709.6565766748972
1.0,34460,1.620833900798304e-06,0.262908935546875,710.0743645108305
1.0,34480,1.6110919237794301e-06,0.2630615234375,710.4834787007421
1.0,34500,1.6014084528442009e-06,0.263214111328125,710.8965048259124
1.0,34520,1.591783136575976e-06,0.26336669921875,711.3106848848984
1.0,34540,1.5822156264509989e-06,0.263519287109375,711.7150042587891
1.0,34560,1.5727055740373204e-06,0.263671875,712.1149521479383
1.0,34580,1.5632526357771042e-06,0.263824462890625,712.51984218508
1.0,34600,1.5538564682048461e-06,0.26397705078125,712.918575045187
1.0,34620,1.5445167304519845e-06,0.264129638671875,713.3198680011556
1.0,34640,1.5352330827840364e-06,0.2642822265625,713.7198900221847
1.0,34660,1.5260051892418084e-06,0.264434814453125,714.1214921427891
1.0,34680,1.516832715085686e-06,0.26458740234375,714.5201313649304
1.0,34700,1.5077153266753924e-06,0.264739990234375,714.9226270769723
1.0,34720,1.4986526939487599e-06,0.264892578125,715.3216054490767
1.0,34740,1.4896444871431037e-06,0.265045166015625,715.72516372893
1.0,34760,1.4806903807937975e-06,0.26519775390625,716.1244776011445
1.0,34780,1.4717900490937605e-06,0.265350341796875,716.5261517339386
1.0,34800,1.4629431690117911e-06,0.2655029296875,716.9253454217687
1.0,34820,1.4541494203078883e-06,0.265655517578125,717.3280851677991
1.0,34840,1.4454084832597362e-06,0.26580810546875,717.7279205461964
1.0,34860,1.4367200410326064e-06,0.265960693359375,718.1277254628949
1.0,34880,1.4280837776262727e-06,0.26611328125,718.5259748040698
1.0,34900,1.4194993809368388e-06,0.266265869140625,718.9262267150916
1.0,34920,1.4109665380919203e-06,0.26641845703125,719.328458272852
1.0,34940,1.4024849412436048e-06,0.266571044921875,719.7316635581665
1.0,34960,1.3940542808249668e-06,0.2667236328125,720.1315900017507
1.0,34980,1.3856742517789154e-06,0.266876220703125,720.5358353951015
1.0,35000,1.3773445497716693e-06,0.26702880859375,720.9389031520113
1.0,35020,1.3690648732309674e-06,0.267181396484375,721.3576909620315
1.0,35040,1.3608349212194047e-06,0.267333984375,721.7546180067584
1.0,35060,1.352654395322264e-06,0.267486572265625,722.1567473858595
1.0,35080,1.3445229989335203e-06,0.26763916015625,722.5533631639555
1.0,35100,1.336440435619814e-06,0.267791748046875,722.9539930829778
1.0,35120,1.3284064135893966e-06,0.2679443359375,723.3522417428903
1.0,35140,1.3204206413028724e-06,0.268096923828125,723.7559239729308
1.0,35160,1.312482827926577e-06,0.26824951171875,724.1546478457749
1.0,35180,1.3045926860321882e-06,0.268402099609375,724.5577328461222
1.0,35200,1.2967499300597292e-06,0.2685546875,724.9570902781561
1.0,35220,1.2889542750510972e-06,0.268707275390625,725.3586949459277
1.0,35240,1.2812054371846456e-06,0.26885986328125,725.7582406369038
1.0,35260,1.2735031358147485e-06,0.269012451171875,726.1606058990583
1.0,35280,1.2658470919198488e-06,0.2691650390625,726.5609294078313
1.0,35300,1.258237027790736e-06,0.269317626953125,726.9641523170285
1.0,35320,1.2506726667611517e-06,0.26947021484375,727.3632938228548
1.0,35340,1.2431537349101967e-06,0.269622802734375,727.7652841899544
1.0,35360,1.235679957977765e-06,0.269775390625,728.163454352878
1.0,35380,1.2282510669645072e-06,0.269927978515625,728.5648908200674
1.0,35400,1.2208667913508465e-06,0.27008056640625,728.964107948821
1.0,35420,1.2135268618305086e-06,0.270233154296875,729.3647043230012
1.0,35440,1.206231014891173e-06,0.2703857421875,729.7629990158603
1.0,35460,1.1989789826972183e-06,0.270538330078125,730.1636833101511
1.0,35480,1.1917705042923076e-06,0.27069091796875,730.5638201520778
1.0,35500,1.184605317894659e-06,0.270843505859375,730.9657487850636
1.0,35520,1.177483163039551e-06,0.27099609375,731.364175429102
1.0,35540,1.1704037813026744e-06,0.271148681640625,731.7666729930788
1.0,35560,1.163366915738919e-06,0.27130126953125,732.1647024517879
1.0,35580,1.1563723112080416e-06,0.271453857421875,732.5650441958569
1.0,35600,1.1494197142079374e-06,0.2716064453125,732.9619478988461
1.0,35620,1.1425088718367925e-06,0.271759033203125,733.3658625991084
1.0,35640,1.135639533805338e-06,0.27191162109375,733.7686671838164
1.0,35660,1.1288114501714455e-06,0.272064208984375,734.1729087517597
1.0,35680,1.1220243741885505e-06,0.272216796875,734.5710445567966
1.0,35700,1.1152780590439816e-06,0.272369384765625,734.9741440271027
1.0,35720,1.1085722608872304e-06,0.27252197265625,735.3741670427844
1.0,35740,1.1019067343426907e-06,0.272674560546875,735.7811550819315
1.0,35760,1.0952812394666797e-06,0.2728271484375,736.1846484327689
1.0,35780,1.088695535046753e-06,0.272979736328125,736.5935771870427
1.0,35800,1.0821493820544318e-06,0.27313232421875,736.9988435818814
1.0,35820,1.0756425433402031e-06,0.273284912109375,737.406500809826
1.0,35840,1.0691747826190088e-06,0.2734375,737.8099463148974
1.0,35860,1.0627458653712417e-06,0.273590087890625,738.2142604528926
1.0,35880,1.0563555578326548e-06,0.27374267578125,738.6214258759283
1.0,35900,1.050003628817001e-06,0.273895263671875,739.0435548028909
1.0,35920,1.043689847493542e-06,0.2740478515625,739.4523142441176
1.0,35940,1.0374139842346475e-06,0.274200439453125,739.8604163131677
1.0,35960,1.0311758127872433e-06,0.27435302734375,740.2642156840302
1.0,35980,1.0249751052370828e-06,0.274505615234375,740.6732293241657
1.0,36000,1.0188116379273677e-06,0.274658203125,741.0783546161838
1.0,36020,1.0126851858298663e-06,0.274810791015625,741.4844647888094
1.0,36040,1.006595527371271e-06,0.27496337890625,741.893738667015
1.0,36060,1.0005424420758236e-06,0.275115966796875,742.3028716808185
1.0,36080,9.945257098617096e-07,0.2752685546875,742.701175105758
1.0,36100,9.885451120980897e-07,0.275421142578125,743.1056596077979
1.0,36120,9.8260043230294e-07,0.27557373046875,743.5080317091197
1.0,36140,9.766914540794888e-07,0.275726318359375,743.9096432561055
1.0,36160,9.708179645051504e-07,0.27587890625,744.3105595889501
1.0,36180,9.649797484975896e-07,0.276031494140625,744.7125515290536
1.0,36200,9.591765954946598e-07,0.27618408203125,745.1133305430412
1.0,36220,9.534082948328352e-07,0.276336669921875,745.5185512048192
1.0,36240,9.476746368742669e-07,0.2764892578125,745.9192336369306
1.0,36260,9.41975413330439e-07,0.276641845703125,746.3233102890663
1.0,36280,9.363104178298765e-07,0.27679443359375,746.7245998037979
1.0,36300,9.30679445688393e-07,0.276947021484375,747.1269788448699
1.0,36320,9.250822910940012e-07,0.277099609375,747.526722246781
1.0,36340,9.195187517124137e-07,0.277252197265625,747.9289204501547
1.0,36360,9.139886251302136e-07,0.27740478515625,748.3286486510187
1.0,36380,9.084917108899667e-07,0.277557373046875,748.7305317907594
1.0,36400,9.030278104149533e-07,0.2777099609375,749.13244578382
1.0,36420,8.975967245804857e-07,0.277862548828125,749.5369139830582
1.0,36440,8.921982566076029e-07,0.27801513671875,749.9355667480268
1.0,36460,8.868322100090434e-07,0.278167724609375,750.3372271419503
1.0,36480,8.814983917504758e-07,0.2783203125,750.7362278341316
1.0,36500,8.761966055558941e-07,0.278472900390625,751.1407603621483
1.0,36520,8.709266612643719e-07,0.27862548828125,751.5421785637736
1.0,36540,8.656883672177785e-07,0.278778076171875,751.944351982791
1.0,36560,8.604815327564752e-07,0.2789306640625,752.3444146527909
1.0,36580,8.553059704132762e-07,0.279083251953125,752.7496525291353
1.0,36600,8.501614895229916e-07,0.27923583984375,753.1525167059153
1.0,36620,8.450479064417794e-07,0.279388427734375,753.5537367057987
1.0,36640,8.39965034958062e-07,0.279541015625,753.9528694199398
1.0,36660,8.349126894214628e-07,0.279693603515625,754.3519346709363
1.0,36680,8.298906867899637e-07,0.27984619140625,754.751875394024
1.0,36700,8.248988461042386e-07,0.279998779296875,755.1538148717955
1.0,36720,8.199369850567069e-07,0.2801513671875,755.5537696438842
1.0,36740,8.150049240836498e-07,0.280303955078125,755.9588718540035
1.0,36760,8.101024838999326e-07,0.28045654296875,756.3598148929887
1.0,36780,8.052294869942428e-07,0.280609130859375,756.7628716849722
1.0,36800,8.003857558312996e-07,0.28076171875,757.1611086688936
1.0,36820,7.955711159229175e-07,0.280914306640625,757.5666408590041
1.0,36840,7.907853912050965e-07,0.28106689453125,757.9681476219557
1.0,36860,7.86028409788276e-07,0.281219482421875,758.3715714579448
1.0,36880,7.81299997018364e-07,0.2813720703125,758.7714773728512
1.0,36900,7.765999824282624e-07,0.281524658203125,759.1753666978329
1.0,36920,7.719281954223056e-07,0.28167724609375,759.5781360841356
1.0,36940,7.672844664852531e-07,0.281829833984375,759.9841887489893
1.0,36960,7.626686263013032e-07,0.281982421875,760.3878396968357
1.0,36980,7.580805088897649e-07,0.282135009765625,760.791535765864
1.0,37000,7.53519947401096e-07,0.28228759765625,761.1915763858706
1.0,37020,7.489867749641603e-07,0.282440185546875,761.5945192407817
1.0,37040,7.444808285954251e-07,0.2825927734375,761.9965155669488
1.0,37060,7.40001943694157e-07,0.282745361328125,762.4012909978628
1.0,37080,7.355499595666011e-07,0.28289794921875,762.8023450099863
1.0,37100,7.311247127054471e-07,0.283050537109375,763.2062817388214
1.0,37120,7.267260432818752e-07,0.283203125,763.6059302710928
1.0,37140,7.2235379203541e-07,0.283355712890625,764.0107562621124
1.0,37160,7.180078000035532e-07,0.28350830078125,764.4131760890596
1.0,37180,7.13687908685621e-07,0.283660888671875,764.8148634200916
1.0,37200,7.093939633753281e-07,0.2838134765625,765.2156982407905
1.0,37220,7.051258058086971e-07,0.283966064453125,765.6216114237905
1.0,37240,7.00883283764714e-07,0.28411865234375,766.0240956200287
1.0,37260,6.96666240530224e-07,0.284271240234375,766.4272113321349
1.0,37280,6.924745258341834e-07,0.284423828125,766.8290017251857
1.0,37300,6.883079851924567e-07,0.284576416015625,767.2334053949453
1.0,37320,6.841664685990854e-07,0.28472900390625,767.6362789049745
1.0,37340,6.800498257133161e-07,0.284881591796875,768.040865697898
1.0,37360,6.759579069758281e-07,0.2850341796875,768.4405194870196
1.0,37380,6.718905646946056e-07,0.285186767578125,768.8427453069016
1.0,37400,6.678476499355678e-07,0.28533935546875,769.2418482601643
1.0,37420,6.63829017024558e-07,0.285491943359375,769.644837229047
1.0,37440,6.598345191653877e-07,0.28564453125,770.0435783648863
1.0,37460,6.558640125520643e-07,0.285797119140625,770.4571465780027
1.0,37480,6.519173525345195e-07,0.28594970703125,770.8764386507683
1.0,37500,6.479943960486636e-07,0.286102294921875,771.2806891808286
1.0,37520,6.440950004304165e-07,0.2862548828125,771.6848327550106
1.0,37540,6.402190243814172e-07,0.286407470703125,772.0890670428053
1.0,37560,6.363663280064401e-07,0.28656005859375,772.4880260978825
1.0,37580,6.325367705637168e-07,0.286712646484375,772.890145111829
1.0,37600,6.287302139074457e-07,0.286865234375,773.2890763999894
1.0,37620,6.249465184226566e-07,0.287017822265625,773.6898117838427
1.0,37640,6.211855486274176e-07,0.28717041015625,774.0884822327644
1.0,37660,6.174471668338247e-07,0.287322998046875,774.4914488098584
1.0,37680,6.137312375265549e-07,0.2874755859375,774.8923245980404
1.0,37700,6.100376266563205e-07,0.287628173828125,775.2983952169307
1.0,37720,6.063662004137746e-07,0.28778076171875,775.6995445899665
1.0,37740,6.027168239088727e-07,0.287933349609375,776.102317111101
1.0,37760,5.99089365975917e-07,0.2880859375,776.5009245639667
1.0,37780,5.954836935701481e-07,0.288238525390625,776.9043541769497
1.0,37800,5.918996781256265e-07,0.28839111328125,777.3056860901415
1.0,37820,5.883371889200126e-07,0.288543701171875,777.7080927588977
1.0,37840,5.847960949486929e-07,0.2886962890625,778.1091162888333
1.0,37860,5.812762702016758e-07,0.288848876953125,778.5118579277769
1.0,37880,5.777775853433201e-07,0.28900146484375,778.9137837467715
1.0,37900,5.742999136973341e-07,0.289154052734375,779.3211276740767
1.0,37920,5.708431296025759e-07,0.289306640625,779.7224714439362
1.0,37940,5.674071070304015e-07,0.289459228515625,780.129485078156
1.0,37960,5.639917216937921e-07,0.28961181640625,780.5316488728859
1.0,37980,5.605968496536244e-07,0.289764404296875,780.9355586557649
1.0,38000,5.572223678419842e-07,0.2899169921875,781.3381982548162
1.0,38020,5.538681523239171e-07,0.290069580078125,781.7464115759358
1.0,38040,5.505340838943291e-07,0.29022216796875,782.1504849730991
1.0,38060,5.472200403120472e-07,0.290374755859375,782.5567073510028
1.0,38080,5.43925900580189e-07,0.29052734375,782.9618872380815
1.0,38100,5.406515463771234e-07,0.290679931640625,783.3654773710296
1.0,38120,5.373968589064682e-07,0.29083251953125,783.7661127177998
1.0,38140,5.341617193195254e-07,0.290985107421875,784.1718708290718
1.0,38160,5.309460105182168e-07,0.2911376953125,784.5740802669898
1.0,38180,5.277496157181338e-07,0.291290283203125,784.9811986251734
1.0,38200,5.245724193704376e-07,0.29144287109375,785.38506429689
1.0,38220,5.214143056362234e-07,0.291595458984375,785.7909503029659
1.0,38240,5.182751602872545e-07,0.291748046875,786.1934413881972
1.0,38260,5.151548691406669e-07,0.291900634765625,786.5985475629568
1.0,38280,5.120533197558026e-07,0.29205322265625,787.0019506001845
1.0,38300,5.089703980725471e-07,0.292205810546875,787.4071130119264
1.0,38320,5.059059937214662e-07,0.2923583984375,787.8100374420173
1.0,38340,5.028599950727854e-07,0.292510986328125,788.2162140067667
1.0,38360,4.998322915361146e-07,0.29266357421875,788.6179123031907
1.0,38380,4.968227726961469e-07,0.292816162109375,789.020383530762
1.0,38400,4.938313308892405e-07,0.29296875,789.4235012158751
1.0,38420,4.908578556059031e-07,0.293121337890625,789.8277133740485
1.0,38440,4.87902240537309e-07,0.29327392578125,790.2286088978872
1.0,38460,4.849643770349276e-07,0.293426513671875,790.6351386881433
1.0,38480,4.820441599971476e-07,0.2935791015625,791.0362983047962
1.0,38500,4.791414828809764e-07,0.293731689453125,791.4427950489335
1.0,38520,4.7625623904031535e-07,0.29388427734375,791.8447334449738
1.0,38540,4.733883256605366e-07,0.294036865234375,792.2489681639709
1.0,38560,4.7053763837471206e-07,0.294189453125,792.6493932320736
1.0,38580,4.67704073024825e-07,0.294342041015625,793.0550525770523
1.0,38600,4.6488752717616174e-07,0.29449462890625,793.4572433088906
1.0,38620,4.6208789866352975e-07,0.294647216796875,793.8595890337601
1.0,38640,4.593050860326797e-07,0.2947998046875,794.2619750951417
1.0,38660,4.5653898802443157e-07,0.294952392578125,794.6637902217917
1.0,38680,4.53789504150307e-07,0.29510498046875,795.0628986419179
1.0,38700,4.5105653448812544e-07,0.295257568359375,795.4655589791946
1.0,38720,4.483399803624181e-07,0.29541015625,795.867147595156
1.0,38740,4.4563974413282094e-07,0.295562744140625,796.2728059878573
1.0,38760,4.4295572589863324e-07,0.29571533203125,796.6753356060944
1.0,38780,4.402878294704036e-07,0.295867919921875,797.0810685721226
1.0,38800,4.376359572802974e-07,0.2960205078125,797.483037380036
1.0,38820,4.3500001392065346e-07,0.296173095703125,797.8879842758179
1.0,38840,4.3237990373718413e-07,0.29632568359375,798.2890251898207
1.0,38860,4.297755303161221e-07,0.296478271484375,798.6913849851117
1.0,38880,4.2718680103640324e-07,0.296630859375,799.0931587549858
1.0,38900,4.2461362101648823e-07,0.296783447265625,799.4965898701921
1.0,38920,4.220558969779234e-07,0.29693603515625,799.8984410958365
1.0,38940,4.195135353493848e-07,0.297088623046875,800.3012063279748
1.0,38960,4.169864455984479e-07,0.2972412109375,800.702486469876
1.0,38980,4.1447453435498813e-07,0.297393798828125,801.1084985989146
1.0,39000,4.1197771143988504e-07,0.29754638671875,801.5097146127373
1.0,39020,4.0949588625104067e-07,0.297698974609375,801.9133572489955
1.0,39040,4.0702896806900944e-07,0.2978515625,802.3141622291878
1.0,39060,4.0457686824718344e-07,0.298004150390625,802.7184544261545
1.0,39080,4.0213949701402946e-07,0.29815673828125,803.119611418806
1.0,39100,3.9971676617412097e-07,0.298309326171875,803.5229665208608
1.0,39120,3.9730858888110693e-07,0.2984619140625,803.9250927539542
1.0,39140,3.9491487574539353e-07,0.298614501953125,804.3302817731164
1.0,39160,3.9253554101913793e-07,0.29876708984375,804.7314276308753
1.0,39180,3.90170498301438e-07,0.298919677734375,805.1361873508431
1.0,39200,3.8781966295253305e-07,0.299072265625,805.5433557871729
1.0,39220,3.8548294722072533e-07,0.299224853515625,805.9490572600625
1.0,39240,3.8316026831692406e-07,0.29937744140625,806.3517980678007
1.0,39260,3.808515414468231e-07,0.299530029296875,806.7580638751388
1.0,39280,3.7855668218371234e-07,0.2996826171875,807.158523129765
1.0,39300,3.7627560807900714e-07,0.299835205078125,807.5602651070803
1.0,39320,3.740082360041643e-07,0.29998779296875,807.9574521891773
1.0,39340,3.7175448373571285e-07,0.300140380859375,808.3617449481972
1.0,39360,3.69514268796963e-07,0.30029296875,808.763628819026
1.0,39380,3.672875109703193e-07,0.300445556640625,809.1672906209715
1.0,39400,3.650741298610729e-07,0.30059814453125,809.5705806631595
1.0,39420,3.6287404381242696e-07,0.300750732421875,809.9729796811007
1.0,39440,3.6068717343455707e-07,0.3009033203125,810.3751039821655
1.0,39460,3.585134388147097e-07,0.301055908203125,810.7750806850381
1.0,39480,3.563527631135348e-07,0.30120849609375,811.1775893638842
1.0,39500,3.542050662461044e-07,0.301361083984375,811.5769809531048
1.0,39520,3.520702705835729e-07,0.301513671875,811.9780918927863
1.0,39540,3.499482984424335e-07,0.301666259765625,812.3777446709573
1.0,39560,3.478390734204533e-07,0.30181884765625,812.7754778931849
1.0,39580,3.457425186022743e-07,0.301971435546875,813.1790830669925
1.0,39600,3.4365855832302756e-07,0.3021240234375,813.5799674261361
1.0,39620,3.4158711615573833e-07,0.302276611328125,813.9794700480998
1.0,39640,3.395281169722043e-07,0.30242919921875,814.3800565381534
1.0,39660,3.374814869906884e-07,0.302581787109375,814.7807567338459
1.0,39680,3.3544715184816447e-07,0.302734375,815.1807375620119
1.0,39700,3.3342503670994933e-07,0.302886962890625,815.5812634290196
1.0,39720,3.3141506870152093e-07,0.30303955078125,815.9826493961737
1.0,39740,3.294171752499817e-07,0.303192138671875,816.3869191128761
1.0,39760,3.274312843537242e-07,0.3033447265625,816.7878454490565
1.0,39780,3.25457322627455e-07,0.303497314453125,817.1882732608356
1.0,39800,3.234952192882226e-07,0.30364990234375,817.5888835238293
1.0,39820,3.215449025605491e-07,0.303802490234375,817.9957956387661
1.0,39840,3.1960630262062524e-07,0.303955078125,818.4017735710368
1.0,39860,3.1767934751731413e-07,0.304107666015625,818.807431222871
1.0,39880,3.1576396977139377e-07,0.30426025390625,819.2136438381858
1.0,39900,3.1386009789119567e-07,0.304412841796875,819.6200533220544
1.0,39920,3.119676628768808e-07,0.3045654296875,820.0242256051861
1.0,39940,3.100865967131386e-07,0.304718017578125,820.4296013507992
1.0,39960,3.082168319679004e-07,0.30487060546875,820.8314555408433
1.0,39980,3.063582987992257e-07,0.305023193359375,821.2335737738758
1.0,40000,3.045109310351619e-07,0.30517578125,821.632459348999
1.0,40020,3.026746613573702e-07,0.305328369140625,822.0512847797945
1.0,40040,3.008494235283055e-07,0.30548095703125,822.4562042187899
1.0,40060,2.990351516246579e-07,0.305633544921875,822.8614233988337
1.0,40080,2.9723177765282466e-07,0.3057861328125,823.2625041780993
1.0,40100,2.954392387170524e-07,0.305938720703125,823.6693350607529
1.0,40120,2.9365746843675446e-07,0.30609130859375,824.0743004530668
1.0,40140,2.9188640237738036e-07,0.306243896484375,824.4803894278593
1.0,40160,2.901259766679117e-07,0.306396484375,824.8820944530889
1.0,40180,2.883761273735754e-07,0.306549072265625,825.2855451158248
1.0,40200,2.86636790193228e-07,0.30670166015625,825.6910904939286
1.0,40220,2.8490790295106653e-07,0.306854248046875,826.096265162807
1.0,40240,2.8318940282724497e-07,0.3070068359375,826.5002223211341
1.0,40260,2.8148122658537113e-07,0.307159423828125,826.904475745745
1.0,40280,2.797833131052177e-07,0.30731201171875,827.3098024129868
1.0,40300,2.780956014830569e-07,0.307464599609375,827.7138509871438
1.0,40320,2.764180288730186e-07,0.3076171875,828.1146487668157
1.0,40340,2.7475053460894975e-07,0.307769775390625,828.5158992381766
1.0,40360,2.730930589922857e-07,0.30792236328125,828.9199614399113
1.0,40380,2.714455416395126e-07,0.308074951171875,829.3281872179359
1.0,40400,2.698079228895445e-07,0.3082275390625,829.7392024970613
1.0,40420,2.681801425924508e-07,0.308380126953125,830.1510667810217
1.0,40440,2.6656214244435477e-07,0.30853271484375,830.5547889759764
1.0,40460,2.649538643433744e-07,0.308685302734375,830.9590806527995
1.0,40480,2.6335524821484415e-07,0.308837890625,831.3625941220671
1.0,40500,2.6176623673967856e-07,0.308990478515625,831.7636592490599
1.0,40520,2.601867732560155e-07,0.30914306640625,832.1649318500422
1.0,40540,2.5861679895996954e-07,0.309295654296875,832.5679759639315
1.0,40560,2.5705625791185117e-07,0.3094482421875,832.9701655148529
1.0,40580,2.555050930502435e-07,0.309600830078125,833.3742774548009
1.0,40600,2.539632485196263e-07,0.30975341796875,833.7768973270431
1.0,40620,2.524306681868283e-07,0.309906005859375,834.1803720118478
1.0,40640,2.509072955872589e-07,0.31005859375,834.5803484339267
1.0,40660,2.493930769952698e-07,0.310211181640625,834.9844884327613
1.0,40680,2.4788795562799216e-07,0.31036376953125,835.3880122960545
1.0,40700,2.463918790828697e-07,0.310516357421875,835.7949502361007
1.0,40720,2.4490479105606844e-07,0.3106689453125,836.1976459720172
1.0,40740,2.43426638993999e-07,0.310821533203125,836.6004887800664
1.0,40760,2.4195736790740983e-07,0.31097412109375,837.0039588487707
1.0,40780,2.404969263963692e-07,0.311126708984375,837.4063360667787
1.0,40800,2.3904525962364185e-07,0.311279296875,837.8075309321284
1.0,40820,2.376023153974409e-07,0.311431884765625,838.2161832661368
1.0,40840,2.3616804229992046e-07,0.31158447265625,838.6222526640631
1.0,40860,2.347423874256646e-07,0.311737060546875,839.0311003671959
1.0,40880,2.3332529855255387e-07,0.3118896484375,839.4375548027456
1.0,40900,2.3191672602082582e-07,0.312042236328125,839.8481081970967
1.0,40920,2.305166167763814e-07,0.31219482421875,840.2526385020465
1.0,40940,2.291249212108545e-07,0.312347412109375,840.660225613974
1.0,40960,2.2774158905251357e-07,0.3125,841.065848597791
1.0,40980,2.2636656861406985e-07,0.312652587890625,841.4762484719977
1.0,41000,2.2499981111382158e-07,0.31280517578125,841.8840825119987
1.0,41020,2.236412668674195e-07,0.312957763671875,842.293300522957
1.0,41040,2.22290886845388e-07,0.3131103515625,842.7016077730805
1.0,41060,2.209486216397619e-07,0.313262939453125,843.1136008938774
1.0,41080,2.1961442218510133e-07,0.31341552734375,843.5216595428064
1.0,41100,2.182882409994169e-07,0.313568115234375,843.9284158437513
1.0,41120,2.1697002883273348e-07,0.313720703125,844.3390906048007
1.0,41140,2.156597390630283e-07,0.313873291015625,844.7500408841297
1.0,41160,2.143573236956397e-07,0.31402587890625,845.1581982490607
1.0,41180,2.1306273451598687e-07,0.314178466796875,845.5678137247451
1.0,41200,2.1177592598980434e-07,0.3143310546875,845.9755182578228
1.0,41220,2.104968509098106e-07,0.314483642578125,846.3848941260949
1.0,41240,2.0922546260912975e-07,0.31463623046875,846.7893398539163
1.0,41260,2.079617155226377e-07,0.314788818359375,847.1954728988931
1.0,41280,2.0670556260726968e-07,0.31494140625,847.6009176191874
1.0,41300,2.0545695961434105e-07,0.315093994140625,848.0082419198006
1.0,41320,2.0421586050786272e-07,0.31524658203125,848.4166779671796
1.0,41340,2.0298222030995955e-07,0.315399169921875,848.8315684660338
1.0,41360,2.017559946550233e-07,0.3155517578125,849.2457190388814
1.0,41380,2.0053713869552458e-07,0.315704345703125,849.6640629898757
1.0,41400,1.9932560863425835e-07,0.31585693359375,850.0835123280995
1.0,41420,1.9812136028392376e-07,0.316009521484375,850.5048764757812
1.0,41440,1.9692434895839736e-07,0.316162109375,850.922667847015
1.0,41460,1.9573453278050255e-07,0.316314697265625,851.3385729091242
1.0,41480,1.945518679300018e-07,0.31646728515625,851.7537684668787
1.0,41500,1.9337631162264954e-07,0.316619873046875,852.1664715730585
1.0,41520,1.9220782090566733e-07,0.3167724609375,852.5715952920727
1.0,41540,1.9104635287041657e-07,0.316925048828125,852.9799001291394
1.0,41560,1.8989186718194115e-07,0.31707763671875,853.3852312741801
1.0,41580,1.8874432042333585e-07,0.317230224609375,853.7908114399761
1.0,41600,1.8760367077330793e-07,0.3173828125,854.1965145948343
1.0,41620,1.8646987750213988e-07,0.317535400390625,854.6002282178961
1.0,41640,1.853429002835692e-07,0.31768798828125,855.0062527838163
1.0,41660,1.8422269670406567e-07,0.317840576171875,855.4158970499411
1.0,41680,1.8310922679150883e-07,0.3179931640625,855.8212555521168
1.0,41700,1.820024505769287e-07,0.318145751953125,856.2253187750466
1.0,41720,1.8090232691217844e-07,0.31829833984375,856.6291980459355
1.0,41740,1.7980881638670038e-07,0.318450927734375,857.0320456800982
1.0,41760,1.7872187976381274e-07,0.318603515625,857.4377317819744
1.0,41780,1.776414766919089e-07,0.318756103515625,857.8464087098837
1.0,41800,1.765675688604792e-07,0.31890869140625,858.2497126399539
1.0,41820,1.7550011656002134e-07,0.319061279296875,858.6548856077716
1.0,41840,1.7443908144317496e-07,0.3192138671875,859.0582119589671
1.0,41860,1.7338442518764537e-07,0.319366455078125,859.4624069528654
1.0,41880,1.7233611020375903e-07,0.31951904296875,859.8667824850418
1.0,41900,1.7129409610793588e-07,0.319671630859375,860.2746022767387
1.0,41920,1.7025834703137617e-07,0.31982421875,860.680130250752
1.0,41940,1.6922882455356455e-07,0.319976806640625,861.083916915115
1.0,41960,1.682054920709934e-07,0.32012939453125,861.4909590478055
1.0,41980,1.6718831243971227e-07,0.320281982421875,861.8977823811583
1.0,42000,1.6617724734349022e-07,0.3204345703125,862.3033552072011
1.0,42020,1.6517226180290307e-07,0.320587158203125,862.7095060260035
1.0,42040,1.641733185294887e-07,0.32073974609375,863.114940261934
1.0,42060,1.6318038095551834e-07,0.320892333984375,863.5195048637688
1.0,42080,1.621934146014414e-07,0.321044921875,863.9261387558654
1.0,42100,1.6121238223628853e-07,0.321197509765625,864.3293951121159
1.0,42120,1.602372480864962e-07,0.32135009765625,864.7363449689001
1.0,42140,1.5926797790849492e-07,0.321502685546875,865.1393310828134
1.0,42160,1.5830453537237484e-07,0.3216552734375,865.5425390619785
1.0,42180,1.5734688640238816e-07,0.321807861328125,865.9460863471031
1.0,42200,1.5639499603559635e-07,0.32196044921875,866.3463173289783
1.0,42220,1.5544882943785618e-07,0.322113037109375,866.7507759551518
1.0,42240,1.5450835194327272e-07,0.322265625,867.1524143591523
1.0,42260,1.5357353055674476e-07,0.322418212890625,867.5573176457547
1.0,42280,1.526443303331875e-07,0.32257080078125,867.9611306060106
1.0,42300,1.5172071865913258e-07,0.322723388671875,868.3640236621723
1.0,42320,1.5080266072917322e-07,0.3228759765625,868.7642220589332
1.0,42340,1.4989012388629162e-07,0.323028564453125,869.1710702157579
1.0,42360,1.489830753176088e-07,0.32318115234375,869.5738696139306
1.0,42380,1.4808148206249204e-07,0.323333740234375,869.9773229397833
1.0,42400,1.471853101350077e-07,0.323486328125,870.3800443508662
1.0,42420,1.462945287957458e-07,0.323638916015625,870.7871018461883
1.0,42440,1.4540910488799883e-07,0.32379150390625,871.1906583928503
1.0,42460,1.445290058368037e-07,0.323944091796875,871.5946331149898
1.0,42480,1.436542000926849e-07,0.3240966796875,871.9991418500431
1.0,42500,1.4278465662862327e-07,0.324249267578125,872.405594904907
1.0,42520,1.4192034330781287e-07,0.32440185546875,872.8092048759572
1.0,42540,1.4106122813386564e-07,0.324554443359375,873.2112137591466
1.0,42560,1.4020728046584405e-07,0.32470703125,873.6123621999286
1.0,42580,1.3935847013704528e-07,0.324859619140625,874.0159027958289
1.0,42600,1.3851476534906047e-07,0.32501220703125,874.4177007889375
1.0,42620,1.3767613565792067e-07,0.325164794921875,874.8224659860134
1.0,42640,1.3684255079677267e-07,0.3253173828125,875.2266633538529
1.0,42660,1.3601398097366233e-07,0.325469970703125,875.6279063550755
1.0,42680,1.3519039430258612e-07,0.32562255859375,876.031263508834
1.0,42700,1.343717631953834e-07,0.325775146484375,876.4348272061907
1.0,42720,1.3355805681124957e-07,0.325927734375,876.8359866221435
1.0,42740,1.3274924587071616e-07,0.326080322265625,877.239744626917
1.0,42760,1.3194530042086633e-07,0.32623291015625,877.643311698921
1.0,42780,1.311461921656731e-07,0.326385498046875,878.0506544848904
1.0,42800,1.3035189138295932e-07,0.3265380859375,878.4538300489075
1.0,42820,1.295623708743192e-07,0.326690673828125,878.8582053608261
1.0,42840,1.2877759900253148e-07,0.32684326171875,879.2594713140279
1.0,42860,1.2799755045179286e-07,0.326995849609375,879.6618417031132
1.0,42880,1.272221952587492e-07,0.3271484375,880.0624502631836
1.0,42900,1.264515049708952e-07,0.327301025390625,880.4673938751221
1.0,42920,1.256854526644657e-07,0.32745361328125,880.8711143578403
1.0,42940,1.2492400946258337e-07,0.327606201171875,881.2735145478509
1.0,42960,1.241671494106863e-07,0.3277587890625,881.6757802828215
1.0,42980,1.2341484277373906e-07,0.327911376953125,882.0809145770036
1.0,43000,1.2266706509121634e-07,0.32806396484375,882.4823611178435
1.0,43020,1.2192378637822392e-07,0.328216552734375,882.887083386071
1.0,43040,1.2118498086743441e-07,0.328369140625,883.2909844769165
1.0,43060,1.2045062264825062e-07,0.328521728515625,883.695436143782
1.0,43080,1.197206837590833e-07,0.32867431640625,884.0968050681986
1.0,43100,1.1899513753572712e-07,0.328826904296875,884.5005070748739
1.0,43120,1.1827395851977674e-07,0.3289794921875,884.9033148251474
1.0,43140,1.1755712141548636e-07,0.329132080078125,885.3106658519246
1.0,43160,1.1684459810810626e-07,0.32928466796875,885.7169928331859
1.0,43180,1.1613636359862955e-07,0.329437255859375,886.1306795701385
1.0,43200,1.1543239279121438e-07,0.32958984375,886.537413709797
1.0,43220,1.1473266016056658e-07,0.329742431640625,886.9392749601975
1.0,43240,1.1403713933170173e-07,0.32989501953125,887.3515600920655
1.0,43260,1.1334580542473994e-07,0.330047607421875,887.7648069849238
1.0,43280,1.126586330630531e-07,0.3302001953125,888.1803579498082
1.0,43300,1.1197559847610487e-07,0.330352783203125,888.587714435067
1.0,43320,1.1129667631369645e-07,0.33050537109375,889.0013308548369
1.0,43340,1.1062184153609937e-07,0.330657958984375,889.4157730387524
1.0,43360,1.0995107015186702e-07,0.330810546875,889.8172185081057
1.0,43380,1.0928433777694185e-07,0.330963134765625,890.2210431532003
1.0,43400,1.0862161980636746e-07,0.33111572265625,890.6189450467937
1.0,43420,1.0796289218431357e-07,0.331268310546875,891.0186852449551
1.0,43440,1.0730813175170292e-07,0.3314208984375,891.4276341060176
1.0,43460,1.0665731421668252e-07,0.331573486328125,891.8406417197548
1.0,43480,1.0601041563734713e-07,0.33172607421875,892.2449690960348
1.0,43500,1.0536741307916291e-07,0.331878662109375,892.6555420570076
1.0,43520,1.0472828313123749e-07,0.33203125,893.0630610147491
1.0,43540,1.0409300293549589e-07,0.332183837890625,893.4698769981042
1.0,43560,1.0346154834552552e-07,0.33233642578125,893.8834065189585
1.0,43580,1.0283389731002366e-07,0.332489013671875,894.2923904079944
1.0,43600,1.0221002739288644e-07,0.3326416015625,894.7023498970084
1.0,43620,1.0158991547819833e-07,0.332794189453125,895.1148456777446
1.0,43640,1.0097353828191095e-07,0.33294677734375,895.5254008239135
1.0,43660,1.0036087440609449e-07,0.333099365234375,895.9302920750342
1.0,43680,9.97519014504562e-08,0.333251953125,896.340246536769
1.0,43700,9.914659822290142e-08,0.333404541015625,896.7548214117996
1.0,43720,9.854494068515785e-08,0.33355712890625,897.1621123468503
1.0,43740,9.794690914618862e-08,0.333709716796875,897.5744874030352
1.0,43760,9.735248015731898e-08,0.3338623046875,897.978374895174
1.0,43780,9.676163344291397e-08,0.334014892578125,898.3861150969751
1.0,43800,9.617434641581845e-08,0.33416748046875,898.7933887881227
1.0,43820,9.559059890547613e-08,0.334320068359375,899.208510663826
1.0,43840,9.501036929264713e-08,0.33447265625,899.6260513518937
1.0,43860,9.443363581231635e-08,0.334625244140625,900.0445934049785
1.0,43880,9.386037928707846e-08,0.33477783203125,900.466921525076
1.0,43900,9.329057720903026e-08,0.334930419921875,900.8867745581083
1.0,43920,9.272420938198852e-08,0.3350830078125,901.310480910819
1.0,43940,9.216125610668882e-08,0.335235595703125,901.7335261558183
1.0,43960,9.160169440351267e-08,0.33538818359375,902.1450854521245
1.0,43980,9.104550750439128e-08,0.335540771484375,902.5552413901314
1.0,44000,9.049267308462229e-08,0.335693359375,902.9682924738154
1.0,44020,8.994317192077968e-08,0.335845947265625,903.3969387789257
1.0,44040,8.939698239592352e-08,0.33599853515625,903.8181771440431
1.0,44060,8.885408875002906e-08,0.336151123046875,904.2256166827865
1.0,44080,8.831446578440805e-08,0.3363037109375,904.6509702280164
1.0,44100,8.777809806877792e-08,0.336456298828125,905.0788546968251
1.0,44120,8.724496462583544e-08,0.33660888671875,905.5091023007408
1.0,44140,8.671504560370202e-08,0.336761474609375,905.9274480938911
1.0,44160,8.618832289343255e-08,0.3369140625,906.3265737690963
1.0,44180,8.566477679204986e-08,0.337066650390625,906.7269979957491
1.0,44200,8.514438862664809e-08,0.33721923828125,907.1252572000958
1.0,44220,8.462713937572057e-08,0.337371826171875,907.5296298079193
1.0,44240,8.411301043537215e-08,0.3375244140625,907.9325583428144
1.0,44260,8.360198148646354e-08,0.337677001953125,908.3423742051236
1.0,44280,8.309403694239398e-08,0.33782958984375,908.7469985890202
1.0,44300,8.258915599381343e-08,0.337982177734375,909.1517219790258
1.0,44320,8.20873221717058e-08,0.338134765625,909.553614762146
1.0,44340,8.158851522798979e-08,0.338287353515625,909.9559346321039
1.0,44360,8.109271891661032e-08,0.33843994140625,910.3614584798925
1.0,44380,8.059991433675412e-08,0.338592529296875,910.7694899220951
1.0,44400,8.011008358474106e-08,0.3387451171875,911.1736275581643
1.0,44420,7.962320912586795e-08,0.338897705078125,911.5823898529634
1.0,44440,7.91392727355049e-08,0.33905029296875,911.9881102908403
1.0,44460,7.865825778793286e-08,0.339202880859375,912.3938989839517
1.0,44480,7.818014645329166e-08,0.33935546875,912.7975632189773
1.0,44500,7.770492116627606e-08,0.339508056640625,913.2069792421535
1.0,44520,7.72325655284947e-08,0.33966064453125,913.6115328688174
1.0,44540,7.676306078551465e-08,0.339813232421875,914.014904982876
1.0,44560,7.629639102257106e-08,0.3399658203125,914.418246645946
1.0,44580,7.583253919089671e-08,0.340118408203125,914.8258866998367
1.0,44600,7.537148836028522e-08,0.34027099609375,915.2313793958165
1.0,44620,7.491322210607797e-08,0.340423583984375,915.634842034895
1.0,44640,7.445772305278076e-08,0.340576171875,916.0535442270339
1.0,44660,7.400497540046836e-08,0.340728759765625,916.4565146500245
1.0,44680,7.355496334432557e-08,0.34088134765625,916.8638806981035
1.0,44700,7.310766839306394e-08,0.341033935546875,917.271736798808
1.0,44720,7.266307553926096e-08,0.3411865234375,917.707694652956
1.0,44740,7.222116999425717e-08,0.341339111328125,918.1745253549889
1.0,44760,7.178193475453359e-08,0.34149169921875,918.640985539183
1.0,44780,7.1345351977677e-08,0.341644287109375,919.0880846898071
1.0,44800,7.091140911674809e-08,0.341796875,919.5410920130089
1.0,44820,7.048008682588878e-08,0.341949462890625,920.0233358270489
1.0,44840,7.005137286316622e-08,0.34210205078125,920.5112723768689
1.0,44860,6.962524971126187e-08,0.342254638671875,920.9894929779693
1.0,44880,6.920170329454088e-08,0.3424072265625,921.4376486791298
1.0,44900,6.878071630488334e-08,0.342559814453125,921.8661092198454
1.0,44920,6.836227500570726e-08,0.34271240234375,922.2865068200044
1.0,44940,6.794636404565668e-08,0.342864990234375,922.7040073331445
1.0,44960,6.753296724105323e-08,0.343017578125,923.1126594361849
1.0,44980,6.712207101809161e-08,0.343170166015625,923.5221275510266
1.0,45000,6.671365905596871e-08,0.34332275390625,923.9266425841488
1.0,45020,6.630771852986552e-08,0.343475341796875,924.3565422007814
1.0,45040,6.590423248968487e-08,0.3436279296875,924.7616541939788
1.0,45060,6.550318858209648e-08,0.343780517578125,925.1669826139696
1.0,45080,6.510456988941524e-08,0.34393310546875,925.5700209001079
1.0,45100,6.47083630869509e-08,0.344085693359375,925.969576715026
1.0,45120,6.431455423934217e-08,0.34423828125,926.3686609319411
1.0,45140,6.392312880644749e-08,0.344390869140625,926.768051260151
1.0,45160,6.35340722509241e-08,0.34454345703125,927.1671116040088
1.0,45180,6.31473701824465e-08,0.344696044921875,927.5671737738885
1.0,45200,6.276300972929571e-08,0.3448486328125,928.0088818529621
1.0,45220,6.23809754007551e-08,0.345001220703125,928.4686011117883
1.0,45240,6.200125415506206e-08,0.34515380859375,928.9329080791213
1.0,45260,6.162383252363644e-08,0.345306396484375,929.4032105877995
1.0,45280,6.12486971559973e-08,0.345458984375,929.8685897970572
1.0,45300,6.08758331672333e-08,0.345611572265625,930.328560099937
1.0,45320,6.05052282207011e-08,0.34576416015625,930.7954743471928
1.0,45340,6.013686800897377e-08,0.345916748046875,931.2261671721935
1.0,45360,5.97707392013685e-08,0.3460693359375,931.6275109318085
1.0,45380,5.940682902979589e-08,0.346221923828125,932.0366650847718
1.0,45400,5.90451244951024e-08,0.34637451171875,932.4426755318418
1.0,45420,5.868561163391335e-08,0.346527099609375,932.8498552041128
1.0,45440,5.83282772193841e-08,0.3466796875,933.2623918107711
1.0,45460,5.7973109650010156e-08,0.346832275390625,933.6676372778602
1.0,45480,5.762009494898248e-08,0.34698486328125,934.0769735109061
1.0,45500,5.726922042661487e-08,0.347137451171875,934.4850305877626
1.0,45520,5.6920474348221473e-08,0.3472900390625,934.8924347078428
1.0,45540,5.657384310226154e-08,0.347442626953125,935.3197739091702
1.0,45560,5.622931402094431e-08,0.34759521484375,935.7496645627543
1.0,45580,5.588687518282204e-08,0.347747802734375,936.1883677467704
1.0,45600,5.5546513400517936e-08,0.347900390625,936.6189012927935
1.0,45620,5.520821753241655e-08,0.348052978515625,937.0500399707817
1.0,45640,5.4871973867382985e-08,0.34820556640625,937.4689559168182
1.0,45660,5.45377721477482e-08,0.348358154296875,937.8703918228857
1.0,45680,5.420559798396178e-08,0.3485107421875,938.2731070448644
1.0,45700,5.3875440736831386e-08,0.348663330078125,938.6783963120542
1.0,45720,5.354728739128895e-08,0.34881591796875,939.0843642498367
1.0,45740,5.322112741359675e-08,0.348968505859375,939.4910258310847
1.0,45760,5.289694860238204e-08,0.34912109375,939.895333330147
1.0,45780,5.2574738943855704e-08,0.349273681640625,940.3030089731328
1.0,45800,5.225448594667184e-08,0.34942626953125,940.7066717469133
1.0,45820,5.1936179206923495e-08,0.349578857421875,941.129918278195
1.0,45840,5.161980662191413e-08,0.3497314453125,941.5602461327799
1.0,45860,5.130535700436555e-08,0.349884033203125,941.9980512629263
1.0,45880,5.099281778775575e-08,0.35003662109375,942.4288496831432
1.0,45900,5.068217998091783e-08,0.350189208984375,942.8634280138649
1.0,45920,5.037343027009963e-08,0.350341796875,943.2957758111879
1.0,45940,5.006655827577496e-08,0.350494384765625,943.7117977640592
1.0,45960,4.9761552223578696e-08,0.35064697265625,944.1196511709131
1.0,45980,4.9458403269422014e-08,0.350799560546875,944.5411895471625
1.0,46000,4.915709724595092e-08,0.3509521484375,944.9578212369233
1.0,46020,4.8857625579860415e-08,0.351104736328125,945.3704554880969
1.0,46040,4.8559975838886775e-08,0.35125732421875,945.7749458579347
1.0,46060,4.826413840994584e-08,0.351409912109375,946.1814944539219
1.0,46080,4.797010170485625e-08,0.3515625,946.5814786371775
1.0,46100,4.7677855371315225e-08,0.351715087890625,946.9842169908807
1.0,46120,4.738738932395217e-08,0.35186767578125,947.3856607377529
1.0,46140,4.709869258598522e-08,0.352020263671875,947.7856176029891
1.0,46160,4.6811754072840516e-08,0.3521728515625,948.1859796550125
1.0,46180,4.652656357580365e-08,0.352325439453125,948.5875331619754
1.0,46200,4.624311226940087e-08,0.35247802734375,948.9889827268198
1.0,46220,4.596138887316458e-08,0.352630615234375,949.3922359780408
1.0,46240,4.568138292070393e-08,0.352783203125,949.7932739779353
1.0,46260,4.540308417344649e-08,0.352935791015625,950.1952482829802
1.0,46280,4.512648225877678e-08,0.35308837890625,950.5960603929125
1.0,46300,4.4851568611383595e-08,0.353240966796875,950.997177220881
1.0,46320,4.457833193412675e-08,0.3533935546875,951.3969250791706
1.0,46340,4.430676276820696e-08,0.353546142578125,951.7983927489258
1.0,46360,4.403685052807949e-08,0.35369873046875,952.1977523341775
1.0,46380,4.3768587133516755e-08,0.353851318359375,952.5964666139334
1.0,46400,4.350196172289468e-08,0.35400390625,952.995628267061
1.0,46420,4.323696445633743e-08,0.354156494140625,953.3970565330237
1.0,46440,4.297358554098262e-08,0.35430908203125,953.7958125988953
1.0,46460,4.271181592360177e-08,0.354461669921875,954.196617087815
1.0,46480,4.2451647249312824e-08,0.3546142578125,954.5968617689796
1.0,46500,4.219306804246779e-08,0.354766845703125,955.0015840367414
1.0,46520,4.1936069967765005e-08,0.35491943359375,955.4016972770914
1.0,46540,4.1680643690056556e-08,0.355072021484375,955.8026120979339
1.0,46560,4.142678002641396e-08,0.355224609375,956.2009414290078
1.0,46580,4.1174468617728005e-08,0.355377197265625,956.6000459138304
1.0,46600,4.0923701787304575e-08,0.35552978515625,956.9973337040283
1.0,46620,4.067447032872883e-08,0.355682373046875,957.3957582158037
1.0,46640,4.042676443025658e-08,0.3558349609375,957.7925616521388
1.0,46660,4.0180575654953405e-08,0.355987548828125,958.1943445638753
1.0,46680,3.993589473982064e-08,0.35614013671875,958.5936644249596
1.0,46700,3.9692711749803326e-08,0.356292724609375,958.9954347298481
1.0,46720,3.945102127939053e-08,0.3564453125,959.3962182700634
1.0,46740,3.921081139797617e-08,0.356597900390625,959.7982882168144
1.0,46760,3.897207414586303e-08,0.35675048828125,960.1982934889384
1.0,46780,3.873480063731722e-08,0.356903076171875,960.6001552897505
1.0,46800,3.8498984022612704e-08,0.3570556640625,961.0004119970836
1.0,46820,3.82646132967841e-08,0.357208251953125,961.4051194740459
1.0,46840,3.803168190212705e-08,0.35736083984375,961.8061338220723
1.0,46860,3.78001802495531e-08,0.357513427734375,962.2069001379423
1.0,46880,3.7570099969861294e-08,0.357666015625,962.6048649889417
1.0,46900,3.73414342065656e-08,0.357818603515625,963.0055718738586
1.0,46920,3.711417214694591e-08,0.35797119140625,963.4035193999298
1.0,46940,3.6888307443139866e-08,0.358123779296875,963.8034717398696
1.0,46960,3.666383202082107e-08,0.3582763671875,964.2041973811574
1.0,46980,3.64407363879414e-08,0.358428955078125,964.6058752690442
1.0,47000,3.6219012817679026e-08,0.35858154296875,965.0065594729967
1.0,47020,3.599865459178084e-08,0.358734130859375,965.4107750551775
1.0,47040,3.577965258481066e-08,0.35888671875,965.809226624202
1.0,47060,3.556199921967926e-08,0.359039306640625,966.2088935808279
1.0,47080,3.534568579351942e-08,0.35919189453125,966.6073888698593
1.0,47100,3.5130705854027726e-08,0.359344482421875,967.0088193281554
1.0,47120,3.491704986745563e-08,0.3594970703125,967.4068574989215
1.0,47140,3.470471176871994e-08,0.359649658203125,967.8079747878946
1.0,47160,3.449368342486811e-08,0.35980224609375,968.2069667889737
1.0,47180,3.4283956038464226e-08,0.359954833984375,968.6082571852021
1.0,47200,3.40755235488187e-08,0.360107421875,969.0083027421497
1.0,47220,3.38683781758141e-08,0.360260009765625,969.4119641939178
1.0,47240,3.366251129598047e-08,0.36041259765625,969.8112826221623
1.0,47260,3.345791639463142e-08,0.360565185546875,970.211725434754
1.0,47280,3.3254585840365606e-08,0.3607177734375,970.6089664008468
1.0,47300,3.305251187384699e-08,0.360870361328125,971.0109488680027
1.0,47320,3.2851688066136036e-08,0.36102294921875,971.4114689538255
1.0,47340,3.265210615165591e-08,0.361175537109375,971.8126247781329
1.0,47360,3.2453759791845276e-08,0.361328125,972.2103941370733
1.0,47380,3.2256640657991115e-08,0.361480712890625,972.6140862950124
1.0,47400,3.2060742895631657e-08,0.36163330078125,973.0122473589145
1.0,47420,3.186605850410782e-08,0.361785888671875,973.4123979001306
1.0,47440,3.167258124139739e-08,0.3619384765625,973.8087232070975
1.0,47460,3.148030280436332e-08,0.362091064453125,974.2089286027476
1.0,47480,3.128921706031717e-08,0.36224365234375,974.6088087041862
1.0,47500,3.109931768978968e-08,0.362396240234375,975.0103584057651
1.0,47520,3.091059718006264e-08,0.362548828125,975.4097201498225
1.0,47540,3.072304812117203e-08,0.362701416015625,975.8136611781083
1.0,47560,3.053666419124398e-08,0.36285400390625,976.2112022149377
1.0,47580,3.0351439461872146e-08,0.363006591796875,976.6117141898721
1.0,47600,3.0167365465604113e-08,0.3631591796875,977.0078882900998
1.0,47620,2.998443752369329e-08,0.363311767578125,977.4063118118793
1.0,47640,2.980264679780006e-08,0.36346435546875,977.8067557839677
1.0,47660,2.962198950987015e-08,0.363616943359375,978.2073205811903
1.0,47680,2.94424561888552e-08,0.36376953125,978.606984316837
1.0,47700,2.926404215251738e-08,0.363922119140625,979.0082559897564
1.0,47720,2.9086740195562336e-08,0.36407470703125,979.4077180312015
1.0,47740,2.8910543959824162e-08,0.364227294921875,979.808675784152
1.0,47760,2.8735447947051073e-08,0.3643798828125,980.2080841111019
1.0,47780,2.856144460122914e-08,0.364532470703125,980.6099760211073
1.0,47800,2.838852772269741e-08,0.36468505859375,981.0090715810657
1.0,47820,2.8216692601401325e-08,0.364837646484375,981.4108032318763
1.0,47840,2.8045931113319108e-08,0.364990234375,981.8104247199371
1.0,47860,2.7876236854771354e-08,0.365142822265625,982.213828605134
1.0,47880,2.7707605166831916e-08,0.36529541015625,982.6118522910401
1.0,47900,2.754003023659657e-08,0.365447998046875,983.0127551699989
1.0,47920,2.7373504037715275e-08,0.3656005859375,983.4105908689089
1.0,47940,2.7208022207240075e-08,0.365753173828125,983.8090095748194
1.0,47960,2.7043577210887247e-08,0.36590576171875,984.2090070671402
1.0,47980,2.6880165493226127e-08,0.366058349609375,984.6086904699914
1.0,48000,2.6717779100196838e-08,0.3662109375,985.006644019857
1.0,48020,2.6556412885823088e-08,0.366363525390625,985.407162534073
1.0,48040,2.6396060614295557e-08,0.36651611328125,985.8057219721377
1.0,48060,2.6236716566635922e-08,0.366668701171875,986.2093042097986
1.0,48080,2.607837560152989e-08,0.3668212890625,986.6055970219895
1.0,48100,2.5921030515670813e-08,0.366973876953125,987.0051855561323
1.0,48120,2.576467696810544e-08,0.36712646484375,987.4021156178787
1.0,48140,2.56093092133957e-08,0.367279052734375,987.7999819698744
1.0,48160,2.5454920731759197e-08,0.367431640625,988.1997365099378
1.0,48180,2.530150660053136e-08,0.367584228515625,988.5999462320469
1.0,48200,2.5149061703420637e-08,0.36773681640625,989.001362811774
1.0,48220,2.4997579031836585e-08,0.367889404296875,989.4032057048753
1.0,48240,2.4847055209609458e-08,0.3680419921875,989.8008578228764
1.0,48260,2.469748221148265e-08,0.368194580078125,990.2019999590702
1.0,48280,2.4548856690078074e-08,0.36834716796875,990.6004273961298
1.0,48300,2.440117235172404e-08,0.368499755859375,991.0012612310238
1.0,48320,2.4254424079524684e-08,0.36865234375,991.4001966821961
1.0,48340,2.4108606249753463e-08,0.368804931640625,991.7998818079941
1.0,48360,2.396371426449428e-08,0.36895751953125,992.2003364339471
1.0,48380,2.381974155402084e-08,0.369110107421875,992.6011023661122
1.0,48400,2.3676684610898296e-08,0.3692626953125,992.9999230210669
1.0,48420,2.353453634031739e-08,0.369415283203125,993.401621164754
1.0,48440,2.339329405473433e-08,0.36956787109375,993.8005928159691
1.0,48460,2.325295027991789e-08,0.369720458984375,994.1995588201098
1.0,48480,2.311350125007713e-08,0.369873046875,994.5989889968187
1.0,48500,2.297494098668872e-08,0.370025634765625,994.9983595628291
1.0,48520,2.283726542168375e-08,0.37017822265625,995.3981132218614
1.0,48540,2.2700468780955565e-08,0.370330810546875,995.7999708638526
1.0,48560,2.256454679227419e-08,0.3704833984375,996.2004304579459
1.0,48580,2.242949382477002e-08,0.370635986328125,996.6026184521616
1.0,48600,2.2295305542259687e-08,0.37078857421875,997.003435423132
1.0,48620,2.21619768796011e-08,0.370941162109375,997.4025721391663
1.0,48640,2.202950269971669e-08,0.37109375,997.8017389769666
1.0,48660,2.189787890120808e-08,0.371246337890625,998.2029813891277
1.0,48680,2.1767099421459822e-08,0.37139892578125,998.6011941130273
1.0,48700,2.1637161212807574e-08,0.371551513671875,999.0020898920484
1.0,48720,2.1508057775971986e-08,0.3717041015625,999.4025761219673
1.0,48740,2.1379785880854312e-08,0.371856689453125,999.8035730789416
1.0,48760,2.1252340964784827e-08,0.37200927734375,1000.2007014029659
1.0,48780,2.1125716317404284e-08,0.372161865234375,1000.6012428668328
1.0,48800,2.0999909069928797e-08,0.372314453125,1000.9976839320734
1.0,48820,2.0874915075147654e-08,0.372467041015625,1001.3958424529992
1.0,48840,2.075072831859904e-08,0.37261962890625,1001.7936166678555
1.0,48860,2.062734516861148e-08,0.372772216796875,1002.1958112111315
1.0,48880,2.0504761028158595e-08,0.3729248046875,1002.5940721211955
1.0,48900,2.0382971449129554e-08,0.373077392578125,1002.9957763240673
1.0,48920,2.0261972728066026e-08,0.37322998046875,1003.396493929904
1.0,48940,2.0141758359793343e-08,0.373382568359375,1003.7983813229948
1.0,48960,2.002232557675017e-08,0.37353515625,1004.1965529709123
1.0,48980,1.9903670316313474e-08,0.373687744140625,1004.5986943119206
1.0,49000,1.9785787685173217e-08,0.37384033203125,1004.9972088881768
1.0,49020,1.9668672331844778e-08,0.373992919921875,1005.3985970797949
1.0,49040,1.9552321342283918e-08,0.3741455078125,1005.7979516438209
1.0,49060,1.94367308424524e-08,0.374298095703125,1006.1983642731793
1.0,49080,1.9321895124447585e-08,0.37445068359375,1006.5967000247911
1.0,49100,1.9207811870321167e-08,0.374603271484375,1006.9961691559292
1.0,49120,1.909447539938282e-08,0.374755859375,1007.3966581891291
1.0,49140,1.898188275285762e-08,0.374908447265625,1007.796684130095
1.0,49160,1.887002838484928e-08,0.37506103515625,1008.1958916229196
1.0,49180,1.875890901309617e-08,0.375213623046875,1008.5972879449837
1.0,49200,1.8648520351424728e-08,0.3753662109375,1008.9964775638655
1.0,49220,1.8538859515274834e-08,0.375518798828125,1009.3973665437661
1.0,49240,1.8429920976135265e-08,0.37567138671875,1009.7947444980964
1.0,49260,1.832170054188344e-08,0.375823974609375,1010.1924763759598
1.0,49280,1.8214195875257544e-08,0.3759765625,1010.590770311188
1.0,49300,1.8107401643214837e-08,0.376129150390625,1010.9904936188832
1.0,49320,1.800131442385647e-08,0.37628173828125,1011.3908289219253
1.0,49340,1.7895932064483416e-08,0.376434326171875,1011.7928735101596
1.0,49360,1.779124714505227e-08,0.3765869140625,1012.1913903797977
1.0,49380,1.768725828141053e-08,0.376739501953125,1012.5941135850735
1.0,49400,1.758396231387668e-08,0.37689208984375,1012.9946573227644
1.0,49420,1.748135314005729e-08,0.377044677734375,1013.3949242630042
1.0,49440,1.737942802951083e-08,0.377197265625,1013.7902020690963
1.0,49460,1.7278184571199954e-08,0.377349853515625,1014.1886934139766
1.0,49480,1.717761633008846e-08,0.37750244140625,1014.5883935899474
1.0,49500,1.707772214227317e-08,0.377655029296875,1014.9876502701081
1.0,49520,1.6978496716563755e-08,0.3778076171875,1015.3852090607397
1.0,49540,1.6879938209798804e-08,0.377960205078125,1015.7862930470146
1.0,49560,1.678204074329735e-08,0.37811279296875,1016.1849784171209
1.0,49580,1.6684802501763627e-08,0.378265380859375,1016.5856715999544
1.0,49600,1.6588218522214476e-08,0.37841796875,1016.9837974947877
1.0,49620,1.649228641992426e-08,0.378570556640625,1017.3843284258619
1.0,49640,1.639700173918787e-08,0.37872314453125,1017.7843849491328
1.0,49660,1.6302361768479478e-08,0.378875732421875,1018.1844946038909
1.0,49680,1.6208363462919184e-08,0.3790283203125,1018.582865153905
1.0,49700,1.611500152712216e-08,0.379180908203125,1018.9843525108881
1.0,49720,1.602227386765117e-08,0.37933349609375,1019.3822070360184
1.0,49740,1.5930177166200935e-08,0.379486083984375,1019.7805915451609
1.0,49760,1.583870778035638e-08,0.379638671875,1020.1749231079593
1.0,49780,1.5747861279543033e-08,0.379791259765625,1020.572127204854
1.0,49800,1.565763553915055e-08,0.37994384765625,1020.9669473161921
1.0,49820,1.5568027110833367e-08,0.380096435546875,1021.3617011359893
1.0,49840,1.5479032395895744e-08,0.3802490234375,1021.7566909291781
1.0,49860,1.5390648343014478e-08,0.380401611328125,1022.1533736730926
1.0,49880,1.5302871608280303e-08,0.38055419921875,1022.5483524207957
1.0,49900,1.5215697839347994e-08,0.380706787109375,1022.9455402959138
1.0,49920,1.5129125866069843e-08,0.380859375,1023.3404104150832
1.0,49940,1.5043150734127696e-08,0.381011962890625,1023.7384061729535
1.0,49960,1.4957770426154816e-08,0.38116455078125,1024.1375373518094
1.0,49980,1.4872980903506259e-08,0.381317138671875,1024.53760514874
1.0,50000,1.4788779789641568e-08,0.3814697265625,1024.9365472099744
1.0,50020,1.4705163421777079e-08,0.381622314453125,1025.3527516978793
1.0,50040,1.462212853275038e-08,0.38177490234375,1025.7481903741136
1.0,50060,1.4539672369439074e-08,0.381927490234375,1026.1469516269863
1.0,50080,1.4457791954496173e-08,0.382080078125,1026.5423879390582
1.0,50100,1.4376483761942458e-08,0.382232666015625,1026.9382349727675
1.0,50120,1.429574481411237e-08,0.38238525390625,1027.3340541278012
1.0,50140,1.4215572979093605e-08,0.382537841796875,1027.7343794079497
1.0,50160,1.4135964003054485e-08,0.3826904296875,1028.132905520033
1.0,50180,1.4056915327528012e-08,0.382843017578125,1028.5333449458703
1.0,50200,1.3978424265896352e-08,0.38299560546875,1028.928881013766
1.0,50220,1.3900487735979138e-08,0.383148193359375,1029.3294650171883
1.0,50240,1.382310276285913e-08,0.38330078125,1029.7265338287689
1.0,50260,1.374626701003563e-08,0.383453369140625,1030.1272277729586
1.0,50280,1.3669975864783844e-08,0.38360595703125,1030.5231964820996
1.0,50300,1.3594228176948854e-08,0.383758544921875,1030.922535534948
1.0,50320,1.3519020183273258e-08,0.3839111328125,1031.3189643430524
1.0,50340,1.3444349840793446e-08,0.384063720703125,1031.7182916197926
1.0,50360,1.3370212996518208e-08,0.38421630859375,1032.1166617991403
1.0,50380,1.3296607923069214e-08,0.384368896484375,1032.5173043319955
1.0,50400,1.3223532178265392e-08,0.384521484375,1032.9132742830552
1.0,50420,1.315098179897675e-08,0.384674072265625,1033.313983648084
1.0,50440,1.3078954833972837e-08,0.38482666015625,1033.7109699971043
1.0,50460,1.3007448113941862e-08,0.384979248046875,1034.1122636101209
1.0,50480,1.2936458453424361e-08,0.3851318359375,1034.5068967947736
1.0,50500,1.2865983849360852e-08,0.385284423828125,1034.90627717413
1.0,50520,1.2796022651137885e-08,0.38543701171875,1035.300524923019
1.0,50540,1.2726569879085892e-08,0.385589599609375,1035.7006387240253
1.0,50560,1.2657623808014491e-08,0.3857421875,1036.0969112780876
1.0,50580,1.258918336949699e-08,0.385894775390625,1036.4970610281453
1.0,50600,1.2521242419915241e-08,0.38604736328125,1036.8941974728368
1.0,50620,1.2453801244611251e-08,0.386199951171875,1037.2953021670692
1.0,50640,1.2386856354559512e-08,0.3863525390625,1037.6923428610899
1.0,50660,1.2320405777485461e-08,0.386505126953125,1038.093015014194
1.0,50680,1.2254444946624359e-08,0.38665771484375,1038.4890420329757
1.0,50700,1.2188973053617193e-08,0.386810302734375,1038.8895139731467
1.0,50720,1.2123987517938954e-08,0.386962890625,1039.2857163618319
1.0,50740,1.2059485904996763e-08,0.387115478515625,1039.685720634181
1.0,50760,1.1995464424685639e-08,0.38726806640625,1040.0806930921972
1.0,50780,1.193192135002136e-08,0.387420654296875,1040.4799357731827
1.0,50800,1.1868853381148105e-08,0.3875732421875,1040.8753057350405
1.0,50820,1.1806260328310986e-08,0.387725830078125,1041.276157564018
1.0,50840,1.1744136882414418e-08,0.38787841796875,1041.6722866529599
1.0,50860,1.1682483036527039e-08,0.388031005859375,1042.0714991320856
1.0,50880,1.1621293700356624e-08,0.38818359375,1042.4678337420337
1.0,50900,1.1560568841953777e-08,0.388336181640625,1042.8670152588747
1.0,50920,1.1500305359739275e-08,0.38848876953125,1043.2625125148334
1.0,50940,1.1440499261589459e-08,0.388641357421875,1043.6621029111557
1.0,50960,1.1381150048867269e-08,0.3887939453125,1044.0598476761952
1.0,50980,1.1322254632150023e-08,0.388946533203125,1044.4610797041096
1.0,51000,1.126381086686706e-08,0.38909912109375,1044.8565377457999
1.0,51020,1.1205815906648248e-08,0.389251708984375,1045.2566487840377
1.0,51040,1.1148268424511771e-08,0.389404296875,1045.652174968738
1.0,51060,1.1091163945548288e-08,0.389556884765625,1046.0534434970468
1.0,51080,1.1034502661568078e-08,0.38970947265625,1046.4487098171376
1.0,51100,1.0978280287365143e-08,0.389862060546875,1046.8489133901894
1.0,51120,1.0922496033621454e-08,0.3900146484375,1047.2437112610787
1.0,51140,1.086714703897427e-08,0.390167236328125,1047.6452444600873
1.0,51160,1.0812230027165118e-08,0.39031982421875,1048.0414954861626
1.0,51180,1.0757743630398167e-08,0.390472412109375,1048.4417021027766
1.0,51200,1.0703686400427588e-08,0.390625,1048.8362951241434
1.0,51220,1.0650053971753575e-08,0.390777587890625,1049.237320839893
1.0,51240,1.0596846451930307e-08,0.39093017578125,1049.6322705280036
1.0,51260,1.054406052506896e-08,0.391082763671875,1050.0326937511563
1.0,51280,1.0491692823183744e-08,0.3912353515625,1050.4289199020714
1.0,51300,1.043974203277033e-08,0.391387939453125,1050.8280328260735
1.0,51320,1.0388207265241679e-08,0.39154052734375,1051.223847946152
1.0,51340,1.0337084874462636e-08,0.391693115234375,1051.6246581780724
1.0,51360,1.0286372634096188e-08,0.391845703125,1052.020123580005
1.0,51380,1.0236068641425756e-08,0.391998291015625,1052.4202326447703
1.0,51400,1.0186169832383562e-08,0.39215087890625,1052.8091188711114
1.0,51420,1.0136676187484171e-08,0.392303466796875,1053.185656731017
1.0,51440,1.0087583421750615e-08,0.3924560546875,1053.558340267744
1.0,51460,1.0038891542299345e-08,0.392608642578125,1053.9333176170476
1.0,51480,9.990595972010106e-09,0.39276123046875,1054.3052589599974
10.0,0,1.0,0.0,3.908979170024395
10.0,20,0.8476492319895952,0.000152587890625,4.322311638854444
10.0,40,0.7555510166713443,0.00030517578125,4.720370437018573
10.0,60,0.685602032849771,0.000457763671875,5.125664503779262
10.0,80,0.6285312587621908,0.0006103515625,5.527980099897832
10.0,100,0.5803454654815215,0.000762939453125,5.933331505861133
10.0,120,0.5388301856966676,0.00091552734375,6.336765477899462
10.0,140,0.5025694141138927,0.001068115234375,6.742560942657292
10.0,160,0.470574660832255,0.001220703125,7.145170502830297
10.0,180,0.44211521852604474,0.001373291015625,7.551078452728689
10.0,200,0.41662939715591385,0.00152587890625,7.952836542855948
10.0,220,0.39367326596487995,0.001678466796875,8.356849189847708
10.0,240,0.3728887223216601,0.0018310546875,8.756510448642075
10.0,260,0.35398238626717554,0.001983642578125,9.160027214791626
10.0,280,0.3367109794853971,0.00213623046875,9.560797907877713
10.0,300,0.3208708073812595,0.002288818359375,9.962104927748442
10.0,320,0.30628995843988294,0.00244140625,10.370555821806192
10.0,340,0.29282237326330474,0.002593994140625,10.788185884710401
10.0,360,0.2803432424213312,0.00274658203125,11.205045329872519
10.0,380,0.2687453751156657,0.002899169921875,11.623848163988441
10.0,400,0.25793629399478835,0.0030517578125,12.040643049869686
10.0,420,0.24783588413918056,0.003204345703125,12.46404345985502
10.0,440,0.23837447227678002,0.00335693359375,12.884205951821059
10.0,460,0.22949124491485293,0.003509521484375,13.302820927929133
10.0,480,0.22113293678392298,0.003662109375,13.719489410053939
10.0,500,0.21325273715475343,0.003814697265625,14.144430225715041
10.0,520,0.20580937333463123,0.00396728515625,14.548670585732907
10.0,540,0.19876633934427373,0.004119873046875,14.95482209092006
10.0,560,0.19209124432412988,0.0042724609375,15.361805127933621
10.0,580,0.18575526022543276,0.004425048828125,15.777909014839679
10.0,600,0.17973265222292586,0.00457763671875,16.20213050302118
10.0,620,0.17400037833252532,0.004730224609375,16.618329709861428
10.0,640,0.16853774713393585,0.0048828125,17.02636605501175
10.0,660,0.1633261244338329,0.005035400390625,17.44394549774006
10.0,680,0.15834868126809243,0.00518798828125,17.86972529673949
10.0,700,0.15359017691267485,0.005340576171875,18.294668226037174
10.0,720,0.14903677161279566,0.0054931640625,18.710890755988657
10.0,740,0.1446758645956803,0.005645751953125,19.13121039280668
10.0,760,0.14049595363923376,0.00579833984375,19.562738188076764
10.0,780,0.13648651305572854,0.005950927734375,19.986868830863386
10.0,800,0.1326378874379959,0.006103515625,20.40127658797428
10.0,820,0.12894119892362982,0.006256103515625,20.81393288867548
10.0,840,0.12538826607424586,0.00640869140625,21.220726965926588
10.0,860,0.12197153275354893,0.006561279296875,21.630496210884303
10.0,880,0.11868400562918296,0.0067138671875,22.03675763681531
10.0,900,0.11551919912649199,0.006866455078125,22.46144635695964
10.0,920,0.11247108683399529,0.00701904296875,22.87922819890082
10.0,940,0.10953405850546055,0.007171630859375,23.28856349689886
10.0,960,0.10670288192634336,0.00732421875,23.7029303079471
10.0,980,0.10397266901664931,0.007476806640625,24.12810976197943
10.0,1000,0.10133884563081166,0.00762939453125,24.54812527168542
10.0,1020,0.09879712459048931,0.007781982421875,24.968919401057065
10.0,1040,0.09634348155037133,0.0079345703125,25.373251606710255
10.0,1060,0.09397413335175452,0.008087158203125,25.798525620717555
10.0,1080,0.09168551856543575,0.00823974609375,26.212120169773698
10.0,1100,0.08947427996537224,0.008392333984375,26.617778998799622
10.0,1120,0.08733724870879529,0.008544921875,27.023869319818914
10.0,1140,0.08527143002781376,0.008697509765625,27.42751953890547
10.0,1160,0.08327399026271981,0.00885009765625,27.8287225458771
10.0,1180,0.08134224508886112,0.009002685546875,28.233032420743257
10.0,1200,0.0794736488076117,0.0091552734375,28.633552929852158
10.0,1220,0.07766578458805375,0.009307861328125,29.052497198805213
10.0,1240,0.07591635555984066,0.00946044921875,29.46845472464338
10.0,1260,0.07422317666978095,0.009613037109375,29.894023082684726
10.0,1280,0.0725841672250397,0.009765625,30.313629149924964
10.0,1300,0.07099734405490805,0.009918212890625,30.738951009698212
10.0,1320,0.06946081523093313,0.01007080078125,31.1507839797996
10.0,1340,0.06797277429205474,0.010223388671875,31.561285811010748
10.0,1360,0.06653149492730967,0.0103759765625,31.966310027055442
10.0,1380,0.06513532607392164,0.010528564453125,32.37153959600255
10.0,1400,0.06378268739310383,0.01068115234375,32.78096945397556
10.0,1420,0.06247206508994028,0.010833740234375,33.20216453494504
10.0,1440,0.061202008047169104,0.010986328125,33.61736588180065
10.0,1460,0.05997112424583036,0.011138916015625,34.05902912886813
10.0,1480,0.0587780774484001,0.01129150390625,34.50189574994147
10.0,1500,0.05762158412249485,0.011444091796875,34.95020255399868
10.0,1520,0.05650041058530189,0.0115966796875,35.40447823796421
10.0,1540,0.05541337035081877,0.011749267578125,35.85872313985601
10.0,1560,0.054359321663605784,0.01190185546875,36.29623250104487
10.0,1580,0.05333716520429575,0.012054443359375,36.71855728374794
10.0,1600,0.05234584195338064,0.01220703125,37.12080494593829
10.0,1620,0.05138433120102777,0.012359619140625,37.531715688761324
10.0,1640,0.050451648691668856,0.01251220703125,37.93406849494204
10.0,1660,0.049546844893139055,0.012664794921875,38.34185882192105
10.0,1680,0.048669003380907995,0.0128173828125,38.745175471995026
10.0,1700,0.047817239328780736,0.012969970703125,39.15143041871488
10.0,1720,0.046990698098095085,0.01312255859375,39.554618353024125
10.0,1740,0.04618855391808712,0.013275146484375,39.96075044199824
10.0,1760,0.04541000865065825,0.013427734375,40.36113617569208
10.0,1780,0.04465429063329008,0.013580322265625,40.76624006172642
10.0,1800,0.043920653594327896,0.01373291015625,41.16901299590245
10.0,1820,0.043208375635263495,0.013885498046875,41.5762360827066
10.0,1840,0.042516758275077296,0.0140380859375,41.97901612566784
10.0,1860,0.04184512555200394,0.014190673828125,42.3848085780628
10.0,1880,0.04119282317848075,0.01434326171875,42.78581625688821
10.0,1900,0.04055921774527861,0.014495849609375,43.19353892002255
10.0,1920,0.03994369597114845,0.0146484375,43.595788264647126
10.0,1940,0.039345663994545435,0.014801025390625,44.00001734867692
10.0,1960,0.038764546704254506,0.01495361328125,44.40222184173763
10.0,1980,0.03819978710595962,0.015106201171875,44.80790305091068
10.0,2000,0.03765084572200644,0.0152587890625,45.209681337699294
10.0,2020,0.0371172000218176,0.015411376953125,45.6160336388275
10.0,2040,0.036598343880585464,0.01556396484375,46.018724970985204
10.0,2060,0.03609378706407321,0.015716552734375,46.42492813663557
10.0,2080,0.03560305473748195,0.015869140625,46.82687079999596
10.0,2100,0.03512568699650835,0.016021728515625,47.23176133306697
10.0,2120,0.034661238418889274,0.01617431640625,47.63270861888304
10.0,2140,0.03420927763480253,0.016326904296875,48.04043846204877
10.0,2160,0.03376938691469611,0.0164794921875,48.442972938064486
10.0,2180,0.03334116177317575,0.016632080078125,48.85011597489938
10.0,2200,0.032924210587726044,0.01678466796875,49.253607315942645
10.0,2220,0.03251815423114109,0.016937255859375,49.65895192185417
10.0,2240,0.032122625716635385,0.01708984375,50.06173487007618
10.0,2260,0.03173726985469185,0.017242431640625,50.4665457829833
10.0,2280,0.03136174292082143,0.01739501953125,50.86937243072316
10.0,2300,0.030995712333439,0.017547607421875,51.276096743065864
10.0,2320,0.030638856341178248,0.0177001953125,51.680742418859154
10.0,2340,0.03029086371903357,0.017852783203125,52.08664784580469
10.0,2360,0.02995143347274802,0.01800537109375,52.49056985788047
10.0,2380,0.029620274550969234,0.018157958984375,52.898274786770344
10.0,2400,0.02929710556472333,0.018310546875,53.30136862164363
10.0,2420,0.0289816545138079,0.018463134765625,53.70818859478459
10.0,2440,0.028673658519766054,0.01861572265625,54.11070646904409
10.0,2460,0.028372863565135145,0.018768310546875,54.517047323752195
10.0,2480,0.028079024238691172,0.0189208984375,54.92119553685188
10.0,2500,0.0277919034864738,0.019073486328125,55.32940244488418
10.0,2520,0.027511272368360314,0.01922607421875,55.7346574687399
10.0,2540,0.027236909820047287,0.019378662109375,56.14266881905496
10.0,2560,0.0269686024202468,0.01953125,56.54562717676163
10.0,2580,0.026706144163002536,0.019683837890625,56.95123455487192
10.0,2600,0.026449336234977593,0.01983642578125,57.355729355011135
10.0,2620,0.026197986797640318,0.019989013671875,57.76322997594252
10.0,2640,0.02595191077425231,0.0201416015625,58.16553208371624
10.0,2660,0.02571092964158379,0.020294189453125,58.571466081775725
10.0,2680,0.02547487122629477,0.02044677734375,58.97648184699938
10.0,2700,0.025243569505921683,0.020599365234375,59.383154097013175
10.0,2720,0.025016864414422964,0.020751953125,59.78639492485672
10.0,2740,0.024794601652230044,0.020904541015625,60.19208722002804
10.0,2760,0.024576632500777178,0.02105712890625,60.59547202382237
10.0,2780,0.024362813641444884,0.021209716796875,61.00204500881955
10.0,2800,0.024153006978895265,0.0213623046875,61.40434947004542
10.0,2820,0.023947079468768,0.021514892578125,61.812104457989335
10.0,2840,0.023744902949668786,0.02166748046875,62.217308811843395
10.0,2860,0.023546353979447043,0.021820068359375,62.624318005051464
10.0,2880,0.02335131367569688,0.02197265625,63.0283739217557
10.0,2900,0.023159667560456534,0.022125244140625,63.438756418880075
10.0,2920,0.022971305409044962,0.02227783203125,63.84400780685246
10.0,2940,0.022786121103010235,0.022430419921875,64.2511502429843
10.0,2960,0.022604012487128806,0.0225830078125,64.6557723977603
10.0,2980,0.022424881230412853,0.022735595703125,65.06504162494093
10.0,3000,0.022248632691061986,0.02288818359375,65.46838470175862
10.0,3020,0.022075175785328444,0.023040771484375,65.87406487902626
10.0,3040,0.021904422860206156,0.023193359375,66.27916720276698
10.0,3060,0.021736289569916863,0.023345947265625,66.68751023896039
10.0,3080,0.021570694756112424,0.02349853515625,67.09215839905664
10.0,3100,0.021407560331730878,0.023651123046875,67.49740138603374
10.0,3120,0.02124681116845626,0.0238037109375,67.90015003597364
10.0,3140,0.02108837498769329,0.023956298828125,68.30534046096727
10.0,3160,0.020932182255009604,0.02410888671875,68.70636830665171
10.0,3180,0.020778166077960156,0.024261474609375,69.11380665004253
10.0,3200,0.020626262107234238,0.0244140625,69.51593012176454
10.0,3220,0.020476408441044487,0.024566650390625,69.92047958588228
10.0,3240,0.020328545532690458,0.02471923828125,70.32255208771676
10.0,3260,0.020182616101219956,0.024871826171875,70.72971611376852
10.0,3280,0.020038565045119406,0.0250244140625,71.12745709484443
10.0,3300,0.01989633935894845,0.025177001953125,71.5299918516539
10.0,3320,0.019755888052862453,0.02532958984375,71.93397433683276
10.0,3340,0.019617162074924175,0.025482177734375,72.34148364700377
10.0,3360,0.01948011423615292,0.025634765625,72.7471229787916
10.0,3380,0.019344699138222808,0.025787353515625,73.15696252975613
10.0,3400,0.019210873103744974,0.02593994140625,73.56097293365747
10.0,3420,0.019078594109051137,0.026092529296875,73.97063653264195
10.0,3440,0.01894782171941758,0.0262451171875,74.37590487487614
10.0,3460,0.0188185170266523,0.026397705078125,74.78545831376687
10.0,3480,0.018690642588966504,0.02655029296875,75.19141605170444
10.0,3500,0.018564162373079597,0.026702880859375,75.60050572408363
10.0,3520,0.018439041698471346,0.02685546875,76.0042416700162
10.0,3540,0.0183152471837189,0.027008056640625,76.41596659086645
10.0,3560,0.01819274669485864,0.02716064453125,76.8238043426536
10.0,3580,0.018071509295697286,0.027313232421875,77.23378572892398
10.0,3600,0.017951505200016676,0.0274658203125,77.63890129094943
10.0,3620,0.0178327057256004,0.027618408203125,78.04756991378963
10.0,3640,0.01771508325003855,0.02777099609375,78.45410794997588
10.0,3660,0.01759861116821964,0.027923583984375,78.86223931377754
10.0,3680,0.017483263851489635,0.028076171875,79.2683201818727
10.0,3700,0.01736901660839032,0.028228759765625,79.67571679782122
10.0,3720,0.017255845646931493,0.02838134765625,80.08315665274858
10.0,3740,0.017143728038352,0.028533935546875,80.49152479274198
10.0,3760,0.017032641682298483,0.0286865234375,80.89819575101137
10.0,3780,0.01692256527338979,0.028839111328125,81.30729232169688
10.0,3800,0.016813478269099992,0.02899169921875,81.71439584391192
10.0,3820,0.016705360858924025,0.029144287109375,82.12342328997329
10.0,3840,0.016598193934773884,0.029296875,82.52852579392493
10.0,3860,0.016491959062557845,0.029449462890625,82.93827740475535
10.0,3880,0.016386638454900737,0.02960205078125,83.34716508770362
10.0,3900,0.016282214944965994,0.029754638671875,83.75881310366094
10.0,3920,0.01617867196133088,0.0299072265625,84.16419709380716
10.0,3940,0.016075993503878137,0.030059814453125,84.5741542968899
10.0,3960,0.01597416412066808,0.03021240234375,84.98145960690454
10.0,3980,0.01587316888574707,0.030364990234375,85.391870633699
10.0,4000,0.015772993377864624,0.030517578125,85.79845697572455
10.0,4020,0.015673623660050963,0.030670166015625,86.20804979791865
10.0,4040,0.015575046260040437,0.03082275390625,86.61711878096685
10.0,4060,0.01547724815148401,0.030975341796875,87.02757728286088
10.0,4080,0.015380216735945822,0.0311279296875,87.43428734503686
10.0,4100,0.015283939825630215,0.031280517578125,87.84358625393361
10.0,4120,0.0151884056268186,0.03143310546875,88.25069023668766
10.0,4140,0.015093602724000121,0.031585693359375,88.66197514394298
10.0,4160,0.014999520064643425,0.03173828125,89.07100306963548
10.0,4180,0.014906146944606664,0.031890869140625,89.48029324691743
10.0,4200,0.014813472994147023,0.03204345703125,89.88597861165181
10.0,4220,0.014721488164510889,0.032196044921875,90.29777299799025
10.0,4240,0.014630182715079827,0.0323486328125,90.70376462396234
10.0,4260,0.014539547201048796,0.032501220703125,91.10953923081979
10.0,4280,0.01444957246161884,0.03265380859375,91.51395791582763
10.0,4300,0.014360249608676677,0.032806396484375,91.92296116799116
10.0,4320,0.014271570015946228,0.032958984375,92.32699359208345
10.0,4340,0.014183525308591684,0.033111572265625,92.73549364274368
10.0,4360,0.014096107353259934,0.03326416015625,93.1417986289598
10.0,4380,0.014009308248522557,0.033416748046875,93.54812694666907
10.0,4400,0.013923120315733247,0.0335693359375,93.95269139204174
10.0,4420,0.013837536090253231,0.033721923828125,94.36116119101644
10.0,4440,0.01375254831305238,0.03387451171875,94.76170788705349
10.0,4460,0.013668149922653658,0.034027099609375,95.17013241397217
10.0,4480,0.013584334047418163,0.0341796875,95.57628722395748
10.0,4500,0.01350109399814915,0.034332275390625,95.98597889207304
10.0,4520,0.013418423261009664,0.03448486328125,96.39065269706771
10.0,4540,0.013336315490726981,0.034637451171875,96.80066868988797
10.0,4560,0.013254764504091425,0.0347900390625,97.20498973084614
10.0,4580,0.013173764273717784,0.034942626953125,97.61970126489177
10.0,4600,0.013093308922074047,0.03509521484375,98.06598597066477
10.0,4620,0.013013392715753096,0.035247802734375,98.5201092758216
10.0,4640,0.012934010059989192,0.035400390625,98.96185230277479
10.0,4660,0.012855155493399809,0.035552978515625,99.41792237199843
10.0,4680,0.012776823682944463,0.03570556640625,99.87508150702342
10.0,4700,0.012699009419100796,0.035858154296875,100.32982031675056
10.0,4720,0.012621707611237092,0.0360107421875,100.77303912071511
10.0,4740,0.012544913283176517,0.036163330078125,101.21184678608552
10.0,4760,0.012468621568947838,0.03631591796875,101.62258156808093
10.0,4780,0.012392827708716086,0.036468505859375,102.03002058109269
10.0,4800,0.012317527044873754,0.03662109375,102.43465806590393
10.0,4820,0.01224271501830737,0.036773681640625,102.84137386688963
10.0,4840,0.012168387164803722,0.03692626953125,103.23871294595301
10.0,4860,0.012094539111620433,0.037078857421875,103.64794493280351
10.0,4880,0.012021166574186675,0.0372314453125,104.0558153889142
10.0,4900,0.011948265352950386,0.037384033203125,104.46748196985573
10.0,4920,0.011875831330345948,0.03753662109375,104.87034056102857
10.0,4940,0.011803860467897184,0.037689208984375,105.27845600387082
10.0,4960,0.011732348803432963,0.037841796875,105.68188236607239
10.0,4980,0.011661292448422738,0.037994384765625,106.08842471707612
10.0,5000,0.011590687585418605,0.03814697265625,106.48880715668201
10.0,5020,0.011520530465600184,0.038299560546875,106.9065764718689
10.0,5040,0.011450817406432072,0.0384521484375,107.30952729098499
10.0,5060,0.011381544789402254,0.038604736328125,107.71696100663394
10.0,5080,0.011312709057864509,0.03875732421875,108.11449120892212
10.0,5100,0.011244306714963704,0.038909912109375,108.51610322808847
10.0,5120,0.011176334321647954,0.0390625,108.92401299765334
10.0,5140,0.011108788494763377,0.039215087890625,109.36856103781611
10.0,5160,0.011041665905225123,0.03936767578125,109.80774579104036
10.0,5180,0.010974963276257379,0.039520263671875,110.25545895006508
10.0,5200,0.01090867738171943,0.0396728515625,110.69722245587036
10.0,5220,0.010842805044482165,0.039825439453125,111.15192915080115
10.0,5240,0.010777343134883982,0.03997802734375,111.59783804183826
10.0,5260,0.010712288569243248,0.040130615234375,112.04550566803664
10.0,5280,0.010647638308428421,0.040283203125,112.48935433896258
10.0,5300,0.010583389356493455,0.040435791015625,112.94176034396514
10.0,5320,0.010519538759361404,0.04058837890625,113.36144510982558
10.0,5340,0.010456083603561924,0.040740966796875,113.76731854304671
10.0,5360,0.010393021015021316,0.0408935546875,114.16721324296668
10.0,5380,0.010330348157902665,0.041046142578125,114.57010026276112
10.0,5400,0.010268062233483281,0.04119873046875,114.97204368794337
10.0,5420,0.010206160479091434,0.041351318359375,115.37607256695628
10.0,5440,0.01014464016706757,0.04150390625,115.77604680601507
10.0,5460,0.010083498603783627,0.041656494140625,116.1814009360969
10.0,5480,0.01002273312868895,0.04180908203125,116.58653117809445
10.0,5500,0.0099623411133989,0.041961669921875,116.99742680974305
10.0,5520,0.009902319960818204,0.0421142578125,117.40193929383531
10.0,5540,0.009842667104300245,0.042266845703125,117.80578190693632
10.0,5560,0.009783380006835237,0.04241943359375,118.20556416269392
10.0,5580,0.009724456160273355,0.042572021484375,118.60866650892422
10.0,5600,0.009665893084577227,0.042724609375,119.01160153606907
10.0,5620,0.009607688327101432,0.042877197265625,119.41687575588003
10.0,5640,0.00954983946190454,0.04302978515625,119.81731359194964
10.0,5660,0.009492344089077278,0.043182373046875,120.22782254265621
10.0,5680,0.009435199834112652,0.0433349609375,120.63119816500694
10.0,5700,0.009378404347281643,0.043487548828125,121.03998817503452
10.0,5720,0.009321955303046785,0.04364013671875,121.45784759288654
10.0,5740,0.009265850399491755,0.043792724609375,121.86892671696842
10.0,5760,0.009210087357769684,0.0439453125,122.27970618894324
10.0,5780,0.009154663921580165,0.044097900390625,122.69480945169926
10.0,5800,0.009099577856658145,0.04425048828125,123.09473033808172
10.0,5820,0.009044826950287688,0.044403076171875,123.4943987368606
10.0,5840,0.008990409010824565,0.0445556640625,123.89145519770682
10.0,5860,0.008936321867250602,0.044708251953125,124.29103319300339
10.0,5880,0.008882563368730176,0.04486083984375,124.68765190197155
10.0,5900,0.008829131384189741,0.045013427734375,125.08743477798998
10.0,5920,0.008776023801914739,0.045166015625,125.48283069767058
10.0,5940,0.008723238529153965,0.045318603515625,125.88341940194368
10.0,5960,0.008670773491743724,0.04547119140625,126.29566934378818
10.0,5980,0.008618626633745416,0.045623779296875,126.71190667385235
10.0,6000,0.008566795917088662,0.0457763671875,127.13054204778746
10.0,6020,0.008515279321238871,0.045928955078125,127.53590403869748
10.0,6040,0.008464074842865073,0.04608154296875,127.94708103686571
10.0,6060,0.00841318049552714,0.046234130859375,128.37569372775033
10.0,6080,0.008362594309366565,0.04638671875,128.7871299618855
10.0,6100,0.008312314330816832,0.046539306640625,129.1967681068927
10.0,6120,0.008262338622316153,0.04669189453125,129.59633879177272
10.0,6140,0.008212665262032133,0.046844482421875,130.00106679089367
10.0,6160,0.008163292343596425,0.0469970703125,130.41711991792545
10.0,6180,0.008114217975848357,0.047149658203125,130.83781823702157
10.0,6200,0.008065440282583948,0.04730224609375,131.2579769627191
10.0,6220,0.00801695740231983,0.047454833984375,131.67249824572355
10.0,6240,0.007968767488055296,0.047607421875,132.08539627864957
10.0,6260,0.007920868707051273,0.047760009765625,132.5011885566637
10.0,6280,0.007873259240608596,0.04791259765625,132.90282950596884
10.0,6300,0.007825937283862213,0.048065185546875,133.30835820594802
10.0,6320,0.007778901045570477,0.0482177734375,133.7090754560195
10.0,6340,0.007732148747920271,0.048370361328125,134.12169899092987
10.0,6360,0.00768567862633559,0.04852294921875,134.5281015909277
10.0,6380,0.00763948892928695,0.048675537109375,134.94153129402548
10.0,6400,0.007593577918118378,0.048828125,135.3512209597975
10.0,6420,0.007547943866861336,0.048980712890625,135.7652083686553
10.0,6440,0.007502585062077672,0.04913330078125,136.17129714787006
10.0,6460,0.007457499802680705,0.049285888671875,136.58193856105208
10.0,6480,0.007412686399786831,0.0494384765625,136.9976427378133
10.0,6500,0.007368143176550599,0.049591064453125,137.41446825582534
10.0,6520,0.0073238684680186445,0.04974365234375,137.83087976509705
10.0,6540,0.0072798606209817165,0.049896240234375,138.24081853264943
10.0,6560,0.0072361179938299335,0.050048828125,138.64890121109784
10.0,6580,0.007192638956413768,0.050201416015625,139.0569777698256
10.0,6600,0.007149421889909373,0.05035400390625,139.46661207964644
10.0,6620,0.007106465186687815,0.050506591796875,139.87842894671485
10.0,6640,0.007063767250182945,0.0506591796875,140.2841607159935
10.0,6660,0.00702132649477146,0.050811767578125,140.68783767102286
10.0,6680,0.0069791413456471475,0.05096435546875,141.087238593027
10.0,6700,0.00693721023870142,0.051116943359375,141.49001355888322
10.0,6720,0.006895531620412172,0.05126953125,141.89140499476343
10.0,6740,0.006854103947726782,0.051422119140625,142.29826522385702
10.0,6760,0.006812925687952379,0.05157470703125,142.70183126674965
10.0,6780,0.00677199531865121,0.051727294921875,143.11172167863697
10.0,6800,0.006731311327529002,0.0518798828125,143.51415214175358
10.0,6820,0.00669087221234241,0.052032470703125,143.91725061275065
10.0,6840,0.006650676480788763,0.05218505859375,144.31775809498504
10.0,6860,0.006610722650414758,0.052337646484375,144.72267080796883
10.0,6880,0.0065710092485161825,0.052490234375,145.12059384863824
10.0,6900,0.006531534812048134,0.052642822265625,145.52255469700322
10.0,6920,0.006492297887533098,0.05279541015625,145.92203897377476
10.0,6940,0.0064532970309652184,0.052947998046875,146.3227675887756
10.0,6960,0.006414530807731861,0.0531005859375,146.71993227908388
10.0,6980,0.006375997792520605,0.053253173828125,147.1228088447824
10.0,7000,0.006337696569237201,0.05340576171875,147.5225629019551
10.0,7020,0.006299625730923976,0.053558349609375,147.92349166190252
10.0,7040,0.0062617838796751825,0.0537109375,148.32322419900447
10.0,7060,0.006224169626565769,0.053863525390625,148.7253552209586
10.0,7080,0.0061867815915645046,0.05401611328125,149.12608655076474
10.0,7100,0.006149618403461768,0.054168701171875,149.52988850791007
10.0,7120,0.006112678699793676,0.0543212890625,149.92927628196776
10.0,7140,0.006075961126771916,0.054473876953125,150.33074094774202
10.0,7160,0.006039464339204757,0.05462646484375,150.73036436503753
10.0,7180,0.006003187000432637,0.054779052734375,151.13425344182178
10.0,7200,0.0059671277822543846,0.054931640625,151.53444231580943
10.0,7220,0.0059312853648596274,0.055084228515625,151.9376308210194
10.0,7240,0.005895658436763105,0.05523681640625,152.3379190210253
10.0,7260,0.0058602456947351176,0.055389404296875,152.7400809158571
10.0,7280,0.005825045843738954,0.0555419921875,153.1450746296905
10.0,7300,0.005790057596865286,0.055694580078125,153.55361645901576
10.0,7320,0.005755279675270387,0.05584716796875,153.96616675378755
10.0,7340,0.005720710808111931,0.055999755859375,154.38233924470842
10.0,7360,0.005686349732489777,0.05615234375,154.7983313780278
10.0,7380,0.005652195193382875,0.056304931640625,155.21592619270086
10.0,7400,0.0056182459435947605,0.05645751953125,155.63056214293465
10.0,7420,0.005584500743687522,0.056610107421875,156.0539800170809
10.0,7440,0.00555095836193224,0.0567626953125,156.47012455994263
10.0,7460,0.005517617574245582,0.056915283203125,156.8860138519667
10.0,7480,0.005484477164136877,0.05706787109375,157.30527588678524
10.0,7500,0.005451535922651711,0.057220458984375,157.72720604669303
10.0,7520,0.005418792648317838,0.057373046875,158.1287281117402
10.0,7540,0.005386246147089995,0.057525634765625,158.53756758989766
10.0,7560,0.005353895232299093,0.05767822265625,158.95050680963323
10.0,7580,0.005321738724596675,0.057830810546875,159.37149346387014
10.0,7600,0.005289775451904016,0.0579833984375,159.78781159594655
10.0,7620,0.005258004249362616,0.058135986328125,160.2074514310807
10.0,7640,0.005226423959280749,0.05828857421875,160.61576915206388
10.0,7660,0.005195033431084402,0.058441162109375,161.03925345698372
10.0,7680,0.0051638315212716125,0.05859375,161.46749608777463
10.0,7700,0.0051328170933552545,0.058746337890625,161.88921577995643
10.0,7720,0.005101989017822672,0.05889892578125,162.29762033000588
10.0,7740,0.005071346172083024,0.059051513671875,162.71432155696675
10.0,7760,0.005040887440423327,0.0592041015625,163.12484467681497
10.0,7780,0.00501061171395942,0.059356689453125,163.53571119904518
10.0,7800,0.004980517890591191,0.05950927734375,163.94404645403847
10.0,7820,0.004950604874954767,0.059661865234375,164.34546474693343
10.0,7840,0.004920871578379692,0.059814453125,164.74625216284767
10.0,7860,0.004891316918842459,0.059967041015625,165.15342190675437
10.0,7880,0.004861939820923299,0.06011962890625,165.55602268408984
10.0,7900,0.004832739215760719,0.060272216796875,165.9595434856601
10.0,7920,0.004803714041011906,0.0604248046875,166.36260009882972
10.0,7940,0.004774863240802246,0.060577392578125,166.76710217772052
10.0,7960,0.004746185765692429,0.06072998046875,167.16528874170035
10.0,7980,0.004717680572626105,0.060882568359375,167.56658069090918
10.0,8000,0.004689346624898177,0.06103515625,167.9675398627296
10.0,8020,0.004661182892105045,0.061187744140625,168.36928477464244
10.0,8040,0.004633188350108205,0.06134033203125,168.76924862992018
10.0,8060,0.004605361980991835,0.061492919921875,169.17337343096733
10.0,8080,0.004577702773023442,0.0616455078125,169.57615723880008
10.0,8100,0.004550209720613595,0.061798095703125,169.97943135164678
10.0,8120,0.004522881824275488,0.06195068359375,170.379689830821
10.0,8140,0.004495718090588128,0.062103271484375,170.78306429088116
10.0,8160,0.004468717532153629,0.062255859375,171.18619958264753
10.0,8180,0.004441879167563434,0.062408447265625,171.5896764039062
10.0,8200,0.0044152020213550185,0.06256103515625,171.98823274485767
10.0,8220,0.00438868512397911,0.062713623046875,172.38925353204831
10.0,8240,0.004362327511756981,0.0628662109375,172.78753022896126
10.0,8260,0.0043361282268483065,0.063018798828125,173.1891380418092
10.0,8280,0.004310086317208828,0.06317138671875,173.58779586292803
10.0,8300,0.004284200836558805,0.063323974609375,173.98851616680622
10.0,8320,0.004258470844344532,0.0634765625,174.38683912763372
10.0,8340,0.004232895405699439,0.063629150390625,174.78793451795354
10.0,8360,0.004207473591413482,0.06378173828125,175.18654367187992
10.0,8380,0.00418220447789471,0.063934326171875,175.58821576274931
10.0,8400,0.0041570871471330925,0.0640869140625,175.98901692777872
10.0,8420,0.0041321206866677595,0.064239501953125,176.40212008263916
10.0,8440,0.004107304189552737,0.06439208984375,176.81425290368497
10.0,8460,0.004082636754318409,0.064544677734375,177.2287010969594
10.0,8480,0.004058117484942517,0.064697265625,177.64170441403985
10.0,8500,0.004033745490812717,0.064849853515625,178.06166942464188
10.0,8520,0.004009519886693424,0.06500244140625,178.48072175169364
10.0,8540,0.003985439792695283,0.065155029296875,178.89920715009794
10.0,8560,0.003961504334238603,0.0653076171875,179.31506020203233
10.0,8580,0.0039377126420202324,0.065460205078125,179.73049808386713
10.0,8600,0.003914063851983704,0.06561279296875,180.14728759182617
10.0,8620,0.003890557105285625,0.065765380859375,180.5510361958295
10.0,8640,0.0038671915482630806,0.06591796875,180.95411767391488
10.0,8660,0.0038439663323992235,0.066070556640625,181.35647279396653
10.0,8680,0.003820880614297559,0.06622314453125,181.76143255177885
10.0,8700,0.0037979335556462836,0.066375732421875,182.1699150488712
10.0,8720,0.003775124323183799,0.0665283203125,182.5766959786415
10.0,8740,0.0037524520886756826,0.066680908203125,182.9848749190569
10.0,8760,0.0037299160288787824,0.06683349609375,183.3955980539322
10.0,8780,0.0037075153255090596,0.066986083984375,183.80170687986538
10.0,8800,0.0036852491652165655,0.067138671875,184.2065136078745
10.0,8820,0.003663116739548308,0.067291259765625,184.6122926408425
10.0,8840,0.0036411172449244507,0.06744384765625,185.02136592008173
10.0,8860,0.0036192498826057564,0.067596435546875,185.42644005501643
10.0,8880,0.003597513858662563,0.0677490234375,185.8364445627667
10.0,8900,0.003575908383948958,0.067901611328125,186.24380248505622
10.0,8920,0.003554432674069918,0.06805419921875,186.6511283130385
10.0,8940,0.00353308594935389,0.068206787109375,187.05637768888846
10.0,8960,0.003511867434825024,0.068359375,187.48657452501357
10.0,8980,0.0034907763601733956,0.068511962890625,187.92206831788644
10.0,9000,0.0034698119597258133,0.06866455078125,188.32976830983534
10.0,9020,0.003448973472417535,0.068817138671875,188.78066692501307
10.0,9040,0.003428260141766602,0.0689697265625,189.23433525394648
10.0,9060,0.0034076712158436595,0.069122314453125,189.682317472063
10.0,9080,0.0033872059472444733,0.06927490234375,190.139492448885
10.0,9100,0.003366863593063386,0.069427490234375,190.58011748082936
10.0,9120,0.003346643414864257,0.069580078125,191.03291445272043
10.0,9140,0.003326544678655636,0.069732666015625,191.4810279617086
10.0,9160,0.003306566654862706,0.06988525390625,191.91696816775948
10.0,9180,0.0032867086182986616,0.070037841796875,192.33721047872677
10.0,9200,0.0032669698481404192,0.0701904296875,192.7444748627022
10.0,9220,0.0032473496279025503,0.070343017578125,193.15334522305056
10.0,9240,0.003227847245407666,0.07049560546875,193.56108720274642
10.0,9260,0.003208461992763513,0.070648193359375,193.9666519118473
10.0,9280,0.003189193166336292,0.07080078125,194.37925574090332
10.0,9300,0.003170040066724043,0.070953369140625,194.79174703499302
10.0,9320,0.00315100199873022,0.07110595703125,195.20332799805328
10.0,9340,0.003132078271339949,0.071258544921875,195.60975758498535
10.0,9360,0.003113268197696863,0.0714111328125,196.0141844409518
10.0,9380,0.0030945710950704237,0.071563720703125,196.41712062899023
10.0,9400,0.003075986284839704,0.07171630859375,196.81844782689586
10.0,9420,0.003057513092462034,0.071868896484375,197.22211753204465
10.0,9440,0.0030391508474514662,0.072021484375,197.625885843765
10.0,9460,0.003020898883353792,0.072174072265625,198.0308801587671
10.0,9480,0.0030027565377219526,0.07232666015625,198.4342639418319
10.0,9500,0.0029847231520922965,0.072479248046875,198.83701102994382
10.0,9520,0.002966798071958452,0.0726318359375,199.24114562384784
10.0,9540,0.0029489806467501113,0.072784423828125,199.67669950984418
10.0,9560,0.0029312702298089095,0.07293701171875,200.1357047809288
10.0,9580,0.0029136661783620223,0.073089599609375,200.5896588130854
10.0,9600,0.0028961678535009334,0.0732421875,201.04676296189427
10.0,9620,0.0028787746201594413,0.073394775390625,201.50500011676922
10.0,9640,0.002861485847088187,0.07354736328125,201.96281527308747
10.0,9660,0.0028443009068304537,0.073699951171875,202.41902147885412
10.0,9680,0.0028272191757039073,0.0738525390625,202.8740362180397
10.0,9700,0.0028102400337721226,0.074005126953125,203.33390666684136
10.0,9720,0.0027933628648274473,0.07415771484375,203.77312926203012
10.0,9740,0.002776587056363784,0.074310302734375,204.1773320599459
10.0,9760,0.0027599119995584645,0.074462890625,204.59169193077832
10.0,9780,0.0027433370892456514,0.074615478515625,205.0037575410679
10.0,9800,0.002726861723898429,0.07476806640625,205.40927942097187
10.0,9820,0.002710485305603921,0.074920654296875,205.8144747018814
10.0,9840,0.0026942072400421868,0.0750732421875,206.22802623268217
10.0,9860,0.0026780269364674145,0.075225830078125,206.64184252684936
10.0,9880,0.002661943807681733,0.07537841796875,207.05276394402608
10.0,9900,0.002645957270015834,0.075531005859375,207.47584177087992
10.0,9920,0.002630066743309402,0.07568359375,207.89509354205802
10.0,9940,0.0026142716508861697,0.075836181640625,208.30317743076012
10.0,9960,0.0025985714195381725,0.07598876953125,208.70854751300067
10.0,9980,0.0025829654794999463,0.076141357421875,209.11330464296043
10.0,10000,0.0025674532644300945,0.0762939453125,209.5168132870458
10.0,10020,0.0025520342113906696,0.076446533203125,209.92867616796866
10.0,10040,0.002536707760825472,0.07659912109375,210.33185971574858
10.0,10060,0.0025214733565416107,0.076751708984375,210.7331422320567
10.0,10080,0.002506330445686886,0.076904296875,211.1326737627387
10.0,10100,0.0024912784787343386,0.077056884765625,211.55024865083396
10.0,10120,0.002476316909452226,0.07720947265625,211.97035947209224
10.0,10140,0.0024614451948981675,0.077362060546875,212.39445154182613
10.0,10160,0.002446662795386844,0.0775146484375,212.8015251737088
10.0,10180,0.0024319691744785258,0.077667236328125,213.22012918489054
10.0,10200,0.0024173637989522057,0.07781982421875,213.643207622692
10.0,10220,0.00240284613879788,0.077972412109375,214.06166224787012
10.0,10240,0.0023884156671835034,0.078125,214.4778582919389
10.0,10260,0.0023740718604442056,0.078277587890625,214.88212968409061
10.0,10280,0.0023598141980620386,0.07843017578125,215.2852964689955
10.0,10300,0.0023456421626454247,0.078582763671875,215.70859215501696
10.0,10320,0.0023315552399116755,0.0787353515625,216.13098721392453
10.0,10340,0.0023175529186680002,0.078887939453125,216.55661938991398
10.0,10360,0.002303634690790975,0.07904052734375,216.97521711187437
10.0,10380,0.0022898000512129157,0.079193115234375,217.39514750475064
10.0,10400,0.0022760484978977583,0.079345703125,217.8064246820286
10.0,10420,0.0022623795318262247,0.079498291015625,218.22276385175064
10.0,10440,0.0022487926569782902,0.07965087890625,218.62161730090156
10.0,10460,0.002235287380310779,0.079803466796875,219.02825412293896
10.0,10480,0.00222186321174634,0.0799560546875,219.43451114278287
10.0,10500,0.0022085196641473495,0.080108642578125,219.8365939790383
10.0,10520,0.002195256253307687,0.08026123046875,220.24139290489256
10.0,10540,0.0021820724979255152,0.080413818359375,220.651077284012
10.0,10560,0.002168967919592007,0.08056640625,221.05853570392355
10.0,10580,0.0021559420427733167,0.080718994140625,221.46873026294634
10.0,10600,0.0021429943947892114,0.08087158203125,221.87606741674244
10.0,10620,0.0021301245058039054,0.081024169921875,222.2814811579883
10.0,10640,0.002117331908799069,0.0811767578125,222.68553266767412
10.0,10660,0.002104616139564599,0.081329345703125,223.09072040906176
10.0,10680,0.002091976736677295,0.08148193359375,223.4983449978754
10.0,10700,0.002079413241488301,0.081634521484375,223.90539596788585
10.0,10720,0.002066925198100827,0.081787109375,224.31174410274252
10.0,10740,0.00205451215335783,0.081939697265625,224.71887662587687
10.0,10760,0.0020421736568261473,0.08209228515625,225.12314314208925
10.0,10780,0.002029909260774365,0.082244873046875,225.53043117793277
10.0,10800,0.00201771852016486,0.0823974609375,225.9358527297154
10.0,10820,0.0020056009926309633,0.082550048828125,226.34237283095717
10.0,10840,0.0019935562384640125,0.08270263671875,226.74344233470038
10.0,10860,0.0019815838205949348,0.082855224609375,227.14681383082643
10.0,10880,0.0019696833045816076,0.0830078125,227.5502159888856
10.0,10900,0.0019578542585935517,0.083160400390625,227.95485600782558
10.0,10920,0.0019460962533883977,0.08331298828125,228.35981559567153
10.0,10940,0.0019344088623083043,0.083465576171875,228.76842698967084
10.0,10960,0.0019227916612544421,0.0836181640625,229.17563104070723
10.0,10980,0.0019112442286766417,0.083770751953125,229.5791365308687
10.0,11000,0.0018997661455564601,0.08392333984375,229.98421337967739
10.0,11020,0.0018883569953932816,0.084075927734375,230.3905643587932
10.0,11040,0.0018770163641872162,0.084228515625,230.79554743878543
10.0,11060,0.0018657438404249714,0.084381103515625,231.20361215202138
10.0,11080,0.001854539015066122,0.08453369140625,231.60910383984447
10.0,11100,0.0018434014815266824,0.084686279296875,232.01830692682415
10.0,11120,0.0018323308356650977,0.0848388671875,232.42475440865383
10.0,11140,0.001821326675765731,0.084991455078125,232.83149116765708
10.0,11160,0.0018103886025280164,0.08514404296875,233.23726435285062
10.0,11180,0.0017995162190483033,0.085296630859375,233.64392040064558
10.0,11200,0.0017887091308073709,0.08544921875,234.050151695963
10.0,11220,0.0017779669456567469,0.085601806640625,234.458547513932
10.0,11240,0.0017672892738012154,0.08575439453125,234.86356702400371
10.0,11260,0.0017566757277892547,0.085906982421875,235.26767950784415
10.0,11280,0.00174612592249398,0.0860595703125,235.67027833173051
10.0,11300,0.0017356394751030621,0.086212158203125,236.07502245390788
10.0,11320,0.001725216005104888,0.08636474609375,236.4815636840649
10.0,11340,0.0017148551342708882,0.086517333984375,236.8896221187897
10.0,11360,0.001704556486645458,0.086669921875,237.2950294520706
10.0,11380,0.0016943196885299363,0.086822509765625,237.69968385994434
10.0,11400,0.0016841443684733337,0.08697509765625,238.10454008588567
10.0,11420,0.0016740301572514024,0.087127685546875,238.50911143003032
10.0,11440,0.0016639766878619954,0.0872802734375,238.91280999500304
10.0,11460,0.001653983595503169,0.087432861328125,239.32207592902705
10.0,11480,0.0016440505175661345,0.08758544921875,239.72724386164919
10.0,11500,0.0016341770936212263,0.087738037109375,240.13346542371437
10.0,11520,0.001624362965401076,0.087890625,240.53921445598826
10.0,11540,0.0016146077767917265,0.088043212890625,240.94574227789417
10.0,11560,0.0016049111738172437,0.08819580078125,241.35012371093035
10.0,11580,0.0015952728046284088,0.088348388671875,241.75959783094004
10.0,11600,0.0015856923194889133,0.0885009765625,242.16686951369047
10.0,11620,0.0015761693707644201,0.088653564453125,242.5726791396737
10.0,11640,0.0015667036129060285,0.08880615234375,242.97789544984698
10.0,11660,0.001557294702441623,0.088958740234375,243.38058031303808
10.0,11680,0.0015479422979621704,0.089111328125,243.78190338471904
10.0,11700,0.0015386460601095196,0.089263916015625,244.18682454992086
10.0,11720,0.0015294056515624697,0.08941650390625,244.59260505484417
10.0,11740,0.0015202207370270465,0.089569091796875,245.00040948064998
10.0,11760,0.0015110909832226525,0.0897216796875,245.40690011065453
10.0,11780,0.0015020160588696174,0.089874267578125,245.81201297976077
10.0,11800,0.0014929956346799013,0.09002685546875,246.21755226375535
10.0,11820,0.0014840293833410306,0.090179443359375,246.6220510979183
10.0,11840,0.0014751169795082521,0.09033203125,247.02756481664255
10.0,11860,0.0014662580997891544,0.090484619140625,247.43277745274827
10.0,11880,0.0014574524227357376,0.09063720703125,247.83804232999682
10.0,11900,0.0014486996288279204,0.090789794921875,248.24306678585708
10.0,11920,0.00143999940046681,0.0909423828125,248.65045019378886
10.0,11940,0.0014313514219609275,0.091094970703125,249.05506390566006
10.0,11960,0.0014227553795129304,0.09124755859375,249.46304996078834
10.0,11980,0.0014142109612134523,0.091400146484375,249.86862586485222
10.0,12000,0.0014057178570220893,0.091552734375,250.27452710596845
10.0,12020,0.0013972757587653135,0.091705322265625,250.67867214465514
10.0,12040,0.0013888843601168627,0.09185791015625,251.08479045471177
10.0,12060,0.00138054335659157,0.092010498046875,251.49039480788633
10.0,12080,0.0013722524455340034,0.0921630859375,251.89721432095394
10.0,12100,0.0013640113261044085,0.092315673828125,252.29767515789717
10.0,12120,0.0013558196992708943,0.09246826171875,252.70041053975
10.0,12140,0.0013476772677984913,0.092620849609375,253.10176499607041
10.0,12160,0.001339583736235509,0.0927734375,253.50841290177777
10.0,12180,0.0013315388109071426,0.092926025390625,253.91076811263338
10.0,12200,0.0013235421998990086,0.09307861328125,254.31642955401912
10.0,12220,0.0013155936130531682,0.093231201171875,254.72084565507248
10.0,12240,0.0013076927619529988,0.0933837890625,255.12863779393956
10.0,12260,0.0012998393599142216,0.093536376953125,255.5304413358681
10.0,12280,0.0012920331219740083,0.09368896484375,255.9371776850894
10.0,12300,0.0012842737648815924,0.093841552734375,256.342261612881
10.0,12320,0.0012765610070876142,0.093994140625,256.7464732527733
10.0,12340,0.0012688945687317475,0.094146728515625,257.1505679828115
10.0,12360,0.0012612741716373193,0.09429931640625,257.5565764908679
10.0,12380,0.0012536995392961599,0.094451904296875,257.96228027064353
10.0,12400,0.0012461703968618054,0.0946044921875,258.3662223708816
10.0,12420,0.0012386864711384541,0.094757080078125,258.77244087774307
10.0,12440,0.0012312474905704202,0.09490966796875,259.17631742777303
10.0,12460,0.001223853185234023,0.095062255859375,259.5807078736834
10.0,12480,0.001216503286825915,0.09521484375,259.98880786588416
10.0,12500,0.0012091975286536243,0.095367431640625,260.3978832666762
10.0,12520,0.0012019356456284846,0.09552001953125,260.80627516983077
10.0,12540,0.0011947173742511536,0.095672607421875,261.21262529771775
10.0,12560,0.0011875424526075254,0.0958251953125,261.6185795008205
10.0,12580,0.0011804106203552503,0.095977783203125,262.02089066104963
10.0,12600,0.0011733216187140316,0.09613037109375,262.4287202209234
10.0,12620,0.0011662751904595037,0.096282958984375,262.8368795039132
10.0,12640,0.0011592710799126636,0.096435546875,263.2454826068133
10.0,12660,0.001152309032930072,0.096588134765625,263.6504471907392
10.0,12680,0.001145388796891719,0.09674072265625,264.05626166285947
10.0,12700,0.0011385101206986541,0.096893310546875,264.46198899578303
10.0,12720,0.0011316727547585044,0.0970458984375,264.8683019820601
10.0,12740,0.0011248764509753657,0.097198486328125,265.2759260600433
10.0,12760,0.00111812096274864,0.09735107421875,265.6819594730623
10.0,12780,0.0011114060449537414,0.097503662109375,266.08606601879
10.0,12800,0.0011047314539410558,0.09765625,266.49301579082385
10.0,12820,0.0010980969475237548,0.097808837890625,266.89982522884384
10.0,12840,0.0010915022849683855,0.09796142578125,267.30713800992817
10.0,12860,0.0010849472269891449,0.098114013671875,267.71193676581606
10.0,12880,0.0010784315357358003,0.0982666015625,268.1208816790022
10.0,12900,0.0010719549747874317,0.098419189453125,268.5296045159921
10.0,12920,0.0010655173091430978,0.09857177734375,268.93787825573236
10.0,12940,0.0010591183052129699,0.098724365234375,269.3512785588391
10.0,12960,0.001052757730809487,0.098876953125,269.75666164793074
10.0,12980,0.0010464353551401463,0.099029541015625,270.166036922019
10.0,13000,0.0010401509487989364,0.09918212890625,270.5729465880431
10.0,13020,0.0010339042837564348,0.099334716796875,270.98031160002574
10.0,13040,0.0010276951333545784,0.0994873046875,271.3882119478658
10.0,13060,0.0010215232722942933,0.099639892578125,271.7952385949902
10.0,13080,0.0010153884766314048,0.09979248046875,272.2008718480356
10.0,13100,0.0010092905237663622,0.099945068359375,272.60508514987305
10.0,13120,0.0010032291924347298,0.10009765625,273.0115126548335
10.0,13140,0.0009972042627035228,0.100250244140625,273.4161412268877
10.0,13160,0.0009912155159592247,0.10040283203125,273.8201489979401
10.0,13180,0.0009852627349016684,0.100555419921875,274.22734821168706
10.0,13200,0.00097934570353588,0.1007080078125,274.6366889178753
10.0,13220,0.0009734642071618465,0.100860595703125,275.04179273406044
10.0,13240,0.0009676180323732547,0.10101318359375,275.4476144956425
10.0,13260,0.0009618069670423345,0.101165771484375,275.8561444580555
10.0,13280,0.0009560308003157064,0.101318359375,276.2635570447892
10.0,13300,0.0009502893226068931,0.101470947265625,276.6690376386978
10.0,13320,0.0009445823255885617,0.10162353515625,277.0766779286787
10.0,13340,0.0009389096021828751,0.101776123046875,277.485195804853
10.0,13360,0.0009332709465565146,0.1019287109375,277.8939163489267
10.0,13380,0.0009276661541134968,0.102081298828125,278.30139264278114
10.0,13400,0.0009220950214849207,0.10223388671875,278.7089650798589
10.0,13420,0.0009165573465241884,0.102386474609375,279.11756886402145
10.0,13440,0.0009110529282982226,0.1025390625,279.52425247989595
10.0,13460,0.0009055815670811823,0.102691650390625,279.92962339287624
10.0,13480,0.0009001430643468564,0.10284423828125,280.3378804498352
10.0,13500,0.0008947372227607379,0.102996826171875,280.7451484389603
10.0,13520,0.0008893638461731469,0.1031494140625,281.1525348899886
10.0,13540,0.0008840227396137849,0.103302001953125,281.5604952299036
10.0,13560,0.0008787137092814647,0.10345458984375,281.96895114099607
10.0,13580,0.0008734365625405824,0.103607177734375,282.3749411138706
10.0,13600,0.0008681911079112264,0.103759765625,282.7817219127901
10.0,13620,0.0008629771550649237,0.103912353515625,283.1885585789569
10.0,13640,0.0008577945148140143,0.10406494140625,283.5926190218888
10.0,13660,0.00085264299910966,0.104217529296875,284.0011135446839
10.0,13680,0.0008475224210295784,0.1043701171875,284.4080174337141
10.0,13700,0.0008424325947771991,0.104522705078125,284.8190355836414
10.0,13720,0.0008373733356683729,0.10467529296875,285.22425440791994
10.0,13740,0.0008323444601319582,0.104827880859375,285.63305094698444
10.0,13760,0.0008273457856959719,0.10498046875,286.0380706968717
10.0,13780,0.0008223771309858806,0.105133056640625,286.4477446908131
10.0,13800,0.0008174383157157616,0.10528564453125,286.8529412136413
10.0,13820,0.0008125291606820962,0.105438232421875,287.260633344762
10.0,13840,0.0008076494877602282,0.1055908203125,287.6641376838088
10.0,13860,0.0008027991198916787,0.105743408203125,288.072319928091
10.0,13880,0.0007979778810827781,0.10589599609375,288.4800225137733
10.0,13900,0.0007931855963977223,0.106048583984375,288.8891908330843
10.0,13920,0.0007884220919517415,0.106201171875,289.29737662291154
10.0,13940,0.0007836871949008697,0.106353759765625,289.70881143491715
10.0,13960,0.0007789807334427108,0.10650634765625,290.11442142678425
10.0,13980,0.0007743025368050002,0.106658935546875,290.5222358456813
10.0,14000,0.0007696524352420303,0.1068115234375,290.9317702576518
10.0,14020,0.000765030260026582,0.106964111328125,291.33928725868464
10.0,14040,0.0007604358434450403,0.10711669921875,291.74519633082673
10.0,14060,0.0007558690187915982,0.107269287109375,292.15153726609424
10.0,14080,0.0007513296203615019,0.107421875,292.55993340397254
10.0,14100,0.000746817483443673,0.107574462890625,292.9669968220405
10.0,14120,0.0007423324443191265,0.10772705078125,293.3738976768218
10.0,14140,0.0007378743402483086,0.107879638671875,293.78929328965023
10.0,14160,0.0007334430094727928,0.1080322265625,294.2104558860883
10.0,14180,0.0007290382912033931,0.108184814453125,294.62274735607207
10.0,14200,0.0007246600256164863,0.10833740234375,295.0302902520634
10.0,14220,0.000720308053849532,0.108489990234375,295.44536259165034
10.0,14240,0.0007159822179939043,0.108642578125,295.863896436058
10.0,14260,0.0007116823610878931,0.108795166015625,296.27531435573474
10.0,14280,0.000707408327114228,0.10894775390625,296.68355317786336
10.0,14300,0.0007031599609909838,0.109100341796875,297.0827833148651
10.0,14320,0.0006989371085690531,0.1092529296875,297.48702209303156
10.0,14340,0.0006947396166244906,0.109405517578125,297.88959638401866
10.0,14360,0.0006905673328532914,0.10955810546875,298.2948296368122
10.0,14380,0.0006864201058653131,0.109710693359375,298.6972148078494
10.0,14400,0.0006822977851820262,0.10986328125,299.10205409070477
10.0,14420,0.0006782002212275831,0.110015869140625,299.5034106890671
10.0,14440,0.0006741272653234394,0.11016845703125,299.9036891660653
10.0,14460,0.0006700787696837684,0.110321044921875,300.3061292027123
10.0,14480,0.0006660545874127246,0.1104736328125,300.70590200508013
10.0,14500,0.0006620545724930149,0.110626220703125,301.1072051296942
10.0,14520,0.0006580785797884075,0.11077880859375,301.50637435307726
10.0,14540,0.0006541264650318448,0.110931396484375,301.91078765969723
10.0,14560,0.00065019808482174,0.111083984375,302.31098725879565
10.0,14580,0.0006462932966205036,0.111236572265625,302.71565770870075
10.0,14600,0.0006424119587440865,0.11138916015625,303.11611359985545
10.0,14620,0.0006385539303606846,0.111541748046875,303.5190183548257
10.0,14640,0.0006347190714843115,0.1116943359375,303.91932071466
10.0,14660,0.000630907242969543,0.111846923828125,304.32155305566266
10.0,14680,0.0006271183065057836,0.11199951171875,304.7230382710695
10.0,14700,0.0006233521246134361,0.112152099609375,305.1216962020844
10.0,14720,0.0006196085606394363,0.1123046875,305.5233468436636
10.0,14740,0.0006158874787501269,0.112457275390625,305.9240660369396
10.0,14760,0.0006121887439291866,0.11260986328125,306.324723104015
10.0,14780,0.000608512221969148,0.112762451171875,306.728378680069
10.0,14800,0.0006048577794711328,0.1129150390625,307.1293408568017
10.0,14820,0.0006012252838339351,0.113067626953125,307.5310231219046
10.0,14840,0.0005976146032550889,0.11322021484375,307.93097098497674
10.0,14860,0.0005940256067246403,0.113372802734375,308.3401449220255
10.0,14880,0.000590458164017385,0.113525390625,308.75720373075455
10.0,14900,0.0005869121456898724,0.113677978515625,309.17311296006665
10.0,14920,0.0005833874230781615,0.11383056640625,309.59165563667193
10.0,14940,0.0005798838682890509,0.113983154296875,310.01335339806974
10.0,14960,0.0005764013541985159,0.1141357421875,310.4335164707154
10.0,14980,0.0005729397544455232,0.114288330078125,310.85976252984256
10.0,15000,0.0005694989434285996,0.11444091796875,311.2795708049089
10.0,15020,0.000566078796299786,0.114593505859375,311.71580470493063
10.0,15040,0.0005626791889614379,0.11474609375,312.1381687708199
10.0,15060,0.0005592999980602067,0.114898681640625,312.5403132820502
10.0,15080,0.0005559411009849206,0.11505126953125,312.9396850927733
10.0,15100,0.0005526023758600629,0.115203857421875,313.34668370196596
10.0,15120,0.0005492837015417397,0.1153564453125,313.748062540777
10.0,15140,0.000545984957613765,0.115509033203125,314.1521278899163
10.0,15160,0.000542706024384299,0.11566162109375,314.5534619670361
10.0,15180,0.000539446782879094,0.115814208984375,314.96161081595346
10.0,15200,0.0005362071148387077,0.115966796875,315.3644739529118
10.0,15220,0.0005329869027125216,0.116119384765625,315.7708653276786
10.0,15240,0.0005297860296595496,0.11627197265625,316.1761511438526
10.0,15260,0.0005266043795366926,0.116424560546875,316.5830807676539
10.0,15280,0.0005234418368989871,0.1165771484375,316.9877599696629
10.0,15300,0.0005202982869978057,0.116729736328125,317.3929529688321
10.0,15320,0.0005171736157702575,0.11688232421875,317.7959229229018
10.0,15340,0.00051406770984031,0.117034912109375,318.19934634072706
10.0,15360,0.0005109804565112172,0.1171875,318.6040505566634
10.0,15380,0.0005079117437646406,0.117340087890625,319.0173673448153
10.0,15400,0.0005048614602547097,0.11749267578125,319.4252353878692
10.0,15420,0.000501829495303354,0.117645263671875,319.8428082726896
10.0,15440,0.0004988157388979429,0.1177978515625,320.26556249475107
10.0,15460,0.0004958200816865163,0.117950439453125,320.678122012876
10.0,15480,0.0004928424149731508,0.11810302734375,321.0845677917823
10.0,15500,0.0004898826307160208,0.118255615234375,321.5043471576646
10.0,15520,0.0004869406215214657,0.118408203125,321.9178057410754
10.0,15540,0.0004840162806391961,0.118560791015625,322.3392630717717
10.0,15560,0.00048110950196280944,0.11871337890625,322.74951173504815
10.0,15580,0.00047822018002183583,0.118865966796875,323.15800680872053
10.0,15600,0.0004753482099781609,0.1190185546875,323.57454890804365
10.0,15620,0.0004724934876253995,0.119171142578125,323.9992062449455
10.0,15640,0.00046965590938144577,0.11932373046875,324.40986291784793
10.0,15660,0.00046683537228632647,0.119476318359375,324.81595747498795
10.0,15680,0.00046403177399964037,0.11962890625,325.21575175691396
10.0,15700,0.000461245012794718,0.119781494140625,325.6217924999073
10.0,15720,0.00045847498755486314,0.11993408203125,326.02217500982806
10.0,15740,0.0004557215977728279,0.120086669921875,326.4251337386668
10.0,15760,0.0004529847435424665,0.1202392578125,326.827621540986
10.0,15780,0.00045026432556044955,0.120391845703125,327.23177833575755
10.0,15800,0.00044756024511739584,0.12054443359375,327.6342587680556
10.0,15820,0.00044487240409737006,0.120697021484375,328.0390867749229
10.0,15840,0.000442200704975049,0.120849609375,328.45083058206365
10.0,15860,0.00043954505080771384,0.121002197265625,328.85478703165427
10.0,15880,0.0004369053452396107,0.12115478515625,329.2573909130879
10.0,15900,0.0004342814924885606,0.121307373046875,329.67538290377706
10.0,15920,0.00043167339735082074,0.1214599609375,330.09982615569606
10.0,15940,0.00042908096519335366,0.121612548828125,330.5229455898516
10.0,15960,0.00042650410195156304,0.12176513671875,330.94160782080144
10.0,15980,0.0004239427141257779,0.121917724609375,331.3662243420258
10.0,16000,0.0004213967087789735,0.1220703125,331.77820813888684
10.0,16020,0.0004188659935293541,0.122222900390625,332.19125462602824
10.0,16040,0.00041635047655276845,0.12237548828125,332.59310077596456
10.0,16060,0.00041385006657546314,0.122528076171875,332.9948465488851
10.0,16080,0.00041136467287109494,0.1226806640625,333.3948473748751
10.0,16100,0.00040889420526011737,0.122833251953125,333.7951638037339
10.0,16120,0.00040643857410252346,0.12298583984375,334.19250411493704
10.0,16140,0.0004039976902979801,0.123138427734375,334.59106735605747
10.0,16160,0.0004015714652805274,0.123291015625,334.9858969380148
10.0,16180,0.0003991598110155991,0.123443603515625,335.3869979949668
10.0,16200,0.000396762639999864,0.12359619140625,335.78518972499296
10.0,16220,0.0003943798652525411,0.123748779296875,336.19390897778794
10.0,16240,0.0003920114003159808,0.1239013671875,336.6106890528463
10.0,16260,0.0003896571592529113,0.124053955078125,337.0532307480462
10.0,16280,0.00038731705664152023,0.12420654296875,337.49291447689757
10.0,16300,0.0003849910075723491,0.124359130859375,337.93685885798186
10.0,16320,0.0003826789276465688,0.12451171875,338.373963563703
10.0,16340,0.00038038073297248597,0.124664306640625,338.7923209457658
10.0,16360,0.0003780963401608729,0.12481689453125,339.2084218687378
10.0,16380,0.00037582566632534065,0.124969482421875,339.6278916387819
10.0,16400,0.00037356862907493793,0.1251220703125,340.04623169777915
10.0,16420,0.0003713251465157782,0.125274658203125,340.48072647769004
10.0,16440,0.0003690951372444803,0.12542724609375,340.89812901895493
10.0,16460,0.0003668785203462866,0.125579833984375,341.3081554668024
10.0,16480,0.00036467521539356476,0.125732421875,341.7152605918236
10.0,16500,0.00036248514244086255,0.125885009765625,342.12759489985183
10.0,16520,0.00036030822202279484,0.12603759765625,342.539823312778
10.0,16540,0.0003581443751514505,0.126190185546875,342.9499358688481
10.0,16560,0.0003559935233136319,0.1263427734375,343.3559005376883
10.0,16580,0.0003538555884669766,0.126495361328125,343.76753511466086
10.0,16600,0.00035173049303732204,0.12664794921875,344.1862414670177
10.0,16620,0.0003496181599184605,0.126800537109375,344.598456481006
10.0,16640,0.0003475185124649799,0.126953125,345.01456163963303
10.0,16660,0.00034543147449353257,0.127105712890625,345.42442090809345
10.0,16680,0.00034335697027710704,0.12725830078125,345.83856992889196
10.0,16700,0.0003412949245440535,0.127410888671875,346.24529638374224
10.0,16720,0.0003392452624746615,0.1275634765625,346.65675070369616
10.0,16740,0.0003372079096982177,0.127716064453125,347.0708422958851
10.0,16760,0.0003351827922909637,0.12786865234375,347.49509228300303
10.0,16780,0.00033316983677268995,0.128021240234375,347.9230116009712
10.0,16800,0.0003311689701059726,0.128173828125,348.38226392073557
10.0,16820,0.00032918011968906377,0.128326416015625,348.8606036119163
10.0,16840,0.00032720321335975194,0.12847900390625,349.32701943209395
10.0,16860,0.0003252381793861714,0.128631591796875,349.78240129584447
10.0,16880,0.00032328494646982826,0.1287841796875,350.24264322500676
10.0,16900,0.00032134344373749356,0.128936767578125,350.6906205667183
10.0,16920,0.0003194136007452243,0.12908935546875,351.1315140668303
10.0,16940,0.0003174953474692115,0.129241943359375,351.6003408697434
10.0,16960,0.0003155886143071653,0.12939453125,352.0782943898812
10.0,16980,0.0003136933320741445,0.129547119140625,352.5093293879181
10.0,17000,0.0003118094320008764,0.12969970703125,352.9196381936781
10.0,17020,0.00030993684573295217,0.129852294921875,353.34974343469366
10.0,17040,0.0003080755053240936,0.1300048828125,353.768437939696
10.0,17060,0.00030622534323783185,0.130157470703125,354.18486566189677
10.0,17080,0.00030438629234156314,0.13031005859375,354.605008746963
10.0,17100,0.0003025582859067846,0.130462646484375,355.03254894400015
10.0,17120,0.0003007412576062926,0.130615234375,355.4386012018658
10.0,17140,0.0002989351415098039,0.130767822265625,355.8496848428622
10.0,17160,0.00029713987208456654,0.13092041015625,356.24954091990367
10.0,17180,0.00029535538418986603,0.131072998046875,356.666012711823
10.0,17200,0.0002935816130779323,0.1312255859375,357.0855998727493
10.0,17220,0.0002918184943878808,0.131378173828125,357.5078960666433
10.0,17240,0.0002900659641475237,0.13153076171875,357.92756102466956
10.0,17260,0.0002883239587658379,0.131683349609375,358.3505459539592
10.0,17280,0.0002865924150359745,0.1318359375,358.77196258865297
10.0,17300,0.0002848712701313208,0.131988525390625,359.18506797682494
10.0,17320,0.0002831604616008056,0.13214111328125,359.58846465777606
10.0,17340,0.00028145992736870675,0.132293701171875,359.9919773377478
10.0,17360,0.0002797696057334275,0.1324462890625,360.4024211987853
10.0,17380,0.00027808943536186844,0.132598876953125,360.85466356994584
10.0,17400,0.0002764193552917901,0.13275146484375,361.3203294798732
10.0,17420,0.0002747593049230322,0.132904052734375,361.81259885570034
10.0,17440,0.00027310922402468005,0.133056640625,362.29866856569424
10.0,17460,0.00027146905272332173,0.133209228515625,362.79263025708497
10.0,17480,0.0002698387315071903,0.13336181640625,363.2818862129934
10.0,17500,0.00026821820122098196,0.133514404296875,363.77166963368654
10.0,17520,0.0002666074030654163,0.1336669921875,364.2190546616912
10.0,17540,0.00026500627859404587,0.133819580078125,364.6938111097552
10.0,17560,0.0002634147697102563,0.13397216796875,365.1767627070658
10.0,17580,0.0002618328186686372,0.134124755859375,365.6109756999649
10.0,17600,0.00026026036806819946,0.13427734375,366.0383056276478
10.0,17620,0.00025869736085470344,0.134429931640625,366.4666397557594
10.0,17640,0.00025714374031630965,0.13458251953125,366.9013804537244
10.0,17660,0.0002555994500786966,0.134735107421875,367.3259779177606
10.0,17680,0.0002540644341109772,0.1348876953125,367.7413817127235
10.0,17700,0.0002525386367149088,0.135040283203125,368.1533772358671
10.0,17720,0.00025102200252865767,0.13519287109375,368.5585518088192
10.0,17740,0.00024951447652272145,0.135345458984375,368.96887579606846
10.0,17760,0.0002480160039961575,0.135498046875,369.3873736108653
10.0,17780,0.0002465265305795946,0.135650634765625,369.8212833176367
10.0,17800,0.00024504600222788423,0.13580322265625,370.25263754371554
10.0,17820,0.00024357436522151114,0.135955810546875,370.68496278394014
10.0,17840,0.00024211156616344288,0.1361083984375,371.11668927175924
10.0,17860,0.00024065755197664977,0.136260986328125,371.5431679710746
10.0,17880,0.0002392122699037564,0.13641357421875,371.9439628669061
10.0,17900,0.00023777566750351754,0.136566162109375,372.34386252379045
10.0,17920,0.00023634769265101638,0.13671875,372.7405824828893
10.0,17940,0.0002349282935317273,0.136871337890625,373.14255599770695
10.0,17960,0.00023351741864476993,0.13702392578125,373.54350909171626
10.0,17980,0.00023211501679788234,0.137176513671875,373.95366174401715
10.0,18000,0.00023072103710563267,0.1373291015625,374.3592844218947
10.0,18020,0.00022933542898810822,0.137481689453125,374.77018218673766
10.0,18040,0.0002279581421704398,0.13763427734375,375.18228585878387
10.0,18060,0.00022658912667806845,0.137786865234375,375.58826287370175
10.0,18080,0.00022522833283797968,0.137939453125,375.99042940465733
10.0,18100,0.00022387571127506514,0.138092041015625,376.4120616656728
10.0,18120,0.000222531212909028,0.13824462890625,376.82305716490373
10.0,18140,0.00022119478895829493,0.138397216796875,377.23636622168124
10.0,18160,0.00021986639092944622,0.1385498046875,377.6429779198952
10.0,18180,0.00021854597062388604,0.138702392578125,378.0559295359999
10.0,18200,0.00021723348013091959,0.13885498046875,378.4657385046594
10.0,18220,0.000215928871827399,0.139007568359375,378.8756407527253
10.0,18240,0.00021463209837763563,0.13916015625,379.29302206402645
10.0,18260,0.00021334311272804205,0.139312744140625,379.7077031256631
10.0,18280,0.00021206186810930416,0.13946533203125,380.12328814994544
10.0,18300,0.00021078831803336354,0.139617919921875,380.5340010910295
10.0,18320,0.00020952241628890235,0.1397705078125,380.95068037789315
10.0,18340,0.00020826411694584789,0.139923095703125,381.3634026199579
10.0,18360,0.00020701337434511996,0.14007568359375,381.76795084169134
10.0,18380,0.0002057701431051719,0.140228271484375,382.1804921347648
10.0,18400,0.00020453437811815623,0.140380859375,382.58603682601824
10.0,18420,0.00020330603454425542,0.140533447265625,382.993804320693
10.0,18440,0.00020208506781326294,0.14068603515625,383.40446568094194
10.0,18460,0.00020087143362402764,0.140838623046875,383.81495329272
10.0,18480,0.00019966508794170908,0.1409912109375,384.21937039494514
10.0,18500,0.00019846598699271815,0.141143798828125,384.62374024279416
10.0,18520,0.00019727408727124432,0.14129638671875,385.021946482826
10.0,18540,0.00019608934552777004,0.141448974609375,385.4402271397412
10.0,18560,0.0001949117187773203,0.1416015625,385.86815373785794
10.0,18580,0.00019374116428857758,0.141754150390625,386.28139629401267
10.0,18600,0.00019257763958980054,0.14190673828125,386.7000861829147
10.0,18620,0.00019142110246343552,0.142059326171875,387.12880679173395
10.0,18640,0.00019027151094478664,0.1422119140625,387.55680237384513
10.0,18660,0.00018912882332334868,0.142364501953125,387.976910921745
10.0,18680,0.00018799299813572527,0.14251708984375,388.3947900766507
10.0,18700,0.00018686399417052943,0.142669677734375,388.8102524629794
10.0,18720,0.0001857417704631297,0.142822265625,389.22152204904705
10.0,18740,0.00018462628629331739,0.142974853515625,389.62283046077937
10.0,18760,0.0001835175011881664,0.14312744140625,390.0313047859818
10.0,18780,0.00018241537491375378,0.143280029296875,390.45588972372934
10.0,18800,0.0001813198674832622,0.1434326171875,390.87955987406895
10.0,18820,0.0001802309391456818,0.143585205078125,391.30998861882836
10.0,18840,0.000179148550390491,0.14373779296875,391.7385817519389
10.0,18860,0.00017807266194330663,0.143890380859375,392.16828746395186
10.0,18880,0.0001770032347671021,0.14404296875,392.58870072104037
10.0,18900,0.00017594023005766636,0.144195556640625,393.0018504690379
10.0,18920,0.00017488360924620085,0.14434814453125,393.4135720958002
10.0,18940,0.0001738333339928605,0.144500732421875,393.8264830959961
10.0,18960,0.0001727893661900461,0.1446533203125,394.2383163156919
10.0,18980,0.00017175166795806434,0.144805908203125,394.65656045265496
10.0,19000,0.00017072020164460324,0.14495849609375,395.0877742469311
10.0,19020,0.00016969492982313962,0.145111083984375,395.51840126374736
10.0,19040,0.00016867581529347376,0.145263671875,395.9511425248347
10.0,19060,0.00016766282107822557,0.145416259765625,396.3753852727823
10.0,19080,0.0001666559104200889,0.14556884765625,396.7868065768853
10.0,19100,0.000165655046785364,0.145721435546875,397.217620129697
10.0,19120,0.00016466019385848416,0.1458740234375,397.6477780630812
10.0,19140,0.00016367131554062352,0.146026611328125,398.078421712853
10.0,19160,0.00016268837595363682,0.14617919921875,398.51023339806125
10.0,19180,0.00016171133943028413,0.146331787109375,398.9403486517258
10.0,19200,0.000160740170520708,0.146484375,399.36595941893756
10.0,19220,0.00015977483398647524,0.146636962890625,399.7796067809686
10.0,19240,0.00015881529480046564,0.14678955078125,400.19037721073255
10.0,19260,0.00015786151814654292,0.146942138671875,400.6000569029711
10.0,19280,0.00015691346941961424,0.1470947265625,401.0146265118383
10.0,19300,0.0001559711142185739,0.147247314453125,401.4335930608213
10.0,19320,0.0001550344183508877,0.14739990234375,401.8588747950271
10.0,19340,0.00015410334783079953,0.147552490234375,402.2897572629154
10.0,19360,0.00015317786887315528,0.147705078125,402.7193936998956
10.0,19380,0.0001522579478997465,0.147857666015625,403.14261839771643
10.0,19400,0.00015134355153057042,0.14801025390625,403.54249704582617
10.0,19420,0.00015043464658767955,0.148162841796875,403.94486892875284
10.0,19440,0.00014953120009202257,0.1483154296875,404.3408021866344
10.0,19460,0.00014863317926433277,0.148468017578125,404.739978000056
10.0,19480,0.0001477405515185659,0.14862060546875,405.1362566817552
10.0,19500,0.00014685328446799426,0.148773193359375,405.53609860967845
10.0,19520,0.00014597134591795655,0.14892578125,405.93254126701504
10.0,19540,0.00014509470386789582,0.149078369140625,406.3326421310194
10.0,19560,0.000144223326510238,0.14923095703125,406.73199763987213
10.0,19580,0.00014335718222724226,0.149383544921875,407.1344664157368
10.0,19600,0.0001424962395917367,0.1495361328125,407.53351124795154
10.0,19620,0.00014164046736520123,0.149688720703125,407.93680907273665
10.0,19640,0.00014078983449692387,0.14984130859375,408.33403092063963
10.0,19660,0.00013994431012159849,0.149993896484375,408.7323996350169
10.0,19680,0.0001391038635610848,0.150146484375,409.13146110996604
10.0,19700,0.0001382684643193184,0.150299072265625,409.5340321967378
10.0,19720,0.00013743808208525752,0.15045166015625,409.93273564986885
10.0,19740,0.00013661268672887378,0.150604248046875,410.33283505169675
10.0,19760,0.00013579224830167623,0.1507568359375,410.73009359976277
10.0,19780,0.0001349767370345044,0.150909423828125,411.1302093039267
10.0,19800,0.0001341661233370679,0.15106201171875,411.5287968576886
10.0,19820,0.00013336037779665652,0.151214599609375,411.9287072699517
10.0,19840,0.00013255947117838564,0.1513671875,412.32608030503616
10.0,19860,0.00013176337442142433,0.151519775390625,412.72674549371004
10.0,19880,0.0001309720586395556,0.15167236328125,413.12396273575723
10.0,19900,0.0001301854951212479,0.151824951171875,413.52308902004734
10.0,19920,0.0001294036553269053,0.1519775390625,413.92231410974637
10.0,19940,0.00012862651088775285,0.152130126953125,414.3224646919407
10.0,19960,0.0001278540336047798,0.15228271484375,414.7198701216839
10.0,19980,0.00012708619545062533,0.152435302734375,415.11974718794227
10.0,20000,0.00012632296856459146,0.152587890625,415.5164138828404
10.0,20020,0.0001255643252530827,0.152740478515625,415.93108843592927
10.0,20040,0.00012481023798989748,0.15289306640625,416.3335285130888
10.0,20060,0.00012406067941340417,0.153045654296875,416.7376124379225
10.0,20080,0.00012331562232617817,0.1531982421875,417.14108649501577
10.0,20100,0.0001225750396950303,0.153350830078125,417.54480158304796
10.0,20120,0.00012183890464738299,0.15350341796875,417.9490384478122
10.0,20140,0.0001211071904753707,0.153656005859375,418.3515359130688
10.0,20160,0.00012037987062700305,0.15380859375,418.75860685063526
10.0,20180,0.00011965691871349144,0.153961181640625,419.1632372359745
10.0,20200,0.00011893830850237171,0.15411376953125,419.56618352793157
10.0,20220,0.00011822401391973351,0.154266357421875,419.9678882448934
10.0,20240,0.0001175140090486093,0.1544189453125,420.3671116018668
10.0,20260,0.00011680826812574982,0.154571533203125,420.76705566979945
10.0,20280,0.00011610676554539977,0.15472412109375,421.1657968759537
10.0,20300,0.00011540947585216914,0.154876708984375,421.56639304896817
10.0,20320,0.00011471637374720462,0.155029296875,421.964812962804
10.0,20340,0.00011402743408064347,0.155181884765625,422.365975394845
10.0,20360,0.00011334263185557604,0.15533447265625,422.765220571775
10.0,20380,0.00011266194222515572,0.155487060546875,423.1671574776992
10.0,20400,0.00011198534049001316,0.1556396484375,423.56496403878555
10.0,20420,0.00011131280210018233,0.155792236328125,423.9649070147425
10.0,20440,0.00011064430265393192,0.15594482421875,424.3677130746655
10.0,20460,0.0001099798178953368,0.156097412109375,424.7707541966811
10.0,20480,0.00010931932371279614,0.15625,425.16879446897656
10.0,20500,0.00010866279614218279,0.156402587890625,425.5711170746945
10.0,20520,0.00010801021136123451,0.15655517578125,425.9741114117205
10.0,20540,0.00010736154569143269,0.156707763671875,426.37825552001595
10.0,20560,0.000106716775596646,0.1568603515625,426.7811953728087
10.0,20580,0.00010607587768253542,0.157012939453125,427.18314382387325
10.0,20600,0.00010543882869406605,0.15716552734375,427.58280242979527
10.0,20620,0.00010480560551566328,0.157318115234375,427.9877630886622
10.0,20640,0.00010417618517292464,0.157470703125,428.38969034096226
10.0,20660,0.00010355054482546572,0.157623291015625,428.79654174670577
10.0,20680,0.00010292866177573262,0.15777587890625,429.20024483883753
10.0,20700,0.00010231051345717148,0.157928466796875,429.6034052846953
10.0,20720,0.00010169607744062677,0.1580810546875,430.005921786651
10.0,20740,0.00010108533143268869,0.158233642578125,430.40898939501494
10.0,20760,0.00010047825327132117,0.15838623046875,430.81237205676734
10.0,20780,9.987482093098915e-05,0.158538818359375,431.21840241504833
10.0,20800,9.927501251630062e-05,0.15869140625,431.6208190997131
10.0,20820,9.867880626327279e-05,0.158843994140625,432.0246873879805
10.0,20840,9.808618053965974e-05,0.15899658203125,432.42534617800266
10.0,20860,9.749711384080251e-05,0.159149169921875,432.8286383450031
10.0,20880,9.691158479501831e-05,0.1593017578125,433.23014962580055
10.0,20900,9.63295721558934e-05,0.159454345703125,433.63494497770444
10.0,20920,9.57510548056048e-05,0.15960693359375,434.0372004308738
10.0,20940,9.517601175263731e-05,0.159759521484375,434.4434717600234
10.0,20960,9.460442213346118e-05,0.159912109375,434.8469580137171
10.0,20980,9.403626520630786e-05,0.160064697265625,435.2503745816648
10.0,21000,9.347152035798839e-05,0.16021728515625,435.65174925467
10.0,21020,9.291016709667817e-05,0.160369873046875,436.05467066308483
10.0,21040,9.235218505373283e-05,0.1605224609375,436.4564506718889
10.0,21060,9.179755398330168e-05,0.160675048828125,436.8606856749393
10.0,21080,9.124625376065332e-05,0.16082763671875,437.2612661467865
10.0,21100,9.069826438379665e-05,0.160980224609375,437.66461189696565
10.0,21120,9.015356596772298e-05,0.1611328125,438.091301925946
10.0,21140,8.96121387493901e-05,0.161285400390625,438.5218469509855
10.0,21160,8.90739630834987e-05,0.16143798828125,438.94889352004975
10.0,21180,8.85390194422214e-05,0.161590576171875,439.3772991048172
10.0,21200,8.800728841648576e-05,0.1617431640625,439.7981740757823
10.0,21220,8.74787507122184e-05,0.161895751953125,440.2101719020866
10.0,21240,8.695338715150857e-05,0.16204833984375,440.6278905668296
10.0,21260,8.643117867204221e-05,0.162200927734375,441.03511381475255
10.0,21280,8.591210632774636e-05,0.162353515625,441.44447049172595
10.0,21300,8.539615128199413e-05,0.162506103515625,441.85212157666683
10.0,21320,8.488329481505894e-05,0.16265869140625,442.2836722638458
10.0,21340,8.437351831811922e-05,0.162811279296875,442.7183237588033
10.0,21360,8.386680329482596e-05,0.1629638671875,443.15213248692453
10.0,21380,8.336313135847073e-05,0.163116455078125,443.5887611187063
10.0,21400,8.286248423480874e-05,0.16326904296875,444.01046827295795
10.0,21420,8.236484375757763e-05,0.163421630859375,444.43696777988225
10.0,21440,8.187019187006709e-05,0.16357421875,444.85623943898827
10.0,21460,8.137851062499883e-05,0.163726806640625,445.2622770466842
10.0,21480,8.088978218127033e-05,0.16387939453125,445.6603593667969
10.0,21500,8.040398880606435e-05,0.164031982421875,446.0619825120084
10.0,21520,7.992111287450999e-05,0.1641845703125,446.46086372900754
10.0,21540,7.944113686253079e-05,0.164337158203125,446.8601557617076
10.0,21560,7.896404335679987e-05,0.16448974609375,447.257280505728
10.0,21580,7.848981504595098e-05,0.164642333984375,447.657896396704
10.0,21600,7.80184347228253e-05,0.164794921875,448.05547008896247
10.0,21620,7.754988528389045e-05,0.164947509765625,448.474913852755
10.0,21640,7.70841497283377e-05,0.16510009765625,448.8950915057212
10.0,21660,7.662121115698541e-05,0.165252685546875,449.31863096682355
10.0,21680,7.616105277325238e-05,0.1654052734375,449.73358595604077
10.0,21700,7.570365787955616e-05,0.165557861328125,450.1505018877797
10.0,21720,7.524900988128122e-05,0.16571044921875,450.5663093170151
10.0,21740,7.479709227977969e-05,0.165863037109375,450.9841084429063
10.0,21760,7.434788867883478e-05,0.166015625,451.3935048347339
10.0,21780,7.390138277985865e-05,0.166168212890625,451.7966506606899
10.0,21800,7.345755838054106e-05,0.16632080078125,452.2006350387819
10.0,21820,7.301639937769699e-05,0.166473388671875,452.6223972989246
10.0,21840,7.257788976482702e-05,0.1666259765625,453.04254775401205
10.0,21860,7.21420136303088e-05,0.166778564453125,453.46441181376576
10.0,21880,7.170875515889935e-05,0.16693115234375,453.8811502517201
10.0,21900,7.127809862961376e-05,0.167083740234375,454.30039364192635
10.0,21920,7.085002841771028e-05,0.167236328125,454.7232816880569
10.0,21940,7.042452898962106e-05,0.167388916015625,455.1271620830521
10.0,21960,7.000158490773429e-05,0.16754150390625,455.5337552810088
10.0,21980,6.95811808243775e-05,0.167694091796875,455.9354020226747
10.0,22000,6.916330148669415e-05,0.1678466796875,456.3358633466996
10.0,22020,6.874793173218634e-05,0.167999267578125,456.73699860600755
10.0,22040,6.833505648878868e-05,0.16815185546875,457.1352903000079
10.0,22060,6.792466077612394e-05,0.168304443359375,457.53770928271115
10.0,22080,6.751672970361159e-05,0.16845703125,457.9470288758166
10.0,22100,6.71112484692871e-05,0.168609619140625,458.3613426988013
10.0,22120,6.670820236131573e-05,0.16876220703125,458.77248575678095
10.0,22140,6.630757675465052e-05,0.168914794921875,459.1846569669433
10.0,22160,6.59093571129408e-05,0.1690673828125,459.59144804580137
10.0,22180,6.551352898759126e-05,0.169219970703125,460.0024700369686
10.0,22200,6.512007801635294e-05,0.16937255859375,460.4051095028408
10.0,22220,6.472898992241404e-05,0.169525146484375,460.80861723190174
10.0,22240,6.434025051666469e-05,0.169677734375,461.213323416654
10.0,22260,6.395384569343727e-05,0.169830322265625,461.62777295708656
10.0,22280,6.356976143187492e-05,0.16998291015625,462.033690626733
10.0,22300,6.31879837963491e-05,0.170135498046875,462.44593234267086
10.0,22320,6.280849893471682e-05,0.1702880859375,462.8552645938471
10.0,22340,6.243129307664123e-05,0.170440673828125,463.2620607698336
10.0,22360,6.205635253579095e-05,0.17059326171875,463.66098356992006
10.0,22380,6.16836637083604e-05,0.170745849609375,464.06356579763815
10.0,22400,6.13132130717834e-05,0.1708984375,464.4649954820052
10.0,22420,6.094498718371667e-05,0.171051025390625,464.866544208955
10.0,22440,6.0578972682788035e-05,0.17120361328125,465.2668044269085
10.0,22460,6.021515629067831e-05,0.171356201171875,465.6693817777559
10.0,22480,5.9853524805756406e-05,0.1715087890625,466.06765467487276
10.0,22500,5.949406510447864e-05,0.171661376953125,466.4671717416495
10.0,22520,5.9136764146647296e-05,0.17181396484375,466.86729418998584
10.0,22540,5.8781608967293935e-05,0.171966552734375,467.2695177649148
10.0,22560,5.842858667960487e-05,0.172119140625,467.6698808837682
10.0,22580,5.8077684473770665e-05,0.172271728515625,468.06801434000954
10.0,22600,5.772888961909472e-05,0.17242431640625,468.4652627198957
10.0,22620,5.73821894586535e-05,0.172576904296875,468.8653774280101
10.0,22640,5.703757141274887e-05,0.1727294921875,469.2627604426816
10.0,22660,5.669502297886255e-05,0.172882080078125,469.66108698397875
10.0,22680,5.6354531725236666e-05,0.17303466796875,470.0585748939775
10.0,22700,5.601608529884421e-05,0.173187255859375,470.4579144557938
10.0,22720,5.5679671420567155e-05,0.17333984375,470.85359187889844
10.0,22740,5.5345277881442106e-05,0.173492431640625,471.25305494107306
10.0,22760,5.501289255023358e-05,0.17364501953125,471.6499274149537
10.0,22780,5.468250336557609e-05,0.173797607421875,472.04885149700567
10.0,22800,5.43540983397252e-05,0.1739501953125,472.46009521279484
10.0,22820,5.402766555777673e-05,0.174102783203125,472.86297851381823
10.0,22840,5.370319317498203e-05,0.17425537109375,473.2608834756538
10.0,22860,5.3380669416030814e-05,0.174407958984375,473.65954589890316
10.0,22880,5.306008258176571e-05,0.174560546875,474.05640715686604
10.0,22900,5.274142103775034e-05,0.174713134765625,474.4579223189503
10.0,22920,5.242467322125306e-05,0.17486572265625,474.8640411538072
10.0,22940,5.210982764100478e-05,0.175018310546875,475.27710001403466
10.0,22960,5.179687287242732e-05,0.1751708984375,475.6863303836435
10.0,22980,5.148579756013348e-05,0.175323486328125,476.09849638678133
10.0,23000,5.1176590416790835e-05,0.17547607421875,476.51089927507564
10.0,23020,5.0869240222934125e-05,0.175628662109375,476.9370790189132
10.0,23040,5.056373582753313e-05,0.17578125,477.3502246378921
10.0,23060,5.026006614438025e-05,0.175933837890625,477.76302238786593
10.0,23080,4.995822015642269e-05,0.17608642578125,478.1757665956393
10.0,23100,4.96581869099463e-05,0.176239013671875,478.5889251320623
10.0,23120,4.935995551999832e-05,0.1763916015625,478.9865818428807
10.0,23140,4.9063515164866035e-05,0.176544189453125,479.3902603867464
10.0,23160,4.8768855087830225e-05,0.17669677734375,479.78985826391727
10.0,23180,4.847596459807734e-05,0.176849365234375,480.19210611190647
10.0,23200,4.8184833068426584e-05,0.177001953125,480.5928559829481
10.0,23220,4.789544993423083e-05,0.177154541015625,481.00143190380186
10.0,23240,4.7607804696996286e-05,0.17730712890625,481.40772870369256
10.0,23260,4.7321886918915965e-05,0.177459716796875,481.809574238956
10.0,23280,4.703768622625795e-05,0.1776123046875,482.21219775406644
10.0,23300,4.67551923059373e-05,0.177764892578125,482.6115623009391
10.0,23320,4.647439490920344e-05,0.17791748046875,483.0116424909793
10.0,23340,4.619528384730821e-05,0.178070068359375,483.414393780753
10.0,23360,4.5917848992302974e-05,0.17822265625,483.8142467690632
10.0,23380,4.564208027805907e-05,0.178375244140625,484.2211897568777
10.0,23400,4.536796769857164e-05,0.17852783203125,484.62560816667974
10.0,23420,4.509550130719578e-05,0.178680419921875,485.033092207741
10.0,23440,4.4824671218980784e-05,0.1788330078125,485.43515974795446
10.0,23460,4.455546760583692e-05,0.178985595703125,485.8431157078594
10.0,23480,4.428788070050276e-05,0.17913818359375,486.2444227030501
10.0,23500,4.402190079427508e-05,0.179290771484375,486.6514886599034
10.0,23520,4.375751823569244e-05,0.179443359375,487.0612145909108
10.0,23540,4.349472343144579e-05,0.179595947265625,487.4711892227642
10.0,23560,4.323350684783619e-05,0.17974853515625,487.88476058701053
10.0,23580,4.297385900480438e-05,0.179901123046875,488.29942367970943
10.0,23600,4.271577048222912e-05,0.1800537109375,488.70749372569844
10.0,23620,4.245923191592797e-05,0.180206298828125,489.1220694389194
10.0,23640,4.220423399747874e-05,0.18035888671875,489.534060142003
10.0,23660,4.195076747322187e-05,0.180511474609375,489.9572280677967
10.0,23680,4.169882314842261e-05,0.1806640625,490.373100542929
10.0,23700,4.1448391880042224e-05,0.180816650390625,490.78666372504085
10.0,23720,4.1199464581953186e-05,0.18096923828125,491.199655121658
10.0,23740,4.095203222133562e-05,0.181121826171875,491.6069276118651
10.0,23760,4.070608582138106e-05,0.1812744140625,492.00667432369664
10.0,23780,4.046161645771821e-05,0.181427001953125,492.4240355938673
10.0,23800,4.0218615259168456e-05,0.18157958984375,492.8312972197309
10.0,23820,3.997707340959713e-05,0.181732177734375,493.2372218486853
10.0,23840,3.9736982144207413e-05,0.181884765625,493.6390030258335
10.0,23860,3.949833275255331e-05,0.182037353515625,494.04381280299276
10.0,23880,3.9261116574513655e-05,0.18218994140625,494.4470969149843
10.0,23900,3.9025325003188275e-05,0.182342529296875,494.8537115920335
10.0,23920,3.879094948239597e-05,0.1824951171875,495.2682040906511
10.0,23940,3.855798150862455e-05,0.182647705078125,495.67222771793604
10.0,23960,3.8326412629170834e-05,0.18280029296875,496.0717900567688
10.0,23980,3.809623444105046e-05,0.182952880859375,496.4738153889775
10.0,24000,3.786743859341244e-05,0.18310546875,496.87712750863284
10.0,24020,3.7640016782707946e-05,0.183258056640625,497.28027430176735
10.0,24040,3.741396075942452e-05,0.18341064453125,497.68184236669913
10.0,24060,3.718926231964262e-05,0.183563232421875,498.0917702950537
10.0,24080,3.69659133115927e-05,0.1837158203125,498.4884683289565
10.0,24100,3.674390562937174e-05,0.183868408203125,498.8863945598714
10.0,24120,3.652323121968115e-05,0.18402099609375,499.2830833918415
10.0,24140,3.6303882074755476e-05,0.184173583984375,499.6797941336408
10.0,24160,3.6085850235640035e-05,0.184326171875,500.0744808446616
10.0,24180,3.586912779114568e-05,0.184478759765625,500.4724241900258
10.0,24200,3.5653706877895985e-05,0.18463134765625,500.8616531630978
10.0,24220,3.543957967836234e-05,0.184783935546875,501.2530901096761
10.0,24240,3.522673842519744e-05,0.1849365234375,501.640788200777
10.0,24260,3.50151753943921e-05,0.185089111328125,502.031234706752
10.0,24280,3.4804882909184275e-05,0.18524169921875,502.4175912546925
10.0,24300,3.459585334046735e-05,0.185394287109375,502.80503371404484
10.0,24320,3.438807910251861e-05,0.185546875,503.19376360299066
10.0,24340,3.4181552657102695e-05,0.185699462890625,503.59352824883536
10.0,24360,3.3976266511089674e-05,0.18585205078125,503.9856798877008
10.0,24380,3.377221321469036e-05,0.186004638671875,504.3814068380743
10.0,24400,3.356938536511468e-05,0.1861572265625,504.79058141168207
10.0,24420,3.336777560160515e-05,0.186309814453125,505.20705974893644
10.0,24440,3.31673766102877e-05,0.18646240234375,505.6211051028222
10.0,24460,3.2968181118581335e-05,0.186614990234375,506.0373501400463
10.0,24480,3.277018189996148e-05,0.186767578125,506.4522813609801
10.0,24500,3.2573371769421015e-05,0.186920166015625,506.88029099907726
10.0,24520,3.2377743586014314e-05,0.18707275390625,507.2833472066559
10.0,24540,3.218329025154688e-05,0.187225341796875,507.6859902977012
10.0,24560,3.199000471162357e-05,0.1873779296875,508.0838381620124
10.0,24580,3.1797879951369665e-05,0.187530517578125,508.48947298293933
10.0,24600,3.160690900032628e-05,0.18768310546875,508.88940476905555
10.0,24620,3.1417084928518666e-05,0.187835693359375,509.2970066317357
10.0,24640,3.1228400850187434e-05,0.18798828125,509.7017260058783
10.0,24660,3.104084991728442e-05,0.188140869140625,510.1048829318024
10.0,24680,3.0854425326179814e-05,0.18829345703125,510.50645265867934
10.0,24700,3.066912031044381e-05,0.188446044921875,510.91075112391263
10.0,24720,3.0484928148670108e-05,0.1885986328125,511.31117320386693
10.0,24740,3.0301842156482598e-05,0.188751220703125,511.71593832969666
10.0,24760,3.011985569088662e-05,0.18890380859375,512.123918062076
10.0,24780,2.993896214927841e-05,0.189056396484375,512.5261773657985
10.0,24800,2.9759154967262815e-05,0.189208984375,512.9278271826915
10.0,24820,2.958042762085547e-05,0.189361572265625,513.329425457865
10.0,24840,2.940277362542915e-05,0.18951416015625,513.730274324771
10.0,24860,2.922618653412217e-05,0.189666748046875,514.1371959326789
10.0,24880,2.9050659940795707e-05,0.1898193359375,514.5428903559223
10.0,24900,2.887618747661205e-05,0.189971923828125,514.9456854257733
10.0,24920,2.870276280910777e-05,0.19012451171875,515.3468481227756
10.0,24940,2.8530379647393515e-05,0.190277099609375,515.7526025380939
10.0,24960,2.835903173634103e-05,0.1904296875,516.1527871019207
10.0,24980,2.818871285895762e-05,0.190582275390625,516.5547875696793
10.0,25000,2.8019416835274285e-05,0.19073486328125,516.9590654969215
10.0,25020,2.785113752203875e-05,0.190887451171875,517.3826093100943
10.0,25040,2.768386881393746e-05,0.1910400390625,517.7867799489759
10.0,25060,2.7517604640807736e-05,0.191192626953125,518.1919108978473
10.0,25080,2.7352338971178422e-05,0.19134521484375,518.6015600427054
10.0,25100,2.718806580754854e-05,0.191497802734375,519.0075105479918
10.0,25120,2.702477918988438e-05,0.191650390625,519.4138147276826
10.0,25140,2.686247319358051e-05,0.191802978515625,519.8247870607302
10.0,25160,2.6701141929326782e-05,0.19195556640625,520.2404491668567
10.0,25180,2.65407795429905e-05,0.192108154296875,520.6842208770104
10.0,25200,2.638138021688112e-05,0.1922607421875,521.0956747517921
10.0,25220,2.622293816598916e-05,0.192413330078125,521.5052841426805
10.0,25240,2.606544764263281e-05,0.19256591796875,521.9159914618358
10.0,25260,2.5908902931491396e-05,0.192718505859375,522.3260107357055
10.0,25280,2.575329835293719e-05,0.19287109375,522.7353057949804
10.0,25300,2.5598628260836185e-05,0.193023681640625,523.1443768558092
10.0,25320,2.5444887043123723e-05,0.19317626953125,523.55028541293
10.0,25340,2.5292069121726458e-05,0.193328857421875,523.9629864008166
10.0,25360,2.514016895121839e-05,0.1934814453125,524.36883196095
10.0,25380,2.4989181020413558e-05,0.193634033203125,524.7796301348135
10.0,25400,2.4839099851020197e-05,0.19378662109375,525.1881949910894
10.0,25420,2.4689919996915662e-05,0.193939208984375,525.6007667607628
10.0,25440,2.454163604533323e-05,0.194091796875,526.0072778346948
10.0,25460,2.4394242616903114e-05,0.194244384765625,526.4171990347095
10.0,25480,2.4247734361875258e-05,0.19439697265625,526.8295508227311
10.0,25500,2.4102105964540156e-05,0.194549560546875,527.237468610052
10.0,25520,2.3957352142973955e-05,0.1947021484375,527.6458993707784
10.0,25540,2.381346764295942e-05,0.194854736328125,528.0567168118432
10.0,25560,2.3670447244264456e-05,0.19500732421875,528.4655854748562
10.0,25580,2.3528285757667795e-05,0.195159912109375,528.875379589852
10.0,25600,2.3386978024706838e-05,0.1953125,529.2804740876891
10.0,25620,2.324651891796608e-05,0.195465087890625,529.6885739946738
10.0,25640,2.310690334168842e-05,0.19561767578125,530.0930718239397
10.0,25660,2.296812622983031e-05,0.195770263671875,530.4995241877623
10.0,25680,2.2830182546118053e-05,0.1959228515625,530.9028941080905
10.0,25700,2.2693067286223923e-05,0.196075439453125,531.3101653670892
10.0,25720,2.255677547496669e-05,0.19622802734375,531.7148670856841
10.0,25740,2.2421302167066333e-05,0.196380615234375,532.1217299737036
10.0,25760,2.2286642447107723e-05,0.196533203125,532.5265515167266
10.0,25780,2.2152791427969425e-05,0.196685791015625,532.9337877780199
10.0,25800,2.201974425521481e-05,0.19683837890625,533.3370161927305
10.0,25820,2.188749609949292e-05,0.196990966796875,533.744442414958
10.0,25840,2.1756042162748105e-05,0.1971435546875,534.1475490727462
10.0,25860,2.1625377675236514e-05,0.197296142578125,534.5558426757343
10.0,25880,2.149549789606891e-05,0.19744873046875,534.9595472547226
10.0,25900,2.1366398112960074e-05,0.197601318359375,535.3632550090551
10.0,25920,2.123807364065908e-05,0.19775390625,535.7654741769657
10.0,25940,2.1110519823640753e-05,0.197906494140625,536.1717727798969
10.0,25960,2.0983732034979084e-05,0.19805908203125,536.575417406857
10.0,25980,2.0857705671921295e-05,0.198211669921875,536.9832299388945
10.0,26000,2.0732436162202456e-05,0.1983642578125,537.3866617837921
10.0,26020,2.0607918962574525e-05,0.198516845703125,537.794433069881
10.0,26040,2.0484149552818072e-05,0.19866943359375,538.198597270064
10.0,26060,2.0361123442642234e-05,0.198822021484375,538.6052907346748
10.0,26080,2.023883616811361e-05,0.198974609375,539.0104275820777
10.0,26100,2.011728329302785e-05,0.199127197265625,539.4197371406481
10.0,26120,1.9996460406299883e-05,0.19927978515625,539.8244076366536
10.0,26140,1.9876363123532207e-05,0.199432373046875,540.2303259978071
10.0,26160,1.9756987087269627e-05,0.1995849609375,540.6353800096549
10.0,26180,1.9638327966512737e-05,0.199737548828125,541.0419733179733
10.0,26200,1.952038145633182e-05,0.19989013671875,541.4464022219181
10.0,26220,1.940314327514816e-05,0.200042724609375,541.8534692497924
10.0,26240,1.928660917150976e-05,0.2001953125,542.2576882559806
10.0,26260,1.9170774914663156e-05,0.200347900390625,542.6667984509841
10.0,26280,1.9055636303833523e-05,0.20050048828125,543.0704751717858
10.0,26300,1.8941189160188944e-05,0.200653076171875,543.477461299859
10.0,26320,1.8827429330760502e-05,0.2008056640625,543.879250717815
10.0,26340,1.871435268783173e-05,0.200958251953125,544.2876353859901
10.0,26360,1.8601955130239606e-05,0.20111083984375,544.69090795191
10.0,26380,1.84902325784132e-05,0.201263427734375,545.1278131697327
10.0,26400,1.837918097841768e-05,0.201416015625,545.5614272160456
10.0,26420,1.8268796300447942e-05,0.201568603515625,546.001881218981
10.0,26440,1.8159074540571673e-05,0.20172119140625,546.4464014377445
10.0,26460,1.8050011717008438e-05,0.201873779296875,546.8877584710717
10.0,26480,1.794160387285878e-05,0.2020263671875,547.3249099468812
10.0,26500,1.7833847073729255e-05,0.202178955078125,547.7549225059338
10.0,26520,1.7726737410795576e-05,0.20233154296875,548.1819739276543
10.0,26540,1.7620270997707263e-05,0.202484130859375,548.5936156297103
10.0,26560,1.751444396932834e-05,0.20263671875,548.9974168217741
10.0,26580,1.7409252487987206e-05,0.202789306640625,549.4059763010591
10.0,26600,1.730469273686682e-05,0.20294189453125,549.8091349597089
10.0,26620,1.720076092065038e-05,0.203094482421875,550.227139974013
10.0,26640,1.7097453270179456e-05,0.2032470703125,550.6341051030904
10.0,26660,1.699476603531552e-05,0.203399658203125,551.045514816884
10.0,26680,1.6892695490968812e-05,0.20355224609375,551.4466288867407
10.0,26700,1.679123793310714e-05,0.203704833984375,551.8496810100041
10.0,26720,1.669038968110538e-05,0.203857421875,552.2492445609532
10.0,26740,1.6590147075814122e-05,0.204010009765625,552.6521917190403
10.0,26760,1.64905064784854e-05,0.20416259765625,553.052106813062
10.0,26780,1.6391464274709568e-05,0.204315185546875,553.4578109090216
10.0,26800,1.629301687236166e-05,0.2044677734375,553.8568597817793
10.0,26820,1.619516069696437e-05,0.204620361328125,554.2589400699362
10.0,26840,1.6097892199654853e-05,0.20477294921875,554.6558836419135
10.0,26860,1.6001207850106482e-05,0.204925537109375,555.0613124398515
10.0,26880,1.5905104139873423e-05,0.205078125,555.4663184266537
10.0,26900,1.58095775831036e-05,0.205230712890625,555.9046954060905
10.0,26920,1.5714624712630675e-05,0.20538330078125,556.3386098146439
10.0,26940,1.5620242083806407e-05,0.205535888671875,556.7778357807547
10.0,26960,1.5526426271856534e-05,0.2056884765625,557.2129151010886
10.0,26980,1.5433173872692255e-05,0.205841064453125,557.6584847909398
10.0,27000,1.5340481502882385e-05,0.20599365234375,558.097346866969
10.0,27020,1.5248345799116557e-05,0.206146240234375,558.5384708996862
10.0,27040,1.5156763417472569e-05,0.206298828125,558.9762960318476
10.0,27060,1.5065731037210664e-05,0.206451416015625,559.4199757757597
10.0,27080,1.4975245352977528e-05,0.20660400390625,559.852528444957
10.0,27100,1.48853030827071e-05,0.206756591796875,560.2536462396383
10.0,27120,1.4795900962193883e-05,0.2069091796875,560.6510374969803
10.0,27140,1.4707035748979574e-05,0.207061767578125,561.0519648808986
10.0,27160,1.4618704216386964e-05,0.20721435546875,561.4508490180597
10.0,27180,1.4530903161492412e-05,0.207366943359375,561.8524154899642
10.0,27200,1.444362939760942e-05,0.20751953125,562.2499219649471
10.0,27220,1.435687975818985e-05,0.207672119140625,562.6500085238367
10.0,27240,1.4270651095571481e-05,0.20782470703125,563.0476150759496
10.0,27260,1.4184940280376259e-05,0.207977294921875,563.4491015076637
10.0,27280,1.4099744203922782e-05,0.2081298828125,563.8466515028849
10.0,27300,1.401505977425034e-05,0.208282470703125,564.2477820357308
10.0,27320,1.393088391879166e-05,0.20843505859375,564.6447324869223
10.0,27340,1.3847213582904292e-05,0.208587646484375,565.0472599887289
10.0,27360,1.3764045731408564e-05,0.208740234375,565.4478315040469
10.0,27380,1.3681377345552942e-05,0.208892822265625,565.8500151536427
10.0,27400,1.3599205427862465e-05,0.20904541015625,566.2487667086534
10.0,27420,1.3517526993911625e-05,0.209197998046875,566.6539965840057
10.0,27440,1.343633908216923e-05,0.2093505859375,567.05416254187
10.0,27460,1.3355638746478314e-05,0.209503173828125,567.4562305230647
10.0,27480,1.3275423057322309e-05,0.20965576171875,567.8539842469618
10.0,27500,1.3195689105931016e-05,0.209808349609375,568.2545548109338
10.0,27520,1.3116433999072014e-05,0.2099609375,568.6510273260064
10.0,27540,1.30376548589946e-05,0.210113525390625,569.0537412236445
10.0,27560,1.2959348829703437e-05,0.21026611328125,569.4512401577085
10.0,27580,1.2881513068620752e-05,0.210418701171875,569.8518554437906
10.0,27600,1.2804144752427451e-05,0.2105712890625,570.2501292326488
10.0,27620,1.2727241072881403e-05,0.210723876953125,570.6525338757783
10.0,27640,1.2650799240024112e-05,0.21087646484375,571.0518911327235
10.0,27660,1.2574816479766248e-05,0.211029052734375,571.4531998806633
10.0,27680,1.2499290036290864e-05,0.211181640625,571.8521391437389
10.0,27700,1.2424217168742584e-05,0.211334228515625,572.2535724728368
10.0,27720,1.2349595151633301e-05,0.21148681640625,572.6512514050119
10.0,27740,1.2275421280467017e-05,0.211639404296875,573.0526978420094
10.0,27760,1.2201692860836449e-05,0.2117919921875,573.450816648081
10.0,27780,1.2128407218925003e-05,0.211944580078125,573.8544500288554
10.0,27800,1.2055561695887286e-05,0.21209716796875,574.2579978127033
10.0,27820,1.1983153647834087e-05,0.212249755859375,574.6638998808339
10.0,27840,1.1911180448048808e-05,0.21240234375,575.0643743528053
10.0,27860,1.1839639484865057e-05,0.212554931640625,575.468037344981
10.0,27880,1.1768528162566332e-05,0.21270751953125,575.8668011967093
10.0,27900,1.1697843900666775e-05,0.212860107421875,576.2698859446682
10.0,27920,1.1627584134639031e-05,0.2130126953125,576.6699088169262
10.0,27940,1.1557746315645703e-05,0.213165283203125,577.0707087856717
10.0,27960,1.1488327908745808e-05,0.21331787109375,577.4696205207147
10.0,27980,1.1419326395532814e-05,0.213470458984375,577.8709600507282
10.0,28000,1.1350739272497715e-05,0.213623046875,578.2688737846911
10.0,28020,1.1282564051309853e-05,0.213775634765625,578.6706960787997
10.0,28040,1.1214798258017245e-05,0.21392822265625,579.0686194859445
10.0,28060,1.1147439432646465e-05,0.214080810546875,579.4702845737338
10.0,28080,1.1080485133049702e-05,0.2142333984375,579.8699706527404
10.0,28100,1.1013932928577726e-05,0.214385986328125,580.271699607838
10.0,28120,1.0947780405282737e-05,0.21453857421875,580.6712543568574
10.0,28140,1.0882025161745802e-05,0.214691162109375,581.0709077906795
10.0,28160,1.0816664813123092e-05,0.21484375,581.4695533197373
10.0,28180,1.0751696987067663e-05,0.214996337890625,581.8699347237125
10.0,28200,1.0687119327733581e-05,0.21514892578125,582.270264307037
10.0,28220,1.0622929489534502e-05,0.215301513671875,582.6705539450049
10.0,28240,1.0559125146231136e-05,0.2154541015625,583.0685355416499
10.0,28260,1.0495703980141536e-05,0.215606689453125,583.4696623398922
10.0,28280,1.043266369218402e-05,0.21575927734375,583.8693673750386
10.0,28300,1.0370001993598883e-05,0.215911865234375,584.2705376427621
10.0,28320,1.0307716611312297e-05,0.216064453125,584.66731642792
10.0,28340,1.0245805285266956e-05,0.216217041015625,585.0704201119952
10.0,28360,1.0184265769231715e-05,0.21636962890625,585.4710169220343
10.0,28380,1.012309582969666e-05,0.216522216796875,585.8758386657573
10.0,28400,1.0062293247748385e-05,0.2166748046875,586.2765016369522
10.0,28420,1.0001855817312592e-05,0.216827392578125,586.6774774468504
10.0,28440,9.941781345201374e-06,0.21697998046875,587.0758366840892
10.0,28460,9.882067651117348e-06,0.217132568359375,587.4756980729289
10.0,28480,9.822712569601008e-06,0.21728515625,587.8738311990164
10.0,28500,9.763713946447597e-06,0.217437744140625,588.2738645649515
10.0,28520,9.70506963984047e-06,0.21759033203125,588.6707205357961
10.0,28540,9.64677752419924e-06,0.217742919921875,589.068972714711
10.0,28560,9.588835482316897e-06,0.2178955078125,589.4675578819588
10.0,28580,9.531241412943348e-06,0.218048095703125,589.8682759576477
10.0,28600,9.473993225675583e-06,0.21820068359375,590.2685751090758
10.0,28620,9.417088844485252e-06,0.218353271484375,590.6718414467759
10.0,28640,9.360526202946622e-06,0.218505859375,591.070947448723
10.0,28660,9.30430324999403e-06,0.218658447265625,591.4712175298482
10.0,28680,9.24841794499915e-06,0.21881103515625,591.86829797877
10.0,28700,9.192868261200567e-06,0.218963623046875,592.2718371907249
10.0,28720,9.137652181557998e-06,0.2191162109375,592.6710532750003
10.0,28740,9.082767703477258e-06,0.219268798828125,593.0733130690642
10.0,28760,9.028212835507369e-06,0.21942138671875,593.4715295289643
10.0,28780,8.973985598303438e-06,0.219573974609375,593.8755218940787
10.0,28800,8.920084023105225e-06,0.2197265625,594.2745675630867
10.0,28820,8.86650615561047e-06,0.219879150390625,594.6756836357526
10.0,28840,8.813250051728787e-06,0.22003173828125,595.0750689920969
10.0,28860,8.760313778222473e-06,0.220184326171875,595.480550782755
10.0,28880,8.707695413989106e-06,0.2203369140625,595.8809250066988
10.0,28900,8.655393051338468e-06,0.220489501953125,596.2835987997241
10.0,28920,8.603404790787331e-06,0.22064208984375,596.6822064369917
10.0,28940,8.551728748130085e-06,0.220794677734375,597.0832373439334
10.0,28960,8.500363047098721e-06,0.220947265625,597.4823937849142
10.0,28980,8.449305822658232e-06,0.221099853515625,597.8846080666408
10.0,29000,8.398555225082083e-06,0.22125244140625,598.2824636106379
10.0,29020,8.34810941038336e-06,0.221405029296875,598.6835243077949
10.0,29040,8.297966550114195e-06,0.2215576171875,599.0841512200423
10.0,29060,8.248124822806742e-06,0.221710205078125,599.4853746010922
10.0,29080,8.198582421918052e-06,0.22186279296875,599.8832114189863
10.0,29100,8.149337548096041e-06,0.222015380859375,600.2846293770708
10.0,29120,8.100388417086643e-06,0.22216796875,600.6831959779374
10.0,29140,8.051733249920205e-06,0.222320556640625,601.0852653509937
10.0,29160,8.003370282439294e-06,0.22247314453125,601.4829315249808
10.0,29180,7.955297761458693e-06,0.222625732421875,601.8847741866484
10.0,29200,7.907513939047175e-06,0.2227783203125,602.2871769168414
10.0,29220,7.86001708457178e-06,0.222930908203125,602.6917060487904
10.0,29240,7.812805474484665e-06,0.22308349609375,603.0954882549122
10.0,29260,7.765877393301546e-06,0.223236083984375,603.4994243020192
10.0,29280,7.719231140180778e-06,0.223388671875,603.8979568867944
10.0,29300,7.672865022252157e-06,0.223541259765625,604.3039541048929
10.0,29320,7.626777357526793e-06,0.22369384765625,604.7026163879782
10.0,29340,7.580966472662269e-06,0.223846435546875,605.1028956919909
10.0,29360,7.5354307072309575e-06,0.2239990234375,605.5043896138668
10.0,29380,7.490168406475012e-06,0.224151611328125,605.911452637054
10.0,29400,7.445177930957289e-06,0.22430419921875,606.3143593696877
10.0,29420,7.400457646255963e-06,0.224456787109375,606.7239266326651
10.0,29440,7.3560059296642595e-06,0.224609375,607.1277348548174
10.0,29460,7.31182116942699e-06,0.224761962890625,607.5334018799476
10.0,29480,7.267901761598789e-06,0.22491455078125,607.9351201597601
10.0,29500,7.2242461134452235e-06,0.225067138671875,608.3371054977179
10.0,29520,7.180852639690216e-06,0.2252197265625,608.7382108159363
10.0,29540,7.1377197670357665e-06,0.225372314453125,609.1426756796427
10.0,29560,7.094845929652136e-06,0.22552490234375,609.5454030670226
10.0,29580,7.052229571833968e-06,0.225677490234375,609.9507306460291
10.0,29600,7.009869147889292e-06,0.225830078125,610.3538663326763
10.0,29620,6.967763120536928e-06,0.225982666015625,610.7618011836894
10.0,29640,6.9259099614217725e-06,0.22613525390625,611.1640485310927
10.0,29660,6.884308152698831e-06,0.226287841796875,611.5685787149705
10.0,29680,6.842956185074121e-06,0.2264404296875,611.9742951677181
10.0,29700,6.801852557889553e-06,0.226593017578125,612.3820319357328
10.0,29720,6.760995778548177e-06,0.22674560546875,612.7859572977759
10.0,29740,6.720384366080721e-06,0.226898193359375,613.1911874827929
10.0,29760,6.680016846802394e-06,0.22705078125,613.5923746638
10.0,29780,6.6398917549056435e-06,0.227203369140625,613.9984704987146
10.0,29800,6.600007635912135e-06,0.22735595703125,614.4016706747934
10.0,29820,6.560363041765813e-06,0.227508544921875,614.8069760529324
10.0,29840,6.520956534024449e-06,0.2276611328125,615.2094681770541
10.0,29860,6.481786683702587e-06,0.227813720703125,615.6183888209052
10.0,29880,6.442852068202835e-06,0.22796630859375,616.0211696820334
10.0,29900,6.4041512752773686e-06,0.228118896484375,616.4285655017011
10.0,29920,6.365682901534289e-06,0.228271484375,616.8341593458317
10.0,29940,6.3274455499936295e-06,0.228424072265625,617.2420325018466
10.0,29960,6.2894378345731255e-06,0.22857666015625,617.6479614870623
10.0,29980,6.251658374941574e-06,0.228729248046875,618.0535097890534
10.0,30000,6.214105801375895e-06,0.2288818359375,618.4571030046791
10.0,30020,6.176778750094488e-06,0.229034423828125,618.8775016968139
10.0,30040,6.139675867130139e-06,0.22918701171875,619.2808926757425
10.0,30060,6.1027958072438845e-06,0.229339599609375,619.6873301789165
10.0,30080,6.066137231120009e-06,0.2294921875,620.0901159457862
10.0,30100,6.0296988092902065e-06,0.229644775390625,620.4955240259878
10.0,30120,5.993479218288401e-06,0.22979736328125,620.8992235879414
10.0,30140,5.957477146392682e-06,0.229949951171875,621.3040226907469
10.0,30160,5.9216912850639646e-06,0.2301025390625,621.7074372218922
10.0,30180,5.886120336282292e-06,0.230255126953125,622.1083750696853
10.0,30200,5.8507630104804475e-06,0.23040771484375,622.5086772548966
10.0,30220,5.815618024141136e-06,0.230560302734375,622.9138882239349
10.0,30240,5.780684101661371e-06,0.230712890625,623.3140314207412
10.0,30260,5.745959974939036e-06,0.230865478515625,623.7169150817208
10.0,30280,5.711444385814198e-06,0.23101806640625,624.1185872098431
10.0,30300,5.677136080985775e-06,0.231170654296875,624.5216687028296
10.0,30320,5.643033815117439e-06,0.2313232421875,624.9231417956762
10.0,30340,5.60913635144674e-06,0.231475830078125,625.3244568826631
10.0,30360,5.575442459972475e-06,0.23162841796875,625.7270922237076
10.0,30380,5.541950917784204e-06,0.231781005859375,626.1330881407484
10.0,30400,5.508660510405335e-06,0.23193359375,626.5340600558557
10.0,30420,5.4755700290474035e-06,0.232086181640625,626.9420364527032
10.0,30440,5.442678273369856e-06,0.23223876953125,627.3441849546507
10.0,30460,5.409984050304252e-06,0.232391357421875,627.7499399008229
10.0,30480,5.377486173808026e-06,0.2325439453125,628.1496927207336
10.0,30500,5.345183462550869e-06,0.232696533203125,628.5536519498564
10.0,30520,5.313074748164053e-06,0.23284912109375,628.9559418158606
10.0,30540,5.2811588622912874e-06,0.233001708984375,629.3623032947071
10.0,30560,5.249434648580811e-06,0.233154296875,629.7639142377302
10.0,30580,5.217900954486113e-06,0.233306884765625,630.1694371346384
10.0,30600,5.186556638382859e-06,0.23345947265625,630.5707148010843
10.0,30620,5.1554005602065584e-06,0.233612060546875,630.9777740477584
10.0,30640,5.124431591562851e-06,0.2337646484375,631.380452287849
10.0,30660,5.093648607060257e-06,0.233917236328125,631.7861735769548
10.0,30680,5.063050490953818e-06,0.23406982421875,632.1897755358368
10.0,30700,5.032636133494243e-06,0.234222412109375,632.5968342218548
10.0,30720,5.002404428825083e-06,0.234375,633.0004661520943
10.0,30740,4.972354283029249e-06,0.234527587890625,633.4054224207066
10.0,30760,4.9424846028136645e-06,0.23468017578125,633.8081693840213
10.0,30780,4.9127943061797075e-06,0.234832763671875,634.2150591989048
10.0,30800,4.883282316300734e-06,0.2349853515625,634.6176830739714
10.0,30820,4.853947560694518e-06,0.235137939453125,635.0274226129986
10.0,30840,4.824788976063799e-06,0.23529052734375,635.4283546139486
10.0,30860,4.795805503732995e-06,0.235443115234375,635.8324909457006
10.0,30880,4.766996092726501e-06,0.235595703125,636.2355538737029
10.0,30900,4.73835969740697e-06,0.235748291015625,636.6434213919565
10.0,30920,4.709895279789157e-06,0.23590087890625,637.0435034446418
10.0,30940,4.681601804862454e-06,0.236053466796875,637.4477275479585
10.0,30960,4.653478247975768e-06,0.2362060546875,637.8479689690284
10.0,30980,4.625523587014696e-06,0.236358642578125,638.2525273216888
10.0,31000,4.5977368091315e-06,0.23651123046875,638.6552719520405
10.0,31020,4.570116905483425e-06,0.236663818359375,639.0607689837925
10.0,31040,4.54266287373347e-06,0.23681640625,639.4641453418881
10.0,31060,4.515373718735849e-06,0.236968994140625,639.870447949972
10.0,31080,4.4882484489281246e-06,0.23712158203125,640.2739551477134
10.0,31100,4.461286080728063e-06,0.237274169921875,640.6802942757495
10.0,31120,4.434485635879303e-06,0.2374267578125,641.0841021677479
10.0,31140,4.407846142218365e-06,0.237579345703125,641.4913942050189
10.0,31160,4.381366632573049e-06,0.23773193359375,641.8929463569075
10.0,31180,4.355046146346862e-06,0.237884521484375,642.2963225757703
10.0,31200,4.328883729062781e-06,0.238037109375,642.6976039358415
10.0,31220,4.30287843041595e-06,0.238189697265625,643.1040913779289
10.0,31240,4.277029307817928e-06,0.23834228515625,643.5051507940516
10.0,31260,4.251335422104734e-06,0.238494873046875,643.9118062560447
10.0,31280,4.225795842522536e-06,0.2386474609375,644.3160002580844
10.0,31300,4.200409641751963e-06,0.238800048828125,644.7196005936712
10.0,31320,4.17517589870004e-06,0.23895263671875,645.1206004880369
10.0,31340,4.150093696801388e-06,0.239105224609375,645.5252654859796
10.0,31360,4.1251621277276295e-06,0.2392578125,645.9294012277387
10.0,31380,4.100380285360958e-06,0.239410400390625,646.3364305440336
10.0,31400,4.075747271161062e-06,0.23956298828125,646.7387952930294
10.0,31420,4.0512621917655935e-06,0.239715576171875,647.1460590008646
10.0,31440,4.026924158225424e-06,0.2398681640625,647.5467021749355
10.0,31460,4.00273228739332e-06,0.240020751953125,647.9486478879116
10.0,31480,3.978685701443181e-06,0.24017333984375,648.3494922076352
10.0,31500,3.9547835282361005e-06,0.240325927734375,648.7511431858875
10.0,31520,3.931024900763384e-06,0.240478515625,649.1518399938941
10.0,31540,3.907408955645183e-06,0.240631103515625,649.5560306310654
10.0,31560,3.883934837269245e-06,0.24078369140625,649.9564188839868
10.0,31580,3.860601692988607e-06,0.240936279296875,650.3568122447468
10.0,31600,3.837408677438237e-06,0.2410888671875,650.7551277810708
10.0,31620,3.8143549479807096e-06,0.241241455078125,651.1561928838491
10.0,31640,3.7914396683412075e-06,0.24139404296875,651.5538337528706
10.0,31660,3.768662007376094e-06,0.241546630859375,651.9580315100029
10.0,31680,3.746021138189347e-06,0.24169921875,652.3559580217116
10.0,31700,3.7235162396882047e-06,0.241851806640625,652.7577817267738
10.0,31720,3.701146495126196e-06,0.24200439453125,653.1582062407397
10.0,31740,3.6789110929109827e-06,0.242156982421875,653.5601038280874
10.0,31760,3.6568092257190037e-06,0.2423095703125,653.9587641968392
10.0,31780,3.6348400919494555e-06,0.242462158203125,654.3614588789642
10.0,31800,3.6130028951878566e-06,0.24261474609375,654.7606953098439
10.0,31820,3.5912968425974733e-06,0.242767333984375,655.1657677590847
10.0,31840,3.5697211459840755e-06,0.242919921875,655.5663376720622
10.0,31860,3.5482750236664016e-06,0.243072509765625,655.9675219990313
10.0,31880,3.52695769605352e-06,0.24322509765625,656.3645743597299
10.0,31900,3.5057683904100786e-06,0.243377685546875,656.766123929061
10.0,31920,3.48470633812906e-06,0.2435302734375,657.1649524890818
10.0,31940,3.4637707743033533e-06,0.243682861328125,657.5711395889521
10.0,31960,3.442960940281518e-06,0.24383544921875,657.9725998048671
10.0,31980,3.422276080446914e-06,0.243988037109375,658.377519173082
10.0,32000,3.4017154439121306e-06,0.244140625,658.7787227467634
10.0,32020,3.381278285666611e-06,0.244293212890625,659.1854116758332
10.0,32040,3.360963863119812e-06,0.24444580078125,659.5847873976454
10.0,32060,3.34077143932881e-06,0.244598388671875,659.9869849267416
10.0,32080,3.3207002821232715e-06,0.2447509765625,660.3864578129724
10.0,32100,3.3007496632844763e-06,0.244903564453125,660.7869701269083
10.0,32120,3.2809188578968528e-06,0.24505615234375,661.1844323710538
10.0,32140,3.2612071483961043e-06,0.245208740234375,661.5860616788268
10.0,32160,3.2416138175939108e-06,0.245361328125,661.983132775873
10.0,32180,3.2221381544726094e-06,0.245513916015625,662.3863181318156
10.0,32200,3.2027794548884764e-06,0.24566650390625,662.7854021238163
10.0,32220,3.183537013810321e-06,0.245819091796875,663.1861989987083
10.0,32240,3.1644101336233916e-06,0.2459716796875,663.5856333118863
10.0,32260,3.145398121349343e-06,0.246124267578125,663.9905043030158
10.0,32280,3.126500285864635e-06,0.24627685546875,664.3915308839642
10.0,32300,3.1077159428441e-06,0.246429443359375,664.7967330696993
10.0,32320,3.0890444089753327e-06,0.24658203125,665.1967693697661
10.0,32340,3.0704850086002943e-06,0.246734619140625,665.602687779814
10.0,32360,3.0520370666502627e-06,0.24688720703125,666.0020677288994
10.0,32380,3.0336999149441556e-06,0.247039794921875,666.4037018837407
10.0,32400,3.0154728881171647e-06,0.2471923828125,666.8037959127687
10.0,32420,2.997355324285174e-06,0.247344970703125,667.2082612570375
10.0,32440,2.9793465656638865e-06,0.24749755859375,667.6089634918608
10.0,32460,2.961445960139658e-06,0.247650146484375,668.0106742428616
10.0,32480,2.9436528568315e-06,0.247802734375,668.4115524087101
10.0,32500,2.925966611423711e-06,0.247955322265625,668.816587917041
10.0,32520,2.9083865805099596e-06,0.24810791015625,669.2182993278839
10.0,32540,2.890912127493722e-06,0.248260498046875,669.6202747616917
10.0,32560,2.873542618952031e-06,0.2484130859375,670.0196992107667
10.0,32580,2.856277422771818e-06,0.248565673828125,670.4205179959536
10.0,32600,2.8391159140310217e-06,0.24871826171875,670.8218059646897
10.0,32620,2.8220574694553444e-06,0.248870849609375,671.2245759307407
10.0,32640,2.805101469822377e-06,0.2490234375,671.6273016748019
10.0,32660,2.788247300660606e-06,0.249176025390625,672.0332997050136
10.0,32680,2.771494349127254e-06,0.24932861328125,672.437223254703
10.0,32700,2.754842008740698e-06,0.249481201171875,672.8462291569449
10.0,32720,2.7382896747370954e-06,0.2496337890625,673.2493547908962
10.0,32740,2.7218367464536734e-06,0.249786376953125,673.66043212777
10.0,32760,2.7054826268313354e-06,0.24993896484375,674.0636731507257
10.0,32780,2.689226723441386e-06,0.250091552734375,674.468383511994
10.0,32800,2.673068444563408e-06,0.250244140625,674.8720139889047
10.0,32820,2.6570072051130585e-06,0.250396728515625,675.2761679259129
10.0,32840,2.6410424227640336e-06,0.25054931640625,675.6806709319353
10.0,32860,2.6251735173750525e-06,0.250701904296875,676.0880749127828
10.0,32880,2.60939991350279e-06,0.2508544921875,676.4907979136333
10.0,32900,2.593721039000755e-06,0.251007080078125,676.8949400740676
10.0,32920,2.578136323977637e-06,0.25115966796875,677.2997695780359
10.0,32940,2.562645204532976e-06,0.251312255859375,677.7081033666618
10.0,32960,2.5472471177600597e-06,0.25146484375,678.112265934702
10.0,32980,2.531941504070271e-06,0.251617431640625,678.5230471957475
10.0,33000,2.516727808669866e-06,0.25177001953125,678.927419481799
10.0,33020,2.501605481372082e-06,0.251922607421875,679.3348056687973
10.0,33040,2.486573971517498e-06,0.2520751953125,679.7395669599064
10.0,33060,2.4716327342718338e-06,0.252227783203125,680.1451220610179
10.0,33080,2.45678122688463e-06,0.25238037109375,680.5441844430752
10.0,33100,2.442018911247296e-06,0.252532958984375,680.9477796517313
10.0,33120,2.42734525133181e-06,0.252685546875,681.3504826556891
10.0,33140,2.4127597153332004e-06,0.252838134765625,681.7546209706925
10.0,33160,2.3982617727046728e-06,0.25299072265625,682.1582606909797
10.0,33180,2.3838508992913912e-06,0.253143310546875,682.5640100990422
10.0,33200,2.3695265701925687e-06,0.2532958984375,682.9670423548669
10.0,33220,2.3552882671560303e-06,0.253448486328125,683.3705489919521
10.0,33240,2.341135472640196e-06,0.25360107421875,683.7742005777545
10.0,33260,2.3270676732969258e-06,0.253753662109375,684.1788633037359
10.0,33280,2.3130843591560837e-06,0.25390625,684.5822182428092
10.0,33300,2.2991850229212237e-06,0.254058837890625,684.9886584300548
10.0,33320,2.2853691599108838e-06,0.25421142578125,685.3910136958584
10.0,33340,2.2716362686489397e-06,0.254364013671875,685.7972835190594
10.0,33360,2.2579858513823907e-06,0.2545166015625,686.1992226429284
10.0,33380,2.244417411427215e-06,0.254669189453125,686.6033012256958
10.0,33400,2.230930458150266e-06,0.25482177734375,687.0060187089257
10.0,33420,2.217524502064576e-06,0.254974365234375,687.414369229693
10.0,33440,2.2041990555384365e-06,0.255126953125,687.8207733579911
10.0,33460,2.190953636537663e-06,0.255279541015625,688.2317792270333
10.0,33480,2.177787762811188e-06,0.25543212890625,688.635926283896
10.0,33500,2.1647009574402646e-06,0.255584716796875,689.0462567456998
10.0,33520,2.151692746609021e-06,0.2557373046875,689.451063899789
10.0,33540,2.1387626570194696e-06,0.255889892578125,689.8558463286608
10.0,33560,2.125910219521736e-06,0.25604248046875,690.2582761766389
10.0,33580,2.1131349682284723e-06,0.256195068359375,690.6622349959798
10.0,33600,2.100436439717996e-06,0.25634765625,691.0637248829007
10.0,33620,2.0878141729075555e-06,0.256500244140625,691.4687211359851
10.0,33640,2.075267709839798e-06,0.25665283203125,691.870235055685
10.0,33660,2.0627965957077926e-06,0.256805419921875,692.274630874861
10.0,33680,2.0504003774168197e-06,0.2569580078125,692.6789413066581
10.0,33700,2.038078605431704e-06,0.257110595703125,693.0890992609784
10.0,33720,2.0258308322115543e-06,0.25726318359375,693.4928457676433
10.0,33740,2.0136566145279944e-06,0.257415771484375,693.9018073789775
10.0,33760,2.001555509778505e-06,0.257568359375,694.3069592560641
10.0,33780,1.9895270784253075e-06,0.257720947265625,694.7158020539209
10.0,33800,1.977570885481484e-06,0.25787353515625,695.1218330687843
10.0,33820,1.9656864958528537e-06,0.258026123046875,695.5293166697957
10.0,33840,1.953873478694993e-06,0.2581787109375,695.934039006941
10.0,33860,1.9421314056437327e-06,0.258331298828125,696.3413598239422
10.0,33880,1.9304598497157593e-06,0.25848388671875,696.745958971791
10.0,33900,1.918858389282035e-06,0.258636474609375,697.1528101740405
10.0,33920,1.907326601354308e-06,0.2587890625,697.5581984757446
10.0,33940,1.8958640684993194e-06,0.258941650390625,697.969303410966
10.0,33960,1.8844703752448596e-06,0.25909423828125,698.3739275140688
10.0,33980,1.8731451077351282e-06,0.259246826171875,698.7817054679617
10.0,34000,1.8618878539963689e-06,0.2593994140625,699.1872997437604
10.0,34020,1.8506982070496212e-06,0.259552001953125,699.5960558620282
10.0,34040,1.8395757602652436e-06,0.25970458984375,699.9996367110871
10.0,34060,1.828520110332174e-06,0.259857177734375,700.4091731416993
10.0,34080,1.817530855732113e-06,0.260009765625,700.8140575219877
10.0,34100,1.8066075980135458e-06,0.260162353515625,701.2241160599515
10.0,34120,1.7957499413776435e-06,0.26031494140625,701.6279300786555
10.0,34140,1.7849574898983199e-06,0.260467529296875,702.0351654989645
10.0,34160,1.7742298543675231e-06,0.2606201171875,702.438434779644
10.0,34180,1.763566644714236e-06,0.260772705078125,702.8465976738371
10.0,34200,1.7529674737167456e-06,0.26092529296875,703.252162958961
10.0,34220,1.7424319566351618e-06,0.261077880859375,703.6596348639578
10.0,34240,1.7319597111531998e-06,0.26123046875,704.0658875629306
10.0,34260,1.7215503580332724e-06,0.261383056640625,704.4734634808265
10.0,34280,1.7112035191766525e-06,0.26153564453125,704.8794779428281
10.0,34300,1.7009188187133288e-06,0.261688232421875,705.2886900980957
10.0,34320,1.6906958844823974e-06,0.2618408203125,705.7000198317692
10.0,34340,1.6805343443682598e-06,0.261993408203125,706.1177124669775
10.0,34360,1.6704338306507094e-06,0.26214599609375,706.5182185526937
10.0,34380,1.6603939761950081e-06,0.262298583984375,706.928858528845
10.0,34400,1.6504144165002019e-06,0.262451171875,707.3422245709226
10.0,34420,1.640494791590637e-06,0.262603759765625,707.7570771137252
10.0,34440,1.6306347389682505e-06,0.26275634765625,708.1585739906877
10.0,34460,1.620833901488654e-06,0.262908935546875,708.5617321487516
10.0,34480,1.611091923299371e-06,0.2630615234375,708.970401559025
10.0,34500,1.6014084529395213e-06,0.263214111328125,709.3876464688219
10.0,34520,1.5917831369288288e-06,0.26336669921875,709.7993246107362
10.0,34540,1.5822156261892962e-06,0.263519287109375,710.2148955818266
10.0,34560,1.5727055742476226e-06,0.263671875,710.6290721567348
10.0,34580,1.56325263518505e-06,0.263824462890625,711.0410209610127
10.0,34600,1.55385646837991e-06,0.26397705078125,711.449439836666
10.0,34620,1.544516730487739e-06,0.264129638671875,711.853881818708
10.0,34640,1.5352330831390752e-06,0.2642822265625,712.2536235437728
10.0,34660,1.5260051895443942e-06,0.264434814453125,712.6599828698672
10.0,34680,1.5168327144155445e-06,0.26458740234375,713.0592081258073
10.0,34700,1.5077153267805463e-06,0.264739990234375,713.4619852108881
10.0,34720,1.4986526938804297e-06,0.264892578125,713.86446357565
10.0,34740,1.4896444876504703e-06,0.265045166015625,714.265791689977
10.0,34760,1.4806903804848153e-06,0.26519775390625,714.664929640945
10.0,34780,1.4717900495219678e-06,0.265350341796875,715.0672256280668
10.0,34800,1.4629431687463405e-06,0.2655029296875,715.4677286739461
10.0,34820,1.4541494210079483e-06,0.265655517578125,715.8703150888905
10.0,34840,1.4454084833144872e-06,0.26580810546875,716.2693449519575
10.0,34860,1.436720041109551e-06,0.265960693359375,716.6711079669185
10.0,34880,1.4280837782581203e-06,0.26611328125,717.0706135230139
10.0,34900,1.419499381043196e-06,0.266265869140625,717.4734622887336
10.0,34920,1.4109665383742629e-06,0.26641845703125,717.8726615337655
10.0,34940,1.402484940977978e-06,0.266571044921875,718.2724919957109
10.0,34960,1.3940542804902234e-06,0.2667236328125,718.6698846099898
10.0,34980,1.385674251708971e-06,0.266876220703125,719.0728245307691
10.0,35000,1.3773445503477176e-06,0.26702880859375,719.4738562218845
10.0,35020,1.3690648733164603e-06,0.267181396484375,719.897067995742
10.0,35040,1.3608349215982616e-06,0.267333984375,720.2962814709172
10.0,35060,1.3526543949815248e-06,0.267486572265625,720.7012652377598
10.0,35080,1.3445229988258486e-06,0.26763916015625,721.1001106877811
10.0,35100,1.3364404356829212e-06,0.267791748046875,721.5018642996438
10.0,35120,1.3284064135066895e-06,0.2679443359375,721.900503675919
10.0,35140,1.3204206408080493e-06,0.268096923828125,722.300554079935
10.0,35160,1.3124828277092209e-06,0.26824951171875,722.6976457517594
10.0,35180,1.3045926862125832e-06,0.268402099609375,723.0989795667119
10.0,35200,1.2967499307723747e-06,0.2685546875,723.4970903978683
10.0,35220,1.288954274533344e-06,0.268707275390625,723.9007962709293
10.0,35240,1.2812054366355796e-06,0.26885986328125,724.3002390800975
10.0,35260,1.2735031356544573e-06,0.269012451171875,724.7024669637904
10.0,35280,1.26584709200486e-06,0.2691650390625,725.1017166078091
10.0,35300,1.2582370277059188e-06,0.269317626953125,725.5034415810369
10.0,35320,1.250672666070747e-06,0.26947021484375,725.9036103170365
10.0,35340,1.243153734408667e-06,0.269622802734375,726.3058949089609
10.0,35360,1.2356799583097428e-06,0.269775390625,726.7060944070108
10.0,35380,1.2282510669748004e-06,0.269927978515625,727.1091731786728
10.0,35400,1.2208667907694526e-06,0.27008056640625,727.507518060971
10.0,35420,1.2135268619449043e-06,0.270233154296875,727.9095201240852
10.0,35440,1.2062310143167188e-06,0.2703857421875,728.3081373907626
10.0,35460,1.198978983073467e-06,0.270538330078125,728.7096474380232
10.0,35480,1.1917705047135697e-06,0.27069091796875,729.1056128027849
10.0,35500,1.1846053176488105e-06,0.270843505859375,729.5062058218755
10.0,35520,1.1774831630599695e-06,0.27099609375,729.9071378158405
10.0,35540,1.170403781172455e-06,0.271148681640625,730.3081731419079
10.0,35560,1.1633669155134999e-06,0.27130126953125,730.7065531429835
10.0,35580,1.1563723109963718e-06,0.271453857421875,731.1104184039868
10.0,35600,1.1494197139198644e-06,0.2716064453125,731.5093169868924
10.0,35620,1.142508872228963e-06,0.271759033203125,731.911303167697
10.0,35640,1.1356395336325525e-06,0.27191162109375,732.3100720727816
10.0,35660,1.1288114499497732e-06,0.272064208984375,732.7089407737367
10.0,35680,1.1220243747722303e-06,0.272216796875,733.105950593017
10.0,35700,1.115278059770047e-06,0.272369384765625,733.5112513550557
10.0,35720,1.1085722607476896e-06,0.27252197265625,733.9150449777953
10.0,35740,1.1019067349003415e-06,0.272674560546875,734.3164834678173
10.0,35760,1.0952812397495845e-06,0.2728271484375,734.7148628877476
10.0,35780,1.088695534935428e-06,0.272979736328125,735.1197320469655
10.0,35800,1.0821493822859818e-06,0.27313232421875,735.5211081909947
10.0,35820,1.07564254334831e-06,0.273284912109375,735.9273858447559
10.0,35840,1.0691747824983367e-06,0.2734375,736.3329856977798
10.0,35860,1.0627458658162535e-06,0.273590087890625,736.740541596897
10.0,35880,1.0563555581281456e-06,0.27374267578125,737.1455483958125
10.0,35900,1.050003628637135e-06,0.273895263671875,737.5526925888844
10.0,35920,1.0436898475022261e-06,0.2740478515625,737.9562090816908
10.0,35940,1.0374139843694952e-06,0.274200439453125,738.3605291680433
10.0,35960,1.0311758130111383e-06,0.27435302734375,738.7763245790266
10.0,35980,1.0249751059273244e-06,0.274505615234375,739.1940563190728
10.0,36000,1.0188116377696142e-06,0.274658203125,739.5987397739664
10.0,36020,1.012685185789289e-06,0.274810791015625,740.0072488016449
10.0,36040,1.0065955275824199e-06,0.27496337890625,740.4107804149389
10.0,36060,1.000542442129045e-06,0.275115966796875,740.820507444907
10.0,36080,9.945257098670212e-07,0.2752685546875,741.2248031669296
10.0,36100,9.885451124618465e-07,0.275421142578125,741.6297982600518
10.0,36120,9.826004324316573e-07,0.27557373046875,742.044999755919
10.0,36140,9.76691454445649e-07,0.275726318359375,742.4476053277031
10.0,36160,9.70817964112809e-07,0.27587890625,742.8460502070375
10.0,36180,9.649797488982862e-07,0.276031494140625,743.25130931288
10.0,36200,9.591765950189142e-07,0.27618408203125,743.6495563397184
10.0,36220,9.534082954378879e-07,0.276336669921875,744.0550133069046
10.0,36240,9.476746371565419e-07,0.2764892578125,744.4555274876766
10.0,36260,9.419754135796981e-07,0.276641845703125,744.8573358547874
10.0,36280,9.363104178209741e-07,0.27679443359375,745.2575534787029
10.0,36300,9.306794457219102e-07,0.276947021484375,745.664215169847
10.0,36320,9.250822907426124e-07,0.277099609375,746.0645433748141
10.0,36340,9.195187516404287e-07,0.277252197265625,746.4688663748093
10.0,36360,9.139886246607429e-07,0.27740478515625,746.8662789468654
10.0,36380,9.084917113430222e-07,0.277557373046875,747.2682541026734
10.0,36400,9.030278105708773e-07,0.2777099609375,747.6690396969207
10.0,36420,8.975967245954169e-07,0.277862548828125,748.0711832037196
10.0,36440,8.921982562327095e-07,0.27801513671875,748.4716808218509
10.0,36460,8.868322098510265e-07,0.278167724609375,748.8753776620142
10.0,36480,8.814983907027982e-07,0.2783203125,749.2792756189592
10.0,36500,8.761966056033161e-07,0.278472900390625,749.6817053286359
10.0,36520,8.709266609517596e-07,0.27862548828125,750.0795051427558
10.0,36540,8.656883668259241e-07,0.278778076171875,750.4814770147204
10.0,36560,8.604815326284478e-07,0.2789306640625,750.8815241437405
10.0,36580,8.553059700982412e-07,0.279083251953125,751.2864332390018
10.0,36600,8.501614897512894e-07,0.27923583984375,751.6886926959269
10.0,36620,8.450479070820111e-07,0.279388427734375,752.0890200296417
10.0,36640,8.399650346591365e-07,0.279541015625,752.4909079857171
10.0,36660,8.349126895751688e-07,0.279693603515625,752.8956687566824
10.0,36680,8.29890687579539e-07,0.27984619140625,753.2945517580956
10.0,36700,8.248988460655182e-07,0.279998779296875,753.6953100138344
10.0,36720,8.199369856010934e-07,0.2801513671875,754.0953442049213
10.0,36740,8.150049241651905e-07,0.280303955078125,754.4981012749486
10.0,36760,8.101024838912077e-07,0.28045654296875,754.8971098288894
10.0,36780,8.052294869796865e-07,0.280609130859375,755.2999598868191
10.0,36800,8.003857562282048e-07,0.28076171875,755.6985795758665
10.0,36820,7.955711162107981e-07,0.280914306640625,756.105082588736
10.0,36840,7.907853914360065e-07,0.28106689453125,756.5054509290494
10.0,36860,7.860284093403588e-07,0.281219482421875,756.9077224330977
10.0,36880,7.812999968773381e-07,0.2813720703125,757.3066141558811
10.0,36900,7.765999823904736e-07,0.281524658203125,757.7118328846991
10.0,36920,7.719281953234436e-07,0.28167724609375,758.1144197918475
10.0,36940,7.672844659020669e-07,0.281829833984375,758.5164122716524
10.0,36960,7.626686266278304e-07,0.281982421875,758.9172774846666
10.0,36980,7.580805091740206e-07,0.282135009765625,759.3216035687365
10.0,37000,7.535199470255996e-07,0.28228759765625,759.7235915930942
10.0,37020,7.489867748939306e-07,0.282440185546875,760.1296641547233
10.0,37040,7.444808282440524e-07,0.2825927734375,760.5328949247487
10.0,37060,7.400019440220064e-07,0.282745361328125,760.9365549650975
10.0,37080,7.355499595189702e-07,0.28289794921875,761.3347282120958
10.0,37100,7.311247133471349e-07,0.283050537109375,761.7399264127016
10.0,37120,7.267260434762226e-07,0.283203125,762.1432847087272
10.0,37140,7.223537916641412e-07,0.283355712890625,762.5472740107216
10.0,37160,7.180077994557752e-07,0.28350830078125,762.9487721920013
10.0,37180,7.136879086618178e-07,0.283660888671875,763.3509986028075
10.0,37200,7.093939636585757e-07,0.2838134765625,763.7508795349859
10.0,37220,7.05125806568517e-07,0.283966064453125,764.1564813400619
10.0,37240,7.008832834619827e-07,0.28411865234375,764.55625593476
10.0,37260,6.966662412980462e-07,0.284271240234375,764.9599725827575
10.0,37280,6.924745254933864e-07,0.284423828125,765.3621689430438
10.0,37300,6.883079847042421e-07,0.284576416015625,765.7676014457829
10.0,37320,6.841664690864349e-07,0.28472900390625,766.16898192605
10.0,37340,6.800498261521996e-07,0.284881591796875,766.5727434447035
10.0,37360,6.759579072742034e-07,0.2850341796875,766.9726884439588
10.0,37380,6.718905641331163e-07,0.285186767578125,767.3800315507688
10.0,37400,6.67847649412861e-07,0.28533935546875,767.7821905198507
10.0,37420,6.638290163739834e-07,0.285491943359375,768.1857526148669
10.0,37440,6.598345185962546e-07,0.28564453125,768.5849961107597
10.0,37460,6.55864012576526e-07,0.285797119140625,768.9872465049848
10.0,37480,6.519173523405594e-07,0.28594970703125,769.3869734150358
10.0,37500,6.47994396048816e-07,0.286102294921875,769.7890953528695
10.0,37520,6.440950002809316e-07,0.2862548828125,770.1897741700523
10.0,37540,6.402190252840563e-07,0.286407470703125,770.6118614696898
10.0,37560,6.363663287674949e-07,0.28656005859375,771.018572058063
10.0,37580,6.325367706690472e-07,0.286712646484375,771.4265142567456
10.0,37600,6.287302137288799e-07,0.286865234375,771.8304887376726
10.0,37620,6.249465191232303e-07,0.287017822265625,772.2338979337364
10.0,37640,6.211855487445339e-07,0.28717041015625,772.6328510306776
10.0,37660,6.174471672227954e-07,0.287322998046875,773.0345994960517
10.0,37680,6.137312379440442e-07,0.2874755859375,773.434331332799
10.0,37700,6.10037627212004e-07,0.287628173828125,773.834231059067
10.0,37720,6.063662000276121e-07,0.28778076171875,774.2334218029864
10.0,37740,6.027168237028279e-07,0.287933349609375,774.6369858207181
10.0,37760,5.990893658586312e-07,0.2880859375,775.0381094976328
10.0,37780,5.954836938094588e-07,0.288238525390625,775.444372260943
10.0,37800,5.918996787776426e-07,0.28839111328125,775.8463264890015
10.0,37820,5.883371885043404e-07,0.288543701171875,776.2467610598542
10.0,37840,5.847960949150598e-07,0.2886962890625,776.6455819960684
10.0,37860,5.812762701243426e-07,0.288848876953125,777.0500871860422
10.0,37880,5.777775854965109e-07,0.28900146484375,777.4476330108009
10.0,37900,5.742999140744662e-07,0.289154052734375,777.8500078259967
10.0,37920,5.708431295455762e-07,0.289306640625,778.2508525410667
10.0,37940,5.674071071350098e-07,0.289459228515625,778.6524057677016
10.0,37960,5.639917215124468e-07,0.28961181640625,779.0540423188359
10.0,37980,5.605968497897963e-07,0.289764404296875,779.4611907787621
10.0,38000,5.572223677658063e-07,0.2899169921875,779.8619386297651
10.0,38020,5.538681529057955e-07,0.290069580078125,780.2690778868273
10.0,38040,5.505340835095419e-07,0.29022216796875,780.6700047538616
10.0,38060,5.47220040560892e-07,0.290374755859375,781.0733554987237
10.0,38080,5.439259003052064e-07,0.29052734375,781.4779194397852
10.0,38100,5.406515466101771e-07,0.290679931640625,781.8865002160892
10.0,38120,5.373968587354593e-07,0.29083251953125,782.2897983686998
10.0,38140,5.341617188851977e-07,0.290985107421875,782.6971816900186
10.0,38160,5.3094600968728e-07,0.2911376953125,783.0990959629416
10.0,38180,5.27749615328604e-07,0.291290283203125,783.5056180530228
10.0,38200,5.245724186683807e-07,0.29144287109375,783.9066069046967
10.0,38220,5.214143057855843e-07,0.291595458984375,784.3127637929283
10.0,38240,5.182751601884724e-07,0.291748046875,784.7113854247145
10.0,38260,5.151548690134775e-07,0.291900634765625,785.1210136888549
10.0,38280,5.120533199171087e-07,0.29205322265625,785.5240190797485
10.0,38300,5.089703989355828e-07,0.292205810546875,785.9308801647276
10.0,38320,5.05905993941708e-07,0.2923583984375,786.3328497926705
10.0,38340,5.028599950553115e-07,0.292510986328125,786.7383741126396
10.0,38360,4.998322913211403e-07,0.29266357421875,787.1404854659922
10.0,38380,4.96822772787803e-07,0.292816162109375,787.5465176226571
10.0,38400,4.938313307934153e-07,0.29296875,787.948980318848
10.0,38420,4.908578552376888e-07,0.293121337890625,788.3554023909383
10.0,38440,4.879022405131036e-07,0.29327392578125,788.7571245199069
10.0,38460,4.849643773123961e-07,0.293426513671875,789.160192115698
10.0,38480,4.820441597800788e-07,0.2935791015625,789.5621811719611
10.0,38500,4.791414823361975e-07,0.293731689453125,789.9681413490325
10.0,38520,4.7625623928158644e-07,0.29388427734375,790.3686497816816
10.0,38540,4.7338832543072196e-07,0.294036865234375,790.7750123119913
10.0,38560,4.705376386080663e-07,0.294189453125,791.1751417238265
10.0,38580,4.6770407295995206e-07,0.294342041015625,791.582525216043
10.0,38600,4.648875274464441e-07,0.29449462890625,791.9841892160475
10.0,38620,4.620878984824206e-07,0.294647216796875,792.3886645347811
10.0,38640,4.5930508560501235e-07,0.2947998046875,792.7879698257893
10.0,38660,4.565389877859823e-07,0.294952392578125,793.1946444138885
10.0,38680,4.5378950389639087e-07,0.29510498046875,793.5949106439948
10.0,38700,4.5105653474925325e-07,0.295257568359375,793.9989566039294
10.0,38720,4.483399806837774e-07,0.29541015625,794.3993003508076
10.0,38740,4.456397437883828e-07,0.295562744140625,794.8014881690033
10.0,38760,4.4295572569289735e-07,0.29571533203125,795.2014518836513
10.0,38780,4.402878287020618e-07,0.295867919921875,795.6057068798691
10.0,38800,4.376359574271947e-07,0.2960205078125,796.0065298648551
10.0,38820,4.350000140330703e-07,0.296173095703125,796.4127543857321
10.0,38840,4.323799034529892e-07,0.29632568359375,796.8143196487799
10.0,38860,4.2977552997353193e-07,0.296478271484375,797.2190271266736
10.0,38880,4.271868014285606e-07,0.296630859375,797.6216815360822
10.0,38900,4.2461362091848806e-07,0.296783447265625,798.0272718258202
10.0,38920,4.2205589656041425e-07,0.29693603515625,798.4260003650561
10.0,38940,4.195135357433332e-07,0.297088623046875,798.8309217668138
10.0,38960,4.1698644520967427e-07,0.2972412109375,799.2314810687676
10.0,38980,4.1447453467534134e-07,0.297393798828125,799.6365374359302
10.0,39000,4.119777113889081e-07,0.29754638671875,800.0375258880667
10.0,39020,4.094958863246256e-07,0.297698974609375,800.4404859556817
10.0,39040,4.0702896751647254e-07,0.2978515625,800.8412357796915
10.0,39060,4.045768681218535e-07,0.298004150390625,801.248067914974
10.0,39080,4.0213949717763483e-07,0.29815673828125,801.648130516056
10.0,39100,3.99716766210121e-07,0.298309326171875,802.0527847707272
10.0,39120,3.9730858892636877e-07,0.2984619140625,802.4522286420688
10.0,39140,3.9491487507062056e-07,0.298614501953125,802.8578623007052
10.0,39160,3.9253554099756427e-07,0.29876708984375,803.2567169428803
10.0,39180,3.9017049883699694e-07,0.298919677734375,803.6625404427759
10.0,39200,3.8781966257735267e-07,0.299072265625,804.0638279360719
10.0,39220,3.8548294744352194e-07,0.299224853515625,804.4700320078991
10.0,39240,3.8316026877042487e-07,0.29937744140625,804.870748506859
10.0,39260,3.8085154124743495e-07,0.299530029296875,805.2755234567448
10.0,39280,3.785566823458924e-07,0.2996826171875,805.683804881759
10.0,39300,3.762756078901042e-07,0.299835205078125,806.090244567953
10.0,39320,3.740082359550655e-07,0.29998779296875,806.491122437641
10.0,39340,3.717544834090433e-07,0.300140380859375,806.8974015740678
10.0,39360,3.695142695496409e-07,0.30029296875,807.2960213329643
10.0,39380,3.672875108299461e-07,0.300445556640625,807.6984193399549
10.0,39400,3.6507412983614034e-07,0.30059814453125,808.0959801557474
10.0,39420,3.628740437791272e-07,0.300750732421875,808.5000939290039
10.0,39440,3.6068717314380083e-07,0.3009033203125,808.902335471008
10.0,39460,3.5851343983885694e-07,0.301055908203125,809.3080840776674
10.0,39480,3.563527627730958e-07,0.30120849609375,809.7074516438879
10.0,39500,3.542050666669526e-07,0.301361083984375,810.1125463936478
10.0,39520,3.520702703371565e-07,0.301513671875,810.5126042980701
10.0,39540,3.499482990102436e-07,0.301666259765625,810.9125193860382
10.0,39560,3.4783907343377875e-07,0.30181884765625,811.3145541548729
10.0,39580,3.457425181411074e-07,0.301971435546875,811.7151636960916
10.0,39600,3.436585579867215e-07,0.3021240234375,812.1158440746367
10.0,39620,3.415871157431379e-07,0.302276611328125,812.5159609997645
10.0,39640,3.395281168070259e-07,0.30242919921875,812.9134694328532
10.0,39660,3.374814867911453e-07,0.302581787109375,813.3172316327691
10.0,39680,3.354471514215553e-07,0.302734375,813.7165402988903
10.0,39700,3.334250367313006e-07,0.302886962890625,814.1170505438931
10.0,39720,3.3141506939163393e-07,0.30303955078125,814.5149062550627
10.0,39740,3.2941717593450537e-07,0.303192138671875,814.9162823180668
10.0,39760,3.274312841750315e-07,0.3033447265625,815.3171694409102
10.0,39780,3.2545732193488464e-07,0.303497314453125,815.7188792228699
10.0,39800,3.2349521862079375e-07,0.30364990234375,816.121884743683
10.0,39820,3.215449021815579e-07,0.303802490234375,816.5257217567414
10.0,39840,3.1960630259977156e-07,0.303955078125,816.9246545257047
10.0,39860,3.1767934829851796e-07,0.304107666015625,817.3257244396955
10.0,39880,3.15763970022247e-07,0.30426025390625,817.7263805149123
10.0,39900,3.138600975781352e-07,0.304412841796875,818.1361420620233
10.0,39920,3.119676625576481e-07,0.3045654296875,818.5388638540171
10.0,39940,3.100865972129684e-07,0.304718017578125,818.9477134589106
10.0,39960,3.0821683140660587e-07,0.30487060546875,819.3519926788285
10.0,39980,3.063582984232405e-07,0.305023193359375,819.7604664070532
10.0,40000,3.045109312007903e-07,0.30517578125,820.1617363058031
10.0,40020,3.0267466164929683e-07,0.305328369140625,820.5888570467941
10.0,40040,3.008494235532595e-07,0.30548095703125,820.9888896658085
10.0,40060,2.9903515075580066e-07,0.305633544921875,821.3894894439727
10.0,40080,2.9723177816963763e-07,0.3057861328125,821.7878377106972
10.0,40100,2.9543923812471395e-07,0.305938720703125,822.1905661206692
10.0,40120,2.9365746808172716e-07,0.30609130859375,822.5937402839772
10.0,40140,2.918864021340059e-07,0.306243896484375,823.0010496736504
10.0,40160,2.901259769072187e-07,0.306396484375,823.4008959778585
10.0,40180,2.8837612707464073e-07,0.306549072265625,823.8103391178884
10.0,40200,2.866367903286339e-07,0.30670166015625,824.2140331040137
10.0,40220,2.8490790300377336e-07,0.306854248046875,824.6196575607173
10.0,40240,2.8318940296437886e-07,0.3070068359375,825.0202388036996
10.0,40260,2.8148122699498097e-07,0.307159423828125,825.4261350738816
10.0,40280,2.797833134937516e-07,0.30731201171875,825.8294211700559
10.0,40300,2.7809560110365096e-07,0.307464599609375,826.2338362256996
10.0,40320,2.7641802893838564e-07,0.3076171875,826.6392895779572
10.0,40340,2.747505345036477e-07,0.307769775390625,827.0438748477027
10.0,40360,2.7309305897303963e-07,0.30792236328125,827.448003871832
10.0,40380,2.7144554127679897e-07,0.308074951171875,827.8518756330013
10.0,40400,2.6980792285026897e-07,0.3082275390625,828.251766928006
10.0,40420,2.681801428196394e-07,0.308380126953125,828.6544829010963
10.0,40440,2.665621429115739e-07,0.30853271484375,829.0595223749988
10.0,40460,2.649538640884361e-07,0.308685302734375,829.4687090627849
10.0,40480,2.633552478582566e-07,0.308837890625,829.8831466399133
10.0,40500,2.6176623697357946e-07,0.308990478515625,830.2906470526941
10.0,40520,2.6018677319922993e-07,0.30914306640625,830.6924973577261
10.0,40540,2.5861679914171105e-07,0.309295654296875,831.0989121100865
10.0,40560,2.5705625828039727e-07,0.3094482421875,831.499837635085
10.0,40580,2.5550509345699935e-07,0.309600830078125,831.9011851889081
10.0,40600,2.53963248287485e-07,0.30975341796875,832.2999104037881
10.0,40620,2.5243066786484777e-07,0.309906005859375,832.7049036538228
10.0,40640,2.5090729556983363e-07,0.31005859375,833.1038747858256
10.0,40660,2.49393076681695e-07,0.310211181640625,833.508863129653
10.0,40680,2.478879561651745e-07,0.31036376953125,833.9099111226387
10.0,40700,2.463918793233335e-07,0.310516357421875,834.3112766616978
10.0,40720,2.449047911227649e-07,0.3106689453125,834.7101091137156
10.0,40740,2.4342663884728053e-07,0.310821533203125,835.1134433769621
10.0,40760,2.419573684569618e-07,0.31097412109375,835.5135515797883
10.0,40780,2.4049692573406854e-07,0.311126708984375,835.9213376436383
10.0,40800,2.3904525949362287e-07,0.311279296875,836.3207218027674
10.0,40820,2.3760231507255887e-07,0.311431884765625,836.7268607867882
10.0,40840,2.3616804261041341e-07,0.31158447265625,837.1265369770117
10.0,40860,2.347423872060808e-07,0.311737060546875,837.5278997817077
10.0,40880,2.3332529861368874e-07,0.3118896484375,837.9268330517225
10.0,40900,2.319167258717288e-07,0.312042236328125,838.3371719717979
10.0,40920,2.3051661688135317e-07,0.31219482421875,838.7405270929448
10.0,40940,2.291249213722452e-07,0.312347412109375,839.1523140710779
10.0,40960,2.2774158826812785e-07,0.3125,839.5576712908223
10.0,40980,2.26366568111769e-07,0.312652587890625,839.9682193379849
10.0,41000,2.2499981088544779e-07,0.31280517578125,840.3726414740086
10.0,41020,2.2364126661681468e-07,0.312957763671875,840.7821367559955
10.0,41040,2.222908868330932e-07,0.3131103515625,841.1856505149044
10.0,41060,2.2094862158601607e-07,0.313262939453125,841.5968659380451
10.0,41080,2.196144224547585e-07,0.31341552734375,842.0056039188057
10.0,41100,2.1828824021899404e-07,0.313568115234375,842.4160660579801
10.0,41120,2.1697002874782264e-07,0.313720703125,842.821843534708
10.0,41140,2.1565973937769646e-07,0.313873291015625,843.2349450080656
10.0,41160,2.1435732318861602e-07,0.31402587890625,843.6414689398371
10.0,41180,2.1306273454613762e-07,0.314178466796875,844.0475712129846
10.0,41200,2.1177592666813432e-07,0.3143310546875,844.4591421540827
10.0,41220,2.1049685170088384e-07,0.314483642578125,844.8710773657076
10.0,41240,2.0922546260486565e-07,0.31463623046875,845.2774994978681
10.0,41260,2.0796171521403508e-07,0.314788818359375,845.6887814817019
10.0,41280,2.0670556291651545e-07,0.31494140625,846.0957405818626
10.0,41300,2.0545695988323976e-07,0.315093994140625,846.5063425418921
10.0,41320,2.0421586048896258e-07,0.31524658203125,846.9103011516854
10.0,41340,2.029822203148321e-07,0.315399169921875,847.3155843107961
10.0,41360,2.017559945296448e-07,0.3155517578125,847.7201982797123
10.0,41380,2.0053713901462238e-07,0.315704345703125,848.1279469430447
10.0,41400,1.9932560887670727e-07,0.31585693359375,848.5375146437436
10.0,41420,1.981213598478801e-07,0.316009521484375,848.9550849427469
10.0,41440,1.9692434908013159e-07,0.316162109375,849.368031732738
10.0,41460,1.957345328400526e-07,0.316314697265625,849.7875004480593
10.0,41480,1.945518683361879e-07,0.31646728515625,850.2072443910874
10.0,41500,1.9337631181617084e-07,0.316619873046875,850.6290443558246
10.0,41520,1.9220782035817625e-07,0.3167724609375,851.0436562928371
10.0,41540,1.910463532257888e-07,0.316925048828125,851.4586784928106
10.0,41560,1.8989186706205354e-07,0.31707763671875,851.875414445065
10.0,41580,1.8874432006587485e-07,0.317230224609375,852.2868177867495
10.0,41600,1.876036707865789e-07,0.3173828125,852.6907220520079
10.0,41620,1.8646987791222828e-07,0.317535400390625,853.0999288870953
10.0,41640,1.8534290041816339e-07,0.31768798828125,853.5045172106475
10.0,41660,1.8422269708425975e-07,0.317840576171875,853.9105453719385
10.0,41680,1.831092270079572e-07,0.3179931640625,854.3146971068345
10.0,41700,1.8200245027144614e-07,0.318145751953125,854.7193417390808
10.0,41720,1.8090232697255095e-07,0.31829833984375,855.1258643786423
10.0,41740,1.798088164860006e-07,0.318450927734375,855.5362190296873
10.0,41760,1.7872187932895127e-07,0.318603515625,855.9393653650768
10.0,41780,1.7764147648193808e-07,0.318756103515625,856.343619029969
10.0,41800,1.7656756875918853e-07,0.31890869140625,856.7467825878412
10.0,41820,1.7550011622556998e-07,0.319061279296875,857.1505080070347
10.0,41840,1.744390816185866e-07,0.3192138671875,857.5569305196404
10.0,41860,1.73384425038554e-07,0.319366455078125,857.9640870396979
10.0,41880,1.7233610930045872e-07,0.31951904296875,858.3679792988114
10.0,41900,1.712940959092545e-07,0.319671630859375,858.7745550116524
10.0,41920,1.702583463978334e-07,0.31982421875,859.1762887570076
10.0,41940,1.692288243395327e-07,0.319976806640625,859.5819979696535
10.0,41960,1.6820549165791828e-07,0.32012939453125,859.985920149833
10.0,41980,1.6718831190678892e-07,0.320281982421875,860.3947951798327
10.0,42000,1.6617724771468094e-07,0.3204345703125,860.7978175738826
10.0,42020,1.6517226185974242e-07,0.320587158203125,861.2042388948612
10.0,42040,1.6417331844623537e-07,0.32073974609375,861.6098030190915
10.0,42060,1.63180381402614e-07,0.320892333984375,862.0183987650089
10.0,42080,1.6219341466756559e-07,0.321044921875,862.422422834672
10.0,42100,1.612123822936224e-07,0.321197509765625,862.8284269529395
10.0,42120,1.6023724779683593e-07,0.32135009765625,863.234170472715
10.0,42140,1.592679776645546e-07,0.321502685546875,863.6392554799095
10.0,42160,1.583045354831288e-07,0.3216552734375,864.0448207650334
10.0,42180,1.573468863861692e-07,0.321807861328125,864.4484857320786
10.0,42200,1.5639499621045312e-07,0.32196044921875,864.8547877790406
10.0,42220,1.5544882918380469e-07,0.322113037109375,865.2572314888239
10.0,42240,1.545083521406119e-07,0.322265625,865.660265147686
10.0,42260,1.535735311428092e-07,0.322418212890625,866.0633758739568
10.0,42280,1.5264433043913058e-07,0.32257080078125,866.4620733200572
10.0,42300,1.5172071859451344e-07,0.322723388671875,866.864572445862
10.0,42320,1.5080266109133042e-07,0.3228759765625,867.266200224869
10.0,42340,1.4989012424951778e-07,0.323028564453125,867.6712952349335
10.0,42360,1.48983075188843e-07,0.32318115234375,868.073560460005
10.0,42380,1.48081481583025e-07,0.323333740234375,868.4755538017489
10.0,42400,1.4718531034351253e-07,0.323486328125,868.8747894768603
10.0,42420,1.4629452852150409e-07,0.323638916015625,869.2818133849651
10.0,42440,1.454091046858207e-07,0.32379150390625,869.6814663726836
10.0,42460,1.445290054760412e-07,0.323944091796875,870.0852979980409
10.0,42480,1.4365420020491335e-07,0.3240966796875,870.4862814429216
10.0,42500,1.4278465657710656e-07,0.324249267578125,870.8931558956392
10.0,42520,1.4192034278375565e-07,0.32440185546875,871.2932507907972
10.0,42540,1.4106122809640445e-07,0.324554443359375,871.693869725801
10.0,42560,1.4020728082857818e-07,0.32470703125,872.0981421559118
10.0,42580,1.3935847009368828e-07,0.324859619140625,872.5052810520865
10.0,42600,1.3851476509551997e-07,0.32501220703125,872.9073022017255
10.0,42620,1.3767613540808158e-07,0.325164794921875,873.3091915906407
10.0,42640,1.368425509445589e-07,0.3253173828125,873.7090431107208
10.0,42660,1.3601398042496503e-07,0.325469970703125,874.1143395979889
10.0,42680,1.351903942283467e-07,0.32562255859375,874.5153565187939
10.0,42700,1.3437176336297505e-07,0.325775146484375,874.9207763946615
10.0,42720,1.3355805641126584e-07,0.325927734375,875.323364622891
10.0,42740,1.3274924567166106e-07,0.326080322265625,875.726638762746
10.0,42760,1.3194530000206955e-07,0.32623291015625,876.1286004809663
10.0,42780,1.311461916897097e-07,0.326385498046875,876.5324973058887
10.0,42800,1.303518915577112e-07,0.3265380859375,876.9321224656887
10.0,42820,1.2956237083681947e-07,0.326690673828125,877.3366483640857
10.0,42840,1.2877759929458103e-07,0.32684326171875,877.7396562476642
10.0,42860,1.2799755096183528e-07,0.326995849609375,878.1452300059609
10.0,42880,1.2722219429866343e-07,0.3271484375,878.5473124086857
10.0,42900,1.264515052940694e-07,0.327301025390625,878.9507045806386
10.0,42920,1.2568545246373071e-07,0.32745361328125,879.3506226530299
10.0,42940,1.2492400967756327e-07,0.327606201171875,879.7536603189074
10.0,42960,1.2416714950849835e-07,0.3277587890625,880.1530741779134
10.0,42980,1.2341484325485862e-07,0.327911376953125,880.5583097408526
10.0,43000,1.2266706491597568e-07,0.32806396484375,880.9588971827179
10.0,43020,1.219237861809946e-07,0.328216552734375,881.3613073858432
10.0,43040,1.2118498135870095e-07,0.328369140625,881.7611835710704
10.0,43060,1.2045062255296865e-07,0.328521728515625,882.1668778439052
10.0,43080,1.197206831872098e-07,0.32867431640625,882.5670131440274
10.0,43100,1.1899513753474494e-07,0.328826904296875,882.9731014277786
10.0,43120,1.182739586443585e-07,0.3289794921875,883.3747841827571
10.0,43140,1.1755712095180605e-07,0.329132080078125,883.7780088046566
10.0,43160,1.1684459772866608e-07,0.32928466796875,884.1781589849852
10.0,43180,1.1613636366145496e-07,0.329437255859375,884.5806293217465
10.0,43200,1.1543239257586324e-07,0.32958984375,884.9819404659793
10.0,43220,1.1473265962853572e-07,0.329742431640625,885.3901338698342
10.0,43240,1.1403713868549081e-07,0.32989501953125,885.7969203828834
10.0,43260,1.1334580523075936e-07,0.330047607421875,886.2109800507315
10.0,43280,1.1265863366725809e-07,0.3302001953125,886.6148582599126
10.0,43300,1.1197559908384369e-07,0.330352783203125,887.0171444937587
10.0,43320,1.1129667616800255e-07,0.33050537109375,887.4315633149818
10.0,43340,1.1062184174457007e-07,0.330657958984375,887.843964275904
10.0,43360,1.09951070757785e-07,0.330810546875,888.2601280836388
10.0,43380,1.0928433792261696e-07,0.330963134765625,888.6651875148527
10.0,43400,1.0862161975376173e-07,0.33111572265625,889.0815982408822
10.0,43420,1.0796289320943822e-07,0.331268310546875,889.4942300189286
10.0,43440,1.073081314437715e-07,0.3314208984375,889.8926587160677
10.0,43460,1.0665731361114592e-07,0.331573486328125,890.2977702990174
10.0,43480,1.0601041526626901e-07,0.33172607421875,890.6958308098838
10.0,43500,1.0536741283314875e-07,0.331878662109375,891.098084078636
10.0,43520,1.0472828291724717e-07,0.33203125,891.5104307550937
10.0,43540,1.0409300221523615e-07,0.332183837890625,891.9205539887771
10.0,43560,1.0346154836518788e-07,0.33233642578125,892.3284021290019
10.0,43580,1.028338974550366e-07,0.332489013671875,892.7397357737646
10.0,43600,1.0221002743713e-07,0.3326416015625,893.1476188716479
10.0,43620,1.0158991498780504e-07,0.332794189453125,893.5575036178343
10.0,43640,1.0097353852654914e-07,0.33294677734375,893.9731513070874
10.0,43660,1.0036087456341899e-07,0.333099365234375,894.3799301488325
10.0,43680,9.975190165147433e-08,0.333251953125,894.7946158167906
10.0,43700,9.914659760649697e-08,0.333404541015625,895.2067988580093
10.0,43720,9.85449407011195e-08,0.33355712890625,895.6166813909076
10.0,43740,9.794690871157304e-08,0.333709716796875,896.0215960037895
10.0,43760,9.735248027112056e-08,0.3338623046875,896.4369595418684
10.0,43780,9.676163347886867e-08,0.334014892578125,896.8551685777493
10.0,43800,9.617434631157152e-08,0.33416748046875,897.2576045868918
10.0,43820,9.559059903991405e-08,0.334320068359375,897.6719658887014
10.0,43840,9.501036945286215e-08,0.33447265625,898.0753202890046
10.0,43860,9.443363618033911e-08,0.334625244140625,898.4884132798761
10.0,43880,9.386037945055413e-08,0.33477783203125,898.8927638279274
10.0,43900,9.329057695296945e-08,0.334930419921875,899.314039082732
10.0,43920,9.272420928321621e-08,0.3350830078125,899.7282637278549
10.0,43940,9.216125539239002e-08,0.335235595703125,900.1461331970058
10.0,43960,9.160169510593596e-08,0.33538818359375,900.5667025530711
10.0,43980,9.104550746362009e-08,0.335540771484375,900.9889162969775
10.0,44000,9.049267334370016e-08,0.335693359375,901.4142972286791
10.0,44020,8.994317196511525e-08,0.335845947265625,901.8360541658476
10.0,44040,8.939698359992552e-08,0.33599853515625,902.2454178766347
10.0,44060,8.885408796365602e-08,0.336151123046875,902.6553327539004
10.0,44080,8.83144657422164e-08,0.3363037109375,903.0676693068817
10.0,44100,8.77780981912568e-08,0.336456298828125,903.5008396836929
10.0,44120,8.724496451155033e-08,0.33660888671875,903.9155663680285
10.0,44140,8.671504576599297e-08,0.336761474609375,904.3297113426961
10.0,44160,8.618832257223949e-08,0.3369140625,904.752044019755
10.0,44180,8.566477691306586e-08,0.337066650390625,905.1792906038463
10.0,44200,8.514438829780816e-08,0.33721923828125,905.6082331957296
10.0,44220,8.462713902688932e-08,0.337371826171875,906.0208287746646
10.0,44240,8.41130094917352e-08,0.3375244140625,906.4182816119865
10.0,44260,8.360198187353448e-08,0.337677001953125,906.8185929437168
10.0,44280,8.309403732811084e-08,0.33782958984375,907.215479743667
10.0,44300,8.258915638496767e-08,0.337982177734375,907.618970060721
10.0,44320,8.208732204949007e-08,0.338134765625,908.0195239060558
10.0,44340,8.158851550540299e-08,0.338287353515625,908.428038500715
10.0,44360,8.109271928632154e-08,0.33843994140625,908.830341567751
10.0,44380,8.059991412996953e-08,0.338592529296875,909.2345365616493
10.0,44400,8.011008361891984e-08,0.3387451171875,909.6365896649659
10.0,44420,7.962320921012718e-08,0.338897705078125,910.0389584316872
10.0,44440,7.913927327254454e-08,0.33905029296875,910.4414022918791
10.0,44460,7.865825756047545e-08,0.339202880859375,910.8493155809119
10.0,44480,7.818014670498836e-08,0.33935546875,911.2533080978319
10.0,44500,7.770492111418015e-08,0.339508056640625,911.6632093070075
10.0,44520,7.723256442509542e-08,0.33966064453125,912.0670196227729
10.0,44540,7.676306086432641e-08,0.339813232421875,912.4736127997749
10.0,44560,7.629639056544354e-08,0.3399658203125,912.8766112010926
10.0,44580,7.583253954814773e-08,0.340118408203125,913.2872755168937
10.0,44600,7.537148888143612e-08,0.34027099609375,913.6897010020912
10.0,44620,7.491322283219203e-08,0.340423583984375,914.0934533490799
10.0,44640,7.445772286009458e-08,0.340576171875,914.4976807869971
10.0,44660,7.400497633779923e-08,0.340728759765625,914.905707993079
10.0,44680,7.355496323338614e-08,0.34088134765625,915.3089993968606
10.0,44700,7.310766790347433e-08,0.341033935546875,915.7148907999508
10.0,44720,7.266307658694433e-08,0.3411865234375,916.1310087349266
10.0,44740,7.222117001803475e-08,0.341339111328125,916.5380497160368
10.0,44760,7.17819340566795e-08,0.34149169921875,916.9429240529425
10.0,44780,7.134535232969643e-08,0.341644287109375,917.3569290870801
10.0,44800,7.091140859760744e-08,0.341796875,917.8012201720849
10.0,44820,7.048008762324817e-08,0.341949462890625,918.2632834389806
10.0,44840,7.005137270348874e-08,0.34210205078125,918.7276740609668
10.0,44860,6.96252494686261e-08,0.342254638671875,919.1756563340314
10.0,44880,6.92017027778677e-08,0.3424072265625,919.6309320018627
10.0,44900,6.878071669234227e-08,0.342559814453125,920.1211228170432
10.0,44920,6.836227484699679e-08,0.34271240234375,920.605929239653
10.0,44940,6.79463630293498e-08,0.342864990234375,921.0835733488202
10.0,44960,6.753296705877093e-08,0.343017578125,921.5199407949112
10.0,44980,6.71220712033991e-08,0.343170166015625,921.9490364678204
10.0,45000,6.67136594899548e-08,0.34332275390625,922.3704666956328
10.0,45020,6.630771825142389e-08,0.343475341796875,922.8118041357957
10.0,45040,6.59042326728861e-08,0.3436279296875,923.2175434208475
10.0,45060,6.550318850572643e-08,0.343780517578125,923.6263028020039
10.0,45080,6.510456934092885e-08,0.34393310546875,924.0292916200124
10.0,45100,6.470836297433963e-08,0.344085693359375,924.4361115177162
10.0,45120,6.431455415692678e-08,0.34423828125,924.8411881327629
10.0,45140,6.392312907612149e-08,0.344390869140625,925.246452385094
10.0,45160,6.353407217714228e-08,0.34454345703125,925.6481070108712
10.0,45180,6.31473703359827e-08,0.344696044921875,926.0476023927331
10.0,45200,6.276300950375283e-08,0.3448486328125,926.4457107908092
10.0,45220,6.238097551856278e-08,0.345001220703125,926.8460141918622
10.0,45240,6.200125444841727e-08,0.34515380859375,927.2426865869202
10.0,45260,6.162383312273113e-08,0.345306396484375,927.644403969869
10.0,45280,6.124869723166497e-08,0.345458984375,928.0971443657763
10.0,45300,6.087583330642065e-08,0.345611572265625,928.5595338908024
10.0,45320,6.050522727044652e-08,0.34576416015625,929.0246108546853
10.0,45340,6.013686765967568e-08,0.345916748046875,929.4935033977963
10.0,45360,5.977073936573854e-08,0.3460693359375,929.9592004236765
10.0,45380,5.940682848665943e-08,0.346221923828125,930.4188230200671
10.0,45400,5.904512385546906e-08,0.34637451171875,930.8858313257806
10.0,45420,5.868561030463447e-08,0.346527099609375,931.3028839929029
10.0,45440,5.83282774422095e-08,0.3466796875,931.7054803129286
10.0,45460,5.7973109300034857e-08,0.346832275390625,932.1154821100645
10.0,45480,5.76200948209481e-08,0.34698486328125,932.5191849777475
10.0,45500,5.7269220321422877e-08,0.347137451171875,932.9287335029803
10.0,45520,5.692047439055622e-08,0.3472900390625,933.3370834519155
10.0,45540,5.657384306928597e-08,0.347442626953125,933.7402121620253
10.0,45560,5.622931427645477e-08,0.34759521484375,934.1446719900705
10.0,45580,5.588687492522718e-08,0.347747802734375,934.5510693877004
10.0,45600,5.554651330023844e-08,0.347900390625,934.9572922657244
10.0,45620,5.520821790954384e-08,0.348052978515625,935.3869055700488
10.0,45640,5.4871974326991254e-08,0.34820556640625,935.8131415359676
10.0,45660,5.453777123532224e-08,0.348358154296875,936.2524623167701
10.0,45680,5.420559808331702e-08,0.3485107421875,936.6824503350072
10.0,45700,5.3875439816359795e-08,0.348663330078125,937.1136816400103
10.0,45720,5.354728730003047e-08,0.34881591796875,937.5272761587985
10.0,45740,5.322112777110656e-08,0.348968505859375,937.9287944789976
10.0,45760,5.2896948553916154e-08,0.34912109375,938.3289998648688
10.0,45780,5.257473819360933e-08,0.349273681640625,938.7335137068294
10.0,45800,5.225448532780366e-08,0.34942626953125,939.1353388079442
10.0,45820,5.193617916201024e-08,0.349578857421875,939.5386746716686
10.0,45840,5.1619807135227265e-08,0.3497314453125,939.9411352649331
10.0,45860,5.130535627214676e-08,0.349884033203125,940.3479964197613
10.0,45880,5.099281854677827e-08,0.35003662109375,940.7505358709022
10.0,45900,5.0682179916523276e-08,0.350189208984375,941.1744917868637
10.0,45920,5.0373430939683564e-08,0.350341796875,941.6023117080331
10.0,45940,5.006655873782099e-08,0.350494384765625,942.0387358716689
10.0,45960,4.976155328532986e-08,0.35064697265625,942.4683324429207
10.0,45980,4.945840320462226e-08,0.350799560546875,942.901594244875
10.0,46000,4.915709783631607e-08,0.3509521484375,943.3306448557414
10.0,46020,4.885762507495943e-08,0.351104736328125,943.7447531409562
10.0,46040,4.8559975798708376e-08,0.35125732421875,944.1514075119048
10.0,46060,4.8264137847704315e-08,0.351409912109375,944.5700044096448
10.0,46080,4.797010155658392e-08,0.3515625,944.9840680328198
10.0,46100,4.7677855402292285e-08,0.351715087890625,945.3960484270938
10.0,46120,4.7387389214423235e-08,0.35186767578125,945.7949701310135
10.0,46140,4.7098692432818515e-08,0.352020263671875,946.2004303419963
10.0,46160,4.68117537935196e-08,0.3521728515625,946.5976483570412
10.0,46180,4.6526563886907056e-08,0.352325439453125,946.9981054500677
10.0,46200,4.6243112474767554e-08,0.35247802734375,947.3982491707429
10.0,46220,4.596138859962779e-08,0.352630615234375,947.7982184840366
10.0,46240,4.568138259898343e-08,0.352783203125,948.1960831070319
10.0,46260,4.54030842094611e-08,0.352935791015625,948.5981976538897
10.0,46280,4.5126482891216996e-08,0.35308837890625,948.9949362007901
10.0,46300,4.4851568610155913e-08,0.353240966796875,949.3974189138971
10.0,46320,4.4578331786781125e-08,0.3533935546875,949.7960588219576
10.0,46340,4.4306762833761024e-08,0.353546142578125,950.1957360128872
10.0,46360,4.403685092890728e-08,0.35369873046875,950.5937275197357
10.0,46380,4.376858720933447e-08,0.353851318359375,950.9940880089998
10.0,46400,4.350196133394443e-08,0.35400390625,951.3917448269203
10.0,46420,4.3236964008838075e-08,0.354156494140625,951.7934935917147
10.0,46440,4.29735853583821e-08,0.35430908203125,952.1907516820356
10.0,46460,4.2711816288002524e-08,0.354461669921875,952.5895391716622
10.0,46480,4.2451647303804545e-08,0.3546142578125,952.9842071160674
10.0,46500,4.21930679210196e-08,0.354766845703125,953.3836820200086
10.0,46520,4.193606996711553e-08,0.35491943359375,953.7809969666414
10.0,46540,4.1680643340081515e-08,0.355072021484375,954.1820247429423
10.0,46560,4.142677954623327e-08,0.355224609375,954.5768938628025
10.0,46580,4.117446959548181e-08,0.355377197265625,954.9815290416591
10.0,46600,4.092370234146598e-08,0.35552978515625,955.3786440850236
10.0,46620,4.067446993533608e-08,0.355682373046875,955.778198517859
10.0,46640,4.04267641749956e-08,0.3558349609375,956.1742979567498
10.0,46660,4.018057552995819e-08,0.355987548828125,956.5734855057672
10.0,46680,3.9935894992452285e-08,0.35614013671875,956.9702084418386
10.0,46700,3.969271261624776e-08,0.356292724609375,957.3693324429914
10.0,46720,3.9451021223137844e-08,0.3564453125,957.7656179978512
10.0,46740,3.921081149250617e-08,0.356597900390625,958.1651807217859
10.0,46760,3.897207373515348e-08,0.35675048828125,958.5631378619
10.0,46780,3.873480058803537e-08,0.356903076171875,958.9611312118359
10.0,46800,3.849898346546438e-08,0.3570556640625,959.3621281846426
10.0,46820,3.826461337050364e-08,0.357208251953125,959.7639201600105
10.0,46840,3.8031681639708955e-08,0.35736083984375,960.1641686856747
10.0,46860,3.7800180562316565e-08,0.357513427734375,960.5660394490696
10.0,46880,3.757009927288387e-08,0.357666015625,960.9629480889998
10.0,46900,3.734143317775945e-08,0.357818603515625,961.3659981810488
10.0,46920,3.711417198214921e-08,0.35797119140625,961.7667433586903
10.0,46940,3.688830756846907e-08,0.358123779296875,962.1665028026327
10.0,46960,3.666383214372624e-08,0.3582763671875,962.562540487852
10.0,46980,3.644073640742846e-08,0.358428955078125,962.9620388029143
10.0,47000,3.621901298559003e-08,0.35858154296875,963.3573129600845
10.0,47020,3.599865482509719e-08,0.358734130859375,963.7555563519709
10.0,47040,3.5779652655613846e-08,0.35888671875,964.1508728256449
10.0,47060,3.5561998800454166e-08,0.359039306640625,964.551757725887
10.0,47080,3.534568531455748e-08,0.35919189453125,964.947041594889
10.0,47100,3.5130705511970226e-08,0.359344482421875,965.3517840309069
10.0,47120,3.4917049820426584e-08,0.3594970703125,965.7478732056916
10.0,47140,3.4704711685200125e-08,0.359649658203125,966.1474002916366
10.0,47160,3.4493682396210344e-08,0.35980224609375,966.5433205049485
10.0,47180,3.4283956147221305e-08,0.359954833984375,966.9436486498453
10.0,47200,3.407552395382103e-08,0.360107421875,967.3387619950809
10.0,47220,3.386837797762222e-08,0.360260009765625,967.7367596100084
10.0,47240,3.3662511080456134e-08,0.36041259765625,968.1335311620496
10.0,47260,3.345791575153534e-08,0.360565185546875,968.5312421638519
10.0,47280,3.325458557021896e-08,0.3607177734375,968.9288962977007
10.0,47300,3.305251178965954e-08,0.360870361328125,969.3322888999246
10.0,47320,3.285168796346161e-08,0.36102294921875,969.7300815237686
10.0,47340,3.2652106023807165e-08,0.361175537109375,970.1291352496482
10.0,47360,3.245375947935257e-08,0.361328125,970.5239696218632
10.0,47380,3.2256640732625894e-08,0.361480712890625,970.9225152200088
10.0,47400,3.206074314236003e-08,0.36163330078125,971.3182553807274
10.0,47420,3.1866059016034596e-08,0.361785888671875,971.7193175279535
10.0,47440,3.1672580772925155e-08,0.3619384765625,972.11288409587
10.0,47460,3.1480302768195976e-08,0.362091064453125,972.515670707915
10.0,47480,3.128921758423311e-08,0.36224365234375,972.9114047568291
10.0,47500,3.1099318389347775e-08,0.362396240234375,973.3099976796657
10.0,47520,3.0910597312940245e-08,0.362548828125,973.7045948957093
10.0,47540,3.072304796288104e-08,0.362701416015625,974.1028668819927
10.0,47560,3.053666460388125e-08,0.36285400390625,974.4979600459337
10.0,47580,3.035143952670674e-08,0.363006591796875,974.8967341766693
10.0,47600,3.016736550245118e-08,0.3631591796875,975.2925309510902
10.0,47620,2.998443726380782e-08,0.363311767578125,975.6951183509082
10.0,47640,2.980264659579986e-08,0.36346435546875,976.0910548958927
10.0,47660,2.9621988702366246e-08,0.363616943359375,976.490678417962
10.0,47680,2.9442456067140053e-08,0.36376953125,976.883913683705
10.0,47700,2.926404227765615e-08,0.363922119140625,977.2812974257395
10.0,47720,2.908673949385388e-08,0.36407470703125,977.6777474330738
10.0,47740,2.8910544303712445e-08,0.364227294921875,978.0767347449437
10.0,47760,2.873544723302454e-08,0.3643798828125,978.4725039517507
10.0,47780,2.8561444138753737e-08,0.364532470703125,978.8719993978739
10.0,47800,2.8388527086532692e-08,0.36468505859375,979.2678236407228
10.0,47820,2.8216692389275688e-08,0.364837646484375,979.6659472030587
10.0,47840,2.8045930813305332e-08,0.364990234375,980.0601104767993
10.0,47860,2.7876236841785717e-08,0.365142822265625,980.4599182796665
10.0,47880,2.7707604771069708e-08,0.36529541015625,980.8569857999682
10.0,47900,2.754003052712548e-08,0.365447998046875,981.2578373188153
10.0,47920,2.7373504537688592e-08,0.3656005859375,981.6524502560496
10.0,47940,2.720802251451469e-08,0.365753173828125,982.0558735379018
10.0,47960,2.704357786536231e-08,0.36590576171875,982.452287404798
10.0,47980,2.6880165644798232e-08,0.366058349609375,982.8516547060572
10.0,48000,2.671777920192885e-08,0.3662109375,983.246772873681
10.0,48020,2.6556412863320708e-08,0.366363525390625,983.6446387250908
10.0,48040,2.6396059893166983e-08,0.36651611328125,984.0404426790774
10.0,48060,2.6236716410022035e-08,0.366668701171875,984.4397956510074
10.0,48080,2.6078375279380914e-08,0.3668212890625,984.8355222297832
10.0,48100,2.5921030730496646e-08,0.366973876953125,985.2345291189849
10.0,48120,2.5764677506206658e-08,0.36712646484375,985.6293519129977
10.0,48140,2.560930890249624e-08,0.367279052734375,986.03156261798
10.0,48160,2.5454920865841036e-08,0.367431640625,986.4269266617484
10.0,48180,2.5301506545232592e-08,0.367584228515625,986.8253099187277
10.0,48200,2.514906099297581e-08,0.36773681640625,987.218767888844
10.0,48220,2.499757915273586e-08,0.367889404296875,987.6162424860522
10.0,48240,2.484705468018304e-08,0.3680419921875,988.0103028090671
10.0,48260,2.4697482571959846e-08,0.368194580078125,988.4110217760317
10.0,48280,2.4548856158553067e-08,0.36834716796875,988.8058988647535
10.0,48300,2.4401171966353476e-08,0.368499755859375,989.2072107316926
10.0,48320,2.4254423811938115e-08,0.36865234375,989.6020106850192
10.0,48340,2.410860612646442e-08,0.368804931640625,990.0006271610036
10.0,48360,2.3963713611672227e-08,0.36895751953125,990.3968202169053
10.0,48380,2.3819741797957183e-08,0.369110107421875,990.7972766957246
10.0,48400,2.3676684405476293e-08,0.3692626953125,991.1929061920382
10.0,48420,2.3534537299879237e-08,0.369415283203125,991.5914509398863
10.0,48440,2.33932936731165e-08,0.36956787109375,991.987466653809
10.0,48460,2.3252950429235743e-08,0.369720458984375,992.3860818678513
10.0,48480,2.3113501027987204e-08,0.369873046875,992.7815726138651
10.0,48500,2.2974941638704658e-08,0.370025634765625,993.1809106757864
10.0,48520,2.283726552389893e-08,0.37017822265625,993.5753670400009
10.0,48540,2.2700469118420095e-08,0.370330810546875,993.9758227379061
10.0,48560,2.2564546290344794e-08,0.3704833984375,994.371277264785
10.0,48580,2.2429494146436304e-08,0.370635986328125,994.7695693578571
10.0,48600,2.2295306012535297e-08,0.37078857421875,995.167227264028
10.0,48620,2.2161976726145033e-08,0.370941162109375,995.5662146769464
10.0,48640,2.2029503005492145e-08,0.37109375,995.9634894700721
10.0,48660,2.1897878470709023e-08,0.371246337890625,996.3647838230245
10.0,48680,2.1767099272010712e-08,0.37139892578125,996.7612351817079
10.0,48700,2.1637160620478155e-08,0.371551513671875,997.159825491719
10.0,48720,2.1508057936337323e-08,0.3717041015625,997.5552482958883
10.0,48740,2.137978587142723e-08,0.371856689453125,997.9552236576565
10.0,48760,2.125233975239628e-08,0.37200927734375,998.3512431969866
10.0,48780,2.1125716380217806e-08,0.372161865234375,998.7508955877274
10.0,48800,2.0999909172624673e-08,0.372314453125,999.1459083217196
10.0,48820,2.087491485258893e-08,0.372467041015625,999.5467476230115
10.0,48840,2.0750728039291695e-08,0.37261962890625,999.9433362586424
10.0,48860,2.0627345766209868e-08,0.372772216796875,1000.3408632068895
10.0,48880,2.0504761316423928e-08,0.3729248046875,1000.7361991517246
10.0,48900,2.0382971509118985e-08,0.373077392578125,1001.1328387577087
10.0,48920,2.0261972013509475e-08,0.37322998046875,1001.5283368849196
10.0,48940,2.0141758717860964e-08,0.373382568359375,1001.9267780520022
10.0,48960,2.002232599607155e-08,0.37353515625,1002.32468512794
10.0,48980,1.990366992755712e-08,0.373687744140625,1002.7245491677895
10.0,49000,1.9785787374728462e-08,0.37384033203125,1003.1210042620078
10.0,49020,1.966867288198564e-08,0.373992919921875,1003.522099152673
10.0,49040,1.9552321810028528e-08,0.3741455078125,1003.9196965866722
10.0,49060,1.9436731373098278e-08,0.374298095703125,1004.3221622598357
10.0,49080,1.9321896132427777e-08,0.37445068359375,1004.7198249329813
10.0,49100,1.92078129147422e-08,0.374603271484375,1005.117432070896
10.0,49120,1.909447579578828e-08,0.374755859375,1005.514073709026
10.0,49140,1.898188268823972e-08,0.374908447265625,1005.916457280051
10.0,49160,1.8870028407082174e-08,0.37506103515625,1006.3136146529578
10.0,49180,1.875890927674453e-08,0.375213623046875,1006.7129667340778
10.0,49200,1.8648520776348706e-08,0.3753662109375,1007.1094739390537
10.0,49220,1.8538858756855317e-08,0.375518798828125,1007.5101942876354
10.0,49240,1.842992078998879e-08,0.37567138671875,1007.9062614017166
10.0,49260,1.8321700403120748e-08,0.375823974609375,1008.3057615249418
10.0,49280,1.8214196317551093e-08,0.3759765625,1008.6995367277414
10.0,49300,1.8107401244001813e-08,0.376129150390625,1009.0980996610597
10.0,49320,1.8001314881736027e-08,0.37628173828125,1009.4935915390961
10.0,49340,1.7895931297514488e-08,0.376434326171875,1009.89133670507
10.0,49360,1.779124778824351e-08,0.3765869140625,1010.2847575349733
10.0,49380,1.7687258857430625e-08,0.376739501953125,1010.6819708840922
10.0,49400,1.758396165238686e-08,0.37689208984375,1011.0811191359535
10.0,49420,1.7481352994559662e-08,0.377044677734375,1011.4814019780606
10.0,49440,1.7379428680030863e-08,0.377197265625,1011.8775686980225
10.0,49460,1.7278184511211297e-08,0.377349853515625,1012.2775090816431
10.0,49480,1.7177616814631608e-08,0.37750244140625,1012.6738406568766
10.0,49500,1.70777220873083e-08,0.377655029296875,1013.0733412699774
10.0,49520,1.6978496557313005e-08,0.3778076171875,1013.4713958790526
10.0,49540,1.6879937562448422e-08,0.377960205078125,1013.8676063390449
10.0,49560,1.678204083008849e-08,0.37811279296875,1014.26269037975
10.0,49580,1.668480210781824e-08,0.378265380859375,1014.6619154368527
10.0,49600,1.6588217798013872e-08,0.37841796875,1015.0578467049636
10.0,49620,1.649228631850167e-08,0.378570556640625,1015.4553492297418
10.0,49640,1.639700223140128e-08,0.37872314453125,1015.8492635628209
10.0,49660,1.6302361766258604e-08,0.378875732421875,1016.2462490610778
10.0,49680,1.6208363052633177e-08,0.3790283203125,1016.6423005238175
10.0,49700,1.6115001510174098e-08,0.379180908203125,1017.0418968978338
10.0,49720,1.602227363707806e-08,0.37933349609375,1017.4396201740019
10.0,49740,1.5930177248371538e-08,0.379486083984375,1017.8381294440478
10.0,49760,1.5838706940931644e-08,0.379638671875,1018.2343792067841
10.0,49780,1.574786089144217e-08,0.379791259765625,1018.6332925078459
10.0,49800,1.565763532581672e-08,0.37994384765625,1019.0304975658655
10.0,49820,1.556802658750257e-08,0.380096435546875,1019.4314158856869
10.0,49840,1.5479032235319262e-08,0.3802490234375,1019.8278876128606
10.0,49860,1.539064806594774e-08,0.380401611328125,1020.2278948477469
10.0,49880,1.5302870746971066e-08,0.38055419921875,1020.6257503340021
10.0,49900,1.5215697826489495e-08,0.380706787109375,1021.0241816467606
10.0,49920,1.512912595264978e-08,0.380859375,1021.4200654607266
10.0,49940,1.5043151033307214e-08,0.381011962890625,1021.8179092309438
10.0,49960,1.49577706894573e-08,0.38116455078125,1022.2145287599415
10.0,49980,1.4872981557935303e-08,0.381317138671875,1022.6136232176796
10.0,50000,1.4788779805908376e-08,0.3814697265625,1023.0107276290655
10.0,50020,1.4705163853736997e-08,0.381622314453125,1023.4336010557599
10.0,50040,1.4622128369865153e-08,0.38177490234375,1023.8314620489255
10.0,50060,1.4539672537673975e-08,0.381927490234375,1024.2321645538323
10.0,50080,1.445779151288755e-08,0.382080078125,1024.6300363028422
10.0,50100,1.4376483524520551e-08,0.382232666015625,1025.0284632300027
10.0,50120,1.4295744930773413e-08,0.38238525390625,1025.4232727959752
10.0,50140,1.4215572375010577e-08,0.382537841796875,1025.8228435358033
10.0,50160,1.4135964114090964e-08,0.3826904296875,1026.219041778706
10.0,50180,1.4056915199320872e-08,0.382843017578125,1026.619089949876
10.0,50200,1.3978423970551024e-08,0.38299560546875,1027.0155353299342
10.0,50220,1.3900487509896445e-08,0.383148193359375,1027.4137486657128
10.0,50240,1.382310307919821e-08,0.38330078125,1027.8121189549565
10.0,50260,1.3746266500365553e-08,0.383453369140625,1028.2117716558278
10.0,50280,1.3669975549095985e-08,0.38360595703125,1028.610557953827
10.0,50300,1.3594229197613213e-08,0.383758544921875,1029.0080889370292
10.0,50320,1.3519020342095779e-08,0.3839111328125,1029.406612565741
10.0,50340,1.3444349448857294e-08,0.384063720703125,1029.8068746700883
10.0,50360,1.3370212900201015e-08,0.38421630859375,1030.2039546868764
10.0,50380,1.3296609049044977e-08,0.384368896484375,1030.6026256377809
10.0,50400,1.3223532249764026e-08,0.384521484375,1030.9985849936493
10.0,50420,1.315098186532629e-08,0.384674072265625,1031.3991987179033
10.0,50440,1.3078954868538665e-08,0.38482666015625,1031.7957593556494
10.0,50460,1.3007447898153396e-08,0.384979248046875,1032.1962414500304
10.0,50480,1.293645887640001e-08,0.3851318359375,1032.596034702845
10.0,50500,1.2865984424272006e-08,0.385284423828125,1032.993358913809
10.0,50520,1.2796022707216674e-08,0.38543701171875,1033.3919566539116
10.0,50540,1.272656992921391e-08,0.385589599609375,1033.7909720647149
10.0,50560,1.2657624062459196e-08,0.3857421875,1034.1904494059272
10.0,50580,1.2589182701270366e-08,0.385894775390625,1034.5867598629557
10.0,50600,1.2521242339615277e-08,0.38604736328125,1034.9828838836402
10.0,50620,1.2453801195304486e-08,0.386199951171875,1035.3803241336718
10.0,50640,1.238685707820679e-08,0.3863525390625,1035.7786696697585
10.0,50660,1.2320405176650273e-08,0.386505126953125,1036.1778265926987
10.0,50680,1.225444516259188e-08,0.38665771484375,1036.57614362007
10.0,50700,1.2188973435921786e-08,0.386810302734375,1036.97427202994
10.0,50720,1.2123989066436725e-08,0.386962890625,1037.3726104856469
10.0,50740,1.2059485721722094e-08,0.387115478515625,1037.7727626790293
10.0,50760,1.199546430177433e-08,0.38726806640625,1038.1703502098098
10.0,50780,1.1931921798437916e-08,0.387420654296875,1038.5688823098317
10.0,50800,1.1868853910428868e-08,0.3875732421875,1038.9674348388799
10.0,50820,1.1806260247583211e-08,0.387725830078125,1039.365471021738
10.0,50840,1.1744137548515744e-08,0.38787841796875,1039.763762193732
10.0,50860,1.1682483498709024e-08,0.388031005859375,1040.1600200580433
10.0,50880,1.1621293728776314e-08,0.38818359375,1040.557298576925
10.0,50900,1.1560568948413783e-08,0.388336181640625,1040.955044764094
10.0,50920,1.1500303974465323e-08,0.38848876953125,1041.3536354438402
10.0,50940,1.1440499549970603e-08,0.388641357421875,1041.7518922388554
10.0,50960,1.1381150521406719e-08,0.3887939453125,1042.149607975036
10.0,50980,1.1322254793033523e-08,0.388946533203125,1042.5479740477167
10.0,51000,1.1263810795571037e-08,0.38909912109375,1042.9454804379493
10.0,51020,1.1205815964050425e-08,0.389251708984375,1043.342045611702
10.0,51040,1.1148268079166193e-08,0.389404296875,1043.7400867016986
10.0,51060,1.1091164048178083e-08,0.389556884765625,1044.140088299755
10.0,51080,1.1034502084757757e-08,0.38970947265625,1044.5387737397105
10.0,51100,1.0978281075379923e-08,0.389862060546875,1044.936582421884
10.0,51120,1.0922496411311003e-08,0.3900146484375,1045.334459848702
10.0,51140,1.0867146681110883e-08,0.390167236328125,1045.7328687510453
10.0,51160,1.081223015681244e-08,0.39031982421875,1046.1311541250907
10.0,51180,1.0757744284390747e-08,0.390472412109375,1046.5282656648196
10.0,51200,1.070368624850362e-08,0.390625,1046.9259087420069
10.0,51220,1.0650055025212712e-08,0.390777587890625,1047.324014809914
10.0,51240,1.0596846539351084e-08,0.39093017578125,1047.7230974528939
10.0,51260,1.0544060622253692e-08,0.391082763671875,1048.1211776160635
10.0,51280,1.0491692807982313e-08,0.3912353515625,1048.5197142530233
10.0,51300,1.0439742481051203e-08,0.391387939453125,1048.91584602464
10.0,51320,1.0388207237141127e-08,0.39154052734375,1049.3154164240696
10.0,51340,1.0337084239063145e-08,0.391693115234375,1049.7121370099485
10.0,51360,1.0286371949235044e-08,0.391845703125,1050.1099767247215
10.0,51380,1.0236068458297253e-08,0.391998291015625,1050.5086996667087
10.0,51400,1.0186169870503013e-08,0.39215087890625,1050.9050610717386
10.0,51420,1.0136675807139129e-08,0.392303466796875,1051.3035498540848
10.0,51440,1.0087583838227175e-08,0.3924560546875,1051.7018052767962
10.0,51460,1.0038891273336162e-08,0.392608642578125,1052.1000543306582
10.0,51480,9.990596573073471e-09,0.39276123046875,1052.498437457718
100.0,0,1.0,0.0,3.5455455440096557
100.0,20,0.8476492321079796,0.000152587890625,3.912580240983516
100.0,40,0.7555510168202462,0.00030517578125,4.272839686833322
100.0,60,0.6856020330062311,0.000457763671875,4.636130603961647
100.0,80,0.6285312589182164,0.0006103515625,4.995801662094891
100.0,100,0.5803454656338026,0.000762939453125,5.356639701873064
100.0,120,0.5388301858437795,0.00091552734375,5.715706521179527
100.0,140,0.5025694142552766,0.001068115234375,6.075748487841338
100.0,160,0.470574660967787,0.001220703125,6.434095988981426
100.0,180,0.4421152186558217,0.001373291015625,6.797308628913015
100.0,200,0.4166293972801463,0.00152587890625,7.15704826079309
100.0,220,0.3936732660838295,0.001678466796875,7.517511936835945
100.0,240,0.3728887224356116,0.0018310546875,7.875788821838796
100.0,260,0.3539823863764145,0.001983642578125,8.23934584390372
100.0,280,0.3367109795902008,0.00213623046875,8.597635204903781
100.0,300,0.32087080748189173,0.002288818359375,8.957641773857176
100.0,320,0.30628995853659186,0.00244140625,9.316470426041633
100.0,340,0.29282237335632066,0.002593994140625,9.679589657112956
100.0,360,0.28034324251086734,0.00274658203125,10.038855349179357
100.0,380,0.26874537520192,0.002899169921875,10.40170186618343
100.0,400,0.257936294077943,0.0030517578125,10.763126361183822
100.0,420,0.2478358842194025,0.003204345703125,11.134424190036952
100.0,440,0.2383744723542243,0.00335693359375,11.506123450119048
100.0,460,0.22949124498966195,0.003509521484375,11.870997961144894
100.0,480,0.2211329368562293,0.003662109375,12.229665660765022
100.0,500,0.2132527372246802,0.003814697265625,12.59208918781951
100.0,520,0.20580937340229,0.00396728515625,12.950727137736976
100.0,540,0.19876633940977081,0.004119873046875,13.311711508780718
100.0,560,0.19209124438756392,0.0042724609375,13.669289193116128
100.0,580,0.18575526028689532,0.004425048828125,14.029019952751696
100.0,600,0.1797326522825011,0.00457763671875,14.389263316988945
100.0,620,0.17400037839029386,0.004730224609375,14.750393827911466
100.0,640,0.1685377471899736,0.0048828125,15.110295113176107
100.0,660,0.16332612448820896,0.005035400390625,15.473749804776162
100.0,680,0.158348681320875,0.00518798828125,15.833924604114145
100.0,700,0.1535901769639244,0.005340576171875,16.194039661902934
100.0,720,0.14903677166257404,0.0054931640625,16.553163337986916
100.0,740,0.14467586464404092,0.005645751953125,16.913363493047655
100.0,760,0.14049595368623188,0.00579833984375,17.270076810847968
100.0,780,0.13648651310141366,0.005950927734375,17.628552477806807
100.0,800,0.13263788748241623,0.006103515625,17.985843958798796
100.0,820,0.12894119896683168,0.006256103515625,18.345878566149622
100.0,840,0.1253882661162709,0.00640869140625,18.70332048414275
100.0,860,0.12197153279443979,0.006561279296875,19.064430166967213
100.0,880,0.11868400566897978,0.0067138671875,19.42283022077754
100.0,900,0.11551919916523133,0.006866455078125,19.78259274410084
100.0,920,0.11247108687171369,0.00701904296875,20.14251518715173
100.0,940,0.10953405854219375,0.007171630859375,20.513598341029137
100.0,960,0.10670288196212259,0.00732421875,20.888598632998765
100.0,980,0.10397266905150675,0.007476806640625,21.264476658776402
100.0,1000,0.10133884566477928,0.00762939453125,21.632197007071227
100.0,1020,0.0987971246235954,0.007781982421875,22.00201837811619
100.0,1040,0.0963434815826434,0.0079345703125,22.37404085183516
100.0,1060,0.09397413338322028,0.008087158203125,22.746850755997002
100.0,1080,0.09168551859612067,0.00823974609375,23.11516564991325
100.0,1100,0.08947427999530178,0.008392333984375,23.487336026970297
100.0,1120,0.08733724873799333,0.008544921875,23.858314136974514
100.0,1140,0.08527143005630432,0.008697509765625,24.218438937794417
100.0,1160,0.08327399029052486,0.00885009765625,24.575314428191632
100.0,1180,0.08134224511600222,0.009002685546875,24.935058916918933
100.0,1200,0.07947364883410853,0.0091552734375,25.29206192214042
100.0,1220,0.07766578461392772,0.009307861328125,25.652491931803524
100.0,1240,0.07591635558511098,0.00946044921875,26.012384715024382
100.0,1260,0.0742231766944663,0.009613037109375,26.372802807949483
100.0,1280,0.07258416724915831,0.009765625,26.729792666155845
100.0,1300,0.07099734407847724,0.009918212890625,27.089431589934975
100.0,1320,0.06946081525396955,0.01007080078125,27.447860572952777
100.0,1340,0.06797277431457512,0.010223388671875,27.80898100975901
100.0,1360,0.06653149494932997,0.0103759765625,28.167269269935787
100.0,1380,0.06513532609545648,0.010528564453125,28.52725725295022
100.0,1400,0.0637826874141683,0.01068115234375,28.885003979783505
100.0,1420,0.06247206511054876,0.010833740234375,29.244028590153903
100.0,1440,0.06120200806733477,0.010986328125,29.60559445992112
100.0,1460,0.05997112426556702,0.011138916015625,29.96893886011094
100.0,1480,0.05877807746772178,0.01129150390625,30.331928563769907
100.0,1500,0.05762158414141314,0.011444091796875,30.695556583814323
100.0,1520,0.05650041060382919,0.0115966796875,31.056093099992722
100.0,1540,0.05541337036896559,0.011749267578125,31.421004150994122
100.0,1560,0.05435932168138456,0.01190185546875,31.778128042817116
100.0,1580,0.05333716522171732,0.012054443359375,32.1368404449895
100.0,1600,0.052345841970457094,0.01220703125,32.49359082384035
100.0,1620,0.051384331217767476,0.012359619140625,32.857924052048475
100.0,1640,0.05045164870808245,0.01251220703125,33.21812162315473
100.0,1660,0.049546844909235596,0.012664794921875,33.5812324131839
100.0,1680,0.04866900339669807,0.0128173828125,33.94083684915677
100.0,1700,0.047817239344272816,0.012969970703125,34.30385357979685
100.0,1720,0.04699069811329884,0.01312255859375,34.664353305939585
100.0,1740,0.04618855393300957,0.013275146484375,35.02826743805781
100.0,1760,0.04541000866530925,0.013427734375,35.38875806191936
100.0,1780,0.0446542906476776,0.013580322265625,35.75408753706142
100.0,1800,0.04392065360845878,0.01373291015625,36.114576988853514
100.0,1820,0.043208375649145946,0.013885498046875,36.47366616781801
100.0,1840,0.042516758288718516,0.0140380859375,36.832400700077415
100.0,1860,0.0418451255654108,0.014190673828125,37.19132001698017
100.0,1880,0.04119282319165981,0.01434326171875,37.54807016486302
100.0,1900,0.040559217758237454,0.014495849609375,37.907331780996174
100.0,1920,0.039943695983892025,0.0146484375,38.263104828074574
100.0,1940,0.039345664007081754,0.014801025390625,38.62139119487256
100.0,1960,0.03876454671658739,0.01495361328125,38.97753780474886
100.0,1980,0.03819978711809664,0.015106201171875,39.33698780974373
100.0,2000,0.03765084573395358,0.0152587890625,39.69360008882359
100.0,2020,0.037117200033578504,0.015411376953125,40.05716724507511
100.0,2040,0.03659834389216691,0.01556396484375,40.41792788915336
100.0,2060,0.036093787075480804,0.015716552734375,40.78174881404266
100.0,2080,0.03560305474871826,0.015869140625,41.141310221049935
100.0,2100,0.03512568700758146,0.016021728515625,41.500910432077944
100.0,2120,0.034661238429800276,0.01617431640625,41.85908868117258
100.0,2140,0.03420927764555756,0.016326904296875,42.21925649093464
100.0,2160,0.033769386925299426,0.0164794921875,42.57679736474529
100.0,2180,0.033341161783631904,0.016632080078125,42.93676760373637
100.0,2200,0.0329242105980386,0.01678466796875,43.29426349606365
100.0,2220,0.032518154241314594,0.016937255859375,43.6537851691246
100.0,2240,0.03212262572667226,0.01708984375,44.01086417911574
100.0,2260,0.03173726986459733,0.017242431640625,44.36961886892095
100.0,2280,0.03136174293059914,0.01739501953125,44.72577182808891
100.0,2300,0.030995712343091102,0.017547607421875,45.08426710218191
100.0,2320,0.03063885635070876,0.0177001953125,45.440570185892284
100.0,2340,0.03029086372844538,0.017852783203125,45.800028822850436
100.0,2360,0.02995143348204379,0.01800537109375,46.15780212590471
100.0,2380,0.02962027456015353,0.018157958984375,46.51776230102405
100.0,2400,0.02929710557379796,0.018310546875,46.877031025942415
100.0,2420,0.028981654522776824,0.018463134765625,47.238991947844625
100.0,2440,0.02867365852863083,0.01861572265625,47.59862656611949
100.0,2460,0.02837286357389753,0.018768310546875,47.95902940817177
100.0,2480,0.028079024247355686,0.0189208984375,48.318290893919766
100.0,2500,0.02779190349504064,0.019073486328125,48.68303512688726
100.0,2520,0.02751127237683381,0.01922607421875,49.044309665914625
100.0,2540,0.027236909828428718,0.019378662109375,49.40443234378472
100.0,2560,0.026968602428539417,0.01953125,49.762123093008995
100.0,2580,0.026706144171207525,0.019683837890625,50.12361664278433
100.0,2600,0.02644933624309647,0.01983642578125,50.48278807615861
100.0,2620,0.026197986805675776,0.019989013671875,50.84161271201447
100.0,2640,0.0259519107822057,0.0201416015625,51.19883477780968
100.0,2660,0.025710929649458578,0.020294189453125,51.558110172860324
100.0,2680,0.02547487123409086,0.02044677734375,51.91519403876737
100.0,2700,0.025243569513641175,0.020599365234375,52.27315532974899
100.0,2720,0.025016864422067395,0.020751953125,52.631246028933674
100.0,2740,0.02479460165980259,0.020904541015625,52.99189319694415
100.0,2760,0.024576632508278438,0.02105712890625,53.35015675285831
100.0,2780,0.024362813648875454,0.021209716796875,53.709988000802696
100.0,2800,0.024153006986258174,0.0213623046875,54.066053128801286
100.0,2820,0.02394707947606318,0.021514892578125,54.42344659101218
100.0,2840,0.023744902956897743,0.02166748046875,54.78099767817184
100.0,2860,0.02354635398661157,0.021820068359375,55.13960193190724
100.0,2880,0.023351313682798983,0.02197265625,55.4959994959645
100.0,2900,0.023159667567496302,0.022125244140625,55.85485547594726
100.0,2920,0.022971305416023508,0.02227783203125,56.21030690101907
100.0,2940,0.02278612110992898,0.022430419921875,56.56845075311139
100.0,2960,0.022604012493989453,0.0225830078125,56.92496825195849
100.0,2980,0.02242488123721567,0.022735595703125,57.28390866704285
100.0,3000,0.022248632697809148,0.02288818359375,57.63982731383294
100.0,3020,0.022075175792019428,0.023040771484375,57.99826124403626
100.0,3040,0.021904422866842105,0.023193359375,58.35399528685957
100.0,3060,0.021736289576499687,0.023345947265625,58.71191100589931
100.0,3080,0.021570694762642048,0.02349853515625,59.06800747709349
100.0,3100,0.021407560338209102,0.023651123046875,59.427140686195344
100.0,3120,0.021246811174883775,0.0238037109375,59.78999677672982
100.0,3140,0.021088374994070826,0.023956298828125,60.151740400120616
100.0,3160,0.020932182261337366,0.02410888671875,60.50924843875691
100.0,3180,0.020778166084238863,0.024261474609375,60.868375239893794
100.0,3200,0.02062626211346489,0.0244140625,61.224472290836275
100.0,3220,0.020476408447228145,0.024566650390625,61.58348752884194
100.0,3240,0.020328545538827576,0.02471923828125,61.94113606074825
100.0,3260,0.020182616107311327,0.024871826171875,62.300475753843784
100.0,3280,0.02003856505116508,0.0250244140625,62.656744551844895
100.0,3300,0.01989633936495016,0.025177001953125,63.01493429578841
100.0,3320,0.019755888058819726,0.02532958984375,63.37111159786582
100.0,3340,0.019617162080837997,0.025482177734375,63.72940253186971
100.0,3360,0.019480114242023908,0.025634765625,64.08638250594959
100.0,3380,0.019344699144052645,0.025787353515625,64.4475076799281
100.0,3400,0.019210873109532598,0.02593994140625,64.80573647795245
100.0,3420,0.01907859411479688,0.026092529296875,65.16686474718153
100.0,3440,0.018947821725124093,0.0262451171875,65.5252057891339
100.0,3460,0.018818517032318235,0.026397705078125,65.88692635996267
100.0,3480,0.018690642594592653,0.02655029296875,66.24780368385836
100.0,3500,0.01856416237866693,0.026702880859375,66.60989719815552
100.0,3520,0.018439041704019405,0.02685546875,66.96875094389543
100.0,3540,0.018315247189229094,0.027008056640625,67.32973648700863
100.0,3560,0.018192746700331237,0.02716064453125,67.68965591490269
100.0,3580,0.018071509301132882,0.027313232421875,68.05030680913478
100.0,3600,0.017951505205414595,0.0274658203125,68.40731302881613
100.0,3620,0.017832705730962836,0.027618408203125,68.76729291118681
100.0,3640,0.01771508325536341,0.02777099609375,69.12609175080433
100.0,3660,0.017598611173508992,0.027923583984375,69.48596530687064
100.0,3680,0.017483263856744504,0.028076171875,69.84299915516749
100.0,3700,0.017369016613609827,0.028228759765625,70.20182664506137
100.0,3720,0.01725584565211604,0.02838134765625,70.55845600785688
100.0,3740,0.017143728043501946,0.028533935546875,70.91760328691453
100.0,3760,0.01703264168741482,0.0286865234375,71.2746388670057
100.0,3780,0.01692256527847273,0.028839111328125,71.63459598785266
100.0,3800,0.016813478274149182,0.02899169921875,71.99338422389701
100.0,3820,0.01670536086394015,0.029144287109375,72.35318210581318
100.0,3840,0.016598193939757467,0.029296875,72.71230874676257
100.0,3860,0.01649195906750934,0.029449462890625,73.0725058671087
100.0,3880,0.016386638459820562,0.02960205078125,73.43067753687501
100.0,3900,0.01628221494985337,0.029754638671875,73.79070656606928
100.0,3920,0.01617867196618708,0.0299072265625,74.14856915175915
100.0,3940,0.016075993508702695,0.030059814453125,74.5077312211506
100.0,3960,0.01597416412546183,0.03021240234375,74.86565273813903
100.0,3980,0.015873168890510818,0.030364990234375,75.22545790998265
100.0,4000,0.01577299338259759,0.030517578125,75.58269695891067
100.0,4020,0.015673623664754412,0.030670166015625,75.94236496277153
100.0,4040,0.015575046264713016,0.03082275390625,76.29912279173732
100.0,4060,0.015477248156127207,0.030975341796875,76.65792336501181
100.0,4080,0.015380216740560169,0.0311279296875,77.01495898608118
100.0,4100,0.015283939830214545,0.031280517578125,77.37424595607445
100.0,4120,0.01518840563137391,0.03143310546875,77.73139919806272
100.0,4140,0.015093602728527175,0.031585693359375,78.0903876889497
100.0,4160,0.014999520069142422,0.03173828125,78.44756606500596
100.0,4180,0.01490614694907708,0.031890869140625,78.80739134503528
100.0,4200,0.014813472998589405,0.03204345703125,79.16487240698189
100.0,4220,0.014721488168925241,0.032196044921875,79.5268277907744
100.0,4240,0.01463018271946592,0.0323486328125,79.88354829885066
100.0,4260,0.014539547205408395,0.032501220703125,80.24303114786744
100.0,4280,0.014449572465951722,0.03265380859375,80.60035061789677
100.0,4300,0.014360249612981766,0.032806396484375,80.9588019521907
100.0,4320,0.01427157002022381,0.032958984375,81.31550576677546
100.0,4340,0.014183525312843679,0.033111572265625,81.67526795016602
100.0,4360,0.014096107357485127,0.03326416015625,82.03203113609925
100.0,4380,0.014009308252722527,0.033416748046875,82.39101107604802
100.0,4400,0.013923120319906005,0.0335693359375,82.74743947200477
100.0,4420,0.013837536094400846,0.033721923828125,83.10710338084027
100.0,4440,0.013752548317173907,0.03387451171875,83.46459973277524
100.0,4460,0.013668149926750502,0.034027099609375,83.82373971212655
100.0,4480,0.013584334051489295,0.0341796875,84.18046475574374
100.0,4500,0.013501094002195659,0.034332275390625,84.54045033594593
100.0,4520,0.013418423265031641,0.03448486328125,84.89743828075007
100.0,4540,0.013336315494723925,0.034637451171875,85.25677747279406
100.0,4560,0.013254764508063321,0.0347900390625,85.61318564182147
100.0,4580,0.013173764277664925,0.034942626953125,85.97403232380748
100.0,4600,0.013093308925996994,0.03509521484375,86.32979404600337
100.0,4620,0.013013392719652532,0.035247802734375,86.68915841309354
100.0,4640,0.01293401006386505,0.035400390625,87.0462015629746
100.0,4660,0.012855155497251384,0.035552978515625,87.40544240083545
100.0,4680,0.012776823686772536,0.03570556640625,87.76175199495628
100.0,4700,0.012699009422905642,0.035858154296875,88.1198008460924
100.0,4720,0.012621707615018801,0.0360107421875,88.47626317897812
100.0,4740,0.01254491328693446,0.036163330078125,88.83445503702387
100.0,4760,0.012468621572683964,0.03631591796875,89.19192461296916
100.0,4780,0.012392827712428958,0.036468505859375,89.55289500392973
100.0,4800,0.012317527048564255,0.03662109375,89.91061954014003
100.0,4820,0.012242715021975322,0.036773681640625,90.26916362112388
100.0,4840,0.012168387168449457,0.03692626953125,90.625938473735
100.0,4860,0.012094539115243962,0.037078857421875,90.98447539517656
100.0,4880,0.012021166577788314,0.0372314453125,91.34052392002195
100.0,4900,0.0119482653565298,0.037384033203125,91.69869042281061
100.0,4920,0.011875831333903509,0.03753662109375,92.05560585809872
100.0,4940,0.011803860471433137,0.037689208984375,92.41394265508279
100.0,4960,0.011732348806947693,0.037841796875,92.77047294098884
100.0,4980,0.011661292451916551,0.037994384765625,93.12955515086651
100.0,5000,0.01159068758889007,0.03814697265625,93.48603144288063
100.0,5020,0.011520530469051287,0.038299560546875,93.85365642979741
100.0,5040,0.01145081740986257,0.0384521484375,94.20953756617382
100.0,5060,0.011381544792812235,0.038604736328125,94.56837942497805
100.0,5080,0.011312709061253392,0.03875732421875,94.92429404705763
100.0,5100,0.011244306718331284,0.038909912109375,95.28305123001337
100.0,5120,0.011176334324995724,0.0390625,95.6392401480116
100.0,5140,0.011108788498090938,0.039215087890625,95.9978283601813
100.0,5160,0.011041665908532157,0.03936767578125,96.35411835694686
100.0,5180,0.010974963279545296,0.039520263671875,96.71188704296947
100.0,5200,0.010908677384986727,0.0396728515625,97.06817962415516
100.0,5220,0.010842805047729944,0.039825439453125,97.42666012700647
100.0,5240,0.01077734313811245,0.03997802734375,97.78340728208423
100.0,5260,0.010712288572451576,0.040130615234375,98.14169372897595
100.0,5280,0.010647638311617632,0.040283203125,98.49809648981318
100.0,5300,0.010583389359663867,0.040435791015625,98.85721045406535
100.0,5320,0.010519538762512111,0.04058837890625,99.21340128406882
100.0,5340,0.010456083606693301,0.040740966796875,99.57144482806325
100.0,5360,0.01039302101813486,0.0408935546875,99.92746047815308
100.0,5380,0.010330348160996547,0.041046142578125,100.2858716067858
100.0,5400,0.010268062236559001,0.04119873046875,100.64200269477442
100.0,5420,0.010206160482147956,0.041351318359375,101.00015317602083
100.0,5440,0.010144640170106052,0.04150390625,101.3556846617721
100.0,5460,0.010083498606804537,0.041656494140625,101.71419386519119
100.0,5480,0.010022733131690774,0.04180908203125,102.06961421808228
100.0,5500,0.009962341116382582,0.041961669921875,102.4273792388849
100.0,5520,0.009902319963783624,0.0421142578125,102.78407634515315
100.0,5540,0.009842667107248395,0.042266845703125,103.14331050310284
100.0,5560,0.009783380009765351,0.04241943359375,103.50040915003046
100.0,5580,0.00972445616318554,0.042572021484375,103.85983842611313
100.0,5600,0.009665893087472111,0.042724609375,104.21671058190987
100.0,5620,0.00960768832997895,0.042877197265625,104.57662044791505
100.0,5640,0.009549839464764436,0.04302978515625,104.93440420506522
100.0,5660,0.009492344091920292,0.043182373046875,105.29314141115174
100.0,5680,0.00943519983693881,0.0433349609375,105.64884849777445
100.0,5700,0.009378404350091045,0.043487548828125,106.00654168101028
100.0,5720,0.009321955305839342,0.04364013671875,106.36285441881046
100.0,5740,0.009265850402266353,0.043792724609375,106.72104496415704
100.0,5760,0.00921008736052819,0.0439453125,107.07719753310084
100.0,5780,0.009154663924321184,0.044097900390625,107.43636848405004
100.0,5800,0.009099577859383543,0.04425048828125,107.79326260974631
100.0,5820,0.009044826952995712,0.044403076171875,108.15195723809302
100.0,5840,0.00899040901351668,0.0445556640625,108.50975652597845
100.0,5860,0.008936321869926676,0.044708251953125,108.86994372308254
100.0,5880,0.008882563371390002,0.04486083984375,109.22689531790093
100.0,5900,0.008829131386833899,0.045013427734375,109.58544598799199
100.0,5920,0.00877602380454275,0.045166015625,109.94130626507103
100.0,5940,0.008723238531765836,0.045318603515625,110.30038652196527
100.0,5960,0.008670773494340533,0.04547119140625,110.65764275519177
100.0,5980,0.008618626636326378,0.045623779296875,111.01724841305986
100.0,6000,0.008566795919654131,0.0457763671875,111.37297442601994
100.0,6020,0.008515279323789364,0.045928955078125,111.73172990698367
100.0,6040,0.008464074845399877,0.04608154296875,112.08878800785169
100.0,6060,0.008413180498046196,0.046234130859375,112.44916787883267
100.0,6080,0.008362594311870595,0.04638671875,112.80684643192217
100.0,6100,0.008312314333306144,0.046539306640625,113.16739486483857
100.0,6120,0.00826233862479007,0.04669189453125,113.52413950487971
100.0,6140,0.00821266526449178,0.046844482421875,113.88274967717007
100.0,6160,0.00816329234604086,0.0469970703125,114.23874873388559
100.0,6180,0.008114217978278482,0.047149658203125,114.59656949294731
100.0,6200,0.008065440285000308,0.04730224609375,114.95288756815717
100.0,6220,0.008016957404721026,0.047454833984375,115.31091051315889
100.0,6240,0.007968767490441639,0.047607421875,115.66853857692331
100.0,6260,0.007920868709422543,0.047760009765625,116.02793035889044
100.0,6280,0.007873259242966843,0.04791259765625,116.38454477814957
100.0,6300,0.00782593728620614,0.048065185546875,116.74212904693559
100.0,6320,0.007778901047899542,0.0482177734375,117.09934195596725
100.0,6340,0.0077321487502360715,0.048370361328125,117.45753270806745
100.0,6360,0.007685678628636639,0.04852294921875,117.81407011114061
100.0,6380,0.007639488931575132,0.048675537109375,118.17235198710114
100.0,6400,0.007593577920391395,0.048828125,118.52852311683819
100.0,6420,0.0075479438691227405,0.048980712890625,118.88682426000014
100.0,6440,0.007502585064324534,0.04913330078125,119.24781366018578
100.0,6460,0.007457499804914183,0.049285888671875,119.61141089908779
100.0,6480,0.007412686402005518,0.0494384765625,119.96981127699837
100.0,6500,0.007368143178756996,0.049591064453125,120.32896903483197
100.0,6520,0.0073238684702124175,0.04974365234375,120.68750764383003
100.0,6540,0.0072798606231621425,0.049896240234375,121.0464666490443
100.0,6560,0.007236117995996846,0.050048828125,121.40362703613937
100.0,6580,0.007192638958567132,0.050201416015625,121.76265744911507
100.0,6600,0.007149421892050271,0.05035400390625,122.11875025182962
100.0,6620,0.007106465188815574,0.050506591796875,122.47769167413935
100.0,6640,0.007063767252298903,0.0506591796875,122.83348043914884
100.0,6660,0.00702132649687463,0.050811767578125,123.19358367379755
100.0,6680,0.006979141347736926,0.05096435546875,123.54999893018976
100.0,6700,0.006937210240778667,0.051116943359375,123.90790711296722
100.0,6720,0.006895531622477303,0.05126953125,124.26377110183239
100.0,6740,0.006854103949779722,0.051422119140625,124.6219103531912
100.0,6760,0.0068129256899928815,0.05157470703125,124.97772352211177
100.0,6780,0.006771995320679304,0.051727294921875,125.33547054417431
100.0,6800,0.0067313113295455335,0.0518798828125,125.69080043118447
100.0,6820,0.006690872214346682,0.052032470703125,126.04846978699788
100.0,6840,0.0066506764827807974,0.05218505859375,126.4039508998394
100.0,6860,0.0066107226523940505,0.052337646484375,126.76208194019273
100.0,6880,0.006571009250483881,0.052490234375,127.1179119721055
100.0,6900,0.006531534814004848,0.052642822265625,127.47738145804033
100.0,6920,0.006492297889476721,0.05279541015625,127.83457442000508
100.0,6940,0.006453297032897395,0.052947998046875,128.19431862188503
100.0,6960,0.006414530809653222,0.0531005859375,128.55008907290176
100.0,6980,0.006375997794429927,0.053253173828125,128.9087613048032
100.0,7000,0.006337696571135007,0.05340576171875,129.26744852680713
100.0,7020,0.006299625732809364,0.053558349609375,129.6257417090237
100.0,7040,0.006261783881550066,0.0537109375,129.9829855011776
100.0,7060,0.0062241696284302435,0.053863525390625,130.34256157185882
100.0,7080,0.006186781593417532,0.05401611328125,130.6998573159799
100.0,7100,0.006149618405303398,0.054168701171875,131.0594727708958
100.0,7120,0.006112678701624833,0.0543212890625,131.4178250641562
100.0,7140,0.00607596112859117,0.054473876953125,131.7807068610564
100.0,7160,0.0060394643410136666,0.05462646484375,132.1378830401227
100.0,7180,0.006003187002230007,0.054779052734375,132.49732915405184
100.0,7200,0.005967127784041479,0.054931640625,132.85467350389808
100.0,7220,0.005931285366635861,0.055084228515625,133.21581133781
100.0,7240,0.0058956584385292275,0.05523681640625,133.57463027117774
100.0,7260,0.005860245696490254,0.055389404296875,133.934451488778
100.0,7280,0.005825045845483944,0.0555419921875,134.29172730492428
100.0,7300,0.005790057598599401,0.055694580078125,134.65174973895773
100.0,7320,0.005755279676994213,0.05584716796875,135.00913573615253
100.0,7340,0.00572071080982527,0.055999755859375,135.367196619045
100.0,7360,0.005686349734192998,0.05615234375,135.72371326293796
100.0,7380,0.005652195195075577,0.056304931640625,136.08473210409284
100.0,7400,0.0056182459452766955,0.05645751953125,136.4422854310833
100.0,7420,0.00558450074535966,0.056610107421875,136.8017042069696
100.0,7440,0.00555095836359449,0.0567626953125,137.15815423987806
100.0,7460,0.0055176175758978275,0.056915283203125,137.51644697086886
100.0,7480,0.005484477165779217,0.05706787109375,137.8735674638301
100.0,7500,0.005451535924284072,0.057220458984375,138.23184292111546
100.0,7520,0.005418792649940512,0.057373046875,138.58865081518888
100.0,7540,0.005386246148703082,0.057525634765625,138.9469832610339
100.0,7560,0.005353895233902356,0.05767822265625,139.30295261507854
100.0,7580,0.005321738726190696,0.057830810546875,139.66183972079307
100.0,7600,0.005289775453488496,0.0579833984375,140.01950336899608
100.0,7620,0.00525800425093734,0.058135986328125,140.37976731406525
100.0,7640,0.005226423960845831,0.05828857421875,140.73916089581326
100.0,7660,0.005195033432640685,0.058441162109375,141.09949834179133
100.0,7680,0.005163831522818209,0.05859375,141.45717516774312
100.0,7700,0.005132817094892096,0.058746337890625,141.81729912105948
100.0,7720,0.005101989019350286,0.05889892578125,142.1734910798259
100.0,7740,0.0050713461736019575,0.059051513671875,142.5311211119406
100.0,7760,0.005040887441932981,0.0592041015625,142.88840257609263
100.0,7780,0.005010611715460558,0.059356689453125,143.2493536141701
100.0,7800,0.004980517892082813,0.05950927734375,143.60617019981146
100.0,7820,0.004950604876437693,0.059661865234375,143.9642418581061
100.0,7840,0.004920871579853316,0.059814453125,144.31943610776216
100.0,7860,0.004891316920307767,0.059967041015625,144.6783497510478
100.0,7880,0.004861939822379302,0.06011962890625,145.03496345877647
100.0,7900,0.004832739217208967,0.060272216796875,145.3937025819905
100.0,7920,0.004803714042450068,0.0604248046875,145.7497190097347
100.0,7940,0.00477486324223285,0.060577392578125,146.1080134739168
100.0,7960,0.004746185767113308,0.06072998046875,146.4650598950684
100.0,7980,0.004717680574039674,0.060882568359375,146.8226217329502
100.0,8000,0.004689346626303127,0.06103515625,147.1781571721658
100.0,8020,0.004661182893501007,0.061187744140625,147.5391174927354
100.0,8040,0.004633188351496104,0.06134033203125,147.89701462117955
100.0,8060,0.0046053619823717504,0.061492919921875,148.25594296399504
100.0,8080,0.004577702774394991,0.0616455078125,148.61312616290525
100.0,8100,0.004550209721976012,0.061798095703125,148.97863619588315
100.0,8120,0.004522881825630428,0.06195068359375,149.341563784983
100.0,8140,0.004495718091934631,0.062103271484375,149.7084067161195
100.0,8160,0.004468717533492285,0.062255859375,150.07224515499547
100.0,8180,0.004441879168893489,0.062408447265625,150.43667620792985
100.0,8200,0.004415202022677441,0.06256103515625,150.7977664670907
100.0,8220,0.004388685125293356,0.062713623046875,151.1708921971731
100.0,8240,0.0043623275130632915,0.0628662109375,151.5340755279176
100.0,8260,0.0043361282281462795,0.063018798828125,151.89405033597723
100.0,8280,0.004310086318499974,0.06317138671875,152.25008748285472
100.0,8300,0.004284200837842289,0.063323974609375,152.60810306388885
100.0,8320,0.00425847084561916,0.0634765625,152.96342233614996
100.0,8340,0.0042328954069670455,0.063629150390625,153.32088420679793
100.0,8360,0.004207473592673156,0.06378173828125,153.6769335498102
100.0,8380,0.004182204479147346,0.063934326171875,154.03681655274704
100.0,8400,0.004157087148378463,0.0640869140625,154.39268095279112
100.0,8420,0.004132120687905915,0.064239501953125,154.75074763409793
100.0,8440,0.0041073041907831575,0.06439208984375,155.10560684418306
100.0,8460,0.004082636755541125,0.064544677734375,155.46410416578874
100.0,8480,0.004058117486157433,0.064697265625,155.82040129881352
100.0,8500,0.004033745492020333,0.064849853515625,156.17855332698673
100.0,8520,0.004009519887894702,0.06500244140625,156.53417023690417
100.0,8540,0.003985439793889235,0.065155029296875,156.89224603073671
100.0,8560,0.003961504335425042,0.0653076171875,157.24893587315455
100.0,8580,0.003937712643199656,0.065460205078125,157.61068270308897
100.0,8600,0.003914063853156342,0.06561279296875,157.97346210898831
100.0,8620,0.003890557106451314,0.065765380859375,158.33745673205703
100.0,8640,0.0038671915494209994,0.06591796875,158.70017883973196
100.0,8660,0.0038439663335507156,0.066070556640625,159.06637052819133
100.0,8680,0.0038208806154418316,0.06622314453125,159.4303332469426
100.0,8700,0.0037979335567830913,0.066375732421875,159.79768247297034
100.0,8720,0.0037751243243140517,0.0665283203125,160.16150883585215
100.0,8740,0.003752452089799514,0.066680908203125,160.52777782874182
100.0,8760,0.0037299160299960675,0.06683349609375,160.88479404896498
100.0,8780,0.0037075153266202775,0.066986083984375,161.24406090704724
100.0,8800,0.0036852491663201177,0.067138671875,161.60046703880653
100.0,8820,0.003663116740645448,0.067291259765625,161.9577215258032
100.0,8840,0.0036411172460145903,0.06744384765625,162.31446715490893
100.0,8860,0.0036192498836891225,0.067596435546875,162.67278133518994
100.0,8880,0.0035975138597404547,0.0677490234375,163.0291759017855
100.0,8900,0.0035759083850196,0.067901611328125,163.38830458000302
100.0,8920,0.0035544326751340925,0.06805419921875,163.74444481777027
100.0,8940,0.0035330859504117676,0.068206787109375,164.1036673951894
100.0,8960,0.0035118674358772996,0.068359375,164.46009817207232
100.0,8980,0.0034907763612195904,0.068511962890625,164.81991542410105
100.0,9000,0.0034698119607651542,0.06866455078125,165.17681497382
100.0,9020,0.0034489734734504934,0.068817138671875,165.5359843680635
100.0,9040,0.0034282601427939405,0.0689697265625,165.89405814791098
100.0,9060,0.0034076712168642316,0.069122314453125,166.25207777507603
100.0,9080,0.003387205948259767,0.06927490234375,166.6087053809315
100.0,9100,0.003366863594071247,0.069427490234375,166.9669756819494
100.0,9120,0.0033466434158668417,0.069580078125,167.32411082508042
100.0,9140,0.003326544679651902,0.069732666015625,167.68431944400072
100.0,9160,0.0033065666558530844,0.06988525390625,168.04190293187276
100.0,9180,0.0032867086192833817,0.070037841796875,168.40147991478443
100.0,9200,0.003266969849119527,0.0701904296875,168.7576759099029
100.0,9220,0.0032473496288749864,0.070343017578125,169.11621738178656
100.0,9240,0.0032278472463739974,0.07049560546875,169.47384861577302
100.0,9260,0.003208461993725213,0.070648193359375,169.83362124674022
100.0,9280,0.0031891931672917056,0.07080078125,170.19039070792496
100.0,9300,0.0031700400676729183,0.070953369140625,170.54998658690602
100.0,9320,0.0031510019996738073,0.07110595703125,170.90652754483745
100.0,9340,0.00313207827227792,0.071258544921875,171.26654687477276
100.0,9360,0.0031132681986293636,0.0714111328125,171.6267303400673
100.0,9380,0.0030945710959973606,0.071563720703125,171.9884308660403
100.0,9400,0.003075986285760577,0.07171630859375,172.34825831186026
100.0,9420,0.0030575130933772525,0.071868896484375,172.70706171402708
100.0,9440,0.0030391508483609757,0.072021484375,173.06333364313468
100.0,9460,0.0030208988842582896,0.072174072265625,173.42240370018408
100.0,9480,0.003002756538621251,0.07232666015625,173.7808468779549
100.0,9500,0.002984723152985827,0.072479248046875,174.142475574743
100.0,9520,0.0029667980728468346,0.0726318359375,174.50152685679495
100.0,9540,0.0029489806476336467,0.072784423828125,174.86244851490483
100.0,9560,0.0029312702306864918,0.07293701171875,175.22253378480673
100.0,9580,0.002913666179234675,0.073089599609375,175.58485830714926
100.0,9600,0.002896167854368869,0.0732421875,175.942122397013
100.0,9620,0.002878774621022075,0.073394775390625,176.30181446811184
100.0,9640,0.0028614858479449556,0.07354736328125,176.66042898083106
100.0,9660,0.0028443009076831428,0.073699951171875,177.0201067221351
100.0,9680,0.0028272191765506566,0.0738525390625,177.3763931998983
100.0,9700,0.002810240034613842,0.074005126953125,177.7354244249873
100.0,9720,0.002793362865664578,0.07415771484375,178.09193392889574
100.0,9740,0.0027765870571958054,0.074310302734375,178.45233203889802
100.0,9760,0.0027599120003849024,0.074462890625,178.808520632796
100.0,9780,0.0027433370900674966,0.074615478515625,179.16692436579615
100.0,9800,0.002726861724714822,0.07476806640625,179.5245212931186
100.0,9820,0.0027104853064156176,0.074920654296875,179.88611158775166
100.0,9840,0.0026942072408496854,0.0750732421875,180.24590280512348
100.0,9860,0.002678026937270376,0.075225830078125,180.6065620528534
100.0,9880,0.002661943808478868,0.07537841796875,180.96409267792478
100.0,9900,0.002645957270808384,0.075531005859375,181.3220337368548
100.0,9920,0.0026300667440963005,0.07568359375,181.6788035677746
100.0,9940,0.0026142716516685356,0.075836181640625,182.03794182883576
100.0,9960,0.0025985714203164384,0.07598876953125,182.39594631502405
100.0,9980,0.002582965480273572,0.076141357421875,182.7550525921397
100.0,10000,0.0025674532651986837,0.0762939453125,183.11242444999516
100.0,10020,0.002552034212154735,0.076446533203125,183.48258295003325
100.0,10040,0.0025367077615851574,0.07659912109375,183.83981081983075
100.0,10060,0.00252147335729642,0.076751708984375,184.19993756711483
100.0,10080,0.0025063304464379567,0.076904296875,184.55723554315045
100.0,10100,0.0024912784794796864,0.077056884765625,184.915687372908
100.0,10120,0.0024763169101942512,0.07720947265625,185.27238256204873
100.0,10140,0.002461445195635,0.077362060546875,185.6305194790475
100.0,10160,0.002446662796119433,0.0775146484375,185.9878942510113
100.0,10180,0.0024319691752061378,0.077667236328125,186.34698451589793
100.0,10200,0.002417363799676444,0.07781982421875,186.70376352081075
100.0,10220,0.0024028461395173297,0.077972412109375,187.06296271504834
100.0,10240,0.002388415667898715,0.078125,187.42127075698227
100.0,10260,0.002374071861155344,0.078277587890625,187.7842877600342
100.0,10280,0.0023598141987682154,0.07843017578125,188.14476056210697
100.0,10300,0.002345642163348252,0.078582763671875,188.5059827119112
100.0,10320,0.002331555240609948,0.0787353515625,188.8631638479419
100.0,10340,0.002317552919361773,0.078887939453125,189.22893539909273
100.0,10360,0.0023036346914810245,0.07904052734375,189.59304224606603
100.0,10380,0.0022898000518988843,0.079193115234375,189.95886396616697
100.0,10400,0.002276048498579309,0.079345703125,190.3203309820965
100.0,10420,0.0022623795325039868,0.079498291015625,190.68516715010628
100.0,10440,0.0022487926576517346,0.07965087890625,191.04290383774787
100.0,10460,0.002235287380980293,0.079803466796875,191.40283428598195
100.0,10480,0.002221863212411308,0.0799560546875,191.7590945288539
100.0,10500,0.002208519664809527,0.080108642578125,192.1177483848296
100.0,10520,0.0021952562539649108,0.08026123046875,192.4746534228325
100.0,10540,0.0021820724985792,0.080413818359375,192.8335850299336
100.0,10560,0.0021689679202413215,0.08056640625,193.19043865706772
100.0,10580,0.0021559420434182053,0.080718994140625,193.5503426590003
100.0,10600,0.002142994395431621,0.08087158203125,193.90685625886545
100.0,10620,0.0021301245064419615,0.081024169921875,194.26467297691852
100.0,10640,0.002117331909433165,0.0811767578125,194.6203894740902
100.0,10660,0.002104616140194435,0.081329345703125,194.9783284687437
100.0,10680,0.00209197673730425,0.08148193359375,195.3342319028452
100.0,10700,0.0020794132421111857,0.081634521484375,195.69242102093995
100.0,10720,0.0020669251987199657,0.081787109375,196.04870277410373
100.0,10740,0.00205451215397303,0.081939697265625,196.4079388389364
100.0,10760,0.0020421736574370436,0.08209228515625,196.76360928174108
100.0,10780,0.0020299092613823575,0.082244873046875,197.12170628504828
100.0,10800,0.0020177185207693295,0.0823974609375,197.4776227059774
100.0,10820,0.0020056009932320697,0.082550048828125,197.83649877691641
100.0,10840,0.0019935562390604148,0.08270263671875,198.1922802431509
100.0,10860,0.0019815838211884183,0.082855224609375,198.55059774778783
100.0,10880,0.0019696833051721756,0.0830078125,198.90732740517706
100.0,10900,0.001957854259179291,0.083160400390625,199.26619561575353
100.0,10920,0.00194609625397141,0.08331298828125,199.62149253673851
100.0,10940,0.0019344088628877485,0.083465576171875,199.97970996517688
100.0,10960,0.0019227916618303304,0.0836181640625,200.33617494814098
100.0,10980,0.001911244229249343,0.083770751953125,200.69503086199984
100.0,11000,0.0018997661461254783,0.08392333984375,201.05074812890962
100.0,11020,0.0018883569959586,0.084075927734375,201.4086007270962
100.0,11040,0.0018770163647493533,0.084228515625,201.7648284751922
100.0,11060,0.001865743840983479,0.084381103515625,202.12241679988801
100.0,11080,0.0018545390156219205,0.08453369140625,202.47882433375344
100.0,11100,0.0018434014820790184,0.084686279296875,202.83925560908392
100.0,11120,0.0018323308362140805,0.0848388671875,203.1985462787561
100.0,11140,0.0018213266763109327,0.084991455078125,203.560703902971
100.0,11160,0.001810388603070083,0.08514404296875,203.92030587000772
100.0,11180,0.001799516219586819,0.085296630859375,204.2818580227904
100.0,11200,0.0017887091313432218,0.08544921875,204.64131268812343
100.0,11220,0.0017779669461885736,0.085601806640625,205.0034365649335
100.0,11240,0.0017672892743311364,0.08575439453125,205.36523573612794
100.0,11260,0.0017566757283153578,0.085906982421875,205.7278977818787
100.0,11280,0.0017461259230168045,0.0860595703125,206.0879062260501
100.0,11300,0.001735639475623044,0.086212158203125,206.45106016704813
100.0,11320,0.0017252160056214242,0.08636474609375,206.8143401797861
100.0,11340,0.0017148551347842135,0.086517333984375,207.17707726778463
100.0,11360,0.0017045564871557932,0.086669921875,207.5339973657392
100.0,11380,0.0016943196890381004,0.086822509765625,207.89277210785076
100.0,11400,0.0016841443689778427,0.08697509765625,208.24991773581132
100.0,11420,0.0016740301577531167,0.087127685546875,208.60938426712528
100.0,11440,0.0016639766883602572,0.0872802734375,208.9709835741669
100.0,11460,0.0016539835959982862,0.087432861328125,209.33431275514886
100.0,11480,0.0016440505180592502,0.08758544921875,209.6943701170385
100.0,11500,0.0016341770941113577,0.087738037109375,210.05515024019405
100.0,11520,0.0016243629658873168,0.087890625,210.41658891690895
100.0,11540,0.00161460777727505,0.088043212890625,210.78025560081005
100.0,11560,0.0016049111742973876,0.08819580078125,211.1398952798918
100.0,11580,0.0015952728051059663,0.088348388671875,211.50298323016614
100.0,11600,0.0015856923199644964,0.0885009765625,211.8645324781537
100.0,11620,0.0015761693712356484,0.088653564453125,212.2247650809586
100.0,11640,0.0015667036133744248,0.08880615234375,212.58370939502493
100.0,11660,0.0015572947029074825,0.088958740234375,212.94195120688528
100.0,11680,0.0015479422984259342,0.089111328125,213.29901557276025
100.0,11700,0.0015386460605698224,0.089263916015625,213.66012085182592
100.0,11720,0.001529405652020552,0.08941650390625,214.01688633812591
100.0,11740,0.0015202207374826228,0.089569091796875,214.37613207707182
100.0,11760,0.0015110909836745273,0.0897216796875,214.732826765161
100.0,11780,0.001502016059319431,0.089874267578125,215.09320792090148
100.0,11800,0.0014929956351268617,0.09002685546875,215.44976268801838
100.0,11820,0.0014840293837853806,0.090179443359375,215.80832678219303
100.0,11840,0.0014751169799496055,0.09033203125,216.16448851907626
100.0,11860,0.001466258100228838,0.090484619140625,216.5231555341743
100.0,11880,0.001457452423171497,0.09063720703125,216.87950481800362
100.0,11900,0.0014486996292615868,0.090789794921875,217.23825548775494
100.0,11920,0.0014399994008979077,0.0909423828125,217.59541578497738
100.0,11940,0.00143135142238948,0.091094970703125,217.95611102180555
100.0,11960,0.0014227553799392707,0.09124755859375,218.31249335315078
100.0,11980,0.0014142109616364753,0.091400146484375,218.6707816668786
100.0,12000,0.0014057178574431435,0.091552734375,219.02688641706482
100.0,12020,0.0013972757591839237,0.091705322265625,219.38637562887743
100.0,12040,0.0013888843605324623,0.09185791015625,219.74366294080392
100.0,12060,0.001380543357005337,0.092010498046875,220.10170567873865
100.0,12080,0.0013722524459445354,0.0921630859375,220.45706411497667
100.0,12100,0.001364011326512566,0.092315673828125,220.8172669657506
100.0,12120,0.0013558196996767225,0.09246826171875,221.17435704683885
100.0,12140,0.0013476772682017573,0.092620849609375,221.53173180902377
100.0,12160,0.0013395837366365212,0.0927734375,221.88777845911682
100.0,12180,0.0013315388113056192,0.092926025390625,222.2469226680696
100.0,12200,0.0013235422002949697,0.09307861328125,222.60368531011045
100.0,12220,0.001315593613447157,0.093231201171875,222.9632601197809
100.0,12240,0.0013076927623450183,0.0933837890625,223.32060911599547
100.0,12260,0.0012998393603036314,0.093536376953125,223.680230230093
100.0,12280,0.0012920331223607985,0.09368896484375,224.03929398907349
100.0,12300,0.001284273765266185,0.093841552734375,224.40115745784715
100.0,12320,0.0012765610074699557,0.093994140625,224.76198993390426
100.0,12340,0.0012688945691115374,0.094146728515625,225.12589221075177
100.0,12360,0.0012612741720149305,0.09429931640625,225.48569609504193
100.0,12380,0.0012536995396716037,0.094451904296875,225.848290998023
100.0,12400,0.0012461703972352065,0.0946044921875,226.2095294301398
100.0,12420,0.0012386864715093675,0.094757080078125,226.57441234216094
100.0,12440,0.0012312474909393053,0.09490966796875,226.93746916903183
100.0,12460,0.0012238531856003149,0.095062255859375,227.30136266397312
100.0,12480,0.001216503287190432,0.09521484375,227.66333493310958
100.0,12500,0.0012091975290161564,0.095367431640625,228.02535206312314
100.0,12520,0.0012019356459881446,0.09552001953125,228.38238336378708
100.0,12540,0.0011947173746093978,0.095672607421875,228.7431857381016
100.0,12560,0.001187542452963792,0.0958251953125,229.10085343196988
100.0,12580,0.0011804106207081873,0.095977783203125,229.4619899140671
100.0,12600,0.0011733216190650774,0.09613037109375,229.82041022973135
100.0,12620,0.0011662751908082748,0.096282958984375,230.17960543883964
100.0,12640,0.0011592710802602786,0.096435546875,230.5366962510161
100.0,12660,0.001152309033274529,0.096588134765625,230.8981043859385
100.0,12680,0.0011453887972347496,0.09674072265625,231.2559089991264
100.0,12700,0.0011385101210394475,0.096893310546875,231.61580937495455
100.0,12720,0.0011316727550965792,0.0970458984375,231.97302193380892
100.0,12740,0.0011248764513127083,0.097198486328125,232.33301290497184
100.0,12760,0.0011181209630835253,0.09735107421875,232.69130645692348
100.0,12780,0.0011114060452867038,0.097503662109375,233.0508847120218
100.0,12800,0.001104731454272126,0.09765625,233.40972659597173
100.0,12820,0.0010980969478520972,0.097808837890625,233.76957453088835
100.0,12840,0.0010915022852952586,0.09796142578125,234.1264941780828
100.0,12860,0.0010849472273140564,0.098114013671875,234.48570739198476
100.0,12880,0.0010784315360587273,0.0982666015625,234.84281954402104
100.0,12900,0.0010719549751092908,0.098419189453125,235.20332547090948
100.0,12920,0.00106551730946227,0.09857177734375,235.56097505008802
100.0,12940,0.0010591183055298744,0.098724365234375,235.92051726486534
100.0,12960,0.001052757731124766,0.098876953125,236.27753601782024
100.0,12980,0.0010464353554536642,0.099029541015625,236.63689429080114
100.0,13000,0.001040150949110124,0.09918212890625,236.99379830714315
100.0,13020,0.001033904284065765,0.099334716796875,237.35221494780853
100.0,13040,0.0010276951336622383,0.0994873046875,237.70831157593057
100.0,13060,0.0010215232726001726,0.099639892578125,238.06766609381884
100.0,13080,0.0010153884769351772,0.09979248046875,238.42528993682936
100.0,13100,0.0010092905240682993,0.099945068359375,238.78548848303035
100.0,13120,0.001003229192735338,0.10009765625,239.14465435175225
100.0,13140,0.0009972042630015995,0.100250244140625,239.50605615787208
100.0,13160,0.000991215516256843,0.10040283203125,239.8646845598705
100.0,13180,0.0009852627351969213,0.100555419921875,240.224238590803
100.0,13200,0.000979345703829116,0.1007080078125,240.587867483031
100.0,13220,0.000973464207453645,0.100860595703125,240.95561224082485
100.0,13240,0.0009676180326634889,0.10101318359375,241.3207147149369
100.0,13260,0.0009618069673309849,0.101165771484375,241.68721024878323
100.0,13280,0.0009560308006021487,0.101318359375,242.05774788884446
100.0,13300,0.0009502893228913041,0.101470947265625,242.43084017373621
100.0,13320,0.0009445823258712511,0.10162353515625,242.79570488119498
100.0,13340,0.0009389096024640782,0.101776123046875,243.161085865926
100.0,13360,0.0009332709468358136,0.1019287109375,243.52788655878976
100.0,13380,0.0009276661543914834,0.102081298828125,243.89197753509507
100.0,13400,0.0009220950217608605,0.10223388671875,244.24961990397424
100.0,13420,0.0009165573467982195,0.102386474609375,244.6084801130928
100.0,13440,0.0009110529285707484,0.1025390625,244.96700376085937
100.0,13460,0.0009055815673526879,0.102691650390625,245.3281571068801
100.0,13480,0.0009001430646167113,0.10284423828125,245.68592266505584
100.0,13500,0.0008947372230288,0.102996826171875,246.04482855694368
100.0,13520,0.0008893638464391417,0.1031494140625,246.400359028019
100.0,13540,0.0008840227398783413,0.103302001953125,246.75915160495788
100.0,13560,0.0008787137095445752,0.10345458984375,247.11727538518608
100.0,13580,0.0008734365628020665,0.103607177734375,247.47557900007814
100.0,13600,0.0008681911081716321,0.103759765625,247.83359001483768
100.0,13620,0.0008629771553231779,0.103912353515625,248.19360971497372
100.0,13640,0.0008577945150713572,0.10406494140625,248.55114812217653
100.0,13660,0.0008526429993646291,0.104217529296875,248.91033085389063
100.0,13680,0.0008475224212831367,0.1043701171875,249.26735346205533
100.0,13700,0.0008424325950297345,0.104522705078125,249.6252478370443
100.0,13720,0.0008373733359195488,0.10467529296875,249.98328865179792
100.0,13740,0.0008323444603814015,0.104827880859375,250.3424899801612
100.0,13760,0.0008273457859434912,0.10498046875,250.69962138775736
100.0,13780,0.0008223771312315046,0.105133056640625,251.06175313610584
100.0,13800,0.0008174383159604692,0.10528564453125,251.4189577838406
100.0,13820,0.0008125291609253249,0.105438232421875,251.78687839303166
100.0,13840,0.0008076494880017999,0.1055908203125,252.15432258881629
100.0,13860,0.0008027991201312132,0.105743408203125,252.52663350198418
100.0,13880,0.0007979778813219305,0.10589599609375,252.89743122877553
100.0,13900,0.0007931855966355549,0.106048583984375,253.2687563491054
100.0,13920,0.0007884220921875599,0.106201171875,253.6363656311296
100.0,13940,0.000783687195135679,0.106353759765625,254.0091752880253
100.0,13960,0.0007789807336755482,0.10650634765625,254.37757608573884
100.0,13980,0.0007743025370367577,0.106658935546875,254.7483256268315
100.0,14000,0.0007696524354721686,0.1068115234375,255.11871805693954
100.0,14020,0.0007650302602555278,0.106964111328125,255.4905895269476
100.0,14040,0.000760435843672878,0.10711669921875,255.84824162907898
100.0,14060,0.0007558690190181215,0.107269287109375,256.207057707943
100.0,14080,0.0007513296205860631,0.107421875,256.56456084595993
100.0,14100,0.0007468174836678412,0.107574462890625,256.9242288940586
100.0,14120,0.000742332444540645,0.10772705078125,257.281277297996
100.0,14140,0.0007378743404688288,0.107879638671875,257.64027289301157
100.0,14160,0.0007334430096924365,0.1080322265625,257.998801398091
100.0,14180,0.000729038291421624,0.108184814453125,258.3603866859339
100.0,14200,0.0007246600258334881,0.10833740234375,258.71886341879144
100.0,14220,0.0007203080540657831,0.108489990234375,259.07921421388164
100.0,14240,0.0007159822182083009,0.108642578125,259.43621982913464
100.0,14260,0.0007116823613011573,0.108795166015625,259.7971132681705
100.0,14280,0.000707408327325653,0.10894775390625,260.15560693480074
100.0,14300,0.000703159961201379,0.109100341796875,260.5176881640218
100.0,14320,0.0006989371087780892,0.1092529296875,260.8744960469194
100.0,14340,0.0006947396168325278,0.109405517578125,261.233026875183
100.0,14360,0.000690567333059238,0.10955810546875,261.59148883773014
100.0,14380,0.0006864201060709971,0.109710693359375,261.9516340410337
100.0,14400,0.0006822977853866573,0.10986328125,262.31021702010185
100.0,14420,0.0006782002214303369,0.110015869140625,262.67010673182085
100.0,14440,0.0006741272655243739,0.11016845703125,263.02621177211404
100.0,14460,0.0006700787698841395,0.110321044921875,263.38481324585155
100.0,14480,0.0006660545876117931,0.1104736328125,263.7416325560771
100.0,14500,0.000662054572690917,0.110626220703125,264.10148629918694
100.0,14520,0.0006580785799853449,0.11077880859375,264.4593192790635
100.0,14540,0.0006541264652270145,0.110931396484375,264.81946580298245
100.0,14560,0.0006501980850157796,0.111083984375,265.1763648521155
100.0,14580,0.0006462932968140112,0.111236572265625,265.5356060047634
100.0,14600,0.0006424119589363331,0.11138916015625,265.8927250849083
100.0,14620,0.0006385539305523456,0.111541748046875,266.2521711187437
100.0,14640,0.000634719071674656,0.1116943359375,266.60939243994653
100.0,14660,0.0006309072431583864,0.111846923828125,266.97085352800786
100.0,14680,0.0006271183066934372,0.11199951171875,267.3293457417749
100.0,14700,0.0006233521248003615,0.112152099609375,267.6902786460705
100.0,14720,0.0006196085608248174,0.1123046875,268.0469808150083
100.0,14740,0.000615887478934405,0.112457275390625,268.4057167740539
100.0,14760,0.0006121887441128513,0.11260986328125,268.76436989894137
100.0,14780,0.0006085122221518978,0.112762451171875,269.12332516908646
100.0,14800,0.0006048577796518828,0.1129150390625,269.48222789680585
100.0,14820,0.0006012252840138511,0.113067626953125,269.842828494031
100.0,14840,0.000597614603434842,0.11322021484375,270.1987322079949
100.0,14860,0.0005940256069025012,0.113372802734375,270.5582096441649
100.0,14880,0.0005904581641937019,0.113525390625,270.9150517247617
100.0,14900,0.0005869121458652511,0.113677978515625,271.27346907695755
100.0,14920,0.000583387423252442,0.11383056640625,271.6305845831521
100.0,14940,0.0005798838684619713,0.113983154296875,271.989328653086
100.0,14960,0.000576401354371018,0.1141357421875,272.34520079381764
100.0,14980,0.0005729397546165713,0.114288330078125,272.7070241877809
100.0,15000,0.000569498943599085,0.11444091796875,273.064590993803
100.0,15020,0.0005660787964693222,0.114593505859375,273.43689783103764
100.0,15040,0.0005626791891298933,0.11474609375,273.79276901995763
100.0,15060,0.0005592999982279156,0.114898681640625,274.15113141573966
100.0,15080,0.0005559411011514207,0.11505126953125,274.5089217177592
100.0,15100,0.0005526023760250271,0.115203857421875,274.8667953237891
100.0,15120,0.0005492837017065589,0.1153564453125,275.22470580087975
100.0,15140,0.0005459849577776093,0.115509033203125,275.58577692275867
100.0,15160,0.0005427060245474837,0.11566162109375,275.9443425089121
100.0,15180,0.0005394467830407534,0.115814208984375,276.3049600091763
100.0,15200,0.0005362071149995335,0.115966796875,276.66082683205605
100.0,15220,0.0005329869028727631,0.116119384765625,277.01988098816946
100.0,15240,0.0005297860298184795,0.11627197265625,277.37943054316565
100.0,15260,0.0005266043796941769,0.116424560546875,277.73904993385077
100.0,15280,0.0005234418370558623,0.1165771484375,278.09593224991113
100.0,15300,0.0005202982871539224,0.116729736328125,278.4572126897983
100.0,15320,0.0005171736159252442,0.11688232421875,278.8138899449259
100.0,15340,0.0005140677099939302,0.117034912109375,279.1729059079662
100.0,15360,0.000510980456663641,0.1171875,279.5294186878018
100.0,15380,0.0005079117439164626,0.117340087890625,279.88829194474965
100.0,15400,0.0005048614604058637,0.11749267578125,280.24532794207335
100.0,15420,0.0005018294954534693,0.117645263671875,280.6039969390258
100.0,15440,0.0004988157390471197,0.1177978515625,280.96127716079354
100.0,15460,0.0004958200818349073,0.117950439453125,281.32042455486953
100.0,15480,0.0004928424151211142,0.11810302734375,281.67699579382315
100.0,15500,0.000489882630862367,0.118255615234375,282.0348689900711
100.0,15520,0.00048694062166689293,0.118408203125,282.3906422541477
100.0,15540,0.00048401628078460497,0.118560791015625,282.7494047698565
100.0,15560,0.0004811095021069211,0.11871337890625,283.1054034838453
100.0,15580,0.0004782201801649784,0.118865966796875,283.4638249510899
100.0,15600,0.0004753482101203509,0.1190185546875,283.8205553791486
100.0,15620,0.000472493487766754,0.119171142578125,284.1787045127712
100.0,15640,0.00046965590952249457,0.11932373046875,284.53498679585755
100.0,15660,0.0004668353724261804,0.119476318359375,284.89408951904625
100.0,15680,0.0004640317741384657,0.11962890625,285.2504973639734
100.0,15700,0.00046124501293251323,0.119781494140625,285.60974977118894
100.0,15720,0.00045847498769193025,0.11993408203125,285.9657173929736
100.0,15740,0.0004557215979090108,0.120086669921875,286.3241586070508
100.0,15760,0.000452984743678482,0.1202392578125,286.68060941109434
100.0,15780,0.0004502643256950223,0.120391845703125,287.04033737210557
100.0,15800,0.0004475602452511084,0.12054443359375,287.396757112816
100.0,15820,0.0004448724042310381,0.120697021484375,287.7564101400785
100.0,15840,0.00044220070510690273,0.120849609375,288.1145868720487
100.0,15860,0.00043954505093988513,0.121002197265625,288.4747979948297
100.0,15880,0.0004369053453694965,0.12115478515625,288.83323264075443
100.0,15900,0.00043428149261780984,0.121307373046875,289.1923973481171
100.0,15920,0.0004316733974800282,0.1214599609375,289.55141721712425
100.0,15940,0.00042908096532129504,0.121612548828125,289.91202982096
100.0,15960,0.000426504102079208,0.12176513671875,290.2696065190248
100.0,15980,0.00042394271425302924,0.121917724609375,290.628623674158
100.0,16000,0.00042139670890512757,0.1220703125,290.98565358296037
100.0,16020,0.00041886599365516166,0.122222900390625,291.3455143151805
100.0,16040,0.0004163504766772833,0.12237548828125,291.70293544977903
100.0,16060,0.00041385006669855315,0.122528076171875,292.0637930701487
100.0,16080,0.00041136467299473167,0.1226806640625,292.4223126019351
100.0,16100,0.0004088942053825911,0.122833251953125,292.78418815881014
100.0,16120,0.0004064385742242477,0.12298583984375,293.14353500586003
100.0,16140,0.00040399769041874736,0.123138427734375,293.5039024227299
100.0,16160,0.0004015714654005391,0.123291015625,293.8609409639612
100.0,16180,0.0003991598111352739,0.123443603515625,294.22088651219383
100.0,16200,0.0003967626401187881,0.12359619140625,294.57752543408424
100.0,16220,0.0003943798653700015,0.123748779296875,294.9372191680595
100.0,16240,0.00039201140043342383,0.1239013671875,295.29647325817496
100.0,16260,0.00038965715936991187,0.124053955078125,295.6581267891452
100.0,16280,0.00038731705675734425,0.12420654296875,296.01826527295634
100.0,16300,0.00038499100768721713,0.124359130859375,296.37784336693585
100.0,16320,0.0003826789277616153,0.12451171875,296.7344744177535
100.0,16340,0.00038038073308596806,0.124664306640625,297.0963379777968
100.0,16360,0.0003780963402743948,0.12481689453125,297.4536854531616
100.0,16380,0.0003758256664380384,0.124969482421875,297.8150063981302
100.0,16400,0.00037356862918685194,0.1251220703125,298.17334394110367
100.0,16420,0.00037132514662679527,0.125274658203125,298.53378214500844
100.0,16440,0.00036909513735555326,0.12542724609375,298.8909762487747
100.0,16460,0.0003668785204560603,0.125579833984375,299.2508659120649
100.0,16480,0.00036467521550244804,0.125732421875,299.61095334915444
100.0,16500,0.0003624851425494922,0.125885009765625,299.971036599949
100.0,16520,0.0003603082221306318,0.12603759765625,300.32718143379316
100.0,16540,0.000358144375258835,0.126190185546875,300.68542233575135
100.0,16560,0.0003559935234197963,0.1263427734375,301.0417454550043
100.0,16580,0.00035385558857271355,0.126495361328125,301.4001436228864
100.0,16600,0.00035173049314211804,0.12664794921875,301.75724687380716
100.0,16620,0.00034961816002269654,0.126800537109375,302.1166015639901
100.0,16640,0.00034751851256912945,0.126953125,302.4746821359731
100.0,16660,0.00034543147459735907,0.127105712890625,302.83538404712453
100.0,16680,0.0003433569703802101,0.12725830078125,303.19405279587954
100.0,16700,0.00034129492464629005,0.127410888671875,303.5527278841473
100.0,16720,0.0003392452625767083,0.1275634765625,303.9095192258246
100.0,16740,0.0003372079097993339,0.127716064453125,304.2692119809799
100.0,16760,0.0003351827923910418,0.12786865234375,304.62639844510704
100.0,16780,0.0003331698368725493,0.128021240234375,304.98640943691134
100.0,16800,0.0003311689702051623,0.128173828125,305.34240605775267
100.0,16820,0.0003291801197875963,0.128326416015625,305.70144829992205
100.0,16840,0.0003272032134575242,0.12847900390625,306.05748145189136
100.0,16860,0.00032523817948396783,0.128631591796875,306.4155719769187
100.0,16880,0.00032328494656660235,0.1287841796875,306.7715993607417
100.0,16900,0.00032134344383420206,0.128936767578125,307.129903499037
100.0,16920,0.00031941360084123023,0.12908935546875,307.4934460390359
100.0,16940,0.0003174953475643754,0.129241943359375,307.8544227569364
100.0,16960,0.00031558861440152364,0.12939453125,308.2128821089864
100.0,16980,0.00031369333216731257,0.129547119140625,308.57350279716775
100.0,17000,0.000311809432094594,0.12969970703125,308.9315188610926
100.0,17020,0.0003099368458257336,0.129852294921875,309.293515258003
100.0,17040,0.00030807550541714763,0.1300048828125,309.65651246905327
100.0,17060,0.0003062253433295063,0.130157470703125,310.01761826407164
100.0,17080,0.000304386292432381,0.13031005859375,310.3744926401414
100.0,17100,0.000302558285997358,0.130462646484375,310.73549997992814
100.0,17120,0.00030074125769650247,0.130615234375,311.09422544715926
100.0,17140,0.0002989351415988136,0.130767822265625,311.4555879239924
100.0,17160,0.0002971398721732903,0.13092041015625,311.81387161510065
100.0,17180,0.0002953553842787598,0.131072998046875,312.17530989600345
100.0,17200,0.0002935816131656519,0.1312255859375,312.53467481117696
100.0,17220,0.00029181849447536593,0.131378173828125,312.89674027310684
100.0,17240,0.00029006596423349757,0.13153076171875,313.2545819268562
100.0,17260,0.0002883239588516085,0.131683349609375,313.6165517079644
100.0,17280,0.00028659241512172433,0.1318359375,313.97657575597987
100.0,17300,0.00028487127021652176,0.131988525390625,314.33731806185097
100.0,17320,0.00028316046168542954,0.13214111328125,314.69518540101126
100.0,17340,0.0002814599274529805,0.132293701171875,315.05661001382396
100.0,17360,0.00027976960581731957,0.1324462890625,315.414893114008
100.0,17380,0.00027808943544497465,0.132598876953125,315.7742443899624
100.0,17400,0.0002764193553739698,0.13275146484375,316.1299347910099
100.0,17420,0.0002747593050050221,0.132904052734375,316.4884109958075
100.0,17440,0.0002731092241061257,0.133056640625,316.84605512814596
100.0,17460,0.0002714690528048044,0.133209228515625,317.2057399530895
100.0,17480,0.0002698387315877555,0.13336181640625,317.5636483877897
100.0,17500,0.0002682182013013416,0.133514404296875,317.9238557498902
100.0,17520,0.0002666074031454266,0.1336669921875,318.28256833879277
100.0,17540,0.00026500627867314503,0.133819580078125,318.6413653739728
100.0,17560,0.00026341476978902946,0.13397216796875,318.9985150578432
100.0,17580,0.000261832818746947,0.134124755859375,319.35638588201255
100.0,17600,0.0002602603681458293,0.13427734375,319.7137408978306
100.0,17620,0.00025869736093276,0.134429931640625,320.07221541088074
100.0,17640,0.0002571437403928736,0.13458251953125,320.4288591700606
100.0,17660,0.00025559945015501495,0.134735107421875,320.78953107912093
100.0,17680,0.00025406443418733813,0.1348876953125,321.14779471280053
100.0,17700,0.00025253863679047583,0.135040283203125,321.5100358258933
100.0,17720,0.00025102200260319684,0.13519287109375,321.86700642388314
100.0,17740,0.0002495144765969919,0.135345458984375,322.2291195220314
100.0,17760,0.0002480160040703166,0.135498046875,322.59020114317536
100.0,17780,0.0002465265306529263,0.135650634765625,322.95248714787886
100.0,17800,0.0002450460023017534,0.13580322265625,323.30992479715496
100.0,17820,0.00024357436529434906,0.135955810546875,323.6701213940978
100.0,17840,0.00024211156623581438,0.1361083984375,324.02979730581865
100.0,17860,0.00024065755204903555,0.136260986328125,324.3903061710298
100.0,17880,0.00023921226997529644,0.13641357421875,324.74974364601076
100.0,17900,0.00023777566757499758,0.136566162109375,325.110372915864
100.0,17920,0.00023634769272189607,0.13671875,325.4726781081408
100.0,17940,0.00023492829360219027,0.136871337890625,325.838739015162
100.0,17960,0.00023351741871508315,0.13702392578125,326.2007823968306
100.0,17980,0.0002321150168677019,0.137176513671875,326.56070896284655
100.0,18000,0.00023072103717432262,0.1373291015625,326.91677724197507
100.0,18020,0.00022933542905657613,0.137481689453125,327.2758865561336
100.0,18040,0.00022795814223839617,0.13763427734375,327.6324142557569
100.0,18060,0.0002265891267454638,0.137786865234375,327.99239685898647
100.0,18080,0.00022522833290578056,0.137939453125,328.35011778678745
100.0,18100,0.00022387571134168755,0.138092041015625,328.70936424005777
100.0,18120,0.000222531212975622,0.13824462890625,329.0663134488277
100.0,18140,0.00022119478902422166,0.138397216796875,329.426698863972
100.0,18160,0.00021986639099524913,0.1385498046875,329.785093577113
100.0,18180,0.00021854597068882026,0.138702392578125,330.1434838338755
100.0,18200,0.0002172334801962141,0.13885498046875,330.50068481918424
100.0,18220,0.0002159288718920444,0.139007568359375,330.8604841697961
100.0,18240,0.00021463209844140902,0.13916015625,331.2177720940672
100.0,18260,0.00021334311279131959,0.139312744140625,331.57603331375867
100.0,18280,0.00021206186817313195,0.13946533203125,331.932569376193
100.0,18300,0.00021078831809720643,0.139617919921875,332.2936824997887
100.0,18320,0.0002095224163519541,0.1397705078125,332.6508851768449
100.0,18340,0.00020826411700806816,0.139923095703125,333.0110315051861
100.0,18360,0.00020701337440658555,0.14007568359375,333.36683078482747
100.0,18380,0.0002057701431674619,0.140228271484375,333.7264857981354
100.0,18400,0.00020453437817982825,0.140380859375,334.08367053000256
100.0,18420,0.00020330603460571854,0.140533447265625,334.4410605840385
100.0,18440,0.00020208506787357833,0.14068603515625,334.79742483980954
100.0,18460,0.00020087143368503573,0.140838623046875,335.1561079691164
100.0,18480,0.00019966508800102999,0.1409912109375,335.51173358084634
100.0,18500,0.00019846598705261796,0.141143798828125,335.87003689818084
100.0,18520,0.00019727408733060645,0.14129638671875,336.2259818078019
100.0,18540,0.00019608934558694623,0.141448974609375,336.58560459688306
100.0,18560,0.00019491171883575533,0.1416015625,336.9415509290993
100.0,18580,0.00019374116434665135,0.141754150390625,337.30112026492134
100.0,18600,0.00019257763964704416,0.14190673828125,337.6574268518016
100.0,18620,0.00019142110252050678,0.142059326171875,338.01567450305447
100.0,18640,0.00019027151100213817,0.1422119140625,338.3722714977339
100.0,18660,0.00018912882337986645,0.142364501953125,338.73354933876544
100.0,18680,0.00018799299819233705,0.14251708984375,339.09239520085976
100.0,18700,0.00018686399422660982,0.142669677734375,339.45316184079275
100.0,18720,0.0001857417705186416,0.142822265625,339.8111344538629
100.0,18740,0.00018462628634795085,0.142974853515625,340.17183306999505
100.0,18760,0.00018351750124214912,0.14312744140625,340.5305625530891
100.0,18780,0.00018241537496905253,0.143280029296875,340.891928344965
100.0,18800,0.00018131986753776872,0.1434326171875,341.25202378211543
100.0,18820,0.00018023093919927537,0.143585205078125,341.61352562112734
100.0,18840,0.00017914855044374515,0.14373779296875,341.97269819211215
100.0,18860,0.00017807266199660178,0.143890380859375,342.3336742981337
100.0,18880,0.00017700323481978041,0.14404296875,342.68957903282717
100.0,18900,0.00017594023011092456,0.144195556640625,343.0481764548458
100.0,18920,0.00017488360929868304,0.14434814453125,343.4065186860971
100.0,18940,0.00017383333404544598,0.144500732421875,343.76594055909663
100.0,18960,0.00017278936624195258,0.1446533203125,344.12492374004796
100.0,18980,0.00017175166800942023,0.144805908203125,344.4893372049555
100.0,19000,0.00017072020169512544,0.14495849609375,344.85197914903983
100.0,19020,0.00016969492987346414,0.145111083984375,345.2133111041039
100.0,19040,0.00016867581534476053,0.145263671875,345.56934338388965
100.0,19060,0.00016766282112835428,0.145416259765625,345.92801294475794
100.0,19080,0.00016665591046962426,0.14556884765625,346.2853035819717
100.0,19100,0.0001656550468349091,0.145721435546875,346.643788759131
100.0,19120,0.00016466019390794166,0.1458740234375,347.0018762908876
100.0,19140,0.00016367131559022146,0.146026611328125,347.36279923515394
100.0,19160,0.00016268837600216769,0.14617919921875,347.7223901897669
100.0,19180,0.00016171133947856815,0.146331787109375,348.0859859427437
100.0,19200,0.00016074017056856986,0.146484375,348.44535435317084
100.0,19220,0.00015977483403397982,0.146636962890625,348.80910107307136
100.0,19240,0.00015881529484747226,0.14678955078125,349.1684499261901
100.0,19260,0.00015786151819427034,0.146942138671875,349.5292533650063
100.0,19280,0.00015691346946599685,0.1470947265625,349.8884621760808
100.0,19300,0.00015597111426536068,0.147247314453125,350.2516339868307
100.0,19320,0.00015503441839803206,0.14739990234375,350.6091332207434
100.0,19340,0.00015410334787622335,0.147552490234375,350.97113493504
100.0,19360,0.00015317786891934959,0.147705078125,351.3320030537434
100.0,19380,0.0001522579479451002,0.147857666015625,351.69264657376334
100.0,19400,0.00015134355157597662,0.14801025390625,352.0507960007526
100.0,19420,0.00015043464663264705,0.148162841796875,352.41088316682726
100.0,19440,0.00014953120013723182,0.1483154296875,352.76903882203624
100.0,19460,0.0001486331793089674,0.148468017578125,353.13119811285287
100.0,19480,0.00014774055156322157,0.14862060546875,353.4872494889423
100.0,19500,0.0001468532845116884,0.148773193359375,353.8476454601623
100.0,19520,0.00014597134596102597,0.14892578125,354.2035941951908
100.0,19540,0.00014509470391135847,0.149078369140625,354.5632720598951
100.0,19560,0.0001442233265528003,0.14923095703125,354.91995758609846
100.0,19580,0.0001433571822698314,0.149383544921875,355.27851522294804
100.0,19600,0.00014249623963458083,0.1495361328125,355.6365448650904
100.0,19620,0.00014164046740738315,0.149688720703125,355.9952190918848
100.0,19640,0.000140789834538543,0.14984130859375,356.35266856709495
100.0,19660,0.00013994431016340096,0.149993896484375,356.71259869774804
100.0,19680,0.00013910386360274074,0.150146484375,357.07020839396864
100.0,19700,0.00013826846436029868,0.150299072265625,357.4291016808711
100.0,19720,0.00013743808212622743,0.15045166015625,357.7860163729638
100.0,19740,0.00013661268676944357,0.150604248046875,358.145345187746
100.0,19760,0.00013579224834231395,0.1507568359375,358.5019528879784
100.0,19780,0.00013497673707453935,0.150909423828125,358.8593120491132
100.0,19800,0.0001341661233772174,0.15106201171875,359.21518596215174
100.0,19820,0.000133360377837113,0.151214599609375,359.57523268274963
100.0,19840,0.00013255947121824737,0.1513671875,359.93268314981833
100.0,19860,0.00013176337446078637,0.151519775390625,360.2902596499771
100.0,19880,0.00013097205867932857,0.15167236328125,360.6460534920916
100.0,19900,0.00013018549516039787,0.151824951171875,361.00442969985306
100.0,19920,0.00012940365536577298,0.1519775390625,361.3602811419405
100.0,19940,0.00012862651092562986,0.152130126953125,361.71979725407436
100.0,19960,0.00012785403364331537,0.15228271484375,362.0753856948577
100.0,19980,0.0001270861954884761,0.152435302734375,362.4333911240101
100.0,20000,0.00012632296860241152,0.152587890625,362.7892504571937
100.0,20020,0.00012556432529075824,0.152740478515625,363.16232423111796
100.0,20040,0.0001248102380268758,0.15289306640625,363.51791701698676
100.0,20060,0.00012406067945025772,0.153045654296875,363.87602453585714
100.0,20080,0.0001233156223632439,0.1531982421875,364.2321509551257
100.0,20100,0.00012257503973206986,0.153350830078125,364.5916931638494
100.0,20120,0.00012183890468450631,0.15350341796875,364.9485421651043
100.0,20140,0.0001211071905116546,0.153656005859375,365.3085481701419
100.0,20160,0.0001203798706633194,0.15380859375,365.6666628587991
100.0,20180,0.0001196569187488441,0.153961181640625,366.0251943501644
100.0,20200,0.00011893830853845616,0.15411376953125,366.38410172611475
100.0,20220,0.00011822401395516867,0.154266357421875,366.74826002214104
100.0,20240,0.00011751400908354566,0.1544189453125,367.10687763104215
100.0,20260,0.00011680826816085436,0.154571533203125,367.4679548861459
100.0,20280,0.00011610676557930452,0.15472412109375,367.82666744617745
100.0,20300,0.00011540947588625054,0.154876708984375,368.1875470201485
100.0,20320,0.00011471637378111355,0.155029296875,368.5478278817609
100.0,20340,0.00011402743411465671,0.155181884765625,368.90888106497005
100.0,20360,0.00011334263189038638,0.15533447265625,369.2693407428451
100.0,20380,0.00011266194225899126,0.155487060546875,369.63117273384705
100.0,20400,0.00011198534052399905,0.1556396484375,369.99160958081484
100.0,20420,0.0001113128021337753,0.155792236328125,370.35061049601063
100.0,20440,0.00011064430268760356,0.15594482421875,370.7060190597549
100.0,20460,0.00010997981792781059,0.156097412109375,371.06612055609
100.0,20480,0.00010931932374525074,0.15625,371.4232635111548
100.0,20500,0.00010866279617434581,0.156402587890625,371.7846488887444
100.0,20520,0.00010801021139391227,0.15655517578125,372.1434447830543
100.0,20540,0.00010736154572280121,0.156707763671875,372.50476536294445
100.0,20560,0.00010671677562879395,0.1568603515625,372.8628083928488
100.0,20580,0.00010607587771412384,0.157012939453125,373.2248128121719
100.0,20600,0.00010543882872543837,0.15716552734375,373.5817093681544
100.0,20620,0.00010480560554710085,0.157318115234375,373.9419633941725
100.0,20640,0.00010417618520331761,0.157470703125,374.2997700390406
100.0,20660,0.00010355054485709873,0.157623291015625,374.6591822691262
100.0,20680,0.00010292866180654983,0.15777587890625,375.01551143685356
100.0,20700,0.00010231051348754242,0.157928466796875,375.37373976176605
100.0,20720,0.00010169607747017654,0.1580810546875,375.7297492399812
100.0,20740,0.00010108533146252115,0.158233642578125,376.08849426405504
100.0,20760,0.00010047825330191426,0.15838623046875,376.4443395580165
100.0,20780,9.987482096096367e-05,0.158538818359375,376.8029794469476
100.0,20800,9.927501254683987e-05,0.15869140625,377.1619415991008
100.0,20820,9.86788062929908e-05,0.158843994140625,377.52158800093457
100.0,20840,9.808618056816003e-05,0.15899658203125,377.8789366479032
100.0,20860,9.749711386996214e-05,0.159149169921875,378.2373086800799
100.0,20880,9.69115848244209e-05,0.1593017578125,378.5939351459965
100.0,20900,9.632957218473375e-05,0.159454345703125,378.9557212837972
100.0,20920,9.575105483404254e-05,0.15960693359375,379.31380932591856
100.0,20940,9.517601178118535e-05,0.159759521484375,379.6735214381479
100.0,20960,9.460442216132084e-05,0.159912109375,380.03001185692847
100.0,20980,9.403626523449231e-05,0.160064697265625,380.39281223807484
100.0,21000,9.347152038633767e-05,0.16021728515625,380.7557746418752
100.0,21020,9.29101671245818e-05,0.160369873046875,381.12231226311997
100.0,21040,9.235218508125761e-05,0.1605224609375,381.48113841796294
100.0,21060,9.179755401082603e-05,0.160675048828125,381.84177165385336
100.0,21080,9.124625378821568e-05,0.16082763671875,382.198003728874
100.0,21100,9.069826441058393e-05,0.160980224609375,382.55875620804727
100.0,21120,9.015356599470114e-05,0.1611328125,382.9152685268782
100.0,21140,8.961213877602788e-05,0.161285400390625,383.2752154408954
100.0,21160,8.907396310988811e-05,0.16143798828125,383.6340988948941
100.0,21180,8.853901946887993e-05,0.161590576171875,383.9938789601438
100.0,21200,8.800728844279013e-05,0.1617431640625,384.35147155215964
100.0,21220,8.74787507380616e-05,0.161895751953125,384.7102381060831
100.0,21240,8.695338717739486e-05,0.16204833984375,385.0672336281277
100.0,21260,8.643117869823392e-05,0.162200927734375,385.42728264210746
100.0,21280,8.591210635360703e-05,0.162353515625,385.7841737209819
100.0,21300,8.53961513071475e-05,0.162506103515625,386.1438202429563
100.0,21320,8.488329484053903e-05,0.16265869140625,386.5006582289934
100.0,21340,8.437351834390477e-05,0.162811279296875,386.8605392719619
100.0,21360,8.38668033196113e-05,0.1629638671875,387.2179726357572
100.0,21380,8.336313138376679e-05,0.163116455078125,387.5781501159072
100.0,21400,8.286248425924586e-05,0.16326904296875,387.9354912028648
100.0,21420,8.236484378168055e-05,0.163421630859375,388.2947663348168
100.0,21440,8.187019189469207e-05,0.16357421875,388.65200307779014
100.0,21460,8.137851064911183e-05,0.163726806640625,389.0115006850101
100.0,21480,8.088978220527511e-05,0.16387939453125,389.36820068210363
100.0,21500,8.040398883060599e-05,0.164031982421875,389.73212938196957
100.0,21520,7.992111289759143e-05,0.1641845703125,390.0908219637349
100.0,21540,7.944113688549784e-05,0.164337158203125,390.4517896687612
100.0,21560,7.896404338022533e-05,0.16448974609375,390.810735528823
100.0,21580,7.848981506904702e-05,0.164642333984375,391.1695329248905
100.0,21600,7.80184347459119e-05,0.164794921875,391.52638577111065
100.0,21620,7.75498853073876e-05,0.164947509765625,391.8879264527932
100.0,21640,7.708414975175708e-05,0.16510009765625,392.24502796074376
100.0,21660,7.662121118022447e-05,0.165252685546875,392.6048178290948
100.0,21680,7.616105279637212e-05,0.1654052734375,392.96225309511647
100.0,21700,7.570365790281089e-05,0.165557861328125,393.32172711007297
100.0,21720,7.524900990355633e-05,0.16571044921875,393.6790606761351
100.0,21740,7.479709230223814e-05,0.165863037109375,394.03820650000125
100.0,21760,7.434788870104812e-05,0.166015625,394.3960943669081
100.0,21780,7.390138280175374e-05,0.166168212890625,394.757760360837
100.0,21800,7.34575584026223e-05,0.16632080078125,395.116541785188
100.0,21820,7.301639939986356e-05,0.166473388671875,395.47705875197425
100.0,21840,7.257788978694175e-05,0.1666259765625,395.8353690491058
100.0,21860,7.214201365159349e-05,0.166778564453125,396.19665265781805
100.0,21880,7.17087551804567e-05,0.16693115234375,396.5549070779234
100.0,21900,7.127809865163434e-05,0.167083740234375,396.9152113730088
100.0,21920,7.085002843894173e-05,0.167236328125,397.27288364386186
100.0,21940,7.042452901064302e-05,0.167388916015625,397.6355124088004
100.0,21960,7.000158492803518e-05,0.16754150390625,397.9939752961509
100.0,21980,6.958118084507662e-05,0.167694091796875,398.3544078068808
100.0,22000,6.916330150755619e-05,0.1678466796875,398.71144712902606
100.0,22020,6.874793175223582e-05,0.167999267578125,399.0761001938954
100.0,22040,6.833505650917855e-05,0.16815185546875,399.44418603973463
100.0,22060,6.792466079660833e-05,0.168304443359375,399.81054968293756
100.0,22080,6.751672972353337e-05,0.16845703125,400.18084381101653
100.0,22100,6.711124848986854e-05,0.168609619140625,400.5494930408895
100.0,22120,6.670820238143626e-05,0.16876220703125,400.9096063040197
100.0,22140,6.630757677446211e-05,0.168914794921875,401.26939125498757
100.0,22160,6.59093571328466e-05,0.1690673828125,401.62637062510476
100.0,22180,6.55135290075961e-05,0.169219970703125,401.9849951341748
100.0,22200,6.51200780358547e-05,0.16937255859375,402.34195236396044
100.0,22220,6.472898994201536e-05,0.169525146484375,402.7017880547792
100.0,22240,6.434025053574881e-05,0.169677734375,403.0582807068713
100.0,22260,6.395384571250528e-05,0.169830322265625,403.4179684850387
100.0,22280,6.356976145078777e-05,0.16998291015625,403.7774754050188
100.0,22300,6.318798381556119e-05,0.170135498046875,404.1375418030657
100.0,22320,6.280849895366441e-05,0.1702880859375,404.4949092059396
100.0,22340,6.243129309539524e-05,0.170440673828125,404.85407903278247
100.0,22360,6.205635255412786e-05,0.17059326171875,405.2095946739428
100.0,22380,6.16836637270512e-05,0.170745849609375,405.56826847977936
100.0,22400,6.131321309021286e-05,0.1708984375,405.9251271551475
100.0,22420,6.0944987201535394e-05,0.171051025390625,406.28238162212074
100.0,22440,6.057897270137277e-05,0.17120361328125,406.6391272218898
100.0,22460,6.021515630873846e-05,0.171356201171875,406.99708770914003
100.0,22480,5.9853524822812926e-05,0.1715087890625,407.35724682407454
100.0,22500,5.949406512262647e-05,0.171661376953125,407.72211733693257
100.0,22520,5.913676416454836e-05,0.17181396484375,408.08306636614725
100.0,22540,5.878160898459959e-05,0.171966552734375,408.4479025420733
100.0,22560,5.842858669648959e-05,0.172119140625,408.81005103792995
100.0,22580,5.807768449145305e-05,0.172271728515625,409.17500677797943
100.0,22600,5.7728889636456307e-05,0.17242431640625,409.5369379357435
100.0,22620,5.738218947547201e-05,0.172576904296875,409.90023908391595
100.0,22640,5.703757142978408e-05,0.1727294921875,410.2615146418102
100.0,22660,5.6695022994998794e-05,0.172882080078125,410.625287048053
100.0,22680,5.635453174188116e-05,0.17303466796875,410.9845617287792
100.0,22700,5.601608531556444e-05,0.173187255859375,411.3439876367338
100.0,22720,5.5679671437186456e-05,0.17333984375,411.70257774880156
100.0,22740,5.534527789771377e-05,0.173492431640625,412.06280713994056
100.0,22760,5.501289256679302e-05,0.17364501953125,412.4204260990955
100.0,22780,5.4682503382034355e-05,0.173797607421875,412.77960271481425
100.0,22800,5.435409835655434e-05,0.1739501953125,413.1363235199824
100.0,22820,5.402766557421214e-05,0.174102783203125,413.4955137250945
100.0,22840,5.370319319090779e-05,0.17425537109375,413.85308046173304
100.0,22860,5.33806694324028e-05,0.174407958984375,414.21115020895377
100.0,22880,5.306008259755896e-05,0.174560546875,414.5673997271806
100.0,22900,5.274142105297384e-05,0.174713134765625,414.9264113367535
100.0,22920,5.242467323692748e-05,0.17486572265625,415.28481862694025
100.0,22940,5.210982765695721e-05,0.175018310546875,415.6442650738172
100.0,22960,5.179687288737189e-05,0.1751708984375,416.00195933599025
100.0,22980,5.148579757500197e-05,0.175323486328125,416.36360975774005
100.0,23000,5.1176590431667336e-05,0.17547607421875,416.7202582741156
100.0,23020,5.0869240238041385e-05,0.175628662109375,417.078839763999
100.0,23040,5.056373584211439e-05,0.17578125,417.43469463987276
100.0,23060,5.026006615945401e-05,0.175933837890625,417.7940820357762
100.0,23080,4.9958220171484985e-05,0.17608642578125,418.15214721718803
100.0,23100,4.965818692545267e-05,0.176239013671875,418.51261030882597
100.0,23120,4.9359955534593446e-05,0.1763916015625,418.872125019785
100.0,23140,4.906351517898033e-05,0.176544189453125,419.2326588197611
100.0,23160,4.876885510250762e-05,0.17669677734375,419.5930431140587
100.0,23180,4.847596461223343e-05,0.176849365234375,419.9542607017793
100.0,23200,4.818483308262064e-05,0.177001953125,420.3100407961756
100.0,23220,4.789544994897161e-05,0.177154541015625,420.66859280504286
100.0,23240,4.760780471139828e-05,0.17730712890625,421.0244725360535
100.0,23260,4.732188693307048e-05,0.177459716796875,421.3826748151332
100.0,23280,4.7037686240269434e-05,0.1776123046875,421.7389579587616
100.0,23300,4.675519232025395e-05,0.177764892578125,422.096754651051
100.0,23320,4.6474394923736375e-05,0.17791748046875,422.452658474911
100.0,23340,4.61952838610569e-05,0.178070068359375,422.8152170041576
100.0,23360,4.591784900566367e-05,0.17822265625,423.1753236670047
100.0,23380,4.56420802916379e-05,0.178375244140625,423.5364280799404
100.0,23400,4.5367967712319255e-05,0.17852783203125,423.8966040480882
100.0,23420,4.509550132040717e-05,0.178680419921875,424.25504278205335
100.0,23440,4.482467123214211e-05,0.1788330078125,424.6103032217361
100.0,23460,4.455546761866034e-05,0.178985595703125,424.9680455797352
100.0,23480,4.428788071313104e-05,0.17913818359375,425.32393665611744
100.0,23500,4.402190080664999e-05,0.179290771484375,425.6813539471477
100.0,23520,4.375751824788069e-05,0.179443359375,426.03670105710626
100.0,23540,4.349472344496851e-05,0.179595947265625,426.3954062759876
100.0,23560,4.3233506860135044e-05,0.17974853515625,426.75129975611344
100.0,23580,4.2973859017646264e-05,0.179901123046875,427.11121721891686
100.0,23600,4.271577049498768e-05,0.1800537109375,427.46918493602425
100.0,23620,4.245923192881558e-05,0.180206298828125,427.8301451909356
100.0,23640,4.220423400986544e-05,0.18035888671875,428.1870878408663
100.0,23660,4.195076748658901e-05,0.180511474609375,428.5449500330724
100.0,23680,4.169882316077255e-05,0.1806640625,428.90093859285116
100.0,23700,4.144839189265218e-05,0.180816650390625,429.2595028989017
100.0,23720,4.1199464593843116e-05,0.18096923828125,429.6155426390469
100.0,23740,4.095203223372463e-05,0.181121826171875,429.9734780420549
100.0,23760,4.070608583365696e-05,0.1812744140625,430.3301418288611
100.0,23780,4.046161646967093e-05,0.181427001953125,430.6891068550758
100.0,23800,4.021861527105433e-05,0.18157958984375,431.04593828180805
100.0,23820,3.9977073421668824e-05,0.181732177734375,431.4049310958944
100.0,23840,3.973698215618285e-05,0.181884765625,431.7622928908095
100.0,23860,3.949833276412252e-05,0.182037353515625,432.1215041950345
100.0,23880,3.926111658585799e-05,0.18218994140625,432.47876316914335
100.0,23900,3.902532501454889e-05,0.182342529296875,432.83818788593635
100.0,23920,3.879094949337494e-05,0.1824951171875,433.194282121025
100.0,23940,3.8557981519545975e-05,0.182647705078125,433.5539034381509
100.0,23960,3.832641264067443e-05,0.18280029296875,433.91305510001257
100.0,23980,3.809623445216699e-05,0.182952880859375,434.27403953904286
100.0,24000,3.786743860379338e-05,0.18310546875,434.63549262005836
100.0,24020,3.7640016794100384e-05,0.183258056640625,434.99532229313627
100.0,24040,3.7413960770646535e-05,0.18341064453125,435.3564699147828
100.0,24060,3.718926233088904e-05,0.183563232421875,435.7189872479066
100.0,24080,3.696591332266576e-05,0.1837158203125,436.07986366795376
100.0,24100,3.674390564038256e-05,0.183868408203125,436.4398559741676
100.0,24120,3.652323123058574e-05,0.18402099609375,436.7981794588268
100.0,24140,3.630388208609658e-05,0.184173583984375,437.15914159687236
100.0,24160,3.6085850246252443e-05,0.184326171875,437.5217771618627
100.0,24180,3.5869127802107776e-05,0.184478759765625,437.8831624099985
100.0,24200,3.565370688863255e-05,0.18463134765625,438.24084024876356
100.0,24220,3.5439579689267106e-05,0.184783935546875,438.5993132898584
100.0,24240,3.522673843595841e-05,0.1849365234375,438.95641302503645
100.0,24260,3.5015175404617307e-05,0.185089111328125,439.3170721968636
100.0,24280,3.4804882919586835e-05,0.18524169921875,439.6754967509769
100.0,24300,3.459585335057251e-05,0.185394287109375,440.03637323109433
100.0,24320,3.43880791132876e-05,0.185546875,440.39383147796616
100.0,24340,3.41815526677626e-05,0.185699462890625,440.75205320399255
100.0,24360,3.3976266521163545e-05,0.18585205078125,441.1086591021158
100.0,24380,3.377221322489285e-05,0.186004638671875,441.46662927186117
100.0,24400,3.3569385374738655e-05,0.1861572265625,441.82337046507746
100.0,24420,3.33677756116088e-05,0.186309814453125,442.18137702485546
100.0,24440,3.3167376619689065e-05,0.18646240234375,442.5375562570989
100.0,24460,3.296818112799434e-05,0.186614990234375,442.89606154197827
100.0,24480,3.2770181909272835e-05,0.186767578125,443.25316355004907
100.0,24500,3.257337177885671e-05,0.186920166015625,443.61156868794933
100.0,24520,3.237774359569199e-05,0.18707275390625,443.9676887579262
100.0,24540,3.218329026177268e-05,0.187225341796875,444.3260078979656
100.0,24560,3.1990004720536947e-05,0.1873779296875,444.68253301410004
100.0,24580,3.179787996082691e-05,0.187530517578125,445.0421282351017
100.0,24600,3.16069090091257e-05,0.18768310546875,445.39985545212403
100.0,24620,3.141708493813291e-05,0.187835693359375,445.7590022077784
100.0,24640,3.12284008590376e-05,0.18798828125,446.1150219710544
100.0,24660,3.1040849926437126e-05,0.188140869140625,446.4731476837769
100.0,24680,3.085442533440801e-05,0.18829345703125,446.8299530860968
100.0,24700,3.066912032020167e-05,0.188446044921875,447.1872342401184
100.0,24720,3.0484928157976083e-05,0.1885986328125,447.54373947903514
100.0,24740,3.030184216558995e-05,0.188751220703125,447.90374554507434
100.0,24760,3.0119855700341182e-05,0.18890380859375,448.26041762297973
100.0,24780,2.993896215816928e-05,0.189056396484375,448.61913914512843
100.0,24800,2.9759154976320413e-05,0.189208984375,448.97672146279365
100.0,24820,2.9580427629436847e-05,0.189361572265625,449.33698083506897
100.0,24840,2.9402773633791883e-05,0.18951416015625,449.69854244589806
100.0,24860,2.9226186542466266e-05,0.189666748046875,450.0603751591407
100.0,24880,2.9050659949390805e-05,0.1898193359375,450.4195537781343
100.0,24900,2.8876187484127628e-05,0.189971923828125,450.78042498091236
100.0,24920,2.8702762817209288e-05,0.19012451171875,451.1414915109053
100.0,24940,2.8530379655996107e-05,0.190277099609375,451.50494177499786
100.0,24960,2.8359031744515156e-05,0.1904296875,451.86844221688807
100.0,24980,2.818871286789923e-05,0.190582275390625,452.2340310658328
100.0,25000,2.8019416843685936e-05,0.19073486328125,452.5969252861105
100.0,25020,2.785113752995382e-05,0.190887451171875,452.977551327087
100.0,25040,2.7683868821680536e-05,0.1910400390625,453.3343043071218
100.0,25060,2.7517604648808034e-05,0.191192626953125,453.69380256487057
100.0,25080,2.735233897951333e-05,0.19134521484375,454.0524461288005
100.0,25100,2.7188065815987166e-05,0.191497802734375,454.41424441477284
100.0,25120,2.7024779197899126e-05,0.191650390625,454.77307489607483
100.0,25140,2.6862473201424162e-05,0.191802978515625,455.1331386100501
100.0,25160,2.6701141937570513e-05,0.19195556640625,455.49147369200364
100.0,25180,2.654077955071354e-05,0.192108154296875,455.85080221574754
100.0,25200,2.638138022428305e-05,0.1922607421875,456.2140481090173
100.0,25220,2.6222938174233823e-05,0.192413330078125,456.57709185406566
100.0,25240,2.606544765002138e-05,0.19256591796875,456.93675236497074
100.0,25260,2.590890293888525e-05,0.192718505859375,457.3024976490997
100.0,25280,2.5753298360809104e-05,0.19287109375,457.66803426574916
100.0,25300,2.559862826865101e-05,0.193023681640625,458.0351790310815
100.0,25320,2.5444887051254318e-05,0.19317626953125,458.39446780085564
100.0,25340,2.529206912918097e-05,0.193328857421875,458.75463569909334
100.0,25360,2.5140168958948252e-05,0.1934814453125,459.11759926378727
100.0,25380,2.4989181027741738e-05,0.193634033203125,459.48444757191464
100.0,25400,2.4839099858443685e-05,0.19378662109375,459.84653142886236
100.0,25420,2.4689920004063333e-05,0.193939208984375,460.2081082710065
100.0,25440,2.4541636052536938e-05,0.194091796875,460.56488906778395
100.0,25460,2.43942426236382e-05,0.194244384765625,460.9269081968814
100.0,25480,2.424773436882688e-05,0.19439697265625,461.28563687810674
100.0,25500,2.4102105972264788e-05,0.194549560546875,461.6472750441171
100.0,25520,2.3957352150199447e-05,0.1947021484375,462.00667278375477
100.0,25540,2.381346764994797e-05,0.194854736328125,462.3683437448926
100.0,25560,2.3670447251586222e-05,0.19500732421875,462.72682621795684
100.0,25580,2.3528285764242465e-05,0.195159912109375,463.0863373838365
100.0,25600,2.338697803116202e-05,0.1953125,463.4448144501075
100.0,25620,2.3246518924597924e-05,0.195465087890625,463.8052416029386
100.0,25640,2.310690334835607e-05,0.19561767578125,464.16161200683564
100.0,25660,2.2968126236653296e-05,0.195770263671875,464.52092566201463
100.0,25680,2.2830182552493247e-05,0.1959228515625,464.87750591384247
100.0,25700,2.2693067292918573e-05,0.196075439453125,465.23816461488605
100.0,25720,2.255677548139535e-05,0.19622802734375,465.5961043438874
100.0,25740,2.2421302173489658e-05,0.196380615234375,465.9568943348713
100.0,25760,2.2286642453797396e-05,0.196533203125,466.31420660205185
100.0,25780,2.2152791434954462e-05,0.196685791015625,466.67540101893246
100.0,25800,2.2019744261427604e-05,0.19683837890625,467.03352278703824
100.0,25820,2.1887496106471963e-05,0.196990966796875,467.3938691788353
100.0,25840,2.175604216919385e-05,0.1971435546875,467.75199163891375
100.0,25860,2.162537768207809e-05,0.197296142578125,468.1117755090818
100.0,25880,2.1495497902737066e-05,0.19744873046875,468.46834866097197
100.0,25900,2.1366398119153812e-05,0.197601318359375,468.82731161499396
100.0,25920,2.1238073646781293e-05,0.19775390625,469.18302388489246
100.0,25940,2.1110519830462316e-05,0.197906494140625,469.54316205205396
100.0,25960,2.0983732040176214e-05,0.19805908203125,469.8996124258265
100.0,25980,2.085770567797116e-05,0.198211669921875,470.2588153881952
100.0,26000,2.0732436168948673e-05,0.1983642578125,470.61706171697006
100.0,26020,2.0607918968136008e-05,0.198516845703125,470.97873192699626
100.0,26040,2.0484149558905048e-05,0.19866943359375,471.3378066639416
100.0,26060,2.0361123448531054e-05,0.198822021484375,471.6989936698228
100.0,26080,2.0238836175046814e-05,0.198974609375,472.0570556661114
100.0,26100,2.0117283299024367e-05,0.199127197265625,472.4178017578088
100.0,26120,1.9996460411878554e-05,0.19927978515625,472.77663308987394
100.0,26140,1.9876363129106548e-05,0.199432373046875,473.14012371888384
100.0,26160,1.9756987093307935e-05,0.1995849609375,473.50172424316406
100.0,26180,1.963832797266085e-05,0.199737548828125,473.8646651059389
100.0,26200,1.952038146191401e-05,0.19989013671875,474.2239783811383
100.0,26220,1.940314328098314e-05,0.200042724609375,474.58732928708196
100.0,26240,1.9286609176505536e-05,0.2001953125,474.94639213802293
100.0,26260,1.917077492076944e-05,0.200347900390625,475.30708430474624
100.0,26280,1.9055636309084433e-05,0.20050048828125,475.66732611274347
100.0,26300,1.8941189164900412e-05,0.200653076171875,476.0298294671811
100.0,26320,1.882742933600392e-05,0.2008056640625,476.3934152359143
100.0,26340,1.8714352693726398e-05,0.200958251953125,476.76136580714956
100.0,26360,1.8601955135796457e-05,0.20111083984375,477.13087474694476
100.0,26380,1.849023258322204e-05,0.201263427734375,477.49827875802293
100.0,26400,1.8379180983295365e-05,0.201416015625,477.86382066318765
100.0,26420,1.8268796306565973e-05,0.201568603515625,478.2296308861114
100.0,26440,1.8159074546102496e-05,0.20172119140625,478.5904931058176
100.0,26460,1.8050011722785918e-05,0.201873779296875,478.9539264761843
100.0,26480,1.7941603878079015e-05,0.2020263671875,479.31343728117645
100.0,26500,1.78338470793737e-05,0.202178955078125,479.67628252413124
100.0,26520,1.772673741630865e-05,0.20233154296875,480.03586062183604
100.0,26540,1.7620271001922865e-05,0.202484130859375,480.39560551801696
100.0,26560,1.7514443974800326e-05,0.20263671875,480.7585077187978
100.0,26580,1.740925249354981e-05,0.202789306640625,481.11887260712683
100.0,26600,1.7304692741993576e-05,0.20294189453125,481.47704742802307
100.0,26620,1.7200760925947338e-05,0.203094482421875,481.8377076610923
100.0,26640,1.7097453275325896e-05,0.2032470703125,482.19437060691416
100.0,26660,1.699476603979437e-05,0.203399658203125,482.55476081883535
100.0,26680,1.6892695495786055e-05,0.20355224609375,482.91166160209104
100.0,26700,1.6791237937778755e-05,0.203704833984375,483.2714998461306
100.0,26720,1.6690389685938548e-05,0.203857421875,483.62943225493655
100.0,26740,1.659014708031249e-05,0.204010009765625,483.98973496677354
100.0,26760,1.649050648329179e-05,0.20416259765625,484.34596943482757
100.0,26780,1.6391464280129383e-05,0.204315185546875,484.7068247757852
100.0,26800,1.629301687735106e-05,0.2044677734375,485.0649256547913
100.0,26820,1.619516070174211e-05,0.204620361328125,485.4273655018769
100.0,26840,1.6097892203891834e-05,0.20477294921875,485.7843709778972
100.0,26860,1.6001207854329297e-05,0.204925537109375,486.14252610178664
100.0,26880,1.590510414486802e-05,0.205078125,486.49865469383076
100.0,26900,1.580957758750365e-05,0.205230712890625,486.8586536790244
100.0,26920,1.57146247177706e-05,0.20538330078125,487.21679211081937
100.0,26940,1.5620242088877146e-05,0.205535888671875,487.5761917629279
100.0,26960,1.5526426276472593e-05,0.2056884765625,487.93283923808485
100.0,26980,1.543317387746644e-05,0.205841064453125,488.2904539797455
100.0,27000,1.5340481507255507e-05,0.20599365234375,488.6470289048739
100.0,27020,1.5248345804263176e-05,0.206146240234375,489.00786344800144
100.0,27040,1.5156763422593147e-05,0.206298828125,489.36400382593274
100.0,27060,1.5065731042093355e-05,0.206451416015625,489.7220683461055
100.0,27080,1.4975245357286571e-05,0.20660400390625,490.0790678039193
100.0,27100,1.4885303086863038e-05,0.206756591796875,490.4376584859565
100.0,27120,1.4795900966735745e-05,0.2069091796875,490.7950767581351
100.0,27140,1.4707035752638815e-05,0.207061767578125,491.1560161248781
100.0,27160,1.4618704220663376e-05,0.20721435546875,491.5145685640164
100.0,27180,1.4530903166063667e-05,0.207366943359375,491.87346983281896
100.0,27200,1.444362940158673e-05,0.20751953125,492.23015126399696
100.0,27220,1.4356879762368691e-05,0.207672119140625,492.5924140769057
100.0,27240,1.4270651099600181e-05,0.20782470703125,492.9523250218481
100.0,27260,1.4184940284867399e-05,0.207977294921875,493.3140808190219
100.0,27280,1.409974420809097e-05,0.2081298828125,493.67301470180973
100.0,27300,1.4015059778765646e-05,0.208282470703125,494.03408558899537
100.0,27320,1.3930883922651787e-05,0.20843505859375,494.3935450441204
100.0,27340,1.3847213587431117e-05,0.208587646484375,494.75630016298965
100.0,27360,1.3764045735125564e-05,0.208740234375,495.1153651960194
100.0,27380,1.3681377349967593e-05,0.208892822265625,495.4792731371708
100.0,27400,1.3599205431572855e-05,0.20904541015625,495.8394353268668
100.0,27420,1.351752699777871e-05,0.209197998046875,496.1992730307393
100.0,27440,1.3436339085674276e-05,0.2093505859375,496.55615614913404
100.0,27460,1.3355638750246728e-05,0.209503173828125,496.91575319180265
100.0,27480,1.3275423061687005e-05,0.20965576171875,497.2731776339933
100.0,27500,1.3195689110206614e-05,0.209808349609375,497.63244612608105
100.0,27520,1.3116434002781776e-05,0.2099609375,497.9892452391796
100.0,27540,1.303765486323436e-05,0.210113525390625,498.3498411937617
100.0,27560,1.2959348833778047e-05,0.21026611328125,498.7082036328502
100.0,27580,1.28815130729949e-05,0.210418701171875,499.0671271421015
100.0,27600,1.2804144755618389e-05,0.2105712890625,499.4226369941607
100.0,27620,1.2727241076624164e-05,0.210723876953125,499.78240232914686
100.0,27640,1.265079924307024e-05,0.21087646484375,500.14002355001867
100.0,27660,1.2574816483446668e-05,0.211029052734375,500.50021291710436
100.0,27680,1.2499290040034645e-05,0.211181640625,500.85700792400166
100.0,27700,1.2424217172212297e-05,0.211334228515625,501.2165485098958
100.0,27720,1.2349595155931534e-05,0.21148681640625,501.574471806176
100.0,27740,1.2275421283180192e-05,0.211639404296875,501.93465127889067
100.0,27760,1.220169286442293e-05,0.2117919921875,502.2911500399932
100.0,27780,1.2128407222678954e-05,0.211944580078125,502.6505510341376
100.0,27800,1.20555616989571e-05,0.21209716796875,503.00703844893724
100.0,27820,1.1983153651308882e-05,0.212249755859375,503.36647634394467
100.0,27840,1.1911180451969251e-05,0.21240234375,503.7228004448116
100.0,27860,1.1839639488450927e-05,0.212554931640625,504.0829506078735
100.0,27880,1.176852816588687e-05,0.21270751953125,504.43999522784725
100.0,27900,1.1697843904980571e-05,0.212860107421875,504.799462323077
100.0,27920,1.1627584138480976e-05,0.2130126953125,505.1569687570445
100.0,27940,1.1557746318749844e-05,0.213165283203125,505.5172348790802
100.0,27960,1.1488327912266157e-05,0.21331787109375,505.87452011881396
100.0,27980,1.1419326399516255e-05,0.213470458984375,506.2327545918524
100.0,28000,1.135073927655662e-05,0.213623046875,506.59008397208527
100.0,28020,1.1282564054660745e-05,0.213775634765625,506.9565006881021
100.0,28040,1.1214798260914077e-05,0.21392822265625,507.3150745667517
100.0,28060,1.1147439436020822e-05,0.214080810546875,507.6796037009917
100.0,28080,1.1080485136070189e-05,0.2142333984375,508.0414143539965
100.0,28100,1.1013932931739399e-05,0.214385986328125,508.4066010811366
100.0,28120,1.094778040818707e-05,0.21453857421875,508.7665279167704
100.0,28140,1.0882025165049073e-05,0.214691162109375,509.1270482679829
100.0,28160,1.0816664816058012e-05,0.21484375,509.4879191899672
100.0,28180,1.0751696990402918e-05,0.214996337890625,509.8571125078015
100.0,28200,1.0687119330711788e-05,0.21514892578125,510.2153173899278
100.0,28220,1.0622929493724232e-05,0.215301513671875,510.5785028198734
100.0,28240,1.055912514888429e-05,0.2154541015625,510.9351959968917
100.0,28260,1.0495703983693038e-05,0.215606689453125,511.29427146492526
100.0,28280,1.0432663694978729e-05,0.21575927734375,511.65267145494
100.0,28300,1.0370001997049355e-05,0.215911865234375,512.0119814439677
100.0,28320,1.0307716614550084e-05,0.216064453125,512.3693315838464
100.0,28340,1.0245805288324152e-05,0.216217041015625,512.7287326278165
100.0,28360,1.0184265772119537e-05,0.21636962890625,513.0855046641082
100.0,28380,1.0123095832876344e-05,0.216522216796875,513.444891339168
100.0,28400,1.0062293251441064e-05,0.2166748046875,513.8017284637317
100.0,28420,1.0001855820237494e-05,0.216827392578125,514.1618245919235
100.0,28440,9.941781347781777e-06,0.21697998046875,514.5181168587878
100.0,28460,9.882067654413755e-06,0.217132568359375,514.8770463061519
100.0,28480,9.822712572510758e-06,0.21728515625,515.2333799600601
100.0,28500,9.763713949418497e-06,0.217437744140625,515.5930471401662
100.0,28520,9.705069643462719e-06,0.21759033203125,515.9503799448721
100.0,28540,9.646777527073911e-06,0.217742919921875,516.3085651509464
100.0,28560,9.58883548497371e-06,0.2178955078125,516.6654311749153
100.0,28580,9.531241415408986e-06,0.218048095703125,517.0242445031181
100.0,28600,9.473993229069368e-06,0.21820068359375,517.3804628788494
100.0,28620,9.41708884688061e-06,0.218353271484375,517.7417781208642
100.0,28640,9.360526205790103e-06,0.218505859375,518.0976259978488
100.0,28660,9.304303253692165e-06,0.218658447265625,518.4566093389876
100.0,28680,9.24841794822345e-06,0.21881103515625,518.8139651659876
100.0,28700,9.192868263843274e-06,0.218963623046875,519.172591065988
100.0,28720,9.13765218397733e-06,0.2191162109375,519.5293869650923
100.0,28740,9.082767706666103e-06,0.219268798828125,519.8896286329255
100.0,28760,9.028212838633845e-06,0.21942138671875,520.2475363379344
100.0,28780,8.973985600958627e-06,0.219573974609375,520.6085120141506
100.0,28800,8.920084026056042e-06,0.2197265625,520.9656586041674
100.0,28820,8.86650615850145e-06,0.219879150390625,521.3280952749774
100.0,28840,8.813250054109919e-06,0.22003173828125,521.6899582501501
100.0,28860,8.760313780586704e-06,0.220184326171875,522.0514374570921
100.0,28880,8.707695416765412e-06,0.2203369140625,522.4117236370221
100.0,28900,8.655393054440914e-06,0.220489501953125,522.7753195599653
100.0,28920,8.603404794070083e-06,0.22064208984375,523.1380749689415
100.0,28940,8.551728750842933e-06,0.220794677734375,523.5032787099481
100.0,28960,8.5003630496237e-06,0.220947265625,523.8645229041576
100.0,28980,8.449305825556623e-06,0.221099853515625,524.2281160638668
100.0,29000,8.398555227509902e-06,0.22125244140625,524.589900219813
100.0,29020,8.348109412997109e-06,0.221405029296875,524.95170787815
100.0,29040,8.2979665519925e-06,0.2215576171875,525.3109677890316
100.0,29060,8.248124825648849e-06,0.221710205078125,525.6731370328926
100.0,29080,8.198582424623648e-06,0.22186279296875,526.0308735328726
100.0,29100,8.149337551329639e-06,0.222015380859375,526.3915187860839
100.0,29120,8.1003884196526e-06,0.22216796875,526.7492999858223
100.0,29140,8.05173325255388e-06,0.222320556640625,527.1097332378849
100.0,29160,8.003370285080961e-06,0.22247314453125,527.467461315915
100.0,29180,7.955297763372248e-06,0.222625732421875,527.8293476118706
100.0,29200,7.907513941298115e-06,0.2227783203125,528.19068034878
100.0,29220,7.860017087594326e-06,0.222930908203125,528.5542393908836
100.0,29240,7.812805475997996e-06,0.22308349609375,528.91393822385
100.0,29260,7.765877395887841e-06,0.223236083984375,529.2782814637758
100.0,29280,7.719231142277232e-06,0.223388671875,529.6407454228029
100.0,29300,7.672865024488612e-06,0.223541259765625,530.0070086070336
100.0,29320,7.626777359316178e-06,0.22369384765625,530.3687754599378
100.0,29340,7.580966475041951e-06,0.223846435546875,530.7326144971885
100.0,29360,7.535430708984709e-06,0.2239990234375,531.0921351350844
100.0,29380,7.490168409191478e-06,0.224151611328125,531.453419696074
100.0,29400,7.445177932976856e-06,0.22430419921875,531.8140854360536
100.0,29420,7.400457648442517e-06,0.224456787109375,532.1794105330482
100.0,29440,7.356005932336001e-06,0.224609375,532.5398987098597
100.0,29460,7.311821171028575e-06,0.224761962890625,532.9014140469953
100.0,29480,7.267901764073932e-06,0.22491455078125,533.2579577290453
100.0,29500,7.224246115601584e-06,0.225067138671875,533.6168554928154
100.0,29520,7.180852641924878e-06,0.2252197265625,533.9747374020517
100.0,29540,7.137719768932079e-06,0.225372314453125,534.3332725581713
100.0,29560,7.094845931778253e-06,0.22552490234375,534.6911075129174
100.0,29580,7.052229573897824e-06,0.225677490234375,535.0530216768384
100.0,29600,7.009869149865338e-06,0.225830078125,535.4132577278651
100.0,29620,6.967763121964891e-06,0.225982666015625,535.7733868220821
100.0,29640,6.925909963745056e-06,0.22613525390625,536.1318821930327
100.0,29660,6.884308154879873e-06,0.226287841796875,536.4906128067523
100.0,29680,6.842956186784175e-06,0.2264404296875,536.8476780960336
100.0,29700,6.801852559401561e-06,0.226593017578125,537.2082002791576
100.0,29720,6.760995780384722e-06,0.22674560546875,537.5665956628509
100.0,29740,6.7203843682486585e-06,0.226898193359375,537.9290389441885
100.0,29760,6.680016848789326e-06,0.22705078125,538.2850570450537
100.0,29780,6.6398917572533935e-06,0.227203369140625,538.6454867310822
100.0,29800,6.60000763781525e-06,0.22735595703125,539.0024864990264
100.0,29820,6.560363043387848e-06,0.227508544921875,539.3614116110839
100.0,29840,6.520956535903397e-06,0.2276611328125,539.7220137841068
100.0,29860,6.481786685109488e-06,0.227813720703125,540.0809411280788
100.0,29880,6.442852069823503e-06,0.22796630859375,540.4374209227972
100.0,29900,6.404151278137558e-06,0.228118896484375,540.7970995479263
100.0,29920,6.3656829033967225e-06,0.228271484375,541.153456994798
100.0,29940,6.3274455523310635e-06,0.228424072265625,541.5130128217861
100.0,29960,6.289437836159818e-06,0.22857666015625,541.870076677762
100.0,29980,6.25165837669088e-06,0.228729248046875,542.2287235967815
100.0,30000,6.214105802820569e-06,0.2288818359375,542.5862958007492
100.0,30020,6.176778751395873e-06,0.229034423828125,542.9621780011803
100.0,30040,6.139675869029799e-06,0.22918701171875,543.3186154067516
100.0,30060,6.102795808661056e-06,0.229339599609375,543.6788157490082
100.0,30080,6.066137232361352e-06,0.2294921875,544.0378498090431
100.0,30100,6.029698810531182e-06,0.229644775390625,544.3998195501044
100.0,30120,5.993479220165687e-06,0.22979736328125,544.762707891874
100.0,30140,5.9574771479927e-06,0.229949951171875,545.1256699948572
100.0,30160,5.9216912868798465e-06,0.2301025390625,545.4879443440586
100.0,30180,5.886120337713936e-06,0.230255126953125,545.8533522351645
100.0,30200,5.850763012441434e-06,0.23040771484375,546.2143211918883
100.0,30220,5.815618025312076e-06,0.230560302734375,546.5773462010548
100.0,30240,5.780684102803968e-06,0.230712890625,546.9394021900371
100.0,30260,5.745959977423471e-06,0.230865478515625,547.3043180848472
100.0,30280,5.711444387954162e-06,0.23101806640625,547.6642492380925
100.0,30300,5.677136081828028e-06,0.231170654296875,548.0253613311797
100.0,30320,5.643033816689224e-06,0.2313232421875,548.3842521659099
100.0,30340,5.609136353021819e-06,0.231475830078125,548.7481689988635
100.0,30360,5.575442461792184e-06,0.23162841796875,549.108097536955
100.0,30380,5.5419509190809865e-06,0.231781005859375,549.4688763529994
100.0,30400,5.5086605122428285e-06,0.23193359375,549.8301100241952
100.0,30420,5.475570030435492e-06,0.232086181640625,550.1954754460603
100.0,30440,5.44267827515618e-06,0.23223876953125,550.5539473649114
100.0,30460,5.409984052079487e-06,0.232391357421875,550.9166239560582
100.0,30480,5.377486174824918e-06,0.2325439453125,551.2753165480681
100.0,30500,5.345183464484644e-06,0.232696533203125,551.6362932361662
100.0,30520,5.3130747496178044e-06,0.23284912109375,551.9965657368302
100.0,30540,5.281158863637513e-06,0.233001708984375,552.3605174077675
100.0,30560,5.24943464950498e-06,0.233154296875,552.7199882278219
100.0,30580,5.217900955981867e-06,0.233306884765625,553.0803427118808
100.0,30600,5.1865566398711806e-06,0.23345947265625,553.4380963151343
100.0,30620,5.15540056137306e-06,0.233612060546875,553.8032003981061
100.0,30640,5.12443159246815e-06,0.2337646484375,554.1635834509507
100.0,30660,5.09364860869251e-06,0.233917236328125,554.5258850371465
100.0,30680,5.063050492548752e-06,0.23406982421875,554.8834669650532
100.0,30700,5.032636134448383e-06,0.234222412109375,555.2432671268471
100.0,30720,5.002404430663906e-06,0.234375,555.6009180890396
100.0,30740,4.972354283559824e-06,0.234527587890625,555.9607154177502
100.0,30760,4.942484604403085e-06,0.23468017578125,556.318502349779
100.0,30780,4.912794308072109e-06,0.234832763671875,556.678598978091
100.0,30800,4.883282317784458e-06,0.2349853515625,557.0353328417987
100.0,30820,4.853947562117899e-06,0.235137939453125,557.3941312078387
100.0,30840,4.82478897760148e-06,0.23529052734375,557.752204679884
100.0,30860,4.7958055056617105e-06,0.235443115234375,558.1111554349773
100.0,30880,4.76699609451454e-06,0.235595703125,558.4676018939354
100.0,30900,4.738359699683597e-06,0.235748291015625,558.8280894891359
100.0,30920,4.709895280812235e-06,0.23590087890625,559.1862125177868
100.0,30940,4.6816018067182155e-06,0.236053466796875,559.5476745399646
100.0,30960,4.653478248841495e-06,0.2362060546875,559.9068110100925
100.0,30980,4.625523588698762e-06,0.236358642578125,560.2676952690817
100.0,31000,4.597736810610825e-06,0.23651123046875,560.6240961961448
100.0,31020,4.570116906970932e-06,0.236663818359375,560.9854146610014
100.0,31040,4.542662875427224e-06,0.23681640625,561.3415109491907
100.0,31060,4.515373719967285e-06,0.236968994140625,561.7017749571241
100.0,31080,4.488248450435369e-06,0.23712158203125,562.0578522989526
100.0,31100,4.461286082556653e-06,0.237274169921875,562.4161506090313
100.0,31120,4.434485637559841e-06,0.2374267578125,562.773084806744
100.0,31140,4.407846143272736e-06,0.237579345703125,563.1319356160238
100.0,31160,4.381366633847579e-06,0.23773193359375,563.4905306529254
100.0,31180,4.355046147691331e-06,0.237884521484375,563.8518941500224
100.0,31200,4.3288837302851175e-06,0.238037109375,564.2099750018679
100.0,31220,4.302878431776459e-06,0.238189697265625,564.5699407197535
100.0,31240,4.277029308897877e-06,0.23834228515625,564.9273708388209
100.0,31260,4.251335423758345e-06,0.238494873046875,565.2864667829126
100.0,31280,4.225795843587921e-06,0.2386474609375,565.6441348190419
100.0,31300,4.20040964256744e-06,0.238800048828125,566.0097803911194
100.0,31320,4.175175899199815e-06,0.23895263671875,566.3705266509205
100.0,31340,4.150093698493632e-06,0.239105224609375,566.7349365777336
100.0,31360,4.125162128697219e-06,0.2392578125,567.095288165845
100.0,31380,4.100380286818912e-06,0.239410400390625,567.4595247050747
100.0,31400,4.075747272391781e-06,0.23956298828125,567.8205157811753
100.0,31420,4.051262192999853e-06,0.239715576171875,568.1848552911542
100.0,31440,4.026924159055743e-06,0.2398681640625,568.5448753540404
100.0,31460,4.0027322886446285e-06,0.240020751953125,568.9076708261855
100.0,31480,3.978685702629584e-06,0.24017333984375,569.2683378458023
100.0,31500,3.954783529374894e-06,0.240325927734375,569.6313494550996
100.0,31520,3.9310249014595795e-06,0.240478515625,569.9900116641074
100.0,31540,3.907408956716521e-06,0.240631103515625,570.351063142065
100.0,31560,3.8839348380598375e-06,0.24078369140625,570.7093358477578
100.0,31580,3.860601694602066e-06,0.240936279296875,571.0695273359306
100.0,31600,3.837408678185881e-06,0.2410888671875,571.4263186180033
100.0,31620,3.814354948778297e-06,0.241241455078125,571.7856462108903
100.0,31640,3.791439669616089e-06,0.24139404296875,572.1432066978887
100.0,31660,3.768662008608781e-06,0.241546630859375,572.504469325766
100.0,31680,3.7460211393127063e-06,0.24169921875,572.8637345531024
100.0,31700,3.7235162406048807e-06,0.241851806640625,573.2232040911913
100.0,31720,3.701146496171174e-06,0.24200439453125,573.5812340527773
100.0,31740,3.678911094102629e-06,0.242156982421875,573.9421243001707
100.0,31760,3.656809226991359e-06,0.2423095703125,574.3010191288777
100.0,31780,3.634840093675074e-06,0.242462158203125,574.6630755960941
100.0,31800,3.613002896969615e-06,0.24261474609375,575.021152973175
100.0,31820,3.59129684389144e-06,0.242767333984375,575.3836190528236
100.0,31840,3.5697211467594173e-06,0.242919921875,575.7416671090759
100.0,31860,3.5482750240805804e-06,0.243072509765625,576.1008337410167
100.0,31880,3.526957696676126e-06,0.24322509765625,576.4578764578328
100.0,31900,3.5057683912429313e-06,0.243377685546875,576.8190958271734
100.0,31920,3.484706338900358e-06,0.2435302734375,577.177895585075
100.0,31940,3.4637707753065143e-06,0.243682861328125,577.5411192150787
100.0,31960,3.4429609414554704e-06,0.24383544921875,577.900725109037
100.0,31980,3.422276081298346e-06,0.243988037109375,578.2601085677743
100.0,32000,3.4017154453648298e-06,0.244140625,578.6194739928469
100.0,32020,3.3812782862943595e-06,0.244293212890625,578.9846583930776
100.0,32040,3.3609638638405726e-06,0.24444580078125,579.3514644280076
100.0,32060,3.3407714405149634e-06,0.244598388671875,579.7180880629458
100.0,32080,3.3207002832523875e-06,0.2447509765625,580.0864488719963
100.0,32100,3.30074966412092e-06,0.244903564453125,580.4487458798103
100.0,32120,3.280918858921235e-06,0.24505615234375,580.8092305301689
100.0,32140,3.2612071487773517e-06,0.245208740234375,581.1709853038192
100.0,32160,3.2416138179819433e-06,0.245361328125,581.5329635641538
100.0,32180,3.2221381562768734e-06,0.245513916015625,581.895467735827
100.0,32200,3.202779455523341e-06,0.24566650390625,582.2524784291163
100.0,32220,3.1835370141017294e-06,0.245819091796875,582.6139042507857
100.0,32240,3.1644101346262316e-06,0.2459716796875,582.9726512171328
100.0,32260,3.145398122166465e-06,0.246124267578125,583.3422523378395
100.0,32280,3.1265002868066007e-06,0.24627685546875,583.704106788151
100.0,32300,3.107715942876199e-06,0.246429443359375,584.0735983289778
100.0,32320,3.089044409803718e-06,0.24658203125,584.4341871719807
100.0,32340,3.0704850087760185e-06,0.246734619140625,584.7961550578475
100.0,32360,3.0520370675211057e-06,0.24688720703125,585.1555262608454
100.0,32380,3.033699916040194e-06,0.247039794921875,585.5145505769178
100.0,32400,3.0154728888681635e-06,0.2471923828125,585.8722519478761
100.0,32420,2.9973553250263113e-06,0.247344970703125,586.2326101148501
100.0,32440,2.9793465663945744e-06,0.24749755859375,586.5910874609835
100.0,32460,2.961445960933368e-06,0.247650146484375,586.9525708518922
100.0,32480,2.9436528572178813e-06,0.247802734375,587.3110756049864
100.0,32500,2.925966611425235e-06,0.247955322265625,587.6719929999672
100.0,32520,2.908386581054217e-06,0.24810791015625,588.0314094140194
100.0,32540,2.8909121285809423e-06,0.248260498046875,588.3942222199403
100.0,32560,2.8735426195381795e-06,0.2484130859375,588.7532926690765
100.0,32580,2.8562774238364226e-06,0.248565673828125,589.1143862348981
100.0,32600,2.839115914371163e-06,0.24871826171875,589.4702197927982
100.0,32620,2.8220574698128165e-06,0.248870849609375,589.8306478559971
100.0,32640,2.805101470209518e-06,0.2490234375,590.1889289128594
100.0,32660,2.7882473013624257e-06,0.249176025390625,590.5502437618561
100.0,32680,2.7714943499765415e-06,0.24932861328125,590.9089638520963
100.0,32700,2.754842009611376e-06,0.249481201171875,591.2677076929249
100.0,32720,2.738289675737188e-06,0.2496337890625,591.627418581862
100.0,32740,2.7218367474890247e-06,0.249786376953125,591.9888936211355
100.0,32760,2.7054826279183116e-06,0.24993896484375,592.3468651529402
100.0,32780,2.689226723958006e-06,0.250091552734375,592.7156477710232
100.0,32800,2.6730684453909308e-06,0.250244140625,593.0821703169495
100.0,32820,2.65700720641641e-06,0.250396728515625,593.4531976650469
100.0,32840,2.6410424236061398e-06,0.25054931640625,593.8251703311689
100.0,32860,2.625173518300991e-06,0.250701904296875,594.1986881559715
100.0,32880,2.6093999143905447e-06,0.2508544921875,594.5676086428575
100.0,32900,2.593721039303765e-06,0.251007080078125,594.9384722770192
100.0,32920,2.578136324385722e-06,0.25115966796875,595.3087980621494
100.0,32940,2.562645204899509e-06,0.251312255859375,595.6816701819189
100.0,32960,2.5472471181389528e-06,0.25146484375,596.0482977819629
100.0,32980,2.531941504951761e-06,0.251617431640625,596.4086901159026
100.0,33000,2.5167278103180506e-06,0.25177001953125,596.766581628006
100.0,33020,2.5016054819489884e-06,0.251922607421875,597.1255084211007
100.0,33040,2.486573972360151e-06,0.2520751953125,597.4823013348505
100.0,33060,2.4716327345853935e-06,0.252227783203125,597.8419219399802
100.0,33080,2.4567812276885727e-06,0.25238037109375,598.2006686050445
100.0,33100,2.4420189118991676e-06,0.252532958984375,598.5610089781694
100.0,33120,2.427345251903391e-06,0.252685546875,598.9194227559492
100.0,33140,2.4127597158648512e-06,0.252838134765625,599.2796545098536
100.0,33160,2.398261773191569e-06,0.25299072265625,599.6396821429953
100.0,33180,2.38385089955752e-06,0.253143310546875,599.9998644487932
100.0,33200,2.369526570951355e-06,0.2532958984375,600.3567288210616
100.0,33220,2.355288267458102e-06,0.253448486328125,600.7175111500546
100.0,33240,2.34113547321761e-06,0.25360107421875,601.0757590611465
100.0,33260,2.3270676742491094e-06,0.253753662109375,601.4348537237383
100.0,33280,2.3130843603443925e-06,0.25390625,601.7946985368617
100.0,33300,2.299185023980297e-06,0.254058837890625,602.1562860808335
100.0,33320,2.2853691601788384e-06,0.25421142578125,602.5165172028355
100.0,33340,2.271636269340352e-06,0.254364013671875,602.8768265829422
100.0,33360,2.2579858517609653e-06,0.2545166015625,603.2355934958905
100.0,33380,2.244417412803206e-06,0.254669189453125,603.5953866681084
100.0,33400,2.230930459489519e-06,0.25482177734375,603.9539654529653
100.0,33420,2.2175245030351574e-06,0.254974365234375,604.3149258159101
100.0,33440,2.204199056012494e-06,0.255126953125,604.6769968839362
100.0,33460,2.190953636903892e-06,0.255279541015625,605.0413616988808
100.0,33480,2.1777877632803335e-06,0.25543212890625,605.404074256774
100.0,33500,2.164700958028111e-06,0.255584716796875,605.7723998981528
100.0,33520,2.1516927477582717e-06,0.2557373046875,606.1317632091232
100.0,33540,2.1387626572590957e-06,0.255889892578125,606.4932559127919
100.0,33560,2.1259102209061762e-06,0.25604248046875,606.8525470159948
100.0,33580,2.1131349690429173e-06,0.256195068359375,607.2178027140908
100.0,33600,2.1004364404985546e-06,0.25634765625,607.5810986221768
100.0,33620,2.08781417295759e-06,0.256500244140625,607.9445776208304
100.0,33640,2.0752677111913135e-06,0.25665283203125,608.3050098200329
100.0,33660,2.0627965963128896e-06,0.256805419921875,608.6671902071685
100.0,33680,2.0504003777240208e-06,0.2569580078125,609.0270738829859
100.0,33700,2.0380786062305875e-06,0.257110595703125,609.3899516877718
100.0,33720,2.025830832868553e-06,0.25726318359375,609.7500551249832
100.0,33740,2.0136566150117222e-06,0.257415771484375,610.1112726721913
100.0,33760,2.001555509716916e-06,0.257568359375,610.4695529071614
100.0,33780,1.9895270792603346e-06,0.257720947265625,610.8302406957373
100.0,33800,1.9775708858068362e-06,0.25787353515625,611.187806260772
100.0,33820,1.965686495681642e-06,0.258026123046875,611.5491633377969
100.0,33840,1.9538734787507628e-06,0.2581787109375,611.9078868520446
100.0,33860,1.9421314057365137e-06,0.258331298828125,612.2752098268829
100.0,33880,1.930459850553006e-06,0.25848388671875,612.6376214819029
100.0,33900,1.918858389351594e-06,0.258636474609375,613.0012364480644
100.0,33920,1.9073266020937397e-06,0.2587890625,613.3609718899243
100.0,33940,1.8958640692127886e-06,0.258941650390625,613.7264357241802
100.0,33960,1.8844703754056895e-06,0.25909423828125,614.0884975488298
100.0,33980,1.873145107585683e-06,0.259246826171875,614.4517811299302
100.0,34000,1.8618878540294739e-06,0.2593994140625,614.8129276190884
100.0,34020,1.8506982077068675e-06,0.259552001953125,615.1734567298554
100.0,34040,1.8395757613702334e-06,0.25970458984375,615.5315097738057
100.0,34060,1.8285201109225835e-06,0.259857177734375,615.8911125939339
100.0,34080,1.8175308566085543e-06,0.260009765625,616.2502393107861
100.0,34100,1.8066075987576555e-06,0.260162353515625,616.6096395640634
100.0,34120,1.795749942071508e-06,0.26031494140625,616.9658392439596
100.0,34140,1.7849574906307073e-06,0.260467529296875,617.3250524387695
100.0,34160,1.7742298556691042e-06,0.2606201171875,617.6822115457617
100.0,34180,1.763566645172673e-06,0.260772705078125,618.0451747877523
100.0,34200,1.7529674742119884e-06,0.26092529296875,618.4040362811647
100.0,34220,1.7424319568005773e-06,0.261077880859375,618.7675781170838
100.0,34240,1.731959712107148e-06,0.26123046875,619.1277229511179
100.0,34260,1.7215503584837436e-06,0.261383056640625,619.4885932807811
100.0,34280,1.7112035195299696e-06,0.26153564453125,619.8467922350392
100.0,34300,1.7009188193798124e-06,0.261688232421875,620.2070054830983
100.0,34320,1.6906958849642715e-06,0.2618408203125,620.5648260368034
100.0,34340,1.6805343452032945e-06,0.261993408203125,620.924818942789
100.0,34360,1.6704338308704344e-06,0.26214599609375,621.2832419937477
100.0,34380,1.6603939769507256e-06,0.262298583984375,621.6434976509772
100.0,34400,1.650414417577321e-06,0.262451171875,622.0012834877707
100.0,34420,1.6404947917669825e-06,0.262603759765625,622.3607156439684
100.0,34440,1.6306347389868712e-06,0.26275634765625,622.7182243801653
100.0,34460,1.6208339013517472e-06,0.262908935546875,623.0790995969437
100.0,34480,1.611091923999357e-06,0.2630615234375,623.4373939121142
100.0,34500,1.601408453183026e-06,0.263214111328125,623.7982763578184
100.0,34520,1.5917831371949333e-06,0.26336669921875,624.1562931020744
100.0,34540,1.582215626875285e-06,0.263519287109375,624.5179986981675
100.0,34560,1.5727055749987428e-06,0.263671875,624.8775739897974
100.0,34580,1.5632526363329952e-06,0.263824462890625,625.2392092198133
100.0,34600,1.5538564687351061e-06,0.26397705078125,625.5972985527478
100.0,34620,1.5445167307712607e-06,0.264129638671875,625.9586972580291
100.0,34640,1.5352330835514097e-06,0.2642822265625,626.3159999018535
100.0,34660,1.526005190003142e-06,0.264434814453125,626.6789911119267
100.0,34680,1.5168327154412512e-06,0.26458740234375,627.0402824599296
100.0,34700,1.5077153271766324e-06,0.264739990234375,627.4035976040177
100.0,34720,1.4986526943531285e-06,0.264892578125,627.7643098067492
100.0,34740,1.4896444877601742e-06,0.265045166015625,628.124783041887
100.0,34760,1.4806903813888595e-06,0.26519775390625,628.4837520220317
100.0,34780,1.4717900498586367e-06,0.265350341796875,628.8444277551025
100.0,34800,1.4629431699110254e-06,0.2655029296875,629.202737281099
100.0,34820,1.4541494212859558e-06,0.265655517578125,629.5654353587888
100.0,34840,1.4454084840309803e-06,0.26580810546875,629.9258511248045
100.0,34860,1.4367200414734748e-06,0.265960693359375,630.2856773021631
100.0,34880,1.4280837780859065e-06,0.26611328125,630.643067475874
100.0,34900,1.4194993814553762e-06,0.266265869140625,631.0033003208227
100.0,34920,1.4109665387420664e-06,0.26641845703125,631.361333026085
100.0,34940,1.4024849415952787e-06,0.266571044921875,631.7241974119097
100.0,34960,1.3940542813396934e-06,0.2667236328125,632.0831894050352
100.0,34980,1.3856742521244326e-06,0.266876220703125,632.44596975483
100.0,35000,1.3773445503391617e-06,0.26702880859375,632.8044972801581
100.0,35020,1.369064874268351e-06,0.267181396484375,633.1823258120567
100.0,35040,1.3608349218889745e-06,0.267333984375,633.5404813559726
100.0,35060,1.3526543955369776e-06,0.267486572265625,633.8999018459581
100.0,35080,1.3445229987089168e-06,0.26763916015625,634.2573038158007
100.0,35100,1.3364404361639292e-06,0.267791748046875,634.6165785361081
100.0,35120,1.3284064139915238e-06,0.2679443359375,634.9727311520837
100.0,35140,1.3204206413372052e-06,0.268096923828125,635.3325680228882
100.0,35160,1.3124828284218539e-06,0.26824951171875,635.6908186180517
100.0,35180,1.3045926871046063e-06,0.268402099609375,636.0518959420733
100.0,35200,1.296749930851009e-06,0.2685546875,636.4108463870361
100.0,35220,1.288954274853752e-06,0.268707275390625,636.773735716939
100.0,35240,1.2812054370516498e-06,0.26885986328125,637.1303907427937
100.0,35260,1.2735031368630318e-06,0.269012451171875,637.4890523809008
100.0,35280,1.2658470927835291e-06,0.2691650390625,637.8461358640343
100.0,35300,1.2582370283521537e-06,0.269317626953125,638.2052578451112
100.0,35320,1.250672666740907e-06,0.26947021484375,638.5621619317681
100.0,35340,1.243153734988776e-06,0.269622802734375,638.9206494921818
100.0,35360,1.2356799585337237e-06,0.269775390625,639.2772885947488
100.0,35380,1.2282510670074372e-06,0.269927978515625,639.6370941027999
100.0,35400,1.220866790965412e-06,0.27008056640625,639.9938752921298
100.0,35420,1.2135268619933664e-06,0.270233154296875,640.3528091739863
100.0,35440,1.2062310149725122e-06,0.2703857421875,640.7096999031492
100.0,35460,1.1989789829311487e-06,0.270538330078125,641.0698035997339
100.0,35480,1.1917705050286638e-06,0.27069091796875,641.4278284450993
100.0,35500,1.1846053181198355e-06,0.270843505859375,641.7888070438057
100.0,35520,1.1774831632496458e-06,0.27099609375,642.1466310829856
100.0,35540,1.1704037813020597e-06,0.271148681640625,642.5069534610957
100.0,35560,1.1633669160820383e-06,0.27130126953125,642.86703907419
100.0,35580,1.1563723119063453e-06,0.271453857421875,643.2287215180695
100.0,35600,1.1494197148469058e-06,0.2716064453125,643.5888889627531
100.0,35620,1.142508871879022e-06,0.271759033203125,643.9523630561307
100.0,35640,1.1356395342252521e-06,0.27191162109375,644.3124696677551
100.0,35660,1.1288114515616227e-06,0.272064208984375,644.6732125021517
100.0,35680,1.1220243748978908e-06,0.272216796875,645.0324896858074
100.0,35700,1.1152780597095733e-06,0.272369384765625,645.3972200830467
100.0,35720,1.1085722609978142e-06,0.27252197265625,645.7584494547918
100.0,35740,1.101906734532078e-06,0.272674560546875,646.118572158739
100.0,35760,1.0952812400481554e-06,0.2728271484375,646.4769063289277
100.0,35780,1.0886955349662083e-06,0.272979736328125,646.8362254188396
100.0,35800,1.0821493826107497e-06,0.27313232421875,647.1938992831856
100.0,35820,1.0756425433824195e-06,0.273284912109375,647.5537793231197
100.0,35840,1.069174782863801e-06,0.2734375,647.911219575908
100.0,35860,1.0627458656046348e-06,0.273590087890625,648.2700943979435
100.0,35880,1.0563555579192654e-06,0.27374267578125,648.6270506661385
100.0,35900,1.050003628920684e-06,0.273895263671875,648.9862717930228
100.0,35920,1.0436898474181175e-06,0.2740478515625,649.3441841127351
100.0,35940,1.0374139853229944e-06,0.274200439453125,649.7040946660563
100.0,35960,1.0311758131667766e-06,0.27435302734375,650.0627972609363
100.0,35980,1.0249751060650325e-06,0.274505615234375,650.4230290539563
100.0,36000,1.0188116378571057e-06,0.274658203125,650.7827635551803
100.0,36020,1.0126851864053429e-06,0.274810791015625,651.1435476769693
100.0,36040,1.0065955280136587e-06,0.27496337890625,651.5009326138534
100.0,36060,1.0005424419712665e-06,0.275115966796875,651.8610292519443
100.0,36080,9.945257099783346e-07,0.2752685546875,652.2189478110522
100.0,36100,9.885451127953708e-07,0.275421142578125,652.578395687975
100.0,36120,9.826004321709793e-07,0.27557373046875,652.9405184770003
100.0,36140,9.766914554484139e-07,0.275726318359375,653.3065349790268
100.0,36160,9.708179646543417e-07,0.27587890625,653.6689356989227
100.0,36180,9.649797491596469e-07,0.276031494140625,654.0300559708849
100.0,36200,9.591765957462155e-07,0.27618408203125,654.3902723640203
100.0,36220,9.534082952467308e-07,0.276336669921875,654.753174380865
100.0,36240,9.476746363520432e-07,0.2764892578125,655.1119580278173
100.0,36260,9.419754139124068e-07,0.276641845703125,655.4732675999403
100.0,36280,9.363104190762224e-07,0.27679443359375,655.8325500711799
100.0,36300,9.306794462534221e-07,0.276947021484375,656.1923695891164
100.0,36320,9.250822918473842e-07,0.277099609375,656.5490992357954
100.0,36340,9.195187512396697e-07,0.277252197265625,656.9108268418349
100.0,36360,9.139886255033718e-07,0.27740478515625,657.2682844288647
100.0,36380,9.08491711786433e-07,0.277557373046875,657.6287182797678
100.0,36400,9.030278105546421e-07,0.2777099609375,657.9897965951823
100.0,36420,8.975967244313963e-07,0.277862548828125,658.3517068517394
100.0,36440,8.921982566046287e-07,0.27801513671875,658.7099656071514
100.0,36460,8.868322103668645e-07,0.278167724609375,659.0697364080697
100.0,36480,8.814983913257383e-07,0.2783203125,659.4266650690697
100.0,36500,8.761966056383761e-07,0.278472900390625,659.7908701547422
100.0,36520,8.70926661412302e-07,0.27862548828125,660.1477237227373
100.0,36540,8.656883675865805e-07,0.278778076171875,660.5087448088452
100.0,36560,8.604815332040388e-07,0.2789306640625,660.8683524560183
100.0,36580,8.553059702699242e-07,0.279083251953125,661.2297076508403
100.0,36600,8.501614903319479e-07,0.27923583984375,661.5887285731733
100.0,36620,8.45047906958408e-07,0.279388427734375,661.9484204859473
100.0,36640,8.399650348874329e-07,0.279541015625,662.3054223870859
100.0,36660,8.34912689845347e-07,0.279693603515625,662.6668277508579
100.0,36680,8.298906867763841e-07,0.27984619140625,663.0242723501287
100.0,36700,8.248988462130072e-07,0.279998779296875,663.3855189457536
100.0,36720,8.199369851883078e-07,0.2801513671875,663.7431363407522
100.0,36740,8.150049239774489e-07,0.280303955078125,664.1023681731895
100.0,36760,8.101024838814386e-07,0.28045654296875,664.460315420758
100.0,36780,8.052294870707408e-07,0.280609130859375,664.8202902618796
100.0,36800,8.003857561950772e-07,0.28076171875,665.1770740738139
100.0,36820,7.955711163004753e-07,0.280914306640625,665.536596132908
100.0,36840,7.907853911663122e-07,0.28106689453125,665.8945408877917
100.0,36860,7.860284093981045e-07,0.281219482421875,666.2546041808091
100.0,36880,7.812999972295914e-07,0.2813720703125,666.6121431789361
100.0,36900,7.765999828403523e-07,0.281524658203125,666.9703166079707
100.0,36920,7.719281954727085e-07,0.28167724609375,667.3275406141765
100.0,36940,7.67284466796627e-07,0.281829833984375,667.6894703768194
100.0,36960,7.626686270891816e-07,0.281982421875,668.0493277171627
100.0,36980,7.580805088410782e-07,0.282135009765625,668.4103501350619
100.0,37000,7.535199473713361e-07,0.28228759765625,668.7689703768119
100.0,37020,7.489867752864117e-07,0.282440185546875,669.1303402530029
100.0,37040,7.444808290142554e-07,0.2825927734375,669.4922559768893
100.0,37060,7.400019444928052e-07,0.282745361328125,669.8573946440592
100.0,37080,7.355499594635601e-07,0.28289794921875,670.2187366308644
100.0,37100,7.311247128047996e-07,0.283050537109375,670.5816246299073
100.0,37120,7.267260433083606e-07,0.283203125,670.941072287038
100.0,37140,7.223537919352297e-07,0.283355712890625,671.3036922179163
100.0,37160,7.180078003963798e-07,0.28350830078125,671.6635538330302
100.0,37180,7.136879095918713e-07,0.283660888671875,672.0258721797727
100.0,37200,7.093939632706743e-07,0.2838134765625,672.3830980891362
100.0,37220,7.051258062749942e-07,0.283966064453125,672.7426426587626
100.0,37240,7.008832836321809e-07,0.28411865234375,673.0999595527537
100.0,37260,6.966662409325712e-07,0.284271240234375,673.4588337731548
100.0,37280,6.924745258077765e-07,0.284423828125,673.8164530410431
100.0,37300,6.88307985402001e-07,0.284576416015625,674.1782691390254
100.0,37320,6.841664691080448e-07,0.28472900390625,674.5368193350732
100.0,37340,6.800498263905019e-07,0.284881591796875,674.8990574819036
100.0,37360,6.759579075187365e-07,0.2850341796875,675.2572444188409
100.0,37380,6.718905643804141e-07,0.285186767578125,675.6175773208961
100.0,37400,6.678476501216689e-07,0.28533935546875,675.9752657250501
100.0,37420,6.638290167141977e-07,0.285491943359375,676.33536326373
100.0,37440,6.598345193053167e-07,0.28564453125,676.6931409290992
100.0,37460,6.558640127857269e-07,0.285797119140625,677.0529149849899
100.0,37480,6.519173525973689e-07,0.28594970703125,677.4103556578048
100.0,37500,6.479943961097573e-07,0.286102294921875,677.7699622437358
100.0,37520,6.440950012381105e-07,0.2862548828125,678.1288304459304
100.0,37540,6.402190247117444e-07,0.286407470703125,678.4882934140041
100.0,37560,6.36366328427785e-07,0.28656005859375,678.8463927819394
100.0,37580,6.325367715117398e-07,0.286712646484375,679.2074233209714
100.0,37600,6.28730213747073e-07,0.286865234375,679.5644524400122
100.0,37620,6.249465188513106e-07,0.287017822265625,679.9238327648491
100.0,37640,6.211855487977739e-07,0.28717041015625,680.281178727746
100.0,37660,6.174471669893362e-07,0.287322998046875,680.6405282011256
100.0,37680,6.137312381557474e-07,0.2874755859375,680.9977255999111
100.0,37700,6.100376271524914e-07,0.287628173828125,681.3576634898782
100.0,37720,6.06366199828841e-07,0.28778076171875,681.716835448984
100.0,37740,6.027168238925128e-07,0.287933349609375,682.0766096948646
100.0,37760,5.990893655064306e-07,0.2880859375,682.4336120868102
100.0,37780,5.954836940574045e-07,0.288238525390625,682.7944531161338
100.0,37800,5.918996784948974e-07,0.28839111328125,683.1522429790348
100.0,37820,5.883371892936178e-07,0.288543701171875,683.5127467550337
100.0,37840,5.847960953262011e-07,0.2886962890625,683.8713304470293
100.0,37860,5.81276270568251e-07,0.288848876953125,684.232328531798
100.0,37880,5.777775848679214e-07,0.28900146484375,684.5898902118206
100.0,37900,5.742999139795427e-07,0.289154052734375,684.9538747151382
100.0,37920,5.708431296471654e-07,0.289306640625,685.317354044877
100.0,37940,5.674071074472554e-07,0.289459228515625,685.6848289277405
100.0,37960,5.639917220178373e-07,0.28961181640625,686.0488627790473
100.0,37980,5.605968497956943e-07,0.289764404296875,686.4250117358752
100.0,38000,5.572223674617772e-07,0.2899169921875,686.7967256759293
100.0,38020,5.53868152672104e-07,0.290069580078125,687.1645073099062
100.0,38040,5.505340840725957e-07,0.29022216796875,687.5263629318215
100.0,38060,5.472200406554176e-07,0.290374755859375,687.8912742668763
100.0,38080,5.439259006128197e-07,0.29052734375,688.2561617898755
100.0,38100,5.406515469622628e-07,0.290679931640625,688.620127286762
100.0,38120,5.373968588525682e-07,0.29083251953125,688.9794105491601
100.0,38140,5.34161719642772e-07,0.290985107421875,689.3407080550678
100.0,38160,5.309460102673026e-07,0.2911376953125,689.7016544388607
100.0,38180,5.277496153417905e-07,0.291290283203125,690.0621712929569
100.0,38200,5.245724191158422e-07,0.29144287109375,690.4202974969521
100.0,38220,5.214143060544975e-07,0.291595458984375,690.7802500580437
100.0,38240,5.182751600774971e-07,0.291748046875,691.1395667959005
100.0,38260,5.151548692994512e-07,0.291900634765625,691.500042444095
100.0,38280,5.12053319538725e-07,0.29205322265625,691.8607431207784
100.0,38300,5.08970398260899e-07,0.292205810546875,692.2200849931687
100.0,38320,5.059059943261516e-07,0.2923583984375,692.5778929898515
100.0,38340,5.028599953495063e-07,0.292510986328125,692.938788884785
100.0,38360,4.998322916962756e-07,0.29266357421875,693.2962979520671
100.0,38380,4.968227736777596e-07,0.292816162109375,693.6573991891928
100.0,38400,4.938313306551867e-07,0.29296875,694.017493893858
100.0,38420,4.908578556595173e-07,0.293121337890625,694.3804542417638
100.0,38440,4.879022405679394e-07,0.29327392578125,694.7400839589536
100.0,38460,4.849643774406973e-07,0.293426513671875,695.1028527040035
100.0,38480,4.820441601310222e-07,0.2935791015625,695.4616926778108
100.0,38500,4.791414827598163e-07,0.293731689453125,695.8242851607502
100.0,38520,4.762562395403273e-07,0.29388427734375,696.1834863098338
100.0,38540,4.73388325690226e-07,0.294036865234375,696.554486961104
100.0,38560,4.705376384047528e-07,0.294189453125,696.9232706511393
100.0,38580,4.677040731201714e-07,0.294342041015625,697.2927782530896
100.0,38600,4.6488752771255954e-07,0.29449462890625,697.6643958007917
100.0,38620,4.6208789924787655e-07,0.294647216796875,698.0399361830205
100.0,38640,4.5930508606569446e-07,0.2947998046875,698.40879879985
100.0,38660,4.565389879303791e-07,0.294952392578125,698.7832311508246
100.0,38680,4.537895041271055e-07,0.29510498046875,699.1525892890058
100.0,38700,4.5105653500985665e-07,0.295257568359375,699.5239354539663
100.0,38720,4.483399811566624e-07,0.29541015625,699.8965621469542
100.0,38740,4.456397437788589e-07,0.295562744140625,700.2641193130985
100.0,38760,4.4295572587366885e-07,0.29571533203125,700.621201063972
100.0,38780,4.402878297915583e-07,0.295867919921875,700.981043622829
100.0,38800,4.376359572769747e-07,0.2960205078125,701.33824374713
100.0,38820,4.3500001381546224e-07,0.296173095703125,701.7000017538667
100.0,38840,4.3237990364092784e-07,0.29632568359375,702.0599551261403
100.0,38860,4.297755312616771e-07,0.296478271484375,702.4200548278168
100.0,38880,4.271868009010591e-07,0.296630859375,702.7789706047624
100.0,38900,4.246136210916015e-07,0.296783447265625,703.146821113769
100.0,38920,4.2205589674894044e-07,0.29693603515625,703.5089183477685
100.0,38940,4.1951353604384385e-07,0.297088623046875,703.8777590948157
100.0,38960,4.169864454719489e-07,0.2972412109375,704.2409093240276
100.0,38980,4.144745346220578e-07,0.297393798828125,704.6096310480498
100.0,39000,4.119777120249139e-07,0.29754638671875,704.9744400619529
100.0,39020,4.0949588652912916e-07,0.297698974609375,705.3416135217994
100.0,39040,4.070289676443232e-07,0.2978515625,705.7059540539049
100.0,39060,4.0457686798241423e-07,0.298004150390625,706.071679817047
100.0,39080,4.0213949686814053e-07,0.29815673828125,706.4374644798227
100.0,39100,3.997167665138582e-07,0.298309326171875,706.7989539401606
100.0,39120,3.973085888040134e-07,0.2984619140625,707.157718249131
100.0,39140,3.9491487578861143e-07,0.298614501953125,707.5189889990725
100.0,39160,3.925355408683493e-07,0.29876708984375,707.8794577168301
100.0,39180,3.901704987898254e-07,0.298919677734375,708.2382748387754
100.0,39200,3.8781966289059985e-07,0.299072265625,708.5971726919524
100.0,39220,3.854829470825961e-07,0.299224853515625,708.9575133947656
100.0,39240,3.83160268572963e-07,0.29937744140625,709.3167430139147
100.0,39260,3.8085154129191355e-07,0.299530029296875,709.6777575411834
100.0,39280,3.785566825084469e-07,0.2996826171875,710.0353755778633
100.0,39300,3.762756076610489e-07,0.299835205078125,710.3950980920345
100.0,39320,3.7400823566334004e-07,0.29998779296875,710.7531705438159
100.0,39340,3.7175448382325884e-07,0.300140380859375,711.1134913791902
100.0,39360,3.6951426880363966e-07,0.30029296875,711.4713163399138
100.0,39380,3.672875110895449e-07,0.300445556640625,711.8323960569687
100.0,39400,3.650741294403655e-07,0.30059814453125,712.1929113389924
100.0,39420,3.628740440408529e-07,0.300750732421875,712.5532605238259
100.0,39440,3.6068717376988286e-07,0.3009033203125,712.911823538132
100.0,39460,3.585134399154019e-07,0.301055908203125,713.2732481379062
100.0,39480,3.563527637812713e-07,0.30120849609375,713.6311356951483
100.0,39500,3.5420506673471663e-07,0.301361083984375,713.9930765829049
100.0,39520,3.5207027093839284e-07,0.301513671875,714.3558635129593
100.0,39540,3.4994829837228443e-07,0.301666259765625,714.72670319397
100.0,39560,3.478390739069112e-07,0.30181884765625,715.0953793860972
100.0,39580,3.4574251884195096e-07,0.301971435546875,715.4665561891161
100.0,39600,3.4365855815216916e-07,0.3021240234375,715.8348190928809
100.0,39620,3.4158711574913573e-07,0.302276611328125,716.2077259509824
100.0,39640,3.3952811691396e-07,0.30242919921875,716.5759593248367
100.0,39660,3.3748148696982633e-07,0.302581787109375,716.948591966182
100.0,39680,3.354471515380348e-07,0.302734375,717.3169741341844
100.0,39700,3.334250364225062e-07,0.302886962890625,717.6882565519772
100.0,39720,3.3141506966534924e-07,0.30303955078125,718.0570241287351
100.0,39740,3.2941717551764843e-07,0.303192138671875,718.4181131888181
100.0,39760,3.2743128468552384e-07,0.3033447265625,718.7768145729788
100.0,39780,3.254573224127835e-07,0.303497314453125,719.1395942829549
100.0,39800,3.2349521898615824e-07,0.30364990234375,719.5021151471883
100.0,39820,3.2154490327782236e-07,0.303802490234375,719.8665328547359
100.0,39840,3.1960630250541134e-07,0.303955078125,720.2258528969251
100.0,39860,3.1767934818092294e-07,0.304107666015625,720.5870851338841
100.0,39880,3.157639696529101e-07,0.30426025390625,720.9462588247843
100.0,39900,3.1386009782485346e-07,0.304412841796875,721.3092033811845
100.0,39920,3.1196766297292343e-07,0.3045654296875,721.6705949571915
100.0,39940,3.1008659704978996e-07,0.304718017578125,722.034350275062
100.0,39960,3.08216831805423e-07,0.30487060546875,722.3952643550001
100.0,39980,3.06358299158852e-07,0.305023193359375,722.7578769158572
100.0,40000,3.045109312804358e-07,0.30517578125,723.1190242259763
100.0,40020,3.026746618475056e-07,0.305328369140625,723.5026359227486
100.0,40040,3.008494237413387e-07,0.30548095703125,723.8622613437474
100.0,40060,2.9903515119701504e-07,0.305633544921875,724.2234732927755
100.0,40080,2.9723177792688333e-07,0.3057861328125,724.5814009848982
100.0,40100,2.9543923881324797e-07,0.305938720703125,724.9443231998011
100.0,40120,2.936574680418678e-07,0.30609130859375,725.3043825468048
100.0,40140,2.918864025296347e-07,0.306243896484375,725.6667732628994
100.0,40160,2.9012597669578233e-07,0.306396484375,726.0268459580839
100.0,40180,2.883761272474714e-07,0.306549072265625,726.3874299549498
100.0,40200,2.8663679034194633e-07,0.30670166015625,726.7495150021277
100.0,40220,2.8490790319644975e-07,0.306854248046875,727.1140489289537
100.0,40240,2.831894027004701e-07,0.3070068359375,727.4723182287998
100.0,40260,2.814812270236507e-07,0.307159423828125,727.833641750738
100.0,40280,2.7978331401462295e-07,0.30731201171875,728.1913129910827
100.0,40300,2.7809560140389497e-07,0.307464599609375,728.5504129207693
100.0,40320,2.764180285292704e-07,0.3076171875,728.9118607230484
100.0,40340,2.7475053436530204e-07,0.307769775390625,729.2771982527338
100.0,40360,2.730930597205052e-07,0.30792236328125,729.6375488000922
100.0,40380,2.714455413269704e-07,0.308074951171875,729.9976328299381
100.0,40400,2.698079226823635e-07,0.3082275390625,730.3546500727534
100.0,40420,2.6818014299140166e-07,0.308380126953125,730.7180290147662
100.0,40440,2.665621428696531e-07,0.30853271484375,731.0761562897824
100.0,40460,2.649538639251446e-07,0.308685302734375,731.4375809710473
100.0,40480,2.633552479411195e-07,0.308837890625,731.7970927860588
100.0,40500,2.6176623711734535e-07,0.308990478515625,732.1631566830911
100.0,40520,2.601867734172483e-07,0.30914306640625,732.5272763520479
100.0,40540,2.5861679872020115e-07,0.309295654296875,732.8924445700832
100.0,40560,2.570562580335183e-07,0.3094482421875,733.2532601440325
100.0,40580,2.5550509346509746e-07,0.309600830078125,733.6146694738418
100.0,40600,2.539632484942764e-07,0.30975341796875,733.9737905329093
100.0,40620,2.524306679360651e-07,0.309906005859375,734.3381335078739
100.0,40640,2.5090729592520387e-07,0.31005859375,734.7035079589114
100.0,40660,2.4939307637996794e-07,0.310211181640625,735.0701385838911
100.0,40680,2.4788795600605536e-07,0.31036376953125,735.4347696737386
100.0,40700,2.463918787647018e-07,0.310516357421875,735.7978956489824
100.0,40720,2.449047910823665e-07,0.3106689453125,736.1598746711388
100.0,40740,2.434266391381409e-07,0.310821533203125,736.5247997548431
100.0,40760,2.4195736871484336e-07,0.31097412109375,736.8873770567589
100.0,40780,2.404969259775734e-07,0.311126708984375,737.2501698550768
100.0,40800,2.390452597912938e-07,0.311279296875,737.6064199740067
100.0,40820,2.3760231559475527e-07,0.311431884765625,737.9658383908682
100.0,40840,2.361680419508631e-07,0.31158447265625,738.3264680211432
100.0,40860,2.3474238711008106e-07,0.311737060546875,738.6888331919909
100.0,40880,2.3332529865462732e-07,0.3118896484375,739.047658004798
100.0,40900,2.3191672629922875e-07,0.312042236328125,739.4112347490154
100.0,40920,2.3051661696202387e-07,0.31219482421875,739.7723331009038
100.0,40940,2.291249217440296e-07,0.312347412109375,740.1344899670221
100.0,40960,2.2774158850342547e-07,0.3125,740.4949419419281
100.0,40980,2.263665683357733e-07,0.312652587890625,740.8576455279253
100.0,41000,2.2499981161359667e-07,0.31280517578125,741.216382869985
100.0,41020,2.2364126713702214e-07,0.312957763671875,741.5769228371792
100.0,41040,2.2229088728085736e-07,0.3131103515625,741.9351459038444
100.0,41060,2.209486211231396e-07,0.313262939453125,742.2953665717505
100.0,41080,2.1961442245636784e-07,0.31341552734375,742.6555562880822
100.0,41100,2.1828824073347097e-07,0.313568115234375,743.0149884037673
100.0,41120,2.1697002885392018e-07,0.313720703125,743.373918640893
100.0,41140,2.1565973929075324e-07,0.313873291015625,743.7364794509485
100.0,41160,2.1435732304306755e-07,0.31402587890625,744.0954086170532
100.0,41180,2.1306273459221129e-07,0.314178466796875,744.4559897999279
100.0,41200,2.117759264998098e-07,0.3143310546875,744.8143160678446
100.0,41220,2.1049685124834566e-07,0.314483642578125,745.1743026250042
100.0,41240,2.0922546281756984e-07,0.31463623046875,745.5328926360235
100.0,41260,2.0796171532197794e-07,0.314788818359375,745.8941468019038
100.0,41280,2.067055629844925e-07,0.31494140625,746.252040436957
100.0,41300,2.0545695948242806e-07,0.315093994140625,746.6124989008531
100.0,41320,2.0421586035832718e-07,0.31524658203125,746.9705561711453
100.0,41340,2.0298222059267265e-07,0.315399169921875,747.3312708367594
100.0,41360,2.017559944812288e-07,0.3155517578125,747.6902247471735
100.0,41380,2.0053713892793072e-07,0.315704345703125,748.0529230348766
100.0,41400,1.9932560891905703e-07,0.31585693359375,748.4116696100682
100.0,41420,1.981213602116132e-07,0.316009521484375,748.772952657193
100.0,41440,1.9692434891530009e-07,0.316162109375,749.1311809211038
100.0,41460,1.9573453339571063e-07,0.316314697265625,749.4948356808163
100.0,41480,1.945518680305791e-07,0.31646728515625,749.8555927658454
100.0,41500,1.9337631167369426e-07,0.316619873046875,750.2154164188541
100.0,41520,1.9220782069879718e-07,0.3167724609375,750.5733813019469
100.0,41540,1.9104635364048877e-07,0.316925048828125,750.9329333519563
100.0,41560,1.898918667396226e-07,0.31707763671875,751.2901339558885
100.0,41580,1.8874432006078174e-07,0.317230224609375,751.6515991920605
100.0,41600,1.8760367093274478e-07,0.3173828125,752.0119804809801
100.0,41620,1.8646987817252251e-07,0.317535400390625,752.3741539590992
100.0,41640,1.8534290078173404e-07,0.31768798828125,752.7331211771816
100.0,41660,1.8422269691273817e-07,0.317840576171875,753.0947744511068
100.0,41680,1.8310922687659646e-07,0.3179931640625,753.4522978081368
100.0,41700,1.8200245103491307e-07,0.318145751953125,753.8130529401824
100.0,41720,1.80902327346076e-07,0.31829833984375,754.1720746927895
100.0,41740,1.7980881681902425e-07,0.318450927734375,754.5315737011842
100.0,41760,1.7872187982288993e-07,0.318603515625,754.8886591461487
100.0,41780,1.7764147699266264e-07,0.318756103515625,755.2519590300508
100.0,41800,1.7656756891780244e-07,0.31890869140625,755.6118744700216
100.0,41820,1.7550011660094534e-07,0.319061279296875,755.9741508187726
100.0,41840,1.7443908151853493e-07,0.3192138671875,756.3329099011607
100.0,41860,1.7338442498936248e-07,0.319366455078125,756.6932738558389
100.0,41880,1.7233610975573956e-07,0.31951904296875,757.0521368011832
100.0,41900,1.7129409545511234e-07,0.319671630859375,757.412264351733
100.0,41920,1.7025834704398968e-07,0.31982421875,757.7707317438908
100.0,41940,1.6922882467558324e-07,0.319976806640625,758.1345876110718
100.0,41960,1.682054925498553e-07,0.32012939453125,758.4953334201127
100.0,41980,1.6718831169362405e-07,0.320281982421875,758.858066285029
100.0,42000,1.6617724761718205e-07,0.3204345703125,759.2162877498195
100.0,42020,1.6517226179315928e-07,0.320587158203125,759.5781855001114
100.0,42040,1.6417331884197472e-07,0.32073974609375,759.9365044380538
100.0,42060,1.6318038132385105e-07,0.320892333984375,760.2955064740963
100.0,42080,1.621934144992081e-07,0.321044921875,760.6527910027653
100.0,42100,1.6121238216560496e-07,0.321197509765625,761.0126944459043
100.0,42120,1.602372483402642e-07,0.32135009765625,761.369617338758
100.0,42140,1.5926797763556272e-07,0.321502685546875,761.7309256899171
100.0,42160,1.583045352512794e-07,0.3216552734375,762.0903293769807
100.0,42180,1.5734688660695207e-07,0.321807861328125,762.4541239589453
100.0,42200,1.5639499583534125e-07,0.32196044921875,762.8149180947803
100.0,42220,1.5544882919080917e-07,0.322113037109375,763.177021546755
100.0,42240,1.5450835232944677e-07,0.322265625,763.5358535088599
100.0,42260,1.5357353099765363e-07,0.322418212890625,763.89488621708
100.0,42280,1.5264433078971037e-07,0.32257080078125,764.2508579939604
100.0,42300,1.5172071905731022e-07,0.322723388671875,764.6107259388082
100.0,42320,1.5080266092569358e-07,0.3228759765625,764.9683528081514
100.0,42340,1.4989012433005957e-07,0.323028564453125,765.3278376059607
100.0,42360,1.4898307524824705e-07,0.32318115234375,765.6861314298585
100.0,42380,1.4808148214358883e-07,0.323333740234375,766.0461336681619
100.0,42400,1.4718531005998115e-07,0.323486328125,766.4036688609049
100.0,42420,1.4629452842986584e-07,0.323638916015625,766.7643526848406
100.0,42440,1.454091044703701e-07,0.32379150390625,767.1237930729985
100.0,42460,1.4452900575658137e-07,0.323944091796875,767.4847740037367
100.0,42480,1.4365420017902609e-07,0.3240966796875,767.8421536539681
100.0,42500,1.4278465666140723e-07,0.324249267578125,768.2008003918454
100.0,42520,1.4192034273248576e-07,0.32440185546875,768.5586383701302
100.0,42540,1.410612283248677e-07,0.324554443359375,768.9192922427319
100.0,42560,1.4020728038637505e-07,0.32470703125,769.276790895965
100.0,42580,1.3935847035327244e-07,0.324859619140625,769.6365916081704
100.0,42600,1.3851476595854223e-07,0.32501220703125,769.9947163099423
100.0,42620,1.3767613574849637e-07,0.325164794921875,770.3556455811486
100.0,42640,1.3684255046093485e-07,0.3253173828125,770.7140994840302
100.0,42660,1.360139806238969e-07,0.325469970703125,771.0742582981475
100.0,42680,1.3519039425106851e-07,0.32562255859375,771.4318969319575
100.0,42700,1.3437176291701004e-07,0.325775146484375,771.7923017130233
100.0,42720,1.3355805689418942e-07,0.325927734375,772.1521822451614
100.0,42740,1.3274924584368966e-07,0.326080322265625,772.5116823939607
100.0,42760,1.319453008706933e-07,0.32623291015625,772.8712719557807
100.0,42780,1.3114619237264106e-07,0.326385498046875,773.2337642521597
100.0,42800,1.3035189226698207e-07,0.3265380859375,773.5969820828177
100.0,42820,1.2956237031836292e-07,0.326690673828125,773.9601115430705
100.0,42840,1.287775995622956e-07,0.32684326171875,774.3192366077565
100.0,42860,1.2799755047651582e-07,0.326995849609375,774.6815961208194
100.0,42880,1.2722219510843707e-07,0.3271484375,775.042822919786
100.0,42900,1.2645150520607055e-07,0.327301025390625,775.4026253949851
100.0,42920,1.2568545290406932e-07,0.32745361328125,775.7603916949593
100.0,42940,1.249240097501975e-07,0.327606201171875,776.1226619859226
100.0,42960,1.2416714915456457e-07,0.3277587890625,776.4832215788774
100.0,42980,1.234148431202156e-07,0.327911376953125,776.8433538861573
100.0,43000,1.2266706499100858e-07,0.32806396484375,777.2015245109797
100.0,43020,1.2192378602232677e-07,0.328216552734375,777.559855686035
100.0,43040,1.211849811987426e-07,0.328369140625,777.9167696167715
100.0,43060,1.2045062241774035e-07,0.328521728515625,778.2770512080751
100.0,43080,1.197206834857572e-07,0.32867431640625,778.6340678599663
100.0,43100,1.1899513747607351e-07,0.328826904296875,778.9938534810208
100.0,43120,1.1827395861330151e-07,0.3289794921875,779.3506076419726
100.0,43140,1.1755712124954094e-07,0.329132080078125,779.712901705876
100.0,43160,1.1684459749315508e-07,0.32928466796875,780.0705159571953
100.0,43180,1.1613636381591957e-07,0.329437255859375,780.4302458218299
100.0,43200,1.1543239294902427e-07,0.32958984375,780.7893523611128
100.0,43220,1.1473265972368551e-07,0.329742431640625,781.1481723468751
100.0,43240,1.1403713852257469e-07,0.32989501953125,781.5056046089157
100.0,43260,1.1334580459447807e-07,0.330047607421875,781.8661068538204
100.0,43280,1.1265863323741719e-07,0.3302001953125,782.2231411091052
100.0,43300,1.1197559889433552e-07,0.330352783203125,782.580987488851
100.0,43320,1.1129667581431556e-07,0.33050537109375,782.9389776461758
100.0,43340,1.1062184190725818e-07,0.330657958984375,783.2981634149328
100.0,43360,1.0995107084223455e-07,0.330810546875,783.6555166179314
100.0,43380,1.0928433768756484e-07,0.330963134765625,784.0153296571225
100.0,43400,1.0862161973175682e-07,0.33111572265625,784.3741150051355
100.0,43420,1.0796289172869309e-07,0.331268310546875,784.7349030119367
100.0,43440,1.0730813132943185e-07,0.3314208984375,785.0931638511829
100.0,43460,1.0665731362630308e-07,0.331573486328125,785.4537157127634
100.0,43480,1.0601041522135152e-07,0.33172607421875,785.8124401988462
100.0,43500,1.0536741273998462e-07,0.331878662109375,786.1735681518912
100.0,43520,1.0472828359934184e-07,0.33203125,786.5342680579051
100.0,43540,1.0409300251746644e-07,0.332183837890625,786.8970638499595
100.0,43560,1.0346154859744171e-07,0.33233642578125,787.2561482288875
100.0,43580,1.0283389778419011e-07,0.332489013671875,787.6165961287916
100.0,43600,1.0221002730838415e-07,0.3326416015625,787.9760382990353
100.0,43620,1.0158991470849235e-07,0.332794189453125,788.3391854031943
100.0,43640,1.0097353780615585e-07,0.33294677734375,788.6978919231333
100.0,43660,1.0036087478270316e-07,0.333099365234375,789.0605970611796
100.0,43680,9.975190223069593e-08,0.333251953125,789.4217425477691
100.0,43700,9.914659775739026e-08,0.333404541015625,789.7834867471829
100.0,43720,9.854494129757231e-08,0.33355712890625,790.1444621211849
100.0,43740,9.794690909481606e-08,0.333709716796875,790.5073748831637
100.0,43760,9.735248003301035e-08,0.3338623046875,790.8664095439017
100.0,43780,9.676163298945588e-08,0.334014892578125,791.228933352977
100.0,43800,9.617434617763761e-08,0.33416748046875,791.5916241011582
100.0,43820,9.559059914742329e-08,0.334320068359375,791.95434824517
100.0,43840,9.501036878573188e-08,0.33447265625,792.3139821081422
100.0,43860,9.44336361463571e-08,0.334625244140625,792.6774097471498
100.0,43880,9.386037927090866e-08,0.33477783203125,793.0367277660407
100.0,43900,9.329057661193131e-08,0.334930419921875,793.3977707028389
100.0,43920,9.27242092071758e-08,0.3350830078125,793.7571527701803
100.0,43940,9.216125581831845e-08,0.335235595703125,794.1183273880742
100.0,43960,9.160169450644671e-08,0.33538818359375,794.4759916178882
100.0,43980,9.104550772723172e-08,0.335540771484375,794.8356939149089
100.0,44000,9.049267335216814e-08,0.335693359375,795.1940484321676
100.0,44020,8.994317157248413e-08,0.335845947265625,795.5546692488715
100.0,44040,8.939698388077899e-08,0.33599853515625,795.9169661067426
100.0,44060,8.885408822275982e-08,0.336151123046875,796.2776771280915
100.0,44080,8.831446577185434e-08,0.3363037109375,796.6418858491816
100.0,44100,8.777809838232343e-08,0.336456298828125,797.0077246869914
100.0,44120,8.724496437218415e-08,0.33660888671875,797.3712549670599
100.0,44140,8.671504575885086e-08,0.336761474609375,797.7324531767517
100.0,44160,8.618832283295172e-08,0.3369140625,798.0892615620978
100.0,44180,8.566477683197387e-08,0.337066650390625,798.4538106401451
100.0,44200,8.514438846032024e-08,0.33721923828125,798.8152857399546
100.0,44220,8.462713924322455e-08,0.337371826171875,799.1761934407987
100.0,44240,8.411300990825176e-08,0.3375244140625,799.5343141569756
100.0,44260,8.360198189496205e-08,0.337677001953125,799.8937535840087
100.0,44280,8.309403722939963e-08,0.33782958984375,800.2532660197467
100.0,44300,8.258915645952056e-08,0.337982177734375,800.6147025967948
100.0,44320,8.208732155815794e-08,0.338134765625,800.9741966878064
100.0,44340,8.158851560751187e-08,0.338287353515625,801.3348288307898
100.0,44360,8.109271907975216e-08,0.33843994140625,801.6928819338791
100.0,44380,8.059991416172307e-08,0.338592529296875,802.0540465977974
100.0,44400,8.011008340862457e-08,0.3387451171875,802.4121178770438
100.0,44420,7.962320908962972e-08,0.338897705078125,802.7754219658673
100.0,44440,7.913927252044078e-08,0.33905029296875,803.1357373641804
100.0,44460,7.865825780889187e-08,0.339202880859375,803.4982219901867
100.0,44480,7.818014672120982e-08,0.33935546875,803.8563034720719
100.0,44500,7.770492138506365e-08,0.339508056640625,804.2163832769729
100.0,44520,7.723256435497997e-08,0.33966064453125,804.5749061247334
100.0,44540,7.67630605643042e-08,0.339813232421875,804.9349853289314
100.0,44560,7.629639041370232e-08,0.3399658203125,805.292871164158
100.0,44580,7.58325391415892e-08,0.340118408203125,805.6524912179448
100.0,44600,7.53714887719238e-08,0.34027099609375,806.0106311310083
100.0,44620,7.491322257992215e-08,0.340423583984375,806.3705813679844
100.0,44640,7.445772343146477e-08,0.340576171875,806.7305330471136
100.0,44660,7.400497614691682e-08,0.340728759765625,807.0927127031609
100.0,44680,7.355496332165161e-08,0.34088134765625,807.4548127497546
100.0,44700,7.310766862126711e-08,0.341033935546875,807.8160158367828
100.0,44720,7.266307609152849e-08,0.3411865234375,808.1744919908233
100.0,44740,7.22211704461133e-08,0.341339111328125,808.5367420041002
100.0,44760,7.17819343831081e-08,0.34149169921875,808.8946118261665
100.0,44780,7.13453523487789e-08,0.341644287109375,809.2547020260245
100.0,44800,7.091140851695158e-08,0.341796875,809.6143983639777
100.0,44820,7.048008703123415e-08,0.341949462890625,809.9761538389139
100.0,44840,7.005137271394725e-08,0.34210205078125,810.3363603479229
100.0,44860,6.962524973233307e-08,0.342254638671875,810.6986981010996
100.0,44880,6.920170311227425e-08,0.3424072265625,811.0594847458415
100.0,44900,6.878071612181148e-08,0.342559814453125,811.4244537600316
100.0,44920,6.836227482742148e-08,0.34271240234375,811.788605672773
100.0,44940,6.794636343064889e-08,0.342864990234375,812.1575628607534
100.0,44960,6.753296718524528e-08,0.343017578125,812.5217548990622
100.0,44980,6.712207076965974e-08,0.343170166015625,812.8870045877993
100.0,45000,6.671365915774265e-08,0.34332275390625,813.2499905708246
100.0,45020,6.63077181976505e-08,0.343475341796875,813.6327110258862
100.0,45040,6.590423335469133e-08,0.3436279296875,813.9908296489157
100.0,45060,6.55031883629101e-08,0.343780517578125,814.350588764064
100.0,45080,6.510456997880365e-08,0.34393310546875,814.7064661020413
100.0,45100,6.47083632629337e-08,0.344085693359375,815.0659408168867
100.0,45120,6.431455459841683e-08,0.34423828125,815.4238079851493
100.0,45140,6.392312843141283e-08,0.344390869140625,815.7839378588833
100.0,45160,6.353407232569285e-08,0.34454345703125,816.1405147369951
100.0,45180,6.314737022702563e-08,0.344696044921875,816.499086142052
100.0,45200,6.276300927058214e-08,0.3448486328125,816.8554265149869
100.0,45220,6.238097543703271e-08,0.345001220703125,817.2146536000073
100.0,45240,6.200125485118285e-08,0.34515380859375,817.5717118578032
100.0,45260,6.162383249462166e-08,0.345306396484375,817.9302127361298
100.0,45280,6.1248697401656e-08,0.345458984375,818.2875696849078
100.0,45300,6.08758332828234e-08,0.345611572265625,818.6463096109219
100.0,45320,6.050522827574057e-08,0.34576416015625,819.0045612370595
100.0,45340,6.013686760092186e-08,0.345916748046875,819.3637040858157
100.0,45360,5.977073851184019e-08,0.3460693359375,819.7197912121192
100.0,45380,5.940682891735437e-08,0.346221923828125,820.0796817969531
100.0,45400,5.90451241833842e-08,0.34637451171875,820.436937096063
100.0,45420,5.868561111911993e-08,0.346527099609375,820.796995732002
100.0,45440,5.8328277577701904e-08,0.3466796875,821.15456344001
100.0,45460,5.797310953567432e-08,0.346832275390625,821.5134714068845
100.0,45480,5.762009478845581e-08,0.34698486328125,821.8699649400078
100.0,45500,5.726922077581616e-08,0.347137451171875,822.2291629351676
100.0,45520,5.6920474844013396e-08,0.3472900390625,822.5858283038251
100.0,45540,5.6573842835248645e-08,0.347442626953125,822.9446822167374
100.0,45560,5.6229313720672126e-08,0.34759521484375,823.3004651851952
100.0,45580,5.588687489389896e-08,0.347747802734375,823.6583622749895
100.0,45600,5.5546513421575625e-08,0.347900390625,824.0160023220815
100.0,45620,5.5208217357293135e-08,0.348052978515625,824.3764624278992
100.0,45640,5.48719746511754e-08,0.34820556640625,824.7329133730382
100.0,45660,5.453777162372413e-08,0.348358154296875,825.0914845978841
100.0,45680,5.420559760538736e-08,0.3485107421875,825.449162516743
100.0,45700,5.387544031048656e-08,0.348663330078125,825.8085500821471
100.0,45720,5.3547287301698894e-08,0.34881591796875,826.1670742421411
100.0,45740,5.322112728409296e-08,0.348968505859375,826.526755109895
100.0,45760,5.289694827669754e-08,0.34912109375,826.8830760959536
100.0,45780,5.257473857089082e-08,0.349273681640625,827.2437004381791
100.0,45800,5.225448594644771e-08,0.34942626953125,827.6001452747732
100.0,45820,5.1936178929077935e-08,0.349578857421875,827.9659416950308
100.0,45840,5.161980694069091e-08,0.3497314453125,828.3302048607729
100.0,45860,5.1305356834712624e-08,0.349884033203125,828.6955329477787
100.0,45880,5.099281805856542e-08,0.35003662109375,829.0573145081289
100.0,45900,5.068218023435897e-08,0.350189208984375,829.4209950338118
100.0,45920,5.037343045881156e-08,0.350341796875,829.7856560861692
100.0,45940,5.0066558849040626e-08,0.350494384765625,830.1514511038549
100.0,45960,4.976155261009724e-08,0.35064697265625,830.5098785208538
100.0,45980,4.945840340711368e-08,0.350799560546875,830.8684028009884
100.0,46000,4.91570973991459e-08,0.3509521484375,831.2251188498922
100.0,46020,4.885762543132719e-08,0.351104736328125,831.5840988261625
100.0,46040,4.8559976215432664e-08,0.35125732421875,831.9409858491272
100.0,46060,4.8264138515704885e-08,0.351409912109375,832.2991982819512
100.0,46080,4.797010164856522e-08,0.3515625,832.6554518458433
100.0,46100,4.767785594994054e-08,0.351715087890625,833.0157279800624
100.0,46120,4.738738909148483e-08,0.35186767578125,833.3730305340141
100.0,46140,4.7098692026121654e-08,0.352020263671875,833.7331656450406
100.0,46160,4.6811753718264524e-08,0.3521728515625,834.090397420805
100.0,46180,4.6526564379254274e-08,0.352325439453125,834.4500853079371
100.0,46200,4.624311268388341e-08,0.35247802734375,834.8074000189081
100.0,46220,4.5961388986180954e-08,0.352630615234375,835.1676995749585
100.0,46240,4.5681383251080005e-08,0.352783203125,835.5251136319712
100.0,46260,4.540308454446629e-08,0.352935791015625,835.8853410100564
100.0,46280,4.51264823646705e-08,0.35308837890625,836.2432729168795
100.0,46300,4.485156818925474e-08,0.353240966796875,836.6035836488008
100.0,46320,4.4578332283667645e-08,0.3533935546875,836.9667445220985
100.0,46340,4.430676243131792e-08,0.353546142578125,837.3316577598453
100.0,46360,4.4036850978130616e-08,0.35369873046875,837.6884673167951
100.0,46380,4.376858689669108e-08,0.353851318359375,838.0472711110488
100.0,46400,4.350196120522325e-08,0.35400390625,838.4051824100316
100.0,46420,4.32369641704248e-08,0.354156494140625,838.7650477099232
100.0,46440,4.2973586008029216e-08,0.35430908203125,839.1266989819705
100.0,46460,4.271181619795901e-08,0.354461669921875,839.4964937581681
100.0,46480,4.245164743648246e-08,0.3546142578125,839.8635734091513
100.0,46500,4.219306797309129e-08,0.354766845703125,840.2305856370367
100.0,46520,4.193607026730598e-08,0.35491943359375,840.5924918688834
100.0,46540,4.168064422041545e-08,0.355072021484375,840.9559012227692
100.0,46560,4.1426779690116014e-08,0.355224609375,841.3192605180666
100.0,46580,4.117446896447059e-08,0.355377197265625,841.6830640030093
100.0,46600,4.092370234866751e-08,0.35552978515625,842.0408714301884
100.0,46620,4.067447053975508e-08,0.355682373046875,842.4014037349261
100.0,46640,4.0426764312951105e-08,0.3558349609375,842.7607822180726
100.0,46660,4.0180575421736276e-08,0.355987548828125,843.1229315530509
100.0,46680,3.993589439377724e-08,0.35614013671875,843.47923899116
100.0,46700,3.969271291143288e-08,0.356292724609375,843.8381525459699
100.0,46720,3.9451021418242413e-08,0.3564453125,844.195515121799
100.0,46740,3.9210810891325794e-08,0.356597900390625,844.5556429019198
100.0,46760,3.8972073798436364e-08,0.35675048828125,844.9157846919261
100.0,46780,3.8734800526255196e-08,0.356903076171875,845.2750727110542
100.0,46800,3.849898368199317e-08,0.3570556640625,845.6327396547422
100.0,46820,3.826461340782572e-08,0.357208251953125,845.9937446387485
100.0,46840,3.803168193255243e-08,0.35736083984375,846.3528793370351
100.0,46860,3.7800180374966364e-08,0.357513427734375,846.7136828750372
100.0,46880,3.757009984183054e-08,0.357666015625,847.0713674928993
100.0,46900,3.734143320784671e-08,0.357818603515625,847.4330310011283
100.0,46920,3.7114172416420143e-08,0.35797119140625,847.7899659010582
100.0,46940,3.68883077283156e-08,0.358123779296875,848.1516266148537
100.0,46960,3.666383148603684e-08,0.3582763671875,848.5096719679423
100.0,46980,3.6440736372989467e-08,0.358428955078125,848.8701172037981
100.0,47000,3.62190134690801e-08,0.35858154296875,849.2290458288044
100.0,47020,3.599865479086414e-08,0.358734130859375,849.5880582197569
100.0,47040,3.5779652673314293e-08,0.35888671875,849.9468676410615
100.0,47060,3.5561999180936303e-08,0.359039306640625,850.3069803109393
100.0,47080,3.53456858068845e-08,0.35919189453125,850.6666321191005
100.0,47100,3.513070500526448e-08,0.359344482421875,851.0272160661407
100.0,47120,3.491704954896901e-08,0.3594970703125,851.3870230959728
100.0,47140,3.470471188820063e-08,0.359649658203125,851.7482691807672
100.0,47160,3.449368257197885e-08,0.35980224609375,852.1062252721749
100.0,47180,3.428395600484324e-08,0.359954833984375,852.4655076330528
100.0,47200,3.407552351822487e-08,0.360107421875,852.8231838089414
100.0,47220,3.386837860098503e-08,0.360260009765625,853.1834957827814
100.0,47240,3.366251088432106e-08,0.36041259765625,853.5420288247988
100.0,47260,3.345791650415003e-08,0.360565185546875,853.9020453430712
100.0,47280,3.3254585345868936e-08,0.3607177734375,854.2626889818348
100.0,47300,3.305251199995711e-08,0.360870361328125,854.6237904089503
100.0,47320,3.285168765325165e-08,0.36102294921875,854.9821748370305
100.0,47340,3.2652106039539704e-08,0.361175537109375,855.3438754659146
100.0,47360,3.2453759276936515e-08,0.361328125,855.7009298787452
100.0,47380,3.2256641069066104e-08,0.361480712890625,856.0599791598506
100.0,47400,3.206074283504896e-08,0.36163330078125,856.4172994280234
100.0,47420,3.186605879244717e-08,0.361785888671875,856.7780327000655
100.0,47440,3.167258034395953e-08,0.3619384765625,857.135997782927
100.0,47460,3.148030303505856e-08,0.362091064453125,857.4968990851194
100.0,47480,3.1289217827679955e-08,0.36224365234375,857.8566327048466
100.0,47500,3.1099317662339125e-08,0.362396240234375,858.2173055130988
100.0,47520,3.0910596667198656e-08,0.362548828125,858.5753207351081
100.0,47540,3.0723048445988475e-08,0.362701416015625,858.9352919911034
100.0,47560,3.053666443775466e-08,0.36285400390625,859.296637413092
100.0,47580,3.035143930828181e-08,0.363006591796875,859.6595533499494
100.0,47600,3.016736579747073e-08,0.3631591796875,860.0186606799252
100.0,47620,2.9984437747848244e-08,0.363311767578125,860.379604099784
100.0,47640,2.980264741300811e-08,0.36346435546875,860.7380352527834
100.0,47660,2.9621989082106433e-08,0.363616943359375,861.0999433058314
100.0,47680,2.944245594266954e-08,0.36376953125,861.457950796932
100.0,47700,2.9264042051839584e-08,0.363922119140625,861.8196821790189
100.0,47720,2.908673996436929e-08,0.36407470703125,862.1778445630334
100.0,47740,2.8910544558498142e-08,0.364227294921875,862.5378618119285
100.0,47760,2.873544736684673e-08,0.3643798828125,862.8961090217344
100.0,47780,2.856144431199634e-08,0.364532470703125,863.2565489709377
100.0,47800,2.838852809136106e-08,0.36468505859375,863.6151819401421
100.0,47820,2.8216692126606304e-08,0.364837646484375,863.9765825481154
100.0,47840,2.8045929952611887e-08,0.364990234375,864.3385039800778
100.0,47860,2.7876236215200347e-08,0.365142822265625,864.7037393101491
100.0,47880,2.7707604869483134e-08,0.36529541015625,865.0683346111327
100.0,47900,2.7540030138230387e-08,0.365447998046875,865.4381897309795
100.0,47920,2.7373504277123787e-08,0.3656005859375,865.8008367088623
100.0,47940,2.7208022984410192e-08,0.365753173828125,866.1695326869376
100.0,47960,2.7043578446077737e-08,0.36590576171875,866.5327885509469
100.0,47980,2.6880165832606222e-08,0.366058349609375,866.895810993854
100.0,48000,2.6717779151158863e-08,0.3662109375,867.2568993829191
100.0,48020,2.6556413414688976e-08,0.366363525390625,867.6177128949203
100.0,48040,2.6396060582553755e-08,0.36651611328125,867.976715550758
100.0,48060,2.623671631619526e-08,0.366668701171875,868.3386382050812
100.0,48080,2.607837454784319e-08,0.3668212890625,868.6990112331696
100.0,48100,2.5921030784444016e-08,0.366973876953125,869.0605543358251
100.0,48120,2.576467676970213e-08,0.36712646484375,869.4180723149329
100.0,48140,2.560930921175776e-08,0.367279052734375,869.7821750999428
100.0,48160,2.5454921390945628e-08,0.367431640625,870.1409881371073
100.0,48180,2.530150701008402e-08,0.367584228515625,870.50112187583
100.0,48200,2.5149061446950876e-08,0.36773681640625,870.8584021087736
100.0,48220,2.499757943100115e-08,0.367889404296875,871.2193792248145
100.0,48240,2.4847054665879763e-08,0.3680419921875,871.5767338909209
100.0,48260,2.469748224911987e-08,0.368194580078125,871.9353948989883
100.0,48280,2.4548856378745363e-08,0.36834716796875,872.2932224627584
100.0,48300,2.4401172454896632e-08,0.368499755859375,872.652457838878
100.0,48320,2.425442386406783e-08,0.36865234375,873.01115282299
100.0,48340,2.4108606288814344e-08,0.368804931640625,873.3706876100041
100.0,48360,2.3963714273954268e-08,0.36895751953125,873.7292030891404
100.0,48380,2.3819741513261223e-08,0.369110107421875,874.0893347649835
100.0,48400,2.3676685199943252e-08,0.3692626953125,874.4480863870122
100.0,48420,2.3534537257051312e-08,0.369415283203125,874.8138371137902
100.0,48440,2.3393294068600018e-08,0.36956787109375,875.1778542720713
100.0,48460,2.3252950367394675e-08,0.369720458984375,875.5446859528311
100.0,48480,2.31135004718595e-08,0.369873046875,875.9092103871517
100.0,48500,2.2974941111418482e-08,0.370025634765625,876.2766410089098
100.0,48520,2.2837265893941274e-08,0.37017822265625,876.6429421221837
100.0,48540,2.270046929210819e-08,0.370330810546875,877.0119772758335
100.0,48560,2.2564546821693194e-08,0.3704833984375,877.3761158809066
100.0,48580,2.242949373217336e-08,0.370635986328125,877.7444344121031
100.0,48600,2.2295305799475088e-08,0.37078857421875,878.1105279987678
100.0,48620,2.216197654289656e-08,0.370941162109375,878.4721323759295
100.0,48640,2.2029502673469398e-08,0.37109375,878.8310893499292
100.0,48660,2.189787842617425e-08,0.371246337890625,879.1923134657554
100.0,48680,2.17670994223495e-08,0.37139892578125,879.5507765817456
100.0,48700,2.163716110730368e-08,0.371551513671875,879.911674099043
100.0,48720,2.150805799414409e-08,0.3717041015625,880.2699044458568
100.0,48740,2.1379786169299213e-08,0.371856689453125,880.6316883591935
100.0,48760,2.1252340435936676e-08,0.37200927734375,880.9910861579701
100.0,48780,2.1125716050345857e-08,0.372161865234375,881.3535640737973
100.0,48800,2.099990992156476e-08,0.372314453125,881.7140714358538
100.0,48820,2.087491415783143e-08,0.372467041015625,882.0753404730931
100.0,48840,2.075072848695129e-08,0.37261962890625,882.4355899910443
100.0,48860,2.062734523509706e-08,0.372772216796875,882.7984233340248
100.0,48880,2.0504761277225794e-08,0.3729248046875,883.158568689134
100.0,48900,2.0382971389774574e-08,0.373077392578125,883.5203676829115
100.0,48920,2.026197174706478e-08,0.37322998046875,883.8788748998195
100.0,48940,2.0141758425028515e-08,0.373382568359375,884.240816609934
100.0,48960,2.0022325510492927e-08,0.37353515625,884.5993010359816
100.0,48980,1.9903670162794582e-08,0.373687744140625,884.9613149650395
100.0,49000,1.9785787200104844e-08,0.37384033203125,885.3206763737835
100.0,49020,1.9668672791140062e-08,0.373992919921875,885.682632392738
100.0,49040,1.9552322133814327e-08,0.3741455078125,886.0425380701199
100.0,49060,1.943673132021833e-08,0.374298095703125,886.4043819950894
100.0,49080,1.9321896171482954e-08,0.37445068359375,886.7641717321239
100.0,49100,1.9207811827655932e-08,0.374603271484375,887.1257303659804
100.0,49120,1.9094475603372778e-08,0.374755859375,887.4847921337932
100.0,49140,1.8981882140400624e-08,0.374908447265625,887.8451631288044
100.0,49160,1.887002828028806e-08,0.37506103515625,888.2036932571791
100.0,49180,1.8758908810793668e-08,0.375213623046875,888.5645912447944
100.0,49200,1.864852025757845e-08,0.3753662109375,888.9223901098594
100.0,49220,1.8538858983931907e-08,0.375518798828125,889.2838913551532
100.0,49240,1.8429920297224948e-08,0.37567138671875,889.6424468578771
100.0,49260,1.8321700107495532e-08,0.375823974609375,890.0012677661143
100.0,49280,1.8214195556215834e-08,0.3759765625,890.3578947619535
100.0,49300,1.810740209155324e-08,0.376129150390625,890.7186578251421
100.0,49320,1.800131452344828e-08,0.37628173828125,891.0774364839308
100.0,49340,1.789593147870313e-08,0.376434326171875,891.4388702367432
100.0,49360,1.7791247615994255e-08,0.3765869140625,891.7980272360146
100.0,49380,1.7687259070442203e-08,0.376739501953125,892.1594420727342
100.0,49400,1.758396182650322e-08,0.37689208984375,892.5186630189419
100.0,49420,1.748135299796992e-08,0.377044677734375,892.8789019421674
100.0,49440,1.737942799929722e-08,0.377197265625,893.236896396149
100.0,49460,1.727818476818758e-08,0.377349853515625,893.596048287116
100.0,49480,1.717761653171427e-08,0.37750244140625,893.9553717137314
100.0,49500,1.7077721721159927e-08,0.377655029296875,894.31521105906
100.0,49520,1.6978497418198408e-08,0.3778076171875,894.6736806039698
100.0,49540,1.6879938013198255e-08,0.377960205078125,895.0350951408036
100.0,49560,1.6782040671830492e-08,0.37811279296875,895.3928303979337
100.0,49580,1.6684802110387805e-08,0.378265380859375,895.7528133997694
100.0,49600,1.6588219185059384e-08,0.37841796875,896.1094765770249
100.0,49620,1.6492285957385896e-08,0.378570556640625,896.4681729828008
100.0,49640,1.639700184485282e-08,0.37872314453125,896.8259752029553
100.0,49660,1.6302361987471882e-08,0.378875732421875,897.1888606180437
100.0,49680,1.620836327387904e-08,0.3790283203125,897.5507077281363
100.0,49700,1.6115001664027898e-08,0.379180908203125,897.912464404013
100.0,49720,1.6022274199464894e-08,0.37933349609375,898.2744867447764
100.0,49740,1.5930177042977937e-08,0.379486083984375,898.634189331904
100.0,49760,1.583870754466486e-08,0.379638671875,898.9926638640463
100.0,49780,1.574786113508901e-08,0.379791259765625,899.3540532058105
100.0,49800,1.565763567825199e-08,0.37994384765625,899.7194482651539
100.0,49820,1.5568027439020644e-08,0.380096435546875,900.0825899117626
100.0,49840,1.5479033032537116e-08,0.3802490234375,900.4434684929438
100.0,49860,1.539064849098165e-08,0.380401611328125,900.8074110881425
100.0,49880,1.5302870951974423e-08,0.38055419921875,901.1660196939483
100.0,49900,1.521569851400612e-08,0.380706787109375,901.5282266680151
100.0,49920,1.5129126351684073e-08,0.380859375,901.8872916810215
100.0,49940,1.5043151134225284e-08,0.381011962890625,902.2505262647755
100.0,49960,1.4957770677492973e-08,0.38116455078125,902.6100448500365
100.0,49980,1.4872981341727264e-08,0.381317138671875,902.9724487639032
100.0,50000,1.4788779650792873e-08,0.3814697265625,903.3305309480056
100.0,50020,1.4705163333111865e-08,0.381622314453125,903.7139779091813
100.0,50040,1.4622128192661948e-08,0.38177490234375,904.0733702308498
100.0,50060,1.4539671714563015e-08,0.381927490234375,904.4328001937829
100.0,50080,1.4457792211815111e-08,0.382080078125,904.7906232820824
100.0,50100,1.4376483384491695e-08,0.382232666015625,905.1494105928577
100.0,50120,1.4295745375441629e-08,0.38238525390625,905.5075342538767
100.0,50140,1.4215572707527445e-08,0.382537841796875,905.866011228878
100.0,50160,1.4135963624523799e-08,0.3826904296875,906.2262667347677
100.0,50180,1.405691493724387e-08,0.382843017578125,906.5908902450465
100.0,50200,1.3978423730224992e-08,0.38299560546875,906.9508834509179
100.0,50220,1.3900487300015707e-08,0.383148193359375,907.3155517531559
100.0,50240,1.3823103281385022e-08,0.38330078125,907.6749652028084
100.0,50260,1.3746266425077342e-08,0.383453369140625,908.0385303110816
100.0,50280,1.3669976035613745e-08,0.38360595703125,908.399359493982
100.0,50300,1.3594227947327624e-08,0.383758544921875,908.7583479420282
100.0,50320,1.3519020165604541e-08,0.3839111328125,909.1163506559096
100.0,50340,1.3444349737548847e-08,0.384063720703125,909.4767383839935
100.0,50360,1.33702135383944e-08,0.38421630859375,909.8336692568846
100.0,50380,1.3296608737323543e-08,0.384368896484375,910.1939959311858
100.0,50400,1.3223532770523232e-08,0.384521484375,910.5530716381036
100.0,50420,1.3150982103401003e-08,0.384674072265625,910.915411495138
100.0,50440,1.3078954764140703e-08,0.38482666015625,911.2779517057352
100.0,50460,1.3007447573585604e-08,0.384979248046875,911.6433317638002
100.0,50480,1.2936458589640307e-08,0.3851318359375,912.0034646219574
100.0,50500,1.286598476570967e-08,0.385284423828125,912.3653595480137
100.0,50520,1.2796022127869721e-08,0.38543701171875,912.7260555578396
100.0,50540,1.2726569866048316e-08,0.385589599609375,913.0889992630109
100.0,50560,1.2657624339141316e-08,0.3857421875,913.4508607531898
100.0,50580,1.2589183272357315e-08,0.385894775390625,913.8143589887768
100.0,50600,1.2521242327014691e-08,0.38604736328125,914.172947878018
100.0,50620,1.245380159105688e-08,0.386199951171875,914.5375108248554
100.0,50640,1.2386856957115201e-08,0.3863525390625,914.8986536189914
100.0,50660,1.2320405381078643e-08,0.386505126953125,915.2647890639491
100.0,50680,1.2254444897498921e-08,0.38665771484375,915.6224849969149
100.0,50700,1.2188973955726058e-08,0.386810302734375,915.9824127741158
100.0,50720,1.2123988236247074e-08,0.386962890625,916.3401268520392
100.0,50740,1.2059485484565505e-08,0.387115478515625,916.7002102020197
100.0,50760,1.1995464633243309e-08,0.38726806640625,917.0583522580564
100.0,50780,1.1931921791769049e-08,0.387420654296875,917.4184919148684
100.0,50800,1.1868853609425235e-08,0.3875732421875,917.776492476929
100.0,50820,1.1806260461770846e-08,0.387725830078125,918.1364484308288
100.0,50840,1.1744138066957687e-08,0.38787841796875,918.4931321260519
100.0,50860,1.1682483247923932e-08,0.388031005859375,918.8517184508964
100.0,50880,1.1621294521725619e-08,0.38818359375,919.2086580768228
100.0,50900,1.1560568712176108e-08,0.388336181640625,919.5693623488769
100.0,50920,1.1500305077928533e-08,0.38848876953125,919.9260978838429
100.0,50940,1.1440499727666855e-08,0.388641357421875,920.2856795657426
100.0,50960,1.1381150053039004e-08,0.3887939453125,920.6435267971829
100.0,50980,1.1322254578948983e-08,0.388946533203125,921.0031691519544
100.0,51000,1.1263811011138756e-08,0.38909912109375,921.3601364050992
100.0,51020,1.1205815703116357e-08,0.389251708984375,921.7204660330899
100.0,51040,1.1148268609222465e-08,0.389404296875,922.0778890419751
100.0,51060,1.1091164057032054e-08,0.389556884765625,922.4377901819535
100.0,51080,1.1034502786292877e-08,0.38970947265625,922.7955780811608
100.0,51100,1.0978280482308485e-08,0.389862060546875,923.154875301756
100.0,51120,1.0922495993230689e-08,0.3900146484375,923.5123798227869
100.0,51140,1.0867146871253124e-08,0.390167236328125,923.871620005928
100.0,51160,1.0812230307818002e-08,0.39031982421875,924.2285611140542
100.0,51180,1.0757744501945146e-08,0.390472412109375,924.5882676560432
100.0,51200,1.070368663342751e-08,0.390625,924.9454930238426
100.0,51220,1.065005453796872e-08,0.390777587890625,925.3044981840067
100.0,51240,1.0596846135115122e-08,0.39093017578125,925.6615016278811
100.0,51260,1.0544060485638506e-08,0.391082763671875,926.0211454238743
100.0,51280,1.0491693127253673e-08,0.3912353515625,926.3778020418249
100.0,51300,1.043974257907178e-08,0.391387939453125,926.7368561187759
100.0,51320,1.0388206953297169e-08,0.39154052734375,927.0947812269442
100.0,51340,1.0337084257297634e-08,0.391693115234375,927.4560137237422
100.0,51360,1.0286372115595814e-08,0.391845703125,927.8161781150848
100.0,51380,1.0236068523249106e-08,0.391998291015625,928.178737451788
100.0,51400,1.018616981557685e-08,0.39215087890625,928.5386055968702
100.0,51420,1.0136676313538248e-08,0.392303466796875,928.9005265678279
100.0,51440,1.0087583155781188e-08,0.3924560546875,929.2611348778009
100.0,51460,1.0038891368189395e-08,0.392608642578125,929.6279720771126
100.0,51480,9.990596361573353e-09,0.39276123046875,929.9899017801508
